# monza_racer telemetry — Lotus 49 @ monza
# t	lap	lapdist	kmh	thr	brk	steer	clu	gear	rpm	x	z	lat	along	ontrack
0.15	0	1.4	0.0	0.0	0.0	-0.0	1.0	1	1954	294.2	-511.4	-0.0	1.39	1
0.27	0	0.0	0.0	0.0	0.0	-0.0	1.0	1	1953	294.2	-511.4	-0.0	0.0	1
0.37	0	0.0	0.0	0.0	0.0	-0.0	1.0	1	1953	294.2	-511.4	-0.0	0.0	1
0.47	0	0.0	0.0	0.0	0.0	-0.0	1.0	1	1953	294.2	-511.4	-0.0	0.0	1
0.57	0	0.0	0.0	0.0	0.0	-0.0	1.0	1	1953	294.2	-511.4	-0.0	0.0	1
0.67	0	0.0	0.0	0.0	0.0	-0.0	1.0	1	1953	294.2	-511.4	-0.0	0.0	1
0.77	0	0.0	0.0	0.0	0.0	-0.0	1.0	1	1953	294.2	-511.4	-0.0	0.0	1
0.87	0	0.0	0.0	0.0	0.0	-0.0	1.0	1	1953	294.2	-511.4	-0.0	0.0	1
0.97	0	0.0	0.0	0.0	0.0	-0.0	1.0	1	1953	294.2	-511.4	-0.0	0.0	1
1.07	0	0.0	0.0	0.0	0.0	-0.0	1.0	1	1953	294.2	-511.4	-0.0	0.0	1
1.17	0	0.0	0.0	0.0	0.0	-0.0	1.0	1	1953	294.2	-511.4	-0.0	0.0	1
1.27	0	0.0	0.0	0.0	0.0	-0.0	1.0	1	1953	294.2	-511.4	-0.0	0.0	1
1.37	0	0.0	0.0	0.0	0.0	-0.0	1.0	1	1953	294.2	-511.4	-0.0	0.0	1
1.5	0	0.0	0.0	0.0	0.0	-0.0	1.0	1	1953	294.2	-511.4	-0.0	0.0	1
1.59	0	0.0	0.0	0.0	0.0	-0.0	1.0	1	1953	294.2	-511.4	-0.0	0.0	1
1.69	0	0.0	0.0	0.0	0.0	-0.0	1.0	1	1953	294.2	-511.4	-0.0	0.0	1
1.79	0	0.0	0.0	0.0	0.0	-0.0	1.0	1	1953	294.2	-511.4	-0.0	0.0	1
1.89	0	0.0	0.0	0.0	0.0	-0.0	1.0	1	1953	294.2	-511.4	-0.0	0.0	1
1.99	0	0.0	0.0	0.0	0.0	-0.0	1.0	1	1953	294.2	-511.4	-0.0	0.0	1
2.09	0	0.0	0.0	0.0	0.0	-0.0	1.0	1	1953	294.2	-511.4	-0.0	0.0	1
2.19	0	0.0	0.0	0.0	0.0	-0.0	1.0	1	1953	294.2	-511.4	-0.0	0.0	1
2.29	0	0.0	0.0	0.0	0.0	-0.0	1.0	1	1953	294.2	-511.4	-0.0	0.0	1
2.39	0	0.0	0.0	0.0	0.0	-0.0	1.0	1	1953	294.2	-511.4	-0.0	0.0	1
2.49	0	0.0	0.0	0.0	0.0	-0.0	1.0	1	1953	294.2	-511.4	-0.0	0.0	1
2.59	0	0.0	0.0	0.0	0.0	-0.0	1.0	1	1953	294.2	-511.4	-0.0	0.0	1
2.69	0	0.0	0.0	0.0	0.0	-0.0	1.0	1	1953	294.2	-511.4	-0.0	0.0	1
2.79	0	0.0	0.0	0.0	0.0	-0.0	1.0	1	1953	294.2	-511.4	-0.0	0.0	1
2.89	0	0.0	0.0	0.0	0.0	-0.0	1.0	1	1953	294.2	-511.4	-0.0	0.0	1
2.99	0	0.0	0.0	0.0	0.0	-0.0	1.0	1	1953	294.2	-511.4	-0.0	0.0	1
3.09	0	0.0	0.0	0.0	0.0	-0.0	1.0	1	1953	294.2	-511.4	-0.0	0.0	1
3.19	0	0.0	0.0	0.0	0.0	-0.0	1.0	1	1953	294.2	-511.4	-0.0	0.0	1
3.29	0	0.0	0.0	0.0	0.0	-0.0	1.0	1	1953	294.2	-511.4	-0.0	0.0	1
3.39	0	0.0	0.0	0.0	0.0	-0.0	1.0	1	1953	294.2	-511.4	-0.0	0.0	1
3.49	0	0.0	0.0	0.0	0.0	-0.0	1.0	1	1953	294.2	-511.4	-0.0	0.0	1
3.59	0	0.0	0.0	0.0	0.0	-0.0	1.0	1	1953	294.2	-511.4	-0.0	0.0	1
3.69	0	0.0	0.0	0.0	0.0	-0.0	1.0	1	1953	294.2	-511.4	-0.0	0.0	1
3.82	0	0.0	0.0	0.0	0.0	-0.0	1.0	1	1953	294.2	-511.4	-0.0	0.0	1
3.9	0	0.0	0.0	0.0	0.0	-0.0	1.0	1	1953	294.2	-511.4	-0.0	0.0	1
4.0	0	0.0	0.0	0.0	0.0	-0.0	1.0	1	1953	294.2	-511.4	-0.0	0.0	1
4.1	0	0.0	0.0	0.0	0.0	-0.0	1.0	1	1953	294.2	-511.4	-0.0	0.0	1
4.2	0	0.0	0.0	0.0	0.0	-0.0	1.0	1	1953	294.2	-511.4	-0.0	0.0	1
4.3	0	0.0	0.0	0.0	0.0	-0.0	1.0	1	1953	294.2	-511.4	-0.0	0.0	1
4.4	0	0.0	0.0	0.0	0.0	-0.0	1.0	1	1953	294.2	-511.4	-0.0	0.0	1
4.5	0	0.0	0.0	0.0	0.0	-0.0	1.0	1	1953	294.2	-511.4	-0.0	0.0	1
4.6	0	0.0	0.0	0.0	0.0	-0.0	1.0	1	1953	294.2	-511.4	-0.0	0.0	1
4.7	0	0.0	0.0	0.0	0.0	-0.0	1.0	1	1953	294.2	-511.4	-0.0	0.0	1
4.8	0	0.0	0.0	0.0	0.0	-0.0	1.0	1	1953	294.2	-511.4	-0.0	0.0	1
4.9	0	0.0	0.0	0.0	0.0	-0.0	1.0	1	1953	294.2	-511.4	-0.0	0.0	1
5.0	0	0.0	0.0	0.0	0.0	-0.0	1.0	1	1953	294.2	-511.4	-0.0	0.0	1
5.1	0	0.0	0.0	0.0	0.0	-0.0	1.0	1	1953	294.2	-511.4	-0.0	0.0	1
5.2	0	0.0	0.0	0.0	0.0	-0.0	1.0	1	1953	294.2	-511.4	-0.0	0.0	1
5.31	0	0.0	0.0	0.0	0.0	-0.0	1.0	1	1953	294.2	-511.4	-0.0	0.0	1
5.41	0	0.0	0.0	0.0	0.0	-0.0	1.0	1	1953	294.2	-511.4	-0.0	0.0	1
5.51	0	0.0	0.0	0.0	0.0	-0.0	1.0	1	1953	294.2	-511.4	-0.0	0.0	1
5.61	0	0.0	0.0	0.0	0.0	-0.0	1.0	1	1953	294.2	-511.4	-0.0	0.0	1
5.71	0	0.0	0.0	0.0	0.0	-0.0	1.0	1	1953	294.2	-511.4	-0.0	0.0	1
5.81	0	0.0	0.0	0.0	0.0	-0.0	1.0	1	1953	294.2	-511.4	-0.0	0.0	1
5.91	0	0.0	0.0	0.0	0.0	-0.0	1.0	1	1953	294.2	-511.4	-0.0	0.0	1
6.03	0	0.0	0.0	0.0	0.0	-0.0	1.0	1	1953	294.2	-511.4	-0.0	0.0	1
6.13	0	0.0	0.0	0.0	0.0	-0.0	1.0	1	1953	294.2	-511.4	-0.0	0.0	1
6.23	0	0.0	0.0	0.0	0.0	-0.0	1.0	1	1953	294.2	-511.4	-0.0	0.0	1
6.33	0	0.0	0.0	0.0	0.0	-0.0	1.0	1	1953	294.2	-511.4	-0.0	0.0	1
6.45	0	0.0	0.0	0.0	0.0	-0.0	1.0	1	1953	294.2	-511.4	-0.0	0.0	1
6.53	0	0.0	0.0	0.0	0.0	-0.0	1.0	1	1953	294.2	-511.4	-0.0	0.0	1
6.63	0	0.0	0.0	0.0	0.0	-0.0	1.0	1	1953	294.2	-511.4	-0.0	0.0	1
6.73	0	0.0	0.0	0.0	0.0	-0.0	1.0	1	1953	294.2	-511.4	-0.0	0.0	1
6.83	0	0.0	0.0	0.0	0.0	-0.0	1.0	1	1953	294.2	-511.4	-0.0	0.0	1
6.93	0	0.0	0.0	0.0	0.0	-0.0	1.0	1	1953	294.2	-511.4	-0.0	0.0	1
7.03	0	0.0	0.0	0.0	0.0	-0.0	1.0	1	1953	294.2	-511.4	-0.0	0.0	1
7.13	0	0.0	0.0	0.0	0.0	-0.0	1.0	1	1953	294.2	-511.4	-0.0	0.0	1
7.23	0	0.0	0.0	0.0	0.0	-0.0	1.0	1	1953	294.2	-511.4	-0.0	0.0	1
7.35	0	0.0	0.0	0.0	0.0	-0.0	1.0	1	1953	294.2	-511.4	-0.0	0.0	1
7.45	0	0.0	0.0	0.0	0.0	-0.0	1.0	1	1953	294.2	-511.4	-0.0	0.0	1
7.55	0	0.0	0.0	0.0	0.0	-0.0	1.0	1	1953	294.2	-511.4	-0.0	0.0	1
7.65	0	0.0	0.0	0.0	0.0	-0.0	1.0	1	1953	294.2	-511.4	-0.0	0.0	1
7.75	0	0.0	0.0	0.0	0.0	-0.0	1.0	1	1953	294.2	-511.4	-0.0	0.0	1
7.85	0	0.0	0.0	0.0	0.0	-0.0	1.0	1	1953	294.2	-511.4	-0.0	0.0	1
7.95	0	0.0	0.0	0.0	0.0	-0.0	1.0	1	1953	294.2	-511.4	-0.0	0.0	1
8.05	0	0.0	0.0	0.0	0.0	-0.0	1.0	1	1953	294.2	-511.4	-0.0	0.0	1
8.15	0	0.0	0.0	0.0	0.0	-0.0	1.0	1	1953	294.2	-511.4	-0.0	0.0	1
8.25	0	0.0	0.0	0.0	0.0	-0.0	1.0	1	1953	294.2	-511.4	-0.0	0.0	1
8.35	0	0.0	0.0	0.0	0.0	-0.0	1.0	1	1953	294.2	-511.4	-0.0	0.0	1
8.45	0	0.0	0.0	0.0	0.0	-0.0	1.0	1	1953	294.2	-511.4	-0.0	0.0	1
8.55	0	0.0	0.0	0.0	0.0	-0.0	1.0	1	1953	294.2	-511.4	-0.0	0.0	1
8.65	0	0.0	0.0	0.0	0.0	-0.0	1.0	1	1953	294.2	-511.4	-0.0	0.0	1
8.75	0	0.0	0.0	0.0	0.0	-0.0	1.0	1	1953	294.2	-511.4	-0.0	0.0	1
8.85	0	0.0	0.0	0.0	0.0	-0.0	1.0	1	1953	294.2	-511.4	-0.0	0.0	1
8.95	0	0.0	0.0	0.0	0.0	-0.0	1.0	1	1953	294.2	-511.4	-0.0	0.0	1
9.05	0	0.0	0.0	0.0	0.0	-0.0	1.0	1	1953	294.2	-511.4	-0.0	0.0	1
9.17	0	0.0	0.0	0.0	0.0	-0.0	1.0	1	1953	294.2	-511.4	-0.0	0.0	1
9.28	0	0.0	0.0	0.0	0.0	-0.0	1.0	1	1953	294.2	-511.4	-0.0	0.0	1
9.38	0	0.0	0.0	0.0	0.0	-0.0	1.0	1	1953	294.2	-511.4	-0.0	0.0	1
9.48	0	0.0	0.0	0.0	0.0	-0.0	1.0	1	1953	294.2	-511.4	-0.0	0.0	1
9.58	0	0.0	0.0	0.0	0.0	-0.0	1.0	1	1953	294.2	-511.4	-0.0	0.0	1
9.68	0	0.0	0.0	0.0	0.0	-0.0	1.0	1	1953	294.2	-511.4	-0.0	0.0	1
9.78	0	0.0	0.0	0.0	0.0	-0.0	1.0	1	1953	294.2	-511.4	-0.0	0.0	1
9.88	0	0.0	0.0	0.0	0.0	-0.0	1.0	1	1953	294.2	-511.4	-0.0	0.0	1
9.98	0	0.0	0.0	0.0	0.0	-0.0	1.0	1	1953	294.2	-511.4	-0.0	0.0	1
10.08	0	0.0	0.0	0.0	0.0	-0.0	1.0	1	1953	294.2	-511.4	-0.0	0.0	1
10.18	0	0.0	0.0	0.0	0.0	-0.0	1.0	1	1953	294.2	-511.4	-0.0	0.0	1
10.28	0	0.0	0.0	0.0	0.0	-0.0	1.0	1	1953	294.2	-511.4	-0.0	0.0	1
10.38	0	0.0	0.0	0.0	0.0	-0.0	1.0	1	1953	294.2	-511.4	-0.0	0.0	1
10.48	0	0.0	0.0	0.0	0.0	-0.0	1.0	1	1953	294.2	-511.4	-0.0	0.0	1
10.58	0	0.0	0.0	0.0	0.0	-0.0	1.0	1	1953	294.2	-511.4	-0.0	0.0	1
10.68	0	0.0	0.0	0.0	0.0	-0.0	1.0	1	1953	294.2	-511.4	-0.0	0.0	1
10.78	0	0.0	0.0	0.0	0.0	-0.0	1.0	1	1953	294.2	-511.4	-0.0	0.0	1
10.88	0	0.0	0.0	0.0	0.0	-0.0	1.0	1	1953	294.2	-511.4	-0.0	0.0	1
10.98	0	0.0	0.0	0.0	0.0	-0.0	1.0	1	1953	294.2	-511.4	-0.0	0.0	1
11.08	0	0.0	0.0	0.0	0.0	-0.0	1.0	1	1953	294.2	-511.4	-0.0	0.0	1
11.18	0	0.0	0.0	0.0	0.0	-0.0	1.0	1	1953	294.2	-511.4	-0.0	0.0	1
11.28	0	0.0	0.0	0.0	0.0	-0.0	1.0	1	1953	294.2	-511.4	-0.0	0.0	1
11.38	0	0.0	0.0	0.0	0.0	-0.0	1.0	1	1953	294.2	-511.4	-0.0	0.0	1
11.48	0	0.0	0.0	0.0	0.0	-0.0	1.0	1	1953	294.2	-511.4	-0.0	0.0	1
11.58	0	0.0	0.0	0.0	0.0	-0.0	1.0	1	1953	294.2	-511.4	-0.0	0.0	1
11.68	0	0.0	0.0	0.0	0.0	-0.0	1.0	1	1953	294.2	-511.4	-0.0	0.0	1
11.78	0	0.0	0.0	0.0	0.0	-0.0	1.0	1	1953	294.2	-511.4	-0.0	0.0	1
11.88	0	0.0	0.0	0.0	0.0	-0.0	1.0	1	1953	294.2	-511.4	-0.0	0.0	1
11.99	0	0.0	0.0	0.0	0.0	-0.0	1.0	1	1953	294.2	-511.4	-0.0	0.0	1
12.1	0	0.0	0.0	0.0	0.0	-0.0	1.0	1	1953	294.2	-511.4	-0.0	0.0	1
12.2	0	0.0	0.0	0.0	0.0	-0.0	1.0	1	1953	294.2	-511.4	-0.0	0.0	1
12.3	0	0.0	0.0	0.0	0.0	-0.0	1.0	1	1953	294.2	-511.4	-0.0	0.0	1
12.4	0	0.0	0.0	0.0	0.0	-0.0	1.0	1	1953	294.2	-511.4	-0.0	0.0	1
12.5	0	0.0	0.0	0.0	0.0	-0.0	1.0	1	1953	294.2	-511.4	-0.0	0.0	1
12.6	0	0.0	0.0	0.0	0.0	-0.0	1.0	1	1953	294.2	-511.4	-0.0	0.0	1
12.7	0	0.0	0.0	0.0	0.0	-0.0	1.0	1	1953	294.2	-511.4	-0.0	0.0	1
12.8	0	0.0	0.0	0.0	0.0	-0.0	1.0	1	1953	294.2	-511.4	-0.0	0.0	1
12.9	0	0.0	0.0	0.0	0.0	-0.0	1.0	1	1953	294.2	-511.4	-0.0	0.0	1
13.0	0	0.0	0.0	0.0	0.0	-0.0	1.0	1	1953	294.2	-511.4	-0.0	0.0	1
13.1	0	0.0	0.0	0.0	0.0	-0.0	1.0	1	1953	294.2	-511.4	-0.0	0.0	1
13.2	0	0.0	0.0	0.0	0.0	-0.0	1.0	1	1953	294.2	-511.4	-0.0	0.0	1
13.3	0	0.0	0.0	0.0	0.0	-0.0	1.0	1	1953	294.2	-511.4	-0.0	0.0	1
13.4	0	0.0	0.0	0.0	0.0	-0.0	1.0	1	1953	294.2	-511.4	-0.0	0.0	1
13.5	0	0.0	0.0	0.0	0.0	-0.0	1.0	1	1953	294.2	-511.4	-0.0	0.0	1
13.6	0	0.0	0.0	0.0	0.0	-0.0	1.0	1	1953	294.2	-511.4	-0.0	0.0	1
13.7	0	0.0	0.0	0.0	0.0	-0.0	1.0	1	1953	294.2	-511.4	-0.0	0.0	1
13.8	0	0.0	0.0	0.0	0.0	-0.0	1.0	1	1953	294.2	-511.4	-0.0	0.0	1
13.9	0	0.0	0.0	0.0	0.0	-0.0	1.0	1	1953	294.2	-511.4	-0.0	0.0	1
14.0	0	0.0	0.0	0.0	0.0	-0.0	1.0	1	1953	294.2	-511.4	-0.0	0.0	1
14.1	0	0.0	0.0	0.0	0.0	-0.0	1.0	1	1953	294.2	-511.4	-0.0	0.0	1
14.2	0	0.0	0.0	0.0	0.0	-0.0	1.0	1	1953	294.2	-511.4	-0.0	0.0	1
14.3	0	0.0	0.0	0.0	0.0	-0.0	1.0	1	1953	294.2	-511.4	-0.0	0.0	1
14.4	0	0.0	0.0	0.0	0.0	-0.0	1.0	1	1953	294.2	-511.4	-0.0	0.0	1
14.5	0	0.0	0.0	0.0	0.0	-0.0	1.0	1	1953	294.2	-511.4	-0.0	0.0	1
14.6	0	0.0	0.0	0.0	0.0	-0.0	1.0	1	1953	294.2	-511.4	-0.0	0.0	1
14.7	0	0.0	0.0	0.0	0.0	-0.0	1.0	1	1953	294.2	-511.4	-0.0	0.0	1
14.83	0	0.0	0.0	0.0	0.0	-0.0	1.0	1	1953	294.2	-511.4	-0.0	0.0	1
14.93	0	0.0	0.0	0.0	0.0	-0.0	1.0	1	1953	294.2	-511.4	-0.0	0.0	1
15.03	0	0.0	0.0	0.0	0.0	-0.0	1.0	1	1953	294.2	-511.4	-0.0	0.0	1
15.13	0	0.0	0.0	0.0	0.0	-0.0	1.0	1	1953	294.2	-511.4	-0.0	0.0	1
15.23	0	0.0	0.0	0.0	0.0	-0.0	1.0	1	1953	294.2	-511.4	-0.0	0.0	1
15.33	0	0.0	0.0	0.0	0.0	-0.0	1.0	1	1953	294.2	-511.4	-0.0	0.0	1
15.43	0	0.0	0.0	0.0	0.0	-0.0	1.0	1	1953	294.2	-511.4	-0.0	0.0	1
15.53	0	0.0	0.0	0.0	0.0	-0.0	1.0	1	1953	294.2	-511.4	-0.0	0.0	1
15.63	0	0.0	0.0	0.0	0.0	-0.0	1.0	1	1953	294.2	-511.4	-0.0	0.0	1
15.73	0	0.0	0.0	0.0	0.0	-0.0	1.0	1	1953	294.2	-511.4	-0.0	0.0	1
15.83	0	0.0	0.0	0.0	0.0	-0.0	1.0	1	1953	294.2	-511.4	-0.0	0.0	1
15.93	0	0.0	0.0	0.0	0.0	-0.0	1.0	1	1953	294.2	-511.4	-0.0	0.0	1
16.06	0	0.0	0.0	0.0	0.0	-0.0	1.0	1	1953	294.2	-511.4	-0.0	0.0	1
16.16	0	0.0	0.0	0.0	0.0	-0.0	1.0	1	1953	294.2	-511.4	-0.0	0.0	1
16.26	0	0.0	0.0	0.0	0.0	-0.0	1.0	1	1953	294.2	-511.4	-0.0	0.0	1
16.36	0	0.0	0.0	0.0	0.0	-0.0	1.0	1	1953	294.2	-511.4	-0.0	0.0	1
16.46	0	0.0	0.0	0.0	0.0	-0.0	1.0	1	1953	294.2	-511.4	-0.0	0.0	1
16.56	0	0.0	0.0	0.0	0.0	-0.0	1.0	1	1953	294.2	-511.4	-0.0	0.0	1
16.66	0	0.0	0.0	0.0	0.0	-0.0	1.0	1	1953	294.2	-511.4	-0.0	0.0	1
16.79	0	0.0	0.0	0.0	0.0	-0.0	1.0	1	1953	294.2	-511.4	-0.0	0.0	1
16.86	0	0.0	0.0	0.0	0.0	-0.0	1.0	1	1953	294.2	-511.4	-0.0	0.0	1
16.96	0	0.0	0.0	0.0	0.0	-0.0	1.0	1	1953	294.2	-511.4	-0.0	0.0	1
17.06	0	0.0	0.0	0.0	0.0	-0.0	1.0	1	1953	294.2	-511.4	-0.0	0.0	1
17.16	0	0.0	0.0	0.0	0.0	-0.0	1.0	1	1953	294.2	-511.4	-0.0	0.0	1
17.26	0	0.0	0.0	0.0	0.0	-0.0	1.0	1	1953	294.2	-511.4	-0.0	0.0	1
17.36	0	0.0	0.0	0.0	0.0	-0.0	1.0	1	1953	294.2	-511.4	-0.0	0.0	1
17.46	0	0.0	0.0	0.0	0.0	-0.0	1.0	1	1953	294.2	-511.4	-0.0	0.0	1
17.56	0	0.0	0.0	0.0	0.0	-0.0	1.0	1	1953	294.2	-511.4	-0.0	0.0	1
17.66	0	0.0	0.0	0.0	0.0	-0.0	1.0	1	1953	294.2	-511.4	-0.0	0.0	1
17.76	0	0.0	0.0	0.0	0.0	-0.0	1.0	1	1953	294.2	-511.4	-0.0	0.0	1
17.86	0	0.0	0.0	0.0	0.0	-0.0	1.0	1	1953	294.2	-511.4	-0.0	0.0	1
17.96	0	0.0	0.0	0.0	0.0	-0.0	1.0	1	1953	294.2	-511.4	-0.0	0.0	1
18.06	0	0.0	0.0	0.0	0.0	-0.0	1.0	1	1953	294.2	-511.4	-0.0	0.0	1
18.16	0	0.0	0.0	0.0	0.0	-0.0	1.0	1	1953	294.2	-511.4	-0.0	0.0	1
18.26	0	0.0	0.0	0.0	0.0	-0.0	1.0	1	1953	294.2	-511.4	-0.0	0.0	1
18.36	0	0.0	0.0	0.0	0.0	-0.0	1.0	1	1953	294.2	-511.4	-0.0	0.0	1
18.46	0	0.0	0.0	0.0	0.0	-0.0	1.0	1	1953	294.2	-511.4	-0.0	0.0	1
18.63	0	0.0	0.0	0.0	0.0	-0.0	1.0	1	1953	294.2	-511.4	-0.0	0.0	1
18.73	0	0.0	0.0	0.0	0.0	-0.0	1.0	1	1953	294.2	-511.4	-0.0	0.0	1
18.83	0	0.0	0.0	0.0	0.0	-0.0	1.0	1	1953	294.2	-511.4	-0.0	0.0	1
18.93	0	0.0	0.0	0.0	0.0	-0.0	1.0	1	1953	294.2	-511.4	-0.0	0.0	1
19.03	0	0.0	0.0	0.0	0.0	-0.0	1.0	1	1953	294.2	-511.4	-0.0	0.0	1
19.13	0	0.0	0.0	0.0	0.0	-0.0	1.0	1	1953	294.2	-511.4	-0.0	0.0	1
19.23	0	0.0	0.0	0.0	0.0	-0.0	1.0	1	1953	294.2	-511.4	-0.0	0.0	1
19.33	0	0.0	0.0	0.0	0.0	-0.0	1.0	1	1953	294.2	-511.4	-0.0	0.0	1
19.43	0	0.0	0.0	0.0	0.0	-0.0	1.0	1	1953	294.2	-511.4	-0.0	0.0	1
19.55	0	0.0	0.0	0.0	0.0	-0.0	1.0	1	1953	294.2	-511.4	-0.0	0.0	1
19.63	0	0.0	0.0	0.0	0.0	-0.0	1.0	1	1953	294.2	-511.4	-0.0	0.0	1
19.74	0	0.0	0.0	0.0	0.0	-0.0	1.0	1	1953	294.2	-511.4	-0.0	0.0	1
19.87	0	0.0	0.0	0.0	0.0	-0.0	1.0	1	1953	294.2	-511.4	-0.0	0.0	1
19.97	0	0.0	0.0	0.0	0.0	-0.0	1.0	1	1953	294.2	-511.4	-0.0	0.0	1
20.07	0	0.0	0.0	0.0	0.0	-0.0	1.0	1	1953	294.2	-511.4	-0.0	0.0	1
20.17	0	0.0	0.0	0.0	0.0	-0.0	1.0	1	1953	294.2	-511.4	-0.0	0.0	1
20.26	0	0.0	0.0	0.0	0.0	-0.0	1.0	1	1953	294.2	-511.4	-0.0	0.0	1
20.37	0	0.0	0.0	0.0	0.0	-0.0	1.0	1	1953	294.2	-511.4	-0.0	0.0	1
20.46	0	0.0	0.0	0.0	0.0	-0.0	1.0	1	1953	294.2	-511.4	-0.0	0.0	1
20.56	0	0.0	0.0	0.0	0.0	-0.0	1.0	1	1953	294.2	-511.4	-0.0	0.0	1
20.66	0	0.0	0.0	0.0	0.0	-0.0	1.0	1	1953	294.2	-511.4	-0.0	0.0	1
20.76	0	0.0	0.0	0.0	0.0	-0.0	1.0	1	1953	294.2	-511.4	-0.0	0.0	1
20.86	0	0.0	0.0	0.0	0.0	-0.0	1.0	1	1953	294.2	-511.4	-0.0	0.0	1
20.96	0	0.0	0.0	0.0	0.0	-0.0	1.0	1	1953	294.2	-511.4	-0.0	0.0	1
21.06	0	0.0	0.0	0.0	0.0	-0.0	1.0	1	1953	294.2	-511.4	-0.0	0.0	1
21.16	0	0.0	0.0	0.0	0.0	-0.0	1.0	1	1953	294.2	-511.4	-0.0	0.0	1
21.26	0	0.0	0.0	0.0	0.0	-0.0	1.0	1	1953	294.2	-511.4	-0.0	0.0	1
21.36	0	0.0	0.0	0.0	0.0	-0.0	1.0	1	1953	294.2	-511.4	-0.0	0.0	1
21.48	0	0.0	0.0	0.0	0.0	-0.0	1.0	1	1953	294.2	-511.4	-0.0	0.0	1
21.58	0	0.0	0.0	0.0	0.0	-0.0	1.0	1	1953	294.2	-511.4	-0.0	0.0	1
21.68	0	0.0	0.0	0.0	0.0	-0.0	1.0	1	1953	294.2	-511.4	-0.0	0.0	1
21.78	0	0.0	0.0	0.0	0.0	-0.0	1.0	1	1953	294.2	-511.4	-0.0	0.0	1
21.88	0	0.0	0.0	0.0	0.0	-0.0	1.0	1	1953	294.2	-511.4	-0.0	0.0	1
21.98	0	0.0	0.0	0.0	0.0	-0.0	1.0	1	1953	294.2	-511.4	-0.0	0.0	1
22.08	0	0.0	0.0	0.0	0.0	-0.0	1.0	1	1953	294.2	-511.4	-0.0	0.0	1
22.18	0	0.0	0.0	0.0	0.0	-0.0	1.0	1	1953	294.2	-511.4	-0.0	0.0	1
22.28	0	0.0	0.0	0.0	0.0	-0.0	1.0	1	1953	294.2	-511.4	-0.0	0.0	1
22.39	0	0.0	0.0	0.0	0.0	-0.0	1.0	1	1953	294.2	-511.4	-0.0	0.0	1
22.48	0	0.0	0.0	0.0	0.0	-0.0	1.0	1	1953	294.2	-511.4	-0.0	0.0	1
22.58	0	0.0	0.0	0.0	0.0	-0.0	1.0	1	1953	294.2	-511.4	-0.0	0.0	1
22.7	0	0.0	0.0	0.0	0.0	-0.0	1.0	1	1953	294.2	-511.4	-0.0	0.0	1
22.8	0	0.0	0.0	0.0	0.0	-0.0	1.0	1	1953	294.2	-511.4	-0.0	0.0	1
22.9	0	0.0	0.0	0.0	0.0	-0.0	1.0	1	1953	294.2	-511.4	-0.0	0.0	1
23.0	0	0.0	0.0	0.0	0.0	-0.0	1.0	1	1953	294.2	-511.4	-0.0	0.0	1
23.1	0	0.0	0.0	0.0	0.0	-0.0	1.0	1	1953	294.2	-511.4	-0.0	0.0	1
23.2	0	0.0	0.0	0.0	0.0	-0.0	1.0	1	1953	294.2	-511.4	-0.0	0.0	1
23.3	0	0.0	0.0	0.0	0.0	-0.0	1.0	1	1953	294.2	-511.4	-0.0	0.0	1
23.39	0	0.0	0.0	0.0	0.0	-0.0	1.0	1	1953	294.2	-511.4	-0.0	0.0	1
23.49	0	0.0	0.0	0.0	0.0	-0.0	1.0	1	1953	294.2	-511.4	-0.0	0.0	1
23.59	0	0.0	0.0	0.0	0.0	-0.0	1.0	1	1953	294.2	-511.4	-0.0	0.0	1
23.69	0	0.0	0.0	0.0	0.0	-0.0	1.0	1	1953	294.2	-511.4	-0.0	0.0	1
23.83	0	0.0	0.0	0.0	0.0	-0.0	1.0	1	1953	294.2	-511.4	-0.0	0.0	1
23.93	0	0.0	0.0	0.0	0.0	-0.0	1.0	1	1953	294.2	-511.4	-0.0	0.0	1
24.03	0	0.0	0.0	0.0	0.0	-0.0	1.0	1	1953	294.2	-511.4	-0.0	0.0	1
24.13	0	0.0	0.0	0.0	0.0	-0.0	1.0	1	1953	294.2	-511.4	-0.0	0.0	1
24.23	0	0.0	0.0	0.0	0.0	-0.0	1.0	1	1953	294.2	-511.4	-0.0	0.0	1
24.33	0	0.0	0.0	0.0	0.0	-0.0	1.0	1	1953	294.2	-511.4	-0.0	0.0	1
24.43	0	0.0	0.0	0.0	0.0	-0.0	1.0	1	1953	294.2	-511.4	-0.0	0.0	1
24.53	0	0.0	0.0	0.0	0.0	-0.0	1.0	1	1953	294.2	-511.4	-0.0	0.0	1
24.63	0	0.0	0.0	0.0	0.0	-0.0	1.0	1	1953	294.2	-511.4	-0.0	0.0	1
24.73	0	0.0	0.0	0.0	0.0	-0.0	1.0	1	1953	294.2	-511.4	-0.0	0.0	1
24.83	0	0.0	0.0	0.0	0.0	-0.0	1.0	1	1953	294.2	-511.4	-0.0	0.0	1
24.93	0	0.0	0.0	0.0	0.0	-0.0	1.0	1	1953	294.2	-511.4	-0.0	0.0	1
25.03	0	0.0	0.0	0.0	0.0	-0.0	1.0	1	1953	294.2	-511.4	-0.0	0.0	1
25.13	0	0.0	0.0	0.0	0.0	-0.0	1.0	1	1953	294.2	-511.4	-0.0	0.0	1
25.23	0	0.0	0.0	0.0	0.0	-0.0	1.0	1	1953	294.2	-511.4	-0.0	0.0	1
25.33	0	0.0	0.0	0.0	0.0	-0.0	1.0	1	1953	294.2	-511.4	-0.0	0.0	1
25.43	0	0.0	0.0	0.0	0.0	-0.0	1.0	1	1953	294.2	-511.4	-0.0	0.0	1
25.53	0	0.0	0.0	0.0	0.0	-0.0	1.0	1	1953	294.2	-511.4	-0.0	0.0	1
25.63	0	0.0	0.0	0.0	0.0	-0.0	1.0	1	1953	294.2	-511.4	-0.0	0.0	1
25.73	0	0.0	0.0	0.0	0.0	-0.0	1.0	1	1953	294.2	-511.4	-0.0	0.0	1
25.83	0	0.0	0.0	0.0	0.0	-0.0	1.0	1	1953	294.2	-511.4	-0.0	0.0	1
25.93	0	0.0	0.0	0.0	0.0	-0.0	1.0	1	1953	294.2	-511.4	-0.0	0.0	1
26.06	0	0.0	0.0	0.0	0.0	-0.0	1.0	1	1953	294.2	-511.4	-0.0	0.0	1
26.16	0	0.0	0.0	0.0	0.0	-0.0	1.0	1	1953	294.2	-511.4	-0.0	0.0	1
26.26	0	0.0	0.0	0.0	0.0	-0.0	1.0	1	1953	294.2	-511.4	-0.0	0.0	1
26.36	0	0.0	0.0	0.0	0.0	-0.0	1.0	1	1953	294.2	-511.4	-0.0	0.0	1
26.46	0	0.0	0.0	0.0	0.0	-0.0	1.0	1	1953	294.2	-511.4	-0.0	0.0	1
26.56	0	0.0	0.0	0.0	0.0	-0.0	1.0	1	1953	294.2	-511.4	-0.0	0.0	1
26.69	0	0.0	0.0	0.0	0.0	-0.0	1.0	1	1953	294.2	-511.4	-0.0	0.0	1
26.79	0	0.0	0.0	0.0	0.0	-0.0	1.0	1	1953	294.2	-511.4	-0.0	0.0	1
26.89	0	0.0	0.0	0.0	0.0	-0.0	1.0	1	1953	294.2	-511.4	-0.0	0.0	1
26.99	0	0.0	0.0	0.0	0.0	-0.0	1.0	1	1953	294.2	-511.4	-0.0	0.0	1
27.12	0	0.0	0.0	0.0	0.0	-0.0	1.0	1	1953	294.2	-511.4	-0.0	0.0	1
27.22	0	0.0	0.0	0.0	0.0	-0.0	1.0	1	1953	294.2	-511.4	-0.0	0.0	1
27.31	0	0.0	0.0	0.0	0.0	-0.0	1.0	1	1953	294.2	-511.4	-0.0	0.0	1
27.41	0	0.0	0.0	0.0	0.0	-0.0	1.0	1	1953	294.2	-511.4	-0.0	0.0	1
27.51	0	0.0	0.0	0.0	0.0	-0.0	1.0	1	1953	294.2	-511.4	-0.0	0.0	1
27.61	0	0.0	0.0	0.0	0.0	-0.0	1.0	1	1953	294.2	-511.4	-0.0	0.0	1
27.71	0	0.0	0.0	0.0	0.0	-0.0	1.0	1	1953	294.2	-511.4	-0.0	0.0	1
27.81	0	0.0	0.0	0.0	0.0	-0.0	1.0	1	1953	294.2	-511.4	-0.0	0.0	1
27.91	0	0.0	0.0	0.0	0.0	-0.0	1.0	1	1953	294.2	-511.4	-0.0	0.0	1
28.01	0	0.0	0.0	0.0	0.0	-0.0	1.0	1	1953	294.2	-511.4	-0.0	0.0	1
28.11	0	0.0	0.0	0.0	0.0	-0.0	1.0	1	1953	294.2	-511.4	-0.0	0.0	1
28.21	0	0.0	0.0	0.0	0.0	-0.0	1.0	1	1953	294.2	-511.4	-0.0	0.0	1
28.31	0	0.0	0.0	0.0	0.0	-0.0	1.0	1	1953	294.2	-511.4	-0.0	0.0	1
28.41	0	0.0	0.0	0.0	0.0	-0.0	1.0	1	1953	294.2	-511.4	-0.0	0.0	1
28.51	0	0.0	0.0	0.0	0.0	-0.0	1.0	1	1953	294.2	-511.4	-0.0	0.0	1
28.61	0	0.0	0.0	0.0	0.0	-0.0	1.0	1	1953	294.2	-511.4	-0.0	0.0	1
28.71	0	0.0	0.0	0.0	0.0	-0.0	1.0	1	1953	294.2	-511.4	-0.0	0.0	1
28.81	0	0.0	0.0	0.0	0.0	-0.0	1.0	1	1953	294.2	-511.4	-0.0	0.0	1
28.91	0	0.0	0.0	0.0	0.0	-0.0	1.0	1	1953	294.2	-511.4	-0.0	0.0	1
29.01	0	0.0	0.0	0.0	0.0	-0.0	1.0	1	1953	294.2	-511.4	-0.0	0.0	1
29.11	0	0.0	0.0	0.0	0.0	-0.0	1.0	1	1953	294.2	-511.4	-0.0	0.0	1
29.21	0	0.0	0.0	0.0	0.0	-0.0	1.0	1	1953	294.2	-511.4	-0.0	0.0	1
29.31	0	0.0	0.0	0.0	0.0	-0.0	1.0	1	1953	294.2	-511.4	-0.0	0.0	1
29.41	0	0.0	0.0	0.0	0.0	-0.0	1.0	1	1953	294.2	-511.4	-0.0	0.0	1
29.51	0	0.0	0.0	0.0	0.0	-0.0	1.0	1	1953	294.2	-511.4	-0.0	0.0	1
29.61	0	0.0	0.0	0.0	0.0	-0.0	1.0	1	1953	294.2	-511.4	-0.0	0.0	1
29.71	0	0.0	0.0	0.0	0.0	-0.0	1.0	1	1953	294.2	-511.4	-0.0	0.0	1
29.81	0	0.0	0.0	0.0	0.0	-0.0	1.0	1	1953	294.2	-511.4	-0.0	0.0	1
29.91	0	0.0	0.0	0.0	0.0	-0.0	1.0	1	1953	294.2	-511.4	-0.0	0.0	1
30.01	0	0.0	0.0	0.0	0.0	-0.0	1.0	1	1953	294.2	-511.4	-0.0	0.0	1
30.11	0	0.0	0.0	0.0	0.0	-0.0	1.0	1	1953	294.2	-511.4	-0.0	0.0	1
30.21	0	0.0	0.0	0.0	0.0	-0.0	1.0	1	1953	294.2	-511.4	-0.0	0.0	1
30.31	0	0.0	0.0	0.0	0.0	-0.0	1.0	1	1953	294.2	-511.4	-0.0	0.0	1
30.41	0	0.0	0.0	0.0	0.0	-0.0	1.0	1	1953	294.2	-511.4	-0.0	0.0	1
30.51	0	0.0	0.0	0.0	0.0	-0.0	1.0	1	1953	294.2	-511.4	-0.0	0.0	1
30.61	0	0.0	0.0	0.0	0.0	-0.0	1.0	1	1953	294.2	-511.4	-0.0	0.0	1
30.71	0	0.0	0.0	0.0	0.0	-0.0	1.0	1	1953	294.2	-511.4	-0.0	0.0	1
30.81	0	0.0	0.0	0.0	0.0	-0.0	1.0	1	1953	294.2	-511.4	-0.0	0.0	1
30.91	0	0.0	0.0	0.0	0.0	-0.0	1.0	1	1953	294.2	-511.4	-0.0	0.0	1
31.01	0	0.0	0.0	0.0	0.0	-0.0	1.0	1	1953	294.2	-511.4	-0.0	0.0	1
31.11	0	0.0	0.0	0.0	0.0	-0.0	1.0	1	1953	294.2	-511.4	-0.0	0.0	1
31.24	0	0.0	0.0	0.0	0.0	-0.0	1.0	1	1953	294.2	-511.4	-0.0	0.0	1
31.31	0	0.0	0.0	0.0	0.0	-0.0	1.0	1	1953	294.2	-511.4	-0.0	0.0	1
31.41	0	0.0	0.0	0.0	0.0	-0.0	1.0	1	1953	294.2	-511.4	-0.0	0.0	1
31.51	0	0.0	0.0	0.0	0.0	-0.0	1.0	1	1953	294.2	-511.4	-0.0	0.0	1
31.61	0	0.0	0.0	0.0	0.0	-0.0	1.0	1	1953	294.2	-511.4	-0.0	0.0	1
31.71	0	0.0	0.0	0.0	0.0	-0.0	1.0	1	1953	294.2	-511.4	-0.0	0.0	1
31.81	0	0.0	0.0	0.0	0.0	-0.0	1.0	1	1953	294.2	-511.4	-0.0	0.0	1
31.91	0	0.0	0.0	0.0	0.0	-0.0	1.0	1	1953	294.2	-511.4	-0.0	0.0	1
32.01	0	0.0	0.0	0.0	0.0	-0.0	1.0	1	1953	294.2	-511.4	-0.0	0.0	1
32.11	0	0.0	0.0	0.0	0.0	-0.0	1.0	1	1953	294.2	-511.4	-0.0	0.0	1
32.21	0	0.0	0.0	0.0	0.0	-0.0	1.0	1	1953	294.2	-511.4	-0.0	0.0	1
32.32	0	0.0	0.0	0.0	0.0	-0.0	1.0	1	1953	294.2	-511.4	-0.0	0.0	1
32.42	0	0.0	0.0	0.0	0.0	-0.0	1.0	1	1953	294.2	-511.4	-0.0	0.0	1
32.51	0	0.0	0.0	0.0	0.0	-0.0	1.0	1	1953	294.2	-511.4	-0.0	0.0	1
32.61	0	0.0	0.0	0.0	0.0	-0.0	1.0	1	1953	294.2	-511.4	-0.0	0.0	1
32.71	0	0.0	0.0	0.0	0.0	-0.0	1.0	1	1953	294.2	-511.4	-0.0	0.0	1
32.81	0	0.0	0.0	0.0	0.0	-0.0	1.0	1	1953	294.2	-511.4	-0.0	0.0	1
32.91	0	0.0	0.0	0.0	0.0	-0.0	1.0	1	1953	294.2	-511.4	-0.0	0.0	1
33.01	0	0.0	0.0	0.0	0.0	-0.0	1.0	1	1953	294.2	-511.4	-0.0	0.0	1
33.11	0	0.0	0.0	0.0	0.0	-0.0	1.0	1	1953	294.2	-511.4	-0.0	0.0	1
33.21	0	0.0	0.0	0.0	0.0	-0.0	1.0	1	1953	294.2	-511.4	-0.0	0.0	1
33.31	0	0.0	0.0	0.0	0.0	-0.0	1.0	1	1953	294.2	-511.4	-0.0	0.0	1
33.41	0	0.0	0.0	0.0	0.0	-0.0	1.0	1	1953	294.2	-511.4	-0.0	0.0	1
33.51	0	0.0	0.0	0.0	0.0	-0.0	1.0	1	1953	294.2	-511.4	-0.0	0.0	1
33.61	0	0.0	0.0	0.0	0.0	-0.0	1.0	1	1953	294.2	-511.4	-0.0	0.0	1
33.71	0	0.0	0.0	0.0	0.0	-0.0	1.0	1	1953	294.2	-511.4	-0.0	0.0	1
33.81	0	0.0	0.0	0.0	0.0	-0.0	1.0	1	1953	294.2	-511.4	-0.0	0.0	1
33.91	0	0.0	0.0	0.0	0.0	-0.0	1.0	1	1953	294.2	-511.4	-0.0	0.0	1
34.01	0	0.0	0.0	0.0	0.0	-0.0	1.0	1	1953	294.2	-511.4	-0.0	0.0	1
34.11	0	0.0	0.0	0.0	0.0	-0.0	1.0	1	1953	294.2	-511.4	-0.0	0.0	1
34.21	0	0.0	0.0	0.0	0.0	-0.0	1.0	1	1953	294.2	-511.4	-0.0	0.0	1
34.31	0	0.0	0.0	0.0	0.0	-0.0	1.0	1	1953	294.2	-511.4	-0.0	0.0	1
34.41	0	0.0	0.0	0.0	0.0	-0.0	1.0	1	1953	294.2	-511.4	-0.0	0.0	1
34.51	0	0.0	0.0	0.0	0.0	-0.0	1.0	1	1953	294.2	-511.4	-0.0	0.0	1
34.61	0	0.0	0.0	0.0	0.0	-0.0	1.0	1	1953	294.2	-511.4	-0.0	0.0	1
34.71	0	0.0	0.0	0.0	0.0	-0.0	1.0	1	1953	294.2	-511.4	-0.0	0.0	1
34.81	0	0.0	0.0	0.0	0.0	-0.0	1.0	1	1953	294.2	-511.4	-0.0	0.0	1
34.91	0	0.0	0.0	0.0	0.0	-0.0	1.0	1	1953	294.2	-511.4	-0.0	0.0	1
35.01	0	0.0	0.0	0.0	0.0	-0.0	1.0	1	1953	294.2	-511.4	-0.0	0.0	1
35.11	0	0.0	0.0	0.0	0.0	-0.0	1.0	1	1953	294.2	-511.4	-0.0	0.0	1
35.21	0	0.0	0.0	0.0	0.0	-0.0	1.0	1	1953	294.2	-511.4	-0.0	0.0	1
35.31	0	0.0	0.0	0.0	0.0	-0.0	1.0	1	1953	294.2	-511.4	-0.0	0.0	1
35.41	0	0.0	0.0	0.0	0.0	-0.0	1.0	1	1953	294.2	-511.4	-0.0	0.0	1
35.51	0	0.0	0.0	0.0	0.0	-0.0	1.0	1	1953	294.2	-511.4	-0.0	0.0	1
35.61	0	0.0	0.0	0.0	0.0	-0.0	1.0	1	1953	294.2	-511.4	-0.0	0.0	1
35.71	0	0.0	0.0	0.0	0.0	-0.0	1.0	1	1953	294.2	-511.4	-0.0	0.0	1
35.84	0	0.0	0.0	0.0	0.0	-0.0	1.0	1	1953	294.2	-511.4	-0.0	0.0	1
35.93	0	0.0	0.0	0.0	0.0	-0.0	1.0	1	1953	294.2	-511.4	-0.0	0.0	1
36.03	0	0.0	0.0	0.0	0.0	-0.0	1.0	1	1953	294.2	-511.4	-0.0	0.0	1
36.13	0	0.0	0.0	0.0	0.0	-0.0	1.0	1	1953	294.2	-511.4	-0.01	0.0	1
36.23	0	0.0	0.0	0.0	0.0	-0.0	1.0	1	1953	294.2	-511.4	-0.01	0.0	1
36.33	0	0.0	0.0	0.0	0.0	-0.0	1.0	1	1953	294.2	-511.4	-0.01	0.0	1
36.43	0	0.0	0.0	0.0	0.0	-0.0	1.0	1	1953	294.2	-511.4	-0.01	0.0	1
36.53	0	0.0	0.0	0.0	0.0	-0.0	1.0	1	1953	294.2	-511.4	-0.01	0.0	1
36.63	0	0.0	0.0	0.0	0.0	-0.0	1.0	1	1953	294.2	-511.4	-0.01	0.0	1
36.73	0	0.0	0.0	0.0	0.0	-0.0	1.0	1	1953	294.2	-511.4	-0.01	0.0	1
36.83	0	0.0	0.0	0.0	0.0	-0.0	1.0	1	1953	294.2	-511.4	-0.01	0.0	1
36.93	0	0.0	0.0	0.0	0.0	-0.0	1.0	1	1953	294.2	-511.4	-0.01	0.0	1
37.03	0	0.0	0.0	0.0	0.0	-0.0	1.0	1	1953	294.2	-511.4	-0.01	0.0	1
37.13	0	0.0	0.0	0.0	0.0	-0.0	1.0	1	1953	294.2	-511.4	-0.01	0.0	1
37.23	0	0.0	0.0	0.0	0.0	-0.0	1.0	1	1953	294.2	-511.4	-0.01	0.0	1
37.33	0	0.0	0.0	0.0	0.0	-0.0	1.0	1	1953	294.2	-511.4	-0.01	0.0	1
37.43	0	0.0	0.0	0.0	0.0	-0.0	1.0	1	1953	294.2	-511.4	-0.01	0.0	1
37.53	0	0.0	0.0	0.0	0.0	-0.0	1.0	1	1953	294.2	-511.4	-0.01	0.0	1
37.63	0	0.0	0.0	0.0	0.0	-0.0	1.0	1	1953	294.2	-511.4	-0.01	0.0	1
37.73	0	0.0	0.0	0.0	0.0	-0.0	1.0	1	1953	294.2	-511.4	-0.01	0.0	1
37.83	0	0.0	0.0	0.0	0.0	-0.0	1.0	1	1953	294.2	-511.4	-0.01	0.0	1
37.93	0	0.0	0.0	0.0	0.0	-0.0	1.0	1	1953	294.2	-511.4	-0.01	0.0	1
38.03	0	0.0	0.0	0.0	0.0	-0.0	1.0	1	1953	294.2	-511.4	-0.01	0.0	1
38.13	0	0.0	0.0	0.0	0.0	-0.0	1.0	1	1953	294.2	-511.4	-0.01	0.0	1
38.23	0	0.0	0.0	0.0	0.0	-0.0	1.0	1	1953	294.2	-511.4	-0.01	0.0	1
38.33	0	0.0	0.0	0.0	0.0	-0.0	1.0	1	1953	294.2	-511.4	-0.01	0.0	1
38.43	0	0.0	0.0	0.0	0.0	-0.0	1.0	1	1953	294.2	-511.4	-0.01	0.0	1
38.53	0	0.0	0.0	0.0	0.0	-0.0	1.0	1	1953	294.2	-511.4	-0.01	0.0	1
38.63	0	0.0	0.0	0.0	0.0	-0.0	1.0	1	1953	294.2	-511.4	-0.01	0.0	1
38.73	0	0.0	0.0	0.0	0.0	-0.0	1.0	1	1953	294.2	-511.4	-0.01	0.0	1
38.83	0	0.0	0.0	0.0	0.0	-0.0	1.0	1	1953	294.2	-511.4	-0.01	0.0	1
38.93	0	0.0	0.0	0.0	0.0	-0.0	1.0	1	1953	294.2	-511.4	-0.01	0.0	1
39.03	0	0.0	0.0	0.0	0.0	-0.0	1.0	1	1953	294.2	-511.4	-0.01	0.0	1
39.13	0	0.0	0.0	0.0	0.0	-0.0	1.0	1	1953	294.2	-511.4	-0.01	0.0	1
39.23	0	0.0	0.0	0.0	0.0	-0.0	1.0	1	1953	294.2	-511.4	-0.01	0.0	1
39.33	0	0.0	0.0	0.0	0.0	-0.0	1.0	1	1953	294.2	-511.4	-0.01	0.0	1
39.43	0	0.0	0.0	0.0	0.0	-0.0	1.0	1	1953	294.2	-511.4	-0.01	0.0	1
39.53	0	0.0	0.0	0.0	0.0	-0.0	1.0	1	1953	294.2	-511.4	-0.01	0.0	1
39.63	0	0.0	0.0	0.0	0.0	-0.0	1.0	1	1953	294.2	-511.4	-0.01	0.0	1
39.73	0	0.0	0.0	0.0	0.0	-0.0	1.0	1	1953	294.2	-511.4	-0.01	0.0	1
39.83	0	0.0	0.0	0.0	0.0	-0.0	1.0	1	1953	294.2	-511.4	-0.01	0.0	1
39.93	0	0.0	0.0	0.0	0.0	-0.0	1.0	1	1953	294.2	-511.4	-0.01	0.0	1
40.03	0	0.0	0.0	0.0	0.0	-0.0	1.0	1	1953	294.2	-511.4	-0.01	0.0	1
40.13	0	0.0	0.0	0.0	0.0	-0.0	1.0	1	1953	294.2	-511.4	-0.01	0.0	1
40.23	0	0.0	0.0	0.0	0.0	-0.0	1.0	1	1953	294.2	-511.4	-0.01	0.0	1
40.33	0	0.0	0.0	0.0	0.0	-0.0	1.0	1	1953	294.2	-511.4	-0.01	0.0	1
40.43	0	0.0	0.0	0.0	0.0	-0.0	1.0	1	1953	294.2	-511.4	-0.01	0.0	1
40.54	0	0.0	0.0	0.0	0.0	-0.0	1.0	1	1953	294.2	-511.4	-0.01	0.0	1
40.63	0	0.0	0.0	0.0	0.0	-0.0	1.0	1	1953	294.2	-511.4	-0.01	0.0	1
40.73	0	0.0	0.0	0.0	0.0	-0.0	1.0	1	1953	294.2	-511.4	-0.01	0.0	1
40.83	0	0.0	0.0	0.0	0.0	-0.0	1.0	1	1953	294.2	-511.4	-0.01	0.0	1
40.93	0	0.0	0.0	0.0	0.0	-0.0	1.0	1	1953	294.2	-511.4	-0.01	0.0	1
41.03	0	0.0	0.0	0.0	0.0	-0.0	1.0	1	1953	294.2	-511.4	-0.01	0.0	1
41.13	0	0.0	0.0	0.0	0.0	-0.0	1.0	1	1953	294.2	-511.4	-0.01	0.0	1
41.23	0	0.0	0.0	0.0	0.0	-0.0	1.0	1	1953	294.2	-511.4	-0.01	0.0	1
41.33	0	0.0	0.0	0.0	0.0	-0.0	1.0	1	1953	294.2	-511.4	-0.01	0.0	1
41.43	0	0.0	0.0	0.0	0.0	-0.0	1.0	1	1953	294.2	-511.4	-0.01	0.0	1
41.53	0	0.0	0.0	0.0	0.0	-0.0	1.0	1	1953	294.2	-511.4	-0.01	0.0	1
41.63	0	0.0	0.0	0.0	0.0	-0.0	1.0	1	1953	294.2	-511.4	-0.01	0.0	1
41.75	0	0.0	0.0	0.0	0.0	-0.0	1.0	1	1953	294.2	-511.4	-0.01	0.0	1
41.84	0	0.0	0.0	0.0	0.0	-0.0	1.0	1	1953	294.2	-511.4	-0.01	0.0	1
41.97	0	0.0	0.0	0.0	0.0	-0.0	1.0	1	1953	294.2	-511.4	-0.01	0.0	1
42.06	0	0.0	0.0	0.0	0.0	-0.0	1.0	1	1953	294.2	-511.4	-0.01	0.0	1
42.16	0	0.0	0.0	0.0	0.0	-0.0	1.0	1	1953	294.2	-511.4	-0.01	0.0	1
42.26	0	0.0	0.0	0.0	0.0	-0.0	1.0	1	1953	294.2	-511.4	-0.01	0.0	1
42.36	0	0.0	0.0	0.0	0.0	-0.0	1.0	1	1953	294.2	-511.4	-0.01	0.0	1
42.46	0	0.0	0.0	0.0	0.0	-0.0	1.0	1	1953	294.2	-511.4	-0.01	0.0	1
42.56	0	0.0	0.0	0.0	0.0	-0.0	1.0	1	1953	294.2	-511.4	-0.01	0.0	1
42.66	0	0.0	0.0	0.0	0.0	-0.0	1.0	1	1953	294.2	-511.4	-0.01	0.0	1
42.76	0	0.0	0.0	0.0	0.0	-0.0	1.0	1	1953	294.2	-511.4	-0.01	0.0	1
42.86	0	0.0	0.0	0.0	0.0	-0.0	1.0	1	1953	294.2	-511.4	-0.01	0.0	1
42.96	0	0.0	0.0	0.0	0.0	-0.0	1.0	1	1953	294.2	-511.4	-0.01	0.0	1
43.06	0	0.0	0.0	0.0	0.0	-0.0	1.0	1	1953	294.2	-511.4	-0.01	0.0	1
43.16	0	0.0	0.0	0.0	0.0	-0.0	1.0	1	1953	294.2	-511.4	-0.01	0.0	1
43.26	0	0.0	0.0	0.0	0.0	-0.0	1.0	1	1953	294.2	-511.4	-0.01	0.0	1
43.36	0	0.0	0.0	0.0	0.0	-0.0	1.0	1	1953	294.2	-511.4	-0.01	0.0	1
43.46	0	0.0	0.0	0.0	0.0	-0.0	1.0	1	1953	294.2	-511.4	-0.01	0.0	1
43.56	0	0.0	0.0	0.0	0.0	-0.0	1.0	1	1953	294.2	-511.4	-0.01	0.0	1
43.66	0	0.0	0.0	0.0	0.0	-0.0	1.0	1	1953	294.2	-511.4	-0.01	0.0	1
43.78	0	0.0	0.0	0.0	0.0	-0.0	1.0	1	1953	294.2	-511.4	-0.01	0.0	1
43.86	0	0.0	0.0	0.0	0.0	-0.0	1.0	1	1953	294.2	-511.4	-0.01	0.0	1
43.96	0	0.0	0.0	0.0	0.0	-0.0	1.0	1	1953	294.2	-511.4	-0.01	0.0	1
44.06	0	0.0	0.0	0.0	0.0	-0.0	1.0	1	1953	294.2	-511.4	-0.01	0.0	1
44.16	0	0.0	0.0	0.0	0.0	-0.0	1.0	1	1953	294.2	-511.4	-0.01	0.0	1
44.26	0	0.0	0.0	0.0	0.0	-0.0	1.0	1	1953	294.2	-511.4	-0.01	0.0	1
44.36	0	0.0	0.0	0.0	0.0	-0.0	1.0	1	1953	294.2	-511.4	-0.01	0.0	1
44.47	0	0.0	0.0	0.0	0.0	-0.0	1.0	1	1953	294.2	-511.4	-0.01	0.0	1
44.56	0	0.0	0.0	0.0	0.0	-0.0	1.0	1	1953	294.2	-511.4	-0.01	0.0	1
44.67	0	0.0	0.0	0.0	0.0	-0.0	1.0	1	1953	294.2	-511.4	-0.01	0.0	1
44.76	0	0.0	0.0	0.0	0.0	-0.0	1.0	1	1953	294.2	-511.4	-0.01	0.0	1
44.86	0	0.0	0.0	0.0	0.0	-0.0	1.0	1	1953	294.2	-511.4	-0.01	0.0	1
44.96	0	0.0	0.0	0.0	0.0	-0.0	1.0	1	1953	294.2	-511.4	-0.01	0.0	1
45.06	0	0.0	0.0	0.0	0.0	-0.0	1.0	1	1953	294.2	-511.4	-0.01	0.0	1
45.16	0	0.0	0.0	0.0	0.0	-0.0	1.0	1	1953	294.2	-511.4	-0.01	0.0	1
45.26	0	0.0	0.0	0.0	0.0	-0.0	1.0	1	1953	294.2	-511.4	-0.01	0.0	1
45.36	0	0.0	0.0	0.0	0.0	-0.0	1.0	1	1953	294.2	-511.4	-0.01	0.0	1
45.46	0	0.0	0.0	0.0	0.0	-0.0	1.0	1	1953	294.2	-511.4	-0.01	0.0	1
45.56	0	0.0	0.0	0.0	0.0	-0.0	1.0	1	1953	294.2	-511.4	-0.01	0.0	1
45.66	0	0.0	0.0	0.0	0.0	-0.0	1.0	1	1953	294.2	-511.4	-0.01	0.0	1
45.76	0	0.0	0.0	0.0	0.0	-0.0	1.0	1	1953	294.2	-511.4	-0.01	0.0	1
45.88	0	0.0	0.0	0.0	0.0	-0.0	1.0	1	1953	294.2	-511.4	-0.01	0.0	1
45.98	0	0.0	0.0	0.0	0.0	-0.0	1.0	1	1953	294.2	-511.4	-0.01	0.0	1
46.07	0	0.0	0.0	0.0	0.0	-0.0	1.0	1	1953	294.2	-511.4	-0.01	0.0	1
46.18	0	0.0	0.0	0.0	0.0	-0.0	1.0	1	1953	294.2	-511.4	-0.01	0.0	1
46.28	0	0.0	0.0	0.0	0.0	-0.0	1.0	1	1953	294.2	-511.4	-0.01	0.0	1
46.38	0	0.0	0.0	0.0	0.0	-0.0	1.0	1	1953	294.2	-511.4	-0.01	0.0	1
46.48	0	0.0	0.0	0.0	0.0	-0.0	1.0	1	1953	294.2	-511.4	-0.01	0.0	1
46.58	0	0.0	0.0	0.0	0.0	-0.0	1.0	1	1953	294.2	-511.4	-0.01	0.0	1
46.68	0	0.0	0.0	0.0	0.0	-0.0	1.0	1	1953	294.2	-511.4	-0.01	0.0	1
46.78	0	0.0	0.0	0.0	0.0	-0.0	1.0	1	1953	294.2	-511.4	-0.01	0.0	1
46.88	0	0.0	0.0	0.0	0.0	-0.0	1.0	1	1953	294.2	-511.4	-0.01	0.0	1
46.97	0	0.0	0.0	0.0	0.0	-0.0	1.0	1	1953	294.2	-511.4	-0.01	0.0	1
47.09	0	0.0	0.0	0.0	0.0	-0.0	1.0	1	1953	294.2	-511.4	-0.01	0.0	1
47.18	0	0.0	0.0	0.0	0.0	-0.0	1.0	1	1953	294.2	-511.4	-0.01	0.0	1
47.28	0	0.0	0.0	0.0	0.0	-0.0	1.0	1	1953	294.2	-511.4	-0.01	0.0	1
47.38	0	0.0	0.0	0.0	0.0	-0.0	1.0	1	1953	294.2	-511.4	-0.01	0.0	1
47.48	0	0.0	0.0	0.0	0.0	-0.0	1.0	1	1953	294.2	-511.4	-0.01	0.0	1
47.58	0	0.0	0.0	0.0	0.0	-0.0	1.0	1	1953	294.2	-511.4	-0.01	0.0	1
47.68	0	0.0	0.0	0.0	0.0	-0.0	1.0	1	1953	294.2	-511.4	-0.01	0.0	1
47.78	0	0.0	0.0	0.0	0.0	-0.0	1.0	1	1953	294.2	-511.4	-0.01	0.0	1
47.88	0	0.0	0.0	0.0	0.0	-0.0	1.0	1	1953	294.2	-511.4	-0.01	0.0	1
47.98	0	0.0	0.0	0.0	0.0	-0.0	1.0	1	1953	294.2	-511.4	-0.01	0.0	1
48.08	0	0.0	0.0	0.0	0.0	-0.0	1.0	1	1953	294.2	-511.4	-0.01	0.0	1
48.18	0	0.0	0.0	0.0	0.0	-0.0	1.0	1	1953	294.2	-511.4	-0.01	0.0	1
48.28	0	0.0	0.0	0.0	0.0	-0.0	1.0	1	1953	294.2	-511.4	-0.01	0.0	1
48.38	0	0.0	0.0	0.0	0.0	-0.0	1.0	1	1953	294.2	-511.4	-0.01	0.0	1
48.48	0	0.0	0.0	0.0	0.0	-0.0	1.0	1	1953	294.2	-511.4	-0.01	0.0	1
48.58	0	0.0	0.0	0.0	0.0	-0.0	1.0	1	1953	294.2	-511.4	-0.01	0.0	1
48.68	0	0.0	0.0	0.0	0.0	-0.0	1.0	1	1953	294.2	-511.4	-0.01	0.0	1
48.78	0	0.0	0.0	0.0	0.0	-0.0	1.0	1	1953	294.2	-511.4	-0.01	0.0	1
48.88	0	0.0	0.0	0.0	0.0	-0.0	1.0	1	1953	294.2	-511.4	-0.01	0.0	1
48.98	0	0.0	0.0	0.0	0.0	-0.0	1.0	1	1953	294.2	-511.4	-0.01	0.0	1
49.08	0	0.0	0.0	0.0	0.0	-0.0	1.0	1	1953	294.2	-511.4	-0.01	0.0	1
49.18	0	0.0	0.0	0.0	0.0	-0.0	1.0	1	1953	294.2	-511.4	-0.01	0.0	1
49.28	0	0.0	0.0	0.0	0.0	-0.0	1.0	1	1953	294.2	-511.4	-0.01	0.0	1
49.38	0	0.0	0.0	0.0	0.0	-0.0	1.0	1	1953	294.2	-511.4	-0.01	0.0	1
49.48	0	0.0	0.0	0.0	0.0	-0.0	1.0	1	1953	294.2	-511.4	-0.01	0.0	1
49.58	0	0.0	0.0	0.0	0.0	-0.0	1.0	1	1953	294.2	-511.4	-0.01	0.0	1
49.68	0	0.0	0.0	0.0	0.0	-0.0	1.0	1	1953	294.2	-511.4	-0.01	0.0	1
49.78	0	0.0	0.0	0.0	0.0	-0.0	1.0	1	1953	294.2	-511.4	-0.01	0.0	1
49.89	0	0.0	0.0	0.0	0.0	-0.0	1.0	1	1953	294.2	-511.4	-0.01	0.0	1
49.99	0	0.0	0.0	0.0	0.0	-0.0	1.0	1	1953	294.2	-511.4	-0.01	0.0	1
50.09	0	0.0	0.0	0.0	0.0	-0.0	1.0	1	1953	294.2	-511.4	-0.01	0.0	1
50.19	0	0.0	0.0	0.0	0.0	-0.0	1.0	1	1953	294.2	-511.4	-0.01	0.0	1
50.29	0	0.0	0.0	0.0	0.0	-0.0	1.0	1	1953	294.2	-511.4	-0.01	0.0	1
50.39	0	0.0	0.0	0.0	0.0	-0.0	1.0	1	1953	294.2	-511.4	-0.01	0.0	1
50.49	0	0.0	0.0	0.0	0.0	-0.0	1.0	1	1953	294.2	-511.4	-0.01	0.0	1
50.59	0	0.0	0.0	0.0	0.0	-0.0	1.0	1	1953	294.2	-511.4	-0.01	0.0	1
50.69	0	0.0	0.0	0.0	0.0	-0.0	1.0	1	1953	294.2	-511.4	-0.01	0.0	1
50.79	0	0.0	0.0	0.0	0.0	-0.0	1.0	1	1953	294.2	-511.4	-0.01	0.0	1
50.89	0	0.0	0.0	0.0	0.0	-0.0	1.0	1	1953	294.2	-511.4	-0.01	0.0	1
50.99	0	0.0	0.0	0.0	0.0	-0.0	1.0	1	1953	294.2	-511.4	-0.01	0.0	1
51.09	0	0.0	0.0	0.0	0.0	-0.0	1.0	1	1953	294.2	-511.4	-0.01	0.0	1
51.19	0	0.0	0.0	0.0	0.0	-0.0	1.0	1	1953	294.2	-511.4	-0.01	0.0	1
51.29	0	0.0	0.0	0.0	0.0	-0.0	1.0	1	1953	294.2	-511.4	-0.01	0.0	1
51.39	0	0.0	0.0	0.0	0.0	-0.0	1.0	1	1953	294.2	-511.4	-0.01	0.0	1
51.49	0	0.0	0.0	0.0	0.0	-0.0	1.0	1	1953	294.2	-511.4	-0.01	0.0	1
51.59	0	0.0	0.0	0.0	0.0	-0.0	1.0	1	1953	294.2	-511.4	-0.01	0.0	1
51.69	0	0.0	0.0	0.0	0.0	-0.0	1.0	1	1953	294.2	-511.4	-0.01	0.0	1
51.79	0	0.0	0.0	0.0	0.0	-0.0	1.0	1	1953	294.2	-511.4	-0.01	0.0	1
51.89	0	0.0	0.0	0.0	0.0	-0.0	1.0	1	1953	294.2	-511.4	-0.01	0.0	1
51.99	0	0.0	0.0	0.0	0.0	-0.0	1.0	1	1953	294.2	-511.4	-0.01	0.0	1
52.09	0	0.0	0.0	0.0	0.0	-0.0	1.0	1	1953	294.2	-511.4	-0.01	0.0	1
52.19	0	0.0	0.0	0.0	0.0	-0.0	1.0	1	1953	294.2	-511.4	-0.01	0.0	1
52.3	0	0.0	0.0	0.0	0.0	-0.0	1.0	1	1953	294.2	-511.4	-0.01	0.0	1
52.39	0	0.0	0.0	0.0	0.0	-0.0	1.0	1	1953	294.2	-511.4	-0.01	0.0	1
52.5	0	0.0	0.0	0.0	0.0	-0.0	1.0	1	1953	294.2	-511.4	-0.01	0.0	1
52.59	0	0.0	0.0	0.0	0.0	-0.0	1.0	1	1953	294.2	-511.4	-0.01	0.0	1
52.69	0	0.0	0.0	0.0	0.0	-0.0	1.0	1	1953	294.2	-511.4	-0.01	0.0	1
52.79	0	0.0	0.0	0.0	0.0	-0.0	1.0	1	1953	294.2	-511.4	-0.01	0.0	1
52.9	0	0.0	0.0	0.0	0.0	-0.0	1.0	1	1953	294.2	-511.4	-0.01	0.0	1
53.0	0	0.0	0.0	0.0	0.0	-0.0	1.0	1	1953	294.2	-511.4	-0.01	0.0	1
53.1	0	0.0	0.0	0.0	0.0	-0.0	1.0	1	1953	294.2	-511.4	-0.01	0.0	1
53.2	0	0.0	0.0	0.0	0.0	-0.0	1.0	1	1953	294.2	-511.4	-0.01	0.0	1
53.3	0	0.0	0.0	0.0	0.0	-0.0	1.0	1	1953	294.2	-511.4	-0.01	0.0	1
53.4	0	0.0	0.0	0.0	0.0	-0.0	1.0	1	1953	294.2	-511.4	-0.01	0.0	1
53.5	0	0.0	0.0	0.0	0.0	-0.0	1.0	1	1953	294.2	-511.4	-0.01	0.0	1
53.6	0	0.0	0.0	0.0	0.0	-0.0	1.0	1	1953	294.2	-511.4	-0.01	0.0	1
53.7	0	0.0	0.0	0.0	0.0	-0.0	1.0	1	1953	294.2	-511.4	-0.01	0.0	1
53.8	0	0.0	0.0	0.0	0.0	-0.0	1.0	1	1953	294.2	-511.4	-0.01	0.0	1
53.9	0	0.0	0.0	0.0	0.0	-0.0	1.0	1	1953	294.2	-511.4	-0.01	0.0	1
54.0	0	0.0	0.0	0.0	0.0	-0.0	1.0	1	1953	294.2	-511.4	-0.01	0.0	1
54.1	0	0.0	0.0	0.0	0.0	-0.0	1.0	1	1953	294.2	-511.4	-0.01	0.0	1
54.2	0	0.0	0.0	0.0	0.0	-0.0	1.0	1	1953	294.2	-511.4	-0.01	0.0	1
54.3	0	0.0	0.0	0.0	0.0	-0.0	1.0	1	1953	294.2	-511.4	-0.01	0.0	1
54.4	0	0.0	0.0	0.0	0.0	-0.0	1.0	1	1953	294.2	-511.4	-0.01	0.0	1
54.5	0	0.0	0.0	0.0	0.0	-0.0	1.0	1	1953	294.2	-511.4	-0.01	0.0	1
54.6	0	0.0	0.0	0.0	0.0	-0.0	1.0	1	1953	294.2	-511.4	-0.01	0.0	1
54.7	0	0.0	0.0	0.0	0.0	-0.0	1.0	1	1953	294.2	-511.4	-0.01	0.0	1
54.8	0	0.0	0.0	0.0	0.0	-0.0	1.0	1	1953	294.2	-511.4	-0.01	0.0	1
54.9	0	0.0	0.0	0.0	0.0	-0.0	1.0	1	1953	294.2	-511.4	-0.01	0.0	1
55.0	0	0.0	0.0	0.0	0.0	-0.0	1.0	1	1953	294.2	-511.4	-0.01	0.0	1
55.1	0	0.0	0.0	0.0	0.0	-0.0	1.0	1	1953	294.2	-511.4	-0.01	0.0	1
55.2	0	0.0	0.0	0.0	0.0	-0.0	1.0	1	1953	294.2	-511.4	-0.01	0.0	1
55.3	0	0.0	0.0	0.0	0.0	-0.0	1.0	1	1953	294.2	-511.4	-0.01	0.0	1
55.4	0	0.0	0.0	0.0	0.0	-0.0	1.0	1	1953	294.2	-511.4	-0.01	0.0	1
55.5	0	0.0	0.0	0.0	0.0	-0.0	1.0	1	1953	294.2	-511.4	-0.01	0.0	1
55.6	0	0.0	0.0	0.0	0.0	-0.0	1.0	1	1953	294.2	-511.4	-0.01	0.0	1
55.7	0	0.0	0.0	0.0	0.0	-0.0	1.0	1	1953	294.2	-511.4	-0.01	0.0	1
55.83	0	0.0	0.0	0.0	0.0	-0.0	1.0	1	1953	294.2	-511.4	-0.01	0.0	1
55.94	0	0.0	0.0	0.0	0.0	-0.0	1.0	1	1953	294.2	-511.4	-0.01	0.0	1
56.04	0	0.0	0.0	0.0	0.0	-0.0	1.0	1	1953	294.2	-511.4	-0.01	0.0	1
56.14	0	0.0	0.0	0.0	0.0	-0.0	1.0	1	1953	294.2	-511.4	-0.01	0.0	1
56.24	0	0.0	0.0	0.0	0.0	-0.0	1.0	1	1953	294.2	-511.4	-0.01	0.0	1
56.34	0	0.0	0.0	0.0	0.0	-0.0	1.0	1	1953	294.2	-511.4	-0.01	0.0	1
56.44	0	0.0	0.0	0.0	0.0	-0.0	1.0	1	1953	294.2	-511.4	-0.01	0.0	1
56.54	0	0.0	0.0	0.0	0.0	-0.0	1.0	1	1953	294.2	-511.4	-0.01	0.0	1
56.64	0	0.0	0.0	0.0	0.0	-0.0	1.0	1	1953	294.2	-511.4	-0.01	0.0	1
56.74	0	0.0	0.0	0.0	0.0	-0.0	1.0	1	1953	294.2	-511.4	-0.01	0.0	1
56.84	0	0.0	0.0	0.0	0.0	-0.0	1.0	1	1953	294.2	-511.4	-0.01	0.0	1
56.94	0	0.0	0.0	0.0	0.0	-0.0	1.0	1	1953	294.2	-511.4	-0.01	0.0	1
57.04	0	0.0	0.0	0.0	0.0	-0.0	1.0	1	1953	294.2	-511.4	-0.01	0.0	1
57.13	0	0.0	0.0	0.0	0.0	-0.0	1.0	1	1953	294.2	-511.4	-0.01	0.0	1
57.23	0	0.0	0.0	0.0	0.0	-0.0	1.0	1	1953	294.2	-511.4	-0.01	0.0	1
57.34	0	0.0	0.0	0.0	0.0	-0.0	1.0	1	1953	294.2	-511.4	-0.01	0.0	1
57.43	0	0.0	0.0	0.0	0.0	-0.0	1.0	1	1953	294.2	-511.4	-0.01	0.0	1
57.53	0	0.0	0.0	0.0	0.0	-0.0	1.0	1	1953	294.2	-511.4	-0.01	0.0	1
57.63	0	0.0	0.0	0.0	0.0	-0.0	1.0	1	1953	294.2	-511.4	-0.01	0.0	1
57.73	0	0.0	0.0	0.0	0.0	-0.0	1.0	1	1953	294.2	-511.4	-0.01	0.0	1
57.83	0	0.0	0.0	0.0	0.0	-0.0	1.0	1	1953	294.2	-511.4	-0.01	0.0	1
57.93	0	0.0	0.0	0.0	0.0	-0.0	1.0	1	1953	294.2	-511.4	-0.01	0.0	1
58.03	0	0.0	0.0	0.0	0.0	-0.0	1.0	1	1953	294.2	-511.4	-0.01	0.0	1
58.13	0	0.0	0.0	0.0	0.0	-0.0	1.0	1	1953	294.2	-511.4	-0.01	0.0	1
58.23	0	0.0	0.0	0.0	0.0	-0.0	1.0	1	1953	294.2	-511.4	-0.01	0.0	1
58.33	0	0.0	0.0	0.0	0.0	-0.0	1.0	1	1953	294.2	-511.4	-0.01	0.0	1
58.43	0	0.0	0.0	0.0	0.0	-0.0	1.0	1	1953	294.2	-511.4	-0.01	0.0	1
58.53	0	0.0	0.0	0.0	0.0	-0.0	1.0	1	1953	294.2	-511.4	-0.01	0.0	1
58.63	0	0.0	0.0	0.0	0.0	-0.0	1.0	1	1953	294.2	-511.4	-0.01	0.0	1
58.73	0	0.0	0.0	0.0	0.0	-0.0	1.0	1	1953	294.2	-511.4	-0.01	0.0	1
58.83	0	0.0	0.0	0.0	0.0	-0.0	1.0	1	1953	294.2	-511.4	-0.01	0.0	1
58.94	0	0.0	0.0	0.0	0.0	-0.0	1.0	1	1953	294.2	-511.4	-0.01	0.0	1
59.04	0	0.0	0.0	0.0	0.0	-0.0	1.0	1	1953	294.2	-511.4	-0.01	0.0	1
59.14	0	0.0	0.0	0.0	0.0	-0.0	1.0	1	1953	294.2	-511.4	-0.01	0.0	1
59.24	0	0.0	0.0	0.0	0.0	-0.0	1.0	1	1953	294.2	-511.4	-0.01	0.0	1
59.34	0	0.0	0.0	0.0	0.0	-0.0	1.0	1	1953	294.2	-511.4	-0.01	0.0	1
59.44	0	0.0	0.0	0.0	0.0	-0.0	1.0	1	1953	294.2	-511.4	-0.01	0.0	1
59.54	0	0.0	0.0	0.0	0.0	-0.0	1.0	1	1953	294.2	-511.4	-0.01	0.0	1
59.64	0	0.0	0.0	0.0	0.0	-0.0	1.0	1	1953	294.2	-511.4	-0.01	0.0	1
59.74	0	0.0	0.0	0.0	0.0	-0.0	1.0	1	1953	294.2	-511.4	-0.01	0.0	1
59.84	0	0.0	0.0	0.0	0.0	-0.0	1.0	1	1953	294.2	-511.4	-0.01	0.0	1
59.94	0	0.0	0.0	0.0	0.0	-0.0	1.0	1	1953	294.2	-511.4	-0.01	0.0	1
60.04	0	0.0	0.0	0.0	0.0	-0.0	1.0	1	1953	294.2	-511.4	-0.01	0.0	1
60.14	0	0.0	0.0	0.0	0.0	-0.0	1.0	1	1953	294.2	-511.4	-0.01	0.0	1
60.24	0	0.0	0.0	0.0	0.0	-0.0	1.0	1	1953	294.2	-511.4	-0.01	0.0	1
60.34	0	0.0	0.0	0.0	0.0	-0.0	1.0	1	1953	294.2	-511.4	-0.01	0.0	1
60.44	0	0.0	0.0	0.0	0.0	-0.0	1.0	1	1953	294.2	-511.4	-0.01	0.0	1
60.54	0	0.0	0.0	0.0	0.0	-0.0	1.0	1	1953	294.2	-511.4	-0.01	0.0	1
60.64	0	0.0	0.0	0.0	0.0	-0.0	1.0	1	1953	294.2	-511.4	-0.01	0.0	1
60.74	0	0.0	0.0	0.0	0.0	-0.0	1.0	1	1953	294.2	-511.4	-0.01	0.0	1
60.85	0	0.0	0.0	0.0	0.0	-0.0	1.0	1	1953	294.2	-511.4	-0.01	0.0	1
60.95	0	0.0	0.0	0.0	0.0	-0.0	1.0	1	1953	294.2	-511.4	-0.01	0.0	1
61.05	0	0.0	0.0	0.0	0.0	-0.0	1.0	1	1953	294.2	-511.4	-0.01	0.0	1
61.15	0	0.0	0.0	0.0	0.0	-0.0	1.0	1	1953	294.2	-511.4	-0.01	0.0	1
61.25	0	0.0	0.0	0.0	0.0	-0.0	1.0	1	1953	294.2	-511.4	-0.01	0.0	1
61.35	0	0.0	0.0	0.0	0.0	-0.0	1.0	1	1953	294.2	-511.4	-0.01	0.0	1
61.45	0	0.0	0.0	0.0	0.0	-0.0	1.0	1	1953	294.2	-511.4	-0.01	0.0	1
61.55	0	0.0	0.0	0.0	0.0	-0.0	1.0	1	1953	294.2	-511.4	-0.01	0.0	1
61.65	0	0.0	0.0	0.0	0.0	-0.0	1.0	1	1953	294.2	-511.4	-0.01	0.0	1
61.75	0	0.0	0.0	0.0	0.0	-0.0	1.0	1	1953	294.2	-511.4	-0.01	0.0	1
61.87	0	0.0	0.0	0.0	0.0	-0.0	1.0	1	1953	294.2	-511.4	-0.01	0.0	1
61.97	0	0.0	0.0	0.0	0.0	-0.0	1.0	1	1953	294.2	-511.4	-0.01	0.0	1
62.07	0	0.0	0.0	0.0	0.0	-0.0	1.0	1	1953	294.2	-511.4	-0.01	0.0	1
62.17	0	0.0	0.0	0.0	0.0	-0.0	1.0	1	1953	294.2	-511.4	-0.01	0.0	1
62.27	0	0.0	0.0	0.0	0.0	-0.0	1.0	1	1953	294.2	-511.4	-0.01	0.0	1
62.37	0	0.0	0.0	0.0	0.0	-0.0	1.0	1	1953	294.2	-511.4	-0.01	0.0	1
62.47	0	0.0	0.0	0.0	0.0	-0.0	1.0	1	1953	294.2	-511.4	-0.01	0.0	1
62.57	0	0.0	0.0	0.0	0.0	-0.0	1.0	1	1953	294.2	-511.4	-0.01	0.0	1
62.67	0	0.0	0.0	0.0	0.0	-0.0	1.0	1	1953	294.2	-511.4	-0.01	0.0	1
62.77	0	0.0	0.0	0.0	0.0	-0.0	1.0	1	1953	294.2	-511.4	-0.01	0.0	1
62.87	0	0.0	0.0	0.0	0.0	-0.0	1.0	1	1953	294.2	-511.4	-0.01	0.0	1
62.97	0	0.0	0.0	0.0	0.0	-0.0	1.0	1	1953	294.2	-511.4	-0.01	0.0	1
63.07	0	0.0	0.0	0.0	0.0	-0.0	1.0	1	1953	294.2	-511.4	-0.01	0.0	1
63.17	0	0.0	0.0	0.0	0.0	-0.0	1.0	1	1953	294.2	-511.4	-0.01	0.0	1
63.27	0	0.0	0.0	0.0	0.0	-0.0	1.0	1	1953	294.2	-511.4	-0.01	0.0	1
63.37	0	0.0	0.0	0.0	0.0	-0.0	1.0	1	1953	294.2	-511.4	-0.01	0.0	1
63.47	0	0.0	0.0	0.0	0.0	-0.0	1.0	1	1953	294.2	-511.4	-0.01	0.0	1
63.57	0	0.0	0.0	0.0	0.0	-0.0	1.0	1	1953	294.2	-511.4	-0.01	0.0	1
63.67	0	0.0	0.0	0.0	0.0	-0.0	1.0	1	1953	294.2	-511.4	-0.01	0.0	1
63.77	0	0.0	0.0	0.0	0.0	-0.0	1.0	1	1953	294.2	-511.4	-0.01	0.0	1
63.87	0	0.0	0.0	0.0	0.0	-0.0	1.0	1	1953	294.2	-511.4	-0.01	0.0	1
63.97	0	0.0	0.0	0.0	0.0	-0.0	1.0	1	1953	294.2	-511.4	-0.01	0.0	1
64.07	0	0.0	0.0	0.0	0.0	-0.0	1.0	1	1953	294.2	-511.4	-0.01	0.0	1
64.17	0	0.0	0.0	0.0	0.0	-0.0	1.0	1	1953	294.2	-511.4	-0.01	0.0	1
64.3	0	0.0	0.0	0.0	0.0	-0.0	1.0	1	1953	294.2	-511.4	-0.01	0.0	1
64.37	0	0.0	0.0	0.0	0.0	-0.0	1.0	1	1953	294.2	-511.4	-0.01	0.0	1
64.47	0	0.0	0.0	0.0	0.0	-0.0	1.0	1	1953	294.2	-511.4	-0.01	0.0	1
64.57	0	0.0	0.0	0.0	0.0	-0.0	1.0	1	1953	294.2	-511.4	-0.01	0.0	1
64.67	0	0.0	0.0	0.0	0.0	-0.0	1.0	1	1953	294.2	-511.4	-0.01	0.0	1
64.77	0	0.0	0.0	0.0	0.0	-0.0	1.0	1	1953	294.2	-511.4	-0.01	0.0	1
64.87	0	0.0	0.0	0.0	0.0	-0.0	1.0	1	1953	294.2	-511.4	-0.01	0.0	1
64.97	0	0.0	0.0	0.0	0.0	-0.0	1.0	1	1953	294.2	-511.4	-0.01	0.0	1
65.07	0	0.0	0.0	0.0	0.0	-0.0	1.0	1	1953	294.2	-511.4	-0.01	0.0	1
65.17	0	0.0	0.0	0.0	0.0	-0.0	1.0	1	1953	294.2	-511.4	-0.01	0.0	1
65.27	0	0.0	0.0	0.0	0.0	-0.0	1.0	1	1953	294.2	-511.4	-0.01	0.0	1
65.37	0	0.0	0.0	0.0	0.0	-0.0	1.0	1	1953	294.2	-511.4	-0.01	0.0	1
65.47	0	0.0	0.0	0.0	0.0	-0.0	1.0	1	1953	294.2	-511.4	-0.01	0.0	1
65.57	0	0.0	0.0	0.0	0.0	-0.0	1.0	1	1953	294.2	-511.4	-0.01	0.0	1
65.67	0	0.0	0.0	0.0	0.0	-0.0	1.0	1	1953	294.2	-511.4	-0.01	0.0	1
65.77	0	0.0	0.0	0.0	0.0	-0.0	1.0	1	1953	294.2	-511.4	-0.01	0.0	1
65.9	0	0.0	0.0	0.0	0.0	-0.0	1.0	1	1953	294.2	-511.4	-0.01	0.0	1
66.0	0	0.0	0.0	0.0	0.0	-0.0	1.0	1	1953	294.2	-511.4	-0.01	0.0	1
66.1	0	0.0	0.0	0.0	0.0	-0.0	1.0	1	1953	294.2	-511.4	-0.01	0.0	1
66.2	0	0.0	0.0	0.0	0.0	-0.0	1.0	1	1953	294.2	-511.4	-0.01	0.0	1
66.3	0	0.0	0.0	0.0	0.0	-0.0	1.0	1	1953	294.2	-511.4	-0.01	0.0	1
66.4	0	0.0	0.0	0.0	0.0	-0.0	1.0	1	1953	294.2	-511.4	-0.01	0.0	1
66.5	0	0.0	0.0	0.0	0.0	-0.0	1.0	1	1953	294.2	-511.4	-0.01	0.0	1
66.6	0	0.0	0.0	0.0	0.0	-0.0	1.0	1	1953	294.2	-511.4	-0.01	0.0	1
66.7	0	0.0	0.0	0.0	0.0	-0.0	1.0	1	1953	294.2	-511.4	-0.01	0.0	1
66.8	0	0.0	0.0	0.0	0.0	-0.0	1.0	1	1953	294.2	-511.4	-0.01	0.0	1
66.9	0	0.0	0.0	0.0	0.0	-0.0	1.0	1	1953	294.2	-511.4	-0.01	0.0	1
67.01	0	0.0	0.0	0.0	0.0	-0.0	1.0	1	1953	294.2	-511.4	-0.01	0.0	1
67.11	0	0.0	0.0	0.0	0.0	-0.0	1.0	1	1953	294.2	-511.4	-0.01	0.0	1
67.21	0	0.0	0.0	0.0	0.0	-0.0	1.0	1	1953	294.2	-511.4	-0.01	0.0	1
67.31	0	0.0	0.0	0.0	0.0	-0.0	1.0	1	1953	294.2	-511.4	-0.01	0.0	1
67.41	0	0.0	0.0	0.0	0.0	-0.0	1.0	1	1953	294.2	-511.4	-0.01	0.0	1
67.51	0	0.0	0.0	0.0	0.0	-0.0	1.0	1	1953	294.2	-511.4	-0.01	0.0	1
67.61	0	0.0	0.0	0.0	0.0	-0.0	1.0	1	1953	294.2	-511.4	-0.01	0.0	1
67.71	0	0.0	0.0	0.0	0.0	-0.0	1.0	1	1953	294.2	-511.4	-0.01	0.0	1
67.81	0	0.0	0.0	0.0	0.0	-0.0	1.0	1	1953	294.2	-511.4	-0.01	0.0	1
67.91	0	0.0	0.0	0.0	0.0	-0.0	1.0	1	1953	294.2	-511.4	-0.01	0.0	1
68.01	0	0.0	0.0	0.0	0.0	-0.0	1.0	1	1953	294.2	-511.4	-0.01	0.0	1
68.12	0	0.0	0.0	0.0	0.0	-0.0	1.0	1	1953	294.2	-511.4	-0.01	0.0	1
68.22	0	0.0	0.0	0.0	0.0	-0.0	1.0	1	1953	294.2	-511.4	-0.01	0.0	1
68.32	0	0.0	0.0	0.0	0.0	-0.0	1.0	1	1953	294.2	-511.4	-0.01	0.0	1
68.42	0	0.0	0.0	0.0	0.0	-0.0	1.0	1	1953	294.2	-511.4	-0.01	0.0	1
68.52	0	0.0	0.0	0.0	0.0	-0.0	1.0	1	1953	294.2	-511.4	-0.01	0.0	1
68.62	0	0.0	0.0	0.0	0.0	-0.0	1.0	1	1953	294.2	-511.4	-0.01	0.0	1
68.72	0	0.0	0.0	0.0	0.0	-0.0	1.0	1	1953	294.2	-511.4	-0.01	0.0	1
68.82	0	0.0	0.0	0.0	0.0	-0.0	1.0	1	1953	294.2	-511.4	-0.01	0.0	1
68.92	0	0.0	0.0	0.0	0.0	-0.0	1.0	1	1953	294.2	-511.4	-0.01	0.0	1
69.02	0	0.0	0.0	0.0	0.0	-0.0	1.0	1	1953	294.2	-511.4	-0.01	0.0	1
69.12	0	0.0	0.0	0.0	0.0	-0.0	1.0	1	1953	294.2	-511.4	-0.01	0.0	1
69.23	0	0.0	0.0	0.0	0.0	-0.0	1.0	1	1953	294.2	-511.4	-0.01	0.0	1
69.33	0	0.0	0.0	0.0	0.0	-0.0	1.0	1	1953	294.2	-511.4	-0.01	0.0	1
69.43	0	0.0	0.0	0.0	0.0	-0.0	1.0	1	1953	294.2	-511.4	-0.01	0.0	1
69.53	0	0.0	0.0	0.0	0.0	-0.0	1.0	1	1953	294.2	-511.4	-0.01	0.0	1
69.63	0	0.0	0.0	0.0	0.0	-0.0	1.0	1	1953	294.2	-511.4	-0.01	0.0	1
69.73	0	0.0	0.0	0.0	0.0	-0.0	1.0	1	1953	294.2	-511.4	-0.01	0.0	1
69.83	0	0.0	0.0	0.0	0.0	-0.0	1.0	1	1953	294.2	-511.4	-0.01	0.0	1
69.93	0	0.0	0.0	0.0	0.0	-0.0	1.0	1	1953	294.2	-511.4	-0.01	0.0	1
70.03	0	0.0	0.0	0.0	0.0	-0.0	1.0	1	1953	294.2	-511.4	-0.01	0.0	1
70.13	0	0.0	0.0	0.0	0.0	-0.0	1.0	1	1953	294.2	-511.4	-0.01	0.0	1
70.23	0	0.0	0.0	0.0	0.0	-0.0	1.0	1	1953	294.2	-511.4	-0.01	0.0	1
70.33	0	0.0	0.0	0.0	0.0	-0.0	1.0	1	1953	294.2	-511.4	-0.01	0.0	1
70.43	0	0.0	0.0	0.0	0.0	-0.0	1.0	1	1953	294.2	-511.4	-0.01	0.0	1
70.53	0	0.0	0.0	0.0	0.0	-0.0	1.0	1	1953	294.2	-511.4	-0.01	0.0	1
70.63	0	0.0	0.0	0.0	0.0	-0.0	1.0	1	1953	294.2	-511.4	-0.01	0.0	1
70.73	0	0.0	0.0	0.0	0.0	-0.0	1.0	1	1953	294.2	-511.4	-0.01	0.0	1
70.83	0	0.0	0.0	0.0	0.0	-0.0	1.0	1	1953	294.2	-511.4	-0.01	0.0	1
70.93	0	0.0	0.0	0.0	0.0	-0.0	1.0	1	1953	294.2	-511.4	-0.01	0.0	1
71.03	0	0.0	0.0	0.0	0.0	-0.0	1.0	1	1953	294.2	-511.4	-0.01	0.0	1
71.13	0	0.0	0.0	0.0	0.0	-0.0	1.0	1	1953	294.2	-511.4	-0.01	0.0	1
71.23	0	0.0	0.0	0.0	0.0	-0.0	1.0	1	1953	294.2	-511.4	-0.01	0.0	1
71.33	0	0.0	0.0	0.0	0.0	-0.0	1.0	1	1953	294.2	-511.4	-0.01	0.0	1
71.46	0	0.0	0.0	0.0	0.0	-0.0	1.0	1	1953	294.2	-511.4	-0.01	0.0	1
71.55	0	0.0	0.0	0.0	0.0	-0.0	1.0	1	1953	294.2	-511.4	-0.01	0.0	1
71.65	0	0.0	0.0	0.0	0.0	-0.0	1.0	1	1953	294.2	-511.4	-0.01	0.0	1
71.75	0	0.0	0.0	0.0	0.0	-0.0	1.0	1	1953	294.2	-511.4	-0.01	0.0	1
71.85	0	0.0	0.0	0.0	0.0	-0.0	1.0	1	1953	294.2	-511.4	-0.01	0.0	1
71.95	0	0.0	0.0	0.0	0.0	-0.0	1.0	1	1953	294.2	-511.4	-0.01	0.0	1
72.05	0	0.0	0.0	0.0	0.0	-0.0	1.0	1	1953	294.2	-511.4	-0.01	0.0	1
72.15	0	0.0	0.0	0.0	0.0	-0.0	1.0	1	1953	294.2	-511.4	-0.01	0.0	1
72.25	0	0.0	0.0	0.0	0.0	-0.0	1.0	1	1953	294.2	-511.4	-0.01	0.0	1
72.35	0	0.0	0.0	0.0	0.0	-0.0	1.0	1	1953	294.2	-511.4	-0.01	0.0	1
72.45	0	0.0	0.0	0.0	0.0	-0.0	1.0	1	1953	294.2	-511.4	-0.01	0.0	1
72.55	0	0.0	0.0	0.0	0.0	-0.0	1.0	1	1953	294.2	-511.4	-0.01	0.0	1
72.65	0	0.0	0.0	0.0	0.0	-0.0	1.0	1	1953	294.2	-511.4	-0.01	0.0	1
72.75	0	0.0	0.0	0.0	0.0	-0.0	1.0	1	1953	294.2	-511.4	-0.01	0.0	1
72.85	0	0.0	0.0	0.0	0.0	-0.0	1.0	1	1953	294.2	-511.4	-0.01	0.0	1
72.95	0	0.0	0.0	0.0	0.0	-0.0	1.0	1	1953	294.2	-511.4	-0.01	0.0	1
73.05	0	0.0	0.0	0.0	0.0	-0.0	1.0	1	1953	294.2	-511.4	-0.01	0.0	1
73.15	0	0.0	0.0	0.0	0.0	-0.0	1.0	1	1953	294.2	-511.4	-0.01	0.0	1
73.25	0	0.0	0.0	0.0	0.0	-0.0	1.0	1	1953	294.2	-511.4	-0.01	0.0	1
73.35	0	0.0	0.0	0.0	0.0	-0.0	1.0	1	1953	294.2	-511.4	-0.01	0.0	1
73.45	0	0.0	0.0	0.0	0.0	-0.0	1.0	1	1953	294.2	-511.4	-0.01	0.0	1
73.55	0	0.0	0.0	0.0	0.0	-0.0	1.0	1	1953	294.2	-511.4	-0.01	0.0	1
73.65	0	0.0	0.0	0.0	0.0	-0.0	1.0	1	1953	294.2	-511.4	-0.01	0.0	1
73.75	0	0.0	0.0	0.0	0.0	-0.0	1.0	1	1953	294.2	-511.4	-0.01	0.0	1
73.85	0	0.0	0.0	0.0	0.0	-0.0	1.0	1	1953	294.2	-511.4	-0.01	0.0	1
73.95	0	0.0	0.0	0.0	0.0	-0.0	1.0	1	1953	294.2	-511.4	-0.01	0.0	1
74.05	0	0.0	0.0	0.0	0.0	-0.0	1.0	1	1953	294.2	-511.4	-0.01	0.0	1
74.15	0	0.0	0.0	0.0	0.0	-0.0	1.0	1	1953	294.2	-511.4	-0.01	0.0	1
74.25	0	0.0	0.0	0.0	0.0	-0.0	1.0	1	1953	294.2	-511.4	-0.01	0.0	1
74.35	0	0.0	0.0	0.0	0.0	-0.0	1.0	1	1953	294.2	-511.4	-0.01	0.0	1
74.45	0	0.0	0.0	0.0	0.0	-0.0	1.0	1	1953	294.2	-511.4	-0.01	0.0	1
74.55	0	0.0	0.0	0.0	0.0	-0.0	1.0	1	1953	294.2	-511.4	-0.01	0.0	1
74.67	0	0.0	0.0	0.0	0.0	-0.0	1.0	1	1953	294.2	-511.4	-0.01	0.0	1
74.77	0	0.0	0.0	0.0	0.0	-0.0	1.0	1	1953	294.2	-511.4	-0.01	0.0	1
74.87	0	0.0	0.0	0.0	0.0	-0.0	1.0	1	1953	294.2	-511.4	-0.01	0.0	1
74.97	0	0.0	0.0	0.0	0.0	-0.0	1.0	1	1953	294.2	-511.4	-0.01	0.0	1
75.08	0	0.0	0.0	0.0	0.0	-0.0	1.0	1	1953	294.2	-511.4	-0.01	0.0	1
75.17	0	0.0	0.0	0.0	0.0	-0.0	1.0	1	1953	294.2	-511.4	-0.01	0.0	1
75.27	0	0.0	0.0	0.0	0.0	-0.0	1.0	1	1953	294.2	-511.4	-0.01	0.0	1
75.37	0	0.0	0.0	0.0	0.0	-0.0	1.0	1	1953	294.2	-511.4	-0.01	0.0	1
75.47	0	0.0	0.0	0.0	0.0	-0.0	1.0	1	1953	294.2	-511.4	-0.01	0.0	1
75.57	0	0.0	0.0	0.0	0.0	-0.0	1.0	1	1953	294.2	-511.4	-0.01	0.0	1
75.67	0	0.0	0.0	0.0	0.0	-0.0	1.0	1	1953	294.2	-511.4	-0.01	0.0	1
75.77	0	0.0	0.0	0.0	0.0	-0.0	1.0	1	1953	294.2	-511.4	-0.01	0.0	1
75.88	0	0.0	0.0	0.0	0.0	-0.0	1.0	1	1953	294.2	-511.4	-0.01	0.0	1
75.98	0	0.0	0.0	0.0	0.0	-0.0	1.0	1	1953	294.2	-511.4	-0.01	0.0	1
76.08	0	0.0	0.0	0.0	0.0	-0.0	1.0	1	1953	294.2	-511.4	-0.01	0.0	1
76.18	0	0.0	0.0	0.0	0.0	-0.0	1.0	1	1953	294.2	-511.4	-0.01	0.0	1
76.28	0	0.0	0.0	0.0	0.0	-0.0	1.0	1	1953	294.2	-511.4	-0.01	0.0	1
76.38	0	0.0	0.0	0.0	0.0	-0.0	1.0	1	1953	294.2	-511.4	-0.01	0.0	1
76.48	0	0.0	0.0	0.0	0.0	-0.0	1.0	1	1953	294.2	-511.4	-0.01	0.0	1
76.58	0	0.0	0.0	0.0	0.0	-0.0	1.0	1	1953	294.2	-511.4	-0.01	0.0	1
76.68	0	0.0	0.0	0.0	0.0	-0.0	1.0	1	1953	294.2	-511.4	-0.01	0.0	1
76.78	0	0.0	0.0	0.0	0.0	-0.0	1.0	1	1953	294.2	-511.4	-0.01	0.0	1
76.88	0	0.0	0.0	0.0	0.0	-0.0	1.0	1	1953	294.2	-511.4	-0.01	0.0	1
76.98	0	0.0	0.0	0.0	0.0	-0.0	1.0	1	1953	294.2	-511.4	-0.01	0.0	1
77.09	0	0.0	0.0	0.0	0.0	-0.0	1.0	1	1953	294.2	-511.4	-0.01	0.0	1
77.18	0	0.0	0.0	0.0	0.0	-0.0	1.0	1	1953	294.2	-511.4	-0.01	0.0	1
77.29	0	0.0	0.0	0.0	0.0	-0.0	1.0	1	1953	294.2	-511.4	-0.01	0.0	1
77.39	0	0.0	0.0	0.0	0.0	-0.0	1.0	1	1953	294.2	-511.4	-0.01	0.0	1
77.49	0	0.0	0.0	0.0	0.0	-0.0	1.0	1	1953	294.2	-511.4	-0.01	0.0	1
77.59	0	0.0	0.0	0.0	0.0	-0.0	1.0	1	1953	294.2	-511.4	-0.01	0.0	1
77.69	0	0.0	0.0	0.0	0.0	-0.0	1.0	1	1953	294.2	-511.4	-0.01	0.0	1
77.79	0	0.0	0.0	0.0	0.0	-0.0	1.0	1	1953	294.2	-511.4	-0.01	0.0	1
77.89	0	0.0	0.0	0.0	0.0	-0.0	1.0	1	1953	294.2	-511.4	-0.01	0.0	1
77.99	0	0.0	0.0	0.0	0.0	-0.0	1.0	1	1953	294.2	-511.4	-0.01	0.0	1
78.09	0	0.0	0.0	0.0	0.0	-0.0	1.0	1	1953	294.2	-511.4	-0.01	0.0	1
78.19	0	0.0	0.0	0.0	0.0	-0.0	1.0	1	1953	294.2	-511.4	-0.01	0.0	1
78.29	0	0.0	0.0	0.0	0.0	-0.0	1.0	1	1953	294.2	-511.4	-0.01	0.0	1
78.39	0	0.0	0.0	0.0	0.0	-0.0	1.0	1	1953	294.2	-511.4	-0.01	0.0	1
78.49	0	0.0	0.0	0.0	0.0	-0.0	1.0	1	1953	294.2	-511.4	-0.01	0.0	1
78.59	0	0.0	0.0	0.0	0.0	-0.0	1.0	1	1953	294.2	-511.4	-0.01	0.0	1
78.71	0	0.0	0.0	0.0	0.0	-0.0	1.0	1	1953	294.2	-511.4	-0.01	0.0	1
78.8	0	0.0	0.0	0.0	0.0	-0.0	1.0	1	1953	294.2	-511.4	-0.01	0.0	1
78.9	0	0.0	0.0	0.0	0.0	-0.0	1.0	1	1953	294.2	-511.4	-0.01	0.0	1
79.0	0	0.0	0.0	0.0	0.0	-0.0	1.0	1	1953	294.2	-511.4	-0.01	0.0	1
79.1	0	0.0	0.0	0.0	0.0	-0.0	1.0	1	1953	294.2	-511.4	-0.01	0.0	1
79.2	0	0.0	0.0	0.0	0.0	-0.0	1.0	1	1953	294.2	-511.4	-0.01	0.0	1
79.3	0	0.0	0.0	0.0	0.0	-0.0	1.0	1	1953	294.2	-511.4	-0.01	0.0	1
79.4	0	0.0	0.0	0.0	0.0	-0.0	1.0	1	1953	294.2	-511.4	-0.01	0.0	1
79.5	0	0.0	0.0	0.0	0.0	-0.0	1.0	1	1953	294.2	-511.4	-0.01	0.0	1
79.6	0	0.0	0.0	0.0	0.0	-0.0	1.0	1	1953	294.2	-511.4	-0.01	0.0	1
79.7	0	0.0	0.0	0.0	0.0	-0.0	1.0	1	1953	294.2	-511.4	-0.01	0.0	1
79.8	0	0.0	0.0	0.0	0.0	-0.0	1.0	1	1953	294.2	-511.4	-0.01	0.0	1
79.9	0	0.0	0.0	0.0	0.0	-0.0	1.0	1	1953	294.2	-511.4	-0.01	0.0	1
80.0	0	0.0	0.0	0.0	0.0	-0.0	1.0	1	1953	294.2	-511.4	-0.01	0.0	1
80.1	0	0.0	0.0	0.0	0.0	-0.0	1.0	1	1953	294.2	-511.4	-0.01	0.0	1
80.2	0	0.0	0.0	0.0	0.0	-0.0	1.0	1	1953	294.2	-511.4	-0.01	0.0	1
80.3	0	0.0	0.0	0.0	0.0	-0.0	1.0	1	1953	294.2	-511.4	-0.01	0.0	1
80.4	0	0.0	0.0	0.0	0.0	-0.0	1.0	1	1953	294.2	-511.4	-0.01	0.0	1
80.5	0	0.0	0.0	0.0	0.0	-0.0	1.0	1	1953	294.2	-511.4	-0.01	0.0	1
80.62	0	0.0	0.0	0.0	0.0	-0.0	1.0	1	1953	294.2	-511.4	-0.01	0.0	1
80.72	0	0.0	0.0	0.0	0.0	-0.0	1.0	1	1953	294.2	-511.4	-0.01	0.0	1
80.82	0	0.0	0.0	0.0	0.0	-0.0	1.0	1	1953	294.2	-511.4	-0.01	0.0	1
80.92	0	0.0	0.0	0.0	0.0	-0.0	1.0	1	1953	294.2	-511.4	-0.01	0.0	1
81.02	0	0.0	0.0	0.0	0.0	-0.0	1.0	1	1953	294.2	-511.4	-0.01	0.0	1
81.12	0	0.0	0.0	0.0	0.0	-0.0	1.0	1	1953	294.2	-511.4	-0.01	0.0	1
81.22	0	0.0	0.0	0.0	0.0	-0.0	1.0	1	1953	294.2	-511.4	-0.01	0.0	1
81.32	0	0.0	0.0	0.0	0.0	-0.0	1.0	1	1953	294.2	-511.4	-0.01	0.0	1
81.42	0	0.0	0.0	0.0	0.0	-0.0	1.0	1	1953	294.2	-511.4	-0.01	0.0	1
81.52	0	0.0	0.0	0.0	0.0	-0.0	1.0	1	1953	294.2	-511.4	-0.01	0.0	1
81.62	0	0.0	0.0	0.0	0.0	-0.0	1.0	1	1953	294.2	-511.4	-0.01	0.0	1
81.72	0	0.0	0.0	0.0	0.0	-0.0	1.0	1	1953	294.2	-511.4	-0.01	0.0	1
81.82	0	0.0	0.0	0.0	0.0	-0.0	1.0	1	1953	294.2	-511.4	-0.01	0.0	1
81.92	0	0.0	0.0	0.0	0.0	-0.0	1.0	1	1953	294.2	-511.4	-0.01	0.0	1
82.02	0	0.0	0.0	0.0	0.0	-0.0	1.0	1	1953	294.2	-511.4	-0.01	0.0	1
82.12	0	0.0	0.0	0.0	0.0	-0.0	1.0	1	1953	294.2	-511.4	-0.01	0.0	1
82.22	0	0.0	0.0	0.0	0.0	-0.0	1.0	1	1953	294.2	-511.4	-0.01	0.0	1
82.32	0	0.0	0.0	0.0	0.0	-0.0	1.0	1	1953	294.2	-511.4	-0.01	0.0	1
82.42	0	0.0	0.0	0.0	0.0	-0.0	1.0	1	1953	294.2	-511.4	-0.01	0.0	1
82.52	0	0.0	0.0	0.0	0.0	-0.0	1.0	1	1953	294.2	-511.4	-0.01	0.0	1
82.62	0	0.0	0.0	0.0	0.0	-0.0	1.0	1	1953	294.2	-511.4	-0.01	0.0	1
82.72	0	0.0	0.0	0.0	0.0	-0.0	1.0	1	1953	294.2	-511.4	-0.01	0.0	1
82.82	0	0.0	0.0	0.0	0.0	-0.0	1.0	1	1953	294.2	-511.4	-0.01	0.0	1
82.92	0	0.0	0.0	0.0	0.0	-0.0	1.0	1	1953	294.2	-511.4	-0.01	0.0	1
83.02	0	0.0	0.0	0.0	0.0	-0.0	1.0	1	1953	294.2	-511.4	-0.01	0.0	1
83.12	0	0.0	0.0	0.0	0.0	-0.0	1.0	1	1953	294.2	-511.4	-0.01	0.0	1
83.22	0	0.0	0.0	0.0	0.0	-0.0	1.0	1	1953	294.2	-511.4	-0.01	0.0	1
83.32	0	0.0	0.0	0.0	0.0	-0.0	1.0	1	1953	294.2	-511.4	-0.01	0.0	1
83.42	0	0.0	0.0	0.0	0.0	-0.0	1.0	1	1953	294.2	-511.4	-0.01	0.0	1
83.52	0	0.0	0.0	0.0	0.0	-0.0	1.0	1	1953	294.2	-511.4	-0.01	0.0	1
83.62	0	0.0	0.0	0.0	0.0	-0.0	1.0	1	1953	294.2	-511.4	-0.01	0.0	1
83.72	0	0.0	0.0	0.0	0.0	-0.0	1.0	1	1953	294.2	-511.4	-0.01	0.0	1
83.82	0	0.0	0.0	0.0	0.0	-0.0	1.0	1	1953	294.2	-511.4	-0.01	0.0	1
83.92	0	0.0	0.0	0.0	0.0	-0.0	1.0	1	1953	294.2	-511.4	-0.01	0.0	1
84.02	0	0.0	0.0	0.0	0.0	-0.0	1.0	1	1953	294.2	-511.4	-0.01	0.0	1
84.12	0	0.0	0.0	0.0	0.0	-0.0	1.0	1	1953	294.2	-511.4	-0.01	0.0	1
84.22	0	0.0	0.0	0.0	0.0	-0.0	1.0	1	1953	294.2	-511.4	-0.01	0.0	1
84.32	0	0.0	0.0	0.0	0.0	-0.0	1.0	1	1953	294.2	-511.4	-0.01	0.0	1
84.42	0	0.0	0.0	0.0	0.0	-0.0	1.0	1	1953	294.2	-511.4	-0.01	0.0	1
84.52	0	0.0	0.0	0.0	0.0	-0.0	1.0	1	1953	294.2	-511.4	-0.01	0.0	1
84.62	0	0.0	0.0	0.0	0.0	-0.0	1.0	1	1953	294.2	-511.4	-0.01	0.0	1
84.72	0	0.0	0.0	0.0	0.0	-0.0	1.0	1	1953	294.2	-511.4	-0.01	0.0	1
84.82	0	0.0	0.0	0.0	0.0	-0.0	1.0	1	1953	294.2	-511.4	-0.01	0.0	1
84.92	0	0.0	0.0	0.0	0.0	-0.0	1.0	1	1953	294.2	-511.4	-0.01	0.0	1
85.02	0	0.0	0.0	0.0	0.0	-0.0	1.0	1	1953	294.2	-511.4	-0.01	0.0	1
85.12	0	0.0	0.0	0.0	0.0	-0.0	1.0	1	1953	294.2	-511.4	-0.01	0.0	1
85.22	0	0.0	0.0	0.0	0.0	-0.0	1.0	1	1953	294.2	-511.4	-0.01	0.0	1
85.32	0	0.0	0.0	0.0	0.0	-0.0	1.0	1	1953	294.2	-511.4	-0.01	0.0	1
85.42	0	0.0	0.0	0.0	0.0	-0.0	1.0	1	1953	294.2	-511.4	-0.01	0.0	1
85.52	0	0.0	0.0	0.0	0.0	-0.0	1.0	1	1953	294.2	-511.4	-0.01	0.0	1
85.62	0	0.0	0.0	0.0	0.0	-0.0	1.0	1	1953	294.2	-511.4	-0.01	0.0	1
85.72	0	0.0	0.0	0.0	0.0	-0.0	1.0	1	1953	294.2	-511.4	-0.01	0.0	1
85.85	0	0.0	0.0	0.0	0.0	-0.0	1.0	1	1953	294.2	-511.4	-0.01	0.0	1
85.95	0	0.0	0.0	0.0	0.0	-0.0	1.0	1	1953	294.2	-511.4	-0.01	0.0	1
86.09	0	0.0	0.0	0.0	0.0	-0.0	1.0	1	1953	294.2	-511.4	-0.01	0.0	1
86.17	0	0.0	0.0	0.0	0.0	-0.0	1.0	1	1953	294.2	-511.4	-0.01	0.0	1
86.26	0	0.0	0.0	0.0	0.0	-0.0	1.0	1	1953	294.2	-511.4	-0.01	0.0	1
86.36	0	0.0	0.0	0.0	0.0	-0.0	1.0	1	1953	294.2	-511.4	-0.01	0.0	1
86.46	0	0.0	0.0	0.0	0.0	-0.0	1.0	1	1953	294.2	-511.4	-0.01	0.0	1
86.56	0	0.0	0.0	0.0	0.0	-0.0	1.0	1	1953	294.2	-511.4	-0.01	0.0	1
86.66	0	0.0	0.0	0.0	0.0	-0.0	1.0	1	1953	294.2	-511.4	-0.01	0.0	1
86.76	0	0.0	0.0	0.0	0.0	-0.0	1.0	1	1953	294.2	-511.4	-0.01	0.0	1
86.86	0	0.0	0.0	0.0	0.0	-0.0	1.0	1	1953	294.2	-511.4	-0.01	0.0	1
86.96	0	0.0	0.0	0.0	0.0	-0.0	1.0	1	1953	294.2	-511.4	-0.01	0.0	1
87.06	0	0.0	0.0	0.0	0.0	-0.0	1.0	1	1953	294.2	-511.4	-0.01	0.0	1
87.16	0	0.0	0.0	0.0	0.0	-0.0	1.0	1	1953	294.2	-511.4	-0.01	0.0	1
87.26	0	0.0	0.0	0.0	0.0	-0.0	1.0	1	1953	294.2	-511.4	-0.01	0.0	1
87.36	0	0.0	0.0	0.0	0.0	-0.0	1.0	1	1953	294.2	-511.4	-0.01	0.0	1
87.46	0	0.0	0.0	0.0	0.0	-0.0	1.0	1	1953	294.2	-511.4	-0.01	0.0	1
87.56	0	0.0	0.0	0.0	0.0	-0.0	1.0	1	1953	294.2	-511.4	-0.01	0.0	1
87.66	0	0.0	0.0	0.0	0.0	-0.0	1.0	1	1953	294.2	-511.4	-0.01	0.0	1
87.76	0	0.0	0.0	0.0	0.0	-0.0	1.0	1	1953	294.2	-511.4	-0.01	0.0	1
87.86	0	0.0	0.0	0.0	0.0	-0.0	1.0	1	1953	294.2	-511.4	-0.01	0.0	1
87.96	0	0.0	0.0	0.0	0.0	-0.0	1.0	1	1953	294.2	-511.4	-0.01	0.0	1
88.06	0	0.0	0.0	0.0	0.0	-0.0	1.0	1	1953	294.2	-511.4	-0.01	0.0	1
88.16	0	0.0	0.0	0.0	0.0	-0.0	1.0	1	1953	294.2	-511.4	-0.01	0.0	1
88.26	0	0.0	0.0	0.0	0.0	-0.0	1.0	1	1953	294.2	-511.4	-0.01	0.0	1
88.36	0	0.0	0.0	0.0	0.0	-0.0	1.0	1	1953	294.2	-511.4	-0.01	0.0	1
88.46	0	0.0	0.0	0.0	0.0	-0.0	1.0	1	1953	294.2	-511.4	-0.01	0.0	1
88.56	0	0.0	0.0	0.0	0.0	-0.0	1.0	1	1953	294.2	-511.4	-0.01	0.0	1
88.66	0	0.0	0.0	0.0	0.0	-0.0	1.0	1	1953	294.2	-511.4	-0.01	0.0	1
88.76	0	0.0	0.0	0.0	0.0	-0.0	1.0	1	1953	294.2	-511.4	-0.01	0.0	1
88.86	0	0.0	0.0	0.0	0.0	-0.0	1.0	1	1953	294.2	-511.4	-0.01	0.0	1
88.96	0	0.0	0.0	0.0	0.0	-0.0	1.0	1	1953	294.2	-511.4	-0.01	0.0	1
89.06	0	0.0	0.0	0.0	0.0	-0.0	1.0	1	1953	294.2	-511.4	-0.01	0.0	1
89.16	0	0.0	0.0	0.0	0.0	-0.0	1.0	1	1953	294.2	-511.4	-0.01	0.0	1
89.26	0	0.0	0.0	0.0	0.0	-0.0	1.0	1	1953	294.2	-511.4	-0.01	0.0	1
89.36	0	0.0	0.0	0.0	0.0	-0.0	1.0	1	1953	294.2	-511.4	-0.01	0.0	1
89.46	0	0.0	0.0	0.0	0.0	-0.0	1.0	1	1953	294.2	-511.4	-0.01	0.0	1
89.56	0	0.0	0.0	0.0	0.0	-0.0	1.0	1	1953	294.2	-511.4	-0.01	0.0	1
89.66	0	0.0	0.0	0.0	0.0	-0.0	1.0	1	1953	294.2	-511.4	-0.01	0.0	1
89.79	0	0.0	0.0	0.0	0.0	-0.0	1.0	1	1953	294.2	-511.4	-0.01	0.0	1
89.86	0	0.0	0.0	0.0	0.0	-0.0	1.0	1	1953	294.2	-511.4	-0.01	0.0	1
89.96	0	0.0	0.0	0.0	0.0	-0.0	1.0	1	1953	294.2	-511.4	-0.01	0.0	1
90.06	0	0.0	0.0	0.0	0.0	-0.0	1.0	1	1953	294.2	-511.4	-0.01	0.0	1
90.16	0	0.0	0.0	0.0	0.0	-0.0	1.0	1	1953	294.2	-511.4	-0.01	0.0	1
90.26	0	0.0	0.0	0.0	0.0	-0.0	1.0	1	1953	294.2	-511.4	-0.01	0.0	1
90.36	0	0.0	0.0	0.0	0.0	-0.0	1.0	1	1953	294.2	-511.4	-0.01	0.0	1
90.46	0	0.0	0.0	0.0	0.0	-0.0	1.0	1	1953	294.2	-511.4	-0.01	0.0	1
90.56	0	0.0	0.0	0.0	0.0	-0.0	1.0	1	1953	294.2	-511.4	-0.01	0.0	1
90.66	0	0.0	0.0	0.0	0.0	-0.0	1.0	1	1953	294.2	-511.4	-0.01	0.0	1
90.76	0	0.0	0.0	0.0	0.0	-0.0	1.0	1	1953	294.2	-511.4	-0.01	0.0	1
90.86	0	0.0	0.0	0.0	0.0	-0.0	1.0	1	1953	294.2	-511.4	-0.01	0.0	1
90.96	0	0.0	0.0	0.0	0.0	-0.0	1.0	1	1953	294.2	-511.4	-0.01	0.0	1
91.06	0	0.0	0.0	0.0	0.0	-0.0	1.0	1	1953	294.2	-511.4	-0.01	0.0	1
91.16	0	0.0	0.0	0.0	0.0	-0.0	1.0	1	1953	294.2	-511.4	-0.01	0.0	1
91.26	0	0.0	0.0	0.0	0.0	-0.0	1.0	1	1953	294.2	-511.4	-0.01	0.0	1
91.36	0	0.0	0.0	0.0	0.0	-0.0	1.0	1	1953	294.2	-511.4	-0.01	0.0	1
91.46	0	0.0	0.0	0.0	0.0	-0.0	1.0	1	1953	294.2	-511.4	-0.01	0.0	1
91.56	0	0.0	0.0	0.0	0.0	-0.0	1.0	1	1953	294.2	-511.4	-0.01	0.0	1
91.66	0	0.0	0.0	0.0	0.0	-0.0	1.0	1	1953	294.2	-511.4	-0.01	0.0	1
91.76	0	0.0	0.0	0.0	0.0	-0.0	1.0	1	1953	294.2	-511.4	-0.01	0.0	1
91.86	0	0.0	0.0	0.0	0.0	-0.0	1.0	1	1953	294.2	-511.4	-0.01	0.0	1
91.96	0	0.0	0.0	0.0	0.0	-0.0	1.0	1	1953	294.2	-511.4	-0.01	0.0	1
92.06	0	0.0	0.0	0.0	0.0	-0.0	1.0	1	1953	294.2	-511.4	-0.01	0.0	1
92.16	0	0.0	0.0	0.0	0.0	-0.0	1.0	1	1953	294.2	-511.4	-0.01	0.0	1
92.26	0	0.0	0.0	0.0	0.0	-0.0	1.0	1	1953	294.2	-511.4	-0.01	0.0	1
92.36	0	0.0	0.0	0.0	0.0	-0.0	1.0	1	1953	294.2	-511.4	-0.01	0.0	1
92.46	0	0.0	0.0	0.0	0.0	-0.0	1.0	1	1953	294.2	-511.4	-0.01	0.0	1
92.56	0	0.0	0.0	0.0	0.0	-0.0	1.0	1	1953	294.2	-511.4	-0.01	0.0	1
92.66	0	0.0	0.0	0.0	0.0	-0.0	1.0	1	1953	294.2	-511.4	-0.01	0.0	1
92.76	0	0.0	0.0	0.0	0.0	-0.0	1.0	1	1953	294.2	-511.4	-0.01	0.0	1
92.86	0	0.0	0.0	0.0	0.0	-0.0	1.0	1	1953	294.2	-511.4	-0.01	0.0	1
92.96	0	0.0	0.0	0.0	0.0	-0.0	1.0	1	1953	294.2	-511.4	-0.01	0.0	1
93.06	0	0.0	0.0	0.0	0.0	-0.0	1.0	1	1953	294.2	-511.4	-0.01	0.0	1
93.16	0	0.0	0.0	0.0	0.0	-0.0	1.0	1	1953	294.2	-511.4	-0.01	0.0	1
93.26	0	0.0	0.0	0.0	0.0	-0.0	1.0	1	1953	294.2	-511.4	-0.01	0.0	1
93.36	0	0.0	0.0	0.0	0.0	-0.0	1.0	1	1953	294.2	-511.4	-0.01	0.0	1
93.46	0	0.0	0.0	0.0	0.0	-0.0	1.0	1	1953	294.2	-511.4	-0.01	0.0	1
93.56	0	0.0	0.0	0.0	0.0	-0.0	1.0	1	1953	294.2	-511.4	-0.01	0.0	1
93.66	0	0.0	0.0	0.0	0.0	-0.0	1.0	1	1953	294.2	-511.4	-0.01	0.0	1
93.76	0	0.0	0.0	0.0	0.0	-0.0	1.0	1	1953	294.2	-511.4	-0.01	0.0	1
93.86	0	0.0	0.0	0.0	0.0	-0.0	1.0	1	1953	294.2	-511.4	-0.01	0.0	1
93.96	0	0.0	0.0	0.0	0.0	-0.0	1.0	1	1953	294.2	-511.4	-0.01	0.0	1
94.06	0	0.0	0.0	0.0	0.0	-0.0	1.0	1	1953	294.2	-511.4	-0.01	0.0	1
94.16	0	0.0	0.0	0.0	0.0	-0.0	1.0	1	1953	294.2	-511.4	-0.01	0.0	1
94.26	0	0.0	0.0	0.0	0.0	-0.0	1.0	1	1953	294.2	-511.4	-0.01	0.0	1
94.36	0	0.0	0.0	0.0	0.0	-0.0	1.0	1	1953	294.2	-511.4	-0.01	0.0	1
94.46	0	0.0	0.0	0.0	0.0	-0.0	1.0	1	1953	294.2	-511.4	-0.01	0.0	1
94.56	0	0.0	0.0	0.0	0.0	-0.0	1.0	1	1953	294.2	-511.4	-0.01	0.0	1
94.66	0	0.0	0.0	0.0	0.0	-0.0	1.0	1	1953	294.2	-511.4	-0.01	0.0	1
94.76	0	0.0	0.0	0.0	0.0	-0.0	1.0	1	1953	294.2	-511.4	-0.01	0.0	1
94.86	0	0.0	0.0	0.0	0.0	-0.0	1.0	1	1953	294.2	-511.4	-0.01	0.0	1
94.96	0	0.0	0.0	0.0	0.0	-0.0	1.0	1	1953	294.2	-511.4	-0.01	0.0	1
95.06	0	0.0	0.0	0.0	0.0	-0.0	1.0	1	1953	294.2	-511.4	-0.01	0.0	1
95.16	0	0.0	0.0	0.0	0.0	-0.0	1.0	1	1953	294.2	-511.4	-0.01	0.0	1
95.26	0	0.0	0.0	0.0	0.0	-0.0	1.0	1	1953	294.2	-511.4	-0.01	0.0	1
95.36	0	0.0	0.0	0.0	0.0	-0.0	1.0	1	1953	294.2	-511.4	-0.01	0.0	1
95.46	0	0.0	0.0	0.0	0.0	-0.0	1.0	1	1953	294.2	-511.4	-0.01	0.0	1
95.56	0	0.0	0.0	0.0	0.0	-0.0	1.0	1	1953	294.2	-511.4	-0.01	0.0	1
95.66	0	0.0	0.0	0.0	0.0	-0.0	1.0	1	1953	294.2	-511.4	-0.01	0.0	1
95.76	0	0.0	0.0	0.0	0.0	-0.0	1.0	1	1953	294.2	-511.4	-0.01	0.0	1
95.87	0	0.0	0.0	0.0	0.0	-0.0	1.0	1	1953	294.2	-511.4	-0.01	0.0	1
95.97	0	0.0	0.0	0.0	0.0	-0.0	1.0	1	1953	294.2	-511.4	-0.01	0.0	1
96.07	0	0.0	0.0	0.0	0.0	-0.0	1.0	1	1953	294.2	-511.4	-0.01	0.0	1
96.17	0	0.0	0.0	0.0	0.0	-0.0	1.0	1	1953	294.2	-511.4	-0.01	0.0	1
96.27	0	0.0	0.0	0.0	0.0	-0.0	1.0	1	1953	294.2	-511.4	-0.01	0.0	1
96.37	0	0.0	0.0	0.0	0.0	-0.0	1.0	1	1953	294.2	-511.4	-0.01	0.0	1
96.47	0	0.0	0.0	0.0	0.0	-0.0	1.0	1	1953	294.2	-511.4	-0.01	0.0	1
96.57	0	0.0	0.0	0.0	0.0	-0.0	1.0	1	1953	294.2	-511.4	-0.01	0.0	1
96.67	0	0.0	0.0	0.0	0.0	-0.0	1.0	1	1953	294.2	-511.4	-0.01	0.0	1
96.77	0	0.0	0.0	0.0	0.0	-0.0	1.0	1	1953	294.2	-511.4	-0.01	0.0	1
96.87	0	0.0	0.0	0.0	0.0	-0.0	1.0	1	1953	294.2	-511.4	-0.01	0.0	1
96.97	0	0.0	0.0	0.0	0.0	-0.0	1.0	1	1953	294.2	-511.4	-0.01	0.0	1
97.07	0	0.0	0.0	0.0	0.0	-0.0	1.0	1	1953	294.2	-511.4	-0.01	0.0	1
97.17	0	0.0	0.0	0.0	0.0	-0.0	1.0	1	1953	294.2	-511.4	-0.01	0.0	1
97.3	0	0.0	0.0	0.0	0.0	-0.0	1.0	1	1953	294.2	-511.4	-0.01	0.0	1
97.37	0	0.0	0.0	0.0	0.0	-0.0	1.0	1	1953	294.2	-511.4	-0.01	0.0	1
97.47	0	0.0	0.0	0.0	0.0	-0.0	1.0	1	1953	294.2	-511.4	-0.01	0.0	1
97.57	0	0.0	0.0	0.0	0.0	-0.0	1.0	1	1953	294.2	-511.4	-0.01	0.0	1
97.67	0	0.0	0.0	0.0	0.0	-0.0	1.0	1	1953	294.2	-511.4	-0.01	0.0	1
97.77	0	0.0	0.0	0.0	0.0	-0.0	1.0	1	1953	294.2	-511.4	-0.01	0.0	1
97.87	0	0.0	0.0	0.0	0.0	-0.0	1.0	1	1953	294.2	-511.4	-0.01	0.0	1
97.97	0	0.0	0.0	0.0	0.0	-0.0	1.0	1	1953	294.2	-511.4	-0.01	0.0	1
98.07	0	0.0	0.0	0.0	0.0	-0.0	1.0	1	1953	294.2	-511.4	-0.01	0.0	1
98.17	0	0.0	0.0	0.0	0.0	-0.0	1.0	1	1953	294.2	-511.4	-0.01	0.0	1
98.27	0	0.0	0.0	0.0	0.0	-0.0	1.0	1	1953	294.2	-511.4	-0.01	0.0	1
98.37	0	0.0	0.0	0.0	0.0	-0.0	1.0	1	1953	294.2	-511.4	-0.01	0.0	1
98.47	0	0.0	0.0	0.0	0.0	-0.0	1.0	1	1953	294.2	-511.4	-0.01	0.0	1
98.57	0	0.0	0.0	0.0	0.0	-0.0	1.0	1	1953	294.2	-511.4	-0.01	0.0	1
98.67	0	0.0	0.0	0.0	0.0	-0.0	1.0	1	1953	294.2	-511.4	-0.01	0.0	1
98.77	0	0.0	0.0	0.0	0.0	-0.0	1.0	1	1953	294.2	-511.4	-0.01	0.0	1
98.87	0	0.0	0.0	0.0	0.0	-0.0	1.0	1	1953	294.2	-511.4	-0.01	0.0	1
98.97	0	0.0	0.0	0.0	0.0	-0.0	1.0	1	1953	294.2	-511.4	-0.01	0.0	1
99.07	0	0.0	0.0	0.0	0.0	-0.0	1.0	1	1953	294.2	-511.4	-0.01	0.0	1
99.17	0	0.0	0.0	0.0	0.0	-0.0	1.0	1	1953	294.2	-511.4	-0.01	0.0	1
99.27	0	0.0	0.0	0.0	0.0	-0.0	1.0	1	1953	294.2	-511.4	-0.01	0.0	1
99.37	0	0.0	0.0	0.0	0.0	-0.0	1.0	1	1953	294.2	-511.4	-0.01	0.0	1
99.47	0	0.0	0.0	0.0	0.0	-0.0	1.0	1	1953	294.2	-511.4	-0.01	0.0	1
99.57	0	0.0	0.0	0.0	0.0	-0.0	1.0	1	1953	294.2	-511.4	-0.01	0.0	1
99.67	0	0.0	0.0	0.0	0.0	-0.0	1.0	1	1953	294.2	-511.4	-0.01	0.0	1
99.77	0	0.0	0.0	0.0	0.0	-0.0	1.0	1	1953	294.2	-511.4	-0.01	0.0	1
99.87	0	0.0	0.0	0.0	0.0	-0.0	1.0	1	1953	294.2	-511.4	-0.01	0.0	1
99.97	0	0.0	0.0	0.0	0.0	-0.0	1.0	1	1953	294.2	-511.4	-0.01	0.0	1
100.07	0	0.0	0.0	0.0	0.0	-0.0	1.0	1	1953	294.2	-511.4	-0.01	0.0	1
100.17	0	0.0	0.0	0.0	0.0	-0.0	1.0	1	1953	294.2	-511.4	-0.01	0.0	1
100.27	0	0.0	0.0	0.0	0.0	-0.0	1.0	1	1953	294.2	-511.4	-0.01	0.0	1
100.37	0	0.0	0.0	0.0	0.0	-0.0	1.0	1	1953	294.2	-511.4	-0.01	0.0	1
100.47	0	0.0	0.0	0.0	0.0	-0.0	1.0	1	1953	294.2	-511.4	-0.01	0.0	1
100.57	0	0.0	0.0	0.0	0.0	-0.0	1.0	1	1953	294.2	-511.4	-0.01	0.0	1
100.67	0	0.0	0.0	0.0	0.0	-0.0	1.0	1	1953	294.2	-511.4	-0.01	0.0	1
100.77	0	0.0	0.0	0.0	0.0	-0.0	1.0	1	1953	294.2	-511.4	-0.01	0.0	1
100.87	0	0.0	0.0	0.0	0.0	-0.0	1.0	1	1953	294.2	-511.4	-0.01	0.0	1
100.97	0	0.0	0.0	0.0	0.0	-0.0	1.0	1	1953	294.2	-511.4	-0.01	0.0	1
101.09	0	0.0	0.0	0.0	0.0	-0.0	1.0	1	1953	294.2	-511.4	-0.01	0.0	1
101.17	0	0.0	0.0	0.0	0.0	-0.0	1.0	1	1953	294.2	-511.4	-0.01	0.0	1
101.27	0	0.0	0.0	0.0	0.0	-0.0	1.0	1	1953	294.2	-511.4	-0.01	0.0	1
101.37	0	0.0	0.0	0.0	0.0	-0.0	1.0	1	1953	294.2	-511.4	-0.01	0.0	1
101.47	0	0.0	0.0	0.0	0.0	-0.0	1.0	1	1953	294.2	-511.4	-0.01	0.0	1
101.57	0	0.0	0.0	0.0	0.0	-0.0	1.0	1	1953	294.2	-511.4	-0.01	0.0	1
101.68	0	0.0	0.0	0.0	0.0	-0.0	1.0	1	1953	294.2	-511.4	-0.01	0.0	1
101.77	0	0.0	0.0	0.0	0.0	-0.0	1.0	1	1953	294.2	-511.4	-0.01	0.0	1
101.87	0	0.0	0.0	0.0	0.0	-0.0	1.0	1	1953	294.2	-511.4	-0.01	0.0	1
101.97	0	0.0	0.0	0.0	0.0	-0.0	1.0	1	1953	294.2	-511.4	-0.01	0.0	1
102.07	0	0.0	0.0	0.0	0.0	-0.0	1.0	1	1953	294.2	-511.4	-0.01	0.0	1
102.17	0	0.0	0.0	0.0	0.0	-0.0	1.0	1	1953	294.2	-511.4	-0.01	0.0	1
102.27	0	0.0	0.0	0.0	0.0	-0.0	1.0	1	1953	294.2	-511.4	-0.01	0.0	1
102.37	0	0.0	0.0	0.0	0.0	-0.0	1.0	1	1953	294.2	-511.4	-0.01	0.0	1
102.47	0	0.0	0.0	0.0	0.0	-0.0	1.0	1	1953	294.2	-511.4	-0.01	0.0	1
102.57	0	0.0	0.0	0.0	0.0	-0.0	1.0	1	1953	294.2	-511.4	-0.01	0.0	1
102.67	0	0.0	0.0	0.0	0.0	-0.0	1.0	1	1953	294.2	-511.4	-0.01	0.0	1
102.77	0	0.0	0.0	0.0	0.0	-0.0	1.0	1	1953	294.2	-511.4	-0.01	0.0	1
102.87	0	0.0	0.0	0.0	0.0	-0.0	1.0	1	1953	294.2	-511.4	-0.01	0.0	1
102.97	0	0.0	0.0	0.0	0.0	-0.0	1.0	1	1953	294.2	-511.4	-0.01	0.0	1
103.07	0	0.0	0.0	0.0	0.0	-0.0	1.0	1	1953	294.2	-511.4	-0.01	0.0	1
103.17	0	0.0	0.0	0.0	0.0	-0.0	1.0	1	1953	294.2	-511.4	-0.01	0.0	1
103.27	0	0.0	0.0	0.0	0.0	-0.0	1.0	1	1953	294.2	-511.4	-0.01	0.0	1
103.37	0	0.0	0.0	0.0	0.0	-0.0	1.0	1	1953	294.2	-511.4	-0.01	0.0	1
103.47	0	0.0	0.0	0.0	0.0	-0.0	1.0	1	1953	294.2	-511.4	-0.01	0.0	1
103.57	0	0.0	0.0	0.0	0.0	-0.0	1.0	1	1953	294.2	-511.4	-0.01	0.0	1
103.67	0	0.0	0.0	0.0	0.0	-0.0	1.0	1	1953	294.2	-511.4	-0.01	0.0	1
103.77	0	0.0	0.0	0.0	0.0	-0.0	1.0	1	1953	294.2	-511.4	-0.01	0.0	1
103.87	0	0.0	0.0	0.0	0.0	-0.0	1.0	1	1953	294.2	-511.4	-0.01	0.0	1
103.97	0	0.0	0.0	0.0	0.0	-0.0	1.0	1	1953	294.2	-511.4	-0.01	0.0	1
104.07	0	0.0	0.0	0.0	0.0	-0.0	1.0	1	1953	294.2	-511.4	-0.01	0.0	1
104.17	0	0.0	0.0	0.0	0.0	-0.0	1.0	1	1953	294.2	-511.4	-0.01	0.0	1
104.27	0	0.0	0.0	0.0	0.0	-0.0	1.0	1	1953	294.2	-511.4	-0.01	0.0	1
104.37	0	0.0	0.0	0.0	0.0	-0.0	1.0	1	1953	294.2	-511.4	-0.01	0.0	1
104.47	0	0.0	0.0	0.0	0.0	-0.0	1.0	1	1953	294.2	-511.4	-0.01	0.0	1
104.57	0	0.0	0.0	0.0	0.0	-0.0	1.0	1	1953	294.2	-511.4	-0.01	0.0	1
104.67	0	0.0	0.0	0.0	0.0	-0.0	1.0	1	1953	294.2	-511.4	-0.01	0.0	1
104.77	0	0.0	0.0	0.0	0.0	-0.0	1.0	1	1953	294.2	-511.4	-0.01	0.0	1
104.89	0	0.0	0.0	0.0	0.0	-0.0	1.0	1	1953	294.2	-511.4	-0.01	0.0	1
104.97	0	0.0	0.0	0.0	0.0	-0.0	1.0	1	1953	294.2	-511.4	-0.01	0.0	1
105.07	0	0.0	0.0	0.0	0.0	-0.0	1.0	1	1953	294.2	-511.4	-0.01	0.0	1
105.17	0	0.0	0.0	0.0	0.0	-0.0	1.0	1	1953	294.2	-511.4	-0.01	0.0	1
105.27	0	0.0	0.0	0.0	0.0	-0.0	1.0	1	1953	294.2	-511.4	-0.01	0.0	1
105.37	0	0.0	0.0	0.0	0.0	-0.0	1.0	1	1953	294.2	-511.4	-0.01	0.0	1
105.47	0	0.0	0.0	0.0	0.0	-0.0	1.0	1	1953	294.2	-511.4	-0.01	0.0	1
105.57	0	0.0	0.0	0.0	0.0	-0.0	1.0	1	1953	294.2	-511.4	-0.01	0.0	1
105.67	0	0.0	0.0	0.0	0.0	-0.0	1.0	1	1953	294.2	-511.4	-0.01	0.0	1
105.77	0	0.0	0.0	0.0	0.0	-0.0	1.0	1	1953	294.2	-511.4	-0.01	0.0	1
105.89	0	0.0	0.0	0.0	0.0	-0.0	1.0	1	1953	294.2	-511.4	-0.01	0.0	1
105.99	0	0.0	0.0	0.0	0.0	-0.0	1.0	1	1953	294.2	-511.4	-0.01	0.0	1
106.09	0	0.0	0.0	0.0	0.0	-0.0	1.0	1	1953	294.2	-511.4	-0.01	0.0	1
106.19	0	0.0	0.0	0.0	0.0	-0.0	1.0	1	1953	294.2	-511.4	-0.01	0.0	1
106.29	0	0.0	0.0	0.0	0.0	-0.0	1.0	1	1953	294.2	-511.4	-0.01	0.0	1
106.39	0	0.0	0.0	0.0	0.0	-0.0	1.0	1	1953	294.2	-511.4	-0.01	0.0	1
106.49	0	0.0	0.0	0.0	0.0	-0.0	1.0	1	1953	294.2	-511.4	-0.01	0.0	1
106.59	0	0.0	0.0	0.0	0.0	-0.0	1.0	1	1953	294.2	-511.4	-0.01	0.0	1
106.69	0	0.0	0.0	0.0	0.0	-0.0	1.0	1	1953	294.2	-511.4	-0.01	0.0	1
106.79	0	0.0	0.0	0.0	0.0	-0.0	1.0	1	1953	294.2	-511.4	-0.01	0.0	1
106.89	0	0.0	0.0	0.0	0.0	-0.0	1.0	1	1953	294.2	-511.4	-0.01	0.0	1
106.99	0	0.0	0.0	0.0	0.0	-0.0	1.0	1	1953	294.2	-511.4	-0.01	0.0	1
107.09	0	0.0	0.0	0.0	0.0	-0.0	1.0	1	1953	294.2	-511.4	-0.01	0.0	1
107.19	0	0.0	0.0	0.0	0.0	-0.0	1.0	1	1953	294.2	-511.4	-0.01	0.0	1
107.29	0	0.0	0.0	0.0	0.0	-0.0	1.0	1	1953	294.2	-511.4	-0.01	0.0	1
107.39	0	0.0	0.0	0.0	0.0	-0.0	1.0	1	1953	294.2	-511.4	-0.01	0.0	1
107.49	0	0.0	0.0	0.0	0.0	-0.0	1.0	1	1953	294.2	-511.4	-0.01	0.0	1
107.59	0	0.0	0.0	0.0	0.0	-0.0	1.0	1	1953	294.2	-511.4	-0.01	0.0	1
107.69	0	0.0	0.0	0.0	0.0	-0.0	1.0	1	1953	294.2	-511.4	-0.01	0.0	1
107.79	0	0.0	0.0	0.0	0.0	-0.0	1.0	1	1953	294.2	-511.4	-0.01	0.0	1
107.89	0	0.0	0.0	0.0	0.0	-0.0	1.0	1	1953	294.2	-511.4	-0.01	0.0	1
107.99	0	0.0	0.0	0.0	0.0	-0.0	1.0	1	1953	294.2	-511.4	-0.01	0.0	1
108.09	0	0.0	0.0	0.0	0.0	-0.0	1.0	1	1953	294.2	-511.4	-0.01	0.0	1
108.19	0	0.0	0.0	0.0	0.0	-0.0	1.0	1	1953	294.2	-511.4	-0.01	0.0	1
108.29	0	0.0	0.0	0.0	0.0	-0.0	1.0	1	1953	294.2	-511.4	-0.01	0.0	1
108.39	0	0.0	0.0	0.0	0.0	-0.0	1.0	1	1953	294.2	-511.4	-0.01	0.0	1
108.49	0	0.0	0.0	0.0	0.0	-0.0	1.0	1	1953	294.2	-511.4	-0.01	0.0	1
108.59	0	0.0	0.0	0.0	0.0	-0.0	1.0	1	1953	294.2	-511.4	-0.01	0.0	1
108.72	0	0.0	0.0	0.0	0.0	-0.0	1.0	1	1953	294.2	-511.4	-0.01	0.0	1
108.79	0	0.0	0.0	0.0	0.0	-0.0	1.0	1	1953	294.2	-511.4	-0.01	0.0	1
108.89	0	0.0	0.0	0.0	0.0	-0.0	1.0	1	1953	294.2	-511.4	-0.01	0.0	1
108.99	0	0.0	0.0	0.0	0.0	-0.0	1.0	1	1953	294.2	-511.4	-0.01	0.0	1
109.09	0	0.0	0.0	0.0	0.0	-0.0	1.0	1	1953	294.2	-511.4	-0.01	0.0	1
109.19	0	0.0	0.0	0.0	0.0	-0.0	1.0	1	1953	294.2	-511.4	-0.01	0.0	1
109.29	0	0.0	0.0	0.0	0.0	-0.0	1.0	1	1953	294.2	-511.4	-0.01	0.0	1
109.39	0	0.0	0.0	0.0	0.0	-0.0	1.0	1	1953	294.2	-511.4	-0.01	0.0	1
109.49	0	0.0	0.0	0.0	0.0	-0.0	1.0	1	1953	294.2	-511.4	-0.01	0.0	1
109.59	0	0.0	0.0	0.0	0.0	-0.0	1.0	1	1953	294.2	-511.4	-0.01	0.0	1
109.69	0	0.0	0.0	0.0	0.0	-0.0	1.0	1	1953	294.2	-511.4	-0.01	0.0	1
109.79	0	0.0	0.0	0.0	0.0	-0.0	1.0	1	1953	294.2	-511.4	-0.01	0.0	1
109.89	0	0.0	0.0	0.0	0.0	-0.0	1.0	1	1953	294.2	-511.4	-0.01	0.0	1
109.99	0	0.0	0.0	0.0	0.0	-0.0	1.0	1	1953	294.2	-511.4	-0.01	0.0	1
110.09	0	0.0	0.0	0.0	0.0	-0.0	1.0	1	1953	294.2	-511.4	-0.01	0.0	1
110.19	0	0.0	0.0	0.0	0.0	-0.0	1.0	1	1953	294.2	-511.4	-0.01	0.0	1
110.29	0	0.0	0.0	0.0	0.0	-0.0	1.0	1	1953	294.2	-511.4	-0.01	0.0	1
110.39	0	0.0	0.0	0.0	0.0	-0.0	1.0	1	1953	294.2	-511.4	-0.01	0.0	1
110.49	0	0.0	0.0	0.0	0.0	-0.0	1.0	1	1953	294.2	-511.4	-0.01	0.0	1
110.59	0	0.0	0.0	0.0	0.0	-0.0	1.0	1	1953	294.2	-511.4	-0.01	0.0	1
110.69	0	0.0	0.0	0.0	0.0	-0.0	1.0	1	1953	294.2	-511.4	-0.01	0.0	1
110.79	0	0.0	0.0	0.0	0.0	-0.0	1.0	1	1953	294.2	-511.4	-0.01	0.0	1
110.89	0	0.0	0.0	0.0	0.0	-0.0	1.0	1	1953	294.2	-511.4	-0.01	0.0	1
110.99	0	0.0	0.0	0.0	0.0	-0.0	1.0	1	1953	294.2	-511.4	-0.01	0.0	1
111.09	0	0.0	0.0	0.0	0.0	-0.0	1.0	1	1953	294.2	-511.4	-0.01	0.0	1
111.19	0	0.0	0.0	0.0	0.0	-0.0	1.0	1	1953	294.2	-511.4	-0.01	0.0	1
111.29	0	0.0	0.0	0.0	0.0	-0.0	1.0	1	1953	294.2	-511.4	-0.01	0.0	1
111.39	0	0.0	0.0	0.0	0.0	-0.0	1.0	1	1953	294.2	-511.4	-0.01	0.0	1
111.49	0	0.0	0.0	0.0	0.0	-0.0	1.0	1	1953	294.2	-511.4	-0.01	0.0	1
111.6	0	0.0	0.0	0.0	0.0	-0.0	1.0	1	1953	294.2	-511.4	-0.01	0.0	1
111.7	0	0.0	0.0	0.0	0.0	-0.0	1.0	1	1953	294.2	-511.4	-0.01	0.0	1
111.8	0	0.0	0.0	0.0	0.0	-0.0	1.0	1	1953	294.2	-511.4	-0.01	0.0	1
111.9	0	0.0	0.0	0.0	0.0	-0.0	1.0	1	1953	294.2	-511.4	-0.01	0.0	1
112.0	0	0.0	0.0	0.0	0.0	-0.0	1.0	1	1953	294.2	-511.4	-0.01	0.0	1
112.1	0	0.0	0.0	0.0	0.0	-0.0	1.0	1	1953	294.2	-511.4	-0.01	0.0	1
112.2	0	0.0	0.0	0.0	0.0	-0.0	1.0	1	1953	294.2	-511.4	-0.01	0.0	1
112.3	0	0.0	0.0	0.0	0.0	-0.0	1.0	1	1953	294.2	-511.4	-0.01	0.0	1
112.4	0	0.0	0.0	0.0	0.0	-0.0	1.0	1	1953	294.2	-511.4	-0.01	0.0	1
112.5	0	0.0	0.0	0.0	0.0	-0.0	1.0	1	1953	294.2	-511.4	-0.01	0.0	1
112.61	0	0.0	0.0	0.0	0.0	-0.0	1.0	1	1953	294.2	-511.4	-0.01	0.0	1
112.72	0	0.0	0.0	0.0	0.0	-0.0	1.0	1	1953	294.2	-511.4	-0.01	0.0	1
112.82	0	0.0	0.0	0.0	0.0	-0.0	1.0	1	1953	294.2	-511.4	-0.01	0.0	1
112.92	0	0.0	0.0	0.0	0.0	-0.0	1.0	1	1953	294.2	-511.4	-0.01	0.0	1
113.02	0	0.0	0.0	0.0	0.0	-0.0	1.0	1	1953	294.2	-511.4	-0.01	0.0	1
113.12	0	0.0	0.0	0.0	0.0	-0.0	1.0	1	1953	294.2	-511.4	-0.01	0.0	1
113.22	0	0.0	0.0	0.0	0.0	-0.0	1.0	1	1953	294.2	-511.4	-0.01	0.0	1
113.32	0	0.0	0.0	0.0	0.0	-0.0	1.0	1	1953	294.2	-511.4	-0.02	0.0	1
113.42	0	0.0	0.0	0.0	0.0	-0.0	1.0	1	1953	294.2	-511.4	-0.02	0.0	1
113.52	0	0.0	0.0	0.0	0.0	-0.0	1.0	1	1953	294.2	-511.4	-0.02	0.0	1
113.62	0	0.0	0.0	0.0	0.0	-0.0	1.0	1	1953	294.2	-511.4	-0.02	0.0	1
113.72	0	0.0	0.0	0.0	0.0	-0.0	1.0	1	1953	294.2	-511.4	-0.02	0.0	1
113.82	0	0.0	0.0	0.0	0.0	-0.0	1.0	1	1953	294.2	-511.4	-0.02	0.0	1
113.92	0	0.0	0.0	0.0	0.0	-0.0	1.0	1	1953	294.2	-511.4	-0.02	0.0	1
114.02	0	0.0	0.0	0.0	0.0	-0.0	1.0	1	1953	294.2	-511.4	-0.02	0.0	1
114.12	0	0.0	0.0	0.0	0.0	-0.0	1.0	1	1953	294.2	-511.4	-0.02	0.0	1
114.22	0	0.0	0.0	0.0	0.0	-0.0	1.0	1	1953	294.2	-511.4	-0.02	0.0	1
114.32	0	0.0	0.0	0.0	0.0	-0.0	1.0	1	1953	294.2	-511.4	-0.02	0.0	1
114.43	0	0.0	0.0	0.0	0.0	-0.0	1.0	1	1953	294.2	-511.4	-0.02	0.0	1
114.52	0	0.0	0.0	0.0	0.0	-0.0	1.0	1	1953	294.2	-511.4	-0.02	0.0	1
114.62	0	0.0	0.0	0.0	0.0	-0.0	1.0	1	1953	294.2	-511.4	-0.02	0.0	1
114.72	0	0.0	0.0	0.0	0.0	-0.0	1.0	1	1953	294.2	-511.4	-0.02	0.0	1
114.82	0	0.0	0.0	0.0	0.0	-0.0	1.0	1	1953	294.2	-511.4	-0.02	0.0	1
114.92	0	0.0	0.0	0.0	0.0	-0.0	1.0	1	1953	294.2	-511.4	-0.02	0.0	1
115.02	0	0.0	0.0	0.0	0.0	-0.0	1.0	1	1953	294.2	-511.4	-0.02	0.0	1
115.12	0	0.0	0.0	0.0	0.0	-0.0	1.0	1	1953	294.2	-511.4	-0.02	0.0	1
115.22	0	0.0	0.0	0.0	0.0	-0.0	1.0	1	1953	294.2	-511.4	-0.02	0.0	1
115.32	0	0.0	0.0	0.0	0.0	-0.0	1.0	1	1953	294.2	-511.4	-0.02	0.0	1
115.42	0	0.0	0.0	0.0	0.0	-0.0	1.0	1	1953	294.2	-511.4	-0.02	0.0	1
115.52	0	0.0	0.0	0.0	0.0	-0.0	1.0	1	1953	294.2	-511.4	-0.02	0.0	1
115.62	0	0.0	0.0	0.0	0.0	-0.0	1.0	1	1953	294.2	-511.4	-0.02	0.0	1
115.73	0	0.0	0.0	0.0	0.0	-0.0	1.0	1	1953	294.2	-511.4	-0.02	0.0	1
115.84	0	0.0	0.0	0.0	0.0	-0.0	1.0	1	1953	294.2	-511.4	-0.02	0.0	1
115.94	0	0.0	0.0	0.0	0.0	-0.0	1.0	1	1953	294.2	-511.4	-0.02	0.0	1
116.04	0	0.0	0.0	0.0	0.0	-0.0	1.0	1	1953	294.2	-511.4	-0.02	0.0	1
116.14	0	0.0	0.0	0.0	0.0	-0.0	1.0	1	1953	294.2	-511.4	-0.02	0.0	1
116.24	0	0.0	0.0	0.0	0.0	-0.0	1.0	1	1953	294.2	-511.4	-0.02	0.0	1
116.34	0	0.0	0.0	0.0	0.0	-0.0	1.0	1	1953	294.2	-511.4	-0.02	0.0	1
116.44	0	0.0	0.0	0.0	0.0	-0.0	1.0	1	1953	294.2	-511.4	-0.02	0.0	1
116.55	0	0.0	0.0	0.0	0.0	-0.0	1.0	1	1953	294.2	-511.4	-0.02	0.0	1
116.64	0	0.0	0.0	0.0	0.0	-0.0	1.0	1	1953	294.2	-511.4	-0.02	0.0	1
116.74	0	0.0	0.0	0.0	0.0	-0.0	1.0	1	1953	294.2	-511.4	-0.02	0.0	1
116.84	0	0.0	0.0	0.0	0.0	-0.0	1.0	1	1953	294.2	-511.4	-0.02	0.0	1
116.94	0	0.0	0.0	0.0	0.0	-0.0	1.0	1	1953	294.2	-511.4	-0.02	0.0	1
117.04	0	0.0	0.0	0.0	0.0	-0.0	1.0	1	1953	294.2	-511.4	-0.02	0.0	1
117.14	0	0.0	0.0	0.0	0.0	-0.0	1.0	1	1953	294.2	-511.4	-0.02	0.0	1
117.24	0	0.0	0.0	0.0	0.0	-0.0	1.0	1	1953	294.2	-511.4	-0.02	0.0	1
117.34	0	0.0	0.0	0.0	0.0	-0.0	1.0	1	1953	294.2	-511.4	-0.02	0.0	1
117.44	0	0.0	0.0	0.0	0.0	-0.0	1.0	1	1953	294.2	-511.4	-0.02	0.0	1
117.54	0	0.0	0.0	0.0	0.0	-0.0	1.0	1	1953	294.2	-511.4	-0.02	0.0	1
117.64	0	0.0	0.0	0.0	0.0	-0.0	1.0	1	1953	294.2	-511.4	-0.02	0.0	1
117.75	0	0.0	0.0	0.0	0.0	-0.0	1.0	1	1953	294.2	-511.4	-0.02	0.0	1
117.85	0	0.0	0.0	0.0	0.0	-0.0	1.0	1	1953	294.2	-511.4	-0.02	0.0	1
117.95	0	0.0	0.0	0.0	0.0	-0.0	1.0	1	1953	294.2	-511.4	-0.02	0.0	1
118.05	0	0.0	0.0	0.0	0.0	-0.0	1.0	1	1953	294.2	-511.4	-0.02	0.0	1
118.15	0	0.0	0.0	0.0	0.0	-0.0	1.0	1	1953	294.2	-511.4	-0.02	0.0	1
118.25	0	0.0	0.0	0.0	0.0	-0.0	1.0	1	1953	294.2	-511.4	-0.02	0.0	1
118.35	0	0.0	0.0	0.0	0.0	-0.0	1.0	1	1953	294.2	-511.4	-0.02	0.0	1
118.45	0	0.0	0.0	0.0	0.0	-0.0	1.0	1	1953	294.2	-511.4	-0.02	0.0	1
118.55	0	0.0	0.0	0.0	0.0	-0.0	1.0	1	1953	294.2	-511.4	-0.02	0.0	1
118.65	0	0.0	0.0	0.0	0.0	-0.0	1.0	1	1953	294.2	-511.4	-0.02	0.0	1
118.75	0	0.0	0.0	0.0	0.0	-0.0	1.0	1	1953	294.2	-511.4	-0.02	0.0	1
118.85	0	0.0	0.0	0.0	0.0	-0.0	1.0	1	1953	294.2	-511.4	-0.02	0.0	1
118.95	0	0.0	0.0	0.0	0.0	-0.0	1.0	1	1953	294.2	-511.4	-0.02	0.0	1
119.05	0	0.0	0.0	0.0	0.0	-0.0	1.0	1	1953	294.2	-511.4	-0.02	0.0	1
119.15	0	0.0	0.0	0.0	0.0	-0.0	1.0	1	1953	294.2	-511.4	-0.02	0.0	1
119.25	0	0.0	0.0	0.0	0.0	-0.0	1.0	1	1953	294.2	-511.4	-0.02	0.0	1
119.35	0	0.0	0.0	0.0	0.0	-0.0	1.0	1	1953	294.2	-511.4	-0.02	0.0	1
119.45	0	0.0	0.0	0.0	0.0	-0.0	1.0	1	1953	294.2	-511.4	-0.02	0.0	1
119.55	0	0.0	0.0	0.0	0.0	-0.0	1.0	1	1953	294.2	-511.4	-0.02	0.0	1
119.65	0	0.0	0.0	0.0	0.0	-0.0	1.0	1	1953	294.2	-511.4	-0.02	0.0	1
119.75	0	0.0	0.0	0.0	0.0	-0.0	1.0	1	1953	294.2	-511.4	-0.02	0.0	1
119.85	0	0.0	0.0	0.0	0.0	-0.0	1.0	1	1953	294.2	-511.4	-0.02	0.0	1
119.95	0	0.0	0.0	0.0	0.0	-0.0	1.0	1	1953	294.2	-511.4	-0.02	0.0	1
120.05	0	0.0	0.0	0.0	0.0	-0.0	1.0	1	1953	294.2	-511.4	-0.02	0.0	1
120.15	0	0.0	0.0	0.0	0.0	-0.0	1.0	1	1953	294.2	-511.4	-0.02	0.0	1
120.25	0	0.0	0.0	0.0	0.0	-0.0	1.0	1	1953	294.2	-511.4	-0.02	0.0	1
120.35	0	0.0	0.0	0.0	0.0	-0.0	1.0	1	1953	294.2	-511.4	-0.02	0.0	1
120.46	0	0.0	0.0	0.0	0.0	-0.0	1.0	1	1953	294.2	-511.4	-0.02	0.0	1
120.56	0	0.0	0.0	0.0	0.0	-0.0	1.0	1	1953	294.2	-511.4	-0.02	0.0	1
120.66	0	0.0	0.0	0.0	0.0	-0.0	1.0	1	1953	294.2	-511.4	-0.02	0.0	1
120.76	0	0.0	0.0	0.0	0.0	-0.0	1.0	1	1953	294.2	-511.4	-0.02	0.0	1
120.86	0	0.0	0.0	0.0	0.0	-0.0	1.0	1	1953	294.2	-511.4	-0.02	0.0	1
120.96	0	0.0	0.0	0.0	0.0	-0.0	1.0	1	1953	294.2	-511.4	-0.02	0.0	1
121.08	0	0.0	0.0	0.0	0.0	-0.0	1.0	1	1953	294.2	-511.4	-0.02	0.0	1
121.18	0	0.0	0.0	0.0	0.0	-0.0	1.0	1	1953	294.2	-511.4	-0.02	0.0	1
121.28	0	0.0	0.0	0.0	0.0	-0.0	1.0	1	1953	294.2	-511.4	-0.02	0.0	1
121.38	0	0.0	0.0	0.0	0.0	-0.0	1.0	1	1953	294.2	-511.4	-0.02	0.0	1
121.48	0	0.0	0.0	0.0	0.0	-0.0	1.0	1	1953	294.2	-511.4	-0.02	0.0	1
121.58	0	0.0	0.0	0.0	0.0	-0.0	1.0	1	1953	294.2	-511.4	-0.02	0.0	1
121.68	0	0.0	0.0	0.0	0.0	-0.0	1.0	1	1953	294.2	-511.4	-0.02	0.0	1
121.78	0	0.0	0.0	0.0	0.0	-0.0	1.0	1	1953	294.2	-511.4	-0.02	0.0	1
121.88	0	0.0	0.0	0.0	0.0	-0.0	1.0	1	1953	294.2	-511.4	-0.02	0.0	1
121.98	0	0.0	0.0	0.0	0.0	-0.0	1.0	1	1953	294.2	-511.4	-0.02	0.0	1
122.08	0	0.0	0.0	0.0	0.0	-0.0	1.0	1	1953	294.2	-511.4	-0.02	0.0	1
122.18	0	0.0	0.0	0.0	0.0	-0.0	1.0	1	1953	294.2	-511.4	-0.02	0.0	1
122.28	0	0.0	0.0	0.0	0.0	-0.0	1.0	1	1953	294.2	-511.4	-0.02	0.0	1
122.38	0	0.0	0.0	0.0	0.0	-0.0	1.0	1	1953	294.2	-511.4	-0.02	0.0	1
122.48	0	0.0	0.0	0.0	0.0	-0.0	1.0	1	1953	294.2	-511.4	-0.02	0.0	1
122.58	0	0.0	0.0	0.0	0.0	-0.0	1.0	1	1953	294.2	-511.4	-0.02	0.0	1
122.68	0	0.0	0.0	0.0	0.0	-0.0	1.0	1	1953	294.2	-511.4	-0.02	0.0	1
122.78	0	0.0	0.0	0.0	0.0	-0.0	1.0	1	1953	294.2	-511.4	-0.02	0.0	1
122.88	0	0.0	0.0	0.0	0.0	-0.0	1.0	1	1953	294.2	-511.4	-0.02	0.0	1
122.98	0	0.0	0.0	0.0	0.0	-0.0	1.0	1	1953	294.2	-511.4	-0.02	0.0	1
123.08	0	0.0	0.0	0.0	0.0	-0.0	1.0	1	1953	294.2	-511.4	-0.02	0.0	1
123.18	0	0.0	0.0	0.0	0.0	-0.0	1.0	1	1953	294.2	-511.4	-0.02	0.0	1
123.28	0	0.0	0.0	0.0	0.0	-0.0	1.0	1	1953	294.2	-511.4	-0.02	0.0	1
123.38	0	0.0	0.0	0.0	0.0	-0.0	1.0	1	1953	294.2	-511.4	-0.02	0.0	1
123.48	0	0.0	0.0	0.0	0.0	-0.0	1.0	1	1953	294.2	-511.4	-0.02	0.0	1
123.58	0	0.0	0.0	0.0	0.0	-0.0	1.0	1	1953	294.2	-511.4	-0.02	0.0	1
123.68	0	0.0	0.0	0.0	0.0	-0.0	1.0	1	1953	294.2	-511.4	-0.02	0.0	1
123.78	0	0.0	0.0	0.0	0.0	-0.0	1.0	1	1953	294.2	-511.4	-0.02	0.0	1
123.88	0	0.0	0.0	0.0	0.0	-0.0	1.0	1	1953	294.2	-511.4	-0.02	0.0	1
123.98	0	0.0	0.0	0.0	0.0	-0.0	1.0	1	1953	294.2	-511.4	-0.02	0.0	1
124.08	0	0.0	0.0	0.0	0.0	-0.0	1.0	1	1953	294.2	-511.4	-0.02	0.0	1
124.18	0	0.0	0.0	0.0	0.0	-0.0	1.0	1	1953	294.2	-511.4	-0.02	0.0	1
124.28	0	0.0	0.0	0.0	0.0	-0.0	1.0	1	1953	294.2	-511.4	-0.02	0.0	1
124.4	0	0.0	0.0	0.0	0.0	-0.0	1.0	1	1953	294.2	-511.4	-0.02	0.0	1
124.5	0	0.0	0.0	0.0	0.0	-0.0	1.0	1	1953	294.2	-511.4	-0.02	0.0	1
124.6	0	0.0	0.0	0.0	0.0	-0.0	1.0	1	1953	294.2	-511.4	-0.02	0.0	1
124.7	0	0.0	0.0	0.0	0.0	-0.0	1.0	1	1953	294.2	-511.4	-0.02	0.0	1
124.8	0	0.0	0.0	0.0	0.0	-0.0	1.0	1	1953	294.2	-511.4	-0.02	0.0	1
124.9	0	0.0	0.0	0.0	0.0	-0.0	1.0	1	1953	294.2	-511.4	-0.02	0.0	1
125.0	0	0.0	0.0	0.0	0.0	-0.0	1.0	1	1953	294.2	-511.4	-0.02	0.0	1
125.1	0	0.0	0.0	0.0	0.0	-0.0	1.0	1	1953	294.2	-511.4	-0.02	0.0	1
125.2	0	0.0	0.0	0.0	0.0	-0.0	1.0	1	1953	294.2	-511.4	-0.02	0.0	1
125.3	0	0.0	0.0	0.0	0.0	-0.0	1.0	1	1953	294.2	-511.4	-0.02	0.0	1
125.4	0	0.0	0.0	0.0	0.0	-0.0	1.0	1	1953	294.2	-511.4	-0.02	0.0	1
125.5	0	0.0	0.0	0.0	0.0	-0.0	1.0	1	1953	294.2	-511.4	-0.02	0.0	1
125.6	0	0.0	0.0	0.0	0.0	-0.0	1.0	1	1953	294.2	-511.4	-0.02	0.0	1
125.7	0	0.0	0.0	0.0	0.0	-0.0	1.0	1	1953	294.2	-511.4	-0.02	0.0	1
125.83	0	0.0	0.0	0.0	0.0	-0.0	1.0	1	1953	294.2	-511.4	-0.02	0.0	1
125.93	0	0.0	0.0	0.0	0.0	-0.0	1.0	1	1953	294.2	-511.4	-0.02	0.0	1
126.03	0	0.0	0.0	0.0	0.0	-0.0	1.0	1	1953	294.2	-511.4	-0.02	0.0	1
126.13	0	0.0	0.0	0.0	0.0	-0.0	1.0	1	1953	294.2	-511.4	-0.02	0.0	1
126.23	0	0.0	0.0	0.0	0.0	-0.0	1.0	1	1953	294.2	-511.4	-0.02	0.0	1
126.33	0	0.0	0.0	0.0	0.0	-0.0	1.0	1	1953	294.2	-511.4	-0.02	0.0	1
126.43	0	0.0	0.0	0.0	0.0	-0.0	1.0	1	1953	294.2	-511.4	-0.02	0.0	1
126.53	0	0.0	0.0	0.0	0.0	-0.0	1.0	1	1953	294.2	-511.4	-0.02	0.0	1
126.63	0	0.0	0.0	0.0	0.0	-0.0	1.0	1	1953	294.2	-511.4	-0.02	0.0	1
126.73	0	0.0	0.0	0.0	0.0	-0.0	1.0	1	1953	294.2	-511.4	-0.02	0.0	1
126.83	0	0.0	0.0	0.0	0.0	-0.0	1.0	1	1953	294.2	-511.4	-0.02	0.0	1
126.93	0	0.0	0.0	0.0	0.0	-0.0	1.0	1	1953	294.2	-511.4	-0.02	0.0	1
127.03	0	0.0	0.0	0.0	0.0	-0.0	1.0	1	1953	294.2	-511.4	-0.02	0.0	1
127.13	0	0.0	0.0	0.0	0.0	-0.0	1.0	1	1953	294.2	-511.4	-0.02	0.0	1
127.23	0	0.0	0.0	0.0	0.0	-0.0	1.0	1	1953	294.2	-511.4	-0.02	0.0	1
127.33	0	0.0	0.0	0.0	0.0	-0.0	1.0	1	1953	294.2	-511.4	-0.02	0.0	1
127.43	0	0.0	0.0	0.0	0.0	-0.0	1.0	1	1953	294.2	-511.4	-0.02	0.0	1
127.53	0	0.0	0.0	0.0	0.0	-0.0	1.0	1	1953	294.2	-511.4	-0.02	0.0	1
127.63	0	0.0	0.0	0.0	0.0	-0.0	1.0	1	1953	294.2	-511.4	-0.02	0.0	1
127.74	0	0.0	0.0	0.0	0.0	-0.0	1.0	1	1953	294.2	-511.4	-0.02	0.0	1
127.84	0	0.0	0.0	0.0	0.0	-0.0	1.0	1	1953	294.2	-511.4	-0.02	0.0	1
127.94	0	0.0	0.0	0.0	0.0	-0.0	1.0	1	1953	294.2	-511.4	-0.02	0.0	1
128.04	0	0.0	0.0	0.0	0.0	-0.0	1.0	1	1953	294.2	-511.4	-0.02	0.0	1
128.14	0	0.0	0.0	0.0	0.0	-0.0	1.0	1	1953	294.2	-511.4	-0.02	0.0	1
128.24	0	0.0	0.0	0.0	0.0	-0.0	1.0	1	1953	294.2	-511.4	-0.02	0.0	1
128.34	0	0.0	0.0	0.0	0.0	-0.0	1.0	1	1953	294.2	-511.4	-0.02	0.0	1
128.44	0	0.0	0.0	0.0	0.0	-0.0	1.0	1	1953	294.2	-511.4	-0.02	0.0	1
128.54	0	0.0	0.0	0.0	0.0	-0.0	1.0	1	1953	294.2	-511.4	-0.02	0.0	1
128.64	0	0.0	0.0	0.0	0.0	-0.0	1.0	1	1953	294.2	-511.4	-0.02	0.0	1
128.74	0	0.0	0.0	0.0	0.0	-0.0	1.0	1	1953	294.2	-511.4	-0.02	0.0	1
128.84	0	0.0	0.0	0.0	0.0	-0.0	1.0	1	1953	294.2	-511.4	-0.02	0.0	1
128.94	0	0.0	0.0	0.0	0.0	-0.0	1.0	1	1953	294.2	-511.4	-0.02	0.0	1
129.04	0	0.0	0.0	0.0	0.0	-0.0	1.0	1	1953	294.2	-511.4	-0.02	0.0	1
129.14	0	0.0	0.0	0.0	0.0	-0.0	1.0	1	1953	294.2	-511.4	-0.02	0.0	1
129.24	0	0.0	0.0	0.0	0.0	-0.0	1.0	1	1953	294.2	-511.4	-0.02	0.0	1
129.34	0	0.0	0.0	0.0	0.0	-0.0	1.0	1	1953	294.2	-511.4	-0.02	0.0	1
129.44	0	0.0	0.0	0.0	0.0	-0.0	1.0	1	1953	294.2	-511.4	-0.02	0.0	1
129.54	0	0.0	0.0	0.0	0.0	-0.0	1.0	1	1953	294.2	-511.4	-0.02	0.0	1
129.64	0	0.0	0.0	0.0	0.0	-0.0	1.0	1	1953	294.2	-511.4	-0.02	0.0	1
129.74	0	0.0	0.0	0.0	0.0	-0.0	1.0	1	1953	294.2	-511.4	-0.02	0.0	1
129.84	0	0.0	0.0	0.0	0.0	-0.0	1.0	1	1953	294.2	-511.4	-0.02	0.0	1
129.94	0	0.0	0.0	0.0	0.0	-0.0	1.0	1	1953	294.2	-511.4	-0.02	0.0	1
130.04	0	0.0	0.0	0.0	0.0	-0.0	1.0	1	1953	294.2	-511.4	-0.02	0.0	1
130.14	0	0.0	0.0	0.0	0.0	-0.0	1.0	1	1953	294.2	-511.4	-0.02	0.0	1
130.24	0	0.0	0.0	0.0	0.0	-0.0	1.0	1	1953	294.2	-511.4	-0.02	0.0	1
130.34	0	0.0	0.0	0.0	0.0	-0.0	1.0	1	1953	294.2	-511.4	-0.02	0.0	1
130.44	0	0.0	0.0	0.0	0.0	-0.0	1.0	1	1953	294.2	-511.4	-0.02	0.0	1
130.54	0	0.0	0.0	0.0	0.0	-0.0	1.0	1	1953	294.2	-511.4	-0.02	0.0	1
130.64	0	0.0	0.0	0.0	0.0	-0.0	1.0	1	1953	294.2	-511.4	-0.02	0.0	1
130.74	0	0.0	0.0	0.0	0.0	-0.0	1.0	1	1953	294.2	-511.4	-0.02	0.0	1
130.84	0	0.0	0.0	0.0	0.0	-0.0	1.0	1	1953	294.2	-511.4	-0.02	0.0	1
130.94	0	0.0	0.0	0.0	0.0	-0.0	1.0	1	1953	294.2	-511.4	-0.02	0.0	1
131.04	0	0.0	0.0	0.0	0.0	0.0	1.0	1	1953	294.2	-511.4	-0.02	0.0	1
131.14	0	0.0	0.0	0.0	0.0	0.0	1.0	1	1953	294.2	-511.4	-0.02	0.0	1
131.24	0	0.0	0.0	0.0	0.0	0.0	1.0	1	1953	294.2	-511.4	-0.02	0.0	1
131.34	0	0.0	0.0	0.0	0.0	0.0	1.0	1	1953	294.2	-511.4	-0.02	0.0	1
131.44	0	0.0	0.0	0.0	0.0	0.0	1.0	1	1953	294.2	-511.4	-0.02	0.0	1
131.54	0	0.0	0.0	0.0	0.0	0.0	1.0	1	1953	294.2	-511.4	-0.02	0.0	1
131.64	0	0.0	0.0	0.0	0.0	0.0	1.0	1	1953	294.2	-511.4	-0.02	0.0	1
131.74	0	0.0	0.0	0.0	0.0	0.0	1.0	1	1953	294.2	-511.4	-0.02	0.0	1
131.84	0	0.0	0.0	0.0	0.0	0.0	1.0	1	1953	294.2	-511.4	-0.02	0.0	1
131.94	0	0.0	0.0	0.0	0.0	0.0	1.0	1	1953	294.2	-511.4	-0.02	0.0	1
132.04	0	0.0	0.0	0.0	0.0	0.0	1.0	1	1953	294.2	-511.4	-0.02	0.0	1
132.19	0	0.0	2.2	0.91	0.0	0.01	0.0	1	1691	294.1	-511.3	-0.01	0.03	1
132.29	0	0.1	4.2	0.89	0.0	0.01	0.0	1	1708	294.0	-511.3	-0.01	0.12	1
132.4	0	0.3	6.5	0.89	0.0	0.01	0.0	1	1708	293.9	-511.3	0.01	0.28	1
132.51	0	0.5	8.6	0.86	0.0	0.01	0.0	1	1703	293.7	-511.3	0.03	0.51	1
132.61	0	0.8	10.6	0.86	0.0	0.01	0.0	1	1702	293.4	-511.3	0.06	0.77	1
132.71	0	1.1	12.6	0.86	0.0	0.01	0.0	1	1702	293.1	-511.2	0.09	1.1	1
132.81	0	1.5	14.6	0.86	0.0	0.01	0.0	1	1702	292.7	-511.2	0.12	1.47	1
132.91	0	1.9	16.5	0.86	0.0	0.01	0.0	1	1702	292.3	-511.1	0.16	1.9	1
133.01	0	2.4	18.5	0.93	0.0	0.01	0.0	1	1712	291.8	-511.0	0.21	2.39	1
133.11	0	2.9	20.6	0.97	0.0	0.01	0.0	1	1719	291.2	-511.0	0.26	2.93	1
133.21	0	3.5	22.6	1.0	0.0	0.01	0.0	1	1760	290.6	-510.9	0.31	3.53	1
133.31	0	4.2	24.2	1.0	0.0	0.01	0.0	1	1855	290.0	-510.8	0.37	4.17	1
133.41	0	4.9	25.4	1.0	0.0	0.02	0.0	1	1931	289.3	-510.7	0.43	4.86	1
133.51	0	5.6	26.3	0.97	0.0	0.03	0.0	1	1991	288.6	-510.6	0.5	5.58	1
133.61	0	6.4	27.2	0.97	0.0	0.03	0.0	1	2051	287.9	-510.6	0.48	6.42	1
133.71	0	7.2	28.0	0.97	0.0	0.04	0.0	1	2112	287.1	-510.5	0.4	7.18	1
133.81	0	8.0	28.8	0.97	0.0	0.06	0.0	1	2173	286.3	-510.4	0.33	7.97	1
133.91	0	8.8	29.6	0.97	0.0	0.06	0.0	1	2234	285.5	-510.3	0.26	8.77	1
134.01	0	9.6	30.4	0.95	0.0	0.06	0.0	1	2293	284.7	-510.2	0.18	9.61	1
134.11	0	10.5	31.1	0.75	0.0	0.06	0.0	1	2334	283.8	-510.1	0.14	10.46	1
134.21	0	11.4	31.5	0.28	0.0	0.01	0.0	1	2324	283.0	-510.0	0.12	11.35	1
134.31	0	12.2	31.1	0.0	0.0	-0.03	0.0	1	2277	282.1	-509.9	0.04	12.22	1
134.41	0	13.1	30.7	0.0	0.0	0.0	0.0	1	2247	281.3	-509.9	-0.05	13.07	1
134.51	0	13.9	30.4	0.27	0.0	0.0	0.0	1	2244	280.4	-509.8	-0.14	13.92	1
134.61	0	14.8	30.6	0.55	0.0	-0.0	0.0	1	2273	279.6	-509.7	-0.23	14.77	1
134.71	0	15.6	30.9	0.62	0.0	-0.0	0.0	1	2302	278.7	-509.6	-0.31	15.62	1
134.81	0	16.5	31.3	0.67	0.0	-0.02	0.0	1	2335	277.8	-509.5	-0.4	16.48	1
134.91	0	17.4	31.7	0.71	0.0	-0.02	0.0	1	2373	277.0	-509.4	-0.49	17.35	1
135.01	0	18.2	32.2	0.71	0.0	-0.0	0.0	1	2409	276.1	-509.3	-0.59	18.24	1
135.11	0	19.1	32.7	0.71	0.0	-0.0	0.0	1	2444	275.2	-509.2	-0.68	19.13	1
135.21	0	20.0	33.2	0.71	0.0	-0.0	0.0	1	2480	274.3	-509.1	-0.78	20.04	1
135.31	0	21.0	33.6	0.71	0.0	-0.0	0.0	1	2515	273.4	-509.0	-0.87	20.96	1
135.41	0	21.9	34.1	0.74	0.0	0.06	0.0	1	2552	272.4	-508.9	-0.97	21.9	1
135.51	0	22.8	34.6	0.74	0.0	0.03	0.0	1	2591	271.5	-508.8	-1.06	22.85	1
135.65	0	24.2	35.3	0.75	0.0	0.0	0.0	1	2643	270.2	-508.7	-1.19	24.16	1
135.74	0	25.1	35.8	0.75	0.0	0.0	0.0	1	2681	269.2	-508.6	-1.29	25.12	1
135.84	0	26.1	36.3	0.73	0.0	0.03	0.0	1	2718	268.2	-508.5	-1.38	26.12	1
135.94	0	27.1	36.8	0.61	0.0	0.06	0.0	1	2739	267.2	-508.4	-1.48	27.13	1
136.04	0	28.2	37.0	0.47	0.0	0.1	0.0	1	2744	266.2	-508.3	-1.56	28.15	1
136.14	0	29.2	37.1	0.47	0.0	0.12	0.0	1	2755	265.1	-508.3	-1.64	29.18	1
136.24	0	30.2	37.3	0.54	0.0	0.12	0.0	1	2771	264.1	-508.2	-1.71	30.21	1
136.34	0	31.2	37.5	0.58	0.0	0.05	0.0	1	2792	263.1	-508.1	-1.77	31.25	1
136.48	0	32.6	37.9	0.58	0.0	0.01	0.0	1	2820	261.7	-508.1	-1.84	32.64	1
136.55	0	33.4	38.1	0.58	0.0	-0.02	0.0	1	2836	260.9	-508.0	-1.89	33.39	1
136.65	0	34.5	38.4	0.58	0.0	-0.0	0.0	1	2858	259.9	-508.0	-1.95	34.45	1
136.75	0	35.5	38.7	0.58	0.0	0.0	0.0	1	2881	258.8	-507.9	-2.01	35.52	1
136.85	0	36.6	39.0	0.58	0.0	0.0	0.0	1	2907	257.7	-507.8	-2.08	36.6	1
136.95	0	37.7	39.4	0.63	0.0	0.0	0.0	1	2942	256.6	-507.8	-2.14	37.69	1
137.05	0	38.8	39.9	0.66	0.0	0.0	0.0	1	2981	255.5	-507.7	-2.2	38.78	1
137.15	0	39.9	40.4	0.65	0.0	0.1	0.0	1	3021	254.4	-507.7	-2.26	39.9	1
137.25	0	41.0	40.9	0.65	0.0	0.01	0.0	1	3063	253.3	-507.6	-2.32	41.02	1
137.35	0	42.2	41.5	0.63	0.0	0.01	0.0	1	3105	252.2	-507.6	-2.37	42.17	1
137.45	0	43.3	42.0	0.61	0.0	0.01	0.0	1	3144	251.0	-507.5	-2.42	43.32	1
137.55	0	44.5	42.6	0.61	0.0	0.01	0.0	1	3188	249.8	-507.4	-2.48	44.49	1
137.65	0	45.7	43.1	0.61	0.0	0.01	0.0	1	3234	248.6	-507.4	-2.53	45.69	1
137.75	0	46.9	43.8	0.61	0.0	0.05	0.0	1	3283	247.4	-507.3	-2.58	46.9	1
137.85	0	48.1	44.4	0.61	0.0	0.02	0.0	1	3335	246.2	-507.3	-2.63	48.12	1
137.95	0	49.4	45.1	0.61	0.0	0.0	0.0	1	3389	245.0	-507.3	-2.68	49.36	1
138.05	0	50.6	45.8	0.61	0.0	0.0	0.0	1	3447	243.7	-507.2	-2.73	50.62	1
138.15	0	51.9	46.6	0.61	0.0	0.0	0.0	1	3508	242.4	-507.2	-2.78	51.9	1
138.25	0	53.2	47.4	0.61	0.0	0.0	0.0	1	3573	241.1	-507.1	-2.83	53.2	1
138.35	0	54.5	48.2	0.61	0.0	0.0	0.0	1	3640	239.8	-507.1	-2.88	54.53	1
138.45	0	55.9	49.1	0.67	0.0	0.05	0.0	1	3726	238.4	-507.0	-2.93	55.88	1
138.55	0	57.3	50.3	0.77	0.0	0.01	0.0	1	3856	237.1	-507.0	-2.97	57.26	1
138.65	0	58.7	51.8	0.77	0.0	0.01	0.0	1	3982	235.6	-506.9	-3.02	58.68	1
138.75	0	60.1	53.4	0.77	0.0	0.0	0.0	1	4114	234.2	-506.9	-3.07	60.14	1
138.85	0	61.6	55.1	0.8	0.0	0.0	0.0	1	4275	232.7	-506.9	-3.12	61.65	1
138.96	0	63.4	57.4	0.86	0.0	0.0	0.0	1	4509	230.9	-506.8	-3.17	63.44	1
139.06	0	65.1	59.7	0.89	0.0	0.0	0.0	1	4740	229.3	-506.8	-3.22	65.06	1
139.16	0	66.8	62.2	0.89	0.0	0.0	0.0	1	4986	227.6	-506.7	-3.27	66.75	1
139.26	0	68.5	64.9	0.89	0.0	0.0	0.0	1	5253	225.8	-506.7	-3.33	68.52	1
139.36	0	70.4	67.7	0.9	0.0	0.0	0.0	1	5554	224.0	-506.6	-3.38	70.36	1
139.46	0	72.3	70.6	0.89	0.0	0.0	0.0	1	5900	222.0	-506.6	-3.43	72.28	1
139.56	0	74.3	73.6	0.89	0.0	0.0	0.0	1	6304	220.0	-506.5	-3.49	74.28	1
139.66	0	76.4	76.6	0.9	0.0	0.02	0.0	1	6785	217.9	-506.5	-3.55	76.37	1
139.76	0	78.5	79.5	0.9	0.0	0.02	0.0	1	7335	215.8	-506.4	-3.6	78.54	1
139.86	0	80.8	82.5	0.9	0.0	0.02	0.0	1	7928	213.5	-506.4	-3.65	80.78	1
139.96	0	83.1	85.4	0.9	0.0	0.02	0.0	1	8536	211.2	-506.3	-3.7	83.12	1
140.06	0	85.5	88.3	0.9	0.0	-0.0	0.0	1	9115	208.8	-506.3	-3.73	85.52	1
140.16	0	88.1	91.2	0.9	0.0	-0.0	0.0	1	9320	206.3	-506.3	-3.75	88.05	1
140.26	0	90.6	94.0	0.9	0.0	-0.0	0.0	1	8283	203.7	-506.3	-3.72	90.63	1
140.36	0	93.3	96.6	0.84	0.0	-0.02	0.0	1	7808	201.1	-506.4	-3.67	93.27	1
140.46	0	96.0	98.9	0.74	0.0	-0.03	0.0	1	7859	198.4	-506.4	-3.56	95.99	1
140.58	0	99.2	101.2	0.52	0.0	-0.05	0.0	1	7892	195.2	-506.6	-3.38	99.16	1
140.68	0	102.0	102.5	0.16	0.0	-0.11	0.0	1	7665	192.3	-506.8	-3.18	102.03	1
140.78	0	104.9	102.0	0.0	0.0	-0.02	0.0	1	7380	189.5	-507.0	-2.99	104.86	1
140.88	0	107.7	100.8	0.0	0.0	-0.0	0.0	1	7249	186.7	-507.1	-2.81	107.67	1
140.98	0	110.5	99.6	0.0	0.0	0.0	0.0	1	7154	183.9	-507.3	-2.64	110.45	1
141.08	0	113.2	98.4	0.09	0.0	0.0	0.0	1	7114	181.1	-507.4	-2.49	113.19	1
141.18	0	115.9	97.6	0.16	0.0	0.02	0.0	1	7149	178.4	-507.6	-2.33	115.91	1
141.28	0	118.6	97.4	0.25	0.0	-0.0	0.0	1	7233	175.7	-507.7	-2.18	118.62	1
141.38	0	121.3	97.6	0.27	0.0	-0.0	0.0	1	7270	173.0	-507.8	-2.02	121.3	1
141.48	0	124.0	98.0	0.39	0.0	-0.02	0.0	1	7376	170.3	-508.0	-1.86	124.01	1
141.58	0	126.8	99.0	0.47	0.0	-0.05	0.0	1	7565	167.6	-508.1	-1.66	126.77	1
141.68	0	129.5	100.3	0.48	0.0	-0.1	0.0	1	7703	164.8	-508.3	-1.46	129.52	1
141.78	0	132.3	101.7	0.48	0.0	-0.08	0.0	1	7822	162.0	-508.4	-1.29	132.32	1
141.88	0	135.2	103.2	0.52	0.0	-0.07	0.0	1	7975	159.2	-508.4	-1.15	135.16	1
141.98	0	138.0	104.8	0.55	0.0	-0.07	0.0	1	8149	156.3	-508.5	-1.04	138.05	1
142.08	0	141.0	106.5	0.56	0.0	-0.07	0.0	1	8309	153.4	-508.5	-0.98	140.99	1
142.18	0	144.0	108.3	0.56	0.0	-0.0	0.0	1	8460	150.4	-508.4	-0.96	143.98	1
142.28	0	147.0	109.9	0.32	0.0	0.07	0.25	1	8386	147.4	-508.3	-0.98	147.0	1
142.38	0	150.1	110.0	0.0	0.0	0.01	1.0	1	7935	144.3	-508.2	-1.03	150.05	1
142.48	0	153.1	109.7	0.0	0.0	0.1	1.0	1	7446	141.3	-508.1	-1.09	153.11	1
142.58	0	156.2	109.3	0.0	0.0	0.1	1.0	1	6986	138.2	-507.9	-1.14	156.15	1
142.68	0	159.2	109.0	0.0	0.0	0.1	1.0	1	6554	135.2	-507.9	-1.15	159.19	1
142.78	0	162.2	108.6	0.0	0.0	0.09	1.0	1	6150	132.2	-507.8	-1.12	162.21	1
142.88	0	165.2	108.2	0.0	0.0	0.01	1.0	1	5771	129.1	-507.8	-1.0	165.23	1
142.98	0	168.2	107.9	0.0	0.0	0.0	1.0	1	5415	126.1	-507.9	-0.84	168.23	1
143.08	0	171.2	107.5	0.0	0.0	0.0	1.0	2	5082	123.2	-507.9	-0.66	171.21	1
143.18	0	174.2	107.2	0.0	0.0	0.0	1.0	2	4769	120.2	-508.0	-0.46	174.18	1
143.28	0	177.1	106.9	0.0	0.0	0.0	1.0	2	4474	117.2	-508.1	-0.25	177.15	1
143.38	0	180.1	106.6	0.0	0.0	0.0	1.0	2	4198	114.2	-508.2	-0.04	180.11	1
143.48	0	183.1	106.2	0.0	0.0	0.0	1.0	2	3939	111.3	-508.3	0.18	183.05	1
143.58	0	186.0	105.2	0.06	0.0	0.0	0.6	2	4153	108.4	-508.4	0.39	185.99	1
143.68	0	188.9	102.6	0.13	0.0	0.0	0.05	2	5236	105.5	-508.5	0.61	188.86	1
143.78	0	191.7	101.1	0.23	0.0	0.0	0.0	2	5717	102.6	-508.7	0.82	191.68	1
143.88	0	194.5	101.1	0.32	0.0	0.0	0.0	2	5810	99.8	-508.8	1.03	194.48	1
143.98	0	197.3	101.6	0.48	0.0	-0.02	0.0	2	5930	97.0	-508.9	1.24	197.28	1
144.08	0	200.1	102.7	0.56	0.0	-0.02	0.0	2	6058	94.2	-509.0	1.45	200.11	1
144.18	0	202.7	104.0	0.58	0.0	-0.02	0.0	2	6166	91.3	-509.1	1.93	202.73	1
144.28	0	205.6	105.4	0.6	0.0	-0.02	0.0	2	6264	88.4	-509.2	2.53	205.57	1
144.38	0	208.5	106.9	0.6	0.0	-0.02	0.0	2	6365	85.5	-509.3	3.11	208.46	1
144.48	0	211.9	108.4	0.6	0.0	0.01	0.0	2	6459	82.5	-509.3	3.56	211.93	1
144.58	0	215.0	110.0	0.6	0.0	0.01	0.0	2	6553	79.4	-509.4	3.71	214.97	1
144.68	0	218.0	111.5	0.6	0.0	0.02	0.0	2	6648	76.4	-509.5	3.86	218.04	1
144.78	0	221.3	113.1	0.6	0.0	0.05	0.0	2	6743	73.3	-509.6	3.94	221.32	1
144.88	0	224.5	114.6	0.6	0.0	0.06	0.0	2	6841	70.1	-509.6	3.97	224.49	1
144.98	0	227.7	116.2	0.6	0.0	0.01	0.0	2	6939	66.9	-509.7	4.03	227.7	1
145.08	0	230.8	117.7	0.6	0.0	0.0	0.0	2	7035	63.6	-509.9	4.19	230.79	1
145.18	0	234.1	119.3	0.6	0.0	-0.02	0.0	2	7129	60.4	-510.0	4.4	234.07	1
145.28	0	237.4	120.9	0.6	0.0	-0.05	0.0	2	7222	57.0	-510.2	4.64	237.4	1
145.38	0	240.9	122.4	0.6	0.0	-0.05	0.0	2	7317	53.7	-510.4	4.79	240.88	1
145.48	0	244.3	124.0	0.6	0.0	-0.0	0.0	2	7413	50.2	-510.5	4.9	244.3	1
145.59	0	250.3	125.9	0.6	0.0	-0.0	0.0	2	7525	46.2	-510.7	4.51	250.3	1
145.69	0	253.7	127.4	0.6	0.0	0.0	0.0	2	7619	42.7	-510.9	3.05	253.74	1
145.79	0	256.2	129.0	0.6	0.0	0.0	0.0	2	7713	39.1	-511.0	2.28	256.18	1
145.89	0	259.4	130.6	0.62	0.0	0.0	0.0	2	7825	35.5	-511.2	2.28	259.4	1
146.0	0	263.3	132.2	0.62	0.0	0.0	0.0	2	7923	31.8	-511.3	2.81	263.27	1
146.09	0	267.0	133.8	0.62	0.0	0.0	0.0	2	8022	28.2	-511.4	3.03	266.95	1
146.19	0	270.7	135.5	0.62	0.0	0.0	0.0	2	8119	24.4	-511.6	3.26	270.68	1
146.29	0	274.5	137.1	0.62	0.0	0.0	0.0	2	8213	20.7	-511.7	3.49	274.49	1
146.39	0	278.3	138.7	0.62	0.0	0.0	0.0	2	8307	16.8	-511.9	3.69	278.32	1
146.49	0	282.2	140.2	0.62	0.0	0.0	0.0	2	8400	12.9	-512.0	3.9	282.19	1
146.6	0	286.1	141.8	0.62	0.0	0.0	0.0	2	8493	9.0	-512.2	4.11	286.12	1
146.69	0	290.1	143.3	0.58	0.0	-0.02	0.0	2	8570	5.1	-512.4	4.33	290.07	1
146.8	0	294.1	144.8	0.56	0.0	-0.02	0.0	2	8610	1.0	-512.5	4.55	294.11	1
146.89	0	298.2	146.0	0.52	0.0	-0.05	0.0	2	8654	-2.9	-512.7	4.68	298.22	1
146.99	0	302.3	147.1	0.47	0.0	-0.07	0.0	2	8649	-7.0	-512.9	4.78	302.28	1
147.09	0	306.4	147.8	0.45	0.0	-0.03	0.0	2	8670	-11.1	-513.0	4.84	306.42	1
147.19	0	310.5	148.6	0.45	0.0	-0.0	0.0	2	8707	-15.2	-513.1	4.83	310.54	1
147.29	0	314.7	149.2	0.45	0.0	0.0	0.0	2	8743	-19.4	-513.2	4.79	314.68	1
147.39	0	319.0	149.9	0.45	0.0	0.0	0.0	2	8780	-23.5	-513.2	4.59	318.96	1
147.49	0	322.9	150.6	0.45	0.0	0.0	0.0	2	8812	-27.7	-513.3	4.22	322.94	1
147.59	0	325.6	151.3	0.45	0.0	0.0	0.0	2	8851	-31.9	-513.3	5.48	325.55	1
147.69	0	329.6	152.0	0.45	0.0	0.0	0.0	2	8889	-36.1	-513.3	6.75	329.57	1
147.79	0	333.8	152.7	0.45	0.0	0.0	0.0	2	8926	-40.3	-513.2	7.9	333.81	1
147.9	0	339.1	153.3	0.45	0.0	0.0	0.0	2	8976	-44.9	-513.2	8.9	339.09	1
148.0	0	343.6	153.9	0.45	0.0	0.0	0.02	2	9023	-49.1	-513.2	9.62	343.6	0
148.1	0	347.8	154.5	0.45	0.0	0.0	0.01	2	9081	-53.4	-513.2	10.21	347.84	0
148.2	0	353.2	155.0	0.45	0.0	0.0	0.01	2	9127	-57.7	-513.2	10.5	353.15	0
148.3	0	357.5	155.6	0.45	0.0	0.0	0.01	2	9160	-62.0	-513.2	10.73	357.46	0
148.42	0	362.4	156.2	0.45	0.0	0.0	0.0	2	9193	-67.0	-513.3	11.0	362.42	0
148.52	0	366.8	156.7	0.45	0.0	0.0	0.0	2	9217	-71.3	-513.3	11.26	366.76	0
148.62	0	371.1	157.2	0.45	0.0	0.0	0.0	2	9237	-75.7	-513.4	11.53	371.09	0
148.72	0	375.5	157.7	0.45	0.0	0.0	0.0	2	9256	-80.1	-513.5	11.83	375.46	0
148.82	0	379.8	158.2	0.45	0.0	0.0	0.0	2	9272	-84.5	-513.6	12.14	379.83	0
148.92	0	384.2	158.6	0.45	0.0	-0.01	0.0	2	9287	-88.9	-513.7	12.47	384.22	0
149.02	0	389.1	159.0	0.45	0.0	-0.02	0.0	2	9298	-93.3	-513.8	12.73	389.05	0
149.12	0	393.5	159.4	0.45	0.0	-0.02	0.0	2	9309	-97.7	-513.9	12.92	393.47	0
149.22	0	397.9	159.7	0.45	0.0	-0.02	0.0	2	9319	-102.1	-514.1	13.1	397.9	0
149.32	0	402.3	160.1	0.45	0.0	-0.03	0.0	2	9330	-106.5	-514.2	13.26	402.33	0
149.42	0	408.6	160.3	0.45	0.0	-0.0	0.0	2	9342	-111.0	-514.3	13.18	408.63	0
149.52	0	413.1	160.6	0.45	0.0	-0.0	0.0	2	9352	-115.5	-514.4	12.73	413.08	0
149.62	0	417.5	160.8	0.45	0.0	-0.0	0.0	2	9359	-119.9	-514.5	12.27	417.52	0
149.72	0	422.0	161.0	0.45	0.0	-0.0	0.0	2	9364	-124.4	-514.6	11.78	421.99	0
149.82	0	426.4	161.2	0.45	0.0	-0.0	0.0	2	9369	-128.9	-514.6	11.28	426.36	0
149.92	0	430.8	161.4	0.45	0.0	-0.0	0.0	2	9373	-133.3	-514.6	10.78	430.81	0
150.02	0	435.3	161.6	0.45	0.0	-0.0	0.0	2	9377	-137.8	-514.7	10.25	435.27	0
150.12	0	439.7	161.8	0.45	0.0	-0.0	0.0	2	9382	-142.3	-514.7	9.71	439.73	0
150.22	0	443.3	161.9	0.45	0.0	-0.0	0.0	2	9379	-146.8	-514.7	9.29	443.33	0
150.32	0	447.8	162.1	0.45	0.0	-0.0	0.0	2	9384	-151.3	-514.7	9.17	447.83	0
150.42	0	452.3	162.2	0.45	0.0	-0.0	0.0	2	9388	-155.8	-514.6	9.04	452.33	0
150.52	0	456.8	162.3	0.45	0.0	-0.0	0.0	2	9391	-160.3	-514.6	8.91	456.84	1
150.62	0	461.3	162.4	0.45	0.0	-0.0	0.0	2	9394	-164.8	-514.6	8.77	461.34	1
150.72	0	465.9	162.5	0.45	0.0	-0.0	0.0	2	9397	-169.4	-514.6	8.64	465.86	1
150.82	0	470.4	162.6	0.45	0.0	-0.0	0.0	2	9400	-173.9	-514.6	8.51	470.37	1
150.92	0	474.9	162.7	0.45	0.0	-0.0	0.0	2	9402	-178.4	-514.6	8.38	474.89	1
151.02	0	479.4	162.8	0.45	0.0	-0.0	0.0	2	9404	-182.9	-514.6	8.26	479.42	1
151.12	0	483.9	162.8	0.45	0.0	-0.04	0.0	2	9403	-187.4	-514.6	8.13	483.92	1
151.22	0	488.4	162.9	0.45	0.0	-0.04	0.0	2	9404	-192.0	-514.5	8.0	488.44	1
151.32	0	493.0	162.9	0.45	0.0	-0.04	0.0	2	9407	-196.5	-514.5	7.85	492.97	1
151.42	0	497.4	163.0	0.45	0.0	-0.04	0.0	2	9410	-201.0	-514.5	7.7	497.43	1
151.52	0	502.0	163.0	0.45	0.0	-0.04	0.0	2	9412	-205.5	-514.4	7.52	501.96	1
151.62	0	506.5	163.0	0.45	0.0	-0.0	0.0	2	9412	-210.1	-514.2	7.31	506.48	1
151.72	0	511.0	163.0	0.45	0.0	0.0	0.0	2	9411	-214.6	-514.1	7.05	511.01	1
151.82	0	515.5	162.9	0.32	0.0	0.1	0.15	2	9353	-219.1	-513.9	6.77	515.52	1
151.92	0	520.0	162.4	0.06	0.0	0.01	0.93	2	9164	-223.6	-513.6	6.48	520.03	1
152.02	0	524.5	161.8	0.0	0.0	0.01	1.0	2	8598	-228.1	-513.4	6.2	524.53	1
152.12	0	529.0	161.1	0.0	0.0	0.01	1.0	2	8068	-232.6	-513.3	5.94	529.0	1
152.22	0	533.5	160.6	0.0	0.0	0.0	0.8	3	7427	-237.1	-513.1	5.7	533.46	1
152.32	0	537.9	160.2	0.0	0.0	0.0	0.05	3	6913	-241.5	-513.0	5.47	537.91	1
152.42	0	542.3	159.1	0.0	0.0	0.0	0.0	3	6840	-245.9	-512.8	5.26	542.31	1
152.53	0	547.3	157.8	0.14	0.0	0.0	0.0	3	6853	-250.9	-512.7	5.04	547.32	1
152.63	0	551.6	157.3	0.26	0.0	0.0	0.0	3	6912	-255.3	-512.6	4.89	551.6	1
152.73	0	556.0	157.3	0.36	0.0	0.0	0.0	3	6964	-259.6	-512.5	4.75	555.96	1
152.83	0	560.3	157.4	0.42	0.0	0.0	0.0	3	7010	-264.0	-512.4	4.62	560.34	1
152.93	0	564.7	157.8	0.47	0.0	-0.01	0.0	3	7056	-268.4	-512.3	4.49	564.74	1
153.03	0	569.2	158.3	0.48	0.0	-0.03	0.0	3	7090	-272.8	-512.2	4.35	569.16	1
153.13	0	573.6	158.8	0.52	0.0	-0.03	0.0	3	7139	-277.2	-512.1	4.22	573.56	1
153.23	0	577.9	159.5	0.53	0.0	-0.03	0.0	3	7182	-281.6	-512.0	4.07	577.94	1
153.33	0	582.4	160.2	0.53	0.0	-0.04	0.0	3	7216	-286.1	-511.8	3.9	582.38	1
153.43	0	586.8	160.9	0.55	0.0	-0.0	0.0	3	7265	-290.5	-511.7	3.7	586.84	1
153.53	0	591.3	161.6	0.55	0.0	0.0	0.0	3	7300	-295.0	-511.5	3.46	591.34	1
153.63	0	595.8	162.4	0.55	0.0	0.0	0.0	3	7333	-299.5	-511.2	3.2	595.83	1
153.73	0	600.3	163.1	0.55	0.0	0.03	0.0	3	7365	-304.0	-511.0	2.91	600.35	1
153.83	0	604.9	163.9	0.55	0.0	0.1	0.0	3	7397	-308.6	-510.7	2.59	604.9	1
153.93	0	609.4	164.6	0.55	0.0	0.01	0.0	3	7434	-313.1	-510.5	2.29	609.44	1
154.03	0	614.0	165.3	0.52	0.0	0.01	0.0	3	7451	-317.7	-510.3	2.0	614.03	1
154.13	0	618.6	165.9	0.51	0.0	0.0	0.0	3	7471	-322.3	-510.1	1.74	618.61	1
154.23	0	623.2	166.5	0.51	0.0	0.0	0.0	3	7495	-326.9	-509.9	1.52	623.21	1
154.33	0	627.8	167.1	0.51	0.0	-0.02	0.0	3	7520	-331.5	-509.7	1.32	627.84	1
154.43	0	632.5	167.7	0.51	0.0	0.01	0.0	3	7545	-336.2	-509.6	1.14	632.49	1
154.53	0	637.2	168.3	0.51	0.0	0.01	0.0	3	7571	-340.8	-509.5	0.97	637.15	1
154.63	0	641.9	168.9	0.51	0.0	0.01	0.0	3	7597	-345.5	-509.4	0.82	641.85	1
154.73	0	646.5	169.5	0.51	0.0	0.01	0.0	3	7624	-350.2	-509.3	0.68	646.54	1
154.83	0	651.3	170.1	0.51	0.0	0.01	0.0	3	7650	-354.9	-509.3	0.55	651.25	1
154.93	0	656.0	170.7	0.51	0.0	0.01	0.0	3	7676	-359.7	-509.2	0.51	655.97	1
155.03	0	660.7	171.2	0.51	0.0	-0.02	0.0	3	7702	-364.4	-509.2	0.49	660.71	1
155.13	0	665.5	171.8	0.51	0.0	-0.02	0.0	3	7728	-369.2	-509.1	0.47	665.49	1
155.26	0	671.8	172.6	0.51	0.0	-0.02	0.0	3	7762	-375.6	-509.0	0.45	671.85	1
155.36	0	676.7	173.1	0.51	0.0	-0.03	0.0	3	7789	-380.4	-509.0	0.42	676.66	1
155.46	0	681.5	173.7	0.51	0.0	-0.0	0.0	3	7815	-385.2	-508.9	0.37	681.47	1
155.56	0	686.3	174.2	0.51	0.0	0.0	0.0	3	7840	-390.0	-508.8	0.3	686.34	1
155.66	0	691.2	174.8	0.51	0.0	0.0	0.0	3	7864	-394.9	-508.6	0.21	691.19	1
155.76	0	696.0	175.3	0.51	0.0	0.0	0.0	3	7887	-399.7	-508.5	0.11	696.05	1
155.86	0	700.9	175.9	0.51	0.0	0.0	0.0	3	7911	-404.6	-508.3	-0.01	700.92	1
155.96	0	705.8	176.4	0.51	0.0	0.0	0.0	3	7936	-409.5	-508.2	-0.11	705.82	1
156.06	0	710.7	177.0	0.51	0.0	0.0	0.0	3	7959	-414.4	-508.0	-0.17	710.73	1
156.18	0	716.3	177.6	0.51	0.0	0.0	0.0	3	7986	-420.0	-507.8	-0.24	716.34	1
156.28	0	721.3	178.1	0.51	0.0	0.0	0.0	3	8010	-425.0	-507.6	-0.31	721.33	1
156.38	0	726.2	178.6	0.51	0.0	0.0	0.0	3	8033	-429.9	-507.5	-0.36	726.21	1
156.48	0	731.2	179.2	0.51	0.0	0.0	0.0	3	8057	-434.9	-507.3	-0.42	731.18	1
156.58	0	736.2	179.7	0.51	0.0	0.0	0.0	3	8080	-439.8	-507.2	-0.47	736.15	1
156.71	0	742.7	180.3	0.51	0.0	0.0	0.0	3	8110	-446.4	-507.0	-0.52	742.74	1
156.78	0	746.2	180.7	0.51	0.0	0.0	0.0	3	8125	-449.8	-506.9	-0.51	746.17	1
156.88	0	751.2	181.2	0.51	0.0	0.0	0.0	3	8148	-454.9	-506.7	-0.5	751.2	1
156.98	0	756.3	181.7	0.51	0.0	0.0	0.0	3	8170	-459.9	-506.6	-0.48	756.27	1
157.08	0	761.3	182.2	0.51	0.0	0.0	0.0	3	8192	-465.0	-506.4	-0.45	761.33	1
157.18	0	766.4	182.7	0.51	0.0	0.0	0.0	3	8214	-470.1	-506.3	-0.41	766.41	1
157.28	0	771.5	183.2	0.51	0.0	0.0	0.0	3	8235	-475.1	-506.2	-0.38	771.46	1
157.38	0	776.6	183.6	0.51	0.0	0.0	0.0	3	8257	-480.2	-506.1	-0.33	776.55	1
157.48	0	781.7	184.1	0.51	0.0	0.0	0.0	3	8278	-485.3	-505.9	-0.33	781.67	1
157.58	0	786.9	184.6	0.51	0.0	0.0	0.0	3	8299	-490.5	-505.8	-0.36	786.86	1
157.68	0	792.0	185.1	0.51	0.0	0.0	0.0	3	8320	-495.7	-505.7	-0.38	792.0	1
157.78	0	797.1	185.5	0.51	0.0	0.0	0.0	3	8341	-500.8	-505.6	-0.39	797.15	1
157.88	0	802.3	186.0	0.51	0.0	0.0	0.0	3	8361	-506.0	-505.6	-0.4	802.3	1
157.98	0	807.5	186.4	0.51	0.0	0.0	0.0	3	8381	-511.1	-505.5	-0.4	807.47	1
158.08	0	812.6	186.9	0.51	0.0	0.0	0.0	3	8401	-516.3	-505.4	-0.39	812.65	1
158.18	0	817.9	187.3	0.51	0.0	0.0	0.0	3	8421	-521.5	-505.3	-0.4	817.85	1
158.28	0	823.1	187.8	0.51	0.0	0.0	0.0	3	8441	-526.7	-505.3	-0.41	823.07	1
158.38	0	828.3	188.2	0.51	0.0	0.0	0.0	3	8460	-531.9	-505.2	-0.41	828.29	1
158.48	0	833.5	188.6	0.51	0.0	0.0	0.0	3	8479	-537.2	-505.2	-0.41	833.52	1
158.58	0	838.8	189.1	0.51	0.0	0.0	0.0	3	8498	-542.4	-505.1	-0.41	838.79	1
158.68	0	844.1	189.5	0.51	0.0	0.0	0.0	3	8517	-547.7	-505.1	-0.39	844.05	1
158.78	0	849.3	189.9	0.51	0.0	0.0	0.0	3	8535	-553.0	-505.0	-0.37	849.32	1
158.88	0	854.7	190.3	0.51	0.0	0.0	0.0	3	8554	-558.3	-505.0	-0.32	854.68	1
158.98	0	859.9	190.7	0.51	0.0	-0.02	0.0	3	8572	-563.6	-505.0	-0.22	859.91	1
159.08	0	865.2	191.0	0.43	0.0	-0.07	0.0	3	8533	-568.9	-505.0	-0.13	865.19	1
159.18	0	870.5	191.0	0.36	0.0	-0.0	0.0	3	8474	-574.2	-504.9	-0.05	870.5	1
159.28	0	875.8	190.9	0.36	0.0	0.0	0.0	3	8463	-579.5	-504.9	0.01	875.82	1
159.38	0	881.1	190.7	0.36	0.0	0.0	0.0	3	8455	-584.8	-504.8	0.04	881.1	1
159.48	0	886.4	190.5	0.36	0.0	0.0	0.0	3	8446	-590.1	-504.7	0.05	886.4	1
159.58	0	891.7	190.4	0.36	0.0	0.0	0.0	3	8445	-595.4	-504.6	0.37	891.68	1
159.68	0	896.9	190.2	0.36	0.0	0.0	0.0	3	8425	-600.7	-504.5	1.11	896.92	1
159.78	0	902.1	190.1	0.36	0.0	0.0	0.0	3	8422	-605.9	-504.3	1.87	902.09	1
159.88	0	907.3	189.9	0.36	0.0	0.0	0.0	3	8418	-611.2	-504.2	2.76	907.28	1
159.98	0	912.5	189.8	0.36	0.0	0.0	0.0	3	8412	-616.5	-504.0	3.64	912.48	1
160.08	0	918.4	189.6	0.35	0.0	-0.05	0.0	3	8390	-621.7	-503.9	3.88	918.43	1
160.18	0	923.7	189.4	0.33	0.0	-0.05	0.0	3	8368	-627.0	-503.8	3.82	923.69	1
160.28	0	929.4	189.1	0.33	0.0	-0.06	0.0	3	8351	-632.3	-503.6	3.41	929.42	1
160.38	0	934.6	188.7	0.3	0.0	-0.09	0.0	3	8337	-637.5	-503.4	2.65	934.6	1
160.48	0	939.6	188.3	0.27	0.0	-0.03	0.0	3	8294	-642.7	-503.2	1.96	939.58	1
160.58	0	944.8	187.7	0.27	0.0	-0.0	0.0	3	8264	-648.0	-502.9	0.7	944.83	1
160.68	0	952.0	187.2	0.27	0.0	-0.0	0.0	3	8236	-653.2	-502.5	0.15	952.03	1
160.78	0	960.2	186.7	0.27	0.0	-0.0	0.0	3	8217	-658.4	-502.1	-1.75	960.23	1
160.89	0	966.1	186.2	0.27	0.0	-0.0	0.0	3	8182	-664.2	-501.6	-1.51	966.1	1
160.99	0	971.2	185.7	0.27	0.0	-0.05	0.0	3	8165	-669.3	-501.2	-1.42	971.18	1
161.09	0	976.3	185.2	0.27	0.0	-0.1	0.0	3	8146	-674.5	-500.6	-1.53	976.35	1
161.19	0	981.5	184.6	0.25	0.0	-0.1	0.0	3	8114	-679.6	-500.1	-1.68	981.47	1
161.29	0	986.7	184.0	0.25	0.0	-0.12	0.0	3	8091	-684.7	-499.5	-1.68	986.67	1
161.39	0	991.8	183.3	0.25	0.0	-0.07	0.0	3	8067	-689.7	-498.8	-1.74	991.77	1
161.49	0	996.9	182.7	0.25	0.0	-0.02	0.0	3	8039	-694.7	-498.0	-1.87	996.86	1
161.59	0	1001.9	182.0	0.25	0.0	-0.02	0.0	3	8004	-699.8	-497.2	-2.07	1001.93	1
161.69	0	1007.1	181.4	0.25	0.0	-0.03	0.0	3	7978	-704.7	-496.3	-2.35	1007.07	1
161.79	0	1012.1	180.8	0.25	0.0	-0.03	0.0	3	7949	-709.6	-495.3	-2.49	1012.08	1
161.89	0	1017.1	180.3	0.25	0.0	-0.05	0.0	3	7924	-714.5	-494.2	-2.65	1017.08	1
161.99	0	1022.4	179.7	0.25	0.0	-0.1	0.0	3	7897	-719.4	-493.1	-3.19	1022.42	1
162.09	0	1027.9	179.1	0.25	0.0	-0.11	0.0	3	7878	-724.3	-491.9	-2.59	1027.87	1
162.21	0	1033.4	178.5	0.25	0.0	-0.11	0.0	3	7847	-729.7	-490.5	-2.01	1033.45	1
162.31	0	1038.4	177.8	0.23	0.0	-0.11	0.0	3	7808	-734.4	-489.2	-1.59	1038.38	1
162.41	0	1043.3	177.1	0.23	0.0	-0.11	0.0	3	7781	-739.2	-487.8	-1.25	1043.27	1
162.51	0	1048.2	176.4	0.23	0.0	-0.11	0.0	3	7752	-743.9	-486.3	-1.0	1048.19	1
162.61	0	1053.1	175.6	0.23	0.0	-0.11	0.0	3	7720	-748.5	-484.8	-0.85	1053.08	1
162.71	0	1058.0	174.9	0.25	0.0	-0.07	0.0	3	7697	-753.1	-483.1	-0.8	1057.95	1
162.81	0	1062.8	174.3	0.27	0.0	0.0	0.0	3	7677	-757.6	-481.4	-0.85	1062.81	1
162.91	0	1067.6	173.7	0.27	0.0	0.0	0.0	3	7656	-762.1	-479.5	-0.99	1067.63	1
163.01	0	1072.4	173.3	0.27	0.0	0.0	0.0	3	7629	-766.5	-477.6	-1.21	1072.44	1
163.11	0	1077.2	172.8	0.27	0.0	0.0	0.0	3	7607	-770.9	-475.7	-1.51	1077.24	1
163.21	0	1082.0	172.5	0.27	0.0	0.0	0.0	3	7586	-775.3	-473.7	-1.84	1082.04	1
163.31	0	1086.8	172.0	0.21	0.0	-0.05	0.0	3	7544	-779.6	-471.7	-2.21	1086.79	1
163.41	0	1091.6	171.5	0.21	0.0	-0.1	0.0	3	7505	-783.9	-469.6	-2.61	1091.56	1
163.51	0	1096.3	170.9	0.21	0.0	-0.12	0.0	3	7483	-788.2	-467.6	-3.03	1096.28	1
163.61	0	1101.1	170.2	0.21	0.0	-0.12	0.0	3	7462	-792.5	-465.4	-3.51	1101.09	1
163.71	0	1106.8	169.6	0.21	0.0	-0.09	0.0	3	7437	-796.7	-463.2	-3.4	1106.76	1
163.81	0	1111.4	168.9	0.21	0.0	-0.03	0.0	3	7408	-800.8	-461.0	-2.85	1111.42	1
163.91	0	1116.1	168.3	0.21	0.0	-0.03	0.0	3	7377	-804.9	-458.7	-2.36	1116.1	1
164.01	0	1120.7	167.7	0.21	0.0	-0.0	0.0	3	7347	-809.0	-456.4	-1.97	1120.73	1
164.11	0	1125.4	167.1	0.21	0.0	-0.0	0.0	3	7318	-813.0	-454.0	-1.64	1125.37	1
164.21	0	1130.0	166.5	0.21	0.0	-0.0	0.0	3	7292	-816.9	-451.5	-1.37	1130.0	1
164.31	0	1134.6	166.0	0.21	0.0	-0.0	0.0	3	7268	-820.8	-449.1	-1.14	1134.6	1
164.41	0	1139.2	165.5	0.21	0.0	-0.05	0.0	3	7245	-824.7	-446.6	-0.95	1139.2	1
164.51	0	1143.8	165.0	0.21	0.0	-0.1	0.0	3	7224	-828.5	-444.1	-0.77	1143.79	1
164.61	0	1148.4	164.4	0.21	0.0	-0.1	0.0	3	7204	-832.4	-441.6	-0.64	1148.42	1
164.71	0	1153.0	163.8	0.21	0.0	-0.1	0.0	3	7194	-836.2	-439.0	-0.56	1152.98	1
164.81	0	1157.5	163.2	0.21	0.0	-0.07	0.0	3	7155	-839.9	-436.4	-0.55	1157.52	1
164.91	0	1162.0	162.7	0.21	0.0	-0.07	0.0	3	7130	-843.6	-433.7	-0.61	1162.05	1
165.01	0	1166.6	162.1	0.21	0.0	-0.07	0.0	3	7109	-847.2	-431.0	-0.75	1166.57	1
165.12	0	1171.7	161.4	0.21	0.0	-0.07	0.0	3	7077	-851.2	-427.9	-0.99	1171.68	1
165.26	0	1177.6	160.7	0.21	0.0	-0.07	0.0	3	7043	-855.9	-424.1	-1.38	1177.64	1
165.36	0	1182.5	160.1	0.21	0.0	-0.12	0.0	3	7020	-859.3	-421.3	-1.33	1182.47	1
165.46	0	1186.9	159.5	0.21	0.0	-0.09	0.0	3	6997	-862.6	-418.4	-0.69	1186.86	1
165.56	0	1191.3	158.8	0.09	0.0	-0.04	0.03	3	6907	-865.9	-415.4	-0.12	1191.26	1
165.66	0	1195.6	157.8	0.0	0.0	-0.0	0.98	3	6725	-869.1	-412.4	0.36	1195.64	1
165.76	0	1200.0	157.1	0.0	0.0	-0.0	1.0	4	6310	-872.3	-409.3	0.79	1200.01	1
165.86	0	1204.3	156.5	0.0	0.0	-0.02	1.0	4	5921	-875.4	-406.3	1.15	1204.34	1
165.96	0	1208.7	155.9	0.0	0.0	-0.07	0.49	4	5567	-878.5	-403.2	1.47	1208.66	1
166.06	0	1213.0	154.9	0.0	0.0	-0.07	0.04	4	5522	-881.5	-400.1	1.75	1212.96	1
166.16	0	1217.2	153.8	0.0	0.0	-0.1	0.0	4	5481	-884.4	-397.1	1.99	1217.2	1
166.26	0	1221.5	152.8	0.0	0.0	-0.1	0.0	4	5453	-887.3	-393.9	2.17	1221.47	1
166.36	0	1225.7	151.8	0.0	0.0	-0.1	0.0	4	5406	-890.2	-390.8	2.29	1225.69	1
166.46	0	1229.9	150.7	0.0	0.0	-0.07	0.0	4	5372	-892.9	-387.7	2.34	1229.88	1
166.56	0	1234.1	149.6	0.0	0.0	-0.07	0.0	4	5333	-895.6	-384.5	2.31	1234.06	1
166.66	0	1238.2	148.6	0.0	0.0	-0.1	0.0	4	5296	-898.3	-381.3	2.22	1238.19	1
166.76	0	1242.3	147.5	0.0	0.0	-0.1	0.0	4	5259	-900.8	-378.1	2.05	1242.3	1
166.86	0	1246.4	146.5	0.0	0.0	-0.1	0.0	4	5222	-903.3	-374.8	1.81	1246.38	1
166.96	0	1250.4	145.4	0.0	0.0	-0.1	0.0	4	5185	-905.7	-371.5	1.49	1250.43	1
167.06	0	1254.4	144.4	0.0	0.0	-0.1	0.0	4	5148	-908.0	-368.2	1.09	1254.43	1
167.16	0	1258.2	143.4	0.06	0.0	-0.07	0.0	4	5122	-910.2	-364.9	0.92	1258.19	1
167.26	0	1262.1	142.5	0.09	0.0	-0.01	0.0	4	5109	-912.3	-361.6	1.37	1262.14	1
167.36	0	1266.1	141.8	0.12	0.0	-0.0	0.0	4	5093	-914.4	-358.2	1.74	1266.08	1
167.46	0	1270.0	141.2	0.12	0.0	-0.0	0.0	4	5074	-916.4	-354.9	2.06	1269.97	1
167.56	0	1273.9	140.6	0.12	0.0	-0.0	0.0	4	5052	-918.4	-351.4	2.34	1273.9	1
167.66	0	1277.8	140.0	0.12	0.0	-0.0	0.0	4	5030	-920.4	-348.0	2.6	1277.82	1
167.76	0	1281.7	139.4	0.12	0.0	-0.1	0.0	4	5012	-922.3	-344.7	2.83	1281.68	1
167.86	0	1285.6	138.8	0.12	0.0	-0.1	0.0	4	4990	-924.1	-341.3	3.02	1285.55	1
167.96	0	1289.4	138.1	0.11	0.0	-0.11	0.0	4	4967	-926.0	-337.9	3.17	1289.38	1
168.06	0	1293.2	137.4	0.09	0.0	-0.11	0.0	4	4933	-927.8	-334.5	3.27	1293.22	1
168.16	0	1297.0	136.7	0.09	0.0	-0.07	0.0	4	4905	-929.5	-331.1	3.29	1297.02	1
168.26	0	1300.8	136.0	0.09	0.0	-0.07	0.0	4	4878	-931.1	-327.7	3.25	1300.8	1
168.36	0	1304.6	135.2	0.09	0.0	-0.07	0.0	4	4851	-932.7	-324.3	3.14	1304.57	1
168.46	0	1308.3	134.5	0.09	0.0	-0.03	0.0	4	4825	-934.2	-320.9	2.97	1308.31	1
168.56	0	1312.0	133.8	0.09	0.0	-0.0	0.0	4	4800	-935.6	-317.4	2.73	1312.03	1
168.66	0	1315.8	133.2	0.09	0.0	-0.0	0.0	4	4776	-937.0	-313.9	2.45	1315.76	1
168.76	0	1319.4	132.6	0.09	0.0	-0.03	0.0	4	4754	-938.3	-310.5	2.14	1319.42	1
168.86	0	1323.1	131.9	0.09	0.0	-0.03	0.0	4	4732	-939.6	-307.1	1.81	1323.08	1
168.96	0	1326.7	131.3	0.09	0.0	-0.03	0.0	4	4710	-940.9	-303.7	1.45	1326.69	1
169.06	0	1330.3	130.7	0.09	0.0	-0.07	0.0	4	4688	-942.1	-300.3	1.07	1330.3	1
169.16	0	1333.9	130.0	0.09	0.0	-0.1	0.0	4	4667	-943.4	-296.9	0.67	1333.89	1
169.26	0	1337.3	129.4	0.09	0.0	-0.1	0.0	4	4644	-944.5	-293.5	1.1	1337.31	1
169.37	0	1341.2	128.7	0.09	0.0	-0.1	0.0	4	4618	-945.7	-289.7	1.51	1341.23	1
169.47	0	1345.0	127.9	0.09	0.0	-0.08	0.0	4	4594	-946.9	-286.1	1.83	1345.02	1
169.57	0	1348.6	127.3	0.09	0.0	-0.05	0.0	4	4568	-947.8	-282.7	2.05	1348.55	1
169.67	0	1352.1	126.7	0.09	0.0	-0.02	0.0	4	4543	-948.7	-279.2	2.19	1352.1	1
169.77	0	1355.6	126.1	0.14	0.0	-0.0	0.0	4	4533	-949.6	-275.8	2.28	1355.58	1
169.87	0	1359.1	125.6	0.16	0.0	-0.0	0.0	4	4522	-950.4	-272.5	2.32	1359.07	1
169.97	0	1362.6	125.2	0.16	0.0	-0.0	0.0	4	4506	-951.2	-269.1	2.32	1362.55	1
170.07	0	1366.0	124.7	0.16	0.0	-0.05	0.0	4	4491	-952.0	-265.7	2.3	1366.02	1
170.17	0	1369.5	124.3	0.16	0.0	-0.05	0.0	4	4475	-952.7	-262.3	2.24	1369.48	1
170.27	0	1372.9	123.8	0.16	0.0	-0.05	0.0	4	4459	-953.4	-258.9	2.15	1372.93	1
170.37	0	1376.4	123.4	0.16	0.0	-0.05	0.0	4	4443	-954.1	-255.6	2.02	1376.37	1
170.47	0	1379.8	122.9	0.16	0.0	-0.05	0.0	4	4428	-954.8	-252.2	1.87	1379.8	1
170.57	0	1383.2	122.5	0.16	0.0	-0.0	0.0	4	4411	-955.4	-248.8	1.7	1383.21	1
170.67	0	1386.6	122.1	0.23	0.0	-0.0	0.0	4	4409	-956.0	-245.5	1.52	1386.62	1
170.77	0	1390.0	121.9	0.27	0.0	-0.0	0.0	4	4408	-956.6	-242.1	1.34	1390.0	1
170.87	0	1393.4	121.6	0.28	0.0	-0.0	0.0	4	4403	-957.2	-238.8	1.16	1393.39	1
170.97	0	1396.8	121.5	0.32	0.0	-0.05	0.0	4	4407	-957.7	-235.5	0.99	1396.76	1
171.07	0	1400.1	121.4	0.32	0.0	-0.05	0.0	4	4405	-958.3	-232.2	0.83	1400.13	1
171.17	0	1403.5	121.3	0.32	0.0	-0.07	0.0	4	4400	-958.8	-228.8	0.68	1403.49	1
171.28	0	1406.9	121.1	0.32	0.0	-0.05	0.0	4	4399	-959.3	-225.5	0.54	1406.87	1
171.37	0	1410.2	121.0	0.32	0.0	-0.05	0.0	4	4393	-959.8	-222.2	0.41	1410.21	1
171.47	0	1413.8	120.9	0.32	0.0	-0.0	0.0	4	4387	-960.2	-218.8	1.69	1413.76	1
171.57	0	1417.1	120.8	0.32	0.0	-0.0	0.0	4	4382	-960.7	-215.5	1.81	1417.1	1
171.67	0	1420.5	120.7	0.32	0.0	-0.0	0.0	4	4376	-961.1	-212.2	1.91	1420.47	1
171.77	0	1423.8	120.6	0.32	0.0	-0.0	0.0	4	4376	-961.5	-208.9	2.0	1423.8	1
171.9	0	1428.1	120.4	0.32	0.0	-0.0	0.0	4	4367	-962.0	-204.6	2.13	1428.12	1
172.0	0	1431.5	120.3	0.32	0.0	-0.0	0.0	4	4367	-962.4	-201.2	2.23	1431.49	1
172.1	0	1434.8	120.2	0.32	0.0	-0.0	0.0	4	4362	-962.7	-197.9	2.33	1434.82	1
172.2	0	1438.2	120.1	0.32	0.0	-0.0	0.0	4	4357	-963.1	-194.6	2.42	1438.16	1
172.3	0	1441.5	120.0	0.32	0.0	-0.0	0.0	4	4353	-963.5	-191.3	2.51	1441.5	1
172.4	0	1444.8	119.9	0.32	0.0	-0.0	0.0	4	4350	-963.9	-188.0	2.6	1444.83	1
172.5	0	1448.2	119.8	0.32	0.0	-0.0	0.0	4	4346	-964.3	-184.7	2.69	1448.17	1
172.6	0	1451.5	119.7	0.32	0.0	-0.0	0.0	4	4342	-964.7	-181.4	2.77	1451.48	1
172.7	0	1454.8	119.6	0.32	0.0	-0.07	0.0	4	4338	-965.0	-178.0	2.85	1454.81	1
172.8	0	1458.1	119.5	0.32	0.0	-0.07	0.0	4	4336	-965.4	-174.7	2.9	1458.13	1
172.9	0	1461.4	119.3	0.32	0.0	-0.05	0.0	4	4332	-965.7	-171.5	2.93	1461.44	1
173.0	0	1464.8	119.2	0.32	0.0	-0.03	0.0	4	4327	-966.0	-168.1	2.93	1464.76	1
173.1	0	1468.1	119.1	0.32	0.0	-0.0	0.0	4	4325	-966.3	-164.9	2.9	1468.07	1
173.2	0	1471.4	119.0	0.34	0.0	0.0	0.0	4	4321	-966.5	-161.6	2.84	1471.37	1
173.3	0	1474.7	119.0	0.34	0.0	0.0	0.0	4	4320	-966.8	-158.3	2.78	1474.67	1
173.4	0	1478.0	118.9	0.34	0.0	0.0	0.0	4	4318	-967.0	-155.0	2.72	1477.97	1
173.5	0	1481.3	118.8	0.34	0.0	0.0	0.0	4	4315	-967.2	-151.7	2.65	1481.27	1
173.64	0	1485.7	118.8	0.34	0.0	0.0	0.0	4	4312	-967.5	-147.3	2.57	1485.67	1
173.72	0	1488.4	118.7	0.36	0.0	0.0	0.0	4	4314	-967.7	-144.6	2.52	1488.36	1
173.82	0	1491.7	118.7	0.36	0.0	0.0	0.0	4	4313	-967.9	-141.3	2.46	1491.66	1
173.93	0	1495.4	118.7	0.36	0.0	0.0	0.0	4	4311	-968.2	-137.6	2.4	1495.39	1
174.03	0	1498.7	118.6	0.36	0.0	0.0	0.0	4	4310	-968.5	-134.3	2.36	1498.7	1
174.13	0	1502.0	118.6	0.38	0.0	0.0	0.0	4	4313	-968.7	-131.0	2.31	1501.99	1
174.23	0	1505.3	118.6	0.41	0.0	0.0	0.0	4	4321	-968.9	-127.7	2.27	1505.29	1
174.33	0	1508.6	118.7	0.45	0.0	-0.03	0.0	4	4334	-969.2	-124.4	2.23	1508.58	1
174.43	0	1511.9	118.9	0.47	0.0	-0.03	0.0	4	4344	-969.4	-121.1	2.19	1511.88	1
174.53	0	1515.2	119.1	0.47	0.0	-0.03	0.0	4	4350	-969.7	-117.9	2.13	1515.18	1
174.63	0	1518.5	119.2	0.47	0.0	-0.05	0.0	4	4358	-969.9	-114.5	2.06	1518.5	1
174.73	0	1521.8	119.4	0.47	0.0	-0.05	0.0	4	4364	-970.1	-111.2	1.96	1521.81	1
174.83	0	1525.1	119.6	0.47	0.0	-0.02	0.0	4	4370	-970.3	-107.9	1.84	1525.13	1
174.93	0	1528.4	119.7	0.47	0.0	-0.0	0.0	4	4376	-970.4	-104.6	1.69	1528.44	1
175.03	0	1531.8	119.9	0.47	0.0	0.0	0.0	4	4381	-970.6	-101.3	1.53	1531.77	1
175.13	0	1535.1	120.1	0.47	0.0	0.0	0.0	4	4388	-970.7	-97.9	1.35	1535.11	1
175.25	0	1539.0	120.2	0.41	0.0	0.0	0.0	4	4380	-970.8	-94.1	1.14	1538.98	1
175.35	0	1542.3	120.3	0.41	0.0	0.0	0.0	4	4383	-970.9	-90.7	0.95	1542.31	1
175.45	0	1545.7	120.3	0.41	0.0	0.0	0.0	4	4385	-971.0	-87.4	0.77	1545.65	1
175.55	0	1549.0	120.4	0.41	0.0	0.0	0.0	4	4387	-971.2	-84.0	0.59	1548.99	1
175.65	0	1552.3	120.5	0.41	0.0	0.06	0.0	4	4390	-971.3	-80.7	0.42	1552.34	1
175.75	0	1555.8	120.6	0.41	0.0	0.01	0.0	4	4392	-971.4	-77.3	0.26	1555.77	1
175.85	0	1559.1	120.6	0.41	0.0	0.01	0.0	4	4397	-971.6	-73.9	0.1	1559.1	1
175.95	0	1562.5	120.7	0.41	0.0	0.01	0.0	4	4399	-971.7	-70.6	-0.06	1562.46	1
176.05	0	1565.8	120.8	0.41	0.0	0.0	0.0	4	4402	-971.9	-67.2	-0.2	1565.81	1
176.15	0	1569.2	120.8	0.41	0.0	0.0	0.0	4	4404	-972.1	-63.9	-0.33	1569.17	1
176.25	0	1572.5	120.9	0.41	0.0	0.06	0.0	4	4406	-972.3	-60.5	-0.46	1572.52	1
176.35	0	1575.9	121.0	0.41	0.0	0.07	0.0	4	4412	-972.5	-57.2	-0.57	1575.88	1
176.45	0	1579.2	121.0	0.41	0.0	0.05	0.0	4	4415	-972.7	-53.8	-0.65	1579.24	1
176.55	0	1582.6	121.1	0.41	0.0	0.03	0.0	4	4417	-973.0	-50.4	-0.71	1582.61	1
176.65	0	1586.0	121.2	0.41	0.0	0.01	0.0	4	4418	-973.3	-47.1	-0.73	1585.97	1
176.75	0	1589.4	121.2	0.41	0.0	-0.07	0.0	4	4420	-973.6	-43.7	-0.74	1589.38	1
176.85	0	1592.7	121.3	0.41	0.0	-0.04	0.0	4	4422	-973.9	-40.4	-0.73	1592.75	1
176.95	0	1596.1	121.4	0.41	0.0	-0.0	0.0	4	4424	-974.2	-37.0	-0.74	1596.12	1
177.05	0	1599.5	121.4	0.41	0.0	0.0	0.0	4	4427	-974.5	-33.6	-0.75	1599.49	1
177.15	0	1602.9	121.5	0.41	0.0	0.0	0.0	4	4430	-974.8	-30.3	-0.78	1602.87	1
177.25	0	1606.2	121.6	0.41	0.0	0.0	0.0	4	4433	-975.1	-26.9	-0.8	1606.24	1
177.35	0	1609.6	121.7	0.41	0.0	0.0	0.0	4	4436	-975.4	-23.5	-0.83	1609.62	1
177.45	0	1613.0	121.8	0.41	0.0	0.0	0.0	4	4438	-975.7	-20.2	-0.86	1613.0	1
177.55	0	1616.4	121.8	0.41	0.0	0.0	0.0	4	4441	-976.0	-16.8	-0.88	1616.38	1
177.65	0	1619.8	121.9	0.41	0.0	0.0	0.0	4	4444	-976.3	-13.4	-0.9	1619.77	1
177.75	0	1623.2	122.0	0.41	0.0	0.0	0.0	4	4447	-976.6	-10.0	-0.92	1623.18	1
177.85	0	1626.6	122.1	0.41	0.0	0.0	0.0	4	4449	-976.9	-6.7	-0.93	1626.58	1
177.97	0	1630.4	122.1	0.41	0.0	0.0	0.0	4	4453	-977.3	-2.8	-0.94	1630.42	1
178.07	0	1633.8	122.2	0.41	0.0	0.0	0.0	4	4457	-977.6	0.5	-0.95	1633.75	1
178.17	0	1637.2	122.3	0.41	0.0	0.0	0.0	4	4458	-977.9	3.9	-0.95	1637.16	1
178.26	0	1640.5	122.4	0.41	0.0	0.0	0.0	4	4461	-978.2	7.2	-0.94	1640.51	1
178.36	0	1643.9	122.5	0.41	0.0	0.0	0.0	4	4464	-978.5	10.6	-0.93	1643.92	1
178.46	0	1647.3	122.5	0.41	0.0	0.0	0.0	4	4467	-978.9	14.0	-0.91	1647.32	1
178.56	0	1650.7	122.6	0.41	0.0	0.0	0.0	4	4470	-979.2	17.4	-0.89	1650.73	1
178.66	0	1654.1	122.7	0.41	0.0	0.0	0.0	4	4473	-979.6	20.8	-0.87	1654.14	1
178.76	0	1657.5	122.8	0.41	0.0	0.0	0.0	4	4476	-979.9	24.2	-0.84	1657.55	1
178.86	0	1661.0	122.8	0.41	0.0	0.0	0.0	4	4479	-980.3	27.6	-0.81	1660.95	1
178.96	0	1664.4	122.9	0.41	0.0	0.0	0.0	4	4482	-980.6	31.0	-0.78	1664.38	1
179.06	0	1667.8	123.0	0.41	0.0	0.0	0.0	4	4485	-981.0	34.3	-0.74	1667.78	1
179.16	0	1671.2	123.1	0.41	0.0	0.05	0.0	4	4488	-981.3	37.8	-0.7	1671.21	1
179.26	0	1674.6	123.1	0.41	0.0	0.07	0.0	4	4491	-981.7	41.2	-0.64	1674.62	1
179.36	0	1678.0	123.2	0.41	0.0	0.06	0.0	4	4493	-982.1	44.5	-0.56	1678.04	1
179.46	0	1681.5	123.3	0.41	0.0	0.07	0.0	4	4500	-982.5	47.9	-0.45	1681.47	1
179.56	0	1684.9	123.3	0.41	0.0	0.02	0.0	4	4503	-983.0	51.3	-0.34	1684.86	1
179.66	0	1688.3	123.4	0.41	0.0	0.02	0.0	4	4502	-983.5	54.7	-0.32	1688.29	1
179.77	0	1691.7	123.4	0.41	0.0	0.02	0.0	4	4503	-984.0	58.1	-0.26	1691.75	1
179.87	0	1695.2	123.5	0.41	0.0	0.01	0.0	4	4505	-984.6	61.5	-0.17	1695.18	1
179.97	0	1698.6	123.6	0.41	0.0	0.01	0.0	4	4507	-985.2	64.9	-0.07	1698.6	1
180.07	0	1702.0	123.7	0.45	0.0	0.01	0.0	4	4518	-985.8	68.3	0.05	1702.03	1
180.17	0	1705.5	123.8	0.47	0.0	0.01	0.0	4	4529	-986.4	71.7	0.18	1705.47	1
180.27	0	1708.9	124.0	0.48	0.0	0.01	0.0	4	4540	-987.0	75.1	0.32	1708.91	1
180.36	0	1712.3	124.3	0.51	0.0	0.01	0.0	4	4556	-987.6	78.4	0.46	1712.35	1
180.47	0	1715.8	124.6	0.52	0.0	0.01	0.0	4	4570	-988.3	81.8	0.61	1715.81	1
180.57	0	1719.3	124.9	0.52	0.0	0.01	0.0	4	4581	-988.9	85.3	0.77	1719.28	1
180.67	0	1722.8	125.2	0.52	0.0	0.01	0.0	4	4593	-989.6	88.7	0.93	1722.81	1
180.77	0	1726.3	125.5	0.52	0.0	0.06	0.0	4	4605	-990.2	92.1	0.86	1726.3	1
180.87	0	1729.8	125.8	0.52	0.0	0.07	0.0	4	4617	-990.9	95.5	0.81	1729.78	1
180.97	0	1733.3	126.1	0.52	0.0	0.09	0.0	4	4632	-991.6	98.9	0.79	1733.27	1
181.07	0	1736.8	126.3	0.52	0.0	0.1	0.0	4	4643	-992.3	102.4	0.8	1736.78	1
181.17	0	1740.3	126.6	0.52	0.0	0.1	0.0	4	4658	-993.1	105.8	0.87	1740.29	1
181.27	0	1743.8	126.8	0.52	0.0	0.1	0.0	4	4673	-993.9	109.2	0.99	1743.8	1
181.37	0	1747.3	127.1	0.53	0.0	0.01	0.0	4	4678	-994.9	112.6	1.17	1747.33	1
181.47	0	1750.9	127.4	0.51	0.0	-0.01	0.0	4	4682	-995.8	116.0	1.42	1750.86	1
181.57	0	1754.4	127.6	0.47	0.0	-0.01	0.0	4	4676	-996.8	119.4	1.71	1754.39	1
181.67	0	1757.9	127.8	0.47	0.0	-0.01	0.0	4	4680	-997.9	122.8	2.02	1757.92	1
181.77	0	1761.6	128.0	0.47	0.0	0.0	0.0	4	4687	-998.9	126.2	2.35	1761.63	1
181.87	0	1765.2	128.2	0.47	0.0	0.0	0.0	4	4695	-1000.0	129.6	2.43	1765.2	1
181.96	0	1768.7	128.5	0.47	0.0	0.0	0.0	4	4702	-1001.1	133.0	2.51	1768.75	1
182.07	0	1772.3	128.7	0.47	0.0	0.0	0.0	4	4710	-1002.2	136.4	2.59	1772.34	1
182.17	0	1775.9	128.9	0.47	0.0	-0.01	0.0	4	4718	-1003.2	139.8	2.68	1775.9	1
182.28	0	1780.0	129.1	0.45	0.0	-0.02	0.0	4	4721	-1004.5	143.7	2.78	1779.97	1
182.38	0	1783.5	129.2	0.45	0.0	-0.02	0.0	4	4727	-1005.5	147.0	2.86	1783.5	1
182.48	0	1787.1	129.4	0.45	0.0	0.01	0.0	4	4733	-1006.6	150.5	2.94	1787.1	1
182.58	0	1790.7	129.6	0.45	0.0	0.01	0.0	4	4737	-1007.7	153.9	3.01	1790.69	1
182.68	0	1794.3	129.8	0.45	0.0	0.05	0.0	4	4749	-1008.8	157.3	3.09	1794.29	1
182.78	0	1797.9	129.9	0.45	0.0	0.05	0.0	4	4752	-1009.9	160.8	3.17	1797.9	1
182.88	0	1801.7	130.1	0.45	0.0	0.03	0.0	4	4760	-1011.0	164.2	3.17	1801.74	1
182.98	0	1805.4	130.2	0.45	0.0	0.01	0.0	4	4767	-1012.1	167.6	3.05	1805.35	1
183.08	0	1809.0	130.4	0.45	0.0	0.01	0.0	4	4777	-1013.3	171.1	2.95	1808.97	1
183.18	0	1812.6	130.6	0.45	0.0	0.01	0.0	4	4774	-1014.5	174.5	2.87	1812.6	1
183.28	0	1816.2	130.7	0.45	0.0	0.01	0.0	4	4783	-1015.7	177.9	2.81	1816.23	1
183.38	0	1819.9	130.9	0.45	0.0	0.01	0.0	4	4790	-1016.9	181.3	2.76	1819.86	1
183.48	0	1823.5	131.1	0.45	0.0	0.01	0.0	4	4801	-1018.1	184.8	2.72	1823.49	1
183.58	0	1827.1	131.3	0.45	0.0	0.06	0.0	4	4799	-1019.4	188.2	2.69	1827.14	1
183.68	0	1830.8	131.4	0.45	0.0	0.06	0.0	4	4812	-1020.6	191.6	2.69	1830.79	1
183.78	0	1834.4	131.6	0.45	0.0	0.07	0.0	4	4819	-1021.9	195.0	2.71	1834.44	1
183.89	0	1838.8	131.7	0.45	0.0	0.1	0.0	4	4827	-1023.4	198.9	2.79	1838.79	1
183.99	0	1842.4	131.8	0.45	0.0	0.02	0.0	4	4832	-1024.8	202.2	2.66	1842.35	1
184.09	0	1846.0	132.0	0.45	0.0	0.01	0.0	4	4836	-1026.2	205.6	2.57	1846.02	1
184.19	0	1849.7	132.2	0.45	0.0	0.01	0.0	4	4839	-1027.6	209.0	2.52	1849.69	1
184.29	0	1853.4	132.3	0.45	0.0	0.0	0.0	4	4843	-1029.1	212.3	2.5	1853.36	1
184.39	0	1857.1	132.5	0.45	0.0	0.0	0.0	4	4850	-1030.7	215.7	2.5	1857.05	1
184.49	0	1860.7	132.7	0.45	0.0	0.0	0.0	4	4855	-1032.2	219.0	2.52	1860.72	1
184.59	0	1864.4	132.8	0.45	0.0	0.0	0.0	4	4860	-1033.7	222.4	2.54	1864.41	1
184.69	0	1868.1	133.0	0.45	0.0	0.0	0.0	4	4868	-1035.3	225.7	2.57	1868.11	1
184.79	0	1871.8	133.2	0.45	0.0	0.0	0.0	4	4877	-1036.8	229.1	2.61	1871.8	1
184.89	0	1875.5	133.4	0.45	0.0	0.0	0.0	4	4879	-1038.4	232.4	2.65	1875.5	1
184.99	0	1879.3	133.6	0.45	0.0	0.0	0.0	4	4886	-1039.9	235.8	2.61	1879.31	1
185.09	0	1883.0	133.7	0.45	0.0	0.0	0.0	4	4895	-1041.5	239.2	2.51	1883.02	1
185.21	0	1887.4	133.9	0.45	0.0	0.0	0.0	4	4902	-1043.3	243.1	2.39	1887.37	1
185.31	0	1891.1	134.1	0.34	0.0	0.03	0.0	4	4888	-1044.9	246.5	2.29	1891.08	1
185.41	0	1894.8	133.7	0.0	0.0	0.0	0.0	4	4782	-1046.5	249.8	2.19	1894.8	1
185.5	0	1898.5	132.9	0.0	0.0	0.0	0.0	4	4744	-1048.1	253.2	2.09	1898.5	1
185.61	0	1902.2	132.1	0.0	0.0	0.0	0.03	4	4716	-1049.6	256.5	1.99	1902.19	1
185.71	0	1905.9	131.3	0.0	0.0	0.0	0.13	4	4689	-1051.2	259.8	1.9	1905.86	1
185.81	0	1909.6	130.5	0.0	0.0	0.0	0.23	4	4660	-1052.8	263.2	1.82	1909.57	1
185.91	0	1913.2	129.7	0.0	0.0	0.0	0.39	4	4632	-1054.4	266.5	1.82	1913.19	1
186.01	0	1916.8	129.0	0.0	0.0	0.0	0.69	4	4605	-1055.9	269.7	1.83	1916.77	1
186.11	0	1920.3	128.3	0.0	0.0	0.0	1.0	4	4457	-1057.4	273.0	1.84	1920.35	1
186.21	0	1923.9	127.9	0.0	0.0	0.0	1.0	4	4182	-1059.0	276.2	1.85	1923.91	1
186.31	0	1927.5	127.5	0.0	0.0	0.0	1.0	3	3925	-1060.5	279.4	1.84	1927.47	1
186.41	0	1931.0	127.0	0.0	0.0	0.0	1.0	3	3682	-1062.0	282.6	1.81	1931.02	1
186.51	0	1934.5	126.6	0.0	0.0	0.0	1.0	3	3455	-1063.6	285.7	1.78	1934.53	1
186.63	0	1938.9	126.1	0.0	0.0	0.0	1.0	3	3193	-1065.5	289.6	1.75	1938.89	1
186.72	0	1941.9	125.7	0.0	0.0	0.0	1.0	3	3021	-1066.8	292.4	1.73	1941.93	1
186.82	0	1945.5	125.3	0.0	0.0	0.0	1.0	3	2831	-1068.3	295.6	1.71	1945.48	1
186.92	0	1949.0	124.9	0.0	0.0	0.0	1.0	3	2656	-1069.8	298.7	1.69	1948.97	1
187.02	0	1952.4	124.5	0.0	0.0	0.0	1.0	3	2492	-1071.4	301.8	1.67	1952.43	1
187.12	0	1955.9	124.1	0.0	0.0	0.0	1.0	3	2339	-1072.9	304.9	1.66	1955.88	1
187.22	0	1959.3	123.7	0.0	0.0	0.02	1.0	3	2194	-1074.4	308.0	1.64	1959.33	1
187.32	0	1962.7	122.9	0.0	0.0	0.0	0.67	3	2370	-1075.9	311.1	1.63	1962.75	1
187.42	0	1966.1	120.4	0.0	0.0	0.0	0.13	3	4001	-1077.4	314.1	1.62	1966.13	1
187.52	0	1969.4	117.9	0.14	0.0	0.0	0.0	3	4839	-1078.8	317.1	1.62	1969.44	1
187.62	0	1972.7	117.0	0.25	0.0	0.0	0.0	3	5117	-1080.3	320.0	1.63	1972.69	1
187.72	0	1976.0	116.9	0.28	0.0	-0.03	0.0	3	5135	-1081.8	323.0	1.64	1975.98	1
187.82	0	1979.2	116.9	0.33	0.0	-0.03	0.0	3	5151	-1083.2	325.8	1.65	1979.2	1
187.92	0	1982.4	117.0	0.38	0.0	-0.0	0.0	3	5176	-1084.6	328.8	1.66	1982.45	1
188.02	0	1985.7	117.3	0.41	0.0	-0.0	0.0	3	5202	-1086.1	331.7	1.66	1985.7	1
188.12	0	1989.0	117.6	0.43	0.0	0.0	0.0	3	5225	-1087.5	334.6	1.66	1988.96	1
188.22	0	1992.2	118.0	0.43	0.0	0.0	0.0	3	5242	-1088.9	337.6	1.65	1992.25	1
188.32	0	1995.5	118.4	0.43	0.0	0.0	0.0	3	5259	-1090.4	340.5	1.64	1995.52	1
188.42	0	1998.8	118.8	0.43	0.0	0.0	0.0	3	5279	-1091.8	343.5	1.63	1998.81	1
188.52	0	2002.1	119.2	0.44	0.0	0.0	0.0	3	5298	-1093.3	346.4	1.62	2002.12	1
188.62	0	2005.4	119.6	0.43	0.0	0.02	0.0	3	5314	-1094.7	349.4	1.62	2005.44	1
188.72	0	2008.8	120.0	0.44	0.0	0.02	0.0	3	5336	-1096.2	352.4	1.62	2008.77	1
188.82	0	2012.1	120.4	0.44	0.0	0.02	0.0	3	5353	-1097.7	355.4	1.64	2012.1	1
188.92	0	2015.5	120.8	0.44	0.0	0.02	0.0	3	5371	-1099.2	358.4	1.67	2015.45	1
189.02	0	2018.8	121.2	0.44	0.0	0.02	0.0	3	5391	-1100.7	361.4	1.72	2018.82	1
189.12	0	2022.2	121.6	0.44	0.0	0.02	0.0	3	5409	-1102.2	364.4	1.78	2022.18	1
189.22	0	2025.6	122.0	0.44	0.0	0.02	0.0	3	5426	-1103.8	367.4	1.86	2025.58	1
189.32	0	2029.0	122.4	0.44	0.0	0.0	0.0	3	5445	-1105.4	370.4	1.96	2028.96	1
189.42	0	2032.4	122.8	0.43	0.0	-0.04	0.0	3	5463	-1107.0	373.4	2.07	2032.36	1
189.52	0	2035.8	123.2	0.4	0.0	-0.07	0.0	3	5471	-1108.6	376.4	2.18	2035.77	1
189.62	0	2039.2	123.4	0.38	0.0	-0.07	0.0	3	5470	-1110.2	379.4	2.28	2039.18	1
189.72	0	2042.6	123.6	0.38	0.0	-0.0	0.0	3	5480	-1111.8	382.5	2.34	2042.63	1
189.82	0	2046.1	123.9	0.38	0.0	-0.0	0.0	3	5490	-1113.3	385.6	2.38	2046.07	1
189.92	0	2049.5	124.1	0.38	0.0	0.02	0.0	3	5497	-1114.8	388.6	2.4	2049.51	1
190.02	0	2052.9	124.3	0.38	0.0	0.01	0.0	3	5506	-1116.3	391.7	2.41	2052.89	1
190.14	0	2056.9	124.6	0.38	0.0	0.0	0.0	3	5518	-1118.1	395.2	2.41	2056.87	1
190.23	0	2060.3	124.8	0.38	0.0	0.0	0.0	3	5528	-1119.6	398.3	2.42	2060.33	1
190.33	0	2063.8	125.1	0.38	0.0	0.0	0.0	3	5541	-1121.2	401.5	2.42	2063.8	1
190.43	0	2067.3	125.3	0.38	0.0	0.0	0.0	3	5551	-1122.7	404.6	2.43	2067.27	1
190.53	0	2070.8	125.5	0.38	0.0	0.0	0.0	3	5562	-1124.2	407.7	2.45	2070.76	1
190.64	0	2074.3	125.8	0.38	0.0	0.0	0.0	3	5573	-1125.8	410.8	2.46	2074.25	1
190.73	0	2077.7	126.0	0.36	0.0	-0.02	0.0	3	5588	-1127.3	413.9	2.48	2077.73	1
190.83	0	2081.3	126.2	0.34	0.0	-0.02	0.0	3	5573	-1128.9	417.1	2.5	2081.25	1
190.93	0	2084.8	126.2	0.24	0.0	-0.02	0.0	3	5545	-1130.5	420.2	2.51	2084.76	1
191.06	0	2089.1	125.7	0.09	0.0	-0.03	0.0	3	5458	-1132.4	424.1	2.51	2089.09	1
191.13	0	2091.7	125.3	0.09	0.0	-0.0	0.0	3	5436	-1133.5	426.4	2.5	2091.65	1
191.23	0	2095.1	124.6	0.09	0.0	-0.0	0.0	3	5410	-1135.0	429.6	2.48	2095.11	1
191.33	0	2098.6	124.0	0.09	0.0	-0.0	0.0	3	5383	-1136.5	432.7	2.47	2098.57	1
191.43	0	2102.0	123.4	0.06	0.0	-0.0	0.0	3	5351	-1138.0	435.8	2.45	2102.0	1
191.53	0	2105.4	122.7	0.0	0.0	-0.0	0.0	3	5292	-1139.4	438.9	2.43	2105.41	1
191.63	0	2108.8	121.8	0.0	0.0	-0.05	0.0	3	5253	-1140.9	441.9	2.42	2108.81	1
191.73	0	2112.2	120.9	0.0	0.0	-0.1	0.0	3	5214	-1142.3	445.0	2.39	2112.16	1
191.83	0	2115.5	120.1	0.0	0.0	-0.1	0.0	3	5181	-1143.7	448.0	2.34	2115.51	1
191.93	0	2118.9	119.2	0.0	0.0	-0.12	0.0	3	5141	-1145.1	451.1	2.25	2118.88	1
192.03	0	2122.2	118.3	0.0	0.0	-0.03	0.0	3	5104	-1146.4	454.1	2.13	2122.18	1
192.13	0	2125.5	117.5	0.06	0.0	-0.0	0.0	3	5081	-1147.6	457.2	1.96	2125.45	1
192.23	0	2128.7	116.8	0.06	0.0	-0.0	0.0	3	5059	-1148.8	460.2	1.75	2128.7	1
192.33	0	2132.0	116.1	0.06	0.0	-0.0	0.0	3	5033	-1150.0	463.2	1.5	2131.96	1
192.43	0	2135.2	115.5	0.06	0.0	-0.07	0.0	3	5005	-1151.1	466.2	1.17	2135.16	1
192.53	0	2138.3	114.8	0.0	0.0	-0.12	0.0	3	4969	-1152.2	469.2	0.82	2138.33	1
192.63	0	2141.5	114.0	0.0	0.0	-0.12	0.0	3	4915	-1153.2	472.2	0.43	2141.48	1
192.73	0	2144.5	113.2	0.0	0.0	-0.12	0.0	3	4888	-1154.2	475.2	-0.24	2144.49	1
192.83	0	2149.0	112.3	0.0	0.0	-0.12	0.0	3	4849	-1155.2	478.2	1.13	2149.02	1
192.94	0	2152.2	111.4	0.0	0.0	-0.12	0.0	3	4812	-1156.0	481.3	1.23	2152.16	1
193.04	0	2155.2	110.6	0.0	0.0	-0.14	0.0	3	4774	-1156.8	484.2	1.26	2155.24	1
193.14	0	2158.3	109.7	0.0	0.0	-0.13	0.0	3	4739	-1157.5	487.2	1.22	2158.3	1
193.24	0	2161.3	108.9	0.0	0.0	-0.15	0.0	3	4702	-1158.2	490.2	1.1	2161.33	1
193.34	0	2164.3	108.0	0.06	0.0	-0.15	0.0	3	4681	-1158.7	493.1	0.91	2164.34	1
193.44	0	2167.3	107.3	0.07	0.0	-0.17	0.0	3	4658	-1159.2	496.1	0.65	2167.33	1
193.54	0	2170.3	106.5	0.09	0.0	-0.17	0.0	3	4632	-1159.6	499.1	0.3	2170.31	1
193.64	0	2173.2	105.9	0.12	0.0	-0.17	0.0	3	4611	-1159.9	502.0	-0.1	2173.19	1
193.74	0	2176.1	105.3	0.13	0.0	-0.19	0.0	3	4593	-1160.1	504.9	-0.59	2176.08	1
193.83	0	2178.9	104.7	0.14	0.0	-0.19	0.0	3	4573	-1160.2	507.8	-1.14	2178.93	1
193.94	0	2182.4	104.2	0.24	0.0	-0.16	0.0	3	4572	-1160.2	510.7	-1.72	2182.42	1
194.04	0	2185.3	103.9	0.27	0.0	-0.07	0.0	3	4571	-1160.2	513.6	-1.48	2185.3	1
194.14	0	2188.2	103.8	0.27	0.0	-0.02	0.0	3	4561	-1160.0	516.5	-1.31	2188.18	1
194.24	0	2191.1	103.6	0.23	0.0	-0.11	0.0	3	4541	-1159.8	519.4	-1.19	2191.05	1
194.34	0	2193.9	103.4	0.25	0.0	-0.14	0.0	3	4537	-1159.6	522.2	-1.13	2193.93	1
194.44	0	2196.8	103.2	0.25	0.0	-0.15	0.0	3	4532	-1159.3	525.1	-1.12	2196.8	1
194.54	0	2199.7	103.0	0.27	0.0	-0.19	0.0	3	4531	-1158.9	527.9	-1.18	2199.67	1
194.64	0	2202.5	102.8	0.27	0.0	-0.19	0.0	3	4526	-1158.5	530.8	-1.3	2202.51	1
194.74	0	2205.4	102.6	0.27	0.0	-0.16	0.0	3	4518	-1158.0	533.6	-1.49	2205.36	1
194.84	0	2208.2	102.4	0.27	0.0	-0.16	0.0	3	4509	-1157.4	536.3	-1.75	2208.19	1
194.94	0	2211.0	102.1	0.27	0.0	-0.16	0.0	3	4514	-1156.7	539.1	-2.09	2211.02	1
195.04	0	2213.8	101.9	0.27	0.0	-0.2	0.0	3	4481	-1156.0	541.9	-2.5	2213.82	1
195.14	0	2217.5	101.7	0.27	0.0	-0.21	0.0	3	4473	-1155.2	544.6	-2.65	2217.52	1
195.27	0	2221.3	101.2	0.23	0.0	-0.21	0.0	3	4449	-1153.9	548.1	-2.3	2221.26	1
195.37	0	2224.1	100.9	0.17	0.0	-0.21	0.0	3	4422	-1152.9	550.7	-2.13	2224.06	1
195.47	0	2226.9	100.4	0.16	0.0	-0.21	0.0	3	4391	-1151.8	553.3	-2.06	2226.86	1
195.58	0	2230.0	99.8	0.14	0.0	-0.21	0.0	3	4362	-1150.5	556.1	-2.08	2229.98	1
195.68	0	2232.8	99.2	0.14	0.0	-0.21	0.0	3	4337	-1149.3	558.6	-2.2	2232.76	1
195.78	0	2235.5	98.7	0.14	0.0	-0.21	0.0	3	4309	-1147.9	561.0	-2.4	2235.48	1
195.88	0	2238.2	98.1	0.14	0.0	-0.16	0.0	3	4289	-1146.5	563.3	-2.68	2238.2	1
195.98	0	2240.9	97.7	0.22	0.0	-0.14	0.0	3	4281	-1145.1	565.6	-3.04	2240.89	1
196.08	0	2243.6	97.4	0.28	0.0	-0.03	0.0	3	4293	-1143.5	567.9	-3.46	2243.56	1
196.18	0	2246.2	97.3	0.28	0.0	-0.05	0.0	3	4274	-1141.9	570.1	-3.93	2246.21	1
196.28	0	2250.7	97.2	0.28	0.0	-0.08	0.0	3	4265	-1140.3	572.2	-4.53	2250.68	1
196.38	0	2253.4	97.1	0.28	0.0	-0.14	0.0	3	4268	-1138.6	574.3	-4.14	2253.35	1
196.48	0	2256.0	97.0	0.3	0.0	-0.14	0.0	3	4268	-1136.9	576.4	-3.79	2256.03	1
196.58	0	2258.7	97.0	0.32	0.0	-0.15	0.0	3	4274	-1135.2	578.5	-3.49	2258.7	1
196.68	0	2261.4	96.9	0.32	0.0	-0.15	0.0	3	4274	-1133.4	580.5	-3.24	2261.39	1
196.78	0	2264.1	96.9	0.32	0.0	-0.15	0.0	3	4273	-1131.6	582.4	-3.06	2264.06	1
196.88	0	2266.7	96.8	0.32	0.0	-0.15	0.0	3	4271	-1129.7	584.4	-2.95	2266.75	1
196.98	0	2269.4	96.8	0.34	0.0	-0.1	0.0	3	4273	-1127.8	586.2	-2.9	2269.44	1
197.08	0	2272.1	96.8	0.34	0.0	-0.1	0.0	3	4273	-1125.8	588.1	-2.9	2272.12	1
197.2	0	2275.2	96.9	0.36	0.0	-0.09	0.0	3	4275	-1123.5	590.1	-2.98	2275.21	1
197.31	0	2278.3	96.9	0.36	0.0	-0.09	0.0	3	4293	-1121.1	592.1	-3.12	2278.28	1
197.41	0	2281.0	97.1	0.38	0.0	-0.12	0.0	3	4283	-1119.0	593.8	-3.29	2280.99	1
197.51	0	2284.8	97.2	0.38	0.0	-0.12	0.0	3	4289	-1116.9	595.4	-3.1	2284.79	1
197.61	0	2287.4	97.3	0.38	0.0	-0.12	0.0	3	4296	-1114.7	597.0	-2.51	2287.42	1
197.71	0	2290.1	97.4	0.38	0.0	-0.12	0.0	3	4304	-1112.5	598.6	-1.95	2290.08	1
197.81	0	2292.7	97.5	0.38	0.0	-0.12	0.0	3	4309	-1110.3	600.2	-1.42	2292.75	1
197.91	0	2295.4	97.6	0.38	0.0	-0.16	0.0	3	4314	-1108.0	601.7	-0.88	2295.42	1
198.01	0	2298.1	97.6	0.38	0.0	-0.16	0.0	3	4320	-1105.7	603.1	-0.35	2298.1	1
198.11	0	2300.8	97.7	0.38	0.0	-0.16	0.0	3	4324	-1103.4	604.5	0.01	2300.8	1
198.21	0	2303.5	97.8	0.38	0.0	-0.16	0.0	3	4328	-1101.0	605.8	0.08	2303.54	1
198.31	0	2306.2	97.8	0.38	0.0	-0.16	0.0	3	4331	-1098.6	607.1	0.03	2306.22	1
198.41	0	2308.9	97.9	0.4	0.0	-0.07	0.0	3	4338	-1096.2	608.3	-0.02	2308.93	1
198.51	0	2311.7	98.1	0.43	0.0	-0.07	0.0	3	4351	-1093.7	609.4	-0.04	2311.66	1
198.61	0	2314.4	98.3	0.45	0.0	-0.07	0.0	3	4377	-1091.2	610.5	-0.02	2314.39	1
198.71	0	2320.6	98.7	0.47	0.0	-0.03	0.0	3	4374	-1088.7	611.6	0.61	2320.58	1
198.81	0	2324.5	99.1	0.48	0.0	-0.03	0.0	3	4401	-1086.2	612.6	1.0	2324.49	1
198.91	0	2327.2	99.5	0.48	0.0	-0.03	0.0	3	4420	-1083.6	613.6	1.24	2327.23	1
199.01	0	2330.1	99.9	0.48	0.0	-0.0	0.0	3	4437	-1080.9	614.6	1.45	2330.07	1
199.11	0	2332.8	100.4	0.48	0.0	-0.03	0.0	3	4455	-1078.3	615.6	1.65	2332.85	1
199.21	0	2335.6	100.8	0.48	0.0	-0.05	0.0	3	4479	-1075.7	616.5	1.84	2335.64	1
199.31	0	2338.4	101.2	0.48	0.0	-0.02	0.0	3	4494	-1073.1	617.5	2.0	2338.43	1
199.41	0	2341.3	101.6	0.48	0.0	-0.03	0.0	3	4516	-1070.4	618.4	2.16	2341.26	1
199.51	0	2344.1	102.1	0.48	0.0	-0.03	0.0	3	4536	-1067.7	619.4	2.29	2344.08	1
199.61	0	2346.9	102.5	0.48	0.0	-0.0	0.0	3	4555	-1065.0	620.3	2.4	2346.92	1
199.71	0	2349.8	102.9	0.48	0.0	-0.0	0.0	3	4575	-1062.3	621.2	2.5	2349.78	1
199.81	0	2352.6	103.4	0.48	0.0	-0.0	0.0	3	4594	-1059.6	622.1	2.6	2352.64	1
199.91	0	2355.5	103.8	0.48	0.0	-0.0	0.0	3	4616	-1056.9	623.0	2.7	2355.48	1
200.01	0	2358.4	104.3	0.48	0.0	-0.0	0.0	3	4637	-1054.1	623.9	2.8	2358.42	1
200.13	0	2361.6	104.8	0.48	0.0	-0.03	0.0	3	4660	-1051.0	624.9	2.9	2361.64	1
200.23	0	2364.6	105.3	0.48	0.0	-0.05	0.0	3	4685	-1048.3	625.8	2.98	2364.55	1
200.33	0	2367.5	105.7	0.45	0.0	-0.02	0.0	3	4693	-1045.5	626.7	3.05	2367.48	1
200.43	0	2370.4	106.1	0.45	0.0	-0.0	0.0	3	4717	-1042.6	627.5	3.1	2370.43	1
200.53	0	2373.4	106.5	0.45	0.0	-0.0	0.0	3	4725	-1039.8	628.4	3.14	2373.38	1
200.63	0	2376.3	106.9	0.45	0.0	0.0	0.0	3	4746	-1037.0	629.2	3.17	2376.34	1
200.73	0	2379.3	107.3	0.43	0.0	0.0	0.0	3	4757	-1034.1	630.1	3.19	2379.31	1
200.83	0	2382.3	107.6	0.41	0.0	0.0	0.0	3	4766	-1031.3	630.9	3.22	2382.3	1
200.93	0	2385.3	107.8	0.36	0.0	-0.02	0.0	3	4761	-1028.4	631.8	3.24	2385.3	1
201.03	0	2388.3	108.0	0.34	0.0	-0.02	0.0	3	4761	-1025.5	632.6	3.26	2388.29	1
201.13	0	2391.3	108.1	0.34	0.0	0.01	0.0	3	4766	-1022.7	633.5	3.28	2391.29	1
201.23	0	2394.3	108.2	0.34	0.0	0.01	0.0	3	4771	-1019.8	634.4	3.3	2394.3	1
201.33	0	2397.3	108.3	0.32	0.0	0.01	0.0	3	4771	-1016.9	635.2	3.32	2397.3	1
201.43	0	2400.3	108.4	0.32	0.0	0.01	0.0	3	4774	-1014.0	636.1	3.33	2400.32	1
201.53	0	2403.3	108.4	0.28	0.0	0.01	0.0	3	4765	-1011.1	636.9	3.36	2403.32	1
201.63	0	2406.3	108.3	0.21	0.0	-0.02	0.0	3	4739	-1008.2	637.8	3.38	2406.34	1
201.73	0	2409.3	108.1	0.2	0.0	-0.03	0.0	3	4723	-1005.4	638.6	3.4	2409.34	1
201.83	0	2412.3	107.7	0.09	0.0	-0.03	0.0	3	4682	-1002.5	639.5	3.42	2412.34	1
201.93	0	2415.3	107.2	0.09	0.0	-0.03	0.0	3	4655	-999.6	640.3	3.42	2415.33	1
202.03	0	2418.3	106.7	0.09	0.0	-0.03	0.0	3	4633	-996.8	641.1	3.41	2418.3	1
202.13	0	2421.3	106.2	0.09	0.0	-0.0	0.0	3	4610	-993.9	641.9	3.39	2421.26	1
202.23	0	2424.2	105.7	0.09	0.0	-0.0	0.0	3	4588	-991.1	642.7	3.35	2424.2	1
202.33	0	2427.1	105.2	0.09	0.0	-0.0	0.0	3	4567	-988.2	643.5	3.3	2427.13	1
202.43	0	2430.0	104.7	0.09	0.0	-0.0	0.0	3	4545	-985.4	644.3	3.25	2430.03	1
202.53	0	2432.9	104.2	0.09	0.0	-0.0	0.0	3	4524	-982.6	645.0	3.2	2432.94	1
202.63	0	2435.8	103.7	0.09	0.0	-0.0	0.0	3	4502	-979.9	645.8	3.15	2435.81	1
202.73	0	2438.7	103.2	0.09	0.0	-0.0	0.0	3	4480	-977.1	646.5	3.1	2438.69	1
202.82	0	2441.5	102.7	0.09	0.0	-0.0	0.0	3	4461	-974.3	647.3	3.04	2441.54	1
202.93	0	2444.4	102.2	0.09	0.0	-0.0	0.0	3	4439	-971.6	648.0	2.99	2444.39	1
203.03	0	2447.2	101.7	0.09	0.0	-0.0	0.0	3	4418	-968.8	648.7	2.93	2447.23	1
203.13	0	2450.1	101.3	0.09	0.0	-0.0	0.0	3	4397	-966.1	649.5	2.87	2450.06	1
203.23	0	2452.9	100.8	0.09	0.0	-0.0	0.0	3	4376	-963.4	650.2	2.81	2452.86	1
203.33	0	2455.7	100.3	0.09	0.0	-0.04	0.0	3	4355	-960.7	650.9	2.74	2455.66	1
203.43	0	2458.4	99.8	0.09	0.0	-0.04	0.0	3	4335	-958.0	651.6	2.66	2458.43	1
203.53	0	2461.2	99.3	0.09	0.0	-0.04	0.0	3	4315	-955.3	652.3	2.58	2461.19	1
203.63	0	2463.9	98.9	0.09	0.0	-0.04	0.0	3	4293	-952.7	653.0	2.48	2463.94	1
203.73	0	2466.7	98.4	0.09	0.0	-0.04	0.0	3	4273	-950.0	653.6	2.35	2466.68	1
203.83	0	2469.4	97.9	0.09	0.0	-0.04	0.0	3	4252	-947.3	654.2	2.2	2469.41	1
203.93	0	2472.1	97.4	0.09	0.0	-0.05	0.0	3	4232	-944.7	654.8	2.03	2472.12	1
204.03	0	2474.8	97.0	0.09	0.0	-0.08	0.0	3	4211	-942.1	655.4	1.83	2474.81	1
204.12	0	2477.5	96.5	0.09	0.0	-0.1	0.0	3	4192	-939.5	655.9	1.6	2477.46	1
204.22	0	2480.1	96.0	0.09	0.0	-0.1	0.0	3	4171	-936.8	656.4	1.33	2480.12	1
204.32	0	2482.8	95.5	0.09	0.0	-0.1	0.0	3	4150	-934.2	656.9	1.02	2482.76	1
204.42	0	2485.4	95.0	0.14	0.0	-0.08	0.0	3	4139	-931.6	657.3	0.67	2485.38	1
204.55	0	2488.1	94.6	0.16	0.0	-0.08	0.0	3	4125	-928.4	657.7	-0.35	2488.06	1
204.64	0	2494.1	94.3	0.16	0.0	-0.11	0.0	3	4111	-925.9	658.0	0.9	2494.06	1
204.74	0	2496.7	93.9	0.16	0.0	-0.11	0.0	3	4096	-923.3	658.3	0.75	2496.67	1
204.84	0	2499.3	93.5	0.16	0.0	-0.11	0.0	3	4081	-920.7	658.5	0.57	2499.26	1
204.94	0	2501.8	93.2	0.16	0.0	-0.11	0.0	3	4065	-918.2	658.6	0.33	2501.84	1
205.04	0	2504.4	92.8	0.16	0.0	-0.12	0.0	3	4050	-915.6	658.7	0.05	2504.41	1
205.14	0	2507.0	92.4	0.16	0.0	-0.14	0.0	3	4034	-913.0	658.8	-0.28	2506.96	1
205.24	0	2509.5	92.1	0.17	0.0	-0.16	0.0	3	4022	-910.4	658.8	-0.67	2509.53	1
205.34	0	2512.0	91.8	0.25	0.0	-0.17	0.0	3	4024	-907.9	658.8	-1.1	2512.04	1
205.44	0	2514.5	91.6	0.27	0.0	-0.17	0.0	3	4022	-905.3	658.6	-1.59	2514.54	1
205.54	0	2517.5	91.4	0.28	0.0	-0.17	0.0	3	4019	-902.8	658.4	-1.89	2517.54	1
205.64	0	2520.1	91.2	0.29	0.0	-0.14	0.0	3	4013	-900.3	658.2	-1.88	2520.08	1
205.74	0	2522.6	91.1	0.29	0.0	-0.14	0.0	3	4014	-897.7	657.9	-1.94	2522.61	1
205.84	0	2525.1	90.9	0.29	0.0	-0.14	0.0	3	3995	-895.2	657.5	-2.07	2525.13	1
205.94	0	2527.6	90.8	0.29	0.0	-0.1	0.0	3	3987	-892.8	657.0	-2.27	2527.65	1
206.04	0	2530.2	90.7	0.29	0.0	-0.0	0.0	3	3982	-890.3	656.5	-2.51	2530.16	1
206.14	0	2532.7	90.7	0.29	0.0	-0.0	0.0	3	3977	-887.8	655.9	-2.78	2532.66	1
206.24	0	2535.2	90.6	0.29	0.0	-0.0	0.0	3	3973	-885.4	655.4	-3.07	2535.16	1
206.34	0	2537.7	90.6	0.29	0.0	-0.07	0.0	3	3970	-882.9	654.8	-3.36	2537.66	1
206.44	0	2540.1	90.5	0.28	0.0	-0.12	0.0	3	3968	-880.5	654.2	-3.67	2540.15	1
206.54	0	2543.8	90.4	0.27	0.0	-0.14	0.0	3	3962	-878.1	653.6	-3.77	2543.79	1
206.64	0	2546.3	90.2	0.27	0.0	-0.14	0.0	3	3958	-875.6	652.9	-3.46	2546.29	1
206.74	0	2548.8	90.1	0.27	0.0	-0.14	0.0	3	3952	-873.2	652.2	-3.19	2548.76	1
206.84	0	2551.3	89.9	0.29	0.0	-0.1	0.0	3	3949	-870.9	651.5	-2.98	2551.26	1
206.94	0	2553.7	89.8	0.28	0.0	-0.1	0.0	3	3944	-868.5	650.7	-2.81	2553.75	1
207.05	0	2556.4	89.7	0.28	0.0	-0.16	0.0	3	3949	-866.0	649.8	-2.69	2556.4	1
207.15	0	2558.9	89.5	0.28	0.0	-0.16	0.0	3	3930	-863.7	648.8	-2.63	2558.9	1
207.25	0	2561.4	89.4	0.27	0.0	-0.17	0.0	3	3922	-861.4	647.9	-2.64	2561.38	1
207.35	0	2563.9	89.2	0.27	0.0	-0.17	0.0	3	3918	-859.1	646.8	-2.71	2563.86	1
207.45	0	2566.3	89.0	0.27	0.0	-0.17	0.0	3	3910	-856.9	645.8	-2.83	2566.33	1
207.55	0	2569.6	88.8	0.27	0.0	-0.17	0.0	3	3903	-854.7	644.6	-2.74	2569.61	1
207.65	0	2572.0	88.6	0.27	0.0	-0.2	0.0	3	3895	-852.5	643.4	-2.33	2572.05	1
207.75	0	2574.5	88.4	0.27	0.0	-0.19	0.0	3	3887	-850.4	642.2	-2.0	2574.47	1
207.85	0	2576.9	88.2	0.27	0.0	-0.17	0.0	3	3878	-848.3	640.9	-1.74	2576.92	1
207.95	0	2579.4	88.0	0.27	0.0	-0.16	0.0	3	3868	-846.3	639.5	-1.55	2579.36	1
208.05	0	2581.9	87.8	0.27	0.0	-0.14	0.0	3	3859	-844.2	638.1	-1.43	2581.89	1
208.15	0	2584.3	87.7	0.27	0.0	-0.14	0.0	3	3850	-842.3	636.6	-1.38	2584.33	1
208.25	0	2586.8	87.5	0.27	0.0	-0.14	0.0	3	3840	-840.4	635.1	-1.39	2586.76	1
208.35	0	2589.2	87.3	0.27	0.0	-0.14	0.0	3	3835	-838.5	633.5	-1.46	2589.19	1
208.45	0	2591.6	87.1	0.27	0.0	-0.14	0.0	3	3835	-836.7	631.9	-1.58	2591.6	1
208.55	0	2594.5	87.0	0.27	0.0	-0.14	0.0	3	3814	-835.0	630.3	-1.7	2594.48	1
208.65	0	2596.9	86.8	0.27	0.0	-0.14	0.0	3	3809	-833.2	628.5	-1.32	2596.89	1
208.75	0	2599.3	86.7	0.27	0.0	-0.14	0.0	3	3804	-831.5	626.8	-0.98	2599.26	1
208.85	0	2601.7	86.5	0.27	0.0	-0.14	0.0	3	3797	-829.9	625.1	-0.68	2601.65	1
208.95	0	2604.0	86.4	0.27	0.0	-0.14	0.0	3	3790	-828.3	623.3	-0.43	2604.04	1
209.07	0	2606.8	86.2	0.27	0.0	-0.14	0.0	3	3782	-826.5	621.2	-0.23	2606.79	1
209.17	0	2609.2	86.1	0.32	0.0	-0.14	0.0	3	3784	-825.0	619.3	-0.12	2609.19	1
209.27	0	2611.6	86.0	0.32	0.0	-0.12	0.0	3	3782	-823.6	617.4	-0.06	2611.57	1
209.37	0	2614.0	86.0	0.34	0.0	-0.07	0.0	3	3783	-822.1	615.5	-0.02	2613.97	1
209.47	0	2616.4	86.0	0.36	0.0	-0.07	0.0	3	3783	-820.8	613.6	0.02	2616.36	1
209.57	0	2618.7	86.1	0.38	0.0	-0.07	0.0	3	3788	-819.4	611.6	0.07	2618.74	1
209.67	0	2620.4	86.2	0.43	0.0	-0.02	0.0	3	3803	-818.1	609.6	-0.63	2620.36	1
209.77	0	2625.1	86.4	0.45	0.0	-0.02	0.0	3	3819	-816.7	607.6	-1.16	2625.05	1
209.87	0	2627.4	86.7	0.45	0.0	-0.02	0.0	3	3826	-815.4	605.6	-0.95	2627.45	1
209.97	0	2629.8	86.9	0.45	0.0	-0.0	0.0	3	3832	-814.1	603.6	-0.76	2629.85	1
210.07	0	2632.3	87.1	0.45	0.0	-0.0	0.0	3	3847	-812.8	601.5	-0.56	2632.3	1
210.17	0	2634.7	87.4	0.45	0.0	-0.0	0.0	3	3857	-811.5	599.4	-0.38	2634.72	1
210.27	0	2637.1	87.6	0.47	0.0	-0.0	0.0	3	3870	-810.2	597.4	-0.19	2637.14	1
210.37	0	2639.6	87.9	0.47	0.0	-0.03	0.0	3	3884	-808.9	595.3	-0.01	2639.57	1
210.47	0	2642.0	88.2	0.47	0.0	-0.07	0.0	3	3897	-807.6	593.3	0.17	2642.01	1
210.57	0	2644.5	88.4	0.47	0.0	-0.07	0.0	3	3910	-806.3	591.2	0.34	2644.45	1
210.67	0	2646.9	88.7	0.47	0.0	-0.07	0.0	3	3924	-805.0	589.1	0.48	2646.92	1
210.77	0	2649.4	89.0	0.47	0.0	-0.07	0.0	3	3934	-803.8	587.0	0.58	2649.37	1
210.87	0	2651.8	89.2	0.47	0.0	-0.07	0.0	3	3955	-802.5	584.8	0.67	2651.85	1
210.97	0	2654.3	89.5	0.47	0.0	-0.03	0.0	3	3963	-801.3	582.7	0.73	2654.33	1
211.07	0	2656.8	89.8	0.47	0.0	-0.03	0.0	3	3971	-800.1	580.5	0.77	2656.84	1
211.17	0	2659.3	90.1	0.47	0.0	-0.03	0.0	3	3991	-798.9	578.3	0.79	2659.34	1
211.27	0	2661.8	90.4	0.47	0.0	-0.02	0.0	3	4001	-797.7	576.1	0.8	2661.85	1
211.37	0	2664.4	90.7	0.47	0.0	-0.02	0.0	3	4013	-796.5	573.9	0.79	2664.37	1
211.47	0	2666.9	91.0	0.47	0.0	-0.02	0.0	3	4027	-795.3	571.6	0.77	2666.89	1
211.57	0	2669.4	91.3	0.47	0.0	-0.02	0.0	3	4041	-794.2	569.4	0.75	2669.41	1
211.67	0	2672.0	91.6	0.47	0.0	-0.02	0.0	3	4056	-793.0	567.1	0.72	2671.96	1
211.77	0	2674.5	92.0	0.47	0.0	-0.02	0.0	3	4070	-791.8	564.8	0.68	2674.51	1
211.87	0	2677.1	92.3	0.48	0.0	-0.02	0.0	3	4089	-790.7	562.6	0.63	2677.07	1
211.97	0	2679.6	92.7	0.52	0.0	-0.02	0.0	3	4116	-789.5	560.3	0.58	2679.64	1
212.07	0	2682.2	93.1	0.54	0.0	-0.02	0.0	3	4136	-788.4	558.0	0.51	2682.22	1
212.17	0	2684.8	93.6	0.54	0.0	-0.02	0.0	3	4173	-787.2	555.6	0.44	2684.81	1
212.27	0	2687.4	94.1	0.54	0.0	-0.02	0.0	3	4177	-786.1	553.3	0.36	2687.39	1
212.37	0	2690.0	94.6	0.54	0.0	-0.02	0.0	3	4205	-784.9	551.0	0.27	2690.0	1
212.47	0	2692.6	95.1	0.54	0.0	-0.0	0.0	3	4243	-783.8	548.6	0.17	2692.63	1
212.57	0	2695.3	95.6	0.54	0.0	-0.0	0.0	3	4254	-782.6	546.2	0.07	2695.28	1
212.67	0	2698.0	96.2	0.54	0.0	-0.0	0.0	3	4279	-781.5	543.8	-0.03	2697.95	1
212.77	0	2700.6	96.7	0.48	0.0	0.0	0.0	3	4293	-780.3	541.4	-0.14	2700.63	1
212.87	0	2703.3	96.9	0.22	0.0	0.06	0.03	3	4244	-779.2	539.0	-0.24	2703.31	1
212.97	0	2706.0	96.5	0.0	0.0	0.0	0.32	3	4178	-778.0	536.5	-0.34	2706.0	1
213.07	0	2708.7	95.9	0.0	0.0	0.0	0.88	3	4143	-776.8	534.1	-0.43	2708.67	1
213.17	0	2711.3	95.5	0.0	0.0	0.0	1.0	4	3948	-775.7	531.8	-0.51	2711.32	1
213.27	0	2714.0	95.3	0.0	0.0	0.0	0.86	4	3618	-774.5	529.4	-0.59	2713.98	1
213.37	0	2716.6	95.0	0.0	0.0	0.0	0.47	4	3400	-773.3	527.0	-0.67	2716.62	1
213.47	0	2719.4	94.5	0.0	0.0	0.0	0.07	4	3380	-772.1	524.5	-0.75	2719.37	1
213.57	0	2721.8	94.1	0.09	0.0	0.0	0.0	4	3374	-771.0	522.3	-0.81	2721.8	1
213.67	0	2724.4	93.7	0.24	0.0	0.0	0.0	4	3377	-769.9	520.0	-0.89	2724.41	1
213.77	0	2727.0	93.5	0.38	0.0	0.0	0.0	4	3386	-768.7	517.7	-0.95	2727.01	1
213.87	0	2729.6	93.5	0.47	0.0	0.0	0.0	4	3396	-767.5	515.4	-1.02	2729.6	1
213.97	0	2732.2	93.6	0.51	0.0	0.0	0.0	4	3404	-766.4	513.0	-1.09	2732.2	1
214.07	0	2734.8	93.7	0.52	0.0	0.0	0.0	4	3409	-765.2	510.7	-1.15	2734.81	1
214.17	0	2737.4	93.8	0.52	0.0	0.0	0.0	4	3414	-764.1	508.3	-1.22	2737.44	1
214.27	0	2740.0	93.9	0.52	0.0	-0.03	0.0	4	3418	-762.9	506.0	-1.28	2740.05	1
214.37	0	2742.7	94.0	0.52	0.0	-0.0	0.0	4	3423	-761.7	503.7	-1.35	2742.65	1
214.47	0	2745.3	94.2	0.53	0.0	-0.0	0.0	4	3428	-760.6	501.3	-1.43	2745.27	1
214.57	0	2747.9	94.3	0.55	0.0	-0.0	0.0	4	3434	-759.4	499.0	-1.51	2747.89	1
214.67	0	2750.5	94.4	0.52	0.0	-0.0	0.0	4	3438	-758.3	496.6	-1.6	2750.5	1
214.77	0	2753.1	94.6	0.54	0.0	0.0	0.0	4	3445	-757.1	494.3	-1.68	2753.13	1
214.87	0	2755.8	94.7	0.52	0.0	0.0	0.0	4	3447	-756.0	491.9	-1.77	2755.75	1
214.97	0	2758.4	94.8	0.53	0.0	0.0	0.0	4	3452	-754.8	489.5	-1.86	2758.38	1
215.07	0	2761.0	95.0	0.53	0.0	0.0	0.0	4	3457	-753.7	487.2	-1.95	2761.02	1
215.2	0	2764.5	95.1	0.52	0.0	0.0	0.0	4	3463	-752.1	484.0	-2.06	2764.52	1
215.3	0	2767.2	95.3	0.53	0.0	0.0	0.0	4	3469	-751.0	481.6	-2.15	2767.15	1
215.4	0	2769.8	95.4	0.55	0.0	0.0	0.0	4	3475	-749.8	479.3	-2.23	2769.8	1
215.5	0	2772.4	95.5	0.53	0.0	0.05	0.0	4	3478	-748.6	476.9	-2.32	2772.45	1
215.6	0	2775.1	95.7	0.53	0.0	0.06	0.0	4	3484	-747.5	474.5	-2.39	2775.11	1
215.7	0	2777.8	95.8	0.53	0.0	0.01	0.0	4	3489	-746.3	472.1	-2.45	2777.76	1
215.8	0	2780.4	95.9	0.53	0.0	0.01	0.0	4	3493	-745.1	469.7	-2.5	2780.43	1
215.9	0	2783.1	96.1	0.53	0.0	-0.0	0.0	4	3498	-743.9	467.4	-2.54	2783.09	1
216.0	0	2785.8	96.2	0.55	0.0	-0.0	0.0	4	3506	-742.6	465.0	-2.58	2785.76	1
216.1	0	2788.4	96.4	0.56	0.0	-0.0	0.0	4	3515	-741.4	462.6	-2.62	2788.44	1
216.2	0	2791.1	96.6	0.56	0.0	-0.0	0.0	4	3522	-740.2	460.2	-2.65	2791.13	1
216.3	0	2793.8	96.8	0.56	0.0	-0.0	0.0	4	3529	-739.0	457.8	-2.68	2793.81	1
216.4	0	2796.5	96.9	0.56	0.0	-0.0	0.0	4	3536	-737.7	455.4	-2.72	2796.5	1
216.5	0	2799.2	97.1	0.56	0.0	-0.0	0.0	4	3543	-736.5	453.0	-2.75	2799.19	1
216.6	0	2801.9	97.3	0.58	0.0	-0.0	0.0	4	3552	-735.3	450.6	-2.79	2801.89	1
216.7	0	2804.6	97.5	0.58	0.0	-0.0	0.0	4	3560	-734.0	448.2	-2.82	2804.59	1
216.8	0	2807.3	97.8	0.58	0.0	-0.0	0.0	4	3568	-732.8	445.8	-2.86	2807.3	1
216.9	0	2810.0	98.0	0.6	0.0	-0.0	0.0	4	3581	-731.6	443.4	-2.9	2810.03	1
217.0	0	2812.8	98.2	0.6	0.0	-0.0	0.0	4	3590	-730.3	441.0	-2.93	2812.75	1
217.1	0	2815.5	98.5	0.6	0.0	-0.0	0.0	4	3600	-729.1	438.5	-2.97	2815.48	1
217.2	0	2818.2	98.8	0.66	0.0	-0.0	0.0	4	3618	-727.8	436.1	-3.01	2818.22	1
217.3	0	2821.0	99.1	0.67	0.0	0.03	0.0	4	3633	-726.6	433.7	-3.05	2820.97	1
217.4	0	2823.7	99.5	0.67	0.0	0.01	0.0	4	3647	-725.3	431.2	-3.08	2823.73	1
217.5	0	2826.5	99.9	0.67	0.0	0.01	0.0	4	3662	-724.0	428.8	-3.11	2826.5	1
217.6	0	2829.3	100.2	0.67	0.0	0.01	0.0	4	3676	-722.8	426.3	-3.13	2829.29	1
217.7	0	2832.1	100.6	0.67	0.0	0.0	0.0	4	3690	-721.5	423.8	-3.14	2832.07	1
217.8	0	2834.9	101.0	0.67	0.0	0.0	0.0	4	3705	-720.2	421.3	-3.15	2834.87	1
217.9	0	2837.7	101.4	0.67	0.0	0.0	0.0	4	3719	-718.9	418.9	-3.15	2837.67	1
218.01	0	2840.9	101.8	0.67	0.0	0.0	0.0	4	3736	-717.4	416.0	-3.15	2840.87	1
218.11	0	2843.7	102.2	0.67	0.0	0.0	0.0	4	3752	-716.0	413.5	-3.15	2843.71	1
218.21	0	2846.6	102.6	0.67	0.0	0.0	0.0	4	3767	-714.7	411.0	-3.14	2846.55	1
218.31	0	2849.4	103.0	0.67	0.0	0.0	0.0	4	3782	-713.3	408.5	-3.13	2849.41	1
218.41	0	2852.3	103.4	0.67	0.0	0.0	0.0	4	3798	-712.0	406.0	-3.13	2852.28	1
218.51	0	2855.2	103.9	0.67	0.0	0.0	0.0	4	3814	-710.6	403.4	-3.12	2855.16	1
218.61	0	2858.0	104.3	0.67	0.0	0.0	0.0	4	3829	-709.3	400.9	-3.1	2858.03	1
218.71	0	2860.9	104.7	0.67	0.0	0.0	0.0	4	3847	-707.9	398.3	-3.09	2860.92	1
218.81	0	2863.8	105.1	0.67	0.0	0.0	0.0	4	3863	-706.5	395.8	-3.07	2863.84	1
218.91	0	2866.8	105.6	0.67	0.0	0.0	0.0	4	3879	-705.2	393.2	-3.06	2866.77	1
219.01	0	2869.7	106.0	0.67	0.0	0.0	0.0	4	3895	-703.8	390.6	-3.04	2869.69	1
219.11	0	2872.6	106.4	0.67	0.0	0.0	0.0	4	3913	-702.4	388.0	-3.01	2872.64	1
219.21	0	2875.6	106.9	0.67	0.0	0.02	0.0	4	3931	-701.0	385.4	-2.99	2875.61	1
219.31	0	2878.6	107.3	0.67	0.0	0.03	0.0	4	3947	-699.5	382.8	-2.96	2878.58	1
219.41	0	2881.6	107.8	0.67	0.0	0.04	0.0	4	3965	-698.1	380.2	-2.92	2881.57	1
219.51	0	2884.6	108.3	0.67	0.0	0.02	0.0	4	3984	-696.7	377.5	-2.86	2884.57	1
219.61	0	2887.6	108.7	0.67	0.0	0.03	0.0	4	4001	-695.2	374.9	-2.78	2887.58	1
219.71	0	2890.6	109.2	0.67	0.0	0.01	0.0	4	4019	-693.7	372.3	-2.68	2890.61	1
219.81	0	2893.6	109.7	0.67	0.0	0.0	0.0	4	4037	-692.1	369.7	-2.57	2893.64	1
219.91	0	2896.7	110.1	0.67	0.0	0.0	0.0	4	4055	-690.6	367.0	-2.45	2896.69	1
220.01	0	2899.8	110.6	0.67	0.0	0.0	0.0	4	4073	-689.1	364.4	-2.31	2899.76	1
220.11	0	2902.8	111.1	0.67	0.0	0.0	0.0	4	4092	-687.5	361.7	-2.18	2902.83	1
220.21	0	2905.9	111.6	0.67	0.0	0.0	0.0	4	4111	-685.9	359.1	-2.03	2905.92	1
220.31	0	2909.0	112.1	0.67	0.0	0.0	0.0	4	4130	-684.3	356.4	-1.88	2909.05	1
220.41	0	2912.2	112.6	0.67	0.0	0.0	0.0	4	4150	-682.8	353.7	-1.71	2912.15	1
220.51	0	2915.3	113.1	0.67	0.0	0.0	0.0	4	4169	-681.2	351.0	-1.54	2915.29	1
220.61	0	2918.4	113.7	0.67	0.0	0.02	0.0	4	4189	-679.5	348.3	-1.37	2918.43	1
220.71	0	2921.6	114.2	0.67	0.0	0.02	0.0	4	4209	-677.9	345.6	-1.15	2921.64	1
220.81	0	2924.7	114.7	0.67	0.0	0.02	0.0	4	4229	-676.3	342.9	-1.02	2924.68	1
220.91	0	2928.0	115.2	0.67	0.0	0.02	0.0	4	4251	-674.6	340.1	-0.96	2927.99	1
221.01	0	2931.1	115.8	0.67	0.0	0.02	0.0	4	4271	-673.0	337.4	-0.76	2931.14	1
221.11	0	2934.4	116.3	0.67	0.0	-0.0	0.0	4	4294	-671.3	334.6	-0.61	2934.36	1
221.21	0	2937.6	116.8	0.62	0.0	-0.0	0.0	4	4301	-669.5	331.9	-0.46	2937.6	1
221.31	0	2940.8	117.2	0.36	0.0	-0.0	0.39	4	4267	-667.8	329.1	-0.29	2940.85	1
221.41	0	2944.1	116.9	0.0	0.0	-0.0	1.0	4	4144	-666.1	326.4	-0.12	2944.09	1
221.51	0	2947.4	116.6	0.0	0.0	-0.0	1.0	4	3886	-664.3	323.6	0.05	2947.37	1
221.61	0	2950.6	115.7	0.0	0.0	-0.0	0.49	4	4072	-662.6	320.9	0.22	2950.57	1
221.71	0	2953.8	114.9	0.0	0.0	-0.0	0.0	4	4106	-660.9	318.2	0.39	2953.75	1
221.81	0	2956.9	114.3	0.0	0.0	-0.0	0.0	4	4084	-659.2	315.5	0.54	2956.95	1
221.91	0	2960.1	113.7	0.21	0.0	-0.0	0.0	4	4097	-657.5	312.8	0.58	2960.11	1
222.01	0	2963.3	113.6	0.41	0.0	-0.0	0.0	4	4130	-655.8	310.2	0.61	2963.27	1
222.11	0	2966.4	113.7	0.51	0.0	-0.0	0.0	4	4155	-654.2	307.5	0.65	2966.42	1
222.21	0	2969.6	114.0	0.54	0.0	-0.0	0.0	4	4174	-652.5	304.8	0.69	2969.59	1
222.31	0	2972.8	114.3	0.56	0.0	-0.0	0.0	4	4189	-650.8	302.2	0.73	2972.75	1
222.42	0	2976.3	114.6	0.56	0.0	-0.0	0.0	4	4203	-648.9	299.1	0.77	2976.31	1
222.53	0	2979.7	115.0	0.56	0.0	-0.0	0.0	4	4216	-647.1	296.3	0.8	2979.65	1
222.63	0	2982.9	115.3	0.56	0.0	0.05	0.0	4	4229	-645.4	293.6	0.84	2982.85	1
222.73	0	2986.1	115.6	0.58	0.0	0.06	0.0	4	4245	-643.7	290.9	0.76	2986.1	1
222.83	0	2989.3	116.0	0.58	0.0	0.06	0.0	4	4260	-642.0	288.2	0.67	2989.31	1
222.93	0	2992.5	116.3	0.58	0.0	0.06	0.0	4	4275	-640.2	285.5	0.62	2992.54	1
223.03	0	2995.8	116.7	0.58	0.0	0.05	0.0	4	4289	-638.4	282.8	0.59	2995.77	1
223.13	0	2999.0	117.0	0.58	0.0	0.01	0.0	4	4304	-636.6	280.1	0.6	2999.02	1
223.23	0	3002.3	117.4	0.58	0.0	0.01	0.0	4	4313	-634.7	277.4	0.64	3002.28	1
223.33	0	3005.5	117.8	0.6	0.0	0.01	0.0	4	4333	-632.8	274.8	0.7	3005.54	1
223.43	0	3008.8	118.2	0.62	0.0	0.01	0.0	4	4356	-630.9	272.1	0.79	3008.81	1
223.53	0	3012.1	118.7	0.63	0.0	0.01	0.0	4	4375	-629.0	269.5	0.82	3012.14	1
223.63	0	3015.4	119.2	0.63	0.0	0.01	0.0	4	4392	-627.0	266.8	0.78	3015.45	1
223.73	0	3018.8	119.7	0.63	0.0	0.01	0.0	4	4411	-625.1	264.1	0.75	3018.77	1
223.83	0	3022.1	120.2	0.63	0.0	0.01	0.0	4	4431	-623.1	261.4	0.73	3022.1	1
223.93	0	3025.4	120.7	0.64	0.0	0.01	0.0	4	4452	-621.1	258.7	0.71	3025.44	1
224.03	0	3028.8	121.2	0.66	0.0	0.01	0.0	4	4476	-619.1	256.1	0.7	3028.78	1
224.13	0	3032.2	121.8	0.73	0.0	0.01	0.0	4	4513	-617.1	253.3	0.7	3032.16	1
224.23	0	3035.6	122.6	0.77	0.0	0.01	0.0	4	4555	-615.0	250.6	0.7	3035.62	1
224.33	0	3039.0	123.3	0.77	0.0	0.01	0.0	4	4587	-613.0	247.9	0.65	3038.99	1
224.43	0	3042.4	124.2	0.77	0.0	0.01	0.0	4	4617	-611.0	245.1	0.52	3042.43	1
224.53	0	3045.9	125.0	0.77	0.0	0.01	0.0	4	4649	-608.9	242.4	0.4	3045.88	1
224.63	0	3049.4	125.8	0.77	0.0	0.01	0.0	4	4681	-606.8	239.6	0.28	3049.37	1
224.73	0	3052.9	126.6	0.77	0.0	0.01	0.0	4	4711	-604.7	236.8	0.17	3052.87	1
224.83	0	3056.4	127.4	0.77	0.0	0.05	0.0	4	4747	-602.5	234.0	0.06	3056.4	1
224.93	0	3060.0	128.3	0.77	0.0	0.05	0.0	4	4780	-600.3	231.2	-0.03	3059.95	1
225.03	0	3063.5	129.1	0.77	0.0	0.06	0.0	4	4814	-598.1	228.4	-0.09	3063.52	1
225.13	0	3067.1	129.9	0.78	0.0	0.09	0.0	4	4853	-595.9	225.6	0.06	3067.12	1
225.23	0	3070.8	130.8	0.78	0.0	0.01	0.0	4	4888	-593.6	222.7	0.03	3070.82	1
225.33	0	3074.5	131.7	0.78	0.0	-0.02	0.0	4	4924	-591.3	219.9	-0.08	3074.46	1
225.43	0	3078.1	132.6	0.78	0.0	-0.05	0.0	4	4953	-588.9	217.1	-0.14	3078.13	1
225.53	0	3081.8	133.5	0.78	0.0	-0.0	0.0	4	4998	-586.5	214.3	-0.19	3081.82	1
225.63	0	3085.5	134.5	0.78	0.0	-0.0	0.0	4	5023	-584.1	211.5	-0.23	3085.55	1
225.73	0	3089.3	135.4	0.78	0.0	0.0	0.0	4	5059	-581.6	208.6	-0.27	3089.31	1
225.83	0	3093.1	136.3	0.78	0.0	0.0	0.0	4	5098	-579.2	205.7	-0.32	3093.09	1
225.93	0	3096.9	137.3	0.78	0.0	0.0	0.0	4	5135	-576.7	202.8	-0.36	3096.88	1
226.03	0	3100.7	138.2	0.78	0.0	0.0	0.0	4	5171	-574.3	199.9	-0.41	3100.69	1
226.13	0	3104.5	139.2	0.78	0.0	0.0	0.0	4	5211	-571.8	197.0	-0.45	3104.54	1
226.24	0	3108.6	140.3	0.78	0.0	0.0	0.0	4	5230	-569.1	193.9	-0.48	3108.64	1
226.34	0	3112.5	141.1	0.78	0.0	0.0	0.0	4	5310	-566.6	190.9	-0.51	3112.55	1
226.44	0	3116.5	142.1	0.78	0.0	0.0	0.0	4	5357	-564.0	187.9	-0.53	3116.49	1
226.54	0	3120.4	143.2	0.8	0.0	0.0	0.0	4	5266	-561.4	184.9	-0.55	3120.45	1
226.64	0	3124.4	144.0	0.86	0.0	0.0	0.0	4	5488	-558.8	181.9	-0.56	3124.44	1
226.74	0	3128.5	145.1	0.86	0.0	-0.02	0.0	4	5559	-556.2	178.9	-0.57	3128.45	1
226.87	0	3133.8	146.9	0.86	0.0	-0.02	0.0	4	5541	-552.7	174.8	-0.59	3133.79	1
226.94	0	3136.6	147.8	0.86	0.0	-0.02	0.0	4	5574	-550.9	172.7	-0.61	3136.59	1
227.04	0	3140.7	149.0	0.86	0.0	0.01	0.0	4	5629	-548.2	169.6	-0.66	3140.71	1
227.14	0	3144.9	150.2	0.86	0.0	0.01	0.0	4	5681	-545.5	166.4	-0.71	3144.86	1
227.24	0	3149.2	151.5	0.88	0.0	0.02	0.0	4	5741	-542.7	163.1	-0.78	3149.21	1
227.34	0	3153.4	152.8	0.88	0.0	0.02	0.0	4	5792	-540.0	159.8	-0.84	3153.43	1
227.44	0	3157.7	154.1	0.88	0.0	0.03	0.0	4	5844	-537.2	156.6	-0.91	3157.7	1
227.54	0	3162.0	155.4	0.88	0.0	0.01	0.0	4	5898	-534.5	153.3	-0.96	3162.0	1
227.64	0	3166.3	156.8	0.88	0.0	0.0	0.0	4	5951	-531.6	150.0	-1.0	3166.34	1
227.74	0	3170.7	158.1	0.88	0.0	0.0	0.0	4	6003	-528.8	146.7	-1.02	3170.72	1
227.84	0	3175.1	159.4	0.88	0.0	0.0	0.0	4	6057	-525.9	143.3	-1.03	3175.11	1
227.94	0	3179.6	160.7	0.88	0.0	0.0	0.0	4	6110	-523.0	140.0	-1.02	3179.56	1
228.04	0	3184.0	162.1	0.88	0.0	0.0	0.0	4	6164	-520.0	136.6	-1.0	3184.04	1
228.14	0	3188.6	163.5	0.88	0.0	0.0	0.0	4	6216	-517.0	133.2	-0.97	3188.6	1
228.24	0	3193.3	164.8	0.88	0.0	0.0	0.0	4	6272	-513.9	129.7	-0.92	3193.28	1
228.34	0	3197.9	166.2	0.88	0.0	0.0	0.0	4	6326	-510.8	126.3	-0.86	3197.88	1
228.44	0	3202.5	167.5	0.88	0.0	0.0	0.0	4	6380	-507.8	122.8	-0.79	3202.51	1
228.54	0	3207.2	168.9	0.88	0.0	0.0	0.0	4	6434	-504.6	119.3	-0.71	3207.19	1
228.64	0	3211.9	170.3	0.88	0.0	0.0	0.0	4	6489	-501.5	115.9	-0.61	3211.9	1
228.74	0	3216.6	171.6	0.88	0.0	0.0	0.0	4	6543	-498.3	112.3	-0.51	3216.64	1
228.84	0	3221.4	173.0	0.88	0.0	0.0	0.0	4	6596	-495.0	108.8	-0.4	3221.43	1
228.94	0	3226.2	174.5	0.88	0.0	0.0	0.0	4	6586	-491.8	105.2	-0.27	3226.24	1
229.04	0	3231.1	175.2	0.88	0.0	-0.01	0.0	4	6761	-488.5	101.7	-0.14	3231.11	1
229.14	0	3236.0	176.5	0.88	0.0	-0.03	0.0	4	6710	-485.2	98.1	0.0	3235.99	1
229.24	0	3241.0	177.9	0.88	0.0	-0.03	0.0	4	6756	-481.8	94.4	0.15	3241.01	1
229.34	0	3246.0	179.2	0.88	0.0	-0.03	0.0	4	6836	-478.4	90.7	0.28	3245.97	1
229.44	0	3251.0	180.5	0.84	0.0	-0.03	0.0	4	6892	-475.1	87.0	0.4	3250.96	1
229.54	0	3256.0	181.8	0.84	0.0	-0.0	0.0	4	6934	-471.7	83.3	0.49	3255.99	1
229.64	0	3261.1	183.1	0.84	0.0	0.02	0.0	4	6982	-468.3	79.5	0.55	3261.06	1
229.74	0	3266.2	184.3	0.84	0.0	0.02	0.0	4	7029	-465.0	75.7	0.58	3266.16	1
229.84	0	3271.3	185.4	0.84	0.0	0.02	0.0	4	7132	-461.6	71.8	0.59	3271.29	1
229.94	0	3276.5	186.8	0.85	0.0	0.02	0.0	4	7119	-458.2	67.9	0.57	3276.47	1
230.04	0	3281.7	188.1	0.84	0.0	-0.0	0.0	4	7157	-454.8	63.9	0.55	3281.68	1
230.14	0	3286.9	189.3	0.84	0.0	-0.0	0.0	4	7214	-451.4	60.0	0.52	3286.92	1
230.24	0	3292.2	190.5	0.84	0.0	-0.0	0.0	4	7265	-448.0	56.0	0.48	3292.19	1
230.35	0	3297.6	191.8	0.84	0.0	-0.0	0.0	4	7312	-444.4	51.9	0.45	3297.59	1
230.45	0	3302.9	193.0	0.84	0.0	-0.02	0.0	4	7361	-441.0	47.8	0.42	3302.94	1
230.55	0	3308.3	194.3	0.84	0.0	-0.02	0.0	4	7408	-437.5	43.7	0.39	3308.32	1
230.65	0	3313.7	195.5	0.84	0.0	0.01	0.0	4	7457	-433.9	39.6	0.35	3313.74	1
230.75	0	3319.2	196.0	0.84	0.0	0.01	0.0	4	7485	-430.4	35.5	0.31	3319.17	1
230.85	0	3324.6	197.4	0.84	0.0	0.01	0.0	4	7418	-426.9	31.3	0.25	3324.63	1
230.95	0	3330.1	198.5	0.85	0.0	0.02	0.0	4	7538	-423.3	27.2	0.19	3330.13	1
231.05	0	3335.7	199.1	0.84	0.0	0.02	0.0	4	7670	-419.7	22.9	0.13	3335.67	1
231.14	0	3341.1	200.4	0.84	0.0	0.02	0.0	4	7566	-416.1	18.8	0.08	3341.15	1
231.24	0	3346.7	201.5	0.84	0.0	0.02	0.0	4	7656	-412.5	14.5	0.05	3346.73	1
231.36	0	3353.0	202.8	0.84	0.0	0.02	0.0	4	7755	-408.4	9.8	0.04	3353.02	1
231.46	0	3358.9	204.0	0.84	0.0	-0.0	0.0	4	7806	-404.5	5.3	0.06	3358.93	1
231.56	0	3364.6	205.1	0.84	0.0	-0.01	0.0	4	7846	-400.7	1.1	0.11	3364.62	1
231.66	0	3370.4	206.3	0.84	0.0	-0.01	0.0	4	7888	-396.9	-3.2	0.2	3370.4	1
231.76	0	3376.1	207.4	0.84	0.0	-0.01	0.0	4	7927	-393.1	-7.4	0.31	3376.07	1
231.86	0	3381.9	208.6	0.84	0.0	-0.03	0.0	4	7968	-389.2	-11.7	0.45	3381.85	1
231.96	0	3387.7	209.7	0.84	0.0	-0.03	0.0	4	8008	-385.2	-16.0	0.59	3387.67	1
232.06	0	3393.5	210.9	0.84	0.0	-0.04	0.0	4	8047	-381.3	-20.3	0.7	3393.5	1
232.16	0	3399.4	212.0	0.84	0.0	-0.0	0.0	4	8093	-377.3	-24.6	0.8	3399.38	1
232.26	0	3405.3	213.1	0.84	0.0	-0.0	0.0	4	8138	-373.3	-29.0	0.89	3405.28	1
232.36	0	3411.2	214.2	0.84	0.0	0.0	0.0	4	8181	-369.3	-33.4	0.96	3411.22	1
232.46	0	3417.2	215.3	0.84	0.0	0.0	0.0	4	8223	-365.3	-37.8	1.06	3417.18	1
232.56	0	3423.2	216.3	0.84	0.0	0.0	0.0	4	8264	-361.4	-42.3	1.15	3423.17	1
232.66	0	3429.2	217.4	0.84	0.0	0.0	0.0	4	8303	-357.3	-46.8	1.22	3429.21	1
232.76	0	3435.2	218.5	0.85	0.0	0.0	0.0	4	8343	-353.4	-51.3	1.27	3435.25	1
232.86	0	3441.3	219.5	0.84	0.0	0.0	0.0	4	8380	-349.3	-55.9	1.31	3441.33	1
232.96	0	3447.4	220.6	0.84	0.0	0.0	0.0	4	8419	-345.3	-60.5	1.33	3447.45	1
233.06	0	3453.6	221.6	0.77	0.0	0.02	0.0	4	8414	-341.3	-65.2	1.34	3453.59	1
233.16	0	3459.8	222.3	0.69	0.0	0.02	0.0	4	8379	-337.2	-69.8	1.35	3459.75	1
233.26	0	3465.9	222.9	0.68	0.0	0.02	0.0	4	8374	-333.2	-74.5	1.37	3465.94	1
233.36	0	3472.2	223.5	0.66	0.0	0.04	0.0	4	8323	-329.1	-79.1	1.24	3472.19	1
233.46	0	3478.4	223.6	0.62	0.0	0.09	0.0	4	8398	-325.0	-83.8	1.06	3478.4	1
233.56	0	3484.6	223.9	0.62	0.0	0.05	0.0	4	8403	-320.8	-88.4	0.92	3484.61	1
233.66	0	3490.8	224.1	0.62	0.0	0.05	0.0	4	8385	-316.6	-93.0	0.85	3490.83	1
233.76	0	3497.1	224.2	0.62	0.0	0.05	0.0	4	8426	-312.4	-97.6	0.85	3497.06	1
233.86	0	3503.3	224.3	0.62	0.0	0.01	0.0	4	8446	-308.1	-102.1	0.94	3503.29	1
233.96	0	3509.5	224.4	0.62	0.0	-0.01	0.0	4	8430	-303.7	-106.5	1.11	3509.52	1
234.06	0	3515.8	224.5	0.62	0.0	0.0	0.0	4	8454	-299.2	-110.9	1.1	3515.83	1
234.16	0	3522.1	224.6	0.62	0.0	0.0	0.0	4	8448	-294.7	-115.2	1.01	3522.07	1
234.26	0	3528.3	224.8	0.62	0.0	0.0	0.0	4	8424	-290.2	-119.4	1.0	3528.32	1
234.36	0	3534.6	225.0	0.62	0.0	0.0	0.0	4	8442	-285.5	-123.6	1.07	3534.57	1
234.46	0	3540.8	225.2	0.62	0.0	0.02	0.0	4	8436	-280.9	-127.8	1.21	3540.83	1
234.56	0	3547.1	225.4	0.62	0.0	0.02	0.0	4	8423	-276.2	-131.9	1.41	3547.07	1
234.66	0	3553.3	225.6	0.64	0.0	0.02	0.0	4	8456	-271.4	-136.0	1.66	3553.33	1
234.76	0	3559.7	225.9	0.65	0.0	0.02	0.0	4	8477	-266.6	-140.0	1.66	3559.74	1
234.86	0	3566.0	226.3	0.67	0.0	0.02	0.0	4	8496	-261.8	-144.0	1.52	3566.02	1
234.96	0	3572.3	226.7	0.74	0.0	-0.0	0.0	4	8560	-256.9	-148.0	1.43	3572.31	1
235.06	0	3578.6	227.3	0.74	0.0	-0.0	0.0	4	8597	-252.0	-151.9	1.39	3578.62	1
235.16	0	3585.0	227.9	0.74	0.0	-0.0	0.0	4	8615	-247.0	-155.9	1.38	3585.0	1
235.26	0	3591.3	228.5	0.74	0.0	-0.0	0.0	4	8644	-242.0	-159.8	1.42	3591.33	1
235.36	0	3597.7	229.2	0.75	0.0	-0.0	0.0	4	8663	-236.9	-163.7	1.49	3597.69	1
235.46	0	3604.2	229.8	0.75	0.0	0.05	0.0	4	8685	-231.9	-167.6	1.24	3604.18	1
235.56	0	3610.6	230.4	0.75	0.0	0.06	0.0	4	8716	-226.8	-171.4	0.88	3610.56	1
235.66	0	3617.0	230.9	0.75	0.0	0.1	0.0	4	8742	-221.6	-175.2	0.57	3616.96	1
235.76	0	3623.4	231.3	0.71	0.0	0.1	0.0	4	8773	-216.4	-179.0	0.32	3623.38	1
235.86	0	3629.8	231.6	0.69	0.0	0.05	0.0	4	8792	-211.2	-182.7	0.15	3629.81	1
235.96	0	3636.2	231.7	0.69	0.0	0.01	0.0	4	8826	-205.9	-186.4	0.08	3636.24	1
236.06	0	3642.7	231.8	0.69	0.0	0.0	0.0	4	8853	-200.5	-189.9	0.11	3642.68	1
236.16	0	3649.1	231.7	0.69	0.0	0.0	0.0	4	8844	-195.1	-193.4	-0.13	3649.11	1
236.26	0	3655.6	231.5	0.69	0.0	0.0	0.0	4	8829	-189.6	-196.8	-0.32	3655.55	1
236.37	0	3662.3	231.1	0.69	0.0	0.0	0.0	4	8808	-183.8	-200.2	-0.39	3662.35	1
236.47	0	3668.8	230.7	0.66	0.0	-0.04	0.0	4	8776	-178.2	-203.4	-0.33	3668.76	1
236.57	0	3675.2	230.2	0.58	0.0	-0.14	0.0	4	8731	-172.5	-206.4	-0.15	3675.17	1
236.67	0	3681.5	229.5	0.42	0.0	-0.1	0.0	4	8648	-166.9	-209.3	0.14	3681.53	1
236.77	0	3687.9	228.6	0.11	0.0	-0.21	0.0	4	8336	-161.2	-212.1	0.52	3687.91	1
236.87	0	3694.2	226.9	0.0	0.0	-0.07	0.0	4	7996	-155.4	-214.8	0.71	3694.24	1
236.97	0	3700.5	224.8	0.0	0.0	-0.1	0.0	4	7837	-149.7	-217.4	1.01	3700.5	1
237.07	0	3706.7	222.6	0.0	0.0	-0.14	0.0	4	7751	-144.0	-219.8	1.41	3706.73	1
237.17	0	3712.9	220.6	0.0	0.0	-0.09	0.0	4	7704	-138.3	-222.1	1.84	3712.86	1
237.27	0	3718.9	218.6	0.0	0.0	-0.07	0.0	4	7679	-132.6	-224.3	2.36	3718.94	1
237.37	0	3725.3	216.6	0.0	0.0	-0.02	0.0	4	7654	-126.6	-226.4	2.9	3725.34	1
237.47	0	3731.3	214.9	0.0	0.0	-0.0	0.0	4	7632	-121.0	-228.4	3.32	3731.32	1
237.57	0	3737.3	213.3	0.0	0.0	-0.0	0.0	4	7581	-115.4	-230.4	3.76	3737.26	1
237.67	0	3743.3	211.8	0.0	0.0	-0.0	0.0	4	7527	-109.8	-232.3	4.06	3743.34	1
237.77	0	3749.2	210.2	0.08	0.0	0.0	0.0	4	7511	-104.3	-234.3	4.19	3749.2	1
237.87	0	3755.0	209.0	0.14	0.0	0.0	0.0	4	7500	-98.8	-236.3	4.29	3755.03	1
237.97	0	3760.9	207.9	0.14	0.0	0.0	0.0	4	7472	-93.3	-238.2	4.32	3760.91	1
238.07	0	3766.7	206.8	0.16	0.0	0.0	0.0	4	7445	-87.9	-240.2	4.27	3766.66	1
238.17	0	3772.4	205.8	0.16	0.0	0.0	0.0	4	7409	-82.5	-242.1	4.22	3772.4	1
238.27	0	3778.1	204.8	0.16	0.0	0.0	0.0	4	7373	-77.2	-244.1	4.14	3778.13	1
238.38	0	3784.0	203.8	0.23	0.0	0.04	0.0	4	7361	-71.7	-246.1	4.04	3783.97	1
238.48	0	3789.6	203.1	0.3	0.0	0.1	0.0	4	7377	-66.4	-248.0	3.96	3789.62	1
238.58	0	3795.3	202.5	0.32	0.0	0.1	0.0	4	7384	-61.1	-249.8	3.85	3795.32	1
238.68	0	3800.9	202.0	0.32	0.0	0.01	0.0	4	7374	-55.7	-251.6	3.76	3800.93	1
238.78	0	3806.7	201.5	0.32	0.0	-0.01	0.0	4	7353	-50.4	-253.4	3.72	3806.69	1
238.88	0	3812.3	201.0	0.32	0.0	-0.05	0.0	4	7330	-45.1	-255.1	3.51	3812.29	1
238.98	0	3817.9	200.5	0.33	0.0	-0.05	0.0	4	7309	-39.8	-256.7	3.35	3817.85	1
239.08	0	3823.5	200.1	0.33	0.0	0.02	0.0	4	7294	-34.4	-258.3	3.14	3823.54	1
239.18	0	3829.1	199.6	0.36	0.0	0.08	0.0	4	7289	-29.1	-259.9	2.81	3829.09	1
239.28	0	3834.6	199.3	0.41	0.0	0.14	0.0	4	7314	-23.8	-261.4	2.5	3834.61	1
239.38	0	3840.3	199.1	0.43	0.0	0.14	0.0	4	7336	-18.4	-263.0	2.15	3840.28	1
239.48	0	3845.8	198.8	0.43	0.0	0.05	0.0	4	7340	-13.1	-264.4	1.81	3845.8	1
239.58	0	3851.3	198.6	0.43	0.0	0.0	0.0	4	7335	-7.7	-265.7	1.56	3851.32	1
239.68	0	3856.9	198.4	0.43	0.0	-0.05	0.0	4	7323	-2.3	-267.0	1.22	3856.87	1
239.78	0	3862.4	198.2	0.43	0.0	-0.05	0.0	4	7307	3.0	-268.2	0.93	3862.37	1
239.88	0	3867.9	198.1	0.43	0.0	-0.0	0.0	4	7287	8.4	-269.3	0.72	3867.86	1
239.98	0	3873.4	197.9	0.43	0.0	0.0	0.0	4	7277	13.8	-270.4	0.55	3873.37	1
240.08	0	3878.9	197.9	0.43	0.0	0.0	0.0	4	7270	19.2	-271.4	0.29	3878.87	1
240.18	0	3884.4	197.8	0.43	0.0	0.1	0.0	4	7265	24.6	-272.4	-0.02	3884.37	1
240.28	0	3889.8	197.6	0.43	0.0	0.12	0.0	4	7268	30.0	-273.4	-0.29	3889.85	1
240.39	0	3896.3	197.4	0.43	0.0	0.05	0.0	4	7266	36.4	-274.5	-0.54	3896.27	1
240.49	0	3901.8	197.3	0.43	0.0	0.05	0.0	4	7271	41.8	-275.4	-0.58	3901.77	1
240.59	0	3907.2	197.1	0.43	0.0	0.05	0.0	4	7265	47.2	-276.2	-0.49	3907.24	1
240.69	0	3912.7	196.9	0.43	0.0	0.01	0.0	4	7257	52.6	-276.9	-0.32	3912.71	1
240.79	0	3918.2	196.7	0.43	0.0	0.01	0.0	4	7250	58.0	-277.5	-0.08	3918.17	1
240.89	0	3923.6	196.6	0.45	0.0	0.01	0.0	4	7253	63.5	-278.1	0.08	3923.64	1
240.99	0	3929.1	196.6	0.45	0.0	0.01	0.0	4	7247	68.9	-278.6	0.13	3929.1	1
241.09	0	3934.6	196.6	0.47	0.0	0.01	0.0	4	7249	74.4	-279.1	0.22	3934.56	1
241.19	0	3940.0	196.6	0.47	0.0	0.01	0.0	4	7248	79.8	-279.5	0.34	3940.05	1
241.29	0	3945.5	196.7	0.48	0.0	0.09	0.0	4	7259	85.2	-280.0	0.44	3945.5	1
241.39	0	3951.0	196.7	0.51	0.0	0.06	0.0	4	7281	90.7	-280.3	0.36	3950.96	1
241.5	0	3956.5	196.9	0.51	0.0	0.02	0.0	4	7291	96.2	-280.7	0.31	3956.48	1
241.6	0	3961.9	197.0	0.51	0.0	0.01	0.0	4	7299	101.7	-280.9	0.32	3961.94	1
241.7	0	3967.4	197.1	0.51	0.0	0.0	0.0	4	7299	107.1	-281.2	0.38	3967.43	1
241.8	0	3972.9	197.2	0.51	0.0	-0.01	0.0	4	7303	112.6	-281.3	0.22	3972.93	1
241.9	0	3978.4	197.4	0.51	0.0	-0.01	0.0	4	7304	118.1	-281.5	0.1	3978.43	1
242.0	0	3983.9	197.5	0.51	0.0	-0.01	0.0	4	7305	123.6	-281.6	-0.0	3983.91	1
242.1	0	3989.4	197.7	0.55	0.0	-0.01	0.0	4	7323	129.1	-281.7	-0.08	3989.39	1
242.2	0	3994.9	197.9	0.56	0.0	-0.01	0.0	4	7379	134.6	-281.7	-0.15	3994.91	1
242.3	0	4000.4	198.3	0.58	0.0	0.01	0.0	4	7364	140.1	-281.8	-0.23	4000.4	1
242.4	0	4005.9	198.7	0.58	0.0	0.01	0.0	4	7398	145.6	-281.9	-0.35	4005.91	1
242.5	0	4011.5	199.0	0.58	0.0	0.01	0.0	4	7415	151.1	-282.0	-0.47	4011.46	1
242.6	0	4017.0	199.4	0.58	0.0	0.01	0.0	4	7405	156.7	-282.1	-0.6	4016.98	1
242.7	0	4022.6	199.8	0.58	0.0	0.01	0.0	4	7430	162.3	-282.2	-0.73	4022.6	1
242.8	0	4028.1	200.2	0.58	0.0	0.01	0.0	4	7449	167.8	-282.3	-0.85	4028.1	1
242.9	0	4033.6	200.6	0.58	0.0	0.01	0.0	4	7464	173.3	-282.4	-0.9	4033.61	1
243.0	0	4039.2	200.9	0.58	0.0	-0.02	0.0	4	7476	178.9	-282.4	-0.92	4039.2	1
243.1	0	4044.8	201.3	0.58	0.0	-0.02	0.0	4	7490	184.5	-282.5	-0.94	4044.78	1
243.2	0	4050.4	201.7	0.6	0.0	-0.02	0.0	4	7511	190.1	-282.6	-0.96	4050.4	1
243.3	0	4056.0	202.1	0.62	0.0	-0.02	0.0	4	7540	195.7	-282.6	-0.97	4055.99	1
243.4	0	4061.6	202.6	0.64	0.0	-0.02	0.0	4	7574	201.3	-282.7	-1.0	4061.6	1
243.5	0	4067.3	203.2	0.66	0.0	-0.02	0.0	4	7582	206.9	-282.8	-1.03	4067.25	1
243.6	0	4072.9	203.7	0.66	0.0	0.02	0.0	4	7668	212.6	-282.9	-1.08	4072.89	1
243.7	0	4078.6	204.3	0.66	0.0	0.05	0.0	4	7646	218.2	-283.1	-1.14	4078.57	1
243.8	0	4084.2	204.8	0.62	0.0	0.01	0.0	4	7643	223.9	-283.2	-1.22	4084.25	1
243.9	0	4089.9	205.3	0.62	0.0	0.01	0.0	4	7663	229.6	-283.3	-1.29	4089.94	1
244.0	0	4095.6	205.7	0.61	0.0	0.0	0.0	4	7674	235.3	-283.5	-1.63	4095.58	1
244.1	0	4101.3	206.1	0.61	0.0	0.0	0.0	4	7687	241.0	-283.6	-1.99	4101.28	1
244.2	0	4107.0	206.5	0.61	0.0	0.0	0.0	4	7701	246.8	-283.7	-2.33	4107.01	1
244.3	0	4112.7	206.9	0.61	0.0	0.0	0.0	4	7716	252.5	-283.7	-2.66	4112.73	1
244.4	0	4118.5	207.3	0.61	0.0	0.0	0.0	4	7730	258.3	-283.8	-2.96	4118.48	1
244.5	0	4124.3	207.7	0.61	0.0	0.02	0.0	4	7746	264.1	-283.8	-3.19	4124.34	1
244.6	0	4130.1	208.1	0.61	0.0	-0.0	0.0	4	7759	269.8	-283.8	-3.33	4130.12	1
244.7	0	4135.9	208.5	0.61	0.0	-0.0	0.0	4	7775	275.6	-283.8	-3.44	4135.88	1
244.8	0	4141.7	208.8	0.61	0.0	-0.0	0.0	4	7789	281.4	-283.8	-3.54	4141.69	1
244.91	0	4148.1	209.3	0.61	0.0	-0.0	0.0	4	7804	287.9	-283.7	-3.63	4148.13	1
245.01	0	4154.0	209.6	0.61	0.0	-0.01	0.0	4	7817	293.7	-283.7	-3.69	4153.96	1
245.11	0	4159.7	210.0	0.61	0.0	-0.03	0.0	4	7830	299.5	-283.6	-3.74	4159.75	1
245.21	0	4166.0	210.4	0.61	0.0	-0.0	0.0	4	7844	305.7	-283.5	-3.79	4166.01	1
245.31	0	4171.9	210.8	0.61	0.0	0.0	0.0	4	7858	311.6	-283.4	-3.84	4171.86	1
245.41	0	4177.7	211.2	0.61	0.0	0.0	0.0	4	7872	317.4	-283.3	-3.86	4177.74	1
245.51	0	4183.6	211.5	0.61	0.0	0.0	0.0	4	7885	323.3	-283.3	-3.87	4183.63	1
245.61	0	4189.5	211.9	0.61	0.0	0.0	0.0	4	7899	329.2	-283.2	-3.88	4189.53	1
245.71	0	4195.4	212.2	0.61	0.0	0.0	0.0	4	7912	335.1	-283.2	-3.9	4195.4	1
245.81	0	4201.3	212.6	0.61	0.0	0.0	0.0	4	7925	341.0	-283.1	-3.91	4201.31	1
245.91	0	4207.2	212.9	0.63	0.0	0.0	0.0	4	7945	346.9	-283.0	-3.92	4207.19	1
246.01	0	4213.1	213.4	0.64	0.0	0.0	0.0	4	7977	352.8	-282.9	-3.92	4213.13	1
246.11	0	4219.1	213.8	0.64	0.0	0.0	0.0	4	7995	358.8	-282.9	-3.91	4219.07	1
246.21	0	4225.0	214.3	0.64	0.0	0.0	0.0	4	8012	364.7	-282.8	-3.89	4225.04	1
246.31	0	4231.0	214.7	0.64	0.0	-0.02	0.0	4	8028	370.7	-282.7	-3.78	4231.02	1
246.41	0	4237.0	215.1	0.64	0.0	-0.03	0.0	4	8045	376.6	-282.5	-3.67	4236.98	1
246.52	0	4243.3	215.6	0.64	0.0	-0.03	0.0	4	8061	382.9	-282.4	-3.55	4243.3	1
246.62	0	4249.3	216.0	0.64	0.0	-0.03	0.0	4	8079	388.9	-282.3	-3.45	4249.3	1
246.72	0	4255.3	216.4	0.64	0.0	-0.03	0.0	4	8099	394.9	-282.2	-3.36	4255.28	1
246.82	0	4261.3	216.8	0.64	0.0	-0.03	0.0	4	8121	401.0	-282.2	-3.31	4261.32	1
246.92	0	4267.4	217.2	0.64	0.0	-0.0	0.0	4	8139	407.0	-282.2	-3.31	4267.36	1
247.02	0	4273.4	217.6	0.64	0.0	-0.0	0.0	4	8155	413.0	-282.2	-3.35	4273.39	1
247.12	0	4279.5	217.9	0.64	0.0	-0.0	0.0	4	8167	419.1	-282.3	-3.42	4279.46	1
247.22	0	4285.5	218.3	0.64	0.0	-0.0	0.0	4	8178	425.1	-282.4	-3.52	4285.51	1
247.32	0	4291.6	218.7	0.64	0.0	0.0	0.0	4	8189	431.2	-282.6	-3.66	4291.58	1
247.42	0	4297.7	219.1	0.64	0.0	0.0	0.0	4	8200	437.3	-282.8	-3.84	4297.66	1
247.52	0	4304.0	219.5	0.64	0.0	0.01	0.0	4	8211	443.6	-283.1	-4.05	4303.99	1
247.62	0	4310.1	219.9	0.64	0.0	0.01	0.0	4	8223	449.7	-283.3	-4.27	4310.08	1
247.72	0	4316.2	220.3	0.58	0.0	0.05	0.0	4	8207	455.8	-283.6	-4.51	4316.19	1
247.82	0	4322.3	220.4	0.52	0.0	0.05	0.0	4	8175	461.9	-283.9	-4.74	4322.3	1
247.92	0	4328.4	220.5	0.51	0.0	0.02	0.0	4	8157	468.0	-284.1	-4.95	4328.43	1
248.02	0	4334.5	220.4	0.49	0.0	0.01	0.0	4	8141	474.2	-284.3	-5.17	4334.52	1
248.12	0	4340.6	220.2	0.49	0.0	0.01	0.0	4	8137	480.3	-284.5	-5.35	4340.64	1
248.22	0	4346.7	220.1	0.49	0.0	0.01	0.0	4	8132	486.4	-284.7	-5.49	4346.75	1
248.32	0	4352.9	220.0	0.49	0.0	0.01	0.0	4	8127	492.5	-284.8	-5.6	4352.86	1
248.42	0	4359.0	219.9	0.49	0.0	0.01	0.0	4	8123	498.6	-284.9	-5.67	4358.98	1
248.53	0	4365.4	219.8	0.49	0.0	0.01	0.0	4	8118	505.0	-284.9	-5.71	4365.4	1
248.63	0	4371.5	219.7	0.49	0.0	0.01	0.0	4	8114	511.1	-284.9	-5.71	4371.52	1
248.73	0	4377.7	219.6	0.49	0.0	0.01	0.0	4	8110	517.3	-284.9	-5.69	4377.65	1
248.83	0	4383.7	219.5	0.47	0.0	0.01	0.0	4	8096	523.3	-284.9	-5.65	4383.69	1
248.93	0	4389.8	219.4	0.47	0.0	0.01	0.0	4	8087	529.5	-284.8	-5.6	4389.81	1
249.03	0	4395.9	219.2	0.47	0.0	0.01	0.0	4	8083	535.5	-284.7	-5.52	4395.88	1
249.13	0	4402.0	219.1	0.47	0.0	0.01	0.0	4	8078	541.6	-284.6	-5.41	4401.96	1
249.23	0	4408.1	218.9	0.47	0.0	0.01	0.0	4	8072	547.7	-284.5	-5.29	4408.07	1
249.33	0	4414.1	218.8	0.45	0.0	0.01	0.0	4	8053	553.8	-284.3	-5.14	4414.15	1
249.44	0	4420.8	218.5	0.43	0.0	0.01	0.0	4	8031	560.5	-284.1	-4.95	4420.85	1
249.54	0	4427.2	218.2	0.38	0.0	0.01	0.0	4	7993	566.8	-283.9	-4.74	4427.18	1
249.64	0	4433.2	217.7	0.3	0.0	0.0	0.0	4	7936	572.9	-283.7	-4.53	4433.24	1
249.74	0	4439.3	216.9	0.11	0.0	0.0	0.0	4	7801	578.9	-283.4	-4.29	4439.28	1
249.84	0	4445.3	215.5	0.0	0.0	0.0	0.0	4	7674	584.9	-283.2	-4.04	4445.28	1
249.94	0	4451.2	213.9	0.0	0.0	0.0	0.0	4	7605	590.9	-282.9	-3.78	4451.22	1
250.04	0	4457.1	212.4	0.0	0.0	0.0	0.0	4	7549	596.8	-282.6	-3.51	4457.15	1
250.14	0	4463.0	210.8	0.0	0.0	0.0	0.0	4	7495	602.7	-282.3	-3.24	4463.01	1
250.24	0	4468.8	209.3	0.0	0.0	0.0	0.0	4	7441	608.5	-282.0	-2.97	4468.84	1
250.34	0	4474.6	207.7	0.0	0.0	0.0	0.0	4	7388	614.3	-281.8	-2.69	4474.63	1
250.44	0	4480.4	206.2	0.0	0.0	0.0	0.0	4	7335	620.0	-281.5	-2.41	4480.38	1
250.55	0	4486.3	204.7	0.0	0.0	0.0	0.0	4	7280	625.9	-281.2	-2.12	4486.29	1
250.65	0	4492.0	203.2	0.0	0.0	0.0	0.0	4	7228	631.6	-280.9	-1.83	4491.98	1
250.75	0	4497.6	201.7	0.0	0.0	0.0	0.0	4	7176	637.3	-280.5	-1.55	4497.64	1
250.85	0	4503.2	200.3	0.0	0.0	0.0	0.0	4	7126	642.8	-280.2	-1.26	4503.16	1
250.95	0	4508.7	198.6	0.0	0.11	0.0	0.0	4	7022	648.4	-279.9	-0.97	4508.71	1
251.05	0	4514.2	196.4	0.0	0.12	0.05	0.0	4	6923	653.8	-279.6	-0.67	4514.17	1
251.15	0	4519.6	194.1	0.0	0.12	0.03	0.0	4	6841	659.2	-279.3	-0.37	4519.58	1
251.25	0	4524.9	191.9	0.0	0.12	0.01	0.0	4	6763	664.6	-279.0	-0.05	4524.94	1
251.35	0	4530.2	189.7	0.0	0.12	0.01	0.04	4	6687	669.9	-278.6	0.29	4530.23	1
251.45	0	4535.5	187.5	0.0	0.12	0.0	0.22	4	6611	675.1	-278.3	0.65	4535.45	1
251.55	0	4540.7	185.4	0.0	0.12	0.0	0.82	4	6535	680.3	-277.9	1.02	4540.68	1
251.65	0	4545.7	183.5	0.0	0.12	0.0	1.0	4	6213	685.4	-277.5	1.41	4545.75	1
251.75	0	4550.8	181.9	0.0	0.09	0.0	1.0	3	5830	690.4	-277.1	1.8	4550.81	1
251.85	0	4555.8	180.5	0.0	0.09	-0.02	1.0	3	5470	695.5	-276.6	2.2	4555.83	1
251.95	0	4560.8	179.0	0.0	0.11	-0.03	1.0	3	5133	700.4	-276.2	2.61	4560.81	1
252.05	0	4565.7	177.5	0.0	0.11	-0.04	1.0	3	4816	705.4	-275.8	3.0	4565.74	1
252.15	0	4570.6	176.0	0.0	0.07	-0.07	1.0	3	4519	710.3	-275.4	3.37	4570.64	1
252.25	0	4575.5	175.2	0.0	0.0	-0.05	1.0	3	4240	715.1	-275.1	3.71	4575.51	1
252.35	0	4580.3	174.4	0.0	0.0	-0.02	1.0	3	3979	720.0	-274.8	4.01	4580.34	1
252.45	0	4585.2	173.7	0.0	0.0	-0.0	1.0	3	3731	724.9	-274.5	4.27	4585.23	1
252.55	0	4590.0	173.0	0.0	0.0	-0.0	1.0	3	3503	729.6	-274.3	4.48	4589.99	1
252.65	0	4594.8	172.2	0.0	0.0	-0.0	1.0	3	3287	734.4	-274.1	4.66	4594.78	1
252.75	0	4599.5	171.5	0.0	0.0	-0.0	1.0	3	3085	739.2	-273.9	4.81	4599.55	1
252.85	0	4604.3	170.8	0.0	0.0	-0.02	1.0	3	2894	743.9	-273.8	4.96	4604.31	1
252.95	0	4609.0	170.1	0.0	0.0	-0.05	1.0	3	2716	748.7	-273.6	5.08	4609.04	1
253.05	0	4613.8	169.4	0.0	0.0	-0.05	1.0	3	2548	753.4	-273.5	5.19	4613.76	1
253.15	0	4618.4	168.7	0.0	0.0	-0.05	1.0	3	2392	758.1	-273.4	5.26	4618.43	1
253.25	0	4623.1	168.0	0.0	0.0	-0.03	1.0	3	2244	762.7	-273.4	5.3	4623.12	1
253.35	0	4627.8	167.3	0.0	0.0	-0.0	1.0	3	2105	767.4	-273.4	5.29	4627.79	1
253.45	0	4632.4	166.6	0.0	0.0	-0.0	1.0	3	1981	772.0	-273.4	5.25	4632.42	1
253.55	0	4637.2	165.9	0.0	0.0	-0.0	1.0	3	1955	776.8	-273.4	5.17	4637.15	1
253.65	0	4641.7	165.3	0.0	0.0	0.0	1.0	3	1953	781.3	-273.5	5.08	4641.73	1
253.75	0	4646.3	164.6	0.0	0.0	0.0	1.0	3	1953	785.9	-273.6	4.98	4646.31	1
253.85	0	4650.9	164.0	0.0	0.0	0.0	1.0	3	1953	790.5	-273.7	4.87	4650.87	1
253.97	0	4656.5	163.2	0.0	0.0	0.0	1.0	3	1953	796.1	-273.8	4.74	4656.5	1
254.06	0	4660.4	162.6	0.0	0.0	0.0	1.0	3	1953	800.0	-273.9	4.65	4660.39	1
254.16	0	4664.9	162.0	0.0	0.0	0.0	1.0	3	1953	804.5	-274.0	4.55	4664.88	1
254.26	0	4669.4	161.3	0.0	0.0	0.0	1.0	3	1953	809.0	-274.1	4.46	4669.37	1
254.36	0	4673.9	160.6	0.0	0.07	0.0	1.0	3	1953	813.5	-274.1	4.38	4673.85	1
254.46	0	4678.3	159.5	0.0	0.07	-0.02	1.0	3	1953	817.9	-274.2	4.3	4678.29	1
254.56	0	4682.7	158.3	0.0	0.07	-0.02	1.0	3	1953	822.3	-274.3	4.22	4682.71	1
254.66	0	4687.1	157.2	0.0	0.07	-0.02	1.0	3	1953	826.7	-274.4	4.13	4687.11	1
254.76	0	4691.4	156.1	0.0	0.07	-0.02	1.0	3	1953	831.1	-274.4	4.03	4691.45	1
254.86	0	4695.8	154.9	0.0	0.07	-0.02	1.0	3	1953	835.4	-274.5	3.92	4695.78	1
254.96	0	4700.1	153.8	0.0	0.07	0.01	1.0	3	1953	839.7	-274.7	3.79	4700.06	1
255.06	0	4704.3	152.7	0.0	0.07	0.01	1.0	3	1953	843.9	-274.8	3.65	4704.31	1
255.17	0	4709.1	152.0	0.0	0.0	0.06	1.0	3	1953	848.7	-274.9	3.49	4709.06	1
255.27	0	4713.0	151.4	0.0	0.0	0.07	1.0	3	1953	852.7	-275.0	3.37	4713.04	1
255.37	0	4717.2	150.8	0.0	0.0	0.08	1.0	3	1953	856.9	-275.1	3.26	4717.24	1
255.47	0	4721.4	150.2	0.0	0.0	0.08	1.0	3	1953	861.0	-275.2	3.2	4721.42	1
255.57	0	4725.6	149.6	0.0	0.0	0.08	1.0	3	1953	865.2	-275.2	3.19	4725.56	1
255.67	0	4729.7	149.0	0.0	0.0	0.05	1.0	3	1953	869.4	-275.1	3.23	4729.75	1
255.77	0	4733.9	148.4	0.0	0.0	0.01	1.0	3	1953	873.5	-275.0	3.32	4733.86	1
255.87	0	4738.0	147.8	0.0	0.0	-0.05	1.0	3	1953	877.6	-274.8	3.46	4737.98	1
255.97	0	4742.1	147.2	0.0	0.0	-0.05	1.0	3	1953	881.7	-274.6	3.63	4742.08	1
256.07	0	4746.1	146.7	0.0	0.0	-0.05	1.0	3	1953	885.8	-274.4	3.81	4746.15	1
256.17	0	4750.2	146.1	0.0	0.0	-0.05	1.0	2	1953	889.8	-274.3	3.98	4750.21	1
256.27	0	4754.3	145.6	0.0	0.0	-0.05	1.0	2	1953	893.9	-274.1	4.12	4754.26	1
256.37	0	4758.3	145.0	0.0	0.0	-0.05	1.0	2	1953	897.9	-274.0	4.23	4758.29	1
256.47	0	4762.3	144.5	0.0	0.0	-0.0	1.0	2	1953	901.9	-273.9	4.29	4762.31	1
256.57	0	4766.5	143.9	0.0	0.0	-0.0	1.0	2	1953	906.1	-273.8	4.34	4766.5	1
256.67	0	4770.5	143.4	0.0	0.0	-0.0	1.0	2	1953	910.1	-273.8	4.35	4770.48	1
256.77	0	4774.5	142.9	0.0	0.0	-0.03	1.0	2	1953	914.1	-273.8	4.34	4774.46	1
256.87	0	4778.4	142.4	0.0	0.0	-0.04	1.0	2	1953	918.1	-273.8	4.33	4778.42	1
256.97	0	4782.4	141.8	0.0	0.0	-0.05	1.0	2	1953	922.0	-273.9	4.29	4782.36	1
257.07	0	4786.3	141.3	0.0	0.0	-0.07	1.0	2	1953	925.9	-273.9	4.23	4786.29	1
257.17	0	4790.2	140.8	0.0	0.0	-0.05	1.0	2	1953	929.8	-274.0	4.14	4790.22	1
257.27	0	4794.1	140.3	0.0	0.0	-0.07	1.0	2	1953	933.7	-274.2	3.99	4794.11	1
257.37	0	4798.0	139.7	0.0	0.0	-0.05	1.0	2	1953	937.6	-274.3	3.81	4798.0	1
257.47	0	4801.9	139.2	0.0	0.0	-0.03	1.0	2	1953	941.5	-274.5	3.58	4801.87	1
257.58	0	4806.0	138.7	0.0	0.0	-0.03	1.0	2	1953	945.5	-274.8	3.28	4806.05	1
257.68	0	4809.7	138.2	0.0	0.0	-0.03	1.0	2	1953	949.3	-275.1	2.86	4809.71	1
257.78	0	4813.2	137.6	0.0	0.0	-0.1	1.0	2	1953	953.2	-275.5	2.81	4813.24	1
257.88	0	4817.3	137.1	0.0	0.0	-0.14	1.0	2	1953	957.0	-275.8	2.64	4817.28	1
257.98	0	4820.9	136.5	0.0	0.0	-0.2	1.0	2	1953	960.7	-276.3	2.47	4820.91	1
258.08	0	4824.7	135.7	0.0	0.07	-0.23	1.0	2	1953	964.5	-276.8	2.29	4824.68	1
258.18	0	4828.4	134.3	0.0	0.09	-0.35	1.0	2	1953	968.2	-277.4	2.02	4828.42	1
258.28	0	4832.1	132.7	0.0	0.11	-0.37	1.0	2	1953	971.8	-278.1	1.65	4832.11	1
258.38	0	4835.5	131.0	0.0	0.11	-0.39	1.0	2	1953	975.4	-278.9	1.72	4835.51	1
258.48	0	4839.1	129.1	0.0	0.11	-0.41	1.0	2	1953	978.9	-279.9	1.68	4839.14	1
258.6	0	4843.6	127.5	0.0	0.07	-0.41	1.0	2	1953	983.1	-281.1	1.47	4843.55	1
258.67	0	4845.9	126.2	0.0	0.13	-0.41	1.0	2	1953	985.6	-282.0	1.32	4845.89	1
258.77	0	4849.4	124.2	0.0	0.13	-0.41	1.0	2	1953	988.8	-283.2	1.57	4849.38	1
258.87	0	4852.8	122.2	0.0	0.09	-0.42	1.0	2	1953	992.0	-284.5	1.7	4852.8	1
258.98	0	4856.2	120.3	0.0	0.09	-0.46	1.0	2	1953	995.1	-285.9	1.7	4856.18	1
259.07	0	4859.4	118.5	0.0	0.09	-0.46	1.0	2	1953	998.0	-287.4	1.6	4859.4	1
259.17	0	4862.5	116.6	0.0	0.13	-0.46	1.0	2	1953	1000.9	-289.0	1.89	4862.47	1
259.27	0	4865.7	114.6	0.0	0.13	-0.48	1.0	2	1953	1003.6	-290.7	2.07	4865.68	1
259.37	0	4868.8	112.6	0.0	0.13	-0.48	1.0	2	1953	1006.3	-292.4	2.12	4868.83	1
259.47	0	4871.9	110.7	0.0	0.14	-0.57	1.0	2	1953	1008.8	-294.2	2.06	4871.94	1
259.57	0	4874.7	108.6	0.0	0.17	-0.64	1.0	2	1953	1011.2	-296.0	2.13	4874.71	1
259.68	0	4877.8	106.3	0.0	0.18	-0.64	1.0	2	1953	1013.6	-298.0	2.23	4877.84	1
259.78	0	4880.8	104.0	0.0	0.21	-0.64	1.0	2	1953	1015.8	-300.0	2.22	4880.77	1
259.88	0	4883.6	101.4	0.0	0.23	-0.66	1.0	2	1953	1017.9	-301.9	2.1	4883.61	1
259.98	0	4886.4	99.0	0.0	0.18	-0.62	1.0	2	1953	1019.8	-303.9	1.88	4886.38	1
260.08	0	4888.7	96.8	0.0	0.18	-0.62	1.0	2	1953	1021.6	-305.9	1.99	4888.75	1
260.18	0	4891.4	94.6	0.0	0.16	-0.59	1.0	2	1953	1023.3	-308.0	2.06	4891.4	1
260.28	0	4894.0	92.6	0.0	0.16	-0.53	1.0	2	1953	1024.9	-310.1	2.01	4894.0	1
260.38	0	4896.5	90.8	0.0	0.11	-0.48	1.0	2	1953	1026.3	-312.2	1.86	4896.54	1
260.48	0	4899.1	89.7	0.0	0.0	-0.41	1.0	2	1953	1027.7	-314.3	1.59	4899.05	1
260.58	0	4901.3	89.0	0.09	0.0	-0.34	1.0	2	1963	1028.9	-316.4	1.46	4901.31	1
260.68	0	4903.9	88.4	0.28	0.0	-0.35	1.0	2	2004	1030.1	-318.7	1.3	4903.86	1
260.78	0	4906.3	87.7	0.38	0.0	-0.37	1.0	2	2065	1031.0	-321.0	1.03	4906.3	1
260.88	0	4908.7	87.2	0.48	0.0	-0.23	1.0	2	2188	1031.9	-323.2	0.66	4908.69	1
260.98	0	4911.1	86.7	0.39	0.0	-0.1	1.0	2	2304	1032.7	-325.5	0.19	4911.06	1
261.08	0	4913.5	86.3	0.36	0.0	-0.23	1.0	2	2367	1033.4	-327.8	-0.25	4913.45	1
261.18	0	4915.8	85.8	0.36	0.0	-0.16	1.0	2	2427	1034.0	-330.1	-0.5	4915.83	1
261.28	0	4918.2	85.5	0.33	0.0	-0.07	1.0	2	2480	1034.6	-332.4	-0.83	4918.19	1
261.38	0	4920.5	85.2	0.27	0.0	-0.2	1.0	2	2490	1035.0	-334.8	-1.21	4920.53	1
261.48	0	4922.8	84.9	0.36	0.0	-0.09	1.0	2	2517	1035.4	-337.1	-1.65	4922.84	1
261.58	0	4925.1	84.6	0.41	0.0	-0.02	1.0	2	2595	1035.8	-339.4	-2.13	4925.14	1
261.69	0	4928.0	84.3	0.41	0.0	-0.1	1.0	2	2679	1036.1	-341.8	-2.39	4927.99	1
261.79	0	4930.3	84.1	0.41	0.0	-0.07	1.0	2	2757	1036.4	-344.1	-2.52	4930.32	1
261.89	0	4932.7	83.8	0.41	0.0	-0.09	1.0	2	2832	1036.6	-346.4	-2.67	4932.65	1
261.99	0	4935.0	83.5	0.34	0.0	-0.19	1.0	2	2877	1036.8	-348.8	-2.86	4934.97	1
262.09	0	4937.3	83.2	0.33	0.0	-0.22	1.0	2	2909	1037.0	-351.1	-3.09	4937.27	1
262.19	0	4940.1	82.9	0.33	0.0	-0.18	1.0	2	2941	1037.1	-353.4	-3.34	4940.13	1
262.29	0	4942.4	82.6	0.33	0.0	-0.17	1.0	2	2980	1037.1	-355.7	-3.19	4942.43	1
262.39	0	4944.7	82.3	0.33	0.0	-0.05	1.0	2	3026	1037.1	-358.0	-2.8	4944.72	1
262.49	0	4947.0	82.0	0.34	0.0	-0.03	1.0	2	3092	1037.0	-360.3	-2.04	4947.0	1
262.59	0	4949.3	81.8	0.33	0.0	-0.07	1.0	2	3166	1036.9	-362.5	-1.12	4949.26	1
262.69	0	4951.6	81.5	0.27	0.0	-0.14	1.0	2	3208	1036.8	-364.8	-0.28	4951.55	1
262.79	0	4952.8	81.3	0.27	0.0	-0.17	1.0	2	3239	1036.6	-367.1	-0.89	4952.81	1
262.89	0	4957.5	81.0	0.27	0.0	-0.21	1.0	2	3273	1036.4	-369.3	-4.27	4957.48	1
262.99	0	4959.7	80.6	0.27	0.0	-0.23	1.0	2	3312	1036.1	-371.5	-4.12	4959.71	1
263.09	0	4962.0	80.3	0.27	0.0	-0.11	1.0	2	3356	1035.7	-373.7	-4.03	4961.95	1
263.19	0	4964.2	80.0	0.27	0.0	-0.07	1.0	2	3404	1035.3	-375.9	-4.0	4964.18	1
263.3	0	4966.6	79.8	0.27	0.0	-0.07	1.0	2	3464	1034.8	-378.3	-4.02	4966.62	1
263.4	0	4968.8	79.5	0.32	0.0	-0.05	1.0	2	3560	1034.4	-380.5	-4.07	4968.83	1
263.5	0	4971.0	79.3	0.32	0.0	-0.11	1.0	2	3692	1033.9	-382.6	-4.15	4971.04	1
263.6	0	4973.7	79.0	0.34	0.0	-0.17	1.0	2	3853	1033.3	-384.8	-4.15	4973.74	1
263.7	0	4975.9	78.7	0.4	0.0	-0.17	1.0	2	4101	1032.7	-386.9	-4.06	4975.94	1
263.8	0	4978.1	78.5	0.41	0.0	-0.1	1.0	2	4436	1032.1	-389.0	-4.02	4978.12	1
263.9	0	4980.3	78.2	0.45	0.0	-0.05	1.0	2	4868	1031.4	-391.0	-4.02	4980.3	1
264.0	0	4982.5	78.0	0.45	0.0	-0.05	1.0	2	5413	1030.7	-393.1	-4.05	4982.47	1
264.1	0	4984.6	77.8	0.45	0.0	-0.02	1.0	2	6026	1030.0	-395.1	-4.11	4984.63	1
264.2	0	4986.8	77.6	0.43	0.0	-0.0	1.0	2	6663	1029.3	-397.2	-4.18	4986.78	1
264.3	0	4988.9	77.4	0.44	0.0	-0.0	1.0	2	7312	1028.5	-399.2	-4.26	4988.93	1
264.4	0	4991.7	77.1	0.44	0.0	-0.1	1.0	2	7974	1027.8	-401.2	-4.14	4991.67	1
264.5	0	4993.8	76.9	0.45	0.0	-0.09	1.0	2	8628	1027.0	-403.2	-3.96	4993.8	1
264.6	0	4995.9	76.7	0.47	0.0	-0.12	1.0	2	9294	1026.2	-405.2	-3.81	4995.93	1
264.7	0	4998.1	76.4	0.47	0.0	-0.16	1.0	2	9542	1025.4	-407.1	-3.69	4998.06	1
264.8	0	5000.2	76.2	0.47	0.0	-0.16	1.0	2	9566	1024.5	-409.1	-3.61	5000.18	1
264.9	0	5002.3	75.9	0.47	0.0	-0.16	1.0	2	9568	1023.6	-411.0	-3.58	5002.29	1
265.0	0	5004.4	75.6	0.47	0.0	-0.16	1.0	2	9568	1022.7	-412.9	-3.59	5004.39	1
265.13	0	5007.6	75.3	0.47	0.0	-0.12	1.0	2	9568	1021.4	-415.3	-3.65	5007.63	1
265.23	0	5009.7	75.1	0.47	0.0	-0.12	1.0	2	9568	1020.4	-417.2	-3.52	5009.7	1
265.33	0	5011.8	74.8	0.47	0.0	-0.16	1.0	2	9568	1019.3	-419.0	-3.44	5011.78	1
265.43	0	5013.9	74.6	0.47	0.0	-0.16	1.0	2	9568	1018.3	-420.7	-3.4	5013.85	1
265.53	0	5015.9	74.3	0.47	0.0	-0.16	1.0	2	9568	1017.1	-422.5	-3.4	5015.92	1
265.63	0	5018.0	74.1	0.47	0.0	-0.16	1.0	2	9568	1016.0	-424.2	-3.45	5017.98	1
265.73	0	5020.0	73.8	0.47	0.0	-0.16	1.0	2	9568	1014.8	-425.8	-3.55	5020.04	1
265.83	0	5022.1	73.6	0.47	0.0	-0.1	1.0	2	9568	1013.6	-427.5	-3.68	5022.08	1
265.93	0	5024.7	73.4	0.47	0.0	-0.07	1.0	2	9568	1012.3	-429.1	-3.89	5024.69	1
266.03	0	5026.7	73.2	0.25	0.0	-0.0	0.95	2	9469	1011.0	-430.7	-3.8	5026.71	1
266.13	0	5028.8	75.1	0.0	0.0	-0.03	0.29	2	7731	1009.8	-432.3	-3.72	5028.77	1
266.23	0	5030.9	78.1	0.0	0.0	-0.0	0.0	2	5605	1008.4	-433.9	-3.65	5030.89	1
266.33	0	5033.1	79.9	0.0	0.0	-0.04	0.0	2	4528	1007.0	-435.6	-3.58	5033.1	1
266.43	0	5035.3	79.6	0.29	0.0	-0.05	0.0	2	4552	1005.6	-437.3	-3.54	5035.31	1
266.53	0	5037.5	79.9	0.41	0.0	-0.1	0.0	2	4627	1004.2	-439.0	-3.51	5037.52	1
266.63	0	5039.7	80.4	0.43	0.0	-0.11	0.0	2	4664	1002.7	-440.7	-3.5	5039.75	1
266.73	0	5042.5	80.9	0.43	0.0	-0.2	0.0	2	4701	1001.2	-442.4	-3.53	5042.54	1
266.83	0	5044.8	81.4	0.4	0.0	-0.21	0.0	2	4741	999.6	-444.0	-3.29	5044.76	1
266.93	0	5047.0	81.8	0.4	0.0	-0.2	0.0	2	4768	998.0	-445.6	-3.1	5047.03	1
267.03	0	5049.3	82.3	0.38	0.0	-0.21	0.18	2	4768	996.4	-447.2	-2.97	5049.31	1
267.13	0	5051.6	82.6	0.38	0.0	-0.21	0.73	2	4794	994.7	-448.7	-2.92	5051.6	1
267.23	0	5053.9	82.4	0.33	0.0	-0.19	1.0	2	5094	992.9	-450.2	-2.94	5053.9	1
267.33	0	5056.2	82.1	0.21	0.0	-0.1	1.0	2	5258	991.1	-451.6	-3.02	5056.17	1
267.43	0	5058.4	81.8	0.21	0.0	0.0	1.0	1	5341	989.3	-452.9	-3.15	5058.44	1
267.53	0	5060.7	81.6	0.21	0.0	0.07	1.0	1	5427	987.4	-454.3	-3.32	5060.71	1
267.63	0	5063.0	81.4	0.0	0.0	0.01	1.0	1	5312	985.6	-455.6	-3.49	5062.95	1
267.73	0	5065.2	81.1	0.0	0.0	0.01	1.0	1	4982	983.8	-456.9	-3.67	5065.22	1
267.83	0	5067.5	80.9	0.0	0.0	0.01	1.0	1	4675	981.9	-458.2	-3.84	5067.47	1
267.93	0	5070.2	80.5	0.08	0.0	-0.0	0.84	1	4590	980.1	-459.5	-3.76	5070.2	1
268.04	0	5072.6	77.8	0.09	0.0	-0.03	0.03	1	5386	978.2	-461.0	-3.64	5072.61	1
268.14	0	5074.7	76.6	0.14	0.0	-0.0	0.02	1	5599	976.4	-462.2	-3.54	5074.75	1
268.24	0	5076.9	76.3	0.2	0.0	0.0	0.02	1	5624	974.7	-463.4	-3.44	5076.87	1
268.34	0	5079.0	76.3	0.25	0.0	-0.05	0.02	1	5667	973.0	-464.7	-3.34	5078.98	1
268.44	0	5081.1	76.5	0.26	0.0	-0.07	0.02	1	5697	971.3	-465.9	-3.26	5081.1	1
268.54	0	5083.2	76.8	0.26	0.0	-0.09	0.02	1	5719	969.5	-467.1	-3.18	5083.23	1
268.64	0	5085.4	77.0	0.28	0.0	-0.09	0.02	1	5749	967.7	-468.3	-3.14	5085.37	1
268.74	0	5087.5	77.1	0.16	0.0	-0.1	0.02	1	5704	966.0	-469.5	-3.11	5087.49	1
268.84	0	5089.6	76.7	0.0	0.0	-0.1	0.02	1	5593	964.2	-470.6	-3.12	5089.65	1
268.94	0	5091.8	75.8	0.0	0.0	-0.03	0.32	1	5495	962.4	-471.8	-3.16	5091.77	1
269.04	0	5094.2	75.4	0.0	0.0	-0.02	1.0	1	5240	960.6	-472.9	-3.19	5094.24	1
269.14	0	5096.3	75.2	0.06	0.0	-0.0	1.0	1	4938	958.8	-473.9	-3.03	5096.31	1
269.24	0	5098.4	75.0	0.1	0.0	-0.02	1.0	2	4787	957.0	-475.0	-2.87	5098.39	1
269.34	0	5100.5	74.8	0.21	0.0	-0.03	1.0	2	4775	955.2	-476.0	-2.72	5100.47	1
269.44	0	5102.5	74.5	0.25	0.0	-0.11	1.0	2	4886	953.4	-477.1	-2.57	5102.53	1
269.54	0	5104.6	74.3	0.23	0.0	-0.2	1.0	2	5010	951.6	-478.1	-2.46	5104.6	1
269.64	0	5106.7	74.0	0.23	0.0	-0.14	1.0	3	5129	949.8	-479.1	-2.39	5106.67	1
269.74	0	5108.7	73.8	0.25	0.0	-0.07	1.0	3	5265	948.0	-480.0	-2.35	5108.72	1
269.84	0	5110.8	73.6	0.25	0.0	-0.07	1.0	3	5429	946.1	-480.9	-2.35	5110.77	1
269.94	0	5112.8	73.5	0.25	0.0	-0.06	0.89	3	5523	944.3	-481.8	-2.37	5112.81	1
270.04	0	5114.9	75.0	0.27	0.0	-0.05	0.2	3	4395	942.4	-482.7	-2.42	5114.86	1
270.14	0	5117.0	76.7	0.27	0.0	-0.12	0.0	3	3361	940.5	-483.6	-2.48	5116.98	1
270.24	0	5119.1	76.6	0.34	0.0	-0.15	0.0	3	3359	938.5	-484.4	-2.59	5119.1	1
270.34	0	5121.6	76.6	0.45	0.0	-0.12	0.0	3	3376	936.6	-485.2	-2.51	5121.58	1
270.44	0	5123.7	76.7	0.47	0.0	-0.1	0.0	3	3382	934.6	-486.0	-2.41	5123.7	1
270.54	0	5125.8	76.8	0.47	0.0	-0.09	0.0	3	3387	932.6	-486.8	-2.35	5125.84	1
270.64	0	5128.0	77.0	0.47	0.0	-0.07	0.0	3	3391	930.6	-487.5	-2.33	5127.98	1
270.74	0	5130.1	77.1	0.47	0.0	-0.07	0.0	3	3397	928.5	-488.1	-2.33	5130.12	1
270.84	0	5132.3	77.2	0.47	0.0	-0.07	0.0	3	3403	926.5	-488.8	-2.36	5132.26	1
270.94	0	5134.4	77.4	0.48	0.0	-0.07	0.0	3	3412	924.5	-489.4	-2.41	5134.4	1
271.04	0	5136.6	77.6	0.48	0.0	-0.07	0.0	3	3420	922.4	-490.1	-2.49	5136.55	1
271.14	0	5138.7	77.7	0.48	0.0	-0.05	0.0	3	3428	920.3	-490.6	-2.59	5138.71	1
271.24	0	5140.9	77.9	0.51	0.0	-0.05	0.0	3	3438	918.2	-491.2	-2.71	5140.86	1
271.34	0	5143.0	78.2	0.52	0.0	-0.05	0.0	3	3450	916.1	-491.8	-2.85	5143.03	1
271.44	0	5145.2	78.4	0.52	0.0	-0.07	0.0	3	3462	914.0	-492.3	-3.01	5145.2	1
271.54	0	5147.8	78.6	0.52	0.0	-0.07	0.0	3	3474	911.9	-492.8	-2.95	5147.77	1
271.64	0	5150.0	78.9	0.52	0.0	-0.07	0.0	3	3485	909.8	-493.3	-2.87	5149.95	1
271.74	0	5152.2	79.1	0.52	0.0	-0.07	0.0	3	3497	907.6	-493.8	-2.82	5152.15	1
271.84	0	5154.4	79.4	0.53	0.0	-0.07	0.0	3	3510	905.5	-494.3	-2.78	5154.36	1
271.94	0	5156.6	79.7	0.53	0.0	-0.07	0.0	3	3522	903.3	-494.7	-2.77	5156.57	1
272.04	0	5158.8	79.9	0.53	0.0	-0.03	0.0	3	3534	901.2	-495.1	-2.78	5158.77	1
272.14	0	5161.0	80.3	0.55	0.0	-0.02	0.0	3	3549	899.0	-495.6	-2.81	5160.99	1
272.24	0	5163.2	80.6	0.55	0.0	-0.02	0.0	3	3564	896.8	-495.9	-2.85	5163.24	1
272.34	0	5165.5	80.9	0.55	0.0	-0.02	0.0	3	3579	894.6	-496.3	-2.9	5165.48	1
272.44	0	5167.7	81.3	0.58	0.0	-0.07	0.0	3	3602	892.3	-496.7	-2.96	5167.73	1
272.54	0	5170.0	81.7	0.62	0.0	-0.08	0.0	3	3627	890.1	-497.1	-3.03	5170.0	1
272.67	0	5173.3	82.3	0.64	0.0	-0.07	0.0	3	3662	887.1	-497.5	-3.01	5173.3	1
272.75	0	5175.0	82.7	0.64	0.0	-0.07	0.0	3	3672	885.4	-497.8	-2.96	5175.02	1
272.85	0	5177.3	83.2	0.64	0.0	-0.0	0.0	3	3699	883.1	-498.1	-2.9	5177.32	1
272.95	0	5179.6	83.7	0.64	0.0	-0.0	0.0	3	3725	880.8	-498.4	-2.86	5179.65	1
273.05	0	5182.0	84.2	0.64	0.0	0.0	0.0	3	3749	878.5	-498.7	-2.82	5181.97	1
273.15	0	5184.4	84.8	0.64	0.0	-0.01	0.0	3	3775	876.2	-498.9	-2.74	5184.39	1
273.25	0	5186.8	85.3	0.64	0.0	-0.02	0.0	3	3798	873.8	-499.2	-2.65	5186.75	1
273.35	0	5189.1	85.9	0.64	0.0	-0.03	0.0	3	3824	871.5	-499.5	-2.57	5189.12	1
273.45	0	5191.5	86.5	0.65	0.0	-0.0	0.0	3	3855	869.1	-499.8	-2.49	5191.52	1
273.55	0	5193.7	87.1	0.65	0.0	-0.0	0.0	3	3885	866.7	-500.0	-2.48	5193.7	1
273.65	0	5196.1	87.7	0.65	0.0	0.0	0.0	3	3913	864.3	-500.3	-2.64	5196.12	1
273.75	0	5198.6	88.4	0.65	0.0	0.0	0.0	3	3943	861.8	-500.5	-2.81	5198.57	1
273.85	0	5201.0	89.0	0.65	0.0	0.0	0.0	3	3973	859.4	-500.8	-2.97	5201.02	1
273.95	0	5203.5	89.7	0.69	0.0	0.0	0.0	3	4010	856.9	-501.1	-3.13	5203.5	1
274.05	0	5206.2	90.5	0.72	0.0	-0.03	0.0	3	4056	854.4	-501.3	-3.18	5206.21	1
274.15	0	5208.7	91.3	0.75	0.0	-0.05	0.0	3	4102	851.9	-501.6	-3.19	5208.73	1
274.25	0	5211.3	92.2	0.76	0.0	-0.05	0.0	3	4149	849.4	-501.9	-3.21	5211.27	1
274.35	0	5213.9	93.2	0.78	0.0	-0.05	0.0	3	4192	846.8	-502.1	-3.25	5213.85	1
274.45	0	5216.5	94.1	0.84	0.0	-0.05	0.0	3	4315	844.2	-502.4	-3.26	5216.54	1
274.56	0	5219.5	95.6	0.86	0.0	0.0	0.0	3	4327	841.3	-502.6	-3.27	5219.51	1
274.66	0	5222.2	96.8	0.86	0.0	0.02	0.0	3	4393	838.6	-502.8	-3.29	5222.19	1
274.76	0	5224.9	98.0	0.84	0.0	0.0	0.0	3	4448	835.9	-503.0	-3.31	5224.89	1
274.86	0	5227.8	99.3	0.84	0.0	0.0	0.0	3	4510	833.2	-503.2	-3.24	5227.85	1
274.96	0	5230.6	100.5	0.84	0.0	-0.03	0.0	3	4575	830.4	-503.4	-3.1	5230.61	1
275.06	0	5233.4	101.8	0.84	0.0	-0.03	0.0	3	4637	827.6	-503.6	-2.96	5233.43	1
275.18	0	5236.7	103.4	0.87	0.0	-0.03	0.0	3	4726	824.3	-503.8	-2.82	5236.74	1
275.28	0	5239.6	104.9	0.87	0.0	-0.03	0.0	3	4798	821.4	-503.9	-2.71	5239.63	1
275.38	0	5242.6	106.4	0.87	0.0	-0.0	0.0	3	4871	818.5	-504.1	-2.61	5242.57	1
275.48	0	5245.5	107.9	0.87	0.0	0.0	0.0	3	4945	815.5	-504.2	-2.53	5245.54	1
275.58	0	5248.6	109.4	0.89	0.0	0.0	0.0	3	5030	812.5	-504.4	-2.45	5248.57	1
275.68	0	5251.6	111.0	0.89	0.0	0.0	0.0	3	5110	809.4	-504.5	-2.37	5251.62	1
275.78	0	5254.8	112.7	0.89	0.0	0.0	0.0	3	5193	806.3	-504.6	-2.3	5254.78	1
275.88	0	5257.9	114.4	0.89	0.0	0.0	0.0	3	5277	803.1	-504.7	-2.23	5257.94	1
275.98	0	5261.1	116.1	0.89	0.0	0.0	0.0	3	5362	799.9	-504.9	-2.17	5261.12	1
276.08	0	5264.4	117.8	0.89	0.0	0.0	0.0	3	5449	796.7	-505.0	-2.11	5264.37	1
276.18	0	5267.7	119.6	0.89	0.0	0.0	0.0	3	5537	793.4	-505.1	-2.05	5267.67	1
276.28	0	5271.0	121.4	0.89	0.0	0.0	0.0	3	5627	790.0	-505.3	-1.98	5271.02	1
276.38	0	5274.4	123.2	0.89	0.0	0.0	0.0	3	5718	786.6	-505.4	-1.91	5274.41	1
276.48	0	5277.9	125.1	0.89	0.0	0.0	0.0	3	5810	783.2	-505.6	-1.84	5277.86	1
276.58	0	5281.4	126.9	0.89	0.0	0.0	0.0	3	5904	779.7	-505.7	-1.76	5281.36	1
276.68	0	5284.9	128.8	0.89	0.0	0.0	0.0	3	5999	776.1	-505.9	-1.68	5284.91	1
276.78	0	5288.5	130.7	0.89	0.0	0.0	0.0	3	6091	772.5	-506.1	-1.6	5288.55	1
276.88	0	5292.2	132.6	0.89	0.0	0.0	0.0	3	6179	768.9	-506.2	-1.5	5292.2	1
276.98	0	5295.9	134.5	0.89	0.0	0.0	0.0	3	6265	765.2	-506.4	-1.4	5295.92	1
277.08	0	5299.7	136.4	0.89	0.0	0.0	0.0	3	6349	761.4	-506.6	-1.29	5299.67	1
277.18	0	5303.5	138.3	0.89	0.0	0.0	0.0	3	6436	757.6	-506.8	-1.17	5303.5	1
277.28	0	5307.4	140.1	0.89	0.0	0.0	0.0	3	6518	753.7	-507.0	-1.04	5307.36	1
277.41	0	5312.2	142.4	0.89	0.0	-0.07	0.0	3	6631	748.9	-507.3	-0.88	5312.21	1
277.49	0	5315.6	144.0	0.89	0.0	-0.09	0.0	3	6718	745.5	-507.5	-0.78	5315.64	1
277.59	0	5319.7	145.7	0.89	0.0	-0.09	0.0	3	6800	741.4	-507.6	-0.68	5319.65	1
277.69	0	5323.7	147.4	0.89	0.0	-0.0	0.0	3	6880	737.4	-507.8	-0.63	5323.72	1
277.79	0	5327.9	149.0	0.89	0.0	-0.0	0.0	3	6960	733.2	-507.9	-0.62	5327.85	1
277.89	0	5332.0	150.6	0.89	0.0	0.0	0.0	3	7030	729.1	-507.9	-0.65	5332.01	1
277.99	0	5336.2	152.3	0.89	0.0	0.0	0.0	3	7108	724.9	-507.9	-0.73	5336.22	1
278.09	0	5340.4	153.9	0.89	0.0	0.02	0.0	3	7178	720.6	-507.9	-0.86	5340.45	1
278.19	0	5344.8	155.6	0.86	0.0	0.02	0.0	3	7248	716.3	-507.8	-1.02	5344.77	1
278.29	0	5349.1	157.3	0.84	0.0	0.02	0.0	3	7323	712.0	-507.7	-1.22	5349.11	1
278.39	0	5353.5	159.0	0.84	0.0	0.02	0.0	3	7402	707.6	-507.5	-1.44	5353.49	1
278.49	0	5357.9	160.8	0.78	0.0	0.06	0.0	3	7471	703.1	-507.4	-1.66	5357.94	1
278.59	0	5362.5	162.4	0.74	0.0	0.06	0.0	3	7508	698.7	-507.2	-1.87	5362.49	1
278.69	0	5367.0	163.8	0.71	0.0	0.07	0.0	3	7557	694.1	-507.1	-1.87	5367.02	1
278.79	0	5371.6	165.0	0.65	0.0	0.02	0.0	3	7581	689.5	-507.1	-1.83	5371.63	1
278.89	0	5376.2	166.0	0.54	0.0	0.01	0.0	3	7555	684.9	-507.1	-1.74	5376.22	1
278.99	0	5380.8	166.5	0.32	0.0	0.0	0.4	3	7416	680.3	-507.1	-1.59	5380.83	1
279.09	0	5385.4	166.5	0.0	0.0	-0.0	0.87	4	6803	675.7	-507.2	-1.38	5385.44	1
279.19	0	5390.1	166.3	0.0	0.0	-0.0	0.85	4	6039	671.1	-507.3	-1.13	5390.05	1
279.29	0	5394.7	165.4	0.0	0.0	-0.0	0.85	4	5896	666.5	-507.5	-0.84	5394.67	1
279.39	0	5399.2	164.4	0.08	0.0	-0.0	0.85	4	5888	661.9	-507.7	-0.53	5399.23	1
279.49	0	5403.8	163.6	0.2	0.0	-0.0	0.37	4	5899	657.4	-507.9	-0.21	5403.78	1
279.59	0	5408.3	163.2	0.32	0.0	-0.0	0.04	4	5929	652.8	-508.1	0.11	5408.28	1
279.69	0	5412.8	163.1	0.43	0.0	-0.0	0.04	4	5976	648.3	-508.3	0.43	5412.82	1
279.79	0	5417.3	163.3	0.55	0.0	-0.0	0.04	4	6028	643.8	-508.5	0.84	5417.33	1
279.89	0	5421.8	163.8	0.64	0.0	-0.0	0.04	4	6093	639.2	-508.7	1.28	5421.84	1
279.99	0	5426.4	164.5	0.67	0.0	-0.0	0.04	4	6142	634.7	-508.9	1.72	5426.39	1
280.09	0	5430.9	165.3	0.69	0.0	-0.0	0.04	4	6178	630.1	-509.1	2.17	5430.94	1
280.19	0	5435.6	166.1	0.69	0.0	-0.0	0.04	4	6213	625.5	-509.3	2.56	5435.56	1
280.29	0	5440.2	167.0	0.77	0.0	-0.0	0.04	4	6284	620.9	-509.5	2.92	5440.19	1
280.39	0	5444.8	168.1	0.82	0.0	-0.0	0.04	4	6360	616.2	-509.7	3.29	5444.82	1
280.49	0	5449.5	169.3	0.84	0.0	-0.0	0.04	4	6421	611.6	-509.9	3.65	5449.49	1
280.59	0	5453.9	170.5	0.84	0.0	-0.0	0.04	4	6470	606.9	-510.1	4.19	5453.9	1
280.69	0	5458.6	171.8	0.84	0.0	-0.0	0.04	4	6520	602.1	-510.3	4.83	5458.6	1
280.79	0	5463.4	173.0	0.84	0.0	-0.0	0.04	4	6570	597.4	-510.5	5.47	5463.35	1
280.89	0	5468.1	174.3	0.88	0.0	-0.0	0.04	4	6637	592.5	-510.7	6.12	5468.13	1
280.99	0	5472.6	175.7	0.89	0.0	-0.0	0.04	4	6708	587.7	-510.9	6.93	5472.62	1
281.09	0	5477.5	177.1	0.93	0.0	-0.0	0.04	4	6793	582.8	-511.1	7.79	5477.46	1
281.19	0	5482.3	178.6	0.93	0.0	-0.0	0.04	4	6890	577.9	-511.3	8.64	5482.31	1
281.29	0	5487.2	179.7	0.93	0.0	-0.02	0.04	4	6935	572.9	-511.5	9.46	5487.21	0
281.39	0	5490.4	180.6	0.93	0.0	-0.02	0.04	4	6982	567.9	-511.7	11.02	5490.41	0
281.49	0	5495.1	181.2	0.93	0.0	-0.02	0.04	4	7015	562.8	-511.9	12.69	5495.15	0
281.59	0	5500.4	181.9	0.93	0.0	-0.02	0.04	4	7048	557.8	-512.1	14.21	5500.45	0
281.69	0	5506.7	182.5	0.93	0.0	-0.02	0.04	4	7073	552.8	-512.3	15.64	5506.75	0
281.79	0	5511.7	183.1	0.93	0.0	-0.05	0.04	4	7091	547.7	-512.5	16.67	5511.72	0
281.89	0	5518.0	183.8	0.93	0.0	-0.05	0.04	4	7113	542.5	-512.7	17.48	5518.04	0
281.99	0	5522.3	184.3	0.93	0.0	-0.02	0.04	4	7146	537.4	-512.9	18.18	5522.32	0
282.1	0	5533.7	184.8	0.93	0.0	-0.0	0.04	4	7039	531.8	-513.0	15.98	5533.69	0
282.2	0	5536.8	185.1	0.93	0.0	0.0	0.04	4	7116	526.7	-513.1	17.85	5536.77	0
282.3	0	5541.9	185.2	0.77	0.0	0.02	0.04	4	7110	521.5	-513.2	17.95	5541.91	0
282.4	0	5547.1	185.1	0.66	0.0	0.02	0.04	4	7093	516.4	-513.2	17.99	5547.06	0
282.5	0	5552.2	184.9	0.64	0.0	0.02	0.04	4	7073	511.2	-513.1	17.97	5552.2	0
282.6	0	5557.3	184.6	0.61	0.0	0.09	0.04	4	7039	506.1	-513.0	17.89	5557.32	0
282.7	0	5562.4	184.1	0.55	0.0	0.22	0.04	4	6993	501.0	-512.8	17.75	5562.45	0
282.8	0	5567.8	183.6	0.27	0.0	0.3	0.04	4	6900	495.9	-512.6	17.51	5567.76	0
282.9	0	5572.9	182.8	0.06	0.0	0.32	0.04	4	6635	490.8	-512.3	17.19	5572.87	0
283.0	0	5577.9	181.7	0.0	0.0	0.32	0.04	4	6344	485.7	-511.9	16.8	5577.92	0
283.1	0	5582.9	180.4	0.0	0.0	0.28	0.04	4	6143	480.7	-511.5	16.36	5582.94	0
283.2	0	5587.9	179.1	0.0	0.0	0.41	0.05	4	5987	475.8	-511.0	15.86	5587.9	0
283.3	0	5592.8	177.8	0.07	0.0	0.48	0.04	4	5920	470.8	-510.5	15.3	5592.82	0
283.4	0	5597.4	176.4	0.09	0.0	0.54	0.04	4	5854	465.9	-509.9	14.75	5597.45	0
283.5	0	5602.3	175.1	0.07	0.0	0.54	0.04	4	5806	461.1	-509.3	14.18	5602.29	0
283.6	0	5607.1	173.8	0.09	0.0	0.58	0.04	4	5749	456.3	-508.6	13.56	5607.1	0
283.7	0	5611.9	172.5	0.06	0.0	0.59	0.04	4	5685	451.5	-507.8	12.88	5611.86	0
283.8	0	5616.6	171.1	0.09	0.0	0.59	0.04	4	5616	446.9	-507.0	12.15	5616.57	0
283.9	0	5621.3	169.8	0.1	0.0	0.58	0.04	4	5581	442.2	-506.2	11.37	5621.25	0
284.0	0	5626.0	168.5	0.12	0.0	0.57	0.04	4	5557	437.6	-505.3	10.52	5626.01	0
284.1	0	5630.6	167.1	0.12	0.0	0.58	0.04	4	5524	433.0	-504.4	9.58	5630.58	0
284.2	0	5635.1	165.6	0.12	0.0	0.55	0.04	4	5483	428.5	-503.4	8.58	5635.09	1
284.3	0	5639.5	162.3	0.12	0.0	0.53	0.04	4	5461	424.1	-502.2	7.45	5639.5	1
284.42	0	5644.3	154.8	0.12	0.0	0.52	0.04	4	4781	419.2	-500.5	5.7	5644.33	1
284.52	0	5648.2	150.7	0.11	0.0	0.52	0.04	4	4627	415.4	-498.7	3.93	5648.16	1
284.62	0	5651.9	150.3	0.11	0.0	0.5	0.06	4	4556	411.6	-496.9	2.13	5651.94	1
284.72	0	5655.7	149.8	0.14	0.0	0.49	0.06	4	4505	407.9	-495.1	0.33	5655.7	1
284.82	0	5659.4	149.4	0.14	0.0	0.5	0.04	4	4469	404.1	-493.3	-1.44	5659.45	1
284.92	0	5663.3	149.0	0.14	0.0	0.45	0.04	4	4432	400.3	-491.5	-3.25	5663.27	1
285.02	0	5666.9	148.6	0.14	0.0	0.48	0.04	4	4397	396.7	-489.7	-4.97	5666.94	1
285.15	0	5671.9	147.9	0.14	0.0	0.48	0.04	4	4349	391.8	-487.4	-7.29	5671.86	1
285.27	0	5676.1	144.0	0.14	0.0	0.48	0.04	4	4309	387.6	-485.2	-9.4	5676.07	0
285.39	0	5680.0	81.3	0.14	0.0	0.48	0.04	4	4181	383.7	-483.1	-11.49	5679.97	0
285.47	0	5679.6	98.5	0.14	0.0	0.49	0.04	4	3651	384.0	-483.3	-11.34	5679.61	0
285.57	0	5676.1	153.1	0.14	0.0	0.48	0.04	4	2735	387.6	-485.2	-9.47	5676.05	0
285.67	0	5672.3	148.5	0.14	0.0	0.47	0.04	4	1182	391.3	-487.1	-7.54	5672.33	1
285.77	0	5668.7	143.1	0.14	0.0	0.48	0.04	4	0	394.9	-489.0	-5.7	5668.71	1
285.87	0	5665.2	137.8	0.14	0.0	0.46	0.04	4	0	398.4	-490.8	-3.95	5665.25	1
285.97	0	5661.9	132.6	0.14	0.0	0.46	0.04	4	0	401.7	-492.5	-2.26	5661.88	1
286.07	0	5658.7	127.6	0.17	0.0	0.46	0.04	4	0	404.9	-494.1	-0.64	5658.66	1
286.17	0	5655.5	123.0	0.17	0.0	0.46	0.04	4	0	408.0	-495.7	0.94	5655.55	1
286.27	0	5652.6	118.9	0.17	0.0	0.46	0.04	4	0	411.0	-497.3	2.5	5652.59	1
286.37	0	5649.7	115.1	0.17	0.0	0.46	0.04	4	0	413.8	-498.8	4.05	5649.74	1
286.47	0	5647.0	108.7	0.15	0.0	0.41	0.04	4	0	416.5	-500.4	5.61	5647.03	1
286.57	0	5644.5	106.1	0.14	0.0	0.41	0.04	4	0	419.0	-502.0	7.22	5644.53	1
286.67	0	5642.0	104.9	0.14	0.0	0.41	0.04	4	0	421.6	-503.5	8.71	5642.02	1
286.8	0	5638.8	101.6	0.17	0.0	0.32	0.04	4	0	424.8	-505.4	10.57	5638.8	0
286.9	0	5636.4	99.5	0.17	0.0	0.22	0.04	4	0	427.2	-506.7	11.94	5636.37	0
287.0	0	5634.0	97.5	0.17	0.0	0.17	0.04	4	0	429.6	-508.1	13.27	5633.96	0
287.1	0	5631.6	95.6	0.17	0.0	0.14	0.04	4	0	432.0	-509.3	14.54	5631.61	0
287.2	0	5629.3	93.6	0.11	0.0	0.12	0.04	4	0	434.3	-510.6	15.77	5629.29	0
287.3	0	5627.0	91.7	0.0	0.0	0.06	0.04	4	0	436.6	-511.8	16.97	5626.99	0
287.4	0	5624.8	89.9	0.0	0.0	0.08	0.04	4	0	438.8	-512.9	18.1	5624.75	0
287.5	0	5622.3	87.8	0.0	0.19	0.14	0.04	4	0	441.0	-514.0	19.18	5622.29	0
287.6	0	5620.1	85.2	0.0	0.74	0.1	0.04	4	0	443.2	-515.1	20.25	5620.14	0
287.7	0	5618.1	82.4	0.0	1.0	0.03	0.06	4	0	445.2	-516.2	21.3	5618.06	0
287.83	0	5615.5	78.9	0.0	1.0	-0.02	0.06	4	0	447.8	-517.5	22.58	5615.49	0
287.93	0	5613.6	76.1	0.0	1.0	-0.08	0.05	4	0	449.7	-518.5	23.54	5613.56	0
288.03	0	5611.7	73.4	0.0	1.0	-0.1	0.05	4	0	451.6	-519.4	24.47	5611.69	0
288.13	0	5609.9	70.7	0.0	1.0	-0.1	0.05	4	0	453.3	-520.3	25.35	5609.89	0
288.23	0	5608.2	68.0	0.0	1.0	-0.15	0.05	4	0	455.1	-521.2	26.19	5608.17	0
288.33	0	5606.5	65.3	0.0	1.0	-0.21	0.05	4	0	456.7	-522.0	27.0	5606.5	0
288.43	0	5604.9	62.6	0.0	1.0	-0.23	0.05	4	0	458.3	-522.8	27.77	5604.9	0
288.53	0	5603.4	60.0	0.0	1.0	-0.23	0.05	4	0	459.8	-523.6	28.49	5603.36	0
288.63	0	5601.9	57.3	0.0	1.0	-0.2	0.05	4	0	461.3	-524.3	29.18	5601.88	0
288.73	0	5600.5	54.7	0.0	1.0	-0.17	0.05	4	0	462.7	-524.9	29.82	5600.47	0
288.83	0	5599.1	52.1	0.0	1.0	-0.16	0.05	4	0	464.1	-525.5	30.42	5599.11	0
288.93	0	5597.8	49.5	0.0	1.0	-0.14	0.05	4	0	465.4	-526.1	30.98	5597.81	0
289.03	0	5596.6	47.0	0.0	1.0	-0.14	0.05	4	0	466.6	-526.7	31.5	5596.58	0
289.13	0	5595.4	44.4	0.0	1.0	-0.14	0.05	4	0	467.8	-527.1	31.97	5595.39	0
289.23	0	5594.5	42.0	0.0	1.0	-0.14	0.05	4	0	468.9	-527.6	32.4	5594.49	0
289.33	0	5593.8	39.6	0.0	1.0	-0.12	0.05	4	0	469.9	-528.0	32.79	5593.79	0
289.43	0	5592.8	37.2	0.0	1.0	-0.12	0.05	4	0	470.9	-528.3	33.14	5592.79	0
289.53	0	5591.8	34.9	0.0	1.0	-0.1	0.05	4	0	471.9	-528.6	33.44	5591.84	0
289.63	0	5590.9	32.7	0.0	1.0	-0.1	0.05	4	0	472.8	-528.9	33.69	5590.93	0
289.73	0	5590.1	30.6	0.0	1.0	-0.09	0.05	4	0	473.7	-529.1	33.89	5590.08	0
289.83	0	5589.3	28.6	0.0	1.0	-0.09	0.05	4	0	474.5	-529.2	34.04	5589.27	0
289.93	0	5588.5	26.4	0.0	1.0	-0.09	0.05	4	0	475.2	-529.3	34.14	5588.5	0
290.03	0	5587.8	24.2	0.0	1.0	-0.09	0.05	4	1	475.9	-529.4	34.23	5587.8	0
290.13	0	5587.2	21.8	0.0	1.0	-0.09	0.05	4	2	476.6	-529.5	34.31	5587.16	0
290.23	0	5586.6	19.5	0.0	1.0	-0.09	0.05	4	2	477.1	-529.6	34.39	5586.59	0
290.33	0	5586.1	17.2	0.0	1.0	-0.09	0.05	4	2	477.6	-529.6	34.49	5586.09	0
290.43	0	5585.7	14.8	0.0	1.0	-0.09	0.05	4	1	478.1	-529.7	34.58	5585.66	0
290.53	0	5585.3	12.4	0.0	1.0	-0.09	0.05	4	1	478.4	-529.8	34.67	5585.29	0
290.63	0	5585.0	10.0	0.0	1.0	-0.07	0.05	4	1	478.7	-529.9	34.75	5584.99	0
290.73	0	5584.8	7.6	0.0	1.0	-0.07	0.05	4	0	479.0	-530.0	34.82	5584.76	0
290.83	0	5584.6	5.2	0.0	1.0	-0.06	0.05	4	0	479.1	-530.0	34.87	5584.59	0
290.93	0	5584.5	2.7	0.0	1.0	-0.05	0.05	4	0	479.3	-530.0	34.9	5584.48	0
291.03	0	5584.4	0.3	0.0	1.0	-0.05	0.05	4	0	479.3	-530.1	34.91	5584.44	0
291.13	0	5584.4	0.0	0.0	1.0	-0.05	0.05	4	0	479.3	-530.1	34.91	5584.44	0
291.23	0	5584.4	0.0	0.0	1.0	-0.05	0.26	4	0	479.3	-530.1	34.91	5584.44	0
291.33	0	5584.4	0.0	0.0	1.0	-0.05	1.0	4	1909	479.3	-530.1	34.91	5584.44	0
291.43	0	5584.4	0.0	0.0	1.0	-0.05	1.0	4	1950	479.3	-530.1	34.91	5584.44	0
291.54	0	5584.4	0.0	0.0	1.0	-0.05	1.0	3	1953	479.3	-530.1	34.91	5584.44	0
291.64	0	5584.4	0.0	0.0	1.0	-0.09	1.0	3	1953	479.3	-530.1	34.91	5584.44	0
291.74	0	5584.4	0.0	0.0	1.0	-0.1	1.0	3	1953	479.3	-530.1	34.91	5584.44	0
291.84	0	5584.4	0.0	0.0	1.0	-0.1	1.0	2	1953	479.3	-530.1	34.91	5584.44	0
291.95	0	5584.4	0.0	0.0	1.0	-0.1	1.0	2	1953	479.3	-530.1	34.91	5584.43	0
292.04	0	5584.4	0.1	0.0	1.0	-0.1	1.0	2	1953	479.3	-530.1	34.91	5584.43	0
292.14	0	5584.4	0.1	0.0	1.0	-0.1	1.0	2	1953	479.3	-530.1	34.91	5584.43	0
292.24	0	5584.4	0.0	0.0	1.0	-0.05	1.0	1	1953	479.3	-530.1	34.92	5584.43	0
292.34	0	5584.4	0.0	0.0	1.0	-0.07	1.0	1	1953	479.3	-530.1	34.92	5584.43	0
292.45	0	5584.4	0.3	0.0	1.0	-0.07	0.44	1	1523	479.3	-530.1	34.91	5584.43	0
292.54	0	5584.4	0.1	0.0	1.0	-0.05	0.02	1	19	479.3	-530.1	34.9	5584.42	0
292.64	0	5584.4	0.2	0.0	0.95	-0.03	0.0	1	6	479.3	-530.1	34.91	5584.42	0
292.76	0	5584.4	0.2	0.0	0.71	-0.0	0.0	1	6	479.3	-530.1	34.91	5584.43	0
292.86	0	5584.4	0.3	0.0	0.33	0.03	0.0	1	6	479.3	-530.1	34.92	5584.43	0
292.96	0	5584.4	0.1	0.0	0.0	0.03	0.0	1	0	479.3	-530.1	34.93	5584.43	0
293.06	0	5584.4	0.0	0.0	0.0	0.01	0.0	1	0	479.3	-530.1	34.93	5584.43	0
293.16	0	5584.4	0.0	0.27	0.0	0.01	0.0	1	0	479.3	-530.1	34.93	5584.43	0
293.26	0	5584.4	0.0	0.43	0.0	0.06	0.0	1	0	479.3	-530.1	34.93	5584.43	0
293.36	0	5584.4	0.0	0.47	0.0	0.06	0.0	1	0	479.3	-530.1	34.93	5584.43	0
293.46	0	5584.4	0.0	0.55	0.0	0.06	0.0	1	0	479.3	-530.1	34.93	5584.43	0
293.56	0	5584.4	0.0	0.6	0.0	0.06	0.0	1	0	479.3	-530.1	34.93	5584.43	0
293.66	0	5584.4	0.0	0.66	0.0	0.06	0.0	1	0	479.3	-530.1	34.93	5584.44	0
293.76	0	5584.4	0.0	0.67	0.0	0.06	0.0	1	0	479.3	-530.1	34.93	5584.44	0
293.86	0	5584.4	0.0	0.69	0.0	0.06	0.0	1	0	479.3	-530.1	34.92	5584.44	0
293.96	0	5584.4	0.0	0.69	0.0	0.06	0.0	1	0	479.3	-530.1	34.92	5584.44	0
294.06	0	5584.4	0.0	0.71	0.0	0.1	0.0	1	0	479.3	-530.1	34.92	5584.44	0
294.16	0	5584.4	0.0	0.71	0.0	0.1	0.0	1	0	479.3	-530.1	34.92	5584.44	0
294.26	0	5584.4	0.0	0.6	0.0	0.1	0.0	1	0	479.3	-530.1	34.92	5584.44	0
294.36	0	5584.4	0.0	0.25	0.0	0.05	0.0	1	0	479.3	-530.1	34.92	5584.44	0
294.46	0	5584.4	0.0	0.0	0.0	0.01	0.0	1	0	479.3	-530.1	34.92	5584.44	0
294.56	0	5584.4	0.0	0.0	0.0	0.01	0.0	1	0	479.3	-530.1	34.92	5584.44	0
294.66	0	5584.4	0.0	0.44	0.0	0.0	0.0	1	0	479.3	-530.1	34.92	5584.44	0
294.76	0	5584.4	0.0	0.71	0.0	0.03	0.0	1	0	479.3	-530.1	34.92	5584.44	0
294.86	0	5584.4	0.0	0.91	0.0	0.03	0.0	1	0	479.3	-530.1	34.92	5584.44	0
294.96	0	5584.4	0.0	0.97	0.0	0.05	0.0	1	0	479.3	-530.1	34.92	5584.44	0
295.08	0	5584.4	0.0	0.97	0.0	0.04	0.0	1	0	479.3	-530.1	34.92	5584.44	0
295.18	0	5584.4	0.0	0.91	0.0	0.05	0.0	1	0	479.3	-530.1	34.92	5584.45	0
295.28	0	5584.4	0.0	0.6	0.0	0.06	0.0	1	0	479.3	-530.1	34.92	5584.45	0
295.38	0	5584.4	0.0	0.08	0.0	0.05	0.0	1	0	479.3	-530.1	34.92	5584.45	0
295.48	0	5584.4	0.0	0.0	0.11	0.01	0.0	1	0	479.3	-530.1	34.92	5584.45	0
295.58	0	5584.4	0.0	0.0	0.33	0.09	0.0	1	0	479.3	-530.1	34.92	5584.45	0
295.68	0	5584.4	0.0	0.0	0.53	0.01	0.0	1	0	479.3	-530.1	34.92	5584.45	0
295.78	0	5584.4	0.0	0.0	0.55	0.1	0.0	1	0	479.3	-530.1	34.92	5584.45	0
295.88	0	5584.5	0.2	0.0	0.2	0.38	0.0	1	0	479.3	-530.1	34.92	5584.45	0
295.98	0	5584.5	0.3	0.0	0.0	0.7	0.0	1	0	479.3	-530.1	34.92	5584.46	0
296.08	0	5584.5	0.5	0.31	0.0	1.0	0.0	1	0	479.3	-530.1	34.92	5584.47	0
296.21	0	5584.5	0.5	0.43	0.0	1.0	0.0	1	0	479.2	-530.1	34.92	5584.49	0
296.29	0	5584.5	0.4	0.47	0.0	0.85	0.0	1	0	479.2	-530.1	34.92	5584.5	0
296.39	0	5584.5	0.4	0.56	0.0	0.89	0.0	1	0	479.2	-530.1	34.92	5584.51	0
296.49	0	5584.5	0.5	0.69	0.0	0.95	0.0	1	0	479.2	-530.1	34.92	5584.52	0
296.59	0	5584.5	0.5	0.91	0.0	1.0	0.0	1	0	479.2	-530.1	34.92	5584.54	0
296.69	0	5584.6	0.5	1.0	0.0	1.0	0.0	1	0	479.2	-530.1	34.92	5584.55	0
296.79	0	5584.6	0.5	1.0	0.0	1.0	0.0	1	0	479.2	-530.1	34.92	5584.56	0
296.89	0	5584.6	0.5	1.0	0.0	1.0	0.0	1	0	479.2	-530.1	34.92	5584.58	0
296.99	0	5584.6	0.5	0.93	0.0	1.0	0.0	1	0	479.1	-530.1	34.92	5584.59	0
297.09	0	5584.6	0.5	0.9	0.0	1.0	0.0	1	0	479.1	-530.1	34.92	5584.6	0
297.19	0	5584.6	0.5	0.89	0.0	1.0	0.0	1	0	479.1	-530.1	34.92	5584.62	0
297.29	0	5584.6	0.5	0.88	0.0	1.0	0.0	1	0	479.1	-530.1	34.93	5584.63	0
297.39	0	5584.6	0.5	0.85	0.0	1.0	0.0	1	0	479.1	-530.1	34.93	5584.65	0
297.49	0	5584.7	0.5	0.8	0.0	1.0	0.0	1	0	479.1	-530.1	34.93	5584.66	0
297.59	0	5584.7	0.5	0.77	0.0	1.0	0.0	1	0	479.1	-530.1	34.93	5584.67	0
297.69	0	5584.7	0.5	0.72	0.0	1.0	0.0	1	0	479.0	-530.1	34.93	5584.69	0
297.79	0	5584.7	0.5	0.72	0.0	1.0	0.0	1	0	479.0	-530.1	34.93	5584.7	0
297.89	0	5584.7	0.5	0.71	0.0	1.0	0.0	1	0	479.0	-530.1	34.94	5584.71	0
297.99	0	5584.7	0.4	0.8	0.0	0.77	0.0	1	0	479.0	-530.1	34.94	5584.73	0
298.09	0	5584.7	0.3	0.88	0.0	0.62	0.0	1	0	479.0	-530.1	34.94	5584.74	0
298.19	0	5584.7	0.3	0.95	0.0	0.52	0.0	1	0	479.0	-530.1	34.94	5584.74	0
298.29	0	5584.7	0.2	1.0	0.0	0.45	0.0	1	0	479.0	-530.1	34.94	5584.75	0
298.39	0	5584.8	0.2	1.0	0.0	0.36	0.0	1	0	479.0	-530.1	34.94	5584.75	0
298.49	0	5584.8	0.2	1.0	0.0	0.33	0.0	1	0	479.0	-530.1	34.94	5584.76	0
298.59	0	5584.8	0.1	1.0	0.0	0.28	0.0	1	0	479.0	-530.1	34.94	5584.76	0
298.69	0	5584.8	0.1	1.0	0.0	0.26	0.0	1	0	479.0	-530.1	34.94	5584.77	0
298.79	0	5584.8	0.1	1.0	0.0	0.24	0.0	1	0	479.0	-530.1	34.94	5584.77	0
298.89	0	5584.8	0.1	1.0	0.0	0.24	0.0	1	0	479.0	-530.1	34.94	5584.77	0
298.99	0	5584.8	0.1	1.0	0.0	0.16	0.0	1	0	479.0	-530.1	34.94	5584.78	0
299.09	0	5584.8	0.0	0.77	0.0	0.05	0.0	1	0	479.0	-530.1	34.94	5584.78	0
299.19	0	5584.8	0.0	0.69	0.0	0.01	0.0	1	0	479.0	-530.1	34.94	5584.78	0
299.29	0	5584.8	0.0	0.73	0.0	0.0	0.0	1	0	479.0	-530.1	34.94	5584.78	0
299.39	0	5584.8	0.0	0.97	0.0	-0.05	0.0	1	0	479.0	-530.1	34.94	5584.78	0
299.49	0	5584.8	0.1	1.0	0.0	-0.11	0.0	1	0	479.0	-530.1	34.94	5584.78	0
299.59	0	5584.8	0.1	1.0	0.0	-0.11	0.0	1	0	479.0	-530.1	34.94	5584.78	0
299.69	0	5584.8	0.0	0.88	0.0	-0.02	0.0	1	0	479.0	-530.1	34.94	5584.77	0
299.79	0	5584.8	0.0	0.38	0.0	0.0	0.0	1	0	479.0	-530.1	34.94	5584.77	0
299.89	0	5584.8	0.0	0.0	0.0	-0.02	0.0	1	0	479.0	-530.1	34.94	5584.77	0
299.99	0	5584.8	0.0	0.0	0.0	0.0	0.0	1	0	479.0	-530.1	34.94	5584.77	0
300.09	0	5584.8	0.0	0.0	0.0	0.0	0.0	1	0	479.0	-530.1	34.94	5584.77	0
300.19	0	5584.8	0.0	0.0	0.0	0.0	0.0	1	0	479.0	-530.1	34.94	5584.77	0
300.29	0	5584.8	0.0	0.0	0.0	0.0	0.0	1	0	479.0	-530.1	34.94	5584.77	0
300.39	0	5584.8	0.0	0.0	0.0	0.0	0.0	1	0	479.0	-530.1	34.94	5584.77	0
300.5	0	5584.8	0.0	0.0	0.0	0.0	0.0	1	0	479.0	-530.1	34.94	5584.77	0
300.6	0	5584.8	0.0	0.0	0.0	0.0	0.0	1	0	479.0	-530.1	34.94	5584.77	0
300.7	0	5584.8	0.0	0.0	0.0	0.0	0.0	1	0	479.0	-530.1	34.94	5584.77	0
300.8	0	5584.8	0.0	0.0	0.0	0.0	0.0	1	0	479.0	-530.1	34.94	5584.77	0
300.9	0	5584.8	0.0	0.0	0.0	0.0	0.0	1	0	479.0	-530.1	34.94	5584.77	0
301.01	0	5584.8	0.0	0.0	0.0	0.0	0.0	1	0	479.0	-530.1	34.94	5584.77	0
301.11	0	5584.8	0.0	0.0	0.0	0.0	0.0	1	0	479.0	-530.1	34.94	5584.77	0
301.21	0	5584.8	0.0	0.0	0.0	0.0	0.0	1	0	479.0	-530.1	34.94	5584.77	0
301.31	0	5584.8	0.0	0.0	0.0	0.0	0.0	1	0	479.0	-530.1	34.94	5584.77	0
301.41	0	5584.8	0.0	0.0	0.0	0.0	0.0	1	0	479.0	-530.1	34.94	5584.77	0
301.51	0	5584.8	0.0	0.0	0.0	0.0	0.0	1	0	479.0	-530.1	34.94	5584.77	0
301.61	0	5584.8	0.0	0.0	0.0	0.0	0.0	1	0	479.0	-530.1	34.94	5584.77	0
301.71	0	5584.8	0.0	0.0	0.0	0.0	0.0	1	0	479.0	-530.1	34.94	5584.77	0
301.81	0	5584.8	0.0	0.0	0.0	0.0	0.0	1	0	479.0	-530.1	34.94	5584.77	0
301.91	0	5584.8	0.0	0.0	0.0	0.0	0.0	1	0	479.0	-530.1	34.94	5584.77	0
302.01	0	5584.8	0.0	0.0	0.0	0.0	0.0	1	0	479.0	-530.1	34.94	5584.77	0
302.11	0	5584.8	0.0	0.0	0.0	0.0	0.0	1	0	479.0	-530.1	34.94	5584.77	0
302.21	0	5584.8	0.0	0.0	0.0	0.0	0.0	1	0	479.0	-530.1	34.94	5584.77	0
302.31	0	5584.8	0.0	0.0	0.0	0.0	0.0	1	0	479.0	-530.1	34.94	5584.77	0
302.41	0	5584.8	0.0	0.0	0.0	0.0	0.0	1	0	479.0	-530.1	34.94	5584.77	0
302.51	0	5584.8	0.0	0.0	0.0	0.0	0.0	1	0	479.0	-530.1	34.94	5584.77	0
302.61	0	5584.8	0.0	0.0	0.0	0.0	0.0	1	0	479.0	-530.1	34.94	5584.77	0
302.71	0	5584.8	0.0	0.0	0.0	0.0	0.0	1	0	479.0	-530.1	34.94	5584.77	0
302.81	0	5584.8	0.0	0.0	0.0	0.0	0.0	1	0	479.0	-530.1	34.94	5584.77	0
302.91	0	5584.8	0.0	0.0	0.0	0.0	0.0	1	0	479.0	-530.1	34.94	5584.78	0
303.01	0	5584.8	0.0	0.0	0.0	0.0	0.0	1	0	479.0	-530.1	34.94	5584.78	0
303.11	0	5584.8	0.0	0.0	0.0	0.0	0.0	1	0	479.0	-530.1	34.94	5584.78	0
303.21	0	5584.8	0.0	0.0	0.0	0.0	0.0	1	0	479.0	-530.1	34.94	5584.78	0
303.31	0	5584.8	0.0	0.0	0.0	0.0	0.0	1	0	479.0	-530.1	34.94	5584.78	0
303.41	0	5584.8	0.0	0.0	0.0	0.0	0.0	1	0	479.0	-530.1	34.94	5584.78	0
303.51	0	5584.8	0.0	0.0	0.0	0.0	0.0	1	0	479.0	-530.1	34.94	5584.78	0
303.61	0	5584.8	0.0	0.0	0.0	0.0	0.0	1	0	479.0	-530.1	34.94	5584.78	0
303.71	0	5584.8	0.0	0.0	0.0	0.0	0.0	1	0	479.0	-530.1	34.94	5584.78	0
303.81	0	5584.8	0.0	0.0	0.0	0.0	0.0	1	0	479.0	-530.1	34.94	5584.78	0
303.91	0	5584.8	0.0	0.0	0.0	0.0	0.0	1	0	479.0	-530.1	34.94	5584.78	0
304.01	0	5584.8	0.0	0.0	0.0	0.0	0.0	1	0	479.0	-530.1	34.94	5584.78	0
304.11	0	5584.8	0.0	0.0	0.0	0.0	0.0	1	0	479.0	-530.1	34.94	5584.78	0
304.21	0	5584.8	0.0	0.0	0.0	0.0	0.0	1	0	479.0	-530.1	34.94	5584.78	0
304.31	0	5584.8	0.0	0.0	0.0	0.0	0.0	1	0	479.0	-530.1	34.94	5584.78	0
304.41	0	5584.8	0.0	0.0	0.0	0.0	0.0	1	0	479.0	-530.1	34.94	5584.78	0
304.51	0	5584.8	0.0	0.0	0.0	0.0	0.0	1	0	479.0	-530.1	34.94	5584.78	0
304.61	0	5584.8	0.0	0.0	0.0	0.0	0.0	1	0	479.0	-530.1	34.94	5584.78	0
304.71	0	5584.8	0.0	0.0	0.0	0.0	0.0	1	0	479.0	-530.1	34.94	5584.78	0
304.81	0	5584.8	0.0	0.0	0.0	0.0	0.0	1	0	479.0	-530.1	34.94	5584.78	0
304.91	0	5584.8	0.0	0.0	0.0	0.0	0.0	1	0	479.0	-530.1	34.94	5584.78	0
305.01	0	5584.8	0.0	0.0	0.0	0.0	0.0	1	0	479.0	-530.1	34.94	5584.78	0
305.12	0	5584.8	0.0	0.0	0.0	0.0	0.0	1	0	479.0	-530.1	34.94	5584.78	0
305.22	0	5584.8	0.0	0.0	0.0	0.0	0.0	1	0	479.0	-530.1	34.94	5584.78	0
305.32	0	5584.8	0.0	0.0	0.0	0.0	0.0	1	0	479.0	-530.1	34.94	5584.78	0
305.42	0	5584.8	0.0	0.0	0.0	0.0	0.0	1	0	479.0	-530.1	34.94	5584.78	0
305.52	0	5584.8	0.0	0.0	0.0	0.0	0.0	1	0	479.0	-530.1	34.94	5584.78	0
305.62	0	5584.8	0.0	0.0	0.0	0.0	0.0	1	0	479.0	-530.1	34.94	5584.78	0
305.71	0	5584.8	0.0	0.0	0.0	0.0	0.0	1	0	479.0	-530.1	34.94	5584.78	0
305.81	0	5584.8	0.0	0.0	0.0	0.0	0.0	1	0	479.0	-530.1	34.94	5584.78	0
305.91	0	5584.8	0.0	0.0	0.0	0.0	0.0	1	0	479.0	-530.1	34.94	5584.78	0
306.01	0	5584.8	0.0	0.0	0.0	0.0	0.0	1	0	479.0	-530.1	34.94	5584.78	0
306.11	0	5584.8	0.0	0.0	0.0	0.0	0.0	1	0	479.0	-530.1	34.94	5584.78	0
306.21	0	5584.8	0.0	0.0	0.0	0.0	0.0	1	0	479.0	-530.1	34.94	5584.78	0
306.31	0	5584.8	0.0	0.0	0.0	0.0	0.0	1	0	479.0	-530.1	34.94	5584.78	0
306.41	0	5584.8	0.0	0.0	0.0	0.0	0.0	1	0	479.0	-530.1	34.94	5584.78	0
306.51	0	5584.8	0.0	0.0	0.0	0.0	0.0	1	0	479.0	-530.1	34.94	5584.78	0
306.61	0	5584.8	0.0	0.0	0.0	0.0	0.0	1	0	479.0	-530.1	34.94	5584.78	0
306.71	0	5584.8	0.0	0.0	0.0	0.0	0.0	1	0	479.0	-530.1	34.94	5584.78	0
306.81	0	5584.8	0.0	0.0	0.0	0.0	0.0	1	0	479.0	-530.1	34.94	5584.78	0
306.91	0	5584.8	0.0	0.0	0.0	0.0	0.0	1	0	479.0	-530.1	34.94	5584.78	0
307.01	0	5584.8	0.0	0.0	0.0	0.0	0.0	1	0	479.0	-530.1	34.94	5584.78	0
307.12	0	5584.8	0.0	0.0	0.0	0.0	0.0	1	0	479.0	-530.1	34.94	5584.78	0
307.22	0	5584.8	0.0	0.0	0.0	0.0	0.0	1	0	479.0	-530.1	34.94	5584.78	0
307.32	0	5584.8	0.0	0.0	0.0	0.0	0.0	1	0	479.0	-530.1	34.94	5584.78	0
307.42	0	5584.8	0.0	0.0	0.0	0.0	0.0	1	0	479.0	-530.1	34.94	5584.78	0
307.52	0	5584.8	0.0	0.0	0.0	0.0	0.0	1	0	479.0	-530.1	34.94	5584.78	0
307.62	0	5584.8	0.0	0.0	0.0	0.0	0.0	1	0	479.0	-530.1	34.94	5584.78	0
307.72	0	5584.8	0.0	0.0	0.0	0.0	0.0	1	0	479.0	-530.1	34.94	5584.78	0
307.82	0	5584.8	0.0	0.0	0.0	0.0	0.0	1	0	479.0	-530.1	34.94	5584.78	0
307.92	0	5584.8	0.0	0.0	0.0	0.0	0.0	1	0	479.0	-530.1	34.94	5584.78	0
308.02	0	5584.8	0.0	0.0	0.0	0.0	0.0	1	0	479.0	-530.1	34.94	5584.78	0
308.12	0	5584.8	0.0	0.0	0.0	0.0	0.0	1	0	479.0	-530.1	34.94	5584.78	0
308.22	0	5584.8	0.0	0.0	0.0	0.0	0.0	1	0	479.0	-530.1	34.94	5584.78	0
308.32	0	5584.8	0.0	0.0	0.0	0.0	0.0	1	0	479.0	-530.1	34.94	5584.78	0
308.42	0	5584.8	0.0	0.0	0.0	0.0	0.0	1	0	479.0	-530.1	34.94	5584.78	0
308.52	0	5584.8	0.0	0.0	0.0	0.0	0.0	1	0	479.0	-530.1	34.94	5584.78	0
308.62	0	5584.8	0.0	0.0	0.0	0.0	0.0	1	0	479.0	-530.1	34.94	5584.78	0
308.72	0	5584.8	0.0	0.0	0.0	0.0	0.0	1	0	479.0	-530.1	34.94	5584.78	0
308.82	0	5584.8	0.0	0.0	0.0	0.0	0.0	1	0	479.0	-530.1	34.94	5584.78	0
308.92	0	5584.8	0.0	0.0	0.0	0.0	0.0	1	0	479.0	-530.1	34.94	5584.78	0
309.02	0	5584.8	0.0	0.0	0.0	0.0	0.0	1	0	479.0	-530.1	34.94	5584.78	0
309.13	0	5584.8	0.0	0.0	0.0	0.0	0.0	1	0	479.0	-530.1	34.94	5584.78	0
309.23	0	5584.8	0.0	0.0	0.0	0.0	0.0	1	0	479.0	-530.1	34.94	5584.78	0
309.33	0	5584.8	0.0	0.0	0.0	0.0	0.0	1	0	479.0	-530.1	34.94	5584.78	0
309.43	0	5584.8	0.0	0.0	0.0	0.0	0.0	1	0	479.0	-530.1	34.94	5584.78	0
309.53	0	5584.8	0.0	0.0	0.0	0.0	0.0	1	0	479.0	-530.1	34.94	5584.78	0
309.63	0	5584.8	0.0	0.0	0.0	0.0	0.0	1	0	479.0	-530.1	34.94	5584.78	0
309.73	0	5584.8	0.0	0.0	0.0	0.0	0.0	1	0	479.0	-530.1	34.94	5584.78	0
309.83	0	5584.8	0.0	0.0	0.0	0.0	0.0	1	0	479.0	-530.1	34.94	5584.78	0
309.93	0	5584.8	0.0	0.0	0.0	0.0	0.0	1	0	479.0	-530.1	34.94	5584.78	0
310.03	0	5584.8	0.0	0.0	0.0	0.0	0.0	1	0	479.0	-530.1	34.94	5584.78	0
310.13	0	5584.8	0.0	0.0	0.0	0.0	0.0	1	0	479.0	-530.1	34.94	5584.78	0
310.23	0	5584.8	0.0	0.0	0.0	0.0	0.0	1	0	479.0	-530.1	34.94	5584.78	0
310.33	0	5584.8	0.0	0.0	0.0	0.0	0.0	1	0	479.0	-530.1	34.94	5584.78	0
310.45	0	5584.8	0.0	0.0	0.0	0.0	0.0	1	0	479.0	-530.1	34.94	5584.78	0
310.55	0	5584.8	0.0	0.0	0.0	0.0	0.0	1	0	479.0	-530.1	34.94	5584.78	0
310.65	0	5584.8	0.0	0.0	0.0	0.0	0.0	1	0	479.0	-530.1	34.94	5584.78	0
310.74	0	5584.8	0.0	0.0	0.0	0.0	0.0	1	0	479.0	-530.1	34.94	5584.78	0
310.85	0	5584.8	0.0	0.0	0.0	0.0	0.0	1	0	479.0	-530.1	34.94	5584.78	0
310.95	0	5584.8	0.0	0.0	0.0	0.0	0.0	1	0	479.0	-530.1	34.94	5584.78	0
311.05	0	5584.8	0.0	0.0	0.0	0.0	0.0	1	0	479.0	-530.1	34.94	5584.78	0
311.15	0	5584.8	0.0	0.0	0.0	0.0	0.0	1	0	479.0	-530.1	34.94	5584.78	0
