# monza_racer telemetry — Lotus 49 @ monza
# t	lap	lapdist	kmh	thr	brk	steer	clu	gear	rpm	x	z	lat	along	ontrack
0.3	0	9.1	0.1	0.0	0.0	0.01	0.0	1	1953	294.2	-511.4	0.0	9.06	1
0.6	0	14.8	0.1	0.0	0.0	0.01	0.0	1	1953	294.2	-511.4	0.0	14.82	1
0.9	0	18.1	0.1	0.0	0.0	0.01	0.0	1	1953	294.2	-511.4	0.0	18.06	1
1.05	0	17.4	0.1	0.0	0.0	0.01	0.0	1	1953	294.2	-511.4	0.0	17.36	1
1.16	0	14.6	0.0	0.0	0.0	0.01	0.0	1	1953	294.2	-511.4	0.0	14.57	1
1.27	0	12.0	0.0	0.0	0.0	0.01	0.0	1	1953	294.2	-511.4	0.0	11.97	1
1.37	0	9.9	0.0	0.0	0.0	0.01	0.0	1	1953	294.2	-511.4	0.0	9.94	1
1.47	0	8.2	0.0	0.0	0.0	0.01	0.0	1	1953	294.2	-511.4	0.0	8.23	1
1.57	0	6.9	0.0	0.0	0.0	0.01	0.0	1	1953	294.2	-511.4	0.0	6.93	1
1.67	0	5.8	0.0	0.0	0.0	0.01	0.0	1	1953	294.2	-511.4	0.0	5.82	1
1.77	0	4.9	0.0	0.0	0.0	0.01	0.0	1	1953	294.2	-511.4	0.0	4.92	1
1.87	0	4.2	0.0	0.0	0.0	0.01	0.0	1	1953	294.2	-511.4	0.0	4.2	1
1.97	0	3.6	0.0	0.0	0.0	0.01	0.0	1	1953	294.2	-511.4	0.0	3.6	1
2.07	0	3.1	0.0	0.0	0.0	0.01	0.0	1	1953	294.2	-511.4	0.0	3.12	1
2.17	0	2.7	0.0	0.0	0.0	0.01	0.0	1	1953	294.2	-511.4	0.0	2.74	1
2.27	0	2.4	0.0	0.0	0.0	0.01	0.0	1	1953	294.2	-511.4	0.0	2.43	1
2.37	0	2.2	0.0	0.0	0.0	0.01	0.0	1	1953	294.2	-511.4	0.0	2.18	1
2.47	0	2.0	0.0	0.0	0.0	0.01	0.0	1	1953	294.2	-511.4	0.0	1.98	1
2.57	0	1.8	0.0	0.0	0.0	0.01	0.0	1	1953	294.2	-511.4	0.0	1.82	1
2.67	0	1.7	0.0	0.0	0.0	0.01	0.0	1	1953	294.2	-511.4	0.0	1.7	1
2.77	0	1.6	0.0	0.0	0.0	0.01	0.0	1	1953	294.2	-511.4	0.0	1.61	1
2.87	0	1.5	0.0	0.0	0.0	0.01	0.0	1	1953	294.2	-511.4	0.0	1.54	1
2.97	0	1.5	0.0	0.0	0.0	0.01	0.0	1	1953	294.2	-511.4	0.0	1.48	1
3.07	0	1.4	0.0	0.0	0.0	0.01	0.0	1	1953	294.2	-511.4	0.0	1.45	1
3.17	0	1.4	0.0	0.0	0.0	0.01	0.0	1	1953	294.2	-511.4	0.0	1.42	1
3.27	0	1.4	0.0	0.0	0.0	0.01	0.0	1	1953	294.2	-511.4	0.0	1.41	1
3.37	0	1.4	0.0	0.0	0.0	0.01	0.0	1	1953	294.2	-511.4	0.0	1.41	1
3.47	0	1.4	0.0	0.0	0.0	0.01	0.0	1	1953	294.2	-511.4	0.0	1.41	1
3.57	0	1.4	0.0	0.0	0.0	0.01	0.0	1	1953	294.2	-511.4	0.0	1.42	1
3.67	0	1.4	0.0	0.0	0.0	0.01	0.0	1	1953	294.2	-511.4	0.0	1.43	1
3.77	0	1.4	0.0	0.0	0.0	0.01	0.0	1	1953	294.2	-511.4	0.0	1.44	1
3.88	0	1.5	0.0	0.0	0.0	0.01	0.0	1	1953	294.2	-511.4	0.0	1.46	1
3.98	0	1.5	0.0	0.0	0.0	0.01	0.0	1	1953	294.2	-511.4	0.0	1.49	1
4.08	0	1.5	0.0	0.0	0.0	0.01	0.0	1	1953	294.2	-511.4	0.0	1.51	1
4.18	0	1.5	0.0	0.0	0.0	0.01	0.0	1	1953	294.2	-511.4	0.0	1.54	1
4.28	0	1.6	0.0	0.0	0.0	0.01	0.0	1	1953	294.2	-511.4	0.01	1.56	1
4.38	0	1.6	0.0	0.0	0.0	0.01	0.0	1	1953	294.2	-511.4	0.01	1.59	1
4.48	0	1.6	0.0	0.0	0.0	0.01	0.0	1	1953	294.2	-511.4	0.01	1.62	1
4.58	0	1.6	0.0	0.0	0.0	0.01	0.0	1	1953	294.2	-511.4	0.01	1.65	1
4.68	0	1.7	0.0	0.0	0.0	0.01	0.0	1	1953	294.2	-511.4	0.01	1.68	1
4.78	0	1.7	0.0	0.0	0.0	0.01	0.0	1	1953	294.2	-511.4	0.01	1.71	1
4.88	0	1.7	0.0	0.0	0.0	0.01	0.0	1	1953	294.2	-511.4	0.01	1.74	1
4.98	0	1.8	0.0	0.0	0.0	0.01	0.0	1	1953	294.2	-511.4	0.01	1.78	1
5.08	0	1.8	0.0	0.0	0.0	0.01	0.0	1	1953	294.2	-511.4	0.01	1.81	1
5.18	0	1.8	0.0	0.0	0.0	0.01	0.0	1	1953	294.2	-511.4	0.01	1.84	1
5.28	0	1.9	0.0	0.0	0.0	0.01	0.0	1	1953	294.2	-511.4	0.01	1.87	1
5.38	0	1.9	0.0	0.0	0.0	0.01	0.0	1	1953	294.2	-511.4	0.01	1.9	1
5.48	0	1.9	0.0	0.0	0.0	0.01	0.0	1	1953	294.2	-511.4	0.01	1.94	1
5.58	0	2.0	0.0	0.0	0.0	0.01	0.0	1	1953	294.2	-511.4	0.01	1.97	1
5.68	0	2.0	0.0	0.0	0.0	0.01	0.0	1	1953	294.2	-511.4	0.01	2.0	1
5.78	0	2.0	0.0	0.0	0.0	0.01	0.0	1	1953	294.2	-511.4	0.01	2.04	1
5.88	0	2.1	0.0	0.0	0.0	0.01	0.0	1	1953	294.2	-511.4	0.01	2.07	1
5.98	0	2.1	0.0	0.0	0.0	0.01	0.0	1	1953	294.2	-511.4	0.01	2.1	1
6.08	0	2.1	0.0	0.0	0.0	0.01	0.0	1	1953	294.2	-511.4	0.01	2.14	1
6.19	0	2.2	0.0	0.0	0.0	0.01	0.0	1	1953	294.2	-511.4	0.01	2.18	1
6.29	0	2.2	0.0	0.0	0.0	0.01	0.0	1	1953	294.2	-511.4	0.01	2.21	1
6.4	0	2.2	0.0	0.0	0.0	0.01	0.0	1	1953	294.2	-511.4	0.01	2.24	1
6.53	0	2.3	0.0	0.0	0.0	0.01	0.0	1	1953	294.2	-511.4	0.01	2.29	1
6.63	0	2.3	0.0	0.0	0.0	0.01	0.0	1	1953	294.2	-511.4	0.01	2.32	1
6.73	0	2.4	0.0	0.0	0.0	0.01	0.0	1	1953	294.2	-511.4	0.01	2.35	1
6.83	0	2.4	0.0	0.0	0.0	0.01	0.0	1	1953	294.2	-511.4	0.01	2.39	1
6.93	0	2.4	0.0	0.0	0.0	0.01	0.0	1	1953	294.2	-511.4	0.01	2.42	1
7.03	0	2.5	0.0	0.0	0.0	0.01	0.0	1	1953	294.2	-511.4	0.01	2.46	1
7.13	0	2.5	0.0	0.0	0.0	0.01	0.0	1	1953	294.2	-511.4	0.01	2.49	1
7.23	0	2.5	0.0	0.0	0.0	0.01	0.0	1	1953	294.2	-511.4	0.01	2.52	1
7.33	0	2.6	0.0	0.0	0.0	0.01	0.0	1	1953	294.2	-511.4	0.01	2.56	1
7.43	0	2.6	0.0	0.0	0.0	0.01	0.0	1	1953	294.2	-511.4	0.01	2.59	1
7.53	0	2.6	0.0	0.0	0.0	0.01	0.0	1	1953	294.2	-511.4	0.01	2.62	1
7.63	0	2.7	0.0	0.0	0.0	0.01	0.0	1	1953	294.2	-511.4	0.01	2.66	1
7.73	0	2.7	0.0	0.0	0.0	0.01	0.0	1	1953	294.2	-511.4	0.01	2.69	1
7.83	0	2.7	0.0	0.0	0.0	0.01	0.0	1	1953	294.2	-511.4	0.01	2.73	1
7.93	0	2.8	0.0	0.0	0.0	0.01	0.0	1	1953	294.2	-511.4	0.01	2.76	1
8.04	0	2.8	0.0	0.0	0.0	0.01	0.0	1	1953	294.2	-511.4	0.01	2.79	1
8.14	0	2.8	0.0	0.0	0.0	0.01	0.0	1	1953	294.2	-511.4	0.01	2.83	1
8.25	0	2.9	0.0	0.0	0.0	0.01	0.0	1	1953	294.2	-511.4	0.01	2.87	1
8.35	0	2.9	0.0	0.0	0.0	0.01	0.0	1	1953	294.2	-511.4	0.01	2.9	1
8.45	0	2.9	0.0	0.0	0.0	0.01	0.0	1	1953	294.2	-511.4	0.01	2.93	1
8.55	0	3.0	0.0	0.0	0.0	0.01	0.0	1	1953	294.2	-511.4	0.01	2.97	1
8.65	0	3.0	0.0	0.0	0.0	0.01	0.0	1	1953	294.2	-511.4	0.01	3.0	1
8.75	0	3.0	0.0	0.0	0.0	0.01	0.0	1	1953	294.2	-511.4	0.01	3.04	1
8.85	0	3.1	0.0	0.0	0.0	0.01	0.0	1	1953	294.2	-511.4	0.01	3.07	1
8.98	0	3.1	0.0	0.0	0.0	0.01	0.0	1	1953	294.2	-511.4	0.01	3.12	1
9.28	0	3.2	0.0	0.0	0.0	0.01	0.0	1	1953	294.2	-511.4	0.01	3.22	1
9.58	0	3.3	0.0	0.0	0.0	0.01	0.0	1	1953	294.2	-511.4	0.01	3.32	1
9.67	0	3.3	0.0	0.0	0.0	0.01	0.0	1	1953	294.2	-511.4	0.01	3.35	1
9.77	0	3.4	0.0	0.0	0.0	0.01	0.0	1	1953	294.2	-511.4	0.01	3.38	1
9.87	0	3.4	0.0	0.0	0.0	0.01	0.0	1	1953	294.2	-511.4	0.01	3.42	1
9.96	0	3.4	0.0	0.0	0.0	0.01	0.0	1	1953	294.2	-511.4	0.01	3.45	1
10.06	0	3.5	0.0	0.0	0.0	0.01	0.0	1	1953	294.2	-511.4	0.01	3.48	1
10.16	0	3.5	0.0	0.0	0.0	0.01	0.0	1	1953	294.2	-511.4	0.01	3.52	1
10.27	0	3.6	0.0	0.0	0.0	0.01	0.0	1	1953	294.2	-511.4	0.01	3.55	1
10.36	0	3.6	0.0	0.0	0.0	0.01	0.0	1	1953	294.2	-511.4	0.01	3.59	1
10.46	0	3.6	0.0	0.0	0.0	0.01	0.0	1	1953	294.2	-511.4	0.01	3.62	1
10.56	0	3.7	0.0	0.0	0.0	0.01	0.0	1	1953	294.2	-511.4	0.01	3.65	1
10.67	0	3.7	0.0	0.0	0.0	0.01	0.0	1	1953	294.2	-511.4	0.01	3.69	1
10.77	0	3.7	0.0	0.0	0.0	0.01	0.0	1	1953	294.2	-511.4	0.01	3.72	1
10.87	0	3.8	0.0	0.0	0.0	0.01	0.0	1	1953	294.2	-511.4	0.01	3.76	1
10.97	0	3.8	0.0	0.0	0.0	0.01	0.0	1	1953	294.2	-511.4	0.01	3.79	1
11.07	0	3.8	0.0	0.0	0.0	0.01	0.0	1	1953	294.2	-511.4	0.01	3.83	1
11.17	0	3.9	0.0	0.0	0.0	0.01	0.0	1	1953	294.2	-511.4	0.01	3.86	1
11.27	0	3.9	0.0	0.0	0.0	0.01	0.0	1	1953	294.2	-511.4	0.01	3.9	1
11.37	0	3.9	0.0	0.0	0.0	0.01	0.0	1	1953	294.2	-511.4	0.01	3.93	1
11.47	0	4.0	0.0	0.0	0.0	0.01	0.0	1	1953	294.2	-511.4	0.01	3.96	1
11.57	0	4.0	0.0	0.0	0.0	0.01	0.0	1	1953	294.2	-511.4	0.01	4.0	1
11.67	0	4.0	0.0	0.0	0.0	0.01	0.0	1	1953	294.2	-511.4	0.01	4.03	1
11.77	0	4.1	0.0	0.0	0.0	0.01	0.0	1	1953	294.2	-511.4	0.01	4.07	1
11.87	0	0.0	1.9	0.0	0.0	0.01	0.0	1	1006	294.1	-511.4	0.01	0.02	1
11.97	0	0.1	2.3	0.0	0.0	0.01	0.0	1	44	294.1	-511.4	0.02	0.1	1
12.07	0	0.1	0.3	0.0	0.0	0.01	0.0	1	12	294.0	-511.4	0.03	0.13	1
12.17	0	0.1	0.0	0.0	0.0	0.01	0.0	1	1	294.0	-511.4	0.03	0.13	1
12.27	0	0.1	0.0	0.0	0.0	0.01	0.0	1	0	294.0	-511.4	0.03	0.13	1
12.37	0	0.1	0.0	0.0	0.0	0.01	0.0	1	0	294.0	-511.4	0.03	0.13	1
12.47	0	0.1	0.0	0.0	0.0	0.01	0.0	1	0	294.0	-511.4	0.03	0.13	1
12.57	0	0.1	0.0	0.0	0.0	0.01	0.0	1	0	294.0	-511.4	0.03	0.13	1
12.68	0	0.1	0.0	0.0	0.0	0.01	0.0	1	0	294.0	-511.4	0.03	0.13	1
12.78	0	0.1	0.0	0.0	0.0	0.01	0.0	1	0	294.0	-511.4	0.03	0.13	1
12.88	0	0.1	0.0	0.0	0.0	0.01	0.0	1	0	294.0	-511.4	0.03	0.13	1
12.98	0	0.1	0.0	0.0	0.0	0.01	0.0	1	0	294.0	-511.4	0.03	0.13	1
13.08	0	0.1	0.0	0.0	0.0	0.01	0.0	1	0	294.0	-511.4	0.03	0.13	1
13.18	0	0.1	0.0	0.0	0.0	0.01	0.0	1	0	294.0	-511.4	0.03	0.13	1
13.28	0	0.1	0.0	0.0	0.0	0.01	0.0	1	0	294.0	-511.4	0.03	0.13	1
13.38	0	0.1	0.0	0.0	0.0	0.01	0.0	1	0	294.0	-511.4	0.03	0.13	1
13.48	0	0.1	0.0	0.0	0.0	0.01	0.0	1	0	294.0	-511.4	0.03	0.13	1
13.58	0	0.1	0.0	0.0	0.0	0.01	0.47	1	0	294.0	-511.4	0.03	0.13	1
13.68	0	0.1	0.3	0.0	0.0	0.01	1.0	1	1927	294.0	-511.4	0.03	0.13	1
13.78	0	0.1	0.2	0.0	0.0	0.01	1.0	1	1951	294.0	-511.4	0.03	0.14	1
13.88	0	0.1	0.2	0.0	0.0	0.01	1.0	1	1953	294.0	-511.4	0.03	0.15	1
13.98	0	0.2	0.2	0.0	0.0	0.01	1.0	1	1953	294.0	-511.4	0.03	0.15	1
14.08	0	0.2	0.1	0.0	0.0	0.01	1.0	1	1953	294.0	-511.4	0.03	0.16	1
14.18	0	0.2	0.1	0.0	0.0	0.01	1.0	1	1953	294.0	-511.4	0.03	0.16	1
14.28	0	0.2	0.1	0.0	0.0	0.01	1.0	1	1953	294.0	-511.4	0.03	0.16	1
14.38	0	0.2	0.1	0.0	0.0	0.0	1.0	1	1953	294.0	-511.4	0.03	0.16	1
14.48	0	0.2	0.1	0.0	0.0	0.0	1.0	1	1953	294.0	-511.4	0.03	0.17	1
14.58	0	0.2	0.0	0.0	0.0	0.0	1.0	1	1953	294.0	-511.4	0.03	0.17	1
14.71	0	0.2	0.0	0.0	0.0	0.0	1.0	1	1953	294.0	-511.4	0.03	0.17	1
14.81	0	0.2	0.0	0.0	0.0	0.0	1.0	1	1953	294.0	-511.4	0.03	0.17	1
14.91	0	0.2	0.0	0.0	0.0	0.0	1.0	1	1953	294.0	-511.4	0.03	0.17	1
15.01	0	0.2	0.0	0.0	0.0	0.0	1.0	1	1953	294.0	-511.4	0.03	0.17	1
15.11	0	0.2	0.0	0.0	0.0	0.0	1.0	1	1953	294.0	-511.4	0.03	0.17	1
15.21	0	0.2	1.6	0.52	0.0	0.1	0.0	1	1670	294.0	-511.4	0.04	0.19	1
15.33	0	0.3	2.5	0.0	0.0	0.01	1.0	1	1897	293.9	-511.4	0.05	0.26	1
15.43	0	0.3	2.3	0.0	0.0	0.01	1.0	1	1949	293.8	-511.3	0.05	0.33	1
15.53	0	0.4	2.3	0.0	0.0	0.02	1.0	1	1953	293.8	-511.3	0.06	0.39	1
15.63	0	0.5	3.4	0.43	0.0	0.09	0.0	1	1720	293.7	-511.3	0.07	0.46	1
15.73	0	0.6	5.2	0.62	0.0	0.12	0.0	1	1662	293.6	-511.3	0.09	0.58	1
15.83	0	0.7	6.9	0.63	0.0	0.06	0.0	1	1665	293.4	-511.3	0.11	0.75	1
15.93	0	1.0	8.6	0.63	0.0	0.07	0.0	1	1665	293.2	-511.3	0.13	0.96	1
16.03	0	1.2	10.3	0.61	0.0	0.07	0.0	1	1661	292.9	-511.3	0.17	1.22	1
16.13	0	1.5	12.0	0.58	0.0	0.07	0.0	1	1657	292.6	-511.2	0.21	1.53	1
16.23	0	1.9	13.7	0.58	0.0	0.07	0.0	1	1656	292.3	-511.2	0.26	1.89	1
16.33	0	2.3	15.3	0.58	0.0	0.07	0.0	1	1656	291.9	-511.2	0.31	2.29	1
16.43	0	2.7	17.0	0.58	0.0	0.07	0.0	1	1657	291.4	-511.1	0.37	2.73	1
16.53	0	3.2	18.7	0.56	0.0	0.05	0.0	1	1655	290.9	-511.1	0.43	3.22	1
16.63	0	3.8	20.3	0.48	0.0	0.05	0.0	1	1645	290.4	-511.0	0.5	3.76	1
16.73	0	4.3	21.7	0.17	0.0	0.02	0.0	1	1645	289.8	-511.0	0.58	4.34	1
16.83	0	4.9	21.6	0.0	0.0	0.01	0.0	1	1584	289.2	-510.9	0.65	4.93	1
16.93	0	5.5	21.3	0.0	0.0	0.01	0.0	1	1561	288.6	-510.9	0.73	5.53	1
17.03	0	6.3	21.0	0.0	0.0	0.01	0.0	1	1540	288.0	-510.8	0.76	6.27	1
17.13	0	6.9	21.5	0.42	0.0	0.06	0.0	1	1650	287.4	-510.8	0.72	6.85	1
17.23	0	7.5	22.8	0.58	0.0	0.1	0.0	1	1747	286.8	-510.7	0.68	7.47	1
17.33	0	8.1	24.0	0.58	0.0	0.07	0.0	1	1818	286.2	-510.7	0.65	8.11	1
17.43	0	8.8	24.8	0.58	0.0	0.07	0.0	1	1873	285.5	-510.6	0.62	8.79	1
17.53	0	9.5	25.5	0.62	0.0	0.07	0.0	1	1918	284.8	-510.6	0.58	9.48	1
17.63	0	10.2	26.1	0.63	0.0	0.03	0.0	1	1956	284.1	-510.6	0.58	10.21	1
17.73	0	11.0	26.6	0.66	0.0	0.03	0.0	1	1990	283.4	-510.5	0.61	10.97	1
17.83	0	11.7	27.1	0.66	0.0	0.01	0.0	1	2022	282.6	-510.5	0.56	11.72	1
17.93	0	12.5	27.5	0.66	0.0	0.01	0.0	1	2053	281.9	-510.4	0.52	12.47	1
18.03	0	13.2	27.9	0.66	0.0	0.01	0.0	1	2086	281.1	-510.4	0.47	13.24	1
18.13	0	14.0	28.4	0.66	0.0	0.01	0.0	1	2118	280.3	-510.3	0.42	14.02	1
18.23	0	14.8	28.8	0.66	0.0	0.01	0.0	1	2150	279.5	-510.3	0.37	14.81	1
18.33	0	15.6	29.2	0.66	0.0	0.02	0.0	1	2181	278.7	-510.2	0.32	15.62	1
18.43	0	16.4	29.6	0.66	0.0	0.04	0.0	1	2213	277.9	-510.2	0.28	16.43	1
18.53	0	17.3	30.1	0.66	0.0	0.04	0.0	1	2244	277.1	-510.1	0.23	17.26	1
18.63	0	18.1	30.5	0.66	0.0	0.05	0.0	1	2276	276.2	-510.1	0.19	18.11	1
18.73	0	19.0	30.9	0.69	0.0	0.02	0.0	1	2311	275.4	-510.1	0.15	18.96	1
18.83	0	19.8	31.4	0.69	0.0	0.02	0.0	1	2345	274.5	-510.0	0.11	19.82	1
18.93	0	20.7	31.8	0.69	0.0	0.02	0.0	1	2378	273.6	-510.0	0.07	20.7	1
19.03	0	21.6	32.3	0.69	0.0	0.02	0.0	1	2412	272.7	-509.9	0.04	21.59	1
19.13	0	22.5	32.7	0.69	0.0	0.02	0.0	1	2445	271.8	-509.9	-0.0	22.49	1
19.23	0	23.4	33.2	0.69	0.0	0.02	0.0	1	2479	270.9	-509.9	-0.04	23.41	1
19.33	0	24.3	33.6	0.69	0.0	0.02	0.0	1	2512	270.0	-509.8	-0.07	24.33	1
19.43	0	25.3	34.1	0.69	0.0	0.02	0.0	1	2545	269.1	-509.8	-0.1	25.27	1
19.53	0	26.2	34.5	0.69	0.0	0.01	0.0	1	2578	268.1	-509.8	-0.14	26.22	1
19.63	0	27.2	35.0	0.69	0.0	0.01	0.0	1	2610	267.1	-509.7	-0.17	27.19	1
19.73	0	28.2	35.4	0.69	0.0	0.01	0.0	1	2643	266.2	-509.7	-0.2	28.17	1
19.83	0	29.2	35.8	0.69	0.0	0.01	0.0	1	2676	265.2	-509.7	-0.23	29.16	1
19.93	0	30.2	36.3	0.69	0.0	0.01	0.0	1	2708	264.2	-509.7	-0.26	30.16	1
20.03	0	31.2	36.7	0.69	0.0	0.01	0.0	1	2740	263.2	-509.6	-0.29	31.17	1
20.13	0	32.2	37.1	0.69	0.0	0.01	0.0	1	2772	262.1	-509.6	-0.32	32.2	1
20.23	0	33.2	37.6	0.69	0.0	0.01	0.0	1	2804	261.1	-509.6	-0.35	33.24	1
20.33	0	34.3	38.0	0.69	0.0	0.01	0.0	1	2836	260.0	-509.5	-0.38	34.28	1
20.43	0	35.3	38.4	0.63	0.0	0.01	0.0	1	2864	259.0	-509.5	-0.41	35.34	1
20.53	0	36.4	38.7	0.36	0.0	0.05	0.0	1	2859	257.9	-509.5	-0.44	36.42	1
20.63	0	37.5	38.6	0.0	0.0	-0.0	1.0	1	2726	256.8	-509.5	-0.46	37.49	1
20.73	0	38.6	38.4	0.0	0.0	-0.0	1.0	2	2557	255.8	-509.4	-0.49	38.56	1
20.83	0	39.6	38.3	0.0	0.0	-0.0	1.0	2	2400	254.7	-509.4	-0.51	39.63	1
20.93	0	40.7	38.2	0.0	0.0	-0.0	1.0	2	2252	253.6	-509.4	-0.53	40.69	1
21.03	0	41.7	38.0	0.0	0.0	-0.0	0.53	2	2147	252.6	-509.4	-0.56	41.75	1
21.13	0	42.8	37.7	0.0	0.0	0.02	0.0	2	2127	251.5	-509.3	-0.58	42.8	1
21.23	0	43.8	37.3	0.0	0.0	0.01	0.0	2	2108	250.5	-509.3	-0.61	43.85	1
21.33	0	44.9	35.9	0.33	0.0	0.01	0.0	1	2603	249.5	-509.3	-0.63	44.86	1
21.43	0	45.9	35.9	0.55	0.0	0.05	0.0	1	2667	248.5	-509.3	-0.64	45.85	1
21.53	0	46.9	36.2	0.62	0.0	0.03	0.0	1	2694	247.5	-509.3	-0.66	46.86	1
21.63	0	47.9	36.5	0.62	0.0	0.03	0.0	1	2720	246.5	-509.3	-0.67	47.86	1
21.73	0	48.9	36.9	0.63	0.0	0.03	0.0	1	2748	245.4	-509.2	-0.68	48.88	1
21.83	0	49.9	37.2	0.63	0.0	0.01	0.0	1	2774	244.4	-509.2	-0.69	49.92	1
21.93	0	51.0	37.6	0.64	0.0	0.01	0.0	1	2801	243.4	-509.2	-0.7	50.95	1
22.03	0	52.0	37.9	0.64	0.0	0.01	0.0	1	2828	242.3	-509.2	-0.71	52.0	1
22.13	0	53.1	38.3	0.64	0.0	0.01	0.0	1	2855	241.3	-509.2	-0.72	53.06	1
22.24	0	54.3	38.7	0.64	0.0	0.01	0.0	1	2890	240.0	-509.2	-0.73	54.29	1
22.34	0	55.4	39.1	0.64	0.0	0.01	0.0	1	2922	238.9	-509.2	-0.74	55.38	1
22.44	0	56.5	39.6	0.64	0.0	0.01	0.0	1	2956	237.9	-509.2	-0.74	56.47	1
22.54	0	57.6	40.0	0.64	0.0	0.01	0.0	1	2993	236.7	-509.2	-0.75	57.58	1
22.64	0	58.7	40.5	0.64	0.0	0.01	0.0	1	3032	235.6	-509.2	-0.75	58.7	1
22.74	0	59.8	41.1	0.64	0.0	0.01	0.0	1	3074	234.5	-509.2	-0.75	59.83	1
22.84	0	61.0	41.6	0.64	0.0	0.01	0.0	1	3118	233.3	-509.2	-0.76	60.98	1
22.94	0	62.1	42.2	0.64	0.0	0.01	0.0	1	3165	232.2	-509.2	-0.76	62.15	1
23.04	0	63.3	42.8	0.64	0.0	0.01	0.0	1	3215	231.0	-509.2	-0.76	63.33	1
23.14	0	64.5	43.5	0.64	0.0	0.01	0.0	1	3268	229.8	-509.2	-0.75	64.53	1
23.24	0	65.7	44.2	0.64	0.0	0.01	0.0	1	3325	228.6	-509.2	-0.75	65.75	1
23.34	0	67.0	45.0	0.64	0.0	0.0	0.0	1	3385	227.3	-509.2	-0.75	66.98	1
23.44	0	68.2	45.7	0.64	0.0	0.0	0.0	1	3449	226.1	-509.3	-0.74	68.24	1
23.54	0	69.5	46.6	0.64	0.0	0.0	0.0	1	3516	224.8	-509.3	-0.74	69.52	1
23.64	0	70.8	47.5	0.64	0.0	0.0	0.0	1	3588	223.5	-509.3	-0.73	70.84	1
23.74	0	72.2	48.4	0.64	0.0	0.0	0.0	1	3664	222.2	-509.3	-0.73	72.17	1
23.84	0	73.5	49.4	0.64	0.0	0.0	0.0	1	3745	220.8	-509.3	-0.72	73.53	1
23.94	0	74.9	50.5	0.64	0.0	0.0	0.0	1	3829	219.4	-509.3	-0.71	74.91	1
24.04	0	76.3	51.6	0.64	0.0	0.0	0.0	1	3920	218.0	-509.3	-0.7	76.34	1
24.14	0	77.8	52.7	0.64	0.0	0.0	0.0	1	4013	216.5	-509.3	-0.69	77.78	1
24.24	0	79.3	53.9	0.64	0.0	0.0	0.0	1	4113	215.1	-509.3	-0.69	79.26	1
24.34	0	80.8	55.2	0.64	0.0	0.0	0.0	1	4218	213.5	-509.4	-0.68	80.78	1
24.44	0	82.3	56.6	0.64	0.0	0.0	0.0	1	4327	212.0	-509.4	-0.66	82.33	1
24.58	0	84.5	58.5	0.64	0.0	0.0	0.0	1	4482	209.9	-509.4	-0.65	84.46	1
24.68	0	86.1	60.0	0.64	0.0	0.0	0.26	1	4607	208.2	-509.4	-0.64	86.12	1
24.78	0	87.8	61.1	0.51	0.0	0.02	0.96	1	4810	206.5	-509.4	-0.61	87.81	1
24.88	0	89.5	60.9	0.16	0.0	0.03	1.0	1	5106	204.8	-509.5	-0.58	89.51	1
24.98	0	91.2	60.7	0.0	0.0	0.0	1.0	2	4792	203.1	-509.5	-0.54	91.19	1
25.08	0	92.9	60.6	0.0	0.0	0.0	1.0	2	4497	201.5	-509.5	-0.5	92.88	1
25.18	0	94.6	61.0	0.0	0.0	0.0	0.63	2	3889	199.8	-509.5	-0.46	94.56	1
25.28	0	96.3	61.3	0.0	0.0	0.0	0.0	2	3457	198.1	-509.6	-0.42	96.27	1
25.38	0	98.0	60.8	0.16	0.0	0.02	0.0	2	3439	196.4	-509.6	-0.38	97.96	1
25.48	0	99.7	60.7	0.36	0.0	0.03	0.0	2	3473	194.7	-509.6	-0.33	99.65	1
25.58	0	101.3	61.0	0.51	0.0	0.03	0.0	2	3513	193.0	-509.7	-0.28	101.34	1
25.68	0	103.0	61.4	0.53	0.0	0.03	0.0	2	3545	191.3	-509.7	-0.22	103.04	1
25.78	0	104.7	61.9	0.53	0.0	0.03	0.0	2	3573	189.6	-509.8	-0.15	104.75	1
25.88	0	106.5	62.4	0.53	0.0	0.01	0.0	2	3603	187.9	-509.9	-0.08	106.47	1
25.98	0	108.2	62.9	0.53	0.0	0.01	0.0	2	3633	186.1	-509.9	0.0	108.21	1
26.08	0	110.0	63.4	0.53	0.0	0.01	0.0	2	3664	184.4	-510.0	0.08	109.96	1
26.18	0	111.7	63.9	0.54	0.0	0.01	0.0	2	3699	182.6	-510.1	0.17	111.73	1
26.28	0	113.5	64.5	0.54	0.0	0.01	0.0	2	3734	180.8	-510.2	0.26	113.51	1
26.38	0	115.3	65.1	0.54	0.0	0.01	0.0	2	3770	179.0	-510.2	0.35	115.31	1
26.48	0	117.1	65.7	0.54	0.0	0.01	0.0	2	3807	177.2	-510.3	0.45	117.13	1
26.58	0	119.0	66.3	0.54	0.0	0.01	0.0	2	3844	175.4	-510.4	0.55	118.95	1
26.68	0	120.8	67.0	0.54	0.0	0.01	0.0	2	3883	173.5	-510.5	0.66	120.8	1
26.78	0	122.7	67.6	0.54	0.0	0.01	0.0	2	3923	171.7	-510.6	0.77	122.67	1
26.88	0	124.6	68.3	0.54	0.0	0.0	0.0	2	3963	169.8	-510.7	0.88	124.55	1
26.98	0	126.4	69.0	0.58	0.0	0.0	0.0	2	4017	167.9	-510.8	1.02	126.44	1
27.08	0	128.4	69.8	0.58	0.0	0.0	0.0	2	4065	165.9	-510.9	1.17	128.35	1
27.18	0	130.3	70.6	0.58	0.0	0.0	0.0	2	4114	164.0	-511.0	1.32	130.3	1
27.28	0	132.3	71.4	0.58	0.0	0.0	0.0	2	4165	162.0	-511.1	1.48	132.26	1
27.38	0	134.2	72.3	0.58	0.0	0.0	0.0	2	4217	160.0	-511.2	1.64	134.24	1
27.48	0	136.3	73.2	0.58	0.0	-0.02	0.0	2	4271	158.0	-511.4	1.8	136.27	1
27.58	0	138.3	74.1	0.58	0.0	-0.02	0.0	2	4328	156.0	-511.5	1.96	138.3	1
27.68	0	140.4	75.0	0.58	0.0	-0.02	0.0	2	4385	153.9	-511.6	2.12	140.37	1
27.78	0	142.5	76.0	0.58	0.0	-0.02	0.0	2	4444	151.8	-511.7	2.28	142.47	1
27.88	0	144.6	76.9	0.58	0.0	-0.02	0.0	2	4503	149.7	-511.8	2.43	144.57	1
27.98	0	146.7	77.9	0.58	0.0	-0.02	0.0	2	4565	147.5	-511.9	2.58	146.73	1
28.08	0	148.9	79.0	0.58	0.0	-0.02	0.0	2	4628	145.4	-512.0	2.73	148.9	1
28.18	0	151.1	80.0	0.58	0.0	-0.02	0.0	2	4692	143.2	-512.1	2.87	151.1	1
28.28	0	153.3	81.1	0.58	0.0	-0.02	0.03	2	4758	140.9	-512.2	3.01	153.35	1
28.38	0	155.6	82.2	0.52	0.0	0.0	0.61	2	4808	138.7	-512.2	3.14	155.6	1
28.48	0	157.9	82.2	0.26	0.0	0.0	1.0	2	5097	136.4	-512.3	3.27	157.88	1
28.58	0	160.2	82.0	0.0	0.0	0.0	1.0	2	4838	134.1	-512.4	3.4	160.16	1
28.68	0	162.4	81.7	0.0	0.0	0.0	1.0	2	4539	131.8	-512.5	3.53	162.43	1
28.78	0	164.6	81.5	0.0	0.0	0.0	1.0	3	4259	129.6	-512.5	3.69	164.65	1
28.88	0	166.9	81.3	0.0	0.0	0.0	1.0	3	3996	127.3	-512.6	3.86	166.9	1
28.98	0	169.1	81.1	0.0	0.0	0.0	1.0	3	3750	125.0	-512.7	4.02	169.15	1
29.08	0	171.4	80.8	0.0	0.0	0.0	0.95	3	3519	122.8	-512.8	4.19	171.39	1
29.18	0	173.6	80.4	0.0	0.0	0.0	0.17	3	3477	120.6	-512.9	4.35	173.61	1
29.31	0	176.5	79.9	0.3	0.0	0.02	0.0	3	3493	117.7	-513.0	4.57	176.45	1
29.39	0	178.3	79.9	0.45	0.0	0.02	0.0	3	3516	115.9	-513.1	4.71	178.28	1
29.49	0	180.5	80.1	0.52	0.0	0.02	0.0	3	3537	113.7	-513.2	4.89	180.51	1
29.59	0	182.7	80.4	0.52	0.0	0.02	0.0	3	3551	111.4	-513.3	5.08	182.71	1
29.69	0	184.9	80.7	0.55	0.0	-0.0	0.0	3	3567	109.2	-513.4	5.27	184.94	1
29.79	0	187.2	81.0	0.55	0.0	-0.0	0.0	3	3583	107.0	-513.5	5.47	187.18	1
29.89	0	189.4	81.3	0.56	0.0	-0.0	0.0	3	3601	104.7	-513.6	5.67	189.43	1
29.99	0	191.7	81.7	0.58	0.0	-0.02	0.0	3	3624	102.4	-513.7	5.87	191.69	1
30.09	0	194.0	82.1	0.58	0.0	-0.04	0.0	3	3641	100.2	-513.8	6.07	193.95	1
30.19	0	196.2	82.5	0.58	0.0	-0.04	0.0	3	3660	97.9	-514.0	6.25	196.23	1
30.29	0	198.5	82.9	0.58	0.0	-0.04	0.0	3	3679	95.6	-514.0	6.43	198.53	1
30.39	0	200.8	83.3	0.58	0.0	-0.03	0.0	3	3699	93.3	-514.1	6.58	200.82	1
30.49	0	202.2	83.8	0.58	0.0	-0.03	0.0	3	3719	91.0	-514.2	7.03	202.18	1
30.59	0	204.5	84.2	0.59	0.0	-0.03	0.0	3	3737	88.6	-514.2	7.48	204.48	1
30.69	0	206.8	84.7	0.59	0.0	-0.02	0.0	3	3758	86.3	-514.3	7.91	206.78	1
30.79	0	209.2	85.1	0.58	0.0	-0.0	0.0	3	3780	83.8	-514.3	8.33	209.21	1
30.89	0	212.8	85.6	0.58	0.0	-0.0	0.0	3	3804	81.4	-514.3	8.58	212.84	1
30.99	0	215.2	86.1	0.58	0.0	-0.0	0.0	3	3825	79.1	-514.4	8.66	215.22	1
31.09	0	217.6	86.5	0.59	0.0	0.0	0.0	3	3848	76.7	-514.4	8.74	217.62	1
31.19	0	220.4	87.0	0.58	0.0	0.0	0.0	3	3870	74.3	-514.4	8.8	220.4	1
31.29	0	222.8	87.5	0.58	0.0	0.0	0.0	3	3893	71.8	-514.4	8.78	222.84	1
31.39	0	225.3	88.0	0.58	0.0	0.0	0.0	3	3916	69.4	-514.4	8.76	225.28	1
31.49	0	227.7	88.5	0.58	0.0	0.0	0.0	3	3939	66.9	-514.5	8.75	227.73	1
31.59	0	229.9	89.0	0.58	0.0	0.0	0.0	3	3963	64.4	-514.5	8.8	229.9	1
31.69	0	232.4	89.5	0.58	0.0	0.0	0.0	3	3987	62.0	-514.5	8.88	232.36	1
31.79	0	234.9	90.1	0.58	0.0	0.0	0.0	3	4012	59.5	-514.6	8.97	234.86	1
31.89	0	237.4	90.6	0.58	0.0	0.0	0.0	3	4036	57.0	-514.6	9.06	237.36	0
31.99	0	240.1	91.1	0.58	0.0	-0.02	0.0	3	4061	54.5	-514.7	9.09	240.09	0
32.09	0	242.6	91.7	0.58	0.0	-0.03	0.0	3	4087	51.9	-514.7	9.07	242.64	0
32.19	0	245.2	92.2	0.59	0.0	-0.06	0.0	3	4113	49.4	-514.7	9.0	245.19	1
32.29	0	251.4	92.8	0.58	0.0	-0.06	0.0	3	4140	46.8	-514.8	8.43	251.35	1
32.39	0	254.1	93.4	0.58	0.0	-0.06	0.0	3	4163	44.2	-514.7	7.0	254.1	1
32.49	0	255.1	93.9	0.58	0.0	-0.0	0.0	3	4188	41.6	-514.7	6.12	255.13	1
32.59	0	256.5	94.5	0.58	0.0	0.0	0.0	3	4215	39.0	-514.7	5.93	256.51	1
32.69	0	259.1	95.1	0.58	0.0	0.0	0.0	3	4242	36.4	-514.6	5.67	259.13	1
32.79	0	260.8	95.7	0.58	0.0	0.0	0.0	3	4274	33.7	-514.6	5.89	260.81	1
32.89	0	264.0	96.4	0.58	0.0	0.0	0.0	3	4291	31.0	-514.5	6.06	264.01	1
32.99	0	266.7	96.9	0.58	0.0	0.0	0.0	3	4329	28.3	-514.5	6.07	266.69	1
33.09	0	269.4	97.6	0.58	0.0	0.0	0.0	3	4357	25.6	-514.4	6.09	269.4	1
33.19	0	272.1	98.2	0.58	0.0	0.0	0.0	3	4384	22.9	-514.4	6.1	272.11	1
33.29	0	274.9	98.9	0.58	0.0	0.0	0.0	3	4414	20.2	-514.3	6.11	274.92	1
33.39	0	277.7	99.5	0.58	0.0	0.0	0.0	3	4444	17.4	-514.3	6.1	277.68	1
33.49	0	280.4	100.2	0.58	0.0	0.0	0.0	3	4475	14.7	-514.2	6.1	280.45	1
33.59	0	283.2	100.8	0.58	0.0	0.0	0.0	3	4506	11.9	-514.2	6.1	283.25	1
33.69	0	286.1	101.5	0.58	0.0	0.0	0.0	3	4537	9.1	-514.2	6.09	286.06	1
33.79	0	288.9	102.2	0.58	0.0	0.0	0.0	3	4569	6.2	-514.1	6.09	288.9	1
33.89	0	291.7	102.9	0.58	0.0	0.0	0.0	3	4601	3.4	-514.1	6.09	291.75	1
33.99	0	294.6	103.6	0.58	0.0	0.0	0.0	3	4632	0.5	-514.1	6.09	294.59	1
34.13	0	298.6	104.5	0.58	0.0	0.0	0.0	3	4676	-3.3	-514.1	6.0	298.6	1
34.23	0	301.5	105.2	0.58	0.0	0.0	0.0	3	4709	-6.2	-514.0	5.93	301.51	1
34.33	0	304.4	105.9	0.58	0.0	0.0	0.08	3	4742	-9.2	-514.0	5.87	304.45	1
34.43	0	307.5	106.6	0.55	0.0	0.0	0.87	3	4820	-12.1	-514.0	5.78	307.46	1
34.53	0	310.4	106.3	0.36	0.0	0.02	1.0	3	5362	-15.1	-514.0	5.7	310.41	1
34.63	0	313.4	106.0	0.0	0.0	0.02	1.0	4	5445	-18.0	-514.0	5.61	313.35	1
34.73	0	316.5	105.7	0.0	0.0	0.0	1.0	4	5109	-21.0	-514.0	5.53	316.46	1
34.84	0	319.8	106.3	0.0	0.0	0.0	0.36	4	3930	-24.3	-514.0	5.26	319.79	1
34.94	0	322.8	105.9	0.0	0.0	0.03	0.0	4	3788	-27.3	-514.0	4.89	322.77	1
35.04	0	323.7	105.6	0.28	0.0	0.05	0.0	4	3817	-30.2	-514.0	5.72	323.72	1
35.14	0	326.5	105.5	0.38	0.0	0.01	0.0	4	3828	-33.1	-514.1	6.64	326.51	1
35.24	0	329.3	105.5	0.43	0.0	0.01	0.0	4	3837	-36.1	-514.1	7.58	329.29	1
35.34	0	332.3	105.6	0.43	0.0	0.01	0.0	4	3840	-39.0	-514.2	8.46	332.27	1
35.44	0	335.1	105.6	0.43	0.0	0.0	0.0	4	3843	-41.9	-514.3	9.32	335.07	0
35.54	0	338.9	105.7	0.44	0.0	-0.06	0.0	4	3846	-44.9	-514.3	10.0	338.91	0
35.65	0	342.0	105.7	0.44	0.0	-0.0	0.0	4	3849	-48.0	-514.4	10.64	342.01	0
35.74	0	345.0	105.8	0.44	0.0	-0.0	0.0	4	3851	-50.7	-514.5	11.1	345.0	0
35.84	0	347.9	105.9	0.41	0.0	0.0	0.0	4	3852	-53.7	-514.5	11.56	347.92	0
35.94	0	352.0	105.9	0.41	0.0	0.0	0.0	4	3850	-56.6	-514.6	11.83	352.0	0
36.04	0	354.9	105.9	0.41	0.0	0.0	0.0	4	3852	-59.6	-514.7	12.03	354.93	0
36.14	0	357.9	106.0	0.43	0.0	0.0	0.0	4	3857	-62.5	-514.7	12.23	357.86	0
36.24	0	360.8	106.0	0.42	0.0	-0.02	0.0	4	3857	-65.4	-514.8	12.43	360.8	0
36.34	0	363.7	106.1	0.42	0.0	-0.04	0.0	4	3859	-68.4	-514.8	12.63	363.74	0
36.44	0	366.7	106.1	0.42	0.0	-0.04	0.0	4	3861	-71.3	-514.9	12.82	366.69	0
36.54	0	369.6	106.2	0.45	0.0	-0.04	0.0	4	3869	-74.3	-514.9	13.0	369.6	0
36.64	0	372.5	106.3	0.45	0.0	-0.04	0.0	4	3873	-77.2	-514.9	13.16	372.55	0
36.74	0	375.5	106.3	0.45	0.0	-0.02	0.0	4	3876	-80.2	-514.9	13.3	375.5	0
36.84	0	378.5	106.4	0.45	0.0	-0.0	0.0	4	3879	-83.1	-514.9	13.43	378.45	0
36.94	0	381.4	106.5	0.45	0.0	0.0	0.0	4	3882	-86.1	-514.9	13.54	381.41	0
37.04	0	384.4	106.6	0.45	0.0	0.0	0.0	4	3885	-89.1	-514.8	13.64	384.36	0
37.14	0	387.8	106.7	0.45	0.0	0.0	0.0	4	3888	-92.0	-514.8	13.71	387.79	0
37.24	0	390.8	106.8	0.45	0.0	0.0	0.0	4	3892	-95.0	-514.7	13.7	390.77	0
37.34	0	393.7	106.9	0.48	0.0	0.0	0.0	4	3902	-98.0	-514.7	13.69	393.74	0
37.44	0	396.7	107.1	0.51	0.0	0.0	0.0	4	3913	-100.9	-514.7	13.67	396.71	0
37.54	0	399.7	107.3	0.51	0.0	0.0	0.0	4	3920	-103.9	-514.6	13.65	399.69	0
37.64	0	402.7	107.5	0.51	0.0	0.0	0.0	4	3927	-106.9	-514.6	13.62	402.68	0
37.74	0	407.6	107.7	0.51	0.0	0.0	0.0	4	3934	-109.9	-514.5	13.52	407.55	0
37.84	0	410.5	107.9	0.51	0.0	0.0	0.0	4	3942	-112.9	-514.5	13.12	410.52	0
37.94	0	413.5	108.0	0.51	0.0	0.0	0.0	4	3949	-115.9	-514.5	12.71	413.49	0
38.04	0	416.5	108.2	0.51	0.0	0.0	0.0	4	3956	-118.9	-514.4	12.31	416.47	0
38.14	0	419.4	108.4	0.51	0.0	0.0	0.0	4	3963	-121.9	-514.4	11.91	419.45	0
38.24	0	422.4	108.6	0.52	0.0	0.0	0.0	4	3975	-124.9	-514.4	11.51	422.44	0
38.34	0	425.4	108.9	0.52	0.0	0.0	0.0	4	3983	-127.9	-514.3	11.12	425.39	0
38.44	0	428.4	109.1	0.52	0.0	0.0	0.0	4	3991	-130.9	-514.3	10.73	428.39	0
38.54	0	431.4	109.3	0.52	0.0	0.0	0.0	4	4000	-134.0	-514.3	10.35	431.4	0
38.64	0	434.4	109.5	0.52	0.0	0.0	0.0	4	4009	-137.0	-514.3	9.96	434.41	0
38.74	0	437.4	109.8	0.52	0.0	0.0	0.0	4	4017	-140.0	-514.3	9.57	437.42	0
38.84	0	440.5	110.0	0.52	0.0	0.0	0.0	4	4024	-143.1	-514.2	9.18	440.47	0
38.94	0	442.8	110.2	0.52	0.0	0.0	0.0	4	4032	-146.2	-514.2	8.85	442.84	1
39.04	0	445.7	110.5	0.52	0.0	0.0	0.0	4	4041	-149.2	-514.2	8.76	445.74	1
39.14	0	448.8	110.7	0.52	0.0	0.0	0.0	4	4050	-152.3	-514.2	8.67	448.81	1
39.24	0	451.9	110.9	0.52	0.0	-0.02	0.0	4	4059	-155.4	-514.2	8.58	451.88	1
39.34	0	455.0	111.2	0.52	0.0	-0.02	0.0	4	4067	-158.5	-514.2	8.48	454.98	1
39.44	0	458.1	111.4	0.52	0.0	-0.02	0.0	4	4077	-161.6	-514.1	8.38	458.06	1
39.54	0	461.2	111.7	0.52	0.0	-0.02	0.0	4	4086	-164.7	-514.1	8.27	461.16	1
39.64	0	464.3	111.9	0.52	0.0	-0.02	0.0	4	4093	-167.8	-514.1	8.15	464.26	1
39.74	0	467.4	112.1	0.52	0.0	-0.02	0.0	4	4102	-170.9	-514.0	8.02	467.36	1
39.84	0	470.5	112.4	0.52	0.0	0.0	0.0	4	4111	-174.0	-514.0	7.88	470.49	1
39.94	0	473.6	112.6	0.52	0.0	0.0	0.0	4	4120	-177.1	-513.9	7.73	473.6	1
40.04	0	476.7	112.9	0.52	0.0	0.0	0.0	4	4129	-180.3	-513.8	7.58	476.73	1
40.14	0	479.9	113.1	0.52	0.0	0.0	0.0	4	4138	-183.4	-513.7	7.43	479.86	1
40.24	0	483.0	113.4	0.52	0.0	0.0	0.0	4	4148	-186.5	-513.7	7.28	483.01	1
40.34	0	486.2	113.6	0.52	0.0	0.0	0.0	4	4157	-189.7	-513.6	7.12	486.17	1
40.44	0	489.4	113.9	0.52	0.0	0.0	0.0	4	4167	-192.9	-513.5	6.97	489.37	1
40.54	0	492.5	114.1	0.52	0.0	0.0	0.0	4	4176	-196.0	-513.5	6.83	492.49	1
40.64	0	495.6	114.4	0.52	0.0	0.0	0.0	4	4186	-199.2	-513.4	6.69	495.59	1
40.74	0	498.8	114.6	0.52	0.0	0.0	0.0	4	4195	-202.4	-513.4	6.58	498.77	1
40.84	0	502.0	114.9	0.52	0.0	0.0	0.0	4	4205	-205.5	-513.3	6.46	501.95	1
40.94	0	505.2	115.1	0.52	0.0	0.0	0.0	4	4215	-208.7	-513.2	6.35	505.15	1
41.04	0	508.3	115.4	0.52	0.0	0.0	0.0	4	4224	-211.9	-513.2	6.25	508.34	1
41.14	0	511.6	115.7	0.52	0.0	0.0	0.0	4	4234	-215.2	-513.2	6.15	511.56	1
41.24	0	514.8	115.9	0.52	0.0	-0.01	0.0	4	4244	-218.4	-513.1	6.05	514.77	1
41.34	0	518.0	116.2	0.52	0.0	-0.02	0.0	4	4254	-221.6	-513.1	5.94	517.99	1
41.44	0	521.2	116.5	0.52	0.0	-0.04	0.0	4	4265	-224.8	-513.0	5.83	521.22	1
41.54	0	524.5	116.7	0.52	0.0	-0.03	0.0	4	4275	-228.1	-512.9	5.7	524.46	1
41.64	0	527.7	117.0	0.52	0.0	-0.06	0.0	4	4285	-231.3	-512.9	5.56	527.71	1
41.77	0	532.0	117.3	0.52	0.0	-0.06	0.0	4	4300	-235.7	-512.7	5.32	532.04	1
41.86	0	534.8	117.5	0.52	0.0	-0.0	0.0	4	4307	-238.5	-512.6	5.14	534.84	1
41.96	0	538.1	117.8	0.52	0.0	-0.0	0.0	4	4316	-241.7	-512.4	4.91	538.09	1
42.06	0	541.4	118.1	0.52	0.0	-0.0	0.0	4	4326	-245.0	-512.2	4.66	541.36	1
42.16	0	544.6	118.4	0.52	0.0	-0.0	0.0	4	4336	-248.3	-512.0	4.4	544.63	1
42.26	0	547.9	118.6	0.52	0.0	0.0	0.0	4	4346	-251.5	-511.8	4.14	547.87	1
42.36	0	551.2	118.9	0.52	0.0	0.0	0.0	4	4356	-254.8	-511.6	3.9	551.17	1
42.46	0	554.5	119.2	0.52	0.0	0.0	0.0	4	4367	-258.1	-511.4	3.66	554.46	1
42.56	0	557.8	119.5	0.52	0.0	0.0	0.0	4	4378	-261.5	-511.2	3.42	557.78	1
42.66	0	561.1	119.8	0.52	0.0	0.0	0.0	4	4388	-264.8	-511.0	3.18	561.08	1
42.76	0	564.4	120.0	0.52	0.0	0.0	0.0	4	4399	-268.1	-510.7	2.95	564.41	1
42.86	0	567.8	120.3	0.52	0.0	0.0	0.0	4	4410	-271.5	-510.5	2.7	567.83	1
42.98	0	571.6	120.7	0.52	0.0	0.0	0.0	4	4422	-275.2	-510.3	2.44	571.55	1
43.08	0	574.9	120.9	0.52	0.0	0.0	0.0	4	4433	-278.6	-510.1	2.21	574.91	1
43.18	0	578.3	121.2	0.52	0.0	0.0	0.0	4	4444	-281.9	-509.9	1.98	578.26	1
43.28	0	581.6	121.5	0.52	0.0	0.0	0.0	4	4455	-285.3	-509.7	1.76	581.62	1
43.38	0	585.0	121.8	0.52	0.0	0.02	0.0	4	4466	-288.7	-509.5	1.53	585.0	1
43.48	0	588.4	122.1	0.52	0.0	0.02	0.0	4	4477	-292.1	-509.3	1.31	588.39	1
43.58	0	591.8	122.4	0.52	0.0	0.06	0.0	4	4488	-295.5	-509.1	1.1	591.77	1
43.68	0	595.2	122.7	0.52	0.0	0.06	0.0	4	4501	-298.9	-509.0	0.91	595.17	1
43.78	0	598.6	122.9	0.52	0.0	0.06	0.0	4	4513	-302.3	-508.8	0.75	598.58	1
43.88	0	602.0	123.2	0.52	0.0	0.04	0.0	4	4524	-305.7	-508.7	0.62	601.99	1
44.01	0	606.6	123.6	0.52	0.0	0.01	0.0	4	4536	-310.3	-508.6	0.48	606.56	1
44.11	0	610.0	123.9	0.52	0.0	0.0	0.0	4	4546	-313.7	-508.6	0.41	610.0	1
44.21	0	613.5	124.2	0.52	0.0	0.0	0.0	4	4556	-317.2	-508.6	0.36	613.48	1
44.31	0	616.9	124.5	0.52	0.0	0.0	0.0	4	4567	-320.6	-508.6	0.32	616.94	1
44.41	0	620.4	124.8	0.52	0.0	0.0	0.0	4	4579	-324.1	-508.6	0.3	620.4	1
44.51	0	623.9	125.1	0.52	0.0	0.0	0.0	4	4590	-327.6	-508.7	0.27	623.87	1
44.61	0	627.4	125.4	0.52	0.0	0.0	0.0	4	4602	-331.1	-508.7	0.26	627.35	1
44.71	0	630.8	125.7	0.52	0.0	0.0	0.0	4	4613	-334.5	-508.7	0.24	630.84	1
44.81	0	634.3	126.0	0.52	0.0	0.0	0.0	4	4625	-338.0	-508.7	0.23	634.33	1
44.91	0	637.8	126.3	0.52	0.0	0.0	0.0	4	4637	-341.5	-508.8	0.22	637.82	1
45.01	0	641.3	126.7	0.52	0.0	0.0	0.0	4	4648	-345.0	-508.8	0.21	641.34	1
45.11	0	644.9	127.0	0.52	0.0	0.0	0.0	4	4660	-348.6	-508.9	0.21	644.86	1
45.21	0	648.4	127.3	0.52	0.0	0.0	0.0	4	4672	-352.1	-508.9	0.21	648.41	1
45.31	0	652.0	127.6	0.52	0.0	0.0	0.0	4	4684	-355.7	-508.9	0.21	651.97	1
45.41	0	655.5	127.9	0.52	0.0	0.0	0.0	4	4696	-359.2	-509.0	0.29	655.52	1
45.51	0	659.1	128.2	0.52	0.0	0.0	0.0	4	4708	-362.8	-509.0	0.37	659.08	1
45.61	0	662.6	128.6	0.52	0.0	-0.02	0.0	4	4720	-366.3	-509.1	0.45	662.64	1
45.71	0	666.2	128.9	0.52	0.0	-0.02	0.0	4	4732	-369.9	-509.1	0.53	666.22	1
45.81	0	669.8	129.2	0.52	0.0	-0.02	0.0	4	4744	-373.5	-509.2	0.6	669.8	1
45.91	0	673.4	129.5	0.52	0.0	-0.02	0.0	4	4756	-377.1	-509.2	0.66	673.39	1
46.01	0	677.0	129.8	0.52	0.0	-0.02	0.0	4	4769	-380.7	-509.2	0.71	676.99	1
46.11	0	680.6	130.2	0.52	0.0	-0.02	0.0	4	4781	-384.3	-509.3	0.75	680.6	1
46.21	0	684.2	130.5	0.52	0.0	-0.02	0.0	4	4793	-387.9	-509.3	0.77	684.2	1
46.31	0	687.8	130.8	0.52	0.0	-0.02	0.0	4	4805	-391.6	-509.2	0.78	687.85	1
46.41	0	691.5	131.1	0.52	0.0	-0.02	0.0	4	4818	-395.2	-509.2	0.77	691.47	1
46.51	0	695.1	131.4	0.52	0.0	-0.02	0.0	4	4830	-398.8	-509.1	0.75	695.11	1
46.61	0	698.8	131.8	0.52	0.0	-0.02	0.0	4	4842	-402.5	-509.1	0.72	698.76	1
46.71	0	702.4	132.1	0.52	0.0	-0.02	0.0	4	4857	-406.1	-509.0	0.66	702.43	1
46.81	0	706.1	132.4	0.52	0.0	-0.02	0.0	4	4858	-409.8	-508.9	0.62	706.09	1
46.91	0	709.8	132.8	0.52	0.0	-0.02	0.0	4	4881	-413.5	-508.8	0.59	709.77	1
47.01	0	713.5	133.1	0.52	0.0	-0.02	0.0	4	4892	-417.2	-508.7	0.54	713.48	1
47.11	0	717.2	133.4	0.52	0.0	-0.02	0.0	4	4904	-420.9	-508.5	0.47	717.17	1
47.21	0	720.9	133.7	0.52	0.0	-0.02	0.0	4	4916	-424.6	-508.4	0.39	720.89	1
47.31	0	724.6	134.1	0.52	0.0	-0.02	0.0	4	4924	-428.3	-508.2	0.3	724.6	1
47.41	0	728.3	134.4	0.52	0.0	-0.02	0.0	4	4950	-432.0	-508.0	0.18	728.32	1
47.51	0	732.1	134.8	0.52	0.0	-0.02	0.0	4	4952	-435.8	-507.8	0.06	732.07	1
47.61	0	735.8	135.1	0.52	0.0	-0.02	0.0	4	4966	-439.5	-507.6	-0.09	735.81	1
47.71	0	739.6	135.4	0.52	0.0	0.01	0.0	4	4979	-443.2	-507.3	-0.25	739.56	1
47.81	0	743.3	135.8	0.52	0.0	0.01	0.04	4	4992	-447.0	-507.1	-0.4	743.33	1
47.91	0	747.1	136.1	0.44	0.0	0.08	0.65	4	4983	-450.8	-506.8	-0.54	747.1	1
48.01	0	750.9	136.0	0.28	0.0	0.09	1.0	4	5028	-454.5	-506.6	-0.66	750.88	1
48.11	0	754.6	135.5	0.16	0.0	0.02	1.0	5	5084	-458.3	-506.3	-0.75	754.65	1
48.21	0	758.4	135.0	0.0	0.0	0.01	1.0	5	4817	-462.1	-506.2	-0.82	758.4	1
48.31	0	762.2	134.9	0.0	0.0	0.01	0.51	5	4144	-465.8	-506.0	-0.85	762.18	1
48.41	0	765.9	134.3	0.0	0.0	0.01	0.02	5	4038	-469.6	-505.9	-0.85	765.91	1
48.51	0	769.6	133.6	0.16	0.0	0.01	0.0	5	4032	-473.3	-505.8	-0.84	769.65	1
48.61	0	773.3	133.2	0.27	0.0	0.01	0.0	5	4043	-477.0	-505.7	-0.81	773.34	1
48.71	0	777.0	132.8	0.3	0.0	0.06	0.0	5	4041	-480.7	-505.6	-0.77	777.03	1
48.82	0	781.0	132.6	0.34	0.0	0.07	0.0	5	4040	-484.6	-505.5	-0.75	780.98	1
48.92	0	784.7	132.3	0.36	0.0	0.05	0.0	5	4035	-488.3	-505.5	-0.71	784.66	1
49.02	0	788.3	132.1	0.36	0.0	0.01	0.0	5	4029	-492.0	-505.5	-0.64	788.34	1
49.12	0	792.0	131.9	0.38	0.0	0.01	0.0	5	4024	-495.6	-505.6	-0.54	791.99	1
49.22	0	795.6	131.8	0.38	0.0	-0.03	0.0	5	4019	-499.3	-505.6	-0.42	795.64	1
49.32	0	799.3	131.6	0.38	0.0	-0.0	0.0	5	4013	-503.0	-505.7	-0.29	799.31	1
49.42	0	803.0	131.4	0.38	0.0	0.0	0.0	5	4008	-506.7	-505.8	-0.15	803.01	1
49.52	0	806.6	131.3	0.38	0.0	0.0	0.0	5	4004	-510.3	-505.9	-0.03	806.61	1
49.62	0	810.3	131.1	0.38	0.0	0.0	0.0	5	3999	-513.9	-505.9	0.1	810.25	1
49.72	0	813.9	130.9	0.38	0.0	0.0	0.0	5	3993	-517.6	-506.0	0.22	813.89	1
49.82	0	817.5	130.8	0.38	0.0	-0.02	0.0	5	3989	-521.2	-506.1	0.33	817.52	1
49.92	0	821.2	130.6	0.38	0.0	-0.02	0.0	5	3984	-524.8	-506.1	0.43	821.16	1
50.02	0	824.8	130.5	0.38	0.0	-0.02	0.0	5	3980	-528.5	-506.2	0.52	824.79	1
50.12	0	828.4	130.3	0.38	0.0	-0.03	0.0	5	3974	-532.1	-506.2	0.6	828.41	1
50.22	0	832.0	130.1	0.38	0.0	-0.0	0.0	5	3969	-535.7	-506.2	0.66	832.01	1
50.32	0	835.6	130.0	0.38	0.0	-0.0	0.0	5	3963	-539.3	-506.3	0.72	835.63	1
50.42	0	839.3	129.8	0.38	0.0	-0.0	0.0	5	3958	-542.9	-506.3	0.75	839.26	1
50.52	0	842.8	129.6	0.38	0.0	-0.0	0.0	5	3953	-546.5	-506.3	0.78	842.84	1
50.62	0	846.5	129.5	0.38	0.0	-0.0	0.0	5	3948	-550.1	-506.3	0.81	846.46	1
50.72	0	850.0	129.3	0.38	0.0	-0.0	0.0	5	3943	-553.7	-506.2	0.83	850.02	1
50.82	0	853.6	129.1	0.38	0.0	-0.04	0.0	5	3938	-557.3	-506.2	0.86	853.6	1
50.92	0	857.2	129.0	0.38	0.0	-0.04	0.0	5	3933	-560.8	-506.2	0.9	857.16	1
51.02	0	860.8	128.8	0.38	0.0	-0.04	0.0	5	3928	-564.5	-506.1	0.94	860.82	1
51.12	0	864.3	128.6	0.38	0.0	-0.04	0.0	5	3924	-568.0	-506.1	0.95	864.29	1
51.22	0	867.9	128.5	0.38	0.0	-0.02	0.0	5	3918	-571.6	-506.0	0.94	867.88	1
51.32	0	871.4	128.3	0.4	0.0	-0.0	0.0	5	3915	-575.1	-505.9	0.9	871.44	1
51.42	0	875.1	128.1	0.4	0.0	0.0	0.0	5	3910	-578.8	-505.7	0.84	875.11	1
51.53	0	879.1	128.0	0.4	0.0	0.0	0.0	5	3905	-582.8	-505.6	0.77	879.11	1
51.63	0	882.7	127.9	0.4	0.0	0.0	0.0	5	3900	-586.3	-505.4	0.7	882.67	1
51.73	0	886.2	127.7	0.41	0.0	0.0	0.0	5	3899	-589.9	-505.3	0.62	886.2	1
51.83	0	889.7	127.6	0.41	0.0	0.0	0.0	5	3897	-593.4	-505.1	0.59	889.67	1
51.93	0	893.2	127.5	0.41	0.0	0.0	0.0	5	3890	-597.0	-505.0	1.03	893.19	1
52.03	0	896.7	127.4	0.41	0.0	0.0	0.0	5	3887	-600.5	-504.8	1.48	896.69	1
52.13	0	900.2	127.3	0.41	0.0	0.0	0.0	5	3886	-604.0	-504.7	1.92	900.2	1
52.23	0	903.6	127.1	0.38	0.0	0.0	0.0	5	3875	-607.6	-504.6	2.43	903.63	1
52.33	0	907.1	127.0	0.38	0.0	0.0	0.0	5	3870	-611.1	-504.4	2.98	907.11	1
52.43	0	910.6	126.8	0.38	0.0	0.0	0.0	5	3865	-614.6	-504.3	3.53	910.61	1
52.53	0	914.8	126.6	0.38	0.0	0.0	0.0	5	3860	-618.1	-504.2	4.06	914.8	1
52.63	0	918.3	126.5	0.38	0.0	0.0	0.0	5	3854	-621.6	-504.0	3.99	918.32	1
52.73	0	921.8	126.3	0.38	0.0	0.0	0.0	5	3848	-625.1	-503.9	3.92	921.83	1
52.83	0	925.3	126.1	0.38	0.0	0.0	0.0	5	3845	-628.6	-503.8	3.85	925.33	1
52.93	0	929.3	126.0	0.38	0.0	0.0	0.0	5	3838	-632.2	-503.7	3.47	929.31	1
53.03	0	932.8	125.8	0.4	0.0	0.0	0.0	5	3838	-635.6	-503.6	2.98	932.76	1
53.13	0	936.2	125.7	0.41	0.0	0.0	0.0	5	3836	-639.1	-503.4	2.48	936.22	1
53.23	0	939.5	125.6	0.41	0.0	0.0	0.0	5	3832	-642.6	-503.3	2.1	939.47	1
53.33	0	943.0	125.5	0.41	0.0	0.0	0.0	5	3828	-646.2	-503.2	1.62	942.99	1
53.43	0	946.5	125.3	0.41	0.0	0.0	0.0	5	3825	-649.7	-503.1	-0.01	946.49	1
53.53	0	954.4	125.2	0.41	0.0	-0.06	0.0	5	3819	-653.1	-503.0	-0.34	954.41	1
53.63	0	958.4	125.1	0.41	0.0	-0.06	0.0	5	3822	-656.6	-502.9	-1.22	958.38	1
53.73	0	961.8	125.0	0.41	0.0	-0.08	0.0	5	3814	-660.1	-502.7	-0.92	961.83	1
53.83	0	965.3	124.8	0.41	0.0	-0.12	0.0	5	3812	-663.5	-502.6	-0.65	965.3	1
53.97	0	969.9	124.5	0.41	0.0	-0.04	0.0	5	3809	-668.1	-502.3	-0.4	969.9	1
54.07	0	973.3	124.4	0.41	0.0	-0.04	0.0	5	3801	-671.6	-502.0	-0.43	973.34	1
54.17	0	976.8	124.2	0.41	0.0	-0.08	0.0	5	3795	-675.0	-501.6	-0.5	976.79	1
54.27	0	980.2	124.0	0.43	0.0	-0.08	0.0	5	3792	-678.4	-501.2	-0.63	980.24	1
54.37	0	983.7	123.9	0.44	0.0	-0.03	0.0	5	3787	-681.9	-500.8	-0.72	983.72	1
54.47	0	987.2	123.8	0.44	0.0	-0.04	0.0	5	3783	-685.3	-500.3	-0.78	987.16	1
54.57	0	990.6	123.7	0.44	0.0	-0.04	0.0	5	3778	-688.7	-499.8	-0.88	990.6	1
54.67	0	994.0	123.6	0.45	0.0	-0.04	0.0	5	3776	-692.0	-499.2	-1.01	994.02	1
54.77	0	997.5	123.5	0.45	0.0	-0.02	0.0	5	3774	-695.4	-498.6	-1.17	997.46	1
54.87	0	1000.9	123.4	0.47	0.0	-0.02	0.0	5	3773	-698.8	-498.0	-1.34	1000.87	1
54.97	0	1004.3	123.4	0.47	0.0	-0.02	0.0	5	3771	-702.2	-497.4	-1.54	1004.3	1
55.07	0	1007.8	123.3	0.47	0.0	-0.02	0.0	5	3769	-705.5	-496.8	-1.71	1007.79	1
55.17	0	1011.2	123.3	0.47	0.0	-0.02	0.0	5	3768	-708.9	-496.1	-1.79	1011.21	1
55.27	0	1014.6	123.2	0.47	0.0	-0.04	0.0	5	3766	-712.3	-495.4	-1.88	1014.63	1
55.37	0	1018.1	123.1	0.47	0.0	-0.06	0.0	5	3770	-715.6	-494.7	-1.96	1018.09	1
55.47	0	1021.8	123.1	0.47	0.0	-0.07	0.0	5	3761	-719.0	-494.0	-2.45	1021.82	1
55.57	0	1026.3	123.0	0.47	0.0	-0.07	0.0	5	3765	-722.3	-493.3	-2.12	1026.26	1
55.67	0	1029.0	122.9	0.47	0.0	-0.07	0.0	5	3758	-725.6	-492.5	-1.58	1028.98	1
55.8	0	1033.5	122.8	0.47	0.0	-0.08	0.0	5	3757	-730.0	-491.4	-1.1	1033.5	1
55.88	0	1036.0	122.7	0.47	0.0	-0.08	0.0	5	3756	-732.5	-490.7	-0.86	1036.04	1
55.98	0	1039.4	122.6	0.47	0.0	-0.08	0.0	5	3753	-735.8	-489.8	-0.59	1039.44	1
56.08	0	1042.8	122.5	0.48	0.0	-0.09	0.0	5	3752	-739.1	-488.8	-0.37	1042.84	1
56.18	0	1046.2	122.4	0.48	0.0	-0.09	0.0	5	3751	-742.3	-487.7	-0.21	1046.23	1
56.28	0	1049.7	122.3	0.48	0.0	-0.04	0.0	5	3747	-745.5	-486.6	-0.11	1049.66	1
56.38	0	1053.1	122.2	0.48	0.0	-0.02	0.0	5	3742	-748.7	-485.5	-0.06	1053.06	1
56.48	0	1056.4	122.2	0.48	0.0	-0.0	0.0	5	3739	-751.9	-484.3	-0.06	1056.44	1
56.58	0	1059.8	122.2	0.48	0.0	0.0	0.0	5	3736	-755.1	-483.1	-0.09	1059.84	1
56.68	0	1063.2	122.1	0.48	0.0	0.0	0.0	5	3734	-758.2	-481.9	-0.14	1063.23	1
56.78	0	1066.6	122.1	0.48	0.0	0.0	0.0	5	3732	-761.4	-480.6	-0.2	1066.62	1
56.88	0	1070.0	122.1	0.48	0.0	-0.04	0.0	5	3732	-764.6	-479.4	-0.26	1070.02	1
56.98	0	1073.4	122.0	0.48	0.0	-0.04	0.0	5	3732	-767.7	-478.1	-0.33	1073.41	1
57.08	0	1076.8	122.0	0.48	0.0	-0.02	0.0	5	3727	-770.8	-476.9	-0.42	1076.79	1
57.18	0	1080.1	121.9	0.48	0.0	-0.04	0.0	5	3730	-773.9	-475.6	-0.52	1080.13	1
57.27	0	1083.5	121.9	0.48	0.0	-0.04	0.0	5	3728	-777.1	-474.3	-0.63	1083.51	1
57.38	0	1086.9	121.8	0.48	0.0	-0.04	0.0	5	3732	-780.2	-473.0	-0.77	1086.91	1
57.48	0	1090.3	121.8	0.48	0.0	-0.06	0.0	5	3723	-783.3	-471.7	-0.93	1090.29	1
57.58	0	1093.7	121.7	0.48	0.0	-0.06	0.0	5	3726	-786.4	-470.3	-1.12	1093.67	1
57.68	0	1097.0	121.7	0.48	0.0	-0.06	0.0	5	3723	-789.5	-468.9	-1.35	1097.03	1
57.78	0	1100.4	121.6	0.48	0.0	-0.06	0.0	5	3722	-792.6	-467.5	-1.6	1100.4	1
57.88	0	1104.2	121.6	0.48	0.0	-0.08	0.0	5	3720	-795.6	-466.0	-1.75	1104.25	1
57.98	0	1107.6	121.5	0.48	0.0	-0.08	0.0	5	3716	-798.6	-464.5	-1.24	1107.57	1
58.08	0	1110.9	121.4	0.48	0.0	-0.08	0.0	5	3723	-801.6	-463.0	-0.77	1110.92	1
58.18	0	1114.3	121.3	0.48	0.0	-0.08	0.0	5	3714	-804.6	-461.4	-0.35	1114.27	1
58.28	0	1117.6	121.3	0.48	0.0	-0.09	0.0	5	3712	-807.6	-459.8	0.02	1117.61	1
58.38	0	1121.0	121.2	0.48	0.0	-0.09	0.0	5	3711	-810.5	-458.1	0.33	1120.96	1
58.48	0	1124.3	121.1	0.48	0.0	-0.06	0.0	5	3708	-813.4	-456.4	0.59	1124.32	1
58.58	0	1127.7	121.0	0.48	0.0	-0.0	0.0	5	3703	-816.2	-454.6	0.79	1127.67	1
58.67	0	1131.0	120.9	0.49	0.0	-0.0	0.0	5	3699	-819.1	-452.9	0.94	1131.02	1
58.78	0	1134.4	120.9	0.49	0.0	-0.0	0.0	5	3697	-821.9	-451.0	1.07	1134.39	1
58.88	0	1137.8	120.9	0.49	0.0	-0.0	0.0	5	3695	-824.7	-449.2	1.18	1137.75	1
58.98	0	1141.1	120.8	0.49	0.0	-0.06	0.0	5	3695	-827.5	-447.3	1.27	1141.1	1
59.08	0	1144.5	120.8	0.49	0.0	-0.06	0.0	5	3695	-830.3	-445.5	1.34	1144.45	1
59.18	0	1147.8	120.7	0.49	0.0	-0.08	0.0	5	3694	-833.1	-443.6	1.39	1147.8	1
59.28	0	1151.2	120.7	0.49	0.0	-0.08	0.0	5	3700	-835.8	-441.7	1.4	1151.16	1
59.38	0	1154.6	120.6	0.49	0.0	-0.08	0.0	5	3689	-838.6	-439.7	1.37	1154.55	1
59.48	0	1157.9	120.5	0.51	0.0	-0.08	0.0	5	3690	-841.3	-437.7	1.29	1157.9	1
59.58	0	1161.2	120.5	0.51	0.0	-0.08	0.0	5	3690	-843.9	-435.7	1.16	1161.24	1
59.68	0	1164.6	120.4	0.51	0.0	-0.07	0.0	5	3689	-846.6	-433.6	0.98	1164.58	1
59.78	0	1167.9	120.4	0.51	0.0	-0.07	0.0	5	3687	-849.2	-431.5	0.76	1167.92	1
59.88	0	1171.2	120.3	0.51	0.0	-0.08	0.0	5	3686	-851.7	-429.4	0.48	1171.24	1
59.98	0	1174.6	120.3	0.51	0.0	-0.08	0.0	5	3685	-854.3	-427.2	0.16	1174.57	1
60.08	0	1177.9	120.2	0.51	0.0	-0.07	0.0	5	3683	-856.8	-425.0	-0.21	1177.88	1
60.18	0	1181.3	120.2	0.51	0.0	-0.02	0.0	5	3680	-859.2	-422.7	-0.41	1181.33	1
60.28	0	1184.7	120.1	0.51	0.0	-0.02	0.0	5	3677	-861.7	-420.4	-0.05	1184.66	1
60.38	0	1188.0	120.1	0.51	0.0	-0.0	0.0	5	3675	-864.1	-418.1	0.28	1187.98	1
60.48	0	1191.3	120.1	0.51	0.0	-0.0	0.0	5	3674	-866.5	-415.8	0.59	1191.3	1
60.58	0	1194.6	120.1	0.51	0.0	-0.0	0.0	5	3673	-868.9	-413.5	0.88	1194.62	1
60.68	0	1197.9	120.1	0.51	0.0	-0.0	0.0	5	3673	-871.2	-411.1	1.16	1197.95	1
60.78	0	1201.2	120.1	0.51	0.0	-0.03	0.0	5	3673	-873.6	-408.8	1.44	1201.25	1
60.88	0	1204.6	120.1	0.51	0.0	-0.04	0.0	5	3672	-876.0	-406.5	1.71	1204.57	1
60.98	0	1207.9	120.0	0.51	0.0	-0.04	0.0	5	3673	-878.3	-404.1	1.97	1207.9	1
61.08	0	1211.2	120.0	0.51	0.0	-0.06	0.0	5	3673	-880.7	-401.7	2.2	1211.21	1
61.18	0	1214.5	120.0	0.51	0.0	-0.06	0.0	5	3679	-883.0	-399.4	2.4	1214.54	1
61.28	0	1217.9	120.0	0.51	0.0	-0.06	0.0	5	3666	-885.3	-396.9	2.58	1217.87	1
61.38	0	1221.2	119.9	0.51	0.0	-0.08	0.0	5	3674	-887.6	-394.5	2.71	1221.2	1
61.48	0	1224.5	119.9	0.51	0.0	-0.07	0.0	5	3670	-889.8	-392.0	2.8	1224.53	1
61.58	0	1227.9	119.8	0.51	0.0	-0.08	0.0	5	3670	-892.0	-389.6	2.86	1227.86	1
61.68	0	1231.2	119.8	0.51	0.0	-0.09	0.0	5	3669	-894.2	-387.0	2.86	1231.18	1
61.78	0	1234.5	119.7	0.51	0.0	-0.09	0.0	5	3668	-896.3	-384.5	2.82	1234.52	1
61.88	0	1237.8	119.7	0.51	0.0	-0.09	0.0	5	3666	-898.4	-381.9	2.73	1237.84	1
61.98	0	1241.2	119.6	0.51	0.0	-0.09	0.0	5	3664	-900.5	-379.3	2.58	1241.16	1
62.08	0	1244.5	119.5	0.51	0.0	-0.09	0.0	5	3662	-902.5	-376.6	2.37	1244.47	1
62.18	0	1247.8	119.4	0.51	0.0	-0.08	0.0	5	3660	-904.4	-374.0	2.11	1247.78	1
62.28	0	1251.1	119.4	0.51	0.0	-0.08	0.0	5	3657	-906.3	-371.2	1.79	1251.08	1
62.38	0	1254.4	119.3	0.51	0.0	-0.08	0.0	5	3654	-908.2	-368.5	1.42	1254.39	1
62.48	0	1257.4	119.2	0.51	0.0	-0.08	0.0	5	3652	-910.0	-365.7	1.12	1257.4	1
62.58	0	1260.7	119.2	0.51	0.0	-0.08	0.0	5	3650	-911.8	-362.9	1.46	1260.7	1
62.68	0	1264.0	119.1	0.51	0.0	-0.08	0.0	5	3648	-913.5	-360.1	1.76	1263.99	1
62.78	0	1267.3	119.0	0.51	0.0	-0.08	0.0	5	3646	-915.2	-357.2	2.0	1267.29	1
62.89	0	1271.1	119.0	0.51	0.0	-0.04	0.0	5	3643	-917.1	-353.9	2.22	1271.13	1
62.99	0	1274.4	118.9	0.51	0.0	-0.02	0.0	5	3642	-918.6	-351.0	2.35	1274.43	1
63.09	0	1277.7	118.9	0.51	0.0	-0.0	0.0	5	3642	-920.2	-348.1	2.45	1277.73	1
63.19	0	1281.0	118.9	0.51	0.0	-0.0	0.0	5	3633	-921.7	-345.1	2.52	1281.03	1
63.29	0	1284.3	118.9	0.53	0.0	-0.0	0.0	5	3637	-923.2	-342.2	2.57	1284.34	1
63.39	0	1287.6	118.9	0.55	0.0	-0.0	0.0	5	3641	-924.7	-339.2	2.61	1287.63	1
63.49	0	1290.9	119.0	0.55	0.0	-0.0	0.0	5	3643	-926.2	-336.3	2.65	1290.93	1
63.59	0	1294.2	119.0	0.55	0.0	-0.05	0.0	5	3643	-927.7	-333.3	2.68	1294.24	1
63.69	0	1297.5	119.0	0.55	0.0	-0.06	0.0	5	3645	-929.2	-330.4	2.7	1297.54	1
63.79	0	1300.9	119.0	0.55	0.0	-0.06	0.0	5	3647	-930.6	-327.4	2.7	1300.85	1
63.93	0	1305.3	119.0	0.55	0.0	-0.09	0.0	5	3649	-932.5	-323.4	2.64	1305.27	1
64.03	0	1308.6	119.0	0.55	0.0	-0.09	0.0	5	3650	-933.9	-320.4	2.56	1308.57	1
64.13	0	1311.9	119.0	0.55	0.0	-0.09	0.0	5	3651	-935.2	-317.4	2.43	1311.87	1
64.23	0	1315.2	119.0	0.56	0.0	-0.1	0.0	5	3653	-936.5	-314.4	2.24	1315.17	1
64.33	0	1318.5	119.0	0.56	0.0	-0.09	0.0	5	3654	-937.8	-311.3	2.0	1318.46	1
64.43	0	1321.8	118.9	0.56	0.0	-0.09	0.0	5	3653	-938.9	-308.2	1.7	1321.76	1
64.53	0	1325.0	118.9	0.56	0.0	-0.13	0.0	5	3653	-940.1	-305.1	1.33	1325.04	1
64.63	0	1328.4	118.9	0.56	0.0	-0.09	0.0	5	3653	-941.1	-301.9	0.9	1328.36	1
64.73	0	1331.6	118.8	0.56	0.0	-0.04	0.0	5	3651	-942.1	-298.8	0.41	1331.57	1
64.83	0	1334.8	118.9	0.56	0.0	-0.02	0.0	5	3648	-943.0	-295.7	0.1	1334.83	1
64.93	0	1338.1	118.9	0.56	0.0	-0.0	0.0	5	3646	-943.9	-292.5	0.31	1338.13	1
65.03	0	1341.4	118.9	0.56	0.0	-0.0	0.0	5	3652	-944.8	-289.3	0.47	1341.43	1
65.13	0	1344.7	119.0	0.56	0.0	-0.0	0.0	5	3641	-945.6	-286.1	0.62	1344.74	1
65.23	0	1348.0	119.0	0.56	0.0	-0.05	0.0	5	3645	-946.4	-282.9	0.74	1348.03	1
65.33	0	1351.3	119.1	0.56	0.0	-0.05	0.0	5	3649	-947.2	-279.7	0.85	1351.33	1
65.43	0	1354.6	119.1	0.56	0.0	-0.05	0.0	5	3651	-948.0	-276.5	0.93	1354.65	1
65.53	0	1357.9	119.1	0.56	0.0	-0.05	0.0	5	3653	-948.7	-273.2	0.97	1357.95	1
65.63	0	1361.3	119.2	0.56	0.0	-0.05	0.0	5	3654	-949.5	-270.0	0.99	1361.26	1
65.73	0	1364.6	119.2	0.56	0.0	-0.02	0.0	5	3656	-950.2	-266.8	0.96	1364.57	1
65.83	0	1367.9	119.3	0.56	0.0	-0.0	0.0	5	3656	-950.8	-263.5	0.91	1367.89	1
65.93	0	1371.2	119.3	0.56	0.0	-0.0	0.0	5	3659	-951.5	-260.3	0.83	1371.19	1
66.03	0	1374.5	119.4	0.56	0.0	-0.0	0.0	5	3653	-952.1	-257.0	0.75	1374.5	1
66.13	0	1377.8	119.4	0.56	0.0	-0.0	0.0	5	3660	-952.7	-253.8	0.65	1377.83	1
66.23	0	1381.1	119.5	0.56	0.0	-0.0	0.0	5	3661	-953.3	-250.5	0.56	1381.15	1
66.33	0	1384.5	119.5	0.56	0.0	-0.0	0.0	5	3662	-953.9	-247.2	0.48	1384.46	1
66.43	0	1387.8	119.6	0.56	0.0	-0.0	0.0	5	3664	-954.5	-244.0	0.39	1387.78	1
66.53	0	1391.1	119.6	0.56	0.0	-0.0	0.0	5	3666	-955.1	-240.7	0.32	1391.1	1
66.63	0	1394.4	119.7	0.56	0.0	-0.0	0.0	5	3668	-955.7	-237.4	0.25	1394.43	1
66.73	0	1397.8	119.8	0.56	0.0	-0.0	0.0	5	3669	-956.3	-234.2	0.19	1397.75	1
66.82	0	1401.0	119.8	0.58	0.0	-0.0	0.0	5	3673	-956.9	-230.9	0.13	1401.05	1
66.92	0	1404.4	119.9	0.58	0.0	-0.0	0.0	5	3679	-957.5	-227.7	0.09	1404.38	1
67.02	0	1407.7	120.0	0.58	0.0	-0.0	0.0	5	3675	-958.2	-224.4	0.05	1407.71	1
67.12	0	1411.8	120.1	0.58	0.0	-0.0	0.0	5	3682	-958.8	-221.1	0.6	1411.76	1
67.22	0	1414.7	120.1	0.58	0.0	-0.0	0.0	5	3684	-959.4	-217.8	0.72	1414.7	1
67.32	0	1418.0	120.2	0.58	0.0	-0.0	0.0	5	3687	-960.0	-214.5	1.03	1418.01	1
67.42	0	1421.3	120.3	0.58	0.0	-0.0	0.0	5	3690	-960.6	-211.3	1.33	1421.34	1
67.52	0	1424.7	120.4	0.58	0.0	-0.06	0.0	5	3689	-961.2	-208.0	1.63	1424.67	1
67.62	0	1428.0	120.5	0.58	0.0	-0.08	0.0	5	3698	-961.8	-204.7	1.94	1427.99	1
67.72	0	1431.3	120.5	0.58	0.0	-0.08	0.0	5	3703	-962.3	-201.4	2.21	1431.33	1
67.82	0	1434.7	120.6	0.58	0.0	-0.12	0.0	5	3706	-962.9	-198.1	2.46	1434.67	1
67.92	0	1438.0	120.6	0.58	0.0	-0.12	0.0	5	3708	-963.3	-194.8	2.65	1438.01	1
68.03	0	1441.4	120.6	0.58	0.0	-0.02	0.0	5	3708	-963.8	-191.4	2.78	1441.44	1
68.12	0	1444.7	120.7	0.58	0.0	-0.0	0.0	5	3706	-964.1	-188.1	2.86	1444.71	1
68.22	0	1448.1	120.8	0.58	0.0	0.0	0.0	5	3706	-964.5	-184.8	2.9	1448.08	1
68.32	0	1451.4	120.8	0.58	0.0	0.02	0.0	5	3707	-964.8	-181.4	2.9	1451.43	1
68.42	0	1454.8	120.9	0.58	0.0	0.02	0.0	5	3709	-965.1	-178.1	2.89	1454.8	1
68.53	0	1458.2	121.0	0.58	0.0	0.02	0.0	5	3713	-965.4	-174.7	2.88	1458.16	1
68.62	0	1461.5	121.1	0.59	0.0	-0.0	0.0	5	3715	-965.7	-171.4	2.88	1461.52	1
68.72	0	1464.9	121.2	0.59	0.0	-0.0	0.0	5	3718	-966.0	-168.0	2.88	1464.87	1
68.83	0	1468.3	121.3	0.58	0.0	-0.0	0.0	5	3723	-966.3	-164.7	2.89	1468.26	1
68.92	0	1471.6	121.4	0.58	0.0	-0.0	0.0	5	3721	-966.6	-161.3	2.9	1471.63	1
69.03	0	1475.0	121.5	0.58	0.0	-0.0	0.0	5	3726	-966.9	-157.9	2.92	1475.0	1
69.12	0	1478.4	121.6	0.58	0.0	-0.0	0.0	5	3729	-967.2	-154.6	2.94	1478.37	1
69.22	0	1481.7	121.6	0.58	0.0	-0.0	0.0	5	3732	-967.6	-151.2	2.96	1481.74	1
69.33	0	1485.1	121.7	0.58	0.0	-0.0	0.0	5	3735	-967.9	-147.9	2.99	1485.13	1
69.43	0	1488.5	121.8	0.58	0.0	-0.0	0.0	5	3738	-968.2	-144.5	3.01	1488.53	1
69.53	0	1491.9	121.9	0.59	0.0	-0.0	0.0	5	3741	-968.5	-141.1	3.03	1491.91	1
69.63	0	1495.3	122.0	0.58	0.0	-0.0	0.0	5	3740	-968.8	-137.7	3.04	1495.3	1
69.73	0	1498.7	122.1	0.58	0.0	-0.0	0.0	5	3752	-969.2	-134.4	3.06	1498.69	1
69.83	0	1502.1	122.2	0.58	0.0	-0.0	0.0	5	3748	-969.5	-131.0	3.08	1502.09	1
69.95	0	1506.4	122.3	0.58	0.0	-0.02	0.0	5	3753	-969.9	-126.7	3.1	1506.36	1
70.03	0	1509.0	122.4	0.58	0.0	-0.02	0.0	5	3756	-970.1	-124.1	3.11	1509.01	1
70.13	0	1512.4	122.5	0.58	0.0	-0.02	0.0	5	3758	-970.4	-120.7	3.11	1512.4	1
70.23	0	1515.8	122.6	0.58	0.0	-0.03	0.0	5	3762	-970.7	-117.3	3.11	1515.8	1
70.33	0	1519.2	122.7	0.59	0.0	-0.03	0.0	5	3765	-971.0	-113.9	3.08	1519.22	1
70.43	0	1522.6	122.7	0.58	0.0	-0.04	0.0	5	3769	-971.2	-110.5	3.03	1522.63	1
70.53	0	1526.0	122.8	0.58	0.0	-0.05	0.0	5	3773	-971.5	-107.1	2.96	1526.05	1
70.63	0	1529.5	122.9	0.58	0.0	-0.0	0.0	5	3774	-971.7	-103.7	2.86	1529.46	1
70.73	0	1532.9	123.0	0.58	0.0	-0.0	0.0	5	3777	-971.8	-100.3	2.72	1532.85	1
70.83	0	1536.3	123.1	0.58	0.0	-0.0	0.0	5	3779	-972.0	-96.9	2.57	1536.27	1
70.93	0	1539.7	123.2	0.58	0.0	-0.0	0.0	5	3781	-972.1	-93.4	2.41	1539.71	1
71.03	0	1543.1	123.3	0.58	0.0	-0.0	0.0	5	3784	-972.3	-90.0	2.23	1543.13	1
71.13	0	1546.5	123.4	0.58	0.0	-0.0	0.0	5	3787	-972.4	-86.6	2.05	1546.53	1
71.23	0	1550.0	123.5	0.58	0.0	0.0	0.0	5	3790	-972.5	-83.2	1.87	1549.96	1
71.33	0	1553.4	123.6	0.58	0.0	0.0	0.0	5	3793	-972.6	-79.7	1.69	1553.4	1
71.43	0	1556.8	123.7	0.58	0.0	0.0	0.0	5	3796	-972.8	-76.3	1.51	1556.82	1
71.53	0	1560.2	123.8	0.58	0.0	0.0	0.0	5	3799	-972.9	-72.9	1.31	1560.24	1
71.63	0	1563.7	123.9	0.58	0.0	0.04	0.0	5	3803	-973.0	-69.5	1.12	1563.68	1
71.73	0	1567.1	124.0	0.58	0.0	0.04	0.0	5	3806	-973.2	-66.0	0.95	1567.11	1
71.83	0	1570.6	124.1	0.58	0.0	0.02	0.0	5	3810	-973.3	-62.6	0.79	1570.57	1
71.93	0	1574.0	124.2	0.58	0.0	0.03	0.0	5	3813	-973.5	-59.1	0.66	1574.0	1
72.03	0	1577.4	124.2	0.58	0.0	0.03	0.0	5	3816	-973.7	-55.7	0.55	1577.44	1
72.13	0	1580.9	124.3	0.58	0.0	0.03	0.0	5	3818	-974.0	-52.3	0.47	1580.88	1
72.23	0	1584.3	124.4	0.58	0.0	0.01	0.0	5	3822	-974.3	-48.8	0.41	1584.34	1
72.35	0	1588.4	124.6	0.58	0.0	0.01	0.0	5	3824	-974.6	-44.7	0.36	1588.45	1
72.45	0	1591.8	124.7	0.58	0.0	0.01	0.0	5	3828	-974.9	-41.3	0.33	1591.85	1
72.55	0	1595.3	124.8	0.58	0.0	0.01	0.0	5	3830	-975.2	-37.9	0.31	1595.31	1
72.65	0	1598.8	124.9	0.58	0.0	0.01	0.0	5	3834	-975.5	-34.4	0.3	1598.79	1
72.75	0	1602.3	125.0	0.58	0.0	0.01	0.0	5	3837	-975.8	-31.0	0.29	1602.26	1
72.85	0	1605.7	125.1	0.59	0.0	0.01	0.0	5	3841	-976.2	-27.5	0.29	1605.73	1
72.95	0	1609.2	125.2	0.58	0.0	0.01	0.0	5	3844	-976.5	-24.1	0.3	1609.21	1
73.05	0	1612.7	125.3	0.58	0.0	0.01	0.0	5	3847	-976.8	-20.6	0.31	1612.67	1
73.15	0	1616.2	125.4	0.58	0.0	0.01	0.0	5	3850	-977.2	-17.1	0.33	1616.17	1
73.25	0	1619.6	125.5	0.58	0.0	0.0	0.0	5	3854	-977.5	-13.7	0.35	1619.65	1
73.35	0	1623.2	125.6	0.58	0.0	0.0	0.0	5	3857	-977.9	-10.2	0.38	1623.15	1
73.45	0	1626.6	125.7	0.58	0.0	0.0	0.0	5	3860	-978.3	-6.7	0.41	1626.63	1
73.55	0	1630.1	125.8	0.58	0.0	0.0	0.0	5	3864	-978.6	-3.2	0.45	1630.13	1
73.65	0	1633.6	125.9	0.58	0.0	0.0	0.0	5	3869	-979.0	0.2	0.48	1633.62	1
73.75	0	1637.1	126.0	0.58	0.0	0.0	0.0	5	3871	-979.4	3.7	0.52	1637.12	1
73.88	0	1641.8	126.2	0.58	0.0	0.0	0.0	5	3875	-979.9	8.3	0.58	1641.79	1
73.98	0	1645.3	126.3	0.58	0.0	0.0	0.0	5	3879	-980.2	11.8	0.64	1645.3	1
74.08	0	1648.8	126.4	0.58	0.0	0.0	0.0	5	3882	-980.6	15.3	0.69	1648.8	1
74.18	0	1652.3	126.5	0.58	0.0	0.0	0.0	5	3886	-981.0	18.8	0.75	1652.33	1
74.28	0	1655.8	126.6	0.58	0.0	0.0	0.0	5	3890	-981.4	22.3	0.81	1655.84	1
74.38	0	1659.4	126.7	0.58	0.0	0.0	0.0	5	3893	-981.8	25.8	0.87	1659.35	1
74.48	0	1662.9	126.9	0.58	0.0	0.0	0.0	5	3897	-982.2	29.3	0.94	1662.88	1
74.58	0	1666.4	127.0	0.58	0.0	0.0	0.0	5	3900	-982.6	32.8	1.01	1666.4	1
74.68	0	1669.9	127.1	0.58	0.0	0.0	0.0	5	3904	-983.0	36.3	1.08	1669.93	1
74.78	0	1673.5	127.2	0.58	0.0	0.0	0.0	5	3907	-983.4	39.8	1.15	1673.47	1
74.88	0	1677.0	127.3	0.58	0.0	0.0	0.0	5	3911	-983.8	43.3	1.22	1676.99	1
74.98	0	1680.5	127.4	0.58	0.0	0.0	0.0	5	3914	-984.2	46.9	1.3	1680.54	1
75.08	0	1684.1	127.5	0.58	0.0	0.0	0.0	5	3920	-984.6	50.4	1.38	1684.13	1
75.18	0	1687.7	127.7	0.58	0.0	0.02	0.0	5	3922	-985.0	53.9	1.3	1687.68	1
75.28	0	1691.2	127.8	0.58	0.0	0.02	0.0	5	3926	-985.4	57.4	1.22	1691.24	1
75.38	0	1694.8	127.9	0.55	0.0	0.01	0.0	5	3924	-985.9	60.9	1.16	1694.78	1
75.48	0	1698.3	127.9	0.55	0.0	0.05	0.0	5	3925	-986.3	64.5	1.11	1698.33	1
75.58	0	1701.9	128.0	0.52	0.0	0.03	0.0	5	3924	-986.8	68.0	1.08	1701.89	1
75.68	0	1705.4	128.0	0.45	0.0	0.03	0.0	5	3914	-987.3	71.5	1.07	1705.44	1
75.78	0	1709.0	127.9	0.4	0.0	0.01	0.0	5	3903	-987.8	75.0	1.07	1708.99	1
75.88	0	1712.5	127.7	0.36	0.0	0.01	0.0	5	3891	-988.3	78.5	1.09	1712.54	1
75.98	0	1716.1	127.5	0.34	0.0	0.01	0.0	5	3882	-988.8	82.1	1.13	1716.1	1
76.08	0	1719.6	127.3	0.3	0.0	0.01	0.0	5	3869	-989.4	85.5	1.17	1719.63	1
76.18	0	1723.2	127.0	0.29	0.0	0.05	0.0	5	3859	-989.9	89.0	1.19	1723.25	1
76.28	0	1726.8	126.7	0.27	0.0	0.06	0.0	5	3847	-990.5	92.5	1.02	1726.76	1
76.38	0	1730.3	126.3	0.21	0.0	0.06	0.0	5	3830	-991.0	96.0	0.88	1730.28	1
76.48	0	1733.8	125.9	0.16	0.0	0.06	0.0	5	3810	-991.7	99.4	0.76	1733.78	1
76.58	0	1737.3	125.4	0.0	0.0	0.03	0.0	5	3771	-992.3	102.9	0.68	1737.27	1
76.68	0	1740.7	124.7	0.0	0.0	0.01	0.0	5	3749	-993.0	106.3	0.64	1740.74	1
76.78	0	1744.2	124.1	0.0	0.0	0.0	0.0	5	3729	-993.7	109.7	0.62	1744.19	1
76.88	0	1747.6	123.4	0.0	0.0	0.0	0.0	5	3712	-994.4	113.0	0.63	1747.64	1
76.98	0	1751.1	122.8	0.0	0.0	0.0	0.0	5	3692	-995.1	116.4	0.64	1751.06	1
77.11	0	1755.4	122.0	0.0	0.0	0.0	0.0	5	3668	-996.0	120.6	0.67	1755.42	1
77.19	0	1758.2	121.5	0.0	0.0	0.0	0.0	5	3653	-996.6	123.3	0.7	1758.19	1
77.29	0	1761.6	120.8	0.0	0.0	0.0	0.0	5	3635	-997.3	126.6	0.71	1761.59	1
77.39	0	1764.9	120.2	0.0	0.0	0.0	0.0	5	3616	-998.1	129.8	0.49	1764.89	1
77.49	0	1768.2	119.6	0.0	0.0	0.0	0.0	5	3598	-998.8	133.1	0.27	1768.23	1
77.59	0	1771.5	119.0	0.0	0.0	0.02	0.0	5	3580	-999.5	136.3	0.06	1771.54	1
77.69	0	1774.8	118.4	0.0	0.0	0.03	0.0	5	3562	-1000.2	139.5	-0.15	1774.83	1
77.79	0	1778.1	117.8	0.0	0.0	0.03	0.0	5	3544	-1001.0	142.7	-0.34	1778.1	1
77.89	0	1781.4	117.2	0.0	0.0	0.05	0.0	5	3524	-1001.7	145.9	-0.52	1781.36	1
77.99	0	1784.6	116.6	0.0	0.0	0.06	0.0	5	3508	-1002.5	149.1	-0.67	1784.61	1
78.09	0	1787.8	116.0	0.0	0.0	0.06	0.0	5	3490	-1003.2	152.2	-0.8	1787.83	1
78.19	0	1791.0	115.4	0.0	0.0	0.07	0.0	5	3472	-1004.0	155.3	-0.89	1791.04	1
78.29	0	1794.2	114.8	0.0	0.0	0.03	0.0	5	3453	-1004.9	158.4	-0.95	1794.24	1
78.39	0	1797.4	114.2	0.0	0.0	0.03	0.0	5	3436	-1005.8	161.5	-0.97	1797.42	1
78.49	0	1800.5	113.6	0.0	0.0	0.06	0.0	5	3418	-1006.6	164.5	-1.01	1800.52	1
78.59	0	1803.7	113.0	0.0	0.0	0.06	0.0	5	3401	-1007.6	167.5	-1.2	1803.66	1
78.69	0	1806.8	112.4	0.0	0.0	0.07	0.0	5	3383	-1008.5	170.5	-1.35	1806.79	1
78.79	0	1809.9	111.8	0.0	0.0	0.1	0.0	5	3367	-1009.5	173.5	-1.47	1809.92	1
78.89	0	1813.0	111.3	0.0	0.0	0.05	0.0	5	3349	-1010.5	176.4	-1.54	1812.98	1
78.99	0	1816.1	110.7	0.0	0.0	0.02	0.0	5	3330	-1011.5	179.3	-1.56	1816.08	1
79.09	0	1819.1	110.1	0.0	0.0	0.01	0.0	5	3313	-1012.6	182.2	-1.56	1819.15	1
79.19	0	1822.2	109.6	0.0	0.0	0.01	0.0	5	3297	-1013.7	185.0	-1.53	1822.17	1
79.29	0	1825.2	109.0	0.0	0.0	0.01	0.0	5	3280	-1014.8	187.8	-1.48	1825.21	1
79.39	0	1828.2	108.5	0.0	0.0	0.01	0.0	5	3264	-1015.9	190.7	-1.42	1828.24	1
79.49	0	1831.3	108.0	0.0	0.0	0.01	0.0	5	3248	-1017.0	193.5	-1.35	1831.25	1
79.59	0	1834.2	107.4	0.0	0.0	0.01	0.0	5	3232	-1018.1	196.2	-1.28	1834.24	1
79.69	0	1837.2	106.9	0.0	0.0	0.01	0.0	5	3217	-1019.2	199.0	-1.21	1837.21	1
79.79	0	1840.1	106.4	0.0	0.0	0.01	0.0	5	3201	-1020.3	201.7	-1.24	1840.09	1
79.89	0	1843.0	105.9	0.0	0.0	0.01	0.0	5	3185	-1021.4	204.5	-1.36	1843.04	1
79.99	0	1846.0	105.3	0.0	0.0	0.01	0.0	5	3170	-1022.5	207.2	-1.48	1845.97	1
80.09	0	1848.9	104.8	0.0	0.0	0.05	0.0	5	3154	-1023.6	209.9	-1.59	1848.88	1
80.19	0	1851.8	104.3	0.0	0.0	0.04	0.0	5	3139	-1024.7	212.6	-1.69	1851.78	1
80.29	0	1854.7	103.8	0.0	0.0	0.04	0.0	5	3124	-1025.8	215.3	-1.78	1854.67	1
80.39	0	1857.5	103.3	0.0	0.0	0.04	0.0	5	3108	-1026.9	217.9	-1.84	1857.55	1
80.49	0	1860.4	102.8	0.0	0.0	0.04	0.0	5	3093	-1028.0	220.6	-1.89	1860.44	1
80.59	0	1863.3	102.3	0.0	0.0	0.04	0.06	5	3078	-1029.2	223.2	-1.91	1863.29	1
80.69	0	1866.1	101.7	0.0	0.0	0.03	0.65	5	3062	-1030.4	225.8	-1.91	1866.13	1
80.79	0	1868.9	101.4	0.0	0.0	0.01	1.0	5	2921	-1031.5	228.3	-1.89	1868.94	1
80.89	0	1871.8	101.1	0.0	0.0	0.01	1.0	5	2740	-1032.7	230.9	-1.85	1871.76	1
80.99	0	1874.6	100.8	0.0	0.0	0.01	1.0	4	2571	-1033.9	233.4	-1.81	1874.56	1
81.09	0	1877.3	100.5	0.0	0.0	0.01	1.0	4	2413	-1035.1	235.9	-1.76	1877.28	1
81.19	0	1880.1	100.2	0.0	0.0	0.01	1.0	4	2264	-1036.3	238.5	-1.82	1880.07	1
81.29	0	1882.8	99.9	0.0	0.0	0.01	1.0	4	2124	-1037.5	241.0	-1.87	1882.84	1
81.39	0	1885.6	99.6	0.0	0.0	0.01	1.0	4	1994	-1038.7	243.5	-1.92	1885.61	1
81.49	0	1888.4	99.3	0.0	0.0	0.01	1.0	4	1956	-1039.9	246.0	-1.96	1888.39	1
81.59	0	1891.1	99.0	0.0	0.0	0.01	1.0	4	1953	-1041.1	248.4	-2.0	1891.13	1
81.69	0	1893.9	98.7	0.0	0.0	0.01	1.0	4	1953	-1042.3	250.9	-2.04	1893.88	1
81.79	0	1896.6	98.4	0.0	0.0	0.01	1.0	4	1953	-1043.5	253.4	-2.08	1896.61	1
81.89	0	1899.3	98.1	0.0	0.0	0.01	1.0	4	1953	-1044.7	255.8	-2.12	1899.34	1
81.99	0	1902.1	97.9	0.0	0.0	0.01	1.0	3	1953	-1045.9	258.3	-2.16	1902.07	1
82.09	0	1904.8	97.6	0.0	0.0	0.01	1.0	3	1953	-1047.1	260.7	-2.19	1904.78	1
82.19	0	1907.5	97.3	0.0	0.0	0.01	1.0	3	1953	-1048.2	263.1	-2.22	1907.48	1
82.29	0	1910.2	97.0	0.0	0.0	0.01	1.0	3	1953	-1049.4	265.6	-2.22	1910.24	1
82.39	0	1912.9	96.7	0.0	0.0	0.01	1.0	3	1953	-1050.6	268.0	-2.18	1912.93	1
82.49	0	1915.6	96.4	0.0	0.0	0.01	1.0	3	1953	-1051.8	270.4	-2.13	1915.63	1
82.59	0	1918.3	96.2	0.0	0.0	0.01	1.0	3	1953	-1053.0	272.8	-2.08	1918.29	1
82.69	0	1921.0	95.9	0.0	0.0	0.01	1.0	3	1953	-1054.2	275.2	-2.03	1920.96	1
82.79	0	1923.6	95.6	0.0	0.0	0.01	1.0	3	1953	-1055.4	277.5	-1.97	1923.62	1
82.89	0	1926.2	95.3	0.0	0.0	0.01	1.0	3	1953	-1056.6	279.9	-1.92	1926.24	1
82.99	0	1928.9	95.0	0.0	0.0	0.01	1.0	3	1953	-1057.8	282.3	-1.9	1928.89	1
83.09	0	1931.5	94.8	0.0	0.0	0.01	1.0	3	1953	-1059.0	284.6	-1.86	1931.52	1
83.19	0	1934.2	94.5	0.0	0.0	0.01	1.0	3	1953	-1060.2	287.0	-1.83	1934.15	1
83.29	0	1936.8	94.2	0.0	0.0	0.01	1.0	3	1953	-1061.3	289.3	-1.79	1936.77	1
83.39	0	1939.4	94.0	0.0	0.0	0.01	1.0	3	1953	-1062.5	291.6	-1.75	1939.38	1
83.49	0	1942.0	93.6	0.0	0.0	0.01	0.96	3	1982	-1063.7	294.0	-1.7	1942.0	1
83.59	0	1944.6	93.0	0.0	0.0	0.01	0.87	3	2105	-1064.9	296.3	-1.66	1944.58	1
83.69	0	1947.1	91.8	0.0	0.0	0.01	0.7	3	2575	-1066.1	298.5	-1.61	1947.14	1
83.81	0	1950.1	89.8	0.0	0.0	0.01	0.59	3	3481	-1067.4	301.2	-1.54	1950.09	1
83.91	0	1952.6	88.6	0.0	0.0	0.01	0.47	3	3821	-1068.6	303.4	-1.49	1952.57	1
84.01	0	1955.0	88.0	0.0	0.0	0.03	0.32	3	3805	-1069.7	305.5	-1.43	1955.02	1
84.11	0	1957.4	87.4	0.0	0.0	0.03	0.16	3	3780	-1070.8	307.7	-1.36	1957.44	1
84.21	0	1959.9	86.8	0.0	0.0	0.03	0.0	3	3755	-1072.0	309.8	-1.29	1959.87	1
84.32	0	1962.6	86.2	0.0	0.0	0.01	0.0	3	3727	-1073.3	312.2	-1.19	1962.61	1
84.42	0	1965.0	85.6	0.0	0.0	0.01	0.0	3	3702	-1074.4	314.4	-1.1	1965.05	1
84.52	0	1967.4	85.0	0.16	0.0	0.0	0.0	3	3694	-1075.6	316.5	-1.01	1967.41	1
84.62	0	1969.8	84.8	0.21	0.0	0.0	0.0	3	3700	-1076.7	318.5	-0.91	1969.77	1
84.72	0	1972.1	84.6	0.23	0.0	0.0	0.0	3	3693	-1077.8	320.6	-0.81	1972.12	1
84.82	0	1974.5	84.4	0.23	0.0	0.0	0.0	3	3686	-1079.0	322.6	-0.72	1974.46	1
84.92	0	1976.8	84.2	0.23	0.0	0.0	0.0	3	3680	-1080.1	324.7	-0.61	1976.8	1
85.02	0	1979.1	84.1	0.23	0.0	0.0	0.0	3	3672	-1081.2	326.8	-0.51	1979.14	1
85.12	0	1981.5	83.9	0.25	0.0	-0.02	0.0	3	3668	-1082.3	328.8	-0.41	1981.46	1
85.22	0	1983.8	83.8	0.28	0.0	-0.02	0.0	3	3666	-1083.5	330.8	-0.3	1983.8	1
85.32	0	1986.1	83.7	0.3	0.0	-0.02	0.0	3	3667	-1084.6	332.9	-0.2	1986.12	1
85.42	0	1988.4	83.7	0.34	0.0	-0.02	0.0	3	3673	-1085.7	334.9	-0.11	1988.44	1
85.52	0	1990.8	83.7	0.36	0.0	-0.02	0.0	3	3676	-1086.8	337.0	-0.01	1990.77	1
85.62	0	1993.1	83.8	0.36	0.0	-0.02	0.0	3	3679	-1087.9	339.0	0.07	1993.09	1
85.72	0	1995.4	83.8	0.38	0.0	-0.02	0.0	3	3682	-1089.0	341.1	0.15	1995.41	1
85.82	0	1997.7	83.9	0.38	0.0	-0.02	0.0	3	3688	-1090.1	343.1	0.22	1997.75	1
85.92	0	2000.1	84.0	0.38	0.0	-0.02	0.0	3	3691	-1091.2	345.2	0.28	2000.07	1
86.02	0	2002.4	84.0	0.38	0.0	-0.02	0.0	3	3695	-1092.2	347.3	0.34	2002.41	1
86.12	0	2004.7	84.1	0.38	0.0	-0.02	0.0	3	3699	-1093.3	349.3	0.39	2004.74	1
86.22	0	2007.1	84.2	0.38	0.0	-0.02	0.0	3	3703	-1094.4	351.4	0.44	2007.08	1
86.32	0	2009.4	84.3	0.38	0.0	-0.02	0.0	3	3707	-1095.5	353.5	0.48	2009.42	1
86.42	0	2011.8	84.4	0.4	0.0	-0.02	0.0	3	3714	-1096.5	355.6	0.51	2011.77	1
86.52	0	2014.1	84.5	0.4	0.0	-0.02	0.0	3	3719	-1097.6	357.7	0.53	2014.1	1
86.62	0	2016.5	84.6	0.4	0.0	-0.02	0.0	3	3725	-1098.6	359.8	0.55	2016.45	1
86.72	0	2018.8	84.8	0.38	0.0	-0.02	0.0	3	3728	-1099.7	361.9	0.56	2018.81	1
86.82	0	2021.2	84.9	0.41	0.0	-0.02	0.0	3	3736	-1100.7	364.0	0.56	2021.17	1
86.92	0	2023.5	85.0	0.38	0.0	-0.02	0.0	3	3741	-1101.7	366.1	0.56	2023.52	1
87.02	0	2025.9	85.1	0.41	0.0	-0.02	0.0	3	3750	-1102.8	368.2	0.55	2025.89	1
87.12	0	2028.3	85.3	0.41	0.0	0.01	0.0	3	3757	-1103.8	370.4	0.54	2028.26	1
87.22	0	2030.6	85.5	0.41	0.0	0.01	0.0	3	3764	-1104.8	372.5	0.52	2030.62	1
87.32	0	2033.0	85.6	0.41	0.0	0.01	0.0	3	3771	-1105.9	374.7	0.5	2033.0	1
87.42	0	2035.4	85.8	0.41	0.0	0.01	0.0	3	3778	-1106.9	376.8	0.49	2035.38	1
87.52	0	2037.8	85.9	0.41	0.0	0.01	0.0	3	3785	-1107.9	378.9	0.48	2037.77	1
87.62	0	2040.2	86.1	0.41	0.0	0.01	0.0	3	3792	-1109.0	381.1	0.47	2040.16	1
87.72	0	2042.6	86.2	0.41	0.0	0.01	0.0	3	3800	-1110.0	383.2	0.46	2042.55	1
87.82	0	2045.0	86.4	0.41	0.0	0.01	0.0	3	3807	-1111.1	385.4	0.46	2044.95	1
87.92	0	2047.4	86.6	0.41	0.0	0.01	0.0	3	3814	-1112.2	387.6	0.46	2047.36	1
88.02	0	2049.8	86.7	0.41	0.0	0.01	0.0	3	3822	-1113.2	389.7	0.46	2049.76	1
88.12	0	2052.2	86.9	0.41	0.0	0.01	0.0	3	3829	-1114.3	391.9	0.47	2052.18	1
88.22	0	2054.6	87.1	0.41	0.0	0.01	0.0	3	3837	-1115.4	394.0	0.48	2054.59	1
88.32	0	2057.0	87.2	0.41	0.0	0.01	0.0	3	3844	-1116.4	396.2	0.49	2057.01	1
88.42	0	2059.4	87.4	0.41	0.0	0.01	0.0	3	3852	-1117.5	398.4	0.51	2059.43	1
88.52	0	2061.9	87.6	0.41	0.0	0.01	0.0	3	3860	-1118.6	400.6	0.53	2061.86	1
88.62	0	2064.3	87.7	0.41	0.0	0.01	0.0	3	3867	-1119.7	402.7	0.55	2064.31	1
88.72	0	2066.7	87.9	0.41	0.0	0.01	0.0	3	3875	-1120.8	404.9	0.57	2066.74	1
88.82	0	2069.2	88.1	0.41	0.0	0.01	0.0	3	3883	-1121.9	407.1	0.6	2069.18	1
88.92	0	2071.6	88.3	0.41	0.0	0.01	0.0	3	3891	-1123.0	409.3	0.63	2071.64	1
89.02	0	2074.1	88.4	0.41	0.0	0.01	0.0	3	3899	-1124.1	411.5	0.66	2074.09	1
89.12	0	2076.6	88.6	0.41	0.0	0.01	0.0	3	3910	-1125.2	413.7	0.7	2076.55	1
89.22	0	2079.0	88.8	0.41	0.0	0.01	0.0	3	3915	-1126.4	415.9	0.74	2079.02	1
89.32	0	2081.5	89.0	0.41	0.0	0.01	0.0	3	3923	-1127.5	418.0	0.78	2081.48	1
89.42	0	2084.0	89.1	0.38	0.0	0.01	0.0	3	3925	-1128.6	420.3	0.83	2083.96	1
89.52	0	2086.4	89.2	0.38	0.0	0.01	0.0	3	3929	-1129.7	422.5	0.88	2086.43	1
89.62	0	2088.9	89.4	0.38	0.0	0.01	0.0	3	3933	-1130.9	424.7	0.94	2088.91	1
89.72	0	2091.4	89.5	0.38	0.0	0.01	0.0	3	3938	-1132.0	426.9	0.99	2091.4	1
89.82	0	2093.9	89.6	0.38	0.0	0.01	0.0	3	3943	-1133.2	429.1	1.05	2093.88	1
89.92	0	2096.4	89.7	0.38	0.0	0.01	0.0	3	3949	-1134.3	431.3	1.13	2096.37	1
90.02	0	2098.9	89.8	0.38	0.0	-0.02	0.0	3	3954	-1135.5	433.5	1.21	2098.86	1
90.12	0	2101.4	89.9	0.36	0.0	-0.06	0.0	3	3956	-1136.7	435.7	1.29	2101.35	1
90.22	0	2103.9	90.0	0.34	0.0	-0.07	0.0	3	3957	-1137.8	437.9	1.36	2103.86	1
90.33	0	2106.4	90.0	0.34	0.0	-0.09	0.0	3	3958	-1139.0	440.2	1.41	2106.39	1
90.42	0	2108.8	90.1	0.34	0.0	-0.12	0.0	3	3962	-1140.0	442.4	1.44	2108.84	1
90.52	0	2111.3	90.1	0.34	0.0	-0.11	0.0	3	3965	-1141.1	444.6	1.43	2111.35	1
90.62	0	2113.8	90.1	0.34	0.0	-0.11	0.0	3	3966	-1142.1	446.9	1.39	2113.85	1
90.72	0	2116.4	90.1	0.34	0.0	-0.1	0.0	3	3967	-1143.1	449.2	1.3	2116.35	1
90.82	0	2118.8	90.1	0.34	0.0	-0.04	0.0	3	3967	-1144.1	451.5	1.17	2118.84	1
90.92	0	2121.3	90.2	0.34	0.0	-0.04	0.0	3	3967	-1145.0	453.9	1.01	2121.34	1
91.02	0	2123.8	90.2	0.34	0.0	-0.0	0.0	3	3968	-1145.9	456.2	0.83	2123.84	1
91.12	0	2126.3	90.3	0.34	0.0	-0.0	0.0	3	3967	-1146.8	458.5	0.63	2126.34	1
91.22	0	2128.8	90.3	0.34	0.0	-0.0	0.0	3	3976	-1147.7	460.9	0.43	2128.83	1
91.32	0	2131.3	90.4	0.34	0.0	-0.02	0.0	3	3977	-1148.5	463.2	0.22	2131.33	1
91.42	0	2133.8	90.5	0.34	0.0	-0.08	0.0	3	3975	-1149.4	465.6	-0.05	2133.84	1
91.52	0	2136.4	90.5	0.34	0.0	-0.09	0.0	3	3980	-1150.3	468.0	-0.34	2136.35	1
91.62	0	2138.8	90.5	0.34	0.0	-0.09	0.0	3	3982	-1151.1	470.3	-0.65	2138.83	1
91.72	0	2141.3	90.5	0.34	0.0	-0.09	0.0	3	3990	-1151.9	472.7	-1.0	2141.32	1
91.82	0	2143.8	90.6	0.34	0.0	-0.09	0.0	3	3985	-1152.6	475.1	-1.37	2143.82	1
91.94	0	2148.3	90.6	0.34	0.0	-0.0	0.0	3	3987	-1153.5	477.9	-0.43	2148.31	1
92.04	0	2150.8	90.7	0.34	0.0	-0.03	0.0	3	3987	-1154.2	480.3	-0.35	2150.82	1
92.14	0	2153.3	90.7	0.34	0.0	-0.06	0.0	3	3991	-1154.8	482.8	-0.28	2153.34	1
92.24	0	2155.9	90.8	0.34	0.0	-0.08	0.0	3	3993	-1155.5	485.2	-0.23	2155.86	1
92.34	0	2158.4	90.8	0.34	0.0	-0.17	0.0	3	3998	-1156.1	487.6	-0.21	2158.38	1
92.44	0	2160.9	90.8	0.34	0.0	-0.17	0.0	3	4002	-1156.7	490.1	-0.24	2160.92	1
92.54	0	2163.4	90.8	0.34	0.0	-0.17	0.0	3	4004	-1157.3	492.5	-0.32	2163.41	1
92.64	0	2165.9	90.7	0.34	0.0	-0.17	0.0	3	4004	-1157.7	495.0	-0.45	2165.9	1
92.74	0	2168.4	90.7	0.34	0.0	-0.14	0.0	3	4003	-1158.2	497.5	-0.66	2168.42	1
92.84	0	2170.9	90.7	0.34	0.0	-0.08	0.0	3	3998	-1158.5	500.0	-0.92	2170.93	1
92.94	0	2173.4	90.7	0.34	0.0	-0.08	0.0	3	3995	-1158.8	502.5	-1.23	2173.43	1
93.04	0	2175.9	90.7	0.34	0.0	-0.09	0.0	3	4006	-1159.0	505.0	-1.58	2175.93	1
93.14	0	2178.4	90.8	0.34	0.0	-0.12	0.0	3	3992	-1159.2	507.5	-1.97	2178.4	1
93.24	0	2180.9	90.8	0.34	0.0	-0.15	0.0	3	3995	-1159.4	510.0	-2.39	2180.88	1
93.34	0	2184.3	90.8	0.34	0.0	-0.15	0.0	3	4001	-1159.5	512.5	-2.27	2184.3	1
93.44	0	2186.8	90.8	0.34	0.0	-0.15	0.0	3	3999	-1159.5	515.1	-1.95	2186.8	1
93.54	0	2189.3	90.8	0.34	0.0	-0.15	0.0	3	4003	-1159.5	517.6	-1.69	2189.31	1
93.64	0	2191.8	90.7	0.34	0.0	-0.17	0.0	3	4003	-1159.5	520.1	-1.49	2191.82	1
93.77	0	2195.2	90.7	0.34	0.0	-0.17	0.0	3	4002	-1159.3	523.4	-1.32	2195.17	1
93.87	0	2197.7	90.6	0.34	0.0	-0.17	0.0	3	4000	-1159.0	526.0	-1.27	2197.68	1
93.97	0	2200.2	90.6	0.34	0.0	-0.2	0.0	3	4000	-1158.7	528.5	-1.29	2200.2	1
94.07	0	2202.7	90.5	0.34	0.0	-0.17	0.0	3	3997	-1158.4	530.9	-1.39	2202.71	1
94.17	0	2205.2	90.5	0.34	0.0	-0.17	0.0	3	3995	-1157.9	533.4	-1.55	2205.22	1
94.27	0	2207.7	90.5	0.34	0.0	-0.16	0.0	3	3992	-1157.4	535.9	-1.77	2207.71	1
94.37	0	2210.2	90.4	0.34	0.0	-0.16	0.0	3	4002	-1156.9	538.3	-2.06	2210.2	1
94.47	0	2212.7	90.4	0.34	0.0	-0.16	0.0	3	3981	-1156.2	540.7	-2.42	2212.68	1
94.57	0	2216.1	90.3	0.34	0.0	-0.15	0.0	3	3980	-1155.5	543.2	-2.94	2216.11	1
94.67	0	2218.6	90.3	0.34	0.0	-0.15	0.0	3	3982	-1154.7	545.5	-2.67	2218.6	1
94.77	0	2221.1	90.3	0.34	0.0	-0.15	0.0	3	3983	-1153.9	547.9	-2.46	2221.1	1
94.87	0	2223.6	90.3	0.34	0.0	-0.12	0.0	3	3979	-1153.0	550.2	-2.31	2223.6	1
94.97	0	2226.1	90.3	0.34	0.0	-0.12	0.0	3	3978	-1152.0	552.6	-2.22	2226.11	1
95.07	0	2228.6	90.3	0.34	0.0	-0.12	0.0	3	3977	-1151.0	554.9	-2.19	2228.62	1
95.17	0	2231.1	90.3	0.34	0.0	-0.12	0.0	3	3977	-1149.9	557.1	-2.2	2231.13	1
95.27	0	2233.6	90.3	0.34	0.0	-0.13	0.0	3	3976	-1148.8	559.4	-2.27	2233.63	1
95.37	0	2236.1	90.3	0.34	0.0	-0.14	0.0	3	3976	-1147.7	561.6	-2.39	2236.14	1
95.47	0	2238.6	90.3	0.34	0.0	-0.14	0.0	3	3977	-1146.5	563.8	-2.55	2238.63	1
95.57	0	2241.2	90.2	0.34	0.0	-0.17	0.0	3	3980	-1145.2	566.0	-2.78	2241.16	1
95.67	0	2243.6	90.2	0.34	0.0	-0.2	0.0	3	3986	-1143.9	568.1	-3.05	2243.64	1
95.77	0	2246.1	90.1	0.34	0.0	-0.19	0.0	3	3977	-1142.5	570.2	-3.37	2246.12	1
95.87	0	2250.2	90.1	0.34	0.0	-0.17	0.0	3	3970	-1141.1	572.3	-3.94	2250.16	1
95.97	0	2252.6	90.0	0.34	0.0	-0.17	0.0	3	3972	-1139.6	574.3	-3.5	2252.62	1
96.07	0	2255.1	90.0	0.34	0.0	-0.17	0.0	3	3971	-1138.1	576.3	-3.13	2255.1	1
96.17	0	2257.6	89.9	0.34	0.0	-0.17	0.0	3	3969	-1136.5	578.2	-2.82	2257.57	1
96.27	0	2260.1	89.9	0.34	0.0	-0.17	0.0	3	3967	-1134.8	580.1	-2.58	2260.06	1
96.37	0	2262.6	89.8	0.34	0.0	-0.17	0.0	3	3965	-1133.1	581.9	-2.41	2262.55	1
96.47	0	2265.0	89.8	0.34	0.0	-0.17	0.0	3	3963	-1131.4	583.7	-2.32	2265.04	1
96.57	0	2267.5	89.7	0.34	0.0	-0.17	0.0	3	3960	-1129.6	585.4	-2.29	2267.54	1
96.67	0	2270.0	89.7	0.34	0.0	-0.16	0.0	3	3958	-1127.7	587.1	-2.33	2270.03	1
96.77	0	2272.5	89.7	0.38	0.0	-0.13	0.0	3	3958	-1125.8	588.7	-2.44	2272.52	1
96.87	0	2275.0	89.7	0.38	0.0	-0.12	0.0	3	3961	-1123.9	590.3	-2.6	2275.01	1
96.97	0	2277.5	89.8	0.38	0.0	-0.09	0.0	3	3963	-1121.9	591.8	-2.82	2277.48	1
97.07	0	2280.0	89.8	0.41	0.0	-0.08	0.0	3	3984	-1119.9	593.3	-3.09	2279.96	1
97.17	0	2283.6	90.0	0.41	0.0	-0.08	0.0	3	3969	-1117.9	594.7	-3.38	2283.6	1
97.27	0	2286.1	90.2	0.4	0.0	-0.08	0.0	3	3981	-1115.8	596.1	-2.94	2286.07	1
97.37	0	2288.5	90.4	0.4	0.0	-0.08	0.0	3	3988	-1113.7	597.5	-2.53	2288.54	1
97.47	0	2291.0	90.5	0.4	0.0	-0.08	0.0	3	3995	-1111.6	598.8	-2.13	2291.03	1
97.57	0	2293.5	90.7	0.4	0.0	-0.08	0.0	3	4001	-1109.4	600.2	-1.7	2293.53	1
97.67	0	2296.0	90.8	0.4	0.0	-0.08	0.0	3	4008	-1107.3	601.5	-1.19	2296.03	1
97.77	0	2298.5	91.0	0.4	0.0	-0.12	0.0	3	4015	-1105.1	602.7	-0.54	2298.55	1
97.87	0	2301.1	91.1	0.4	0.0	-0.17	0.0	3	4025	-1102.9	604.0	0.07	2301.06	1
97.97	0	2303.6	91.2	0.4	0.0	-0.13	0.0	3	4032	-1100.7	605.1	0.4	2303.59	1
98.07	0	2306.1	91.3	0.4	0.0	-0.11	0.0	3	4037	-1098.4	606.3	0.52	2306.12	1
98.17	0	2308.7	91.4	0.4	0.0	-0.09	0.0	3	4043	-1096.1	607.4	0.58	2308.66	1
98.27	0	2311.2	91.6	0.4	0.0	-0.08	0.0	3	4044	-1093.8	608.4	0.63	2311.2	1
98.37	0	2313.8	91.7	0.4	0.0	-0.04	0.0	3	4056	-1091.4	609.4	0.7	2313.75	1
98.47	0	2321.2	91.9	0.43	0.0	-0.04	0.0	3	4057	-1089.1	610.4	-0.26	2321.23	1
98.57	0	2323.6	92.2	0.44	0.0	-0.04	0.0	3	4073	-1086.7	611.4	-0.01	2323.61	1
98.67	0	2326.2	92.4	0.45	0.0	-0.04	0.0	3	4089	-1084.3	612.3	0.21	2326.16	1
98.77	0	2328.7	92.7	0.45	0.0	-0.04	0.0	3	4099	-1081.9	613.2	0.41	2328.72	1
98.87	0	2331.3	93.0	0.45	0.0	-0.03	0.0	3	4117	-1079.5	614.1	0.6	2331.3	1
98.97	0	2333.9	93.3	0.45	0.0	-0.03	0.0	3	4125	-1077.1	615.0	0.76	2333.86	1
99.07	0	2336.5	93.6	0.45	0.0	-0.03	0.0	3	4140	-1074.7	615.9	0.91	2336.45	1
99.17	0	2339.0	93.8	0.45	0.0	-0.03	0.0	3	4152	-1072.2	616.7	1.04	2339.05	1
99.27	0	2341.7	94.1	0.48	0.0	-0.03	0.0	3	4170	-1069.7	617.6	1.16	2341.66	1
99.37	0	2344.3	94.5	0.48	0.0	-0.0	0.0	3	4189	-1067.2	618.4	1.25	2344.28	1
99.47	0	2346.9	94.9	0.48	0.0	-0.0	0.0	3	4208	-1064.7	619.2	1.33	2346.91	1
99.57	0	2349.5	95.3	0.48	0.0	-0.0	0.0	3	4223	-1062.2	620.1	1.41	2349.54	1
99.69	0	2352.7	95.7	0.48	0.0	-0.0	0.0	3	4245	-1059.3	621.0	1.51	2352.66	1
99.79	0	2355.3	96.1	0.48	0.0	-0.0	0.0	3	4260	-1056.7	621.9	1.59	2355.32	1
99.89	0	2358.0	96.5	0.48	0.0	-0.0	0.0	3	4280	-1054.2	622.7	1.68	2357.99	1
99.99	0	2360.7	96.9	0.48	0.0	-0.0	0.0	3	4298	-1051.6	623.5	1.77	2360.68	1
100.09	0	2363.4	97.3	0.48	0.0	-0.0	0.0	3	4316	-1049.1	624.4	1.85	2363.37	1
100.19	0	2366.1	97.6	0.45	0.0	-0.0	0.0	3	4325	-1046.5	625.2	1.93	2366.08	1
100.29	0	2368.8	98.0	0.45	0.0	-0.0	0.0	3	4343	-1043.9	626.0	2.02	2368.79	1
100.39	0	2371.5	98.3	0.45	0.0	-0.0	0.0	3	4352	-1041.3	626.9	2.1	2371.52	1
100.49	0	2374.3	98.7	0.45	0.0	-0.0	0.0	3	4369	-1038.7	627.7	2.17	2374.27	1
100.59	0	2377.0	99.0	0.45	0.0	-0.0	0.0	3	4386	-1036.1	628.5	2.25	2377.01	1
100.69	0	2379.8	99.3	0.45	0.0	-0.0	0.0	3	4402	-1033.5	629.4	2.33	2379.77	1
100.79	0	2382.5	99.7	0.45	0.0	-0.0	0.0	3	4417	-1030.8	630.2	2.4	2382.53	1
100.89	0	2385.3	100.0	0.45	0.0	-0.0	0.0	3	4433	-1028.2	631.1	2.47	2385.3	1
100.99	0	2388.1	100.4	0.45	0.0	-0.0	0.0	3	4449	-1025.5	631.9	2.55	2388.08	1
101.09	0	2390.9	100.7	0.43	0.0	-0.0	0.0	3	4458	-1022.9	632.7	2.62	2390.88	1
101.19	0	2393.7	101.0	0.43	0.0	-0.06	0.0	3	4473	-1020.2	633.6	2.68	2393.67	1
101.29	0	2396.5	101.3	0.44	0.0	-0.06	0.0	3	4488	-1017.5	634.4	2.73	2396.48	1
101.39	0	2399.3	101.6	0.44	0.0	-0.06	0.0	3	4504	-1014.8	635.2	2.76	2399.3	1
101.49	0	2402.2	101.9	0.44	0.0	-0.06	0.0	3	4518	-1012.1	636.0	2.77	2402.16	1
101.59	0	2405.0	102.2	0.44	0.0	-0.06	0.0	3	4532	-1009.4	636.8	2.74	2404.97	1
101.69	0	2407.8	102.6	0.44	0.0	-0.02	0.0	3	4547	-1006.6	637.5	2.69	2407.81	1
101.79	0	2410.7	102.9	0.38	0.0	-0.0	0.0	3	4546	-1003.9	638.2	2.61	2410.66	1
101.89	0	2413.5	103.0	0.29	0.0	0.02	0.0	3	4527	-1001.1	638.9	2.51	2413.52	1
101.99	0	2416.4	102.7	0.0	0.0	0.02	0.0	3	4447	-998.3	639.6	2.41	2416.38	1
102.09	0	2419.2	102.1	0.0	0.0	0.02	0.0	3	4408	-995.6	640.3	2.31	2419.22	1
102.19	0	2422.0	101.4	0.0	0.0	0.02	0.0	3	4379	-992.8	641.0	2.21	2422.04	1
102.29	0	2424.9	100.7	0.0	0.0	0.02	0.0	3	4349	-990.1	641.7	2.12	2424.9	1
102.39	0	2427.6	100.0	0.0	0.0	-0.0	0.0	3	4323	-987.4	642.4	2.05	2427.62	1
102.49	0	2430.4	99.4	0.0	0.0	-0.0	0.0	3	4289	-984.7	643.1	1.98	2430.39	1
102.59	0	2433.1	98.7	0.0	0.0	-0.0	0.0	3	4265	-982.1	643.8	1.91	2433.15	1
102.69	0	2435.9	98.0	0.0	0.0	-0.0	0.0	3	4236	-979.4	644.5	1.84	2435.87	1
102.79	0	2438.6	97.4	0.0	0.0	-0.0	0.0	3	4207	-976.8	645.2	1.78	2438.59	1
102.89	0	2441.3	96.7	0.0	0.0	-0.0	0.0	3	4181	-974.2	645.9	1.71	2441.28	1
102.99	0	2443.9	96.1	0.0	0.0	-0.0	0.0	3	4153	-971.6	646.6	1.65	2443.95	1
103.09	0	2446.6	95.5	0.0	0.0	-0.0	0.0	3	4125	-969.0	647.3	1.58	2446.62	1
103.19	0	2449.3	94.8	0.0	0.0	-0.0	0.0	3	4098	-966.5	647.9	1.51	2449.27	1
103.29	0	2451.9	94.2	0.0	0.0	-0.0	0.0	3	4070	-963.9	648.6	1.44	2451.89	1
103.39	0	2454.5	93.6	0.0	0.0	-0.0	0.0	3	4044	-961.4	649.3	1.36	2454.5	1
103.49	0	2457.1	92.9	0.0	0.0	-0.0	0.0	3	4017	-958.9	649.9	1.28	2457.09	1
103.62	0	2460.3	92.2	0.0	0.0	-0.0	0.0	3	3983	-955.8	650.7	1.19	2460.32	1
103.72	0	2463.1	91.5	0.0	0.0	-0.0	0.0	3	3957	-953.1	651.4	1.12	2463.06	1
103.82	0	2465.6	90.9	0.0	0.0	-0.0	0.0	3	3930	-950.7	652.1	1.05	2465.59	1
103.92	0	2468.1	90.3	0.0	0.0	-0.0	0.0	3	3904	-948.2	652.7	0.98	2468.11	1
104.02	0	2470.6	89.7	0.0	0.0	-0.02	0.0	3	3879	-945.8	653.3	0.9	2470.62	1
104.12	0	2473.1	89.1	0.0	0.0	-0.02	0.0	3	3853	-943.4	654.0	0.82	2473.1	1
104.22	0	2475.6	88.5	0.0	0.0	-0.04	0.0	3	3828	-941.0	654.6	0.74	2475.56	1
104.32	0	2478.0	87.9	0.0	0.0	-0.06	0.0	3	3803	-938.6	655.2	0.64	2478.02	1
104.42	0	2480.4	87.4	0.0	0.0	-0.09	0.0	3	3779	-936.3	655.7	0.52	2480.44	1
104.52	0	2482.9	86.8	0.0	0.0	-0.09	0.0	3	3753	-933.9	656.3	0.37	2482.86	1
104.62	0	2485.3	86.2	0.0	0.0	-0.12	0.0	3	3728	-931.6	656.8	0.19	2485.26	1
104.72	0	2487.7	85.5	0.0	0.0	-0.13	0.0	3	3704	-929.2	657.2	-0.15	2487.72	1
104.82	0	2493.1	84.9	0.0	0.0	-0.13	0.0	3	3678	-926.9	657.7	0.7	2493.05	1
104.92	0	2495.4	84.3	0.0	0.0	-0.14	0.0	3	3651	-924.6	658.0	0.71	2495.4	1
105.02	0	2497.7	83.7	0.0	0.0	-0.14	0.0	3	3625	-922.3	658.3	0.66	2497.74	1
105.12	0	2500.1	83.1	0.0	0.0	-0.14	0.0	3	3600	-920.0	658.6	0.57	2500.05	1
105.22	0	2502.3	82.5	0.0	0.0	-0.14	0.0	3	3574	-917.7	658.8	0.42	2502.35	1
105.32	0	2504.6	81.9	0.0	0.0	-0.14	0.0	3	3549	-915.4	659.0	0.23	2504.63	1
105.42	0	2506.9	81.3	0.0	0.0	-0.15	0.0	3	3524	-913.1	659.1	-0.01	2506.89	1
105.52	0	2509.1	80.8	0.0	0.0	-0.15	0.0	3	3498	-910.9	659.1	-0.3	2509.12	1
105.62	0	2511.3	80.2	0.15	0.0	-0.17	0.0	3	3499	-908.6	659.1	-0.64	2511.33	1
105.72	0	2513.5	79.9	0.17	0.0	-0.18	0.0	3	3488	-906.4	659.1	-1.02	2513.51	1
105.82	0	2515.7	79.6	0.25	0.0	-0.19	0.0	3	3487	-904.2	658.9	-1.46	2515.68	1
105.92	0	2518.3	79.4	0.27	0.0	-0.19	0.0	3	3480	-902.0	658.8	-1.5	2518.28	1
106.02	0	2520.5	79.1	0.28	0.0	-0.19	0.0	3	3473	-899.8	658.5	-1.51	2520.48	1
106.12	0	2522.7	79.0	0.28	0.0	-0.08	0.0	3	3467	-897.6	658.2	-1.58	2522.67	1
106.22	0	2524.9	78.9	0.3	0.0	-0.0	0.0	3	3454	-895.5	657.9	-1.7	2524.87	1
106.32	0	2527.0	78.8	0.32	0.0	-0.0	0.0	3	3450	-893.3	657.5	-1.85	2527.04	1
106.42	0	2529.2	78.8	0.32	0.0	-0.0	0.0	3	3450	-891.2	657.1	-2.02	2529.23	1
106.52	0	2531.4	78.7	0.32	0.0	-0.06	0.0	3	3448	-889.0	656.7	-2.19	2531.42	1
106.62	0	2533.6	78.6	0.32	0.0	-0.13	0.0	3	3447	-886.9	656.3	-2.37	2533.58	1
106.74	0	2536.1	78.6	0.34	0.0	-0.16	0.0	3	3449	-884.4	655.8	-2.6	2536.08	1
106.84	0	2538.2	78.5	0.36	0.0	-0.16	0.0	3	3451	-882.3	655.3	-2.84	2538.24	1
106.94	0	2540.4	78.5	0.36	0.0	-0.17	0.0	3	3451	-880.2	654.7	-3.12	2540.4	1
107.04	0	2543.5	78.4	0.38	0.0	-0.17	0.0	3	3452	-878.1	654.2	-3.25	2543.54	1
107.16	0	2546.3	78.4	0.4	0.0	-0.09	0.0	3	3451	-875.5	653.4	-2.98	2546.26	1
107.24	0	2547.9	78.5	0.41	0.0	-0.09	0.0	3	3456	-873.9	652.9	-2.86	2547.88	1
107.34	0	2550.1	78.5	0.41	0.0	-0.13	0.0	3	3460	-871.9	652.2	-2.72	2550.05	1
107.44	0	2552.2	78.6	0.43	0.0	-0.13	0.0	3	3463	-869.8	651.4	-2.63	2552.24	1
107.54	0	2554.4	78.7	0.43	0.0	-0.13	0.0	3	3469	-867.8	650.6	-2.58	2554.42	1
107.64	0	2556.6	78.7	0.44	0.0	-0.13	0.0	3	3482	-865.8	649.8	-2.58	2556.6	1
107.74	0	2558.8	78.8	0.44	0.0	-0.16	0.0	3	3471	-863.8	648.9	-2.62	2558.8	1
107.84	0	2561.0	78.9	0.44	0.0	-0.16	0.0	3	3477	-861.8	648.0	-2.7	2560.98	1
107.94	0	2563.2	79.0	0.44	0.0	-0.16	0.0	3	3486	-859.8	647.0	-2.84	2563.17	1
108.04	0	2565.4	79.0	0.44	0.0	-0.15	0.0	3	3488	-857.9	646.0	-3.01	2565.36	1
108.14	0	2568.5	79.1	0.44	0.0	-0.15	0.0	3	3491	-855.9	644.9	-3.29	2568.46	1
108.24	0	2570.6	79.2	0.43	0.0	-0.15	0.0	3	3495	-854.0	643.8	-2.99	2570.64	1
108.34	0	2572.8	79.3	0.43	0.0	-0.13	0.0	3	3498	-852.2	642.6	-2.73	2572.83	1
108.44	0	2575.0	79.4	0.44	0.0	-0.13	0.0	3	3501	-850.3	641.5	-2.53	2575.02	1
108.54	0	2577.3	79.5	0.45	0.0	-0.13	0.0	3	3509	-848.5	640.2	-2.36	2577.26	1
108.64	0	2579.5	79.6	0.45	0.0	-0.13	0.0	3	3512	-846.7	638.9	-2.25	2579.46	1
108.74	0	2581.7	79.7	0.47	0.0	-0.13	0.0	3	3521	-844.9	637.6	-2.19	2581.66	1
108.84	0	2583.9	79.9	0.47	0.0	-0.13	0.0	3	3529	-843.1	636.2	-2.17	2583.88	1
108.94	0	2586.1	80.0	0.47	0.0	-0.13	0.0	3	3535	-841.4	634.8	-2.19	2586.1	1
109.04	0	2588.3	80.2	0.47	0.0	-0.13	0.0	3	3542	-839.7	633.4	-2.26	2588.32	1
109.14	0	2590.6	80.3	0.47	0.0	-0.13	0.0	3	3561	-838.1	631.9	-2.37	2590.55	1
109.24	0	2592.8	80.5	0.48	0.0	-0.13	0.0	3	3550	-836.4	630.4	-2.53	2592.78	1
109.34	0	2595.7	80.7	0.48	0.0	-0.08	0.0	3	3561	-834.8	628.8	-2.42	2595.7	1
109.44	0	2597.9	80.9	0.48	0.0	-0.08	0.0	3	3573	-833.2	627.2	-2.07	2597.93	1
109.54	0	2600.2	81.1	0.48	0.0	-0.08	0.0	3	3582	-831.7	625.6	-1.72	2600.16	1
109.64	0	2602.4	81.3	0.48	0.0	-0.08	0.0	3	3591	-830.1	624.0	-1.38	2602.4	1
109.74	0	2604.6	81.5	0.51	0.0	-0.08	0.0	3	3605	-828.6	622.3	-1.03	2604.65	1
109.84	0	2606.9	81.8	0.52	0.0	-0.08	0.0	3	3619	-827.1	620.6	-0.71	2606.91	1
109.94	0	2609.2	82.1	0.52	0.0	-0.08	0.0	3	3633	-825.6	618.9	-0.43	2609.18	1
110.04	0	2611.5	82.4	0.55	0.0	-0.07	0.0	3	3650	-824.1	617.2	-0.21	2611.46	1
110.14	0	2613.7	82.7	0.58	0.0	-0.06	0.0	3	3670	-822.6	615.4	-0.06	2613.75	1
110.24	0	2616.0	83.2	0.58	0.0	-0.06	0.0	3	3688	-821.2	613.6	0.03	2616.05	1
110.34	0	2618.4	83.5	0.58	0.0	-0.06	0.0	3	3717	-819.7	611.8	0.09	2618.4	1
110.44	0	2620.4	84.0	0.58	0.0	-0.06	0.0	3	3725	-818.3	610.0	-0.2	2620.36	1
110.54	0	2624.5	84.4	0.58	0.0	-0.06	0.0	3	3750	-816.9	608.1	-1.05	2624.54	1
110.64	0	2626.9	84.8	0.58	0.0	-0.08	0.0	3	3774	-815.5	606.2	-0.69	2626.86	1
110.74	0	2629.2	85.3	0.62	0.0	-0.07	0.0	3	3788	-814.1	604.3	-0.36	2629.2	1
110.84	0	2631.6	85.8	0.62	0.0	-0.07	0.0	3	3821	-812.7	602.4	-0.06	2631.56	1
110.94	0	2633.9	86.3	0.62	0.0	-0.06	0.0	3	3845	-811.4	600.4	0.21	2633.93	1
111.04	0	2636.3	86.9	0.62	0.0	-0.0	0.0	3	3867	-810.0	598.4	0.47	2636.32	1
111.15	0	2639.1	87.5	0.62	0.0	-0.0	0.0	3	3896	-808.5	596.1	0.75	2639.1	1
111.25	0	2641.5	88.1	0.62	0.0	-0.0	0.0	3	3921	-807.1	594.1	0.98	2641.52	1
111.35	0	2644.0	88.6	0.63	0.0	-0.0	0.0	3	3948	-805.7	592.0	1.22	2643.97	1
111.45	0	2646.4	89.3	0.64	0.0	-0.0	0.0	3	3976	-804.4	590.0	1.44	2646.42	1
111.55	0	2648.9	89.9	0.63	0.0	-0.0	0.0	3	4016	-803.0	587.9	1.66	2648.9	1
111.65	0	2651.4	90.6	0.65	0.0	-0.0	0.0	3	4039	-801.6	585.8	1.88	2651.4	1
111.75	0	2653.9	91.2	0.65	0.0	-0.02	0.0	3	4085	-800.3	583.7	2.1	2653.92	1
111.85	0	2656.5	91.9	0.67	0.0	-0.02	0.0	3	4112	-798.9	581.6	2.32	2656.45	1
111.95	0	2659.0	92.7	0.67	0.0	-0.03	0.0	3	4148	-797.5	579.4	2.54	2659.0	1
112.05	0	2661.6	93.4	0.67	0.0	-0.06	0.0	3	4184	-796.1	577.2	2.74	2661.58	1
112.15	0	2664.2	94.2	0.67	0.0	-0.08	0.0	3	4217	-794.7	575.0	2.94	2664.18	1
112.25	0	2666.8	94.9	0.67	0.0	-0.08	0.0	3	4263	-793.3	572.8	3.11	2666.8	1
112.35	0	2669.4	95.7	0.67	0.0	-0.09	0.0	3	4302	-791.9	570.5	3.25	2669.43	1
112.45	0	2672.1	96.5	0.67	0.0	-0.09	0.0	3	4329	-790.6	568.2	3.37	2672.1	1
112.55	0	2674.8	97.3	0.67	0.0	-0.06	0.0	3	4377	-789.3	565.9	3.44	2674.79	1
112.66	0	2677.5	98.1	0.67	0.0	-0.0	0.0	3	4411	-787.9	563.5	3.48	2677.52	1
112.75	0	2680.2	99.0	0.67	0.0	-0.0	0.0	3	4446	-786.7	561.1	3.49	2680.25	1
112.85	0	2683.0	99.8	0.67	0.0	-0.0	0.0	3	4490	-785.4	558.6	3.49	2683.01	1
112.95	0	2685.8	100.7	0.67	0.0	-0.0	0.0	3	4542	-784.1	556.2	3.47	2685.78	1
113.05	0	2688.6	101.6	0.67	0.0	-0.0	0.0	3	4554	-782.8	553.7	3.44	2688.59	1
113.15	0	2691.4	102.5	0.67	0.0	-0.0	0.0	3	4609	-781.5	551.2	3.41	2691.44	1
113.25	0	2694.3	103.4	0.67	0.0	-0.0	0.0	3	4656	-780.2	548.6	3.38	2694.3	1
113.36	0	2697.2	104.3	0.69	0.0	-0.0	0.0	3	4704	-778.9	546.0	3.34	2697.19	1
113.46	0	2700.1	105.3	0.69	0.0	-0.04	0.0	3	4749	-777.5	543.5	3.3	2700.1	1
113.55	0	2703.0	106.2	0.55	0.0	-0.0	0.0	3	4748	-776.2	540.8	3.26	2703.03	1
113.69	0	2707.0	106.4	0.15	0.0	-0.0	0.18	3	4650	-774.4	537.3	3.19	2706.98	1
113.79	0	2709.9	105.9	0.0	0.0	0.0	1.0	3	4527	-773.1	534.7	3.14	2709.92	1
113.89	0	2712.9	105.5	0.0	0.0	0.0	1.0	3	4247	-771.8	532.1	3.09	2712.86	1
113.99	0	2715.8	105.2	0.0	0.0	0.0	1.0	4	3986	-770.4	529.5	3.03	2715.78	1
114.09	0	2718.7	104.9	0.0	0.0	0.0	1.0	4	3740	-769.1	526.9	2.98	2718.7	1
114.19	0	2721.6	104.4	0.0	0.0	0.0	0.66	4	3705	-767.8	524.3	2.92	2721.61	1
114.29	0	2724.5	103.7	0.0	0.0	0.0	0.0	4	3709	-766.5	521.7	2.87	2724.5	1
114.41	0	2727.9	103.5	0.42	0.0	0.0	0.0	4	3757	-764.9	518.7	2.82	2727.91	1
114.5	0	2730.7	103.5	0.51	0.0	0.0	0.0	4	3775	-763.7	516.2	2.77	2730.66	1
114.6	0	2733.6	103.7	0.58	0.0	-0.06	0.0	4	3793	-762.4	513.6	2.72	2733.56	1
114.7	0	2736.4	104.0	0.58	0.0	-0.0	0.0	4	3805	-761.1	511.0	2.67	2736.45	1
114.8	0	2739.3	104.3	0.58	0.0	0.0	0.0	4	3816	-759.8	508.5	2.61	2739.33	1
114.9	0	2742.2	104.6	0.62	0.0	0.0	0.0	4	3832	-758.5	505.9	2.55	2742.24	1
115.0	0	2745.2	104.9	0.63	0.0	0.0	0.0	4	3848	-757.2	503.3	2.48	2745.15	1
115.1	0	2748.1	105.3	0.65	0.0	0.0	0.0	4	3866	-755.9	500.6	2.42	2748.08	1
115.2	0	2751.0	105.7	0.65	0.0	0.0	0.0	4	3882	-754.5	498.0	2.36	2751.0	1
115.3	0	2753.9	106.1	0.69	0.0	0.0	0.0	4	3903	-753.2	495.4	2.31	2753.94	1
115.4	0	2756.9	106.6	0.69	0.0	0.0	0.0	4	3922	-751.9	492.8	2.25	2756.89	1
115.5	0	2759.9	107.1	0.69	0.0	0.0	0.0	4	3940	-750.5	490.1	2.2	2759.86	1
115.6	0	2762.8	107.6	0.69	0.0	0.0	0.0	4	3958	-749.2	487.5	2.15	2762.84	1
115.7	0	2765.8	108.0	0.69	0.0	0.0	0.0	4	3977	-747.8	484.8	2.1	2765.83	1
115.8	0	2768.8	108.5	0.69	0.0	0.0	0.0	4	3996	-746.5	482.1	2.06	2768.84	1
115.9	0	2771.9	109.0	0.69	0.0	0.0	0.0	4	4015	-745.1	479.4	2.02	2771.88	1
116.0	0	2774.9	109.6	0.71	0.0	0.0	0.0	4	4038	-743.7	476.7	1.98	2774.92	1
116.1	0	2778.0	110.1	0.72	0.0	0.0	0.0	4	4063	-742.3	474.0	1.95	2777.97	1
116.2	0	2781.0	110.7	0.72	0.0	0.0	0.0	4	4086	-740.9	471.3	1.92	2781.03	1
116.3	0	2784.1	111.3	0.72	0.0	-0.02	0.0	4	4108	-739.5	468.5	1.89	2784.13	1
116.4	0	2787.2	111.9	0.72	0.0	-0.02	0.0	4	4131	-738.0	465.8	1.86	2787.2	1
116.5	0	2790.3	112.5	0.72	0.0	-0.02	0.0	4	4150	-736.6	463.0	1.82	2790.32	1
116.6	0	2793.5	113.0	0.74	0.0	-0.02	0.0	4	4249	-735.2	460.2	1.77	2793.45	1
116.7	0	2796.6	113.8	0.75	0.0	-0.02	0.0	4	4198	-733.8	457.4	1.72	2796.6	1
116.8	0	2799.8	114.4	0.75	0.0	-0.02	0.0	4	4231	-732.4	454.6	1.65	2799.77	1
116.9	0	2803.0	115.1	0.75	0.0	-0.02	0.0	4	4262	-730.9	451.7	1.57	2802.95	1
117.0	0	2806.2	115.7	0.75	0.0	-0.02	0.0	4	4288	-729.5	448.8	1.47	2806.18	1
117.1	0	2809.4	116.4	0.75	0.0	-0.02	0.0	4	4313	-728.1	446.0	1.37	2809.37	1
117.2	0	2812.6	117.1	0.75	0.0	-0.02	0.0	4	4340	-726.7	443.1	1.25	2812.61	1
117.3	0	2815.9	117.8	0.75	0.0	0.0	0.0	4	4367	-725.3	440.1	1.11	2815.87	1
117.4	0	2819.2	118.5	0.75	0.0	0.0	0.0	4	4395	-723.9	437.1	0.97	2819.15	1
117.5	0	2822.4	119.3	0.75	0.0	0.0	0.0	4	4423	-722.5	434.2	0.82	2822.45	1
117.6	0	2825.8	120.0	0.75	0.0	0.0	0.0	4	4451	-721.0	431.1	0.67	2825.81	1
117.7	0	2829.1	120.7	0.75	0.0	0.03	0.0	4	4479	-719.6	428.1	0.52	2829.14	1
117.8	0	2832.5	121.5	0.75	0.0	0.01	0.0	4	4494	-718.2	425.1	0.37	2832.51	1
117.9	0	2835.9	122.1	0.75	0.0	0.01	0.0	4	4566	-716.7	422.0	0.24	2835.89	1
118.0	0	2839.3	123.0	0.73	0.0	0.02	0.0	4	4557	-715.2	419.0	0.11	2839.29	1
118.1	0	2842.7	123.7	0.73	0.0	0.01	0.0	4	4587	-713.7	415.9	0.01	2842.72	1
118.2	0	2846.2	124.4	0.73	0.0	0.01	0.0	4	4617	-712.2	412.8	-0.09	2846.16	1
118.3	0	2849.6	125.1	0.73	0.0	0.01	0.0	4	4645	-710.6	409.7	-0.17	2849.61	1
118.4	0	2853.1	125.8	0.73	0.0	0.01	0.0	4	4673	-709.1	406.6	-0.24	2853.11	1
118.5	0	2856.6	126.6	0.73	0.0	0.01	0.0	4	4699	-707.5	403.5	-0.3	2856.6	1
118.6	0	2860.1	127.3	0.73	0.0	0.03	0.0	4	4732	-705.9	400.3	-0.35	2860.14	1
118.7	0	2863.7	128.1	0.73	0.0	0.05	0.0	4	4761	-704.3	397.2	-0.39	2863.67	1
118.8	0	2867.2	128.8	0.73	0.0	0.02	0.0	4	4790	-702.6	394.0	-0.41	2867.25	1
118.9	0	2870.8	129.6	0.73	0.0	0.01	0.0	4	4819	-700.9	390.8	-0.41	2870.84	1
119.0	0	2874.4	130.4	0.73	0.0	0.01	0.0	4	4849	-699.2	387.6	-0.38	2874.45	1
119.1	0	2878.1	131.1	0.73	0.0	0.01	0.0	4	4879	-697.5	384.4	-0.35	2878.1	1
119.2	0	2881.7	131.9	0.73	0.0	0.01	0.0	4	4908	-695.7	381.3	-0.29	2881.73	1
119.3	0	2885.4	132.7	0.73	0.0	0.01	0.0	4	4940	-693.9	378.0	-0.23	2885.4	1
119.4	0	2889.1	133.5	0.73	0.0	0.01	0.0	4	4969	-692.1	374.8	-0.16	2889.1	1
119.5	0	2892.8	134.3	0.73	0.0	0.01	0.0	4	5000	-690.3	371.6	-0.07	2892.81	1
119.6	0	2896.6	135.1	0.73	0.0	0.01	0.0	4	5033	-688.5	368.3	0.02	2896.55	1
119.7	0	2900.3	135.9	0.73	0.0	0.01	0.0	4	5062	-686.6	365.0	0.12	2900.32	1
119.8	0	2904.1	136.7	0.73	0.0	0.01	0.0	4	5095	-684.8	361.7	0.23	2904.1	1
119.9	0	2907.9	137.6	0.73	0.0	0.0	0.0	4	5127	-682.9	358.4	0.36	2907.92	1
120.0	0	2911.7	138.4	0.73	0.0	0.0	0.0	4	5159	-681.0	355.1	0.5	2911.74	1
120.1	0	2915.6	139.2	0.73	0.0	0.0	0.0	4	5194	-679.1	351.7	0.66	2915.6	1
120.2	0	2919.5	140.1	0.73	0.0	0.0	0.0	4	5223	-677.1	348.4	0.82	2919.47	1
120.3	0	2923.4	140.9	0.73	0.0	0.0	0.0	4	5262	-675.2	345.0	1.04	2923.37	1
120.4	0	2927.3	141.8	0.73	0.0	0.0	0.0	4	5290	-673.2	341.6	0.99	2927.35	1
120.5	0	2931.3	142.6	0.73	0.0	0.0	0.0	4	5323	-671.2	338.2	1.17	2931.28	1
120.6	0	2935.3	143.5	0.73	0.0	0.0	0.0	4	5362	-669.2	334.8	1.25	2935.27	1
120.7	0	2939.3	144.3	0.73	0.0	0.0	0.0	4	5385	-667.2	331.3	1.33	2939.27	1
120.8	0	2943.3	145.2	0.73	0.0	0.0	0.0	4	5423	-665.1	327.8	1.41	2943.29	1
120.9	0	2947.3	146.1	0.73	0.0	0.0	0.0	4	5458	-663.1	324.3	1.5	2947.34	1
121.0	0	2951.4	146.9	0.73	0.0	0.0	0.0	4	5491	-661.0	320.9	1.59	2951.4	1
121.1	0	2955.5	147.8	0.63	0.0	0.0	0.2	4	5494	-658.9	317.3	1.69	2955.5	1
121.2	0	2959.7	148.3	0.48	0.0	0.0	0.72	4	5463	-656.8	313.8	1.66	2959.68	1
121.3	0	2963.8	148.3	0.2	0.0	0.02	0.98	4	5390	-654.7	310.2	1.61	2963.8	1
121.4	0	2967.9	147.8	0.0	0.0	0.02	1.0	5	5106	-652.6	306.7	1.56	2967.91	1
121.52	0	2972.5	147.5	0.0	0.0	0.06	0.23	5	4445	-650.3	302.8	1.52	2972.48	1
121.61	0	2976.5	146.8	0.16	0.0	0.1	0.0	5	4438	-648.1	299.4	1.52	2976.51	1
121.71	0	2980.6	146.3	0.3	0.0	0.04	0.0	5	4455	-646.0	295.9	1.55	2980.58	1
121.81	0	2984.7	146.0	0.43	0.0	0.06	0.0	5	4474	-643.8	292.5	1.57	2984.71	1
121.91	0	2988.8	146.0	0.48	0.0	0.01	0.0	5	4485	-641.6	289.1	1.51	2988.79	1
122.01	0	2992.8	145.9	0.48	0.0	0.0	0.0	5	4483	-639.3	285.7	1.48	2992.83	1
122.11	0	2996.9	145.9	0.49	0.0	0.0	0.0	5	4481	-637.0	282.4	1.49	2996.88	1
122.23	0	3001.5	145.9	0.49	0.0	0.0	0.0	5	4480	-634.4	278.6	1.53	3001.55	1
122.33	0	3005.6	145.9	0.49	0.0	0.0	0.0	5	4480	-632.1	275.2	1.58	3005.59	1
122.43	0	3009.7	145.9	0.51	0.0	0.02	0.0	5	4483	-629.7	271.9	1.65	3009.67	1
122.53	0	3013.8	146.0	0.52	0.0	0.02	0.0	5	4487	-627.4	268.6	1.59	3013.78	1
122.63	0	3017.8	146.0	0.52	0.0	0.02	0.0	5	4490	-625.0	265.3	1.5	3017.83	1
122.73	0	3021.9	146.1	0.52	0.0	0.02	0.0	5	4493	-622.7	262.0	1.43	3021.89	1
122.83	0	3025.9	146.2	0.55	0.0	0.02	0.0	5	4501	-620.3	258.7	1.38	3025.94	1
122.93	0	3030.0	146.2	0.55	0.0	0.03	0.0	5	4504	-617.9	255.5	1.34	3030.01	1
123.03	0	3034.1	146.4	0.56	0.0	0.03	0.0	5	4511	-615.4	252.2	1.34	3034.08	1
123.13	0	3038.2	146.5	0.58	0.0	0.03	0.0	5	4519	-613.0	248.9	1.33	3038.19	1
123.23	0	3042.3	146.6	0.58	0.0	0.02	0.0	5	4524	-610.5	245.7	1.2	3042.26	1
123.33	0	3046.3	146.8	0.58	0.0	0.02	0.0	5	4528	-608.1	242.5	1.1	3046.33	1
123.46	0	3051.8	147.0	0.58	0.0	0.01	0.0	5	4533	-604.7	238.2	1.0	3051.78	1
123.56	0	3055.9	147.1	0.58	0.0	0.01	0.0	5	4539	-602.1	234.9	0.94	3055.9	1
123.66	0	3060.0	147.3	0.58	0.0	0.01	0.0	5	4543	-599.6	231.7	0.9	3059.99	1
123.76	0	3064.1	147.5	0.58	0.0	0.01	0.0	5	4548	-597.0	228.6	0.88	3064.08	1
123.86	0	3068.1	147.6	0.58	0.0	0.01	0.0	5	4550	-594.5	225.4	1.09	3068.12	1
123.96	0	3072.3	147.8	0.58	0.0	0.01	0.0	5	4560	-591.9	222.2	0.93	3072.34	1
124.06	0	3076.5	147.9	0.58	0.0	0.01	0.0	5	4556	-589.3	219.0	0.79	3076.45	1
124.16	0	3080.5	148.1	0.58	0.0	0.01	0.0	5	4574	-586.7	215.8	0.66	3080.53	1
124.26	0	3084.6	148.2	0.58	0.0	0.01	0.0	5	4574	-584.1	212.6	0.54	3084.64	1
124.36	0	3088.8	148.4	0.6	0.0	0.01	0.0	5	4583	-581.5	209.5	0.43	3088.76	1
124.46	0	3092.9	148.6	0.6	0.0	0.01	0.0	5	4632	-578.9	206.3	0.32	3092.87	1
124.56	0	3097.0	148.9	0.6	0.0	0.01	0.0	5	4582	-576.2	203.1	0.23	3097.01	1
124.66	0	3101.1	149.0	0.6	0.0	0.0	0.0	5	4616	-573.6	199.9	0.14	3101.13	1
124.76	0	3105.3	149.2	0.6	0.0	0.0	0.0	5	4612	-570.9	196.7	0.05	3105.29	1
124.86	0	3109.4	149.5	0.6	0.0	0.0	0.0	5	4598	-568.2	193.6	-0.04	3109.44	1
124.96	0	3113.6	149.6	0.62	0.0	0.0	0.0	5	4664	-565.6	190.4	-0.12	3113.59	1
125.06	0	3117.8	149.9	0.62	0.0	0.02	0.0	5	4625	-562.9	187.2	-0.2	3117.75	1
125.16	0	3121.9	150.1	0.62	0.0	0.02	0.0	5	4624	-560.2	184.0	-0.26	3121.91	1
125.26	0	3126.1	150.3	0.62	0.0	0.02	0.0	5	4661	-557.5	180.8	-0.31	3126.09	1
125.36	0	3130.3	150.6	0.62	0.0	0.02	0.0	5	4660	-554.8	177.6	-0.34	3130.26	1
125.46	0	3134.5	150.8	0.62	0.0	0.02	0.0	5	4663	-552.1	174.5	-0.35	3134.45	1
125.56	0	3138.7	151.0	0.62	0.0	0.02	0.0	5	4670	-549.3	171.3	-0.34	3138.67	1
125.66	0	3142.9	151.2	0.62	0.0	-0.0	0.0	5	4678	-546.5	168.2	-0.3	3142.86	1
125.76	0	3147.1	151.5	0.62	0.0	-0.02	0.0	5	4684	-543.7	165.0	-0.24	3147.07	1
125.86	0	3151.3	151.7	0.62	0.0	-0.02	0.0	5	4691	-540.9	161.9	-0.18	3151.27	1
125.96	0	3155.5	151.9	0.62	0.0	-0.02	0.0	5	4698	-538.1	158.8	-0.11	3155.5	1
126.06	0	3159.7	152.2	0.62	0.0	-0.02	0.0	5	4706	-535.3	155.6	-0.04	3159.72	1
126.16	0	3163.9	152.4	0.62	0.0	-0.02	0.0	5	4714	-532.5	152.5	0.01	3163.94	1
126.26	0	3168.2	152.6	0.58	0.0	-0.02	0.0	5	4711	-529.6	149.3	0.04	3168.18	1
126.36	0	3172.4	152.8	0.58	0.0	-0.02	0.0	5	4717	-526.9	146.1	0.06	3172.42	1
126.46	0	3176.7	152.9	0.6	0.0	-0.02	0.0	5	4726	-524.1	142.9	0.07	3176.65	1
126.56	0	3180.9	153.1	0.6	0.0	-0.02	0.0	5	4734	-521.3	139.7	0.05	3180.91	1
126.66	0	3185.2	153.3	0.63	0.0	-0.02	0.0	5	4747	-518.5	136.4	0.01	3185.16	1
126.76	0	3189.4	153.6	0.63	0.0	-0.02	0.0	5	4756	-515.8	133.2	-0.05	3189.42	1
126.86	0	3193.7	153.9	0.64	0.0	0.01	0.0	5	4766	-513.0	129.9	-0.12	3193.68	1
126.96	0	3198.0	154.1	0.64	0.0	0.01	0.0	5	4774	-510.3	126.6	-0.22	3197.97	1
127.06	0	3202.3	154.4	0.64	0.0	0.06	0.0	5	4782	-507.6	123.3	-0.32	3202.27	1
127.16	0	3206.5	154.7	0.64	0.0	0.1	0.0	5	4792	-504.8	120.0	-0.42	3206.54	1
127.26	0	3210.8	154.9	0.64	0.0	0.09	0.0	5	4806	-502.1	116.7	-0.48	3210.84	1
127.36	0	3215.1	155.1	0.64	0.0	0.01	0.0	5	4817	-499.3	113.5	-0.51	3215.15	1
127.46	0	3219.5	155.4	0.64	0.0	0.0	0.0	5	4823	-496.4	110.2	-0.48	3219.46	1
127.56	0	3223.8	155.6	0.64	0.0	0.0	0.0	5	4827	-493.5	107.0	-0.41	3223.78	1
127.66	0	3228.1	156.0	0.64	0.0	-0.01	0.0	5	4801	-490.6	103.8	-0.3	3228.13	1
127.76	0	3232.4	156.0	0.64	0.0	-0.01	0.0	5	4936	-487.7	100.7	-0.16	3232.43	1
127.86	0	3236.8	156.5	0.64	0.0	-0.01	0.0	5	4838	-484.7	97.5	-0.01	3236.76	1
127.96	0	3241.1	156.8	0.64	0.0	-0.01	0.0	5	4850	-481.7	94.3	0.14	3241.12	1
128.06	0	3245.5	157.0	0.64	0.0	-0.01	0.0	5	4867	-478.8	91.1	0.29	3245.48	1
128.16	0	3249.8	157.3	0.64	0.0	-0.01	0.0	5	4877	-475.8	87.9	0.43	3249.84	1
128.26	0	3254.2	157.6	0.64	0.0	-0.01	0.0	5	4885	-472.8	84.7	0.56	3254.21	1
128.36	0	3258.6	157.9	0.64	0.0	-0.01	0.0	5	4894	-469.9	81.5	0.67	3258.6	1
128.46	0	3263.0	158.1	0.64	0.0	-0.01	0.0	5	4949	-466.9	78.2	0.77	3262.98	1
128.57	0	3267.7	158.5	0.64	0.0	-0.01	0.0	5	4906	-463.8	74.7	0.86	3267.68	1
128.67	0	3272.1	158.8	0.64	0.0	-0.01	0.0	5	4917	-460.8	71.4	0.93	3272.07	1
128.77	0	3276.5	159.0	0.64	0.0	0.01	0.0	5	4931	-457.9	68.1	0.98	3276.5	1
128.87	0	3280.9	159.3	0.64	0.0	0.01	0.0	5	4940	-455.0	64.9	1.02	3280.87	1
128.97	0	3285.3	159.6	0.64	0.0	0.01	0.0	5	4948	-452.0	61.5	1.06	3285.32	1
129.07	0	3289.7	159.9	0.64	0.0	0.01	0.0	5	4957	-449.1	58.2	1.1	3289.74	1
129.17	0	3294.2	160.2	0.64	0.0	0.01	0.0	5	4966	-446.2	54.9	1.14	3294.19	1
129.27	0	3298.6	160.4	0.64	0.0	0.01	0.0	5	4975	-443.2	51.6	1.19	3298.65	1
129.37	0	3303.1	160.7	0.64	0.0	0.01	0.0	5	4984	-440.2	48.2	1.24	3303.11	1
129.47	0	3307.6	161.0	0.64	0.0	0.01	0.0	5	4993	-437.3	44.9	1.3	3307.58	1
129.57	0	3312.0	161.3	0.64	0.0	0.01	0.0	5	5003	-434.3	41.6	1.37	3312.05	1
129.67	0	3316.5	161.5	0.64	0.0	0.01	0.0	5	5058	-431.3	38.2	1.45	3316.54	1
129.77	0	3321.0	161.9	0.64	0.0	-0.02	0.0	5	4998	-428.2	34.9	1.54	3321.02	1
129.87	0	3325.5	162.2	0.64	0.0	-0.02	0.0	5	5016	-425.2	31.6	1.64	3325.52	1
129.97	0	3330.0	162.4	0.64	0.0	-0.03	0.0	5	5043	-422.2	28.2	1.74	3330.03	1
130.07	0	3334.5	162.6	0.64	0.0	-0.06	0.0	5	5112	-419.2	24.9	1.83	3334.54	1
130.17	0	3339.1	163.0	0.64	0.0	-0.06	0.0	5	5040	-416.1	21.5	1.9	3339.06	1
130.27	0	3343.6	163.3	0.64	0.0	-0.04	0.0	5	5063	-413.1	18.1	1.93	3343.6	1
130.37	0	3348.1	163.5	0.64	0.0	0.0	0.0	5	5082	-410.2	14.7	1.92	3348.13	1
130.47	0	3352.7	163.8	0.64	0.0	0.0	0.0	5	5088	-407.2	11.2	1.88	3352.68	1
130.57	0	3357.2	164.1	0.64	0.0	0.0	0.0	5	5092	-404.3	7.7	1.81	3357.24	1
130.67	0	3361.8	164.4	0.64	0.0	0.0	0.0	5	5100	-401.3	4.2	1.72	3361.84	1
130.77	0	3366.4	164.6	0.64	0.0	0.0	0.0	5	5109	-398.4	0.7	1.62	3366.41	1
130.87	0	3371.0	164.9	0.64	0.0	0.0	0.0	5	5118	-395.5	-2.8	1.51	3370.99	1
130.97	0	3375.6	165.2	0.64	0.0	0.0	0.0	5	5128	-392.6	-6.4	1.4	3375.57	1
131.07	0	3380.2	165.5	0.64	0.0	0.0	0.0	5	5137	-389.6	-9.9	1.29	3380.15	1
131.17	0	3384.8	165.8	0.64	0.0	0.0	0.0	5	5146	-386.7	-13.4	1.19	3384.75	1
131.27	0	3389.4	166.1	0.64	0.0	0.0	0.0	5	5155	-383.7	-17.0	1.06	3389.38	1
131.37	0	3394.0	166.4	0.64	0.0	0.07	0.0	5	5165	-380.8	-20.5	0.93	3393.99	1
131.47	0	3398.6	166.6	0.64	0.0	0.05	0.0	5	5176	-377.8	-24.0	0.82	3398.62	1
131.57	0	3403.2	166.9	0.64	0.0	0.01	0.0	5	5186	-374.8	-27.6	0.74	3403.25	1
131.67	0	3407.9	167.2	0.64	0.0	0.0	0.0	5	5194	-371.7	-31.1	0.68	3407.91	1
131.77	0	3412.6	167.5	0.64	0.0	0.0	0.0	5	5201	-368.7	-34.6	0.66	3412.57	1
131.87	0	3417.2	167.7	0.64	0.0	0.0	0.0	5	5209	-365.6	-38.1	0.71	3417.19	1
131.97	0	3421.9	168.0	0.64	0.0	0.0	0.0	5	5217	-362.5	-41.6	0.78	3421.88	1
132.07	0	3426.5	168.3	0.64	0.0	0.0	0.0	5	5226	-359.4	-45.0	0.87	3426.54	1
132.17	0	3431.2	168.6	0.64	0.0	0.0	0.0	5	5235	-356.2	-48.5	0.97	3431.22	1
132.27	0	3435.9	168.9	0.64	0.0	0.0	0.0	5	5244	-353.1	-52.0	1.08	3435.91	1
132.37	0	3440.6	169.2	0.64	0.0	0.0	0.0	5	5253	-349.9	-55.4	1.2	3440.59	1
132.47	0	3445.3	169.4	0.64	0.0	0.0	0.0	5	5262	-346.7	-58.9	1.32	3445.31	1
132.57	0	3450.0	169.7	0.64	0.0	0.0	0.0	5	5271	-343.5	-62.4	1.45	3450.01	1
132.67	0	3454.8	170.0	0.64	0.0	0.0	0.0	5	5281	-340.3	-65.9	1.58	3454.75	1
132.77	0	3459.5	170.3	0.64	0.0	0.0	0.0	5	5290	-337.1	-69.4	1.72	3459.48	1
132.87	0	3464.2	170.6	0.64	0.0	0.0	0.0	5	5299	-333.9	-72.8	1.87	3464.2	1
132.97	0	3469.0	170.9	0.64	0.0	0.0	0.0	5	5308	-330.7	-76.3	1.98	3469.02	1
133.07	0	3473.8	171.2	0.64	0.0	0.0	0.0	5	5302	-327.5	-79.8	1.95	3473.76	1
133.17	0	3478.5	171.4	0.64	0.0	0.0	0.0	5	5348	-324.3	-83.3	1.94	3478.52	1
133.27	0	3483.3	171.8	0.64	0.0	0.0	0.0	5	5337	-321.0	-86.8	1.92	3483.28	1
133.37	0	3488.1	172.0	0.58	0.0	0.02	0.0	5	5326	-317.8	-90.3	1.91	3488.05	1
133.5	0	3494.4	172.2	0.56	0.0	0.02	0.0	5	5331	-313.4	-94.9	1.92	3494.43	1
133.6	0	3499.2	172.3	0.56	0.0	0.02	0.0	5	5334	-310.1	-98.4	1.94	3499.22	1
133.7	0	3504.0	172.4	0.56	0.0	0.02	0.0	5	5336	-306.8	-101.9	1.98	3503.99	1
133.8	0	3508.8	172.5	0.55	0.0	0.02	0.0	5	5330	-303.5	-105.3	2.05	3508.8	1
133.9	0	3513.7	172.6	0.55	0.0	0.02	0.0	5	5342	-300.2	-108.7	2.02	3513.73	1
134.0	0	3518.5	172.7	0.55	0.0	0.03	0.0	5	5342	-296.8	-112.2	1.82	3518.52	1
134.1	0	3523.3	172.7	0.51	0.0	0.05	0.0	5	5337	-293.4	-115.6	1.64	3523.33	1
134.2	0	3528.1	172.7	0.47	0.0	0.06	0.0	5	5314	-290.0	-118.9	1.5	3528.1	1
134.3	0	3532.9	172.6	0.47	0.0	0.06	0.0	5	5323	-286.5	-122.3	1.4	3532.9	1
134.4	0	3537.7	172.5	0.47	0.0	0.06	0.0	5	5318	-283.0	-125.6	1.36	3537.71	1
134.5	0	3542.5	172.3	0.47	0.0	0.01	0.0	5	5314	-279.6	-128.8	1.36	3542.46	1
134.6	0	3547.2	172.2	0.47	0.0	0.01	0.0	5	5308	-276.0	-132.0	1.43	3547.23	1
134.7	0	3552.0	172.2	0.47	0.0	0.01	0.0	5	5305	-272.4	-135.2	1.53	3552.02	1
134.8	0	3556.9	172.1	0.47	0.0	0.01	0.0	5	5299	-268.8	-138.3	1.59	3556.94	1
134.9	0	3561.7	172.0	0.45	0.0	0.01	0.0	5	5288	-265.2	-141.4	1.39	3561.71	1
135.0	0	3566.5	171.9	0.45	0.0	0.08	0.0	5	5280	-261.6	-144.5	1.22	3566.49	1
135.1	0	3571.3	171.7	0.45	0.0	0.08	0.0	5	5286	-257.9	-147.6	1.08	3571.27	1
135.2	0	3576.0	171.6	0.45	0.0	0.1	0.0	5	5284	-254.2	-150.7	0.98	3576.03	1
135.3	0	3580.8	171.4	0.45	0.0	0.09	0.0	5	5281	-250.5	-153.6	0.93	3580.78	1
135.4	0	3585.5	171.2	0.45	0.0	0.03	0.0	5	5280	-246.8	-156.6	0.96	3585.54	1
135.54	0	3591.9	170.9	0.45	0.0	0.0	0.0	5	5268	-241.7	-160.4	1.11	3591.86	1
135.61	0	3595.2	170.8	0.45	0.0	0.0	0.0	5	5261	-239.0	-162.4	1.23	3595.23	1
135.71	0	3600.1	170.7	0.45	0.0	0.0	0.0	5	5251	-235.1	-165.1	1.43	3600.12	1
135.81	0	3604.9	170.6	0.45	0.0	0.0	0.0	5	5247	-231.3	-167.9	1.33	3604.85	1
135.91	0	3609.6	170.4	0.45	0.0	0.02	0.0	5	5241	-227.4	-170.5	1.26	3609.56	1
136.01	0	3614.3	170.3	0.45	0.0	0.02	0.0	5	5237	-223.5	-173.2	1.22	3614.26	1
136.11	0	3619.0	170.2	0.45	0.0	0.05	0.0	5	5233	-219.6	-175.8	1.21	3619.01	1
136.21	0	3623.7	170.1	0.45	0.0	0.05	0.0	5	5233	-215.6	-178.5	1.22	3623.73	1
136.31	0	3628.4	170.0	0.45	0.0	0.05	0.0	5	5230	-211.7	-181.1	1.26	3628.44	1
136.41	0	3633.2	169.9	0.45	0.0	0.02	0.0	5	5228	-207.7	-183.6	1.34	3633.17	1
136.51	0	3637.9	169.7	0.45	0.0	0.03	0.0	5	5223	-203.7	-186.1	1.47	3637.89	1
136.61	0	3642.6	169.6	0.45	0.0	0.03	0.0	5	5219	-199.7	-188.6	1.64	3642.6	1
136.71	0	3647.4	169.5	0.45	0.0	0.03	0.0	5	5214	-195.7	-191.0	1.6	3647.41	1
136.81	0	3652.1	169.4	0.45	0.0	0.01	0.0	5	5209	-191.6	-193.4	1.55	3652.13	1
136.91	0	3656.8	169.2	0.45	0.0	0.01	0.0	5	5205	-187.6	-195.8	1.53	3656.82	1
137.01	0	3661.5	169.1	0.45	0.0	0.01	0.0	5	5200	-183.5	-198.1	1.53	3661.52	1
137.11	0	3666.2	169.0	0.45	0.0	0.01	0.0	5	5197	-179.4	-200.5	1.57	3666.22	1
137.21	0	3670.9	168.9	0.45	0.0	0.01	0.0	5	5193	-175.3	-202.8	1.62	3670.93	1
137.31	0	3675.6	168.8	0.45	0.0	0.01	0.0	5	5190	-171.2	-205.0	1.7	3675.6	1
137.41	0	3680.3	168.7	0.45	0.0	0.06	0.0	5	5188	-167.1	-207.3	1.79	3680.29	1
137.51	0	3685.0	168.6	0.45	0.0	0.07	0.0	5	5186	-163.0	-209.5	1.9	3684.97	1
137.61	0	3689.8	168.5	0.45	0.0	0.07	0.0	5	5190	-158.9	-211.7	1.94	3689.76	1
137.71	0	3694.5	168.3	0.45	0.0	0.07	0.0	5	5180	-154.7	-213.9	1.89	3694.49	1
137.81	0	3699.2	168.2	0.45	0.0	0.01	0.0	5	5177	-150.5	-216.0	1.91	3699.16	1
137.91	0	3703.8	168.0	0.45	0.0	0.01	0.0	5	5174	-146.3	-218.0	1.98	3703.83	1
138.01	0	3708.5	167.9	0.45	0.0	0.01	0.0	5	5166	-142.1	-220.0	2.04	3708.52	1
138.11	0	3713.2	167.8	0.45	0.0	0.01	0.0	5	5159	-137.9	-222.0	2.13	3713.18	1
138.21	0	3717.9	167.7	0.45	0.0	0.01	0.0	5	5155	-133.6	-223.9	2.25	3717.85	1
138.31	0	3722.5	167.6	0.45	0.0	0.01	0.0	5	5152	-129.4	-225.8	2.39	3722.49	1
138.41	0	3727.2	167.5	0.45	0.0	0.01	0.0	5	5148	-125.1	-227.7	2.36	3727.25	1
138.51	0	3731.9	167.4	0.48	0.0	0.01	0.0	5	5152	-120.8	-229.6	2.34	3731.91	1
138.61	0	3736.5	167.4	0.51	0.0	0.01	0.0	5	5160	-116.6	-231.4	2.32	3736.55	1
138.71	0	3741.3	167.5	0.54	0.0	0.01	0.0	5	5167	-112.3	-233.3	2.27	3741.34	1
138.81	0	3746.0	167.6	0.56	0.0	0.01	0.0	5	5179	-108.0	-235.1	2.05	3745.97	1
138.91	0	3750.6	167.7	0.56	0.0	0.06	0.0	5	5185	-103.8	-237.0	1.84	3750.62	1
139.01	0	3755.3	167.8	0.56	0.0	0.06	0.0	5	5191	-99.5	-238.8	1.66	3755.28	1
139.11	0	3760.0	167.9	0.56	0.0	0.06	0.0	5	5197	-95.2	-240.6	1.47	3759.97	1
139.21	0	3764.7	167.9	0.56	0.0	0.08	0.0	5	5203	-90.8	-242.3	1.27	3764.66	1
139.31	0	3769.3	168.0	0.56	0.0	0.06	0.0	5	5209	-86.5	-244.0	1.14	3769.3	1
139.41	0	3774.0	168.1	0.56	0.0	0.01	0.0	5	5212	-82.1	-245.6	1.06	3773.96	1
139.51	0	3778.6	168.1	0.58	0.0	0.01	0.0	5	5223	-77.7	-247.2	1.02	3778.65	1
139.61	0	3783.3	168.3	0.58	0.0	0.01	0.0	5	5212	-73.3	-248.7	1.01	3783.32	1
139.71	0	3788.0	168.4	0.58	0.0	0.01	0.0	5	5215	-68.9	-250.2	1.06	3787.99	1
139.81	0	3792.7	168.6	0.58	0.0	0.01	0.0	5	5217	-64.4	-251.6	1.12	3792.69	1
139.91	0	3797.4	168.7	0.58	0.0	0.07	0.0	5	5218	-59.9	-253.0	1.16	3797.37	1
140.01	0	3802.1	168.8	0.58	0.0	0.07	0.0	5	5234	-55.4	-254.4	1.24	3802.07	1
140.11	0	3806.8	168.9	0.59	0.0	0.07	0.0	5	5239	-50.9	-255.7	1.32	3806.8	1
140.21	0	3811.5	169.1	0.58	0.0	0.07	0.0	5	5245	-46.4	-257.0	1.29	3811.5	1
140.31	0	3816.2	169.2	0.58	0.0	0.07	0.0	5	5250	-41.9	-258.2	1.32	3816.21	1
140.41	0	3820.9	169.2	0.58	0.0	0.05	0.0	5	5261	-37.3	-259.4	1.41	3820.89	1
140.51	0	3825.7	169.3	0.58	0.0	0.01	0.0	5	5258	-32.8	-260.5	1.4	3825.66	1
140.61	0	3830.4	169.5	0.58	0.0	0.0	0.0	5	5255	-28.2	-261.5	1.44	3830.37	1
140.71	0	3835.1	169.6	0.58	0.0	0.0	0.0	5	5259	-23.6	-262.5	1.54	3835.07	1
140.81	0	3839.8	169.7	0.58	0.0	0.0	0.0	5	5261	-18.9	-263.4	1.59	3839.84	1
140.91	0	3844.5	169.9	0.58	0.0	0.0	0.0	5	5262	-14.3	-264.3	1.63	3844.55	1
141.01	0	3849.3	170.1	0.58	0.0	0.0	0.0	5	5266	-9.7	-265.2	1.69	3849.28	1
141.11	0	3854.1	170.3	0.58	0.0	0.0	0.0	5	5270	-5.0	-266.1	1.7	3854.05	1
141.21	0	3858.8	170.4	0.58	0.0	0.0	0.0	5	5278	-0.4	-266.9	1.62	3858.79	1
141.31	0	3863.5	170.6	0.58	0.0	0.0	0.0	5	5283	4.3	-267.8	1.54	3863.53	1
141.41	0	3868.3	170.8	0.58	0.0	0.0	0.0	5	5287	9.0	-268.6	1.48	3868.29	1
141.51	0	3873.0	170.9	0.58	0.0	0.0	0.0	5	5294	13.6	-269.5	1.42	3873.01	1
141.61	0	3877.8	171.1	0.58	0.0	0.02	0.0	5	5299	18.3	-270.3	1.27	3877.82	1
141.71	0	3882.6	171.3	0.58	0.0	0.03	0.0	5	5304	23.0	-271.1	1.05	3882.56	1
141.81	0	3887.3	171.4	0.58	0.0	0.06	0.0	5	5312	27.7	-271.9	0.86	3887.32	1
141.91	0	3892.1	171.6	0.58	0.0	0.06	0.0	5	5319	32.4	-272.7	0.69	3892.08	1
142.01	0	3896.8	171.7	0.58	0.0	0.06	0.0	5	5326	37.1	-273.5	0.56	3896.84	1
142.11	0	3901.6	171.8	0.58	0.0	0.06	0.0	5	5335	41.8	-274.2	0.58	3901.6	1
142.21	0	3906.4	171.9	0.58	0.0	0.06	0.0	5	5340	46.5	-274.8	0.71	3906.37	1
142.31	0	3911.1	172.0	0.58	0.0	0.01	0.0	5	5343	51.2	-275.4	0.9	3911.12	1
142.41	0	3915.9	172.1	0.58	0.0	0.01	0.0	5	5345	56.0	-275.9	1.16	3915.9	1
142.52	0	3921.4	172.3	0.58	0.0	0.01	0.0	5	5345	61.4	-276.5	1.51	3921.45	1
142.62	0	3926.3	172.4	0.58	0.0	0.01	0.0	5	5346	66.3	-276.9	1.6	3926.34	1
142.72	0	3931.1	172.6	0.58	0.0	0.01	0.0	5	5350	71.1	-277.2	1.73	3931.13	1
142.82	0	3935.9	172.8	0.58	0.0	0.01	0.0	5	5353	75.9	-277.6	1.89	3935.93	1
142.92	0	3940.7	172.9	0.58	0.0	0.01	0.0	5	5357	80.7	-277.9	2.07	3940.73	1
143.02	0	3945.6	173.1	0.58	0.0	0.01	0.0	5	5363	85.5	-278.2	2.22	3945.64	1
143.12	0	3950.5	173.3	0.58	0.0	0.01	0.0	5	5368	90.3	-278.5	2.2	3950.45	1
143.22	0	3955.3	173.4	0.58	0.0	0.01	0.0	5	5373	95.1	-278.7	2.19	3955.26	1
143.32	0	3960.1	173.6	0.58	0.0	0.01	0.0	5	5379	99.9	-279.0	2.2	3960.07	1
143.46	0	3966.5	173.8	0.58	0.0	0.01	0.0	5	5385	106.3	-279.3	2.23	3966.52	1
143.56	0	3971.5	174.0	0.58	0.0	0.01	0.0	5	5390	111.2	-279.5	2.09	3971.47	1
143.66	0	3976.3	174.1	0.58	0.0	0.01	0.0	5	5396	116.0	-279.7	1.9	3976.29	1
143.76	0	3981.1	174.3	0.58	0.0	0.01	0.0	5	5401	120.8	-279.8	1.73	3981.14	1
143.86	0	3986.0	174.5	0.6	0.0	0.01	0.0	5	5411	125.7	-280.0	1.58	3985.98	1
143.96	0	3990.8	174.7	0.58	0.0	0.01	0.0	5	5416	130.5	-280.1	1.44	3990.84	1
144.06	0	3995.7	174.9	0.6	0.0	0.01	0.0	5	5420	135.4	-280.3	1.32	3995.68	1
144.16	0	4000.6	175.0	0.58	0.0	0.01	0.0	5	5422	140.2	-280.4	1.2	4000.56	1
144.26	0	4005.4	175.2	0.58	0.0	0.01	0.0	5	5427	145.1	-280.5	1.08	4005.45	1
144.36	0	4010.3	175.3	0.58	0.0	0.01	0.0	5	5432	150.0	-280.5	0.98	4010.29	1
144.46	0	4015.2	175.5	0.58	0.0	0.0	0.0	5	5436	154.8	-280.6	0.88	4015.15	1
144.56	0	4020.0	175.6	0.58	0.0	0.0	0.0	5	5442	159.7	-280.7	0.81	4020.03	1
144.66	0	4024.9	175.8	0.58	0.0	0.0	0.0	5	5447	164.6	-280.7	0.74	4024.91	1
144.76	0	4029.8	176.0	0.59	0.0	0.0	0.0	5	5454	169.5	-280.7	0.7	4029.8	1
144.86	0	4034.7	176.1	0.58	0.0	0.0	0.0	5	5458	174.4	-280.7	0.73	4034.68	1
144.96	0	4039.6	176.3	0.58	0.0	0.0	0.0	5	5463	179.3	-280.7	0.76	4039.59	1
145.06	0	4044.5	176.5	0.58	0.0	0.0	0.0	5	5469	184.2	-280.8	0.8	4044.49	1
145.16	0	4049.4	176.6	0.58	0.0	0.0	0.0	5	5474	189.1	-280.8	0.85	4049.38	1
145.26	0	4054.3	176.8	0.58	0.0	0.0	0.0	5	5479	194.0	-280.7	0.9	4054.26	1
145.36	0	4059.2	177.0	0.58	0.0	0.0	0.0	5	5484	198.9	-280.7	0.95	4059.17	1
145.46	0	4064.1	177.1	0.58	0.0	0.0	0.0	5	5490	203.8	-280.7	1.02	4064.08	1
145.56	0	4069.0	177.3	0.58	0.0	0.0	0.0	5	5495	208.7	-280.7	1.1	4069.01	1
145.66	0	4073.9	177.5	0.6	0.0	0.0	0.0	5	5505	213.6	-280.7	1.18	4073.93	1
145.76	0	4078.9	177.7	0.58	0.0	0.0	0.0	5	5508	218.6	-280.6	1.27	4078.87	1
145.86	0	4083.8	177.8	0.58	0.0	0.0	0.0	5	5514	223.5	-280.6	1.36	4083.8	1
145.96	0	4088.7	178.0	0.52	0.0	0.0	0.12	5	5504	228.4	-280.6	1.46	4088.74	1
146.06	0	4093.8	177.9	0.4	0.0	0.0	0.36	5	5461	233.4	-280.5	1.39	4093.78	1
146.16	0	4098.7	177.7	0.4	0.0	0.0	0.36	5	5451	238.3	-280.5	1.22	4098.71	1
146.26	0	4103.6	177.5	0.4	0.0	0.02	0.36	5	5444	243.3	-280.4	1.06	4103.64	1
146.36	0	4108.6	177.2	0.4	0.0	0.06	0.21	5	5437	248.2	-280.4	0.91	4108.56	1
146.46	0	4113.5	177.0	0.4	0.0	0.06	0.12	5	5431	253.1	-280.3	0.77	4113.48	1
146.56	0	4118.4	176.7	0.43	0.0	0.04	0.0	5	5434	258.0	-280.1	0.68	4118.4	1
146.66	0	4123.3	176.6	0.47	0.0	0.01	0.0	5	5444	262.9	-280.0	0.66	4123.29	1
146.76	0	4128.2	176.5	0.48	0.0	0.0	0.0	5	5442	267.9	-279.8	0.76	4128.22	1
146.86	0	4133.1	176.4	0.51	0.0	-0.01	0.0	5	5446	272.7	-279.5	0.89	4133.1	1
146.96	0	4138.0	176.5	0.52	0.0	-0.01	0.0	5	5450	277.6	-279.3	1.06	4138.01	1
147.06	0	4142.9	176.5	0.52	0.0	-0.01	0.0	5	5450	282.5	-279.0	1.24	4142.91	1
147.16	0	4147.8	176.5	0.52	0.0	-0.01	0.0	5	5451	287.4	-278.7	1.43	4147.8	1
147.26	0	4152.7	176.6	0.52	0.0	-0.01	0.0	5	5451	292.3	-278.4	1.61	4152.71	1
147.36	0	4157.6	176.6	0.52	0.0	-0.07	0.0	5	5455	297.2	-278.1	1.79	4157.61	1
147.46	0	4162.5	176.6	0.52	0.0	-0.06	0.0	5	5457	302.1	-277.9	1.94	4162.51	1
147.56	0	4167.4	176.6	0.52	0.0	-0.0	0.0	5	5461	307.0	-277.6	2.05	4167.42	1
147.66	0	4172.3	176.6	0.52	0.0	-0.0	0.0	5	5460	311.9	-277.4	2.13	4172.32	1
147.76	0	4177.2	176.6	0.52	0.0	-0.0	0.0	5	5459	316.8	-277.3	2.2	4177.22	1
147.86	0	4182.1	176.7	0.52	0.0	-0.0	0.0	5	5456	321.7	-277.2	2.25	4182.12	1
147.96	0	4187.0	176.7	0.53	0.0	0.0	0.0	5	5460	326.6	-277.1	2.28	4187.03	1
148.06	0	4192.0	176.7	0.53	0.0	0.0	0.0	5	5460	331.6	-277.0	2.29	4191.95	1
148.16	0	4196.9	176.8	0.53	0.0	0.0	0.0	5	5461	336.5	-277.0	2.29	4196.85	1
148.28	0	4202.6	176.8	0.53	0.0	-0.06	0.0	5	5463	342.2	-276.9	2.28	4202.59	1
148.37	0	4207.5	176.9	0.53	0.0	-0.06	0.0	5	5466	347.1	-276.8	2.27	4207.49	1
148.47	0	4212.4	176.9	0.53	0.0	-0.06	0.0	5	5468	352.0	-276.8	2.22	4212.4	1
148.58	0	4217.3	176.9	0.53	0.0	-0.0	0.0	5	5472	356.9	-276.8	2.14	4217.34	1
148.67	0	4222.2	177.0	0.55	0.0	-0.0	0.0	5	5476	361.8	-276.9	2.03	4222.23	1
148.77	0	4227.1	177.0	0.55	0.0	0.0	0.0	5	5477	366.8	-277.0	1.91	4227.12	1
148.87	0	4232.0	177.1	0.55	0.0	0.0	0.0	5	5478	371.7	-277.1	1.8	4232.05	1
148.98	0	4237.0	177.2	0.55	0.0	0.0	0.0	5	5480	376.6	-277.2	1.67	4236.97	1
149.07	0	4241.9	177.3	0.55	0.0	0.0	0.0	5	5482	381.5	-277.3	1.52	4241.88	1
149.17	0	4246.8	177.4	0.55	0.0	0.0	0.0	5	5484	386.4	-277.5	1.38	4246.81	1
149.28	0	4251.7	177.4	0.55	0.0	0.0	0.0	5	5486	391.4	-277.6	1.23	4251.74	1
149.37	0	4256.7	177.5	0.56	0.0	0.0	0.0	5	5495	396.3	-277.8	1.09	4256.65	1
149.47	0	4261.6	177.6	0.56	0.0	0.0	0.0	5	5499	401.2	-277.9	0.94	4261.58	1
149.58	0	4267.0	177.8	0.56	0.0	0.0	0.0	5	5502	406.6	-278.1	0.79	4266.97	1
149.68	0	4271.9	177.9	0.56	0.0	0.02	0.0	5	5506	411.6	-278.2	0.66	4271.93	1
149.78	0	4276.9	178.0	0.56	0.0	0.02	0.0	5	5510	416.5	-278.3	0.54	4276.86	1
149.88	0	4281.8	178.1	0.56	0.0	0.02	0.0	5	5521	421.5	-278.4	0.46	4281.82	1
149.98	0	4286.8	178.2	0.56	0.0	0.02	0.0	5	5515	426.4	-278.5	0.41	4286.76	1
150.08	0	4291.7	178.3	0.56	0.0	0.02	0.0	5	5523	431.3	-278.6	0.37	4291.7	1
150.18	0	4296.7	178.4	0.56	0.0	0.02	0.0	5	5526	436.3	-278.6	0.37	4296.66	1
150.28	0	4301.6	178.5	0.56	0.0	0.02	0.0	5	5530	441.3	-278.6	0.39	4301.61	1
150.38	0	4306.6	178.6	0.56	0.0	0.02	0.0	5	5533	446.2	-278.6	0.44	4306.56	1
150.48	0	4311.5	178.7	0.56	0.0	-0.0	0.0	5	5537	451.2	-278.5	0.52	4311.55	1
150.58	0	4316.5	178.8	0.56	0.0	-0.0	0.0	5	5538	456.1	-278.5	0.63	4316.5	1
150.68	0	4321.5	178.9	0.56	0.0	-0.0	0.0	5	5544	461.1	-278.4	0.76	4321.47	1
150.78	0	4326.4	179.0	0.56	0.0	-0.0	0.0	5	5544	466.1	-278.2	0.91	4326.44	1
150.88	0	4331.4	179.2	0.56	0.0	-0.0	0.0	5	5547	471.1	-278.1	1.05	4331.42	1
150.98	0	4336.4	179.3	0.56	0.0	-0.0	0.0	5	5551	476.0	-278.0	1.19	4336.41	1
151.08	0	4341.4	179.4	0.56	0.0	-0.0	0.0	5	5554	481.0	-277.8	1.34	4341.39	1
151.18	0	4346.4	179.5	0.56	0.0	-0.0	0.0	5	5557	486.0	-277.7	1.48	4346.38	1
151.28	0	4351.4	179.6	0.56	0.0	-0.0	0.0	5	5561	491.0	-277.6	1.63	4351.36	1
151.38	0	4356.3	179.7	0.56	0.0	-0.08	0.0	5	5565	496.0	-277.4	1.77	4356.33	1
151.48	0	4361.4	179.8	0.56	0.0	-0.06	0.0	5	5570	501.0	-277.3	1.89	4361.35	1
151.58	0	4366.3	179.9	0.56	0.0	-0.08	0.0	5	5577	506.0	-277.2	1.98	4366.33	1
151.68	0	4371.3	179.9	0.56	0.0	-0.06	0.0	5	5583	511.0	-277.2	2.03	4371.32	1
151.78	0	4376.3	180.0	0.56	0.0	0.0	0.0	5	5587	516.0	-277.2	2.02	4376.32	1
151.88	0	4381.3	180.1	0.56	0.0	0.0	0.0	5	5588	521.0	-277.3	1.96	4381.34	1
151.98	0	4386.3	180.2	0.56	0.0	0.02	0.0	5	5584	525.9	-277.4	1.84	4386.28	1
152.08	0	4391.3	180.3	0.56	0.0	0.02	0.0	5	5584	530.9	-277.5	1.68	4391.27	1
152.18	0	4396.3	180.4	0.56	0.0	0.02	0.0	5	5585	535.9	-277.7	1.49	4396.27	1
152.28	0	4401.3	180.5	0.56	0.0	0.02	0.0	5	5586	541.0	-277.9	1.3	4401.32	1
152.38	0	4406.3	180.6	0.56	0.0	-0.0	0.0	5	5594	546.0	-278.1	1.11	4406.32	1
152.48	0	4411.3	180.7	0.56	0.0	-0.0	0.0	5	5595	551.0	-278.3	0.93	4411.33	1
152.58	0	4416.3	180.8	0.56	0.0	-0.0	0.0	5	5599	556.0	-278.4	0.77	4416.35	1
152.68	0	4421.4	180.9	0.56	0.0	-0.0	0.0	5	5602	561.0	-278.6	0.61	4421.37	1
152.78	0	4426.4	181.0	0.52	0.0	-0.0	0.0	5	5599	566.0	-278.7	0.46	4426.41	1
152.88	0	4431.4	181.0	0.48	0.0	0.05	0.0	5	5582	571.1	-278.8	0.32	4431.43	1
152.98	0	4436.5	180.9	0.47	0.0	0.1	0.0	5	5574	576.1	-278.9	0.2	4436.45	1
153.08	0	4441.5	180.7	0.36	0.0	0.05	0.0	5	5550	581.1	-279.0	0.1	4441.48	1
153.18	0	4446.5	180.3	0.26	0.0	0.01	0.0	5	5497	586.1	-279.1	0.05	4446.48	1
153.28	0	4451.5	179.4	0.0	0.0	0.01	0.0	5	5388	591.1	-279.1	0.05	4451.5	1
153.42	0	4458.0	178.0	0.0	0.0	0.0	0.0	5	5339	597.7	-279.0	0.11	4458.05	1
153.52	0	4463.0	176.9	0.0	0.0	-0.02	0.0	5	5308	602.6	-278.9	0.19	4462.98	1
153.62	0	4467.9	175.8	0.0	0.0	-0.06	0.0	5	5278	607.5	-278.8	0.3	4467.87	1
153.72	0	4472.7	174.8	0.0	0.0	-0.06	0.0	5	5248	612.4	-278.7	0.4	4472.73	1
153.82	0	4477.6	173.7	0.0	0.0	-0.08	0.0	5	5215	617.2	-278.6	0.48	4477.56	1
153.92	0	4482.4	172.6	0.0	0.0	-0.08	0.0	5	5182	622.0	-278.5	0.51	4482.37	1
154.02	0	4487.2	171.6	0.0	0.0	-0.0	0.0	5	5147	626.8	-278.5	0.49	4487.2	1
154.12	0	4491.9	170.5	0.0	0.0	-0.0	0.0	5	5116	631.5	-278.6	0.42	4491.89	1
154.22	0	4496.6	169.5	0.0	0.0	0.0	0.0	5	5086	636.3	-278.7	0.31	4496.62	1
154.32	0	4501.3	168.5	0.0	0.0	0.05	0.0	5	5057	640.9	-278.8	0.17	4501.31	1
154.42	0	4506.0	167.5	0.0	0.0	0.01	0.0	5	5029	645.6	-279.0	0.01	4505.98	1
154.52	0	4510.6	166.5	0.0	0.0	-0.0	0.0	5	5000	650.2	-279.1	-0.14	4510.6	1
154.62	0	4515.2	165.5	0.0	0.0	-0.02	0.0	5	4971	654.9	-279.2	-0.29	4515.22	1
154.72	0	4519.8	164.6	0.0	0.0	-0.02	0.0	5	4942	659.4	-279.4	-0.42	4519.8	1
154.82	0	4524.4	163.6	0.0	0.0	-0.02	0.0	5	4914	664.0	-279.5	-0.56	4524.36	1
154.92	0	4528.9	162.7	0.0	0.0	0.0	0.0	5	4886	668.5	-279.6	-0.71	4528.89	1
155.02	0	4533.4	161.7	0.0	0.0	0.0	0.0	5	4858	673.0	-279.8	-0.85	4533.39	1
155.12	0	4537.9	160.8	0.0	0.0	0.0	0.0	5	4830	677.5	-279.9	-1.0	4537.87	1
155.22	0	4542.3	159.9	0.0	0.0	0.0	0.0	5	4803	682.0	-280.0	-1.15	4542.32	1
155.32	0	4546.7	159.0	0.0	0.0	0.0	0.0	5	4775	686.4	-280.2	-1.29	4546.75	1
155.42	0	4551.1	158.1	0.0	0.0	0.0	0.0	5	4748	690.8	-280.3	-1.43	4551.15	1
155.52	0	4555.5	157.2	0.0	0.0	0.0	0.0	5	4722	695.2	-280.4	-1.57	4555.52	1
155.62	0	4559.9	156.3	0.0	0.0	0.0	0.0	5	4695	699.5	-280.5	-1.7	4559.87	1
155.72	0	4564.2	155.4	0.0	0.0	0.0	0.0	5	4669	703.8	-280.7	-1.82	4564.2	1
155.82	0	4568.5	154.5	0.0	0.0	0.0	0.0	5	4643	708.1	-280.8	-1.94	4568.51	1
155.95	0	4574.1	153.4	0.0	0.0	0.0	0.0	5	4608	713.8	-280.9	-2.08	4574.13	1
156.05	0	4578.4	152.5	0.0	0.0	0.0	0.0	5	4583	718.0	-281.0	-2.19	4578.39	1
156.15	0	4582.6	151.7	0.0	0.0	0.0	0.0	5	4557	722.3	-281.1	-2.28	4582.62	1
156.25	0	4586.8	150.8	0.0	0.0	0.0	0.0	5	4532	726.5	-281.1	-2.37	4586.82	1
156.35	0	4591.0	150.0	0.0	0.0	0.0	0.0	5	4507	730.7	-281.2	-2.46	4591.01	1
156.45	0	4595.1	149.2	0.0	0.0	0.0	0.0	5	4482	734.8	-281.3	-2.54	4595.14	1
156.55	0	4599.3	148.3	0.0	0.0	0.0	0.0	5	4457	738.9	-281.4	-2.62	4599.27	1
156.66	0	4603.9	147.4	0.0	0.0	0.0	0.0	5	4430	743.5	-281.4	-2.7	4603.85	1
156.76	0	4607.9	146.6	0.0	0.0	0.0	0.0	5	4406	747.5	-281.5	-2.76	4607.87	1
156.86	0	4611.9	145.8	0.0	0.0	0.0	0.0	5	4382	751.6	-281.5	-2.82	4611.94	1
156.96	0	4616.0	145.0	0.0	0.0	0.0	0.0	5	4358	755.6	-281.6	-2.87	4615.97	1
157.06	0	4620.0	144.2	0.0	0.0	0.0	0.0	5	4335	759.6	-281.6	-2.92	4620.0	1
157.16	0	4624.0	143.4	0.0	0.0	0.0	0.0	5	4311	763.6	-281.6	-2.97	4623.99	1
157.26	0	4628.0	142.7	0.0	0.0	0.0	0.05	5	4288	767.6	-281.7	-3.01	4627.96	1
157.36	0	4631.9	141.9	0.0	0.0	0.0	0.69	5	4265	771.6	-281.7	-3.04	4631.91	1
157.46	0	4635.8	141.2	0.0	0.0	0.0	1.0	5	4181	775.5	-281.7	-3.07	4635.84	1
157.56	0	4639.8	140.7	0.0	0.0	0.0	1.0	5	3923	779.4	-281.7	-3.09	4639.76	1
157.66	0	4643.7	140.2	0.0	0.0	0.0	1.0	5	3681	783.3	-281.7	-3.11	4643.66	1
157.76	0	4647.6	139.7	0.0	0.0	0.0	1.0	5	3452	787.2	-281.7	-3.13	4647.58	1
157.86	0	4651.5	139.2	0.0	0.0	0.0	1.0	4	3238	791.1	-281.7	-3.14	4651.46	1
157.96	0	4655.3	138.7	0.0	0.0	0.0	1.0	4	3039	795.0	-281.7	-3.15	4655.32	1
158.06	0	4659.2	138.2	0.0	0.0	0.0	1.0	4	2851	798.8	-281.7	-3.15	4659.17	1
158.16	0	4663.0	137.7	0.0	0.0	0.0	1.0	4	2676	802.6	-281.7	-3.14	4663.0	1
158.26	0	4666.8	137.2	0.0	0.0	0.0	1.0	4	2510	806.5	-281.7	-3.13	4666.82	1
158.36	0	4670.6	136.8	0.0	0.0	0.0	1.0	4	2356	810.3	-281.6	-3.12	4670.62	1
158.46	0	4674.4	136.3	0.0	0.0	0.0	1.0	4	2210	814.1	-281.6	-3.1	4674.42	1
158.56	0	4678.2	135.8	0.0	0.0	0.0	1.0	4	2074	817.9	-281.6	-3.08	4678.21	1
158.66	0	4682.0	135.3	0.0	0.0	0.0	1.0	4	1968	821.6	-281.5	-3.05	4681.96	1
158.76	0	4685.8	134.9	0.0	0.0	0.0	1.0	4	1954	825.4	-281.5	-3.02	4685.76	1
158.86	0	4689.5	134.4	0.0	0.0	0.0	1.0	4	1953	829.1	-281.5	-2.99	4689.5	1
158.96	0	4693.2	133.9	0.0	0.0	0.0	1.0	4	1953	832.9	-281.4	-2.95	4693.22	1
159.06	0	4696.9	133.5	0.0	0.0	0.0	1.0	4	1953	836.6	-281.4	-2.91	4696.94	1
159.16	0	4700.6	133.0	0.0	0.0	0.0	1.0	4	1953	840.3	-281.3	-2.86	4700.64	1
159.26	0	4704.3	132.6	0.0	0.0	0.0	1.0	4	1953	844.0	-281.2	-2.81	4704.33	1
159.36	0	4708.0	132.1	0.0	0.0	0.0	1.0	4	1953	847.6	-281.2	-2.75	4708.01	1
159.46	0	4711.7	131.7	0.0	0.0	0.0	1.0	4	1953	851.3	-281.1	-2.7	4711.67	1
159.56	0	4715.3	131.2	0.0	0.0	0.0	1.0	3	1953	855.0	-281.0	-2.63	4715.32	1
159.66	0	4719.0	130.8	0.0	0.0	-0.02	1.0	3	1953	858.6	-281.0	-2.57	4718.95	1
159.76	0	4722.6	130.3	0.0	0.0	-0.02	1.0	3	1953	862.2	-280.9	-2.51	4722.59	1
159.86	0	4726.2	129.9	0.0	0.0	-0.02	1.0	3	1953	865.8	-280.8	-2.45	4726.21	1
159.96	0	4729.8	129.4	0.0	0.0	-0.02	1.0	3	1953	869.4	-280.8	-2.41	4729.79	1
160.06	0	4733.4	129.0	0.0	0.0	-0.02	1.0	3	1953	873.0	-280.7	-2.39	4733.39	1
160.16	0	4737.0	128.6	0.0	0.0	-0.02	1.0	3	1953	876.6	-280.7	-2.39	4736.96	1
160.26	0	4740.5	128.1	0.0	0.0	-0.02	1.0	3	1953	880.2	-280.7	-2.39	4740.53	1
160.36	0	4744.1	127.7	0.0	0.0	-0.02	1.0	3	1953	883.7	-280.7	-2.41	4744.09	1
160.46	0	4747.6	127.3	0.0	0.0	-0.02	1.0	3	1953	887.3	-280.7	-2.44	4747.64	1
160.56	0	4751.2	126.8	0.0	0.0	-0.02	1.0	3	1953	890.8	-280.7	-2.48	4751.15	1
160.66	0	4754.7	126.4	0.0	0.0	-0.02	1.0	3	1953	894.3	-280.7	-2.53	4754.67	1
160.76	0	4758.2	126.0	0.0	0.0	-0.02	1.0	3	1953	897.8	-280.8	-2.59	4758.19	1
160.86	0	4761.7	125.6	0.0	0.0	-0.02	1.0	3	1953	901.3	-280.8	-2.66	4761.69	1
160.96	0	4765.2	125.2	0.0	0.0	-0.02	1.0	3	1953	904.8	-280.9	-2.74	4765.16	1
161.06	0	4768.6	124.7	0.0	0.0	-0.02	1.0	3	1953	908.3	-281.0	-2.83	4768.65	1
161.16	0	4772.1	124.3	0.0	0.0	-0.02	1.0	3	1953	911.7	-281.1	-2.94	4772.08	1
161.26	0	4775.6	123.9	0.0	0.0	-0.02	1.0	3	1953	915.2	-281.2	-3.05	4775.57	1
161.36	0	4779.0	123.5	0.0	0.0	-0.02	1.0	3	1953	918.6	-281.3	-3.18	4778.98	1
161.46	0	4782.4	123.1	0.0	0.0	-0.02	1.0	3	1953	922.0	-281.5	-3.31	4782.42	1
161.56	0	4785.8	122.7	0.0	0.0	-0.02	1.0	3	1953	925.5	-281.6	-3.46	4785.82	1
161.66	0	4789.2	122.3	0.0	0.0	-0.02	1.0	3	1953	928.9	-281.8	-3.61	4789.22	1
161.76	0	4792.6	121.9	0.0	0.0	-0.02	1.0	3	1953	932.2	-281.9	-3.79	4792.59	1
161.86	0	4796.0	121.5	0.0	0.0	0.01	1.0	3	1953	935.6	-282.1	-3.97	4795.97	1
161.96	0	4799.3	121.1	0.0	0.0	0.01	1.0	3	1953	939.0	-282.3	-4.16	4799.33	1
162.06	0	4802.7	120.7	0.0	0.0	0.06	1.0	3	1953	942.3	-282.5	-4.36	4802.68	1
162.16	0	4805.8	120.3	0.0	0.0	0.07	1.0	3	1953	945.7	-282.7	-4.56	4805.8	1
162.26	0	4809.4	119.9	0.0	0.0	0.05	1.0	3	1953	949.0	-282.8	-4.82	4809.38	1
162.36	0	4813.2	119.5	0.0	0.0	-0.01	1.0	3	1953	952.4	-282.9	-4.7	4813.24	1
162.46	0	4816.2	119.1	0.0	0.0	-0.12	1.0	3	1953	955.6	-283.0	-4.59	4816.15	1
162.56	0	4819.8	118.7	0.0	0.0	-0.17	1.0	3	1953	958.9	-283.2	-4.53	4819.76	1
162.66	0	4823.1	118.2	0.0	0.0	-0.13	1.0	3	1953	962.2	-283.3	-4.38	4823.05	1
162.76	0	4826.3	117.7	0.0	0.0	-0.08	0.92	3	1988	965.5	-283.5	-4.29	4826.34	1
162.86	0	4829.6	116.0	0.0	0.0	-0.13	0.37	3	2864	968.8	-283.8	-4.24	4829.6	1
162.96	0	4833.4	113.2	0.0	0.0	-0.17	0.0	3	4227	971.9	-284.1	-4.17	4833.44	1
163.06	0	4836.5	111.0	0.0	0.0	-0.22	0.0	3	4692	975.0	-284.5	-3.79	4836.53	1
163.16	0	4839.6	109.7	0.0	0.0	-0.26	0.0	3	4725	978.1	-285.0	-3.52	4839.61	1
163.29	0	4843.6	108.1	0.0	0.0	-0.23	0.0	3	4657	982.0	-285.9	-3.33	4843.62	1
163.39	0	4847.2	107.1	0.0	0.0	-0.03	0.0	3	4602	984.9	-286.6	-3.19	4847.21	1
163.49	0	4850.1	106.0	0.0	0.0	-0.14	0.0	3	4561	987.7	-287.5	-2.77	4850.14	1
163.59	0	4853.1	105.0	0.0	0.0	-0.22	0.0	3	4525	990.5	-288.4	-2.45	4853.06	1
163.69	0	4855.9	103.9	0.0	0.0	-0.26	0.0	3	4486	993.2	-289.5	-2.25	4855.95	1
163.79	0	4858.8	102.9	0.0	0.0	-0.27	0.0	3	4455	995.8	-290.6	-2.15	4858.82	1
163.91	0	4862.4	101.8	0.0	0.0	-0.39	0.0	3	4400	998.7	-292.0	-1.74	4862.37	1
164.01	0	4865.2	100.8	0.0	0.0	-0.26	0.0	3	4363	1001.2	-293.3	-1.42	4865.16	1
164.11	0	4867.9	99.7	0.0	0.0	-0.39	0.0	3	4322	1003.6	-294.6	-1.19	4867.93	1
164.21	0	4870.7	98.7	0.0	0.0	-0.39	0.0	3	4276	1006.0	-296.1	-1.08	4870.69	1
164.31	0	4873.5	97.7	0.0	0.0	-0.31	0.0	3	4232	1008.2	-297.6	-1.03	4873.55	1
164.41	0	4876.3	96.6	0.0	0.0	-0.26	0.0	3	4183	1010.4	-299.3	-0.81	4876.27	1
164.51	0	4878.9	95.7	0.0	0.0	-0.26	0.0	3	4139	1012.5	-300.9	-0.71	4878.91	1
164.61	0	4881.5	94.7	0.0	0.0	-0.25	0.0	3	4097	1014.4	-302.7	-0.72	4881.55	1
164.71	0	4884.2	93.7	0.0	0.0	-0.24	0.0	3	4061	1016.3	-304.5	-0.83	4884.16	1
164.81	0	4886.9	92.8	0.0	0.0	-0.26	0.0	3	4019	1018.1	-306.4	-1.05	4886.93	1
164.91	0	4889.5	91.9	0.0	0.0	-0.26	0.0	3	3980	1019.8	-308.3	-0.92	4889.49	1
165.01	0	4892.0	91.2	0.16	0.0	-0.25	0.0	3	3996	1021.4	-310.3	-0.88	4892.04	1
165.11	0	4894.6	90.7	0.16	0.0	-0.24	0.0	3	3967	1022.9	-312.3	-0.95	4894.56	1
165.21	0	4897.1	90.1	0.16	0.0	-0.23	0.0	3	3943	1024.3	-314.4	-1.12	4897.07	1
165.31	0	4899.5	89.7	0.17	0.0	-0.2	0.0	3	3925	1025.6	-316.5	-1.38	4899.55	1
165.41	0	4902.2	89.4	0.25	0.0	-0.12	0.0	3	3924	1026.9	-318.7	-1.4	4902.23	1
165.51	0	4904.7	89.2	0.26	0.0	-0.12	0.0	3	3914	1028.1	-320.9	-1.49	4904.71	1
165.61	0	4907.2	88.9	0.26	0.0	-0.22	0.0	3	3906	1029.2	-323.1	-1.64	4907.17	1
165.71	0	4909.6	88.7	0.26	0.0	-0.22	0.0	3	3898	1030.2	-325.3	-1.87	4909.65	1
165.81	0	4912.1	88.5	0.3	0.0	-0.22	0.0	3	3898	1031.2	-327.6	-2.16	4912.06	1
165.91	0	4914.9	88.3	0.32	0.0	-0.24	0.0	3	3897	1032.1	-329.8	-2.25	4914.89	1
166.01	0	4917.4	88.2	0.32	0.0	-0.24	0.0	3	3888	1032.9	-332.2	-2.3	4917.35	1
166.11	0	4919.8	88.0	0.32	0.0	-0.17	0.0	3	3881	1033.6	-334.5	-2.44	4919.79	1
166.21	0	4922.2	87.9	0.32	0.0	-0.17	0.0	3	3879	1034.3	-336.9	-2.65	4922.23	1
166.31	0	4924.6	87.8	0.33	0.0	-0.17	0.0	3	3880	1034.9	-339.2	-2.92	4924.65	1
166.41	0	4927.7	87.8	0.34	0.0	-0.08	0.0	3	3863	1035.4	-341.6	-3.08	4927.67	1
166.51	0	4930.1	87.8	0.36	0.0	-0.08	0.0	3	3864	1035.8	-344.0	-3.06	4930.11	1
166.61	0	4932.5	87.8	0.36	0.0	-0.13	0.0	3	3867	1036.2	-346.4	-3.08	4932.54	1
166.71	0	4935.0	87.8	0.36	0.0	-0.13	0.0	3	3869	1036.6	-348.8	-3.15	4934.98	1
166.81	0	4937.4	87.8	0.36	0.0	-0.13	0.0	3	3870	1036.8	-351.3	-3.26	4937.42	1
166.91	0	4940.4	87.8	0.36	0.0	-0.15	0.0	3	3872	1037.1	-353.7	-3.34	4940.42	1
167.02	0	4943.2	87.8	0.36	0.0	-0.13	0.0	3	3874	1037.3	-356.5	-2.93	4943.22	1
167.12	0	4945.7	87.9	0.38	0.0	-0.08	0.0	3	3875	1037.4	-358.9	-2.27	4945.67	1
167.22	0	4948.1	88.0	0.38	0.0	-0.08	0.0	3	3877	1037.5	-361.4	-1.36	4948.11	1
167.32	0	4950.6	88.0	0.38	0.0	-0.17	0.0	3	3880	1037.5	-363.8	-0.51	4950.55	1
167.42	0	4952.8	88.0	0.38	0.0	-0.17	0.0	3	3882	1037.5	-366.2	-0.08	4952.81	1
167.52	0	4956.7	88.1	0.38	0.0	-0.17	0.0	3	3885	1037.4	-368.7	-3.38	4956.68	1
167.62	0	4959.1	88.1	0.38	0.0	-0.17	0.0	3	3898	1037.3	-371.1	-3.04	4959.11	1
167.72	0	4961.5	88.1	0.38	0.0	-0.17	0.0	3	3891	1037.1	-373.6	-2.78	4961.53	1
167.82	0	4964.0	88.1	0.38	0.0	-0.2	0.0	3	3878	1036.8	-376.0	-2.59	4963.97	1
167.92	0	4966.4	88.1	0.38	0.0	-0.17	0.0	3	3893	1036.4	-378.4	-2.47	4966.42	1
168.02	0	4968.9	88.1	0.38	0.0	-0.13	0.0	3	3893	1036.0	-380.8	-2.42	4968.87	1
168.12	0	4971.3	88.2	0.41	0.0	-0.16	0.0	3	3899	1035.5	-383.2	-2.42	4971.32	1
168.22	0	4974.0	88.2	0.41	0.0	-0.2	0.0	3	3905	1035.0	-385.6	-2.31	4974.05	1
168.32	0	4976.5	88.3	0.41	0.0	-0.2	0.0	3	3911	1034.3	-388.0	-2.17	4976.5	1
168.42	0	4978.9	88.4	0.43	0.0	-0.12	0.0	3	3917	1033.7	-390.3	-2.09	4978.95	1
168.52	0	4981.4	88.6	0.45	0.0	-0.08	0.0	3	3924	1032.9	-392.7	-2.08	4981.4	1
168.62	0	4983.9	88.8	0.45	0.0	-0.06	0.0	3	3931	1032.1	-395.0	-2.12	4983.87	1
168.72	0	4986.3	89.0	0.45	0.0	-0.09	0.0	3	3939	1031.3	-397.3	-2.2	4986.34	1
168.82	0	4988.8	89.2	0.43	0.0	-0.13	0.0	3	3945	1030.4	-399.7	-2.33	4988.84	1
168.92	0	4991.6	89.4	0.43	0.0	-0.17	0.0	3	3955	1029.5	-402.0	-2.25	4991.64	1
169.02	0	4994.1	89.5	0.43	0.0	-0.22	0.0	3	3966	1028.5	-404.3	-2.14	4994.12	1
169.12	0	4996.6	89.6	0.43	0.0	-0.2	0.0	3	3975	1027.5	-406.5	-2.1	4996.61	1
169.22	0	4999.1	89.8	0.44	0.0	-0.12	0.0	3	3980	1026.4	-408.8	-2.12	4999.1	1
169.32	0	5001.6	89.9	0.44	0.0	-0.12	0.0	3	3989	1025.2	-411.0	-2.2	5001.6	1
169.42	0	5004.1	90.1	0.44	0.0	-0.12	0.0	3	3998	1024.0	-413.2	-2.34	5004.1	1
169.52	0	5006.6	90.3	0.44	0.0	-0.12	0.0	3	3994	1022.7	-415.3	-2.55	5006.59	1
169.62	0	5009.4	90.5	0.44	0.0	-0.11	0.0	3	4005	1021.4	-417.4	-2.55	5009.41	1
169.72	0	5011.9	90.7	0.44	0.0	-0.11	0.0	3	4014	1020.0	-419.5	-2.57	5011.92	1
169.82	0	5014.5	90.9	0.45	0.0	-0.11	0.0	3	4025	1018.6	-421.7	-2.63	5014.47	1
169.92	0	5017.0	91.1	0.47	0.0	-0.11	0.0	3	4040	1017.1	-423.7	-2.74	5017.0	1
170.02	0	5019.5	91.4	0.48	0.0	-0.11	0.0	3	4056	1015.6	-425.7	-2.9	5019.5	1
170.12	0	5022.0	91.7	0.51	0.0	-0.11	0.0	3	4075	1014.1	-427.8	-3.11	5022.03	1
170.22	0	5025.1	92.0	0.51	0.0	-0.08	0.0	3	4091	1012.5	-429.7	-3.34	5025.07	1
170.32	0	5027.6	92.4	0.51	0.0	-0.08	0.0	3	4107	1010.8	-431.7	-3.28	5027.62	1
170.42	0	5030.2	92.8	0.51	0.0	-0.08	0.0	3	4123	1009.2	-433.7	-3.26	5030.2	1
170.52	0	5032.8	93.2	0.51	0.0	-0.07	0.0	3	4140	1007.4	-435.6	-3.28	5032.78	1
170.62	0	5035.4	93.6	0.51	0.0	-0.07	0.0	3	4157	1005.7	-437.5	-3.34	5035.37	1
170.72	0	5038.0	94.0	0.51	0.0	-0.07	0.0	3	4175	1003.9	-439.4	-3.44	5037.98	1
170.82	0	5040.6	94.4	0.52	0.0	-0.09	0.0	3	4197	1002.1	-441.3	-3.57	5040.59	1
170.92	0	5043.8	94.8	0.52	0.0	-0.12	0.0	3	4219	1000.2	-443.1	-3.55	5043.76	1
171.02	0	5046.4	95.2	0.52	0.0	-0.09	0.0	3	4250	998.3	-445.0	-3.38	5046.39	1
171.12	0	5049.0	95.7	0.52	0.0	-0.09	0.0	3	4251	996.4	-446.8	-3.25	5049.04	1
171.22	0	5051.7	96.1	0.52	0.0	-0.09	0.0	3	4277	994.4	-448.6	-3.17	5051.71	1
171.35	0	5055.1	96.7	0.53	0.0	-0.08	0.0	3	4308	991.8	-450.8	-3.13	5055.15	1
171.43	0	5057.3	97.0	0.53	0.0	-0.08	0.0	3	4324	990.2	-452.2	-3.14	5057.28	1
171.53	0	5060.0	97.5	0.53	0.0	-0.08	0.0	3	4345	988.1	-453.9	-3.19	5059.98	1
171.63	0	5062.7	98.0	0.53	0.0	-0.08	0.0	3	4367	986.0	-455.6	-3.29	5062.69	1
171.73	0	5065.4	98.5	0.53	0.0	-0.08	0.0	3	4389	983.8	-457.2	-3.43	5065.43	1
171.83	0	5068.6	98.9	0.53	0.0	-0.08	0.0	3	4411	981.6	-458.9	-3.55	5068.63	1
171.93	0	5071.4	99.4	0.53	0.0	-0.08	0.0	3	4434	979.3	-460.5	-3.43	5071.38	1
172.03	0	5074.1	99.9	0.53	0.0	-0.08	0.0	3	4457	977.1	-462.0	-3.35	5074.14	1
172.13	0	5076.9	100.4	0.53	0.0	-0.08	0.0	3	4480	974.7	-463.6	-3.31	5076.94	1
172.23	0	5079.7	100.9	0.53	0.0	-0.08	0.0	3	4504	972.4	-465.1	-3.31	5079.72	1
172.33	0	5082.5	101.4	0.53	0.0	-0.08	0.0	3	4527	970.0	-466.6	-3.35	5082.54	1
172.43	0	5085.4	102.0	0.53	0.0	-0.08	0.0	3	4551	967.6	-468.1	-3.44	5085.36	1
172.53	0	5088.2	102.5	0.53	0.0	-0.06	0.0	3	4585	965.1	-469.5	-3.57	5088.19	1
172.63	0	5091.0	103.0	0.54	0.0	-0.06	0.0	3	4590	962.6	-470.9	-3.74	5091.05	1
172.73	0	5094.4	103.6	0.55	0.0	-0.06	0.0	3	4625	960.1	-472.3	-3.92	5094.36	1
172.83	0	5097.2	104.2	0.55	0.0	-0.06	0.0	3	4656	957.6	-473.6	-3.85	5097.24	1
172.93	0	5100.1	104.8	0.55	0.0	-0.06	0.0	3	4683	955.0	-474.9	-3.8	5100.14	1
173.06	0	5103.9	105.5	0.55	0.0	-0.06	0.0	3	4718	951.6	-476.6	-3.8	5103.88	1
173.16	0	5107.0	106.2	0.55	0.0	-0.06	0.0	3	4748	948.8	-477.9	-3.83	5106.99	1
173.26	0	5109.9	106.8	0.55	0.0	-0.06	0.0	3	4776	946.2	-479.2	-3.9	5109.94	1
173.36	0	5112.9	107.4	0.55	0.0	-0.06	0.0	3	4805	943.5	-480.4	-4.0	5112.91	1
173.46	0	5115.9	108.0	0.55	0.0	-0.06	0.0	3	4833	940.7	-481.6	-4.14	5115.9	1
173.56	0	5118.9	108.7	0.55	0.0	-0.06	0.0	3	4862	938.0	-482.8	-4.31	5118.89	1
173.66	0	5122.5	109.3	0.55	0.0	-0.06	0.0	3	4892	935.2	-483.9	-4.21	5122.5	1
173.76	0	5125.5	109.9	0.55	0.0	-0.06	0.0	3	4921	932.3	-485.0	-4.06	5125.55	1
173.86	0	5128.6	110.6	0.54	0.0	-0.06	0.0	3	4950	929.5	-486.1	-3.94	5128.6	1
173.96	0	5131.7	111.2	0.54	0.0	-0.06	0.0	3	4982	926.6	-487.2	-3.86	5131.68	1
174.06	0	5134.8	111.8	0.54	0.0	-0.06	0.0	3	5007	923.6	-488.2	-3.81	5134.81	1
174.16	0	5137.9	112.5	0.54	0.0	-0.08	0.0	3	5039	920.7	-489.2	-3.81	5137.9	1
174.26	0	5141.0	113.1	0.55	0.0	-0.08	0.0	3	5071	917.7	-490.2	-3.84	5141.02	1
174.36	0	5144.2	113.8	0.55	0.0	-0.06	0.0	3	5103	914.7	-491.1	-3.91	5144.17	1
174.46	0	5147.9	114.4	0.54	0.0	-0.06	0.0	3	5131	911.7	-492.0	-3.8	5147.86	1
174.56	0	5151.0	115.1	0.55	0.0	-0.06	0.0	3	5160	908.6	-492.9	-3.56	5151.03	1
174.66	0	5154.2	115.7	0.52	0.0	-0.06	0.0	3	5189	905.5	-493.7	-3.36	5154.23	1
174.76	0	5157.5	116.4	0.54	0.0	-0.06	0.0	3	5222	902.3	-494.5	-3.19	5157.49	1
174.86	0	5160.7	117.0	0.52	0.0	-0.04	0.0	3	5241	899.2	-495.2	-3.07	5160.72	1
174.96	0	5164.0	117.7	0.53	0.0	-0.02	0.25	3	5277	896.0	-496.0	-2.99	5163.99	1
175.06	0	5167.3	117.9	0.36	0.0	0.0	1.0	3	5430	892.8	-496.6	-2.94	5167.26	1
175.16	0	5170.5	117.5	0.0	0.0	0.01	1.0	3	5409	889.6	-497.3	-2.91	5170.54	1
175.26	0	5174.0	117.2	0.0	0.0	0.01	1.0	3	5076	886.4	-498.0	-2.68	5174.04	1
175.36	0	5177.3	116.7	0.0	0.0	0.01	0.84	3	4882	883.2	-498.6	-2.38	5177.27	1
175.46	0	5180.5	115.6	0.0	0.0	0.0	0.21	3	4984	880.1	-499.2	-2.08	5180.46	1
175.56	0	5183.7	114.8	0.0	0.0	-0.0	0.0	3	4953	876.9	-499.9	-1.75	5183.7	1
175.66	0	5186.9	114.0	0.0	0.0	-0.02	0.0	3	4921	873.8	-500.5	-1.37	5186.85	1
175.76	0	5190.0	113.5	0.27	0.0	-0.02	0.0	3	4974	870.7	-501.1	-0.99	5190.0	1
175.86	0	5193.1	113.6	0.43	0.0	-0.04	0.0	3	5033	867.6	-501.8	-0.62	5193.12	1
175.96	0	5196.2	114.0	0.51	0.0	-0.02	0.0	3	5086	864.5	-502.4	-0.55	5196.22	1
176.06	0	5199.4	114.7	0.56	0.0	-0.04	0.0	3	5136	861.4	-503.0	-0.51	5199.4	1
176.16	0	5202.6	115.4	0.56	0.0	-0.06	0.0	3	5175	858.3	-503.5	-0.47	5202.6	1
176.26	0	5205.8	116.0	0.43	0.0	-0.06	0.0	3	5163	855.1	-504.1	-0.36	5205.83	1
176.36	0	5209.0	116.1	0.16	0.0	0.0	0.0	3	5088	851.9	-504.6	-0.17	5209.05	1
176.46	0	5212.3	115.5	0.0	0.0	0.0	0.0	3	4983	848.8	-505.2	-0.01	5212.27	1
176.56	0	5215.5	114.7	0.0	0.0	-0.01	0.04	3	4947	845.6	-505.7	0.15	5215.46	1
176.66	0	5218.6	113.9	0.0	0.0	-0.04	0.98	3	4875	842.5	-506.1	0.37	5218.62	1
176.76	0	5221.8	113.6	0.0	0.0	-0.04	1.0	3	4572	839.3	-506.6	0.58	5221.79	1
176.86	0	5224.9	113.2	0.0	0.0	-0.02	1.0	3	4290	836.2	-507.1	0.76	5224.94	1
176.96	0	5228.0	112.8	0.0	0.0	-0.0	1.0	4	4026	833.1	-507.5	1.07	5228.01	1
177.06	0	5231.1	112.5	0.0	0.0	-0.04	1.0	4	3777	830.0	-507.9	1.43	5231.12	1
177.16	0	5234.2	112.1	0.0	0.0	-0.0	1.0	4	3544	826.9	-508.3	1.77	5234.23	1
177.26	0	5237.3	111.8	0.16	0.0	-0.02	1.0	4	3351	823.8	-508.7	2.11	5237.31	1
177.36	0	5240.4	111.4	0.26	0.0	-0.02	1.0	4	3354	820.7	-509.1	2.43	5240.4	1
177.46	0	5243.5	111.1	0.43	0.0	0.01	1.0	4	3508	817.7	-509.4	2.74	5243.46	1
177.56	0	5246.5	110.6	0.47	0.0	0.01	0.88	4	3978	814.6	-509.8	3.05	5246.53	1
177.66	0	5249.6	110.6	0.49	0.0	-0.02	0.35	4	4064	811.6	-510.2	3.34	5249.59	1
177.76	0	5252.7	110.8	0.54	0.0	-0.04	0.03	4	4048	808.5	-510.5	3.64	5252.65	1
177.87	0	5255.7	111.1	0.56	0.0	-0.04	0.0	4	4068	805.4	-510.9	3.92	5255.73	1
177.97	0	5258.8	111.4	0.57	0.0	-0.04	0.0	4	4084	802.4	-511.2	4.19	5258.81	1
178.07	0	5261.9	111.7	0.58	0.0	-0.0	0.0	4	4097	799.3	-511.5	4.44	5261.93	1
178.17	0	5265.0	112.1	0.62	0.0	0.0	0.0	4	4117	796.2	-511.8	4.67	5265.04	1
178.27	0	5268.1	112.5	0.63	0.0	0.03	0.0	4	4137	793.1	-512.1	4.9	5268.14	1
178.37	0	5271.3	113.0	0.64	0.0	0.01	0.0	4	4155	789.9	-512.4	5.13	5271.26	1
178.47	0	5274.4	113.4	0.65	0.0	-0.0	0.0	4	4175	786.8	-512.7	5.36	5274.39	1
178.57	0	5277.5	113.9	0.65	0.0	-0.0	0.0	4	4194	783.7	-513.0	5.61	5277.54	1
178.7	0	5281.8	114.6	0.69	0.0	-0.0	0.0	4	4227	779.5	-513.4	5.93	5281.76	1
178.78	0	5284.2	115.0	0.69	0.0	-0.0	0.0	4	4244	777.0	-513.7	6.13	5284.22	1
178.88	0	5287.4	115.6	0.69	0.0	-0.0	0.0	4	4266	773.8	-514.0	6.38	5287.42	1
178.98	0	5290.6	116.1	0.69	0.0	-0.0	0.0	4	4287	770.6	-514.3	6.63	5290.62	1
179.08	0	5293.8	116.7	0.69	0.0	-0.0	0.0	4	4310	767.4	-514.7	6.88	5293.85	1
179.18	0	5297.1	117.3	0.69	0.0	-0.0	0.0	4	4332	764.2	-515.0	7.15	5297.08	1
179.28	0	5300.3	117.9	0.69	0.0	-0.0	0.0	4	4355	760.9	-515.3	7.41	5300.33	1
179.38	0	5303.6	118.5	0.69	0.0	-0.0	0.0	4	4377	757.7	-515.7	7.67	5303.61	1
179.48	0	5306.9	119.1	0.69	0.0	-0.0	0.0	4	4400	754.4	-516.0	7.93	5306.89	1
179.58	0	5310.2	119.7	0.69	0.0	-0.0	0.0	4	4424	751.1	-516.3	8.19	5310.2	1
179.68	0	5313.5	120.3	0.69	0.0	-0.0	0.0	4	4452	747.8	-516.6	8.46	5313.52	1
179.78	0	5316.9	121.0	0.71	0.0	-0.0	0.0	4	4446	744.4	-517.0	8.72	5316.86	1
179.88	0	5320.2	121.5	0.71	0.0	-0.0	0.0	4	4542	741.1	-517.3	8.99	5320.23	1
179.98	0	5323.6	121.5	0.69	0.0	-0.0	0.0	4	4595	737.7	-517.7	9.25	5323.58	0
180.08	0	5327.0	122.4	0.69	0.0	-0.0	0.0	4	4508	734.3	-518.0	9.53	5326.99	0
180.18	0	5330.3	123.0	0.69	0.0	-0.0	0.0	4	4548	730.9	-518.4	9.82	5330.34	0
180.28	0	5333.7	123.5	0.69	0.0	-0.0	0.0	4	4604	727.6	-518.7	10.12	5333.74	0
180.38	0	5337.2	124.2	0.71	0.0	-0.0	0.0	4	4640	724.1	-519.1	10.43	5337.18	0
180.48	0	5340.6	124.9	0.71	0.0	-0.0	0.0	4	4666	720.7	-519.5	10.75	5340.62	0
180.58	0	5344.1	125.6	0.7	0.0	-0.0	0.0	4	4686	717.2	-519.9	11.07	5344.08	0
180.68	0	5347.6	126.3	0.69	0.0	-0.0	0.0	4	4711	713.8	-520.2	11.4	5347.57	0
180.78	0	5351.1	126.9	0.69	0.0	-0.0	0.0	4	4738	710.3	-520.6	11.72	5351.07	0
180.88	0	5354.6	127.6	0.69	0.0	-0.0	0.0	4	4769	706.7	-521.0	12.06	5354.63	0
180.98	0	5358.2	128.3	0.69	0.0	-0.0	0.0	4	4797	703.2	-521.4	12.39	5358.16	0
181.08	0	5361.7	129.0	0.71	0.0	-0.02	0.0	4	4827	699.6	-521.8	12.72	5361.72	0
181.18	0	5364.8	129.7	0.7	0.0	-0.04	0.0	4	4852	696.0	-522.2	13.2	5364.76	0
181.28	0	5368.3	130.4	0.69	0.0	-0.03	0.0	4	4883	692.5	-522.6	13.67	5368.33	0
181.38	0	5371.9	131.1	0.69	0.0	-0.02	0.0	4	4913	688.9	-523.0	14.14	5371.93	0
181.48	0	5375.6	131.8	0.69	0.0	-0.02	0.0	4	4947	685.2	-523.4	14.59	5375.56	0
181.58	0	5379.2	132.5	0.69	0.0	-0.02	0.0	4	4977	681.6	-523.7	15.02	5379.2	0
181.68	0	5382.9	133.2	0.71	0.0	-0.04	0.0	4	5017	677.9	-524.1	15.43	5382.88	0
181.78	0	5386.6	133.9	0.69	0.0	-0.06	0.0	4	5050	674.2	-524.4	15.82	5386.56	0
181.88	0	5390.3	134.6	0.69	0.0	-0.06	0.0	4	5096	670.5	-524.6	16.17	5390.28	0
181.98	0	5394.0	135.3	0.7	0.0	-0.06	0.0	4	5155	666.7	-524.9	16.49	5394.03	0
182.08	0	5397.7	135.9	0.69	0.0	-0.0	0.0	4	5215	663.0	-525.0	16.76	5397.74	0
182.18	0	5401.5	136.4	0.69	0.0	-0.0	0.0	4	5236	659.2	-525.2	17.0	5401.54	0
182.28	0	5405.3	136.8	0.69	0.0	0.0	0.0	4	5250	655.4	-525.3	17.19	5405.31	0
182.38	0	5409.1	137.1	0.69	0.0	0.0	0.0	4	5259	651.6	-525.3	17.32	5409.11	0
182.48	0	5412.9	137.3	0.69	0.0	0.02	0.0	4	5260	647.8	-525.3	17.4	5412.92	0
182.58	0	5416.3	137.4	0.69	0.0	0.06	0.0	4	5255	643.9	-525.2	17.48	5416.26	0
182.68	0	5420.1	137.3	0.62	0.0	0.12	0.0	4	5239	640.1	-525.1	17.54	5420.08	0
182.78	0	5423.9	137.2	0.25	0.0	0.22	0.0	4	5167	636.3	-524.9	17.53	5423.89	0
182.88	0	5427.7	136.6	0.0	0.0	0.06	0.0	4	4863	632.5	-524.6	17.47	5427.69	0
182.98	0	5431.5	135.7	0.0	0.0	0.16	0.0	4	4720	628.8	-524.3	17.33	5431.48	0
183.11	0	5436.8	134.4	0.0	0.0	0.2	0.0	4	4607	623.8	-523.7	16.99	5436.77	0
183.21	0	5440.5	133.3	0.0	0.0	0.28	0.0	4	4543	620.1	-523.2	16.65	5440.48	0
183.31	0	5444.1	132.2	0.0	0.0	0.2	0.0	4	4489	616.5	-522.7	16.25	5444.14	0
183.41	0	5447.8	131.2	0.0	0.0	0.3	0.0	4	4437	612.8	-522.1	15.78	5447.77	0
183.51	0	5451.0	130.1	0.0	0.0	0.48	0.0	4	4390	609.3	-521.5	15.28	5451.0	0
183.61	0	5454.0	129.2	0.0	0.0	0.67	0.0	4	4348	605.8	-520.8	14.93	5454.02	0
183.71	0	5457.6	128.2	0.0	0.0	0.67	0.0	4	4315	602.3	-520.1	14.53	5457.58	0
183.81	0	5461.1	127.2	0.0	0.0	0.69	0.0	4	4303	598.8	-519.3	14.1	5461.1	0
183.91	0	5464.6	126.1	0.0	0.0	0.75	0.0	4	4330	595.4	-518.6	13.66	5464.59	0
184.01	0	5468.1	124.9	0.0	0.0	0.48	0.0	4	4409	592.0	-517.8	13.21	5468.05	0
184.11	0	5470.9	124.0	0.0	0.0	0.02	0.0	4	4400	588.6	-517.1	12.91	5470.88	0
184.21	0	5474.3	123.2	0.0	0.0	-0.04	0.0	4	4326	585.2	-516.4	12.71	5474.32	0
184.31	0	5477.7	122.3	0.0	0.0	-0.12	0.0	4	4238	581.9	-515.8	12.57	5477.71	0
184.41	0	5481.1	121.4	0.0	0.0	-0.08	0.0	4	4143	578.5	-515.3	12.48	5481.11	0
184.51	0	5484.5	120.3	0.0	0.0	-0.21	0.0	4	4043	575.2	-514.8	12.45	5484.47	0
184.61	0	5487.8	119.2	0.0	0.0	-0.21	0.0	4	3943	571.9	-514.4	12.46	5487.78	0
184.71	0	5489.0	118.1	0.0	0.0	-0.27	0.0	4	3837	568.6	-514.1	13.11	5489.0	0
184.81	0	5492.2	116.9	0.0	0.0	-0.32	0.02	4	3731	565.3	-513.8	13.8	5492.2	0
184.91	0	5495.4	115.7	0.0	0.0	-0.27	0.08	4	3623	562.1	-513.6	14.55	5495.36	0
185.01	0	5499.1	114.3	0.0	0.0	-0.22	0.65	4	3513	558.9	-513.4	15.25	5499.06	0
185.11	0	5502.1	113.0	0.0	0.0	-0.26	1.0	4	3331	555.8	-513.3	15.95	5502.13	0
185.21	0	5506.7	111.6	0.0	0.0	-0.2	1.0	4	3126	552.6	-513.3	16.65	5506.69	0
185.31	0	5509.7	110.2	0.0	0.0	-0.08	1.0	4	2933	549.6	-513.3	17.17	5509.73	0
185.41	0	5512.7	108.7	0.0	0.0	-0.04	1.0	4	2752	546.5	-513.4	17.72	5512.71	0
185.51	0	5517.0	107.2	0.0	0.0	-0.03	1.0	4	2583	543.5	-513.5	18.17	5516.95	0
185.61	0	5519.9	105.6	0.0	0.0	-0.05	1.0	4	2423	540.6	-513.6	18.62	5519.88	0
185.71	0	5522.0	104.0	0.0	0.0	-0.05	1.0	4	2274	537.7	-513.9	19.13	5522.02	0
185.83	0	5533.7	102.0	0.0	0.0	-0.26	1.0	4	2106	534.2	-514.2	16.3	5533.69	0
185.93	0	5533.7	100.4	0.0	0.0	-0.29	1.0	4	1982	531.5	-514.5	17.47	5533.69	0
186.03	0	5533.7	98.7	0.0	0.0	-0.31	1.0	4	1955	528.7	-514.8	18.68	5533.69	0
186.13	0	5537.4	97.0	0.0	0.0	-0.41	1.0	4	1953	526.0	-515.2	19.96	5537.41	0
186.23	0	5540.0	95.3	0.0	0.0	-0.53	1.0	4	1953	523.4	-515.6	20.41	5540.03	0
186.33	0	5542.6	93.5	0.0	0.0	-0.58	1.0	4	1953	520.8	-516.1	20.89	5542.61	0
186.43	0	5545.1	91.8	0.0	0.0	-0.63	1.0	4	1953	518.3	-516.6	21.41	5545.12	0
186.53	0	5547.6	90.0	0.0	0.0	-0.74	1.0	4	1953	515.8	-517.2	21.97	5547.59	0
186.63	0	5550.0	88.3	0.0	0.0	-0.71	1.0	4	1953	513.4	-517.7	22.55	5549.99	0
186.73	0	5552.3	86.4	0.0	0.0	-0.67	1.0	4	1953	511.1	-518.3	23.17	5552.34	0
186.83	0	5554.6	84.6	0.0	0.0	-0.6	1.0	4	1953	508.8	-518.9	23.82	5554.62	0
186.93	0	5556.8	82.7	0.0	0.0	-0.57	1.0	4	1953	506.6	-519.6	24.49	5556.85	0
187.03	0	5559.0	80.8	0.0	0.0	-0.56	1.0	4	1953	504.4	-520.3	25.18	5559.01	0
187.13	0	5561.1	78.9	0.0	0.0	-0.53	1.0	4	1953	502.3	-521.0	25.9	5561.12	0
187.23	0	5563.1	76.7	0.0	0.15	-0.51	1.0	4	1953	500.2	-521.7	26.63	5563.15	0
187.33	0	5565.4	74.3	0.0	0.17	-0.49	1.0	4	1953	498.3	-522.4	27.35	5565.44	0
187.43	0	5567.3	71.8	0.0	0.22	-0.42	1.0	4	1953	496.4	-523.1	28.05	5567.35	0
187.53	0	5569.2	69.3	0.0	0.43	-0.35	1.0	4	1953	494.5	-523.8	28.72	5569.19	0
187.63	0	5571.0	67.0	0.0	0.64	-0.38	1.0	4	1953	492.7	-524.4	29.34	5570.97	0
187.73	0	5572.7	64.6	0.0	0.61	-0.39	1.0	4	1953	491.0	-525.0	29.92	5572.71	0
187.83	0	5574.4	62.3	0.0	0.55	-0.42	1.0	4	1953	489.3	-525.5	30.45	5574.39	0
187.93	0	5576.0	60.1	0.0	0.58	-0.44	1.0	4	1953	487.7	-526.0	30.92	5576.02	0
188.03	0	5577.6	57.8	0.0	0.63	-0.48	1.0	4	1953	486.1	-526.5	31.35	5577.6	0
188.13	0	5579.1	55.6	0.0	0.56	-0.48	1.0	4	1953	484.6	-526.9	31.73	5579.13	0
188.23	0	5580.6	53.5	0.0	0.54	-0.47	1.0	4	1953	483.1	-527.2	32.06	5580.61	0
188.33	0	5582.0	51.4	0.0	0.54	-0.47	1.0	4	1953	481.7	-527.5	32.33	5582.03	0
188.43	0	5583.4	49.3	0.0	0.54	-0.47	1.0	4	1953	480.3	-527.7	32.56	5583.41	0
188.53	0	5584.7	47.2	0.0	0.54	-0.47	1.0	4	1953	479.0	-527.9	32.74	5584.75	0
188.63	0	5586.0	45.1	0.0	0.52	-0.47	1.0	4	1953	477.7	-528.0	32.87	5586.02	0
188.73	0	5587.2	42.9	0.0	0.52	-0.47	1.0	4	1953	476.5	-528.1	32.96	5587.23	0
188.83	0	5588.4	40.5	0.0	0.52	-0.47	1.0	4	1953	475.3	-528.2	33.04	5588.39	0
188.93	0	5589.5	38.1	0.0	0.52	-0.47	1.0	4	1953	474.2	-528.3	33.11	5589.48	0
189.03	0	5590.5	35.7	0.0	0.52	-0.47	1.0	4	1953	473.2	-528.4	33.18	5590.49	0
189.13	0	5591.4	33.3	0.0	0.5	-0.47	1.0	4	1953	472.3	-528.4	33.25	5591.45	0
189.23	0	5592.3	30.9	0.0	0.53	-0.47	1.0	4	1953	471.4	-528.5	33.33	5592.33	0
189.33	0	5593.2	28.5	0.0	0.53	-0.45	1.0	4	1953	470.6	-528.6	33.41	5593.16	0
189.43	0	5593.9	26.1	0.0	0.53	-0.42	1.0	4	1953	469.8	-528.7	33.48	5593.91	0
189.53	0	5594.5	23.7	0.0	0.53	-0.38	1.0	4	1953	469.1	-528.7	33.55	5594.49	0
189.63	0	5594.6	21.2	0.0	0.5	-0.35	1.0	4	1953	468.5	-528.8	33.62	5594.62	0
189.73	0	5595.2	18.8	0.0	0.5	-0.35	1.0	4	1953	468.0	-528.9	33.68	5595.17	0
189.83	0	5595.7	16.4	0.0	0.49	-0.31	1.0	4	1953	467.5	-528.9	33.74	5595.66	0
189.93	0	5596.1	14.0	0.0	0.49	-0.27	1.0	4	1953	467.1	-529.0	33.79	5596.07	0
190.03	0	5596.4	11.5	0.0	0.52	-0.26	1.0	4	1953	466.7	-529.0	33.83	5596.43	0
190.13	0	5596.7	9.1	0.0	0.52	-0.26	1.0	4	1953	466.4	-529.0	33.87	5596.71	0
190.23	0	5596.9	6.7	0.0	0.52	-0.26	1.0	4	1953	466.2	-529.1	33.9	5596.93	0
190.33	0	5597.1	4.3	0.0	0.52	-0.26	1.0	4	1953	466.0	-529.1	33.91	5597.08	0
190.43	0	5597.2	1.9	0.0	0.48	-0.26	1.0	3	1953	466.0	-529.1	33.93	5597.16	0
190.53	0	5597.2	0.1	0.0	0.46	-0.26	1.0	3	1953	465.9	-529.1	33.93	5597.18	0
190.63	0	5597.2	0.1	0.0	0.5	-0.26	1.0	3	1953	465.9	-529.1	33.93	5597.19	0
190.73	0	5597.2	0.1	0.0	0.5	-0.26	1.0	3	1953	465.9	-529.1	33.93	5597.19	0
190.83	0	5597.2	0.1	0.0	0.5	-0.26	1.0	2	1953	465.9	-529.1	33.93	5597.19	0
190.93	0	5597.2	0.2	0.0	0.48	-0.31	1.0	2	1953	465.9	-529.1	33.93	5597.2	0
191.03	0	5597.2	0.2	0.0	0.48	-0.31	1.0	1	1953	465.9	-529.1	33.93	5597.2	0
191.13	0	5597.2	0.2	0.0	0.46	-0.33	1.0	1	1953	465.9	-529.1	33.93	5597.21	0
191.23	0	5597.2	0.2	0.0	0.46	-0.31	1.0	1	1953	465.9	-529.1	33.93	5597.21	0
191.33	0	5597.2	0.2	0.0	0.46	-0.31	1.0	0	1953	465.9	-529.1	33.93	5597.22	0
191.43	0	5597.2	0.2	0.0	0.45	-0.32	1.0	0	1953	465.9	-529.1	33.93	5597.22	0
191.53	0	5597.2	0.2	0.0	0.45	-0.32	1.0	0	1953	465.9	-529.1	33.93	5597.22	0
191.63	0	5597.2	0.2	0.0	0.45	-0.32	1.0	0	1953	465.9	-529.1	33.93	5597.23	0
191.73	0	5597.2	0.2	0.0	0.45	-0.32	1.0	0	1953	465.9	-529.1	33.93	5597.23	0
191.83	0	5597.2	0.1	0.0	0.45	-0.3	1.0	0	1953	465.9	-529.1	33.93	5597.24	0
191.93	0	5597.2	0.1	0.0	0.45	-0.3	1.0	0	1953	465.9	-529.1	33.93	5597.24	0
192.03	0	5597.2	0.1	0.0	0.45	-0.3	1.0	0	1953	465.9	-529.1	33.93	5597.24	0
192.13	0	5597.2	0.1	0.0	0.45	-0.3	1.0	0	1953	465.9	-529.1	33.93	5597.25	0
192.23	0	5597.3	0.1	0.0	0.45	-0.3	1.0	0	1953	465.9	-529.1	33.93	5597.25	0
192.33	0	5597.3	0.1	0.0	0.45	-0.3	1.0	0	1953	465.9	-529.1	33.93	5597.26	0
192.43	0	5597.3	0.1	0.0	0.45	-0.3	1.0	0	1953	465.9	-529.1	33.93	5597.26	0
192.53	0	5597.3	0.1	0.0	0.45	-0.3	1.0	0	1953	465.9	-529.1	33.93	5597.26	0
192.63	0	5597.3	0.2	0.0	0.45	-0.35	1.0	0	1953	465.9	-529.1	33.93	5597.27	0
192.73	0	5597.3	0.2	0.0	0.43	-0.37	1.0	0	1953	465.9	-529.1	33.93	5597.27	0
192.83	0	5597.3	0.2	0.0	0.43	-0.31	1.0	0	1953	465.8	-529.1	33.93	5597.28	0
192.96	0	5597.3	0.1	0.0	0.43	-0.3	1.0	0	1953	465.8	-529.1	33.93	5597.28	0
193.06	0	5597.3	0.1	0.0	0.49	-0.27	1.0	0	1953	465.8	-529.1	33.93	5597.29	0
193.16	0	5597.3	0.1	0.0	0.49	-0.27	1.0	0	1953	465.8	-529.1	33.93	5597.29	0
193.26	0	5597.3	0.1	0.0	0.49	-0.26	1.0	0	1953	465.8	-529.1	33.93	5597.29	0
193.36	0	5597.3	0.1	0.0	0.37	-0.24	1.0	0	1953	465.8	-529.1	33.93	5597.3	0
193.46	0	5597.3	0.0	0.0	0.16	-0.05	1.0	0	1953	465.8	-529.1	33.93	5597.3	0
193.56	0	5597.3	0.0	0.0	0.0	0.0	1.0	0	1953	465.8	-529.1	33.93	5597.3	0
193.66	0	5597.3	0.0	0.0	0.0	0.0	1.0	0	1953	465.8	-529.1	33.93	5597.3	0
193.76	0	5597.3	0.0	0.35	0.0	0.0	1.0	0	2006	465.8	-529.1	33.93	5597.3	0
193.86	0	5597.3	0.0	0.47	0.0	0.01	1.0	0	2122	465.8	-529.1	33.93	5597.3	0
193.96	0	5597.3	0.0	0.43	0.0	0.01	1.0	0	2247	465.8	-529.1	33.93	5597.3	0
194.06	0	5597.3	0.0	0.29	0.0	0.01	1.0	0	2305	465.8	-529.1	33.93	5597.3	0
194.16	0	5597.3	0.0	0.0	0.0	0.01	1.0	0	2185	465.8	-529.1	33.93	5597.3	0
194.26	0	5597.3	0.0	0.0	0.0	-0.02	1.0	0	2050	465.8	-529.1	33.93	5597.3	0
194.36	0	5597.3	0.0	0.0	0.0	0.0	1.0	0	1962	465.8	-529.1	33.93	5597.3	0
194.46	0	5597.3	0.0	0.5	0.0	0.1	1.0	0	2040	465.8	-529.1	33.93	5597.3	0
194.56	0	5597.3	0.0	0.63	0.0	0.1	1.0	0	2244	465.8	-529.1	33.93	5597.3	0
194.66	0	5597.3	0.1	0.61	0.0	0.11	1.0	0	2460	465.8	-529.1	33.93	5597.3	0
194.76	0	5597.3	0.0	0.0	0.0	0.02	1.0	0	2480	465.8	-529.1	33.93	5597.3	0
194.86	0	5597.3	0.0	0.0	0.0	0.0	1.0	0	2327	465.8	-529.1	33.93	5597.3	0
194.96	0	5597.3	0.0	0.36	0.0	0.03	1.0	0	2261	465.8	-529.1	33.93	5597.3	0
195.06	0	5597.3	0.1	0.74	0.0	0.12	1.0	0	2475	465.8	-529.1	33.93	5597.3	0
195.16	0	5597.3	0.0	0.67	0.0	0.05	1.0	0	2755	465.8	-529.1	33.93	5597.29	0
195.26	0	5597.3	0.0	0.25	0.0	0.07	1.0	0	2849	465.8	-529.1	33.93	5597.29	0
195.36	0	5597.3	0.0	0.0	0.0	0.01	0.8	0	2689	465.8	-529.1	33.92	5597.29	0
195.46	0	5597.3	0.0	0.0	0.0	0.01	0.31	0	2522	465.8	-529.1	33.92	5597.29	0
195.56	0	5597.3	0.0	0.5	0.0	0.04	0.03	0	2548	465.8	-529.1	33.92	5597.29	0
195.66	0	5597.3	0.0	0.62	0.0	0.03	0.0	0	2733	465.8	-529.1	33.92	5597.29	0
195.76	0	5597.3	0.0	0.62	0.0	0.06	0.0	0	2940	465.8	-529.1	33.92	5597.29	0
195.86	0	5597.3	0.0	0.62	0.0	0.06	0.0	0	3222	465.8	-529.1	33.92	5597.29	0
195.96	0	5597.3	0.0	0.62	0.0	0.06	0.0	0	3621	465.8	-529.1	33.92	5597.29	0
196.06	0	5597.3	0.0	0.71	0.0	0.09	0.0	0	4217	465.8	-529.1	33.92	5597.29	0
196.16	0	5597.3	0.1	0.8	0.0	0.14	0.0	0	5254	465.8	-529.1	33.92	5597.29	0
196.26	0	5597.3	0.0	0.82	0.0	0.06	0.0	0	6680	465.8	-529.1	33.92	5597.29	0
196.36	0	5597.3	0.0	0.82	0.0	0.06	0.0	0	8333	465.8	-529.1	33.92	5597.29	0
196.46	0	5597.3	0.0	0.88	0.0	0.07	0.0	0	9629	465.8	-529.1	33.92	5597.29	0
196.56	0	5597.3	0.0	0.91	0.0	0.07	0.0	0	9700	465.8	-529.1	33.92	5597.28	0
196.66	0	5597.3	0.0	0.91	0.0	0.05	0.0	0	9700	465.8	-529.1	33.92	5597.28	0
196.76	0	5597.3	0.0	0.91	0.0	0.02	0.0	0	9700	465.8	-529.1	33.92	5597.28	0
196.86	0	5597.3	0.0	0.91	0.0	0.03	0.0	0	9700	465.8	-529.1	33.92	5597.28	0
196.96	0	5597.3	0.0	0.67	0.0	0.02	0.0	0	9700	465.8	-529.1	33.92	5597.28	0
197.06	0	5597.3	0.0	0.0	0.0	0.01	0.0	0	9487	465.8	-529.1	33.92	5597.28	0
197.16	0	5597.3	0.0	0.0	0.0	-0.0	0.04	0	8904	465.8	-529.1	33.92	5597.28	0
197.26	0	5597.3	0.0	0.0	0.0	-0.0	0.76	0	8353	465.8	-529.1	33.92	5597.28	0
197.36	0	5597.3	0.0	0.0	0.0	-0.02	1.0	0	7838	465.8	-529.1	33.92	5597.28	0
197.46	0	5597.3	0.0	0.0	0.0	-0.02	1.0	0	7355	465.8	-529.1	33.92	5597.28	0
197.56	0	5597.3	0.0	0.0	0.0	-0.0	1.0	0	6902	465.8	-529.1	33.92	5597.28	0
197.66	0	5597.3	0.0	0.0	0.17	-0.06	1.0	0	6477	465.8	-529.1	33.92	5597.28	0
197.76	0	5597.3	0.1	0.0	0.37	-0.17	1.0	0	6078	465.8	-529.1	33.92	5597.28	0
197.86	0	5597.3	0.1	0.0	0.42	-0.21	1.0	0	5707	465.8	-529.1	33.92	5597.29	0
197.96	0	5597.3	0.1	0.0	0.42	-0.21	1.0	0	5355	465.8	-529.1	33.92	5597.29	0
198.06	0	5597.3	0.1	0.0	0.34	-0.21	1.0	0	5025	465.8	-529.1	33.92	5597.29	0
198.16	0	5597.3	0.1	0.0	0.3	-0.15	1.0	0	4715	465.8	-529.1	33.92	5597.3	0
198.26	0	5597.3	0.1	0.0	0.28	-0.15	1.0	0	4423	465.8	-529.1	33.92	5597.3	0
198.36	0	5597.3	0.1	0.0	0.27	-0.12	1.0	0	4151	465.8	-529.1	33.92	5597.3	0
198.46	0	5597.3	0.1	0.0	0.27	-0.12	1.0	0	3895	465.8	-529.1	33.92	5597.3	0
198.56	0	5597.3	0.1	0.0	0.27	-0.12	1.0	0	3655	465.8	-529.1	33.92	5597.3	0
198.66	0	5597.3	0.0	0.0	0.25	-0.08	1.0	0	3429	465.8	-529.1	33.92	5597.3	0
198.76	0	5597.3	0.0	0.0	0.24	-0.07	1.0	0	3217	465.8	-529.1	33.92	5597.3	0
198.86	0	5597.3	0.0	0.0	0.24	-0.04	1.0	0	3019	465.8	-529.1	33.92	5597.31	0
198.96	0	5597.3	0.0	0.0	0.22	-0.02	1.0	0	2833	465.8	-529.1	33.92	5597.31	0
199.06	0	5597.3	0.0	0.0	0.19	-0.02	1.0	0	2658	465.8	-529.1	33.92	5597.31	0
199.16	0	5597.3	0.0	0.0	0.0	-0.02	1.0	0	2494	465.8	-529.1	33.92	5597.31	0
199.26	0	5597.3	0.0	0.0	0.0	-0.01	1.0	0	2340	465.8	-529.1	33.92	5597.31	0
199.36	0	5597.3	0.0	0.0	0.0	0.01	1.0	0	2196	465.8	-529.1	33.92	5597.31	0
199.46	0	5597.3	0.0	0.0	0.0	0.01	1.0	0	2060	465.8	-529.1	33.92	5597.31	0
199.56	0	5597.3	0.0	0.0	0.0	0.01	1.0	0	1964	465.8	-529.1	33.92	5597.31	0
199.67	0	5597.3	0.0	0.0	0.0	0.01	1.0	0	1954	465.8	-529.1	33.92	5597.31	0
199.8	0	5597.3	0.0	0.0	0.0	0.01	1.0	0	1953	465.8	-529.1	33.92	5597.31	0
199.87	0	5597.3	0.0	0.0	0.0	0.01	1.0	0	1953	465.8	-529.1	33.92	5597.31	0
199.97	0	5597.3	0.0	0.0	0.0	0.01	1.0	0	1953	465.8	-529.1	33.92	5597.31	0
200.07	0	5597.3	0.0	0.0	0.0	0.01	1.0	0	1953	465.8	-529.1	33.92	5597.31	0
200.17	0	5597.3	0.0	0.0	0.0	0.01	1.0	0	1953	465.8	-529.1	33.92	5597.31	0
200.27	0	5597.3	0.0	0.0	0.0	0.01	1.0	0	1953	465.8	-529.1	33.92	5597.31	0
200.37	0	5597.3	0.0	0.0	0.0	0.01	1.0	0	1953	465.8	-529.1	33.92	5597.31	0
200.47	0	5597.3	0.0	0.0	0.0	0.01	1.0	0	1953	465.8	-529.1	33.92	5597.31	0
200.57	0	5597.3	0.0	0.0	0.0	0.01	1.0	0	1953	465.8	-529.1	33.92	5597.31	0
200.67	0	5597.3	0.0	0.0	0.0	0.01	1.0	0	1953	465.8	-529.1	33.92	5597.31	0
200.77	0	5597.3	0.0	0.0	0.0	0.01	1.0	0	1953	465.8	-529.1	33.92	5597.31	0
200.87	0	5597.3	0.0	0.0	0.0	0.01	1.0	0	1953	465.8	-529.1	33.92	5597.31	0
200.97	0	5597.3	0.0	0.0	0.0	0.01	1.0	0	1953	465.8	-529.1	33.92	5597.31	0
201.07	0	5597.3	0.0	0.0	0.0	0.01	1.0	0	1953	465.8	-529.1	33.92	5597.31	0
201.17	0	5597.3	0.0	0.0	0.0	0.01	1.0	0	1953	465.8	-529.1	33.92	5597.3	0
201.27	0	5597.3	0.0	0.0	0.0	0.01	1.0	0	1953	465.8	-529.1	33.92	5597.3	0
201.37	0	5597.3	0.0	0.0	0.0	0.01	1.0	0	1953	465.8	-529.1	33.92	5597.3	0
201.47	0	5597.3	0.0	0.0	0.0	0.01	1.0	0	1953	465.8	-529.1	33.92	5597.3	0
201.57	0	5597.3	0.0	0.0	0.0	0.01	1.0	0	1953	465.8	-529.1	33.92	5597.3	0
201.67	0	5597.3	0.0	0.0	0.0	0.01	1.0	0	1953	465.8	-529.1	33.92	5597.3	0
201.77	0	5597.3	0.0	0.0	0.0	0.01	1.0	0	1953	465.8	-529.1	33.92	5597.3	0
201.87	0	5597.3	0.0	0.0	0.0	0.01	1.0	0	1953	465.8	-529.1	33.92	5597.3	0
201.97	0	5597.3	0.0	0.0	0.0	0.01	1.0	0	1953	465.8	-529.1	33.92	5597.3	0
202.07	0	5597.3	0.0	0.0	0.0	0.01	1.0	0	1953	465.8	-529.1	33.92	5597.3	0
202.17	0	5597.3	0.0	0.0	0.0	0.01	1.0	0	1953	465.8	-529.1	33.92	5597.3	0
202.27	0	5597.3	0.0	0.0	0.0	0.01	1.0	0	1953	465.8	-529.1	33.92	5597.3	0
202.37	0	5597.3	0.0	0.0	0.0	0.01	1.0	0	1953	465.8	-529.1	33.92	5597.3	0
202.47	0	5597.3	0.0	0.0	0.0	0.01	1.0	0	1953	465.8	-529.1	33.92	5597.3	0
202.57	0	5597.3	0.0	0.0	0.0	0.01	1.0	0	1953	465.8	-529.1	33.92	5597.3	0
202.67	0	5597.3	0.0	0.0	0.0	0.01	1.0	0	1953	465.8	-529.1	33.92	5597.3	0
202.77	0	5597.3	0.0	0.0	0.0	0.01	1.0	0	1953	465.8	-529.1	33.92	5597.3	0
202.91	0	5597.3	0.0	0.0	0.0	0.01	1.0	0	1953	465.8	-529.1	33.92	5597.3	0
203.01	0	5597.3	0.0	0.0	0.0	0.01	1.0	0	1953	465.8	-529.1	33.92	5597.3	0
203.11	0	5597.3	0.0	0.0	0.0	0.01	1.0	0	1953	465.8	-529.1	33.92	5597.3	0
203.21	0	5597.3	0.0	0.0	0.0	0.01	1.0	0	1953	465.8	-529.1	33.92	5597.3	0
203.31	0	5597.3	0.0	0.0	0.0	0.01	1.0	0	1953	465.8	-529.1	33.92	5597.3	0
203.41	0	5597.3	0.0	0.0	0.0	0.01	1.0	0	1953	465.8	-529.1	33.92	5597.3	0
203.51	0	5597.3	0.0	0.0	0.0	0.01	1.0	0	1953	465.8	-529.1	33.92	5597.3	0
203.61	0	5597.3	0.0	0.0	0.0	0.01	1.0	0	1953	465.8	-529.1	33.92	5597.3	0
203.71	0	5597.3	0.0	0.0	0.0	0.01	1.0	0	1953	465.8	-529.1	33.92	5597.3	0
203.81	0	5597.3	0.0	0.0	0.0	0.01	1.0	0	1953	465.8	-529.1	33.92	5597.3	0
203.91	0	5597.3	0.0	0.0	0.0	0.01	1.0	0	1953	465.8	-529.1	33.92	5597.3	0
204.01	0	5597.3	0.0	0.0	0.0	0.01	1.0	0	1953	465.8	-529.1	33.92	5597.3	0
204.11	0	5597.3	0.0	0.0	0.0	0.01	1.0	0	1953	465.8	-529.1	33.92	5597.3	0
204.21	0	5597.3	0.0	0.0	0.0	0.01	1.0	0	1953	465.8	-529.1	33.92	5597.3	0
204.31	0	5597.3	0.0	0.0	0.0	0.01	1.0	0	1953	465.8	-529.1	33.92	5597.3	0
204.41	0	5597.3	0.0	0.0	0.0	0.01	1.0	0	1953	465.8	-529.1	33.92	5597.3	0
204.51	0	5597.3	0.0	0.0	0.0	0.01	1.0	0	1953	465.8	-529.1	33.92	5597.3	0
