# monza_racer telemetry — Lotus 49 @ monza
# t	lap	lapdist	kmh	thr	brk	steer	clu	gear	rpm	x	z	lat	along	ontrack
0.15	0	3.1	0.1	0.0	0.0	0.0	0.0	1	1954	294.2	-511.4	0.0	3.06	1
0.27	0	2.3	0.0	0.0	0.0	0.0	0.0	1	1953	294.2	-511.4	0.0	2.3	1
0.36	0	2.0	0.0	0.0	0.0	0.0	0.0	1	1953	294.2	-511.4	0.0	2.01	1
0.46	0	1.8	0.0	0.0	0.0	0.0	0.0	1	1953	294.2	-511.4	0.0	1.76	1
0.57	0	1.6	0.0	0.0	0.0	0.0	0.0	1	1953	294.2	-511.4	0.0	1.55	1
0.67	0	1.4	0.0	0.0	0.0	0.0	0.0	1	1953	294.2	-511.4	0.0	1.39	1
0.77	0	1.3	0.0	0.0	0.0	0.0	0.0	1	1953	294.2	-511.4	0.0	1.25	1
0.87	0	1.1	0.0	0.0	0.0	0.0	0.0	1	1953	294.2	-511.4	0.0	1.14	1
0.97	0	1.1	0.0	0.0	0.0	0.0	0.0	1	1953	294.2	-511.4	0.0	1.06	1
1.07	0	1.0	0.0	0.0	0.0	0.0	0.0	1	1953	294.2	-511.4	0.0	0.99	1
1.17	0	0.9	0.0	0.0	0.0	0.0	0.0	1	1953	294.2	-511.4	0.0	0.93	1
1.27	0	0.9	0.0	0.0	0.0	0.0	0.0	1	1953	294.2	-511.4	0.0	0.89	1
1.37	0	0.9	0.0	0.0	0.0	0.0	0.0	1	1953	294.2	-511.4	0.0	0.86	1
1.47	0	0.8	0.0	0.0	0.0	0.0	0.0	1	1953	294.2	-511.4	0.0	0.84	1
1.57	0	0.8	0.0	0.0	0.0	0.0	0.0	1	1953	294.2	-511.4	0.0	0.82	1
1.67	0	0.8	0.0	0.0	0.0	0.0	0.0	1	1953	294.2	-511.4	0.0	0.81	1
1.77	0	0.8	0.0	0.0	0.0	0.0	0.0	1	1953	294.2	-511.4	0.0	0.8	1
1.87	0	0.8	0.0	0.0	0.0	0.0	0.0	1	1953	294.2	-511.4	0.0	0.79	1
1.97	0	0.8	0.0	0.0	0.0	0.0	0.0	1	1953	294.2	-511.4	0.0	0.79	1
2.07	0	0.8	0.0	0.0	0.0	0.0	0.0	1	1953	294.2	-511.4	0.0	0.79	1
2.17	0	0.8	0.0	0.0	0.0	0.0	0.0	1	1953	294.2	-511.4	0.0	0.8	1
2.27	0	0.8	0.0	0.0	0.0	0.0	0.0	1	1953	294.2	-511.4	0.0	0.8	1
2.37	0	0.8	0.0	0.0	0.0	0.0	0.0	1	1953	294.2	-511.4	0.0	0.81	1
2.47	0	0.8	0.0	0.0	0.0	0.0	0.0	1	1953	294.2	-511.4	0.0	0.81	1
2.57	0	0.8	0.0	0.0	0.0	0.0	0.0	1	1953	294.2	-511.4	0.0	0.82	1
2.67	0	0.8	0.0	0.0	0.0	0.0	0.0	1	1953	294.2	-511.4	0.0	0.83	1
2.77	0	0.8	0.0	0.0	0.0	0.0	0.0	1	1953	294.2	-511.4	0.0	0.84	1
2.87	0	0.8	0.0	0.0	0.0	0.0	0.0	1	1953	294.2	-511.4	0.0	0.85	1
2.97	0	0.9	0.0	0.0	0.0	0.0	0.0	1	1953	294.2	-511.4	0.0	0.86	1
3.07	0	0.9	0.0	0.0	0.0	0.0	0.0	1	1953	294.2	-511.4	0.0	0.87	1
3.17	0	0.9	0.0	0.0	0.0	0.0	0.0	1	1953	294.2	-511.4	0.0	0.88	1
3.29	0	0.9	0.0	0.0	0.0	0.0	0.0	1	1953	294.2	-511.4	0.0	0.89	1
3.39	0	0.9	0.0	0.0	0.0	0.0	0.0	1	1953	294.2	-511.4	0.0	0.9	1
3.49	0	0.9	0.0	0.0	0.0	0.0	0.0	1	1953	294.2	-511.4	0.0	0.91	1
3.59	0	0.9	0.0	0.0	0.0	0.0	0.0	1	1953	294.2	-511.4	0.0	0.92	1
3.69	0	0.9	0.0	0.0	0.0	0.0	0.0	1	1953	294.2	-511.4	0.0	0.94	1
3.79	0	0.9	0.0	0.0	0.0	0.0	0.0	1	1953	294.2	-511.4	0.0	0.95	1
3.89	0	1.0	0.0	0.0	0.0	0.0	0.0	1	1953	294.2	-511.4	0.0	0.96	1
3.99	0	1.0	0.0	0.0	0.0	0.0	0.0	1	1953	294.2	-511.4	0.0	0.97	1
4.09	0	1.0	0.0	0.0	0.0	0.0	0.0	1	1953	294.2	-511.4	0.0	0.98	1
4.19	0	1.0	0.0	0.0	0.0	0.0	0.0	1	1953	294.2	-511.4	0.0	0.99	1
4.29	0	1.0	0.0	0.0	0.0	0.0	0.0	1	1953	294.2	-511.4	0.0	1.0	1
4.39	0	1.0	0.0	0.0	0.0	0.0	0.0	1	1953	294.2	-511.4	0.0	1.02	1
4.49	0	1.0	0.0	0.0	0.0	0.0	0.0	1	1953	294.2	-511.4	0.0	1.03	1
4.59	0	1.0	0.0	0.0	0.0	0.0	0.0	1	1953	294.2	-511.4	0.0	1.04	1
4.69	0	1.1	0.0	0.0	0.0	0.0	0.0	1	1953	294.2	-511.4	0.0	1.05	1
4.79	0	1.1	0.0	0.0	0.0	0.0	0.0	1	1953	294.2	-511.4	0.0	1.06	1
4.89	0	1.1	0.0	0.0	0.0	0.0	0.0	1	1953	294.2	-511.4	0.0	1.07	1
4.99	0	1.1	0.0	0.0	0.0	0.0	0.0	1	1953	294.2	-511.4	0.0	1.09	1
5.09	0	1.1	0.0	0.0	0.0	0.0	0.0	1	1953	294.2	-511.4	0.0	1.1	1
5.19	0	1.1	0.0	0.0	0.0	0.0	0.0	1	1953	294.2	-511.4	0.0	1.11	1
5.29	0	1.1	0.0	0.0	0.0	0.0	0.0	1	1953	294.2	-511.4	0.0	1.12	1
5.39	0	1.1	0.0	0.0	0.0	0.0	0.0	1	1953	294.2	-511.4	0.0	1.13	1
5.49	0	1.1	0.0	0.0	0.0	0.0	0.0	1	1953	294.2	-511.4	0.0	1.14	1
5.59	0	1.2	0.0	0.0	0.0	0.0	0.0	1	1953	294.2	-511.4	0.0	1.16	1
5.69	0	1.2	0.0	0.0	0.0	0.0	0.0	1	1953	294.2	-511.4	0.0	1.17	1
5.79	0	1.2	0.0	0.0	0.0	0.0	0.0	1	1953	294.2	-511.4	0.0	1.18	1
5.89	0	1.2	0.0	0.0	0.0	0.0	0.0	1	1953	294.2	-511.4	0.0	1.19	1
5.99	0	1.2	0.0	0.0	0.0	0.0	0.0	1	1953	294.2	-511.4	0.0	1.2	1
6.1	0	1.2	0.0	0.0	0.0	0.0	0.0	1	1953	294.2	-511.4	0.0	1.22	1
6.21	0	1.2	0.0	0.0	0.0	0.0	0.0	1	1953	294.2	-511.4	0.0	1.23	1
6.3	0	1.2	0.0	0.0	0.0	0.0	0.0	1	1953	294.2	-511.4	0.0	1.24	1
6.4	0	1.3	0.0	0.0	0.0	0.0	0.0	1	1953	294.2	-511.4	0.0	1.25	1
6.5	0	1.3	0.0	0.0	0.0	0.0	0.0	1	1953	294.2	-511.4	0.0	1.26	1
6.6	0	1.3	0.0	0.0	0.0	0.0	0.0	1	1953	294.2	-511.4	0.0	1.28	1
6.7	0	1.3	0.0	0.0	0.0	0.0	0.0	1	1953	294.2	-511.4	0.0	1.29	1
6.8	0	1.3	0.0	0.0	0.0	0.0	0.0	1	1953	294.2	-511.4	0.0	1.3	1
6.9	0	1.3	0.0	0.0	0.0	0.0	0.0	1	1953	294.2	-511.4	0.0	1.31	1
7.0	0	1.3	0.0	0.0	0.0	0.0	0.0	1	1953	294.2	-511.4	0.0	1.32	1
7.1	0	1.3	0.0	0.0	0.0	0.0	0.0	1	1953	294.2	-511.4	0.0	1.33	1
7.2	0	1.3	0.0	0.0	0.0	0.0	0.0	1	1953	294.2	-511.4	0.0	1.35	1
7.3	0	1.4	0.0	0.0	0.0	0.0	0.0	1	1953	294.2	-511.4	0.0	1.36	1
7.4	0	1.4	0.0	0.0	0.0	0.0	0.0	1	1953	294.2	-511.4	0.0	1.37	1
7.5	0	1.4	0.0	0.0	0.0	0.0	0.0	1	1953	294.2	-511.4	0.0	1.38	1
7.6	0	1.4	0.0	0.0	0.0	0.0	0.0	1	1953	294.2	-511.4	0.0	1.39	1
7.7	0	1.4	0.0	0.0	0.0	0.0	0.0	1	1953	294.2	-511.4	0.0	1.4	1
7.8	0	1.4	0.0	0.0	0.0	0.0	0.0	1	1953	294.2	-511.4	0.01	1.42	1
7.9	0	1.4	0.0	0.0	0.0	0.0	0.0	1	1953	294.2	-511.4	0.01	1.43	1
8.0	0	1.4	0.0	0.0	0.0	0.0	0.0	1	1953	294.2	-511.4	0.01	1.44	1
8.1	0	1.5	0.0	0.0	0.0	0.0	0.0	1	1953	294.2	-511.4	0.01	1.45	1
8.2	0	1.5	0.0	0.0	0.0	0.0	0.0	1	1953	294.2	-511.4	0.01	1.46	1
8.3	0	1.5	0.0	0.0	0.0	0.0	0.0	1	1953	294.2	-511.4	0.01	1.48	1
8.4	0	1.5	0.0	0.0	0.0	0.0	0.0	1	1953	294.2	-511.4	0.01	1.49	1
8.5	0	1.5	0.0	0.0	0.0	0.0	0.0	1	1953	294.2	-511.4	0.01	1.5	1
8.6	0	1.5	0.0	0.0	0.0	0.0	0.0	1	1953	294.2	-511.4	0.01	1.51	1
8.7	0	1.5	0.0	0.0	0.0	0.0	0.0	1	1953	294.2	-511.4	0.01	1.52	1
8.8	0	1.5	0.0	0.0	0.0	0.0	0.0	1	1953	294.2	-511.4	0.01	1.53	1
8.9	0	1.5	0.0	0.0	0.0	0.0	0.0	1	1953	294.2	-511.4	0.01	1.55	1
9.0	0	1.6	0.0	0.0	0.0	0.0	0.0	1	1953	294.2	-511.4	0.01	1.56	1
9.1	0	1.6	0.0	0.0	0.0	0.0	0.0	1	1953	294.2	-511.4	0.01	1.57	1
9.2	0	1.6	0.0	0.0	0.0	0.0	0.0	1	1953	294.2	-511.4	0.01	1.58	1
9.3	0	1.6	0.0	0.0	0.0	0.0	0.0	1	1953	294.2	-511.4	0.01	1.59	1
9.4	0	1.6	0.0	0.0	0.0	0.0	0.0	1	1953	294.2	-511.4	0.01	1.61	1
9.5	0	1.6	0.0	0.0	0.0	0.0	0.0	1	1953	294.2	-511.4	0.01	1.62	1
9.6	0	1.6	0.0	0.0	0.0	0.0	0.0	1	1953	294.2	-511.4	0.01	1.63	1
9.7	0	1.6	0.0	0.0	0.0	0.0	0.0	1	1953	294.2	-511.4	0.01	1.64	1
9.8	0	1.7	0.0	0.0	0.0	0.0	0.0	1	1953	294.2	-511.4	0.01	1.65	1
9.9	0	1.7	0.0	0.0	0.0	0.0	0.0	1	1953	294.2	-511.4	0.01	1.67	1
10.02	0	1.7	0.0	0.0	0.0	0.0	0.0	1	1953	294.2	-511.4	0.01	1.68	1
10.12	0	1.7	0.0	0.0	0.0	0.0	0.0	1	1953	294.2	-511.4	0.01	1.69	1
10.22	0	1.7	0.0	0.0	0.0	0.0	0.0	1	1953	294.2	-511.4	0.01	1.7	1
10.32	0	1.7	0.0	0.0	0.0	0.0	0.0	1	1953	294.2	-511.4	0.01	1.71	1
10.42	0	1.7	0.0	0.0	0.0	0.0	0.0	1	1953	294.2	-511.4	0.01	1.73	1
10.52	0	1.7	0.0	0.0	0.0	0.0	0.0	1	1953	294.2	-511.4	0.01	1.74	1
10.62	0	1.7	0.0	0.0	0.0	0.0	0.0	1	1953	294.2	-511.4	0.01	1.75	1
10.72	0	1.8	0.0	0.0	0.0	0.0	0.0	1	1953	294.2	-511.4	0.01	1.76	1
10.82	0	1.8	0.0	0.0	0.0	0.0	0.0	1	1953	294.2	-511.4	0.01	1.77	1
10.92	0	1.8	0.0	0.0	0.0	0.0	0.0	1	1953	294.2	-511.4	0.01	1.79	1
11.02	0	1.8	0.0	0.0	0.0	0.0	0.0	1	1953	294.2	-511.4	0.01	1.8	1
11.12	0	1.8	0.0	0.0	0.0	0.0	0.0	1	1953	294.2	-511.4	0.01	1.81	1
11.22	0	1.8	0.0	0.0	0.0	0.0	0.0	1	1953	294.2	-511.4	0.01	1.82	1
11.32	0	1.8	0.0	0.0	0.0	0.0	0.0	1	1953	294.2	-511.4	0.01	1.83	1
11.42	0	1.8	0.0	0.0	0.0	0.0	0.0	1	1953	294.2	-511.4	0.01	1.84	1
11.52	0	1.9	0.0	0.0	0.0	0.0	0.0	1	1953	294.2	-511.4	0.01	1.86	1
11.62	0	1.9	0.0	0.0	0.0	0.0	0.0	1	1953	294.2	-511.4	0.01	1.87	1
11.72	0	1.9	0.0	0.0	0.0	0.0	0.0	1	1953	294.2	-511.4	0.01	1.88	1
11.82	0	1.9	0.0	0.0	0.0	0.0	0.0	1	1953	294.2	-511.4	0.01	1.89	1
11.92	0	1.9	0.0	0.0	0.0	0.0	0.0	1	1953	294.2	-511.4	0.01	1.9	1
12.02	0	1.9	0.0	0.0	0.0	0.0	0.0	1	1953	294.2	-511.4	0.01	1.92	1
12.12	0	1.9	0.0	0.0	0.0	0.0	0.0	1	1953	294.2	-511.4	0.01	1.93	1
12.22	0	1.9	0.0	0.0	0.0	0.0	0.0	1	1953	294.2	-511.4	0.01	1.94	1
12.32	0	2.0	0.0	0.0	0.0	0.0	0.0	1	1953	294.2	-511.4	0.01	1.95	1
12.42	0	2.0	0.0	0.0	0.0	0.0	0.0	1	1953	294.2	-511.4	0.01	1.96	1
12.52	0	2.0	0.0	0.0	0.0	0.0	0.0	1	1953	294.2	-511.4	0.01	1.98	1
12.62	0	2.0	0.0	0.0	0.0	0.0	0.0	1	1953	294.2	-511.4	0.01	1.99	1
12.72	0	2.0	0.0	0.0	0.0	0.0	0.0	1	1953	294.2	-511.4	0.01	2.0	1
12.82	0	2.0	0.0	0.0	0.0	0.0	0.0	1	1953	294.2	-511.4	0.01	2.01	1
12.92	0	2.0	0.0	0.0	0.0	0.0	0.0	1	1953	294.2	-511.4	0.01	2.02	1
13.03	0	2.0	0.0	0.0	0.0	0.0	0.0	1	1953	294.2	-511.4	0.01	2.04	1
13.13	0	2.0	0.0	0.0	0.0	0.0	0.0	1	1953	294.2	-511.4	0.01	2.05	1
13.24	0	2.1	0.0	0.0	0.0	0.0	0.0	1	1953	294.2	-511.4	0.01	2.06	1
13.36	0	2.1	0.0	0.0	0.0	0.0	0.0	1	1953	294.2	-511.4	0.01	2.08	1
13.48	0	2.1	0.0	0.0	0.0	0.0	0.0	1	1953	294.2	-511.4	0.01	2.09	1
13.57	0	2.1	0.0	0.0	0.0	0.0	0.0	1	1953	294.2	-511.4	0.01	2.1	1
13.66	0	2.1	0.0	0.0	0.0	0.0	0.0	1	1953	294.2	-511.4	0.01	2.11	1
13.76	0	2.1	0.0	0.0	0.0	0.0	0.0	1	1953	294.2	-511.4	0.01	2.12	1
13.86	0	2.1	0.0	0.0	0.0	0.0	0.0	1	1953	294.2	-511.4	0.01	2.14	1
13.96	0	2.1	0.0	0.0	0.0	0.0	0.0	1	1953	294.2	-511.4	0.01	2.15	1
14.06	0	2.2	0.0	0.0	0.0	0.0	0.0	1	1953	294.2	-511.4	0.01	2.16	1
14.16	0	2.2	0.0	0.0	0.0	0.0	0.0	1	1953	294.2	-511.4	0.01	2.17	1
14.26	0	2.2	0.0	0.0	0.0	0.0	0.0	1	1953	294.2	-511.4	0.01	2.18	1
14.36	0	2.2	0.0	0.0	0.0	0.0	0.0	1	1953	294.2	-511.4	0.01	2.2	1
14.46	0	2.2	0.0	0.0	0.0	0.0	0.0	1	1953	294.2	-511.4	0.01	2.21	1
14.56	0	2.2	0.0	0.0	0.0	0.0	0.0	1	1953	294.2	-511.4	0.01	2.22	1
14.67	0	2.2	0.0	0.0	0.0	0.0	0.0	1	1953	294.2	-511.4	0.01	2.23	1
14.77	0	2.2	0.0	0.0	0.0	0.0	0.0	1	1953	294.2	-511.4	0.01	2.24	1
14.87	0	2.3	0.0	0.0	0.0	0.0	0.0	1	1953	294.2	-511.4	0.01	2.26	1
14.97	0	2.3	0.0	0.0	0.0	0.0	0.0	1	1953	294.2	-511.4	0.01	2.27	1
15.07	0	2.3	0.0	0.0	0.0	0.0	0.0	1	1953	294.2	-511.4	0.01	2.28	1
15.17	0	2.3	0.0	0.0	0.0	0.0	0.0	1	1953	294.2	-511.4	0.01	2.29	1
15.27	0	2.3	0.0	0.0	0.0	0.0	0.0	1	1953	294.2	-511.4	0.01	2.3	1
15.38	0	2.3	0.0	0.0	0.0	0.0	0.0	1	1953	294.2	-511.4	0.01	2.32	1
15.48	0	2.3	0.0	0.0	0.0	0.0	0.0	1	1953	294.2	-511.4	0.01	2.33	1
15.59	0	2.3	0.0	0.0	0.0	0.0	0.0	1	1953	294.2	-511.4	0.01	2.34	1
15.68	0	2.4	0.0	0.0	0.0	0.0	0.0	1	1953	294.2	-511.4	0.01	2.35	1
15.78	0	2.4	0.0	0.0	0.0	0.0	0.0	1	1953	294.2	-511.4	0.01	2.37	1
15.88	0	2.4	0.0	0.0	0.0	0.0	0.0	1	1953	294.2	-511.4	0.01	2.38	1
15.98	0	2.4	0.0	0.0	0.0	0.0	0.0	1	1953	294.2	-511.4	0.01	2.39	1
16.08	0	2.4	0.0	0.0	0.0	0.0	0.0	1	1953	294.2	-511.4	0.01	2.4	1
16.18	0	2.4	0.0	0.0	0.0	0.0	0.0	1	1953	294.2	-511.4	0.01	2.41	1
16.28	0	2.4	0.0	0.0	0.0	0.0	0.0	1	1953	294.2	-511.4	0.01	2.43	1
16.38	0	2.4	0.0	0.0	0.0	0.0	0.0	1	1953	294.2	-511.4	0.01	2.44	1
16.48	0	2.4	0.0	0.0	0.0	0.0	0.0	1	1953	294.2	-511.4	0.01	2.45	1
16.58	0	2.5	0.0	0.0	0.0	0.0	0.0	1	1953	294.2	-511.4	0.01	2.46	1
16.68	0	2.5	0.0	0.0	0.0	0.0	0.0	1	1953	294.2	-511.4	0.01	2.47	1
16.78	0	2.5	0.0	0.0	0.0	0.0	0.0	1	1953	294.2	-511.4	0.01	2.49	1
16.88	0	2.5	0.0	0.0	0.0	0.0	0.0	1	1953	294.2	-511.4	0.01	2.5	1
16.98	0	2.5	0.0	0.0	0.0	0.0	0.0	1	1953	294.2	-511.4	0.01	2.51	1
17.08	0	2.5	0.0	0.0	0.0	0.0	0.0	1	1953	294.2	-511.4	0.01	2.52	1
17.18	0	2.5	0.0	0.0	0.0	0.0	0.0	1	1953	294.2	-511.4	0.01	2.53	1
17.28	0	2.5	0.0	0.0	0.0	0.0	0.0	1	1953	294.2	-511.4	0.01	2.55	1
17.38	0	2.6	0.0	0.0	0.0	0.0	0.0	1	1953	294.2	-511.4	0.01	2.56	1
17.48	0	2.6	0.0	0.0	0.0	0.0	0.0	1	1953	294.2	-511.4	0.01	2.57	1
17.58	0	2.6	0.0	0.0	0.0	0.0	0.0	1	1953	294.2	-511.4	0.01	2.58	1
17.68	0	2.6	0.0	0.0	0.0	0.0	0.0	1	1953	294.2	-511.4	0.01	2.59	1
17.78	0	2.6	0.0	0.0	0.0	0.0	0.0	1	1953	294.2	-511.4	0.01	2.61	1
17.88	0	2.6	0.0	0.0	0.0	0.0	0.0	1	1953	294.2	-511.4	0.01	2.62	1
17.98	0	2.6	0.0	0.0	0.0	0.0	0.0	1	1953	294.2	-511.4	0.01	2.63	1
18.08	0	2.6	0.0	0.0	0.0	0.0	0.0	1	1953	294.2	-511.4	0.01	2.64	1
18.18	0	2.7	0.0	0.0	0.0	0.0	0.0	1	1953	294.2	-511.4	0.01	2.65	1
18.28	0	2.7	0.0	0.0	0.0	0.0	0.0	1	1953	294.2	-511.4	0.01	2.67	1
18.38	0	2.7	0.0	0.0	0.0	0.0	0.0	1	1953	294.2	-511.4	0.01	2.68	1
18.48	0	2.7	0.0	0.0	0.0	0.0	0.0	1	1953	294.2	-511.4	0.01	2.69	1
18.58	0	2.7	0.0	0.0	0.0	0.0	0.0	1	1953	294.2	-511.4	0.01	2.7	1
18.68	0	2.7	0.0	0.0	0.0	0.0	0.0	1	1953	294.2	-511.4	0.01	2.71	1
18.78	0	2.7	0.0	0.0	0.0	0.0	0.0	1	1953	294.2	-511.4	0.01	2.73	1
18.88	0	2.7	0.0	0.0	0.0	0.0	0.0	1	1953	294.2	-511.4	0.01	2.74	1
18.98	0	2.8	0.0	0.0	0.0	0.0	0.0	1	1953	294.2	-511.4	0.01	2.75	1
19.08	0	2.8	0.0	0.0	0.0	0.0	0.0	1	1953	294.2	-511.4	0.01	2.76	1
19.18	0	2.8	0.0	0.0	0.0	0.0	0.0	1	1953	294.2	-511.4	0.01	2.77	1
19.28	0	2.8	0.0	0.0	0.0	0.0	0.0	1	1953	294.2	-511.4	0.01	2.79	1
19.38	0	2.8	0.0	0.0	0.0	0.0	0.0	1	1953	294.2	-511.4	0.01	2.8	1
19.48	0	2.8	0.0	0.0	0.0	0.0	0.0	1	1953	294.2	-511.4	0.01	2.81	1
19.58	0	2.8	0.0	0.0	0.0	0.0	0.0	1	1953	294.2	-511.4	0.01	2.82	1
19.68	0	2.8	0.0	0.0	0.0	0.0	0.0	1	1953	294.2	-511.4	0.01	2.84	1
19.78	0	2.8	0.0	0.0	0.0	0.0	0.0	1	1953	294.2	-511.4	0.01	2.85	1
19.88	0	2.9	0.0	0.0	0.0	0.0	0.0	1	1953	294.2	-511.4	0.01	2.86	1
19.98	0	2.9	0.0	0.0	0.0	0.0	0.0	1	1953	294.2	-511.4	0.01	2.87	1
20.08	0	2.9	0.0	0.0	0.0	0.0	0.0	1	1953	294.2	-511.4	0.01	2.88	1
20.18	0	2.9	0.0	0.0	0.0	0.0	0.0	1	1953	294.2	-511.4	0.01	2.9	1
20.28	0	2.9	0.0	0.0	0.0	0.0	0.0	1	1953	294.2	-511.4	0.01	2.91	1
20.38	0	2.9	0.0	0.0	0.0	0.0	0.0	1	1953	294.2	-511.4	0.01	2.92	1
20.48	0	2.9	0.0	0.0	0.0	0.0	0.0	1	1953	294.2	-511.4	0.01	2.93	1
20.58	0	2.9	0.0	0.0	0.0	0.0	0.0	1	1953	294.2	-511.4	0.01	2.94	1
20.68	0	3.0	0.0	0.0	0.0	0.0	0.0	1	1953	294.2	-511.4	0.01	2.96	1
20.78	0	3.0	0.0	0.0	0.0	0.0	0.0	1	1953	294.2	-511.4	0.01	2.97	1
20.88	0	3.0	0.0	0.0	0.0	0.0	0.0	1	1953	294.2	-511.4	0.01	2.98	1
20.98	0	3.0	0.0	0.0	0.0	0.0	0.0	1	1953	294.2	-511.4	0.01	2.99	1
21.08	0	3.0	0.0	0.0	0.0	0.0	0.0	1	1953	294.2	-511.4	0.01	3.01	1
21.18	0	3.0	0.0	0.0	0.0	0.0	0.0	1	1953	294.2	-511.4	0.01	3.02	1
21.28	0	3.0	0.0	0.0	0.0	0.0	0.0	1	1953	294.2	-511.4	0.01	3.03	1
21.38	0	3.0	0.0	0.0	0.0	0.0	0.0	1	1953	294.2	-511.4	0.01	3.04	1
21.48	0	3.1	0.0	0.0	0.0	0.0	0.0	1	1953	294.2	-511.4	0.01	3.05	1
21.58	0	3.1	0.0	0.0	0.0	0.0	0.0	1	1953	294.2	-511.4	0.01	3.07	1
21.68	0	3.1	0.0	0.0	0.0	0.0	0.0	1	1953	294.2	-511.4	0.01	3.08	1
21.78	0	3.1	0.0	0.0	0.0	0.0	0.0	1	1953	294.2	-511.4	0.01	3.09	1
21.88	0	3.1	0.0	0.0	0.0	0.0	0.0	1	1953	294.2	-511.4	0.01	3.1	1
21.98	0	3.1	0.0	0.0	0.0	0.0	0.0	1	1953	294.2	-511.4	0.01	3.11	1
22.08	0	3.1	0.0	0.0	0.0	0.0	0.0	1	1953	294.2	-511.4	0.01	3.13	1
22.18	0	3.1	0.0	0.0	0.0	0.0	0.0	1	1953	294.2	-511.4	0.01	3.14	1
22.28	0	3.2	0.0	0.0	0.0	0.0	0.0	1	1953	294.2	-511.4	0.01	3.15	1
22.38	0	0.0	0.5	0.0	0.0	0.0	0.0	1	1509	294.2	-511.4	0.01	0.0	1
22.48	0	0.1	3.5	0.0	0.0	0.0	0.0	1	469	294.1	-511.4	0.02	0.05	1
22.58	0	0.1	1.0	0.0	0.0	0.0	0.0	1	31	294.0	-511.4	0.02	0.12	1
22.68	0	0.1	0.1	0.0	0.0	0.0	0.0	1	4	294.0	-511.4	0.02	0.13	1
22.78	0	0.1	0.0	0.0	0.0	0.0	0.0	1	0	294.0	-511.4	0.03	0.13	1
22.88	0	0.1	0.0	0.0	0.0	0.0	0.0	1	0	294.0	-511.4	0.03	0.13	1
22.98	0	0.1	0.0	0.0	0.0	0.0	0.0	1	0	294.0	-511.4	0.03	0.13	1
23.08	0	0.1	0.0	0.0	0.0	0.0	0.0	1	0	294.0	-511.4	0.03	0.13	1
23.18	0	0.1	0.0	0.0	0.0	0.0	0.0	1	0	294.0	-511.4	0.03	0.13	1
23.28	0	0.1	0.0	0.0	0.0	0.0	0.0	1	0	294.0	-511.4	0.03	0.13	1
23.38	0	0.1	0.0	0.11	0.0	0.05	0.0	1	0	294.0	-511.4	0.03	0.13	1
23.48	0	0.1	0.0	0.53	0.0	0.0	0.0	1	0	294.0	-511.4	0.03	0.13	1
23.56	0	0.1	0.0	0.55	0.0	0.0	0.0	1	0	294.0	-511.4	0.03	0.13	1
23.66	0	0.1	0.0	0.45	0.0	0.0	0.0	1	0	294.0	-511.4	0.03	0.13	1
23.76	0	0.1	0.0	0.0	0.0	0.0	0.0	1	0	294.0	-511.4	0.03	0.13	1
23.86	0	0.1	0.0	0.0	0.0	0.05	0.0	1	0	294.0	-511.4	0.03	0.13	1
23.96	0	0.1	0.0	0.0	0.0	0.01	0.0	1	0	294.0	-511.4	0.03	0.13	1
24.06	0	0.1	0.0	0.0	0.0	0.01	0.0	1	0	294.0	-511.4	0.03	0.13	1
24.16	0	0.1	0.0	0.0	0.0	0.01	0.0	1	0	294.0	-511.4	0.03	0.13	1
24.26	0	0.1	0.0	0.0	0.0	0.01	0.0	1	0	294.0	-511.4	0.03	0.13	1
24.38	0	0.1	0.0	0.0	0.0	0.01	0.0	1	0	294.0	-511.4	0.03	0.13	1
24.46	0	0.1	0.0	0.0	0.0	0.01	0.02	1	0	294.0	-511.4	0.03	0.13	1
24.56	0	0.1	0.0	0.0	0.0	0.01	0.02	1	0	294.0	-511.4	0.03	0.13	1
24.66	0	0.1	0.0	0.0	0.0	0.01	0.0	1	0	294.0	-511.4	0.03	0.13	1
24.76	0	0.1	0.0	0.0	0.0	0.01	0.0	1	0	294.0	-511.4	0.03	0.13	1
24.86	0	0.1	0.0	0.09	0.0	0.01	0.0	1	0	294.0	-511.4	0.03	0.13	1
24.96	0	0.1	0.0	0.52	0.0	0.06	0.0	1	0	294.0	-511.4	0.03	0.13	1
25.06	0	0.1	0.0	0.66	0.0	0.1	0.0	1	0	294.0	-511.4	0.03	0.13	1
25.16	0	0.1	0.0	0.86	0.0	0.1	0.0	1	0	294.0	-511.4	0.03	0.13	1
25.26	0	0.1	0.0	0.88	0.0	0.06	0.0	1	0	294.0	-511.4	0.03	0.13	1
25.36	0	0.1	0.0	0.72	0.0	0.05	0.0	1	0	294.0	-511.4	0.03	0.13	1
25.46	0	0.1	0.0	0.18	0.0	0.01	0.0	1	0	294.0	-511.4	0.03	0.13	1
25.56	0	0.1	0.0	0.0	0.0	0.0	0.36	1	0	294.0	-511.4	0.03	0.13	1
25.66	0	0.1	0.2	0.0	0.09	0.02	1.0	1	1930	294.0	-511.4	0.03	0.13	1
25.76	0	0.1	0.1	0.0	0.09	0.02	1.0	1	1952	294.0	-511.4	0.03	0.14	1
25.89	0	0.1	0.0	0.0	0.0	-0.0	1.0	1	1953	294.0	-511.4	0.04	0.14	1
26.01	0	0.2	1.3	0.42	0.0	0.1	0.0	1	1687	294.0	-511.4	0.04	0.15	1
26.09	0	0.2	2.8	0.63	0.0	0.1	0.0	1	1663	293.9	-511.4	0.04	0.2	1
26.19	0	0.3	4.6	0.84	0.0	0.02	0.0	1	1694	293.8	-511.4	0.06	0.3	1
26.29	0	0.5	6.6	0.93	0.0	0.02	0.0	1	1713	293.7	-511.3	0.08	0.46	1
26.39	0	0.7	8.6	0.95	0.0	0.1	0.0	1	1716	293.5	-511.3	0.1	0.67	1
26.49	0	0.9	10.7	0.89	0.0	0.1	0.0	1	1710	293.2	-511.3	0.14	0.93	1
26.59	0	1.3	12.7	0.88	0.0	0.1	0.0	1	1706	292.9	-511.3	0.18	1.25	1
26.69	0	1.6	14.7	0.88	0.0	0.09	0.0	1	1706	292.5	-511.2	0.23	1.63	1
26.79	0	2.1	16.7	0.88	0.0	0.09	0.0	1	1706	292.1	-511.2	0.29	2.06	1
26.89	0	2.6	18.7	0.88	0.0	0.05	0.0	1	1706	291.6	-511.2	0.36	2.55	1
26.99	0	3.1	20.7	0.86	0.0	0.03	0.0	1	1703	291.0	-511.1	0.43	3.09	1
27.09	0	3.7	22.5	0.84	0.0	0.01	0.0	1	1742	290.4	-511.1	0.51	3.69	1
27.19	0	4.3	24.0	0.82	0.0	0.01	0.0	1	1832	289.8	-511.0	0.59	4.33	1
27.32	0	5.2	25.3	0.82	0.0	0.01	0.0	1	1914	289.0	-510.9	0.7	5.17	1
27.39	0	5.7	25.9	0.82	0.0	0.01	0.0	1	1954	288.4	-510.9	0.76	5.7	1
27.49	0	6.6	26.6	0.82	0.0	0.01	0.0	1	2000	287.7	-510.8	0.75	6.58	1
27.59	0	7.3	27.2	0.82	0.0	0.01	0.0	1	2047	287.0	-510.8	0.7	7.32	1
27.69	0	8.1	27.9	0.82	0.0	0.01	0.0	1	2095	286.2	-510.7	0.65	8.09	1
27.79	0	8.9	28.5	0.82	0.0	0.01	0.0	1	2142	285.4	-510.6	0.6	8.87	1
27.89	0	9.7	29.2	0.82	0.0	0.01	0.0	1	2190	284.6	-510.6	0.54	9.67	1
27.99	0	10.5	29.8	0.82	0.0	0.01	0.0	1	2237	283.8	-510.5	0.51	10.49	1
28.09	0	11.4	30.4	0.82	0.0	0.01	0.0	1	2284	283.0	-510.4	0.51	11.36	1
28.19	0	12.2	31.1	0.82	0.0	0.01	0.0	1	2330	282.1	-510.3	0.44	12.21	1
28.29	0	13.1	31.7	0.82	0.0	0.01	0.0	1	2377	281.3	-510.3	0.37	13.08	1
28.39	0	14.0	32.3	0.82	0.0	0.01	0.0	1	2425	280.4	-510.2	0.3	13.96	1
28.49	0	14.9	32.9	0.82	0.0	0.01	0.0	1	2471	279.5	-510.1	0.22	14.87	1
28.59	0	15.8	33.5	0.82	0.0	0.01	0.0	1	2517	278.5	-510.1	0.15	15.78	1
28.69	0	16.7	34.2	0.82	0.0	0.01	0.0	1	2563	277.6	-510.0	0.07	16.72	1
28.79	0	17.7	34.8	0.8	0.0	0.01	0.0	1	2606	276.6	-509.9	-0.01	17.68	1
28.89	0	18.6	35.3	0.8	0.0	0.01	0.0	1	2650	275.7	-509.8	-0.08	18.64	1
28.99	0	19.6	35.9	0.77	0.0	0.01	0.0	1	2688	274.7	-509.7	-0.16	19.63	1
29.09	0	20.6	36.4	0.77	0.0	0.01	0.0	1	2728	273.7	-509.7	-0.24	20.64	1
29.19	0	21.7	37.0	0.77	0.0	0.01	0.0	1	2767	272.7	-509.6	-0.32	21.65	1
29.29	0	22.7	37.5	0.77	0.0	0.01	0.0	1	2807	271.6	-509.5	-0.4	22.69	1
29.39	0	23.7	38.0	0.77	0.0	0.01	0.0	1	2846	270.6	-509.4	-0.48	23.73	1
29.49	0	24.8	38.6	0.77	0.0	0.01	0.0	1	2890	269.5	-509.3	-0.57	24.79	1
29.59	0	25.9	39.2	0.77	0.0	0.01	0.0	1	2938	268.5	-509.3	-0.65	25.87	1
29.69	0	27.0	39.8	0.77	0.0	0.01	0.0	1	2990	267.4	-509.2	-0.73	26.96	1
29.79	0	28.1	40.5	0.77	0.0	0.01	0.0	1	3045	266.3	-509.1	-0.81	28.06	1
29.89	0	29.2	41.2	0.77	0.0	0.01	0.0	1	3106	265.1	-509.0	-0.9	29.2	1
29.99	0	30.4	42.1	0.84	0.0	0.01	0.0	1	3189	264.0	-508.9	-0.98	30.36	1
30.09	0	31.5	43.1	0.84	0.0	0.01	0.0	1	3274	262.8	-508.8	-1.07	31.54	1
30.19	0	32.7	44.3	0.84	0.0	0.01	0.0	1	3367	261.6	-508.8	-1.16	32.75	1
30.29	0	34.0	45.5	0.85	0.0	0.01	0.0	1	3472	260.3	-508.7	-1.25	33.99	1
30.39	0	35.3	46.8	0.84	0.0	0.01	0.0	1	3581	259.1	-508.6	-1.34	35.27	1
30.49	0	36.6	48.2	0.85	0.0	0.01	0.0	1	3707	257.7	-508.5	-1.43	36.59	1
30.59	0	37.9	49.8	0.86	0.0	0.01	0.0	1	3845	256.4	-508.4	-1.52	37.94	1
30.69	0	39.3	51.6	0.86	0.0	0.01	0.0	1	3994	255.0	-508.3	-1.62	39.34	1
30.79	0	40.8	53.4	0.86	0.0	0.01	0.0	1	4157	253.5	-508.2	-1.72	40.8	1
30.89	0	42.3	55.4	0.86	0.0	0.01	0.0	1	4334	252.0	-508.1	-1.82	42.32	1
30.99	0	43.9	57.5	0.86	0.0	0.01	0.0	1	4523	250.5	-508.0	-1.92	43.86	1
31.09	0	45.5	59.8	0.86	0.0	0.01	0.0	1	4733	248.8	-507.9	-2.03	45.51	1
31.19	0	47.2	62.2	0.86	0.0	0.09	0.03	1	4958	247.1	-507.8	-2.14	47.19	1
31.29	0	49.0	64.5	0.58	0.0	0.06	0.47	1	5012	245.4	-507.7	-2.24	48.95	1
31.39	0	50.8	65.0	0.08	0.0	0.01	1.0	1	5005	243.6	-507.6	-2.33	50.76	1
31.49	0	52.6	64.8	0.0	0.0	0.0	1.0	1	4697	241.8	-507.5	-2.4	52.56	1
31.59	0	54.4	64.6	0.0	0.0	0.0	1.0	2	4407	240.0	-507.5	-2.48	54.35	1
31.69	0	56.1	64.5	0.0	0.0	0.0	1.0	2	4136	238.2	-507.4	-2.55	56.14	1
31.79	0	57.9	64.3	0.0	0.0	0.0	1.0	2	3880	236.4	-507.3	-2.62	57.93	1
31.89	0	59.7	64.2	0.06	0.0	0.0	0.61	2	3623	234.6	-507.3	-2.69	59.72	1
31.99	0	61.5	63.9	0.25	0.0	0.0	0.0	2	3637	232.8	-507.2	-2.76	61.49	1
32.09	0	63.3	64.0	0.37	0.0	0.0	0.0	2	3665	231.0	-507.1	-2.83	63.27	1
32.19	0	65.0	64.3	0.55	0.0	0.02	0.0	2	3721	229.3	-507.1	-2.89	65.03	1
32.29	0	66.8	65.0	0.63	0.0	0.05	0.0	2	3781	227.5	-507.0	-2.96	66.84	1
32.39	0	68.6	65.8	0.66	0.0	0.09	0.0	2	3838	225.7	-507.0	-3.01	68.64	1
32.49	0	70.5	66.7	0.66	0.0	0.1	0.0	2	3895	223.8	-507.0	-3.04	70.49	1
32.59	0	72.4	67.6	0.67	0.0	0.1	0.0	2	3959	222.0	-506.9	-3.06	72.36	1
32.69	0	74.3	68.6	0.67	0.0	0.1	0.0	2	4020	220.1	-507.0	-3.05	74.25	1
32.79	0	76.2	69.6	0.67	0.0	0.03	0.0	2	4081	218.1	-507.0	-3.02	76.17	1
32.89	0	78.1	70.7	0.67	0.0	0.02	0.0	2	4146	216.2	-507.1	-2.97	78.12	1
32.99	0	80.1	71.8	0.67	0.0	0.01	0.0	2	4213	214.2	-507.1	-2.91	80.1	1
33.09	0	82.1	72.9	0.67	0.0	0.0	0.0	2	4282	212.2	-507.2	-2.85	82.11	1
33.19	0	84.1	74.0	0.67	0.0	0.0	0.0	2	4354	210.2	-507.3	-2.78	84.14	1
33.3	0	86.4	75.3	0.67	0.0	0.01	0.0	2	4435	207.9	-507.4	-2.7	86.38	1
33.39	0	88.3	76.4	0.67	0.0	0.01	0.0	2	4505	206.0	-507.4	-2.61	88.34	1
33.49	0	90.5	77.7	0.67	0.0	0.01	0.0	2	4584	203.9	-507.5	-2.51	90.48	1
33.59	0	92.7	79.0	0.67	0.0	0.01	0.0	2	4665	201.7	-507.6	-2.4	92.66	1
33.69	0	94.9	80.3	0.69	0.0	0.01	0.0	2	4756	199.5	-507.7	-2.29	94.87	1
33.79	0	97.1	81.8	0.71	0.0	0.01	0.0	2	4855	197.2	-507.8	-2.18	97.12	1
33.89	0	99.4	83.3	0.71	0.0	0.01	0.0	2	4954	194.9	-507.9	-2.06	99.4	1
33.99	0	101.7	84.9	0.71	0.0	0.01	0.0	2	5053	192.6	-508.0	-1.93	101.74	1
34.09	0	104.1	86.5	0.73	0.0	0.01	0.0	2	5160	190.2	-508.2	-1.8	104.11	1
34.19	0	106.5	88.2	0.73	0.0	0.01	0.0	2	5275	187.8	-508.3	-1.67	106.54	1
34.29	0	109.0	89.9	0.73	0.0	0.01	0.0	2	5387	185.3	-508.4	-1.52	109.0	1
34.39	0	111.5	91.7	0.73	0.0	0.01	0.0	2	5502	182.8	-508.5	-1.37	111.52	1
34.49	0	114.1	93.5	0.73	0.0	0.01	0.0	2	5620	180.2	-508.7	-1.22	114.09	1
34.59	0	116.7	95.4	0.73	0.0	0.01	0.0	2	5740	177.6	-508.8	-1.05	116.7	1
34.69	0	119.4	97.3	0.74	0.0	-0.0	0.0	2	5874	175.0	-509.0	-0.88	119.38	1
34.79	0	122.1	99.3	0.74	0.0	-0.02	0.0	2	6005	172.2	-509.1	-0.7	122.1	1
34.89	0	124.9	101.3	0.74	0.0	-0.02	0.0	2	6136	169.5	-509.3	-0.52	124.88	1
34.99	0	127.7	103.3	0.74	0.0	-0.02	0.0	2	6264	166.6	-509.5	-0.29	127.72	1
35.09	0	130.6	105.4	0.74	0.0	-0.02	0.0	2	6389	163.7	-509.6	-0.07	130.61	1
35.19	0	133.6	107.4	0.75	0.0	-0.02	0.0	2	6516	160.8	-509.8	0.15	133.55	1
35.29	0	136.5	109.5	0.75	0.0	0.0	0.0	2	6639	157.8	-509.9	0.37	136.54	1
35.39	0	139.6	111.5	0.75	0.0	0.0	0.0	2	6763	154.7	-510.1	0.58	139.62	1
35.49	0	142.7	113.5	0.75	0.0	0.0	0.0	2	6886	151.6	-510.2	0.78	142.74	1
35.59	0	145.9	115.6	0.75	0.0	0.02	0.0	2	7008	148.4	-510.3	0.99	145.92	1
35.69	0	149.1	117.6	0.75	0.0	0.02	0.0	2	7130	145.2	-510.4	1.19	149.15	1
35.83	0	153.6	120.2	0.75	0.0	0.02	0.0	2	7291	140.7	-510.6	1.48	153.55	1
35.92	0	156.9	122.2	0.75	0.0	0.02	0.0	2	7410	137.4	-510.8	1.71	156.87	1
36.02	0	160.3	124.2	0.75	0.0	0.02	0.0	2	7527	134.0	-510.9	1.96	160.28	1
36.12	0	163.7	126.1	0.75	0.0	0.02	0.0	2	7644	130.5	-511.1	2.25	163.72	1
36.22	0	167.2	128.0	0.75	0.0	-0.0	0.0	2	7759	127.0	-511.4	2.6	167.23	1
36.32	0	170.8	129.9	0.75	0.0	-0.0	0.0	2	7875	123.4	-511.6	2.98	170.79	1
36.42	0	174.4	131.8	0.67	0.0	-0.04	0.03	2	7970	119.8	-511.9	3.38	174.41	1
36.52	0	178.1	133.6	0.46	0.0	-0.04	0.51	2	7934	116.1	-512.1	3.8	178.07	1
36.62	0	181.8	133.9	0.0	0.0	-0.03	0.93	2	7583	112.4	-512.4	4.21	181.76	1
36.72	0	185.4	133.3	0.0	0.0	-0.0	1.0	2	7163	108.7	-512.7	4.63	185.45	1
36.82	0	189.1	132.8	0.0	0.0	-0.0	1.0	2	6721	105.0	-513.0	5.02	189.13	1
36.92	0	192.8	132.4	0.0	0.0	-0.0	1.0	2	6307	101.4	-513.2	5.41	192.78	1
37.03	0	196.4	132.0	0.0	0.0	-0.0	0.77	3	5823	97.7	-513.5	5.78	196.45	1
37.12	0	200.1	131.4	0.0	0.0	0.0	0.19	3	5665	94.0	-513.7	6.15	200.08	1
37.22	0	202.8	130.6	0.14	0.0	0.0	0.04	3	5676	90.4	-513.9	6.89	202.77	1
37.32	0	206.3	130.2	0.27	0.0	-0.05	0.0	3	5720	86.8	-514.2	7.72	206.28	1
37.43	0	211.2	130.5	0.55	0.0	-0.04	0.0	3	5859	83.1	-514.4	8.61	211.23	1
37.52	0	214.7	131.2	0.56	0.0	-0.0	0.0	3	5925	79.6	-514.6	8.9	214.67	1
37.62	0	218.3	132.0	0.56	0.0	-0.0	0.0	3	5968	76.0	-514.8	9.19	218.3	0
37.72	0	222.4	132.9	0.56	0.0	-0.0	0.0	3	6009	72.3	-515.0	9.36	222.38	0
37.82	0	226.1	133.7	0.56	0.0	0.0	0.0	3	6049	68.6	-515.2	9.48	226.07	0
37.92	0	229.4	134.6	0.58	0.0	0.0	0.0	3	6093	64.9	-515.3	9.63	229.44	0
38.02	0	233.2	135.4	0.58	0.0	-0.04	0.0	3	6153	61.1	-515.5	9.89	233.21	0
38.12	0	237.0	136.2	0.58	0.0	-0.07	0.0	3	6237	57.4	-515.7	10.14	236.96	0
38.22	0	241.0	137.1	0.58	0.0	-0.05	0.0	3	6305	53.6	-515.9	10.27	240.99	0
38.32	0	244.8	137.9	0.58	0.0	-0.06	0.0	3	6378	49.8	-516.0	10.27	244.77	0
38.42	0	253.2	138.7	0.6	0.0	-0.07	0.0	3	6442	45.9	-516.1	9.15	253.19	0
38.52	0	255.1	139.6	0.62	0.0	-0.02	0.0	3	6431	42.0	-516.2	7.61	255.13	1
38.62	0	257.4	140.7	0.62	0.0	0.0	0.0	3	6430	38.2	-516.2	7.36	257.42	1
38.72	0	260.1	141.7	0.62	0.0	0.06	0.0	3	6467	34.2	-516.1	7.35	260.13	1
38.82	0	264.7	142.7	0.53	0.0	0.1	0.0	3	6414	30.3	-516.0	7.53	264.73	1
38.92	0	268.7	143.3	0.43	0.0	0.09	0.0	3	6400	26.3	-515.8	7.47	268.69	1
39.03	0	272.9	143.6	0.4	0.0	0.01	0.0	3	6395	22.1	-515.7	7.42	272.88	1
39.13	0	276.8	143.9	0.4	0.0	0.0	0.0	3	6404	18.3	-515.6	7.35	276.81	1
39.23	0	280.8	144.2	0.4	0.0	-0.04	0.0	3	6413	14.3	-515.5	7.31	280.82	1
39.33	0	284.8	144.5	0.4	0.0	-0.04	0.0	3	6424	10.3	-515.4	7.27	284.85	1
39.43	0	288.9	144.9	0.49	0.0	0.0	0.0	3	6487	6.2	-515.3	7.23	288.87	1
39.52	0	292.9	145.5	0.52	0.0	0.0	0.0	3	6536	2.2	-515.2	7.19	292.89	1
39.63	0	297.1	146.2	0.52	0.0	0.0	0.0	3	6573	-1.8	-515.1	7.08	297.14	1
39.73	0	301.2	146.9	0.52	0.0	0.0	0.0	3	6608	-5.9	-515.0	6.92	301.22	1
39.83	0	305.3	147.7	0.53	0.0	0.0	0.0	3	6641	-10.0	-514.9	6.75	305.31	1
39.93	0	309.5	148.4	0.53	0.0	0.0	0.0	3	6677	-14.1	-514.8	6.55	309.47	1
40.03	0	313.7	149.2	0.54	0.0	0.0	0.0	3	6720	-18.3	-514.7	6.34	313.69	1
40.13	0	318.0	149.9	0.55	0.0	0.0	0.0	3	6761	-22.5	-514.6	6.05	318.02	1
40.23	0	322.2	150.7	0.54	0.0	0.02	0.0	3	6792	-26.7	-514.5	5.46	322.19	1
40.33	0	324.2	151.5	0.55	0.0	0.02	0.0	3	6832	-30.9	-514.4	6.31	324.22	1
40.43	0	328.2	152.3	0.55	0.0	0.02	0.0	3	6870	-35.1	-514.4	7.51	328.24	1
40.53	0	332.5	153.1	0.55	0.0	0.05	0.0	3	6907	-39.3	-514.3	8.68	332.54	1
40.63	0	337.6	153.8	0.53	0.0	0.01	0.0	3	6970	-43.6	-514.3	9.74	337.65	0
40.73	0	341.9	154.4	0.52	0.0	-0.01	0.0	3	7050	-47.9	-514.3	10.5	341.86	0
40.83	0	346.4	155.1	0.55	0.0	-0.01	0.0	3	7128	-52.2	-514.3	11.16	346.44	0
40.93	0	351.9	155.7	0.52	0.0	-0.03	0.0	3	7214	-56.5	-514.4	11.62	351.85	0
41.03	0	356.5	156.5	0.53	0.0	-0.07	0.0	3	7236	-61.1	-514.5	11.92	356.47	0
41.13	0	360.8	157.2	0.47	0.0	-0.1	0.0	3	7193	-65.4	-514.6	12.22	360.79	0
41.23	0	365.2	157.8	0.45	0.0	-0.02	0.0	3	7133	-69.8	-514.7	12.53	365.16	0
41.33	0	369.5	158.3	0.45	0.0	-0.02	0.0	3	7133	-74.2	-514.8	12.84	369.53	0
41.43	0	373.9	158.7	0.45	0.0	0.0	0.0	3	7155	-78.6	-514.8	13.13	373.92	0
41.53	0	378.3	159.1	0.45	0.0	0.0	0.0	3	7178	-83.0	-514.9	13.41	378.34	0
41.63	0	382.7	159.5	0.45	0.0	0.0	0.0	3	7197	-87.4	-514.9	13.65	382.75	0
41.73	0	387.7	160.0	0.45	0.0	0.0	0.0	3	7214	-91.9	-514.9	13.85	387.66	0
41.83	0	392.1	160.4	0.45	0.0	-0.02	0.0	3	7230	-96.3	-514.9	13.89	392.09	0
41.93	0	396.6	160.8	0.45	0.0	-0.02	0.0	3	7248	-100.8	-514.9	13.89	396.56	0
42.04	0	401.2	161.2	0.45	0.0	0.0	0.0	3	7267	-105.5	-514.8	13.85	401.23	0
42.14	0	407.6	161.6	0.45	0.0	0.0	0.0	3	7284	-109.9	-514.7	13.7	407.61	0
42.24	0	412.1	162.0	0.45	0.0	0.0	0.0	3	7301	-114.4	-514.6	13.04	412.07	0
42.34	0	416.5	162.5	0.45	0.0	0.0	0.0	3	7317	-118.9	-514.5	12.37	416.53	0
42.44	0	421.0	162.9	0.46	0.0	0.0	0.0	3	7334	-123.4	-514.4	11.68	420.99	0
42.54	0	425.6	163.4	0.48	0.0	0.0	0.0	3	7386	-128.1	-514.2	10.96	425.59	0
42.64	0	429.9	163.8	0.48	0.0	0.0	0.0	3	7414	-132.5	-514.1	10.29	429.86	0
42.74	0	434.4	164.4	0.48	0.0	0.0	0.0	3	7438	-137.0	-513.9	9.58	434.36	0
42.84	0	438.9	164.9	0.48	0.0	0.05	0.0	3	7430	-141.6	-513.7	8.86	438.88	1
42.94	0	442.8	165.5	0.48	0.0	0.04	0.0	3	7446	-146.2	-513.6	8.2	442.84	1
43.04	0	447.4	166.0	0.48	0.0	0.01	0.0	3	7454	-150.9	-513.4	7.93	447.41	1
43.14	0	452.0	166.5	0.48	0.0	0.01	0.0	3	7476	-155.6	-513.3	7.69	452.03	1
43.24	0	456.6	167.0	0.48	0.0	0.0	0.0	3	7496	-160.2	-513.2	7.48	456.65	1
43.34	0	461.3	167.5	0.48	0.0	-0.07	0.08	3	7517	-164.8	-513.1	7.29	461.29	1
43.44	0	465.9	168.0	0.39	0.0	-0.09	0.4	3	7496	-169.5	-513.1	7.1	465.94	1
43.54	0	470.6	168.0	0.2	0.0	-0.0	0.64	3	7385	-174.2	-513.0	6.9	470.61	1
43.64	0	475.3	167.2	0.07	0.0	0.0	0.66	3	7246	-178.8	-512.9	6.69	475.26	1
43.74	0	479.9	166.2	0.07	0.0	0.0	0.66	3	7187	-183.4	-512.8	6.44	479.88	1
43.84	0	484.5	165.3	0.07	0.0	0.0	1.0	3	7057	-188.1	-512.6	6.18	484.5	1
43.94	0	489.1	164.6	0.07	0.0	0.0	1.0	3	6789	-192.6	-512.5	5.91	489.06	1
44.04	0	493.7	164.0	0.09	0.0	0.0	1.0	3	6543	-197.3	-512.3	5.63	493.69	1
44.14	0	498.2	163.3	0.14	0.0	0.0	1.0	4	6415	-201.8	-512.1	5.38	498.19	1
44.24	0	502.7	162.7	0.24	0.0	0.0	1.0	4	6452	-206.3	-512.0	5.15	502.7	1
44.34	0	507.2	162.1	0.28	0.0	0.0	0.95	4	6625	-210.8	-511.8	4.92	507.21	1
44.44	0	511.7	162.5	0.32	0.0	0.0	0.2	4	5999	-215.3	-511.7	4.69	511.7	1
44.54	0	516.2	162.5	0.32	0.0	0.0	0.0	4	5914	-219.8	-511.6	4.48	516.17	1
44.64	0	520.7	162.3	0.32	0.0	0.0	0.0	4	5907	-224.3	-511.4	4.26	520.7	1
44.74	0	525.2	162.1	0.34	0.0	-0.03	0.0	4	5907	-228.8	-511.3	4.06	525.2	1
44.84	0	529.7	162.0	0.41	0.0	-0.03	0.0	4	5930	-233.3	-511.2	3.85	529.7	1
44.94	0	534.2	162.1	0.51	0.0	-0.03	0.0	4	5971	-237.8	-511.0	3.63	534.2	1
45.04	0	538.7	162.4	0.51	0.0	-0.03	0.0	4	5991	-242.3	-510.9	3.39	538.69	1
45.14	0	543.2	162.7	0.51	0.0	-0.0	0.0	4	6004	-246.9	-510.7	3.12	543.21	1
45.24	0	547.7	163.0	0.51	0.0	0.01	0.0	4	6014	-251.4	-510.5	2.83	547.67	1
45.34	0	552.2	163.3	0.52	0.0	0.02	0.0	4	6030	-255.9	-510.3	2.56	552.2	1
45.44	0	556.8	163.7	0.52	0.0	0.05	0.0	4	6043	-260.4	-510.0	2.27	556.75	1
45.57	0	562.8	164.1	0.52	0.0	0.01	0.0	4	6061	-266.5	-509.7	1.9	562.81	1
45.67	0	567.4	164.5	0.52	0.0	0.01	0.0	4	6075	-271.1	-509.5	1.64	567.36	1
45.77	0	571.9	164.8	0.47	0.0	0.01	0.0	4	6073	-275.6	-509.2	1.39	571.92	1
45.87	0	576.5	165.0	0.47	0.0	0.01	0.0	4	6071	-280.2	-509.1	1.16	576.5	1
45.97	0	581.1	165.2	0.47	0.0	0.01	0.0	4	6078	-284.8	-508.9	0.95	581.09	1
46.07	0	585.7	165.4	0.47	0.0	0.06	0.0	4	6085	-289.4	-508.7	0.76	585.67	1
46.2	0	591.2	165.6	0.47	0.0	0.01	0.0	4	6095	-294.9	-508.6	0.56	591.21	1
46.27	0	594.9	165.8	0.47	0.0	0.01	0.0	4	6100	-298.6	-508.5	0.45	594.86	1
46.37	0	599.5	165.9	0.47	0.0	0.0	0.0	4	6106	-303.2	-508.4	0.33	599.47	1
46.47	0	604.1	166.1	0.47	0.0	0.0	0.0	4	6112	-307.8	-508.3	0.21	604.09	1
46.57	0	608.7	166.3	0.43	0.0	-0.07	0.0	4	6103	-312.4	-508.3	0.11	608.71	1
46.67	0	613.3	166.4	0.41	0.0	-0.01	0.0	4	6101	-317.0	-508.2	-0.0	613.32	1
46.77	0	617.9	166.4	0.41	0.0	0.0	0.0	4	6099	-321.7	-508.2	-0.12	617.95	1
46.87	0	622.5	166.4	0.41	0.0	0.0	0.0	4	6100	-326.2	-508.1	-0.26	622.54	1
46.97	0	627.2	166.5	0.41	0.0	0.02	0.0	4	6101	-330.9	-508.0	-0.41	627.16	1
47.07	0	631.8	166.5	0.41	0.0	0.04	0.0	4	6102	-335.5	-507.9	-0.57	631.81	1
47.17	0	636.4	166.5	0.41	0.0	0.02	0.0	4	6104	-340.1	-507.8	-0.72	636.43	1
47.27	0	641.1	166.6	0.41	0.0	0.01	0.0	4	6106	-344.8	-507.7	-0.86	641.06	1
47.37	0	645.7	166.6	0.4	0.0	0.01	0.0	4	6100	-349.4	-507.7	-0.98	645.67	1
47.47	0	650.3	166.6	0.4	0.0	0.0	0.0	4	6099	-354.0	-507.6	-1.07	650.31	1
47.57	0	655.0	166.6	0.4	0.0	0.0	0.0	4	6098	-358.6	-507.6	-1.08	654.95	1
47.67	0	659.6	166.6	0.4	0.0	0.0	0.0	4	6097	-363.3	-507.6	-1.05	659.58	1
47.77	0	664.2	166.6	0.4	0.0	0.0	0.0	4	6097	-367.9	-507.6	-1.01	664.2	1
47.87	0	668.8	166.5	0.4	0.0	0.0	0.0	4	6096	-372.5	-507.6	-0.95	668.83	1
47.97	0	673.5	166.5	0.38	0.0	0.0	0.0	4	6087	-377.1	-507.7	-0.89	673.45	1
48.07	0	678.1	166.5	0.38	0.0	0.0	0.0	4	6083	-381.8	-507.7	-0.83	678.09	1
48.17	0	682.7	166.4	0.38	0.0	0.0	0.0	4	6080	-386.4	-507.7	-0.76	682.7	1
48.28	0	687.4	166.3	0.38	0.0	0.0	0.0	4	6078	-391.1	-507.8	-0.69	687.41	1
48.37	0	691.9	166.2	0.38	0.0	0.0	0.0	4	6075	-395.6	-507.8	-0.61	691.91	1
48.47	0	696.5	166.2	0.38	0.0	0.0	0.0	4	6073	-400.2	-507.8	-0.53	696.52	1
48.57	0	701.2	166.1	0.38	0.0	0.0	0.0	4	6072	-404.9	-507.9	-0.45	701.16	1
48.67	0	705.8	166.1	0.38	0.0	-0.03	0.0	4	6071	-409.4	-507.9	-0.34	705.76	1
48.77	0	710.4	166.0	0.38	0.0	-0.03	0.0	4	6069	-414.1	-508.0	-0.2	710.37	1
48.87	0	715.0	165.9	0.38	0.0	-0.05	0.0	4	6068	-418.7	-508.0	-0.06	714.98	1
48.97	0	719.6	165.9	0.38	0.0	-0.07	0.0	4	6068	-423.3	-508.0	0.04	719.58	1
49.07	0	724.2	165.8	0.38	0.0	-0.05	0.0	4	6067	-427.9	-508.0	0.12	724.2	1
49.17	0	728.8	165.7	0.38	0.0	-0.0	0.0	4	6066	-432.5	-507.9	0.15	728.79	1
49.27	0	733.4	165.6	0.38	0.0	-0.0	0.0	4	6061	-437.1	-507.8	0.13	733.41	1
49.37	0	738.0	165.6	0.38	0.0	0.0	0.0	4	6056	-441.7	-507.7	0.08	738.0	1
49.47	0	742.6	165.5	0.38	0.0	0.0	0.0	4	6052	-446.3	-507.5	0.02	742.59	1
49.57	0	747.2	165.5	0.38	0.0	0.0	0.0	4	6049	-450.9	-507.3	-0.03	747.17	1
49.67	0	751.8	165.4	0.38	0.0	0.0	0.0	4	6047	-455.5	-507.1	-0.09	751.78	1
49.77	0	756.4	165.4	0.38	0.0	0.0	0.0	4	6045	-460.1	-506.9	-0.15	756.37	1
49.87	0	761.0	165.3	0.38	0.0	0.0	0.0	4	6043	-464.6	-506.7	-0.21	760.97	1
49.97	0	765.5	165.3	0.38	0.0	0.0	0.0	4	6041	-469.2	-506.5	-0.26	765.53	1
50.07	0	770.2	165.4	0.38	0.0	0.0	0.0	4	6043	-473.8	-506.3	-0.31	770.15	1
50.17	0	774.8	165.5	0.38	0.0	0.0	0.0	4	6049	-478.4	-506.1	-0.35	774.76	1
50.27	0	779.4	165.6	0.38	0.0	-0.01	0.0	4	6054	-483.0	-505.9	-0.41	779.35	1
50.37	0	784.0	165.7	0.38	0.0	-0.01	0.0	4	6057	-487.6	-505.7	-0.51	783.96	1
50.47	0	788.6	165.8	0.38	0.0	-0.01	0.0	4	6060	-492.2	-505.5	-0.62	788.55	1
50.57	0	793.2	165.9	0.38	0.0	-0.01	0.0	4	6063	-496.8	-505.4	-0.74	793.17	1
50.67	0	797.7	165.9	0.38	0.0	-0.01	0.0	4	6064	-501.4	-505.2	-0.86	797.75	1
50.77	0	802.4	165.9	0.38	0.0	-0.01	0.0	4	6065	-506.0	-505.0	-1.0	802.37	1
50.87	0	807.0	165.9	0.38	0.0	-0.01	0.0	4	6066	-510.6	-504.7	-1.15	806.98	1
50.97	0	811.6	165.9	0.38	0.0	-0.01	0.0	4	6065	-515.2	-504.5	-1.32	811.59	1
51.07	0	816.2	165.9	0.38	0.0	-0.01	0.0	4	6064	-519.8	-504.2	-1.51	816.18	1
51.17	0	820.8	165.8	0.38	0.0	-0.01	0.0	4	6063	-524.4	-504.0	-1.74	820.8	1
51.27	0	825.4	165.8	0.38	0.0	-0.01	0.0	4	6061	-529.0	-503.7	-1.98	825.38	1
51.37	0	830.0	165.7	0.38	0.0	-0.01	0.0	4	6059	-533.6	-503.4	-2.24	829.99	1
51.47	0	834.6	165.7	0.38	0.0	0.01	0.0	4	6058	-538.2	-503.0	-2.51	834.58	1
51.57	0	839.2	165.6	0.38	0.0	0.01	0.0	4	6055	-542.8	-502.7	-2.8	839.18	1
51.67	0	843.8	165.6	0.38	0.0	0.01	0.0	4	6052	-547.4	-502.4	-3.1	843.77	1
51.77	0	848.3	165.5	0.38	0.0	0.01	0.0	4	6050	-552.0	-502.0	-3.4	848.34	1
51.87	0	853.0	165.5	0.38	0.0	0.01	0.0	4	6048	-556.6	-501.7	-3.69	852.99	1
51.97	0	857.6	165.4	0.38	0.0	0.02	0.0	4	6047	-561.2	-501.3	-3.93	857.57	1
52.07	0	862.2	165.4	0.38	0.0	0.02	0.0	4	6045	-565.7	-501.0	-4.17	862.15	1
52.17	0	866.8	165.3	0.38	0.0	0.03	0.0	4	6044	-570.3	-500.7	-4.38	866.77	1
52.28	0	871.4	165.2	0.38	0.0	0.05	0.0	4	6042	-574.9	-500.4	-4.58	871.38	1
52.37	0	875.9	165.2	0.38	0.0	0.09	0.0	4	6043	-579.5	-500.1	-4.74	875.93	1
52.47	0	880.5	165.1	0.38	0.0	0.02	0.0	4	6043	-584.1	-499.9	-4.86	880.53	1
52.57	0	885.1	165.0	0.38	0.0	0.0	0.0	4	6040	-588.7	-499.7	-4.93	885.11	1
52.67	0	890.4	164.9	0.36	0.0	-0.05	0.0	4	6028	-593.2	-499.6	-4.93	890.36	1
52.77	0	894.9	164.8	0.34	0.0	-0.11	0.0	4	6011	-597.8	-499.5	-4.29	894.9	1
52.87	0	899.4	164.7	0.32	0.0	-0.11	0.0	4	5997	-602.3	-499.3	-3.65	899.43	1
52.98	0	904.5	164.4	0.3	0.0	-0.0	0.0	4	5992	-607.4	-499.2	-2.91	904.52	1
53.07	0	908.6	164.1	0.27	0.0	0.02	0.0	4	5965	-611.5	-499.0	-2.28	908.56	1
53.17	0	913.1	163.8	0.27	0.0	0.02	0.0	4	5943	-616.0	-498.7	-1.61	913.08	1
53.27	0	917.3	163.4	0.27	0.0	0.09	0.0	4	5927	-620.6	-498.4	-1.64	917.34	1
53.37	0	921.9	163.0	0.27	0.0	0.1	0.0	4	5915	-625.1	-498.1	-1.84	921.87	1
53.47	0	926.4	162.6	0.27	0.0	0.01	0.0	4	5904	-629.6	-497.9	-2.02	926.37	1
53.57	0	930.6	162.3	0.27	0.0	0.0	0.0	4	5890	-634.1	-497.6	-2.75	930.63	1
53.67	0	935.0	161.9	0.28	0.0	0.0	0.0	4	5881	-638.6	-497.4	-3.41	935.04	1
53.77	0	939.9	161.6	0.28	0.0	0.0	0.0	4	5868	-643.1	-497.3	-3.93	939.89	1
53.87	0	944.4	161.3	0.28	0.0	0.0	0.0	4	5856	-647.6	-497.1	-2.26	944.38	1
53.97	0	948.9	161.0	0.29	0.0	0.05	0.0	4	5846	-652.0	-497.0	1.67	948.85	1
54.07	0	950.7	160.7	0.29	0.0	0.01	0.0	4	5840	-656.5	-496.9	0.17	950.72	1
54.17	0	963.5	160.4	0.29	0.0	0.0	0.0	4	5825	-661.0	-496.8	-6.69	963.53	1
54.28	0	968.0	160.1	0.29	0.0	-0.04	0.0	4	5815	-665.5	-496.7	-6.2	968.0	1
54.37	0	972.1	159.8	0.29	0.0	-0.04	0.0	4	5805	-669.9	-496.6	-5.87	972.08	1
54.47	0	976.5	159.5	0.29	0.0	-0.04	0.0	4	5796	-674.3	-496.6	-5.62	976.51	1
54.57	0	980.9	159.2	0.29	0.0	-0.04	0.0	4	5787	-678.8	-496.4	-5.39	980.93	1
54.67	0	985.5	158.9	0.27	0.0	-0.1	0.0	4	5774	-683.1	-496.3	-5.05	985.53	1
54.77	0	989.9	158.5	0.25	0.0	-0.0	0.0	4	5752	-687.5	-496.1	-4.71	989.93	1
54.87	0	994.3	158.1	0.25	0.0	0.0	0.0	4	5733	-691.9	-495.8	-4.42	994.33	1
54.97	0	998.7	157.7	0.21	0.0	-0.07	0.0	4	5702	-696.3	-495.5	-4.16	998.72	1
55.07	0	1003.1	157.1	0.16	0.0	-0.12	0.0	4	5667	-700.7	-495.2	-3.95	1003.08	1
55.17	0	1007.6	156.4	0.12	0.0	-0.09	0.0	4	5626	-705.0	-494.8	-3.76	1007.58	1
55.27	0	1011.9	155.6	0.09	0.0	-0.09	0.0	4	5585	-709.3	-494.3	-3.47	1011.91	1
55.37	0	1016.2	154.7	0.0	0.0	-0.07	0.0	4	5515	-713.6	-493.8	-3.21	1016.21	1
55.51	0	1022.3	153.3	0.0	0.0	-0.02	0.0	4	5461	-719.2	-493.0	-3.31	1022.32	1
55.61	0	1026.9	152.2	0.0	0.0	-0.02	0.0	4	5418	-723.4	-492.4	-2.46	1026.94	1
55.71	0	1031.1	151.2	0.0	0.0	-0.08	0.0	4	5390	-727.6	-491.7	-1.69	1031.07	1
55.81	0	1035.2	150.2	0.0	0.0	-0.08	0.0	4	5353	-731.7	-490.9	-0.97	1035.2	1
55.91	0	1039.3	149.2	0.0	0.0	-0.07	0.0	4	5320	-735.7	-490.1	-0.33	1039.29	1
56.01	0	1043.4	148.1	0.0	0.0	-0.19	0.0	4	5285	-739.8	-489.2	0.27	1043.39	1
56.11	0	1047.5	147.0	0.0	0.0	-0.19	0.0	4	5247	-743.8	-488.2	0.78	1047.48	1
56.21	0	1051.6	145.9	0.0	0.0	-0.17	0.0	4	5206	-747.8	-487.2	1.2	1051.56	1
56.31	0	1055.6	144.8	0.0	0.0	-0.07	0.0	4	5158	-751.7	-486.1	1.52	1055.59	1
56.41	0	1059.6	143.7	0.0	0.0	-0.05	0.0	4	5116	-755.5	-484.9	1.74	1059.59	1
56.52	0	1064.0	142.5	0.0	0.0	-0.0	0.0	4	5072	-759.7	-483.5	1.88	1063.99	1
56.61	0	1067.5	141.7	0.0	0.0	-0.0	0.0	4	5043	-763.0	-482.3	1.91	1067.5	1
56.71	0	1071.4	140.7	0.0	0.0	-0.0	0.0	4	5013	-766.6	-480.9	1.88	1071.42	1
56.81	0	1075.3	139.8	0.0	0.0	-0.07	0.0	4	4986	-770.3	-479.5	1.8	1075.31	1
56.91	0	1079.2	138.9	0.0	0.0	-0.1	0.0	4	4957	-773.8	-478.0	1.68	1079.19	1
57.01	0	1083.0	138.0	0.0	0.0	-0.12	0.0	4	4927	-777.4	-476.5	1.51	1083.03	1
57.11	0	1086.8	137.1	0.0	0.0	-0.12	0.0	4	4893	-780.9	-475.0	1.29	1086.84	1
57.21	0	1090.6	136.2	0.0	0.0	-0.07	0.0	4	4860	-784.3	-473.4	1.02	1090.63	1
57.31	0	1094.4	135.3	0.06	0.0	-0.02	0.0	4	4845	-787.7	-471.8	0.68	1094.38	1
57.41	0	1098.1	134.6	0.07	0.0	-0.0	0.0	4	4820	-791.1	-470.1	0.28	1098.1	1
57.51	0	1101.8	133.9	0.07	0.0	-0.0	0.0	4	4796	-794.4	-468.4	-0.16	1101.81	1
57.61	0	1105.6	133.2	0.07	0.0	-0.07	0.0	4	4773	-797.7	-466.7	-0.04	1105.58	1
57.71	0	1109.2	132.5	0.07	0.0	-0.09	0.0	4	4750	-800.9	-464.9	0.38	1109.25	1
57.81	0	1112.9	131.8	0.07	0.0	-0.09	0.0	4	4726	-804.1	-463.1	0.77	1112.9	1
57.91	0	1116.5	131.1	0.07	0.0	-0.11	0.0	4	4701	-807.3	-461.3	1.11	1116.54	1
58.01	0	1120.1	130.4	0.07	0.0	-0.11	0.0	4	4677	-810.4	-459.5	1.39	1120.15	1
58.11	0	1123.8	129.7	0.07	0.0	-0.09	0.0	4	4650	-813.5	-457.6	1.61	1123.78	1
58.21	0	1127.3	129.0	0.07	0.0	-0.05	0.0	4	4624	-816.5	-455.6	1.76	1127.33	1
58.31	0	1130.9	128.3	0.1	0.0	-0.0	0.0	4	4603	-819.5	-453.7	1.84	1130.91	1
58.41	0	1134.5	127.7	0.12	0.0	-0.0	0.0	4	4588	-822.4	-451.6	1.88	1134.46	1
58.51	0	1138.0	127.2	0.14	0.0	-0.0	0.0	4	4574	-825.3	-449.6	1.88	1138.0	1
58.61	0	1141.5	126.8	0.2	0.0	-0.07	0.0	4	4573	-828.2	-447.6	1.84	1141.53	1
58.71	0	1145.0	126.4	0.21	0.0	-0.07	0.0	4	4564	-831.0	-445.5	1.78	1145.05	1
58.81	0	1148.5	126.0	0.21	0.0	-0.1	0.0	4	4552	-833.8	-443.4	1.68	1148.55	1
58.91	0	1152.0	125.6	0.21	0.0	-0.1	0.0	4	4544	-836.6	-441.3	1.54	1152.04	1
59.01	0	1155.5	125.3	0.25	0.0	-0.07	0.0	4	4535	-839.4	-439.1	1.35	1155.52	1
59.11	0	1159.0	124.9	0.25	0.0	-0.07	0.0	4	4522	-842.1	-436.9	1.1	1158.99	1
59.21	0	1162.5	124.6	0.25	0.0	-0.07	0.0	4	4512	-844.7	-434.7	0.79	1162.47	1
59.31	0	1165.9	124.3	0.25	0.0	-0.0	0.0	4	4500	-847.3	-432.4	0.43	1165.9	1
59.41	0	1169.3	124.0	0.25	0.0	-0.03	0.0	4	4487	-849.9	-430.1	0.03	1169.33	1
59.51	0	1172.7	123.8	0.25	0.0	-0.03	0.0	4	4479	-852.4	-427.8	-0.4	1172.73	1
59.61	0	1176.1	123.5	0.27	0.0	-0.0	0.0	4	4470	-854.9	-425.5	-0.86	1176.12	1
59.71	0	1179.5	123.3	0.27	0.0	0.0	0.0	4	4463	-857.4	-423.1	-1.33	1179.52	1
59.81	0	1183.3	123.1	0.27	0.0	0.0	0.0	4	4455	-859.9	-420.7	-1.18	1183.3	1
59.91	0	1186.7	122.9	0.23	0.0	-0.04	0.0	4	4442	-862.4	-418.4	-0.84	1186.71	1
60.01	0	1190.1	122.6	0.23	0.0	-0.07	0.0	4	4429	-864.9	-416.0	-0.51	1190.09	1
60.11	0	1193.5	122.3	0.23	0.0	-0.09	0.0	4	4419	-867.3	-413.6	-0.21	1193.48	1
60.21	0	1196.9	122.0	0.27	0.0	-0.09	0.0	4	4419	-869.7	-411.2	0.06	1196.86	1
60.31	0	1200.2	121.7	0.28	0.0	-0.09	0.0	4	4415	-872.1	-408.8	0.28	1200.23	1
60.41	0	1203.6	121.5	0.28	0.0	-0.0	0.0	4	4405	-874.4	-406.4	0.46	1203.61	1
60.51	0	1207.0	121.3	0.28	0.0	-0.0	0.0	4	4397	-876.7	-403.9	0.6	1206.99	1
60.61	0	1210.3	121.2	0.28	0.0	-0.0	0.0	4	4386	-879.0	-401.4	0.71	1210.35	1
60.71	0	1213.7	121.0	0.28	0.0	-0.0	0.0	4	4383	-881.2	-398.9	0.79	1213.72	1
60.81	0	1217.1	120.8	0.28	0.0	-0.05	0.0	4	4374	-883.5	-396.4	0.87	1217.06	1
60.91	0	1220.4	120.6	0.28	0.0	-0.06	0.0	4	4365	-885.7	-393.9	0.92	1220.41	1
61.01	0	1223.8	120.4	0.28	0.0	-0.07	0.0	4	4364	-887.9	-391.4	0.94	1223.76	1
61.11	0	1227.1	120.2	0.28	0.0	-0.09	0.0	4	4356	-890.0	-388.9	0.93	1227.1	1
61.21	0	1230.4	120.0	0.28	0.0	-0.09	0.0	4	4349	-892.2	-386.3	0.88	1230.43	1
61.32	0	1234.3	119.7	0.28	0.0	-0.12	0.0	4	4340	-894.6	-383.3	0.76	1234.28	1
61.42	0	1237.6	119.4	0.28	0.0	-0.12	0.0	4	4333	-896.6	-380.7	0.59	1237.57	1
61.52	0	1240.9	119.2	0.28	0.0	-0.12	0.0	4	4324	-898.6	-378.0	0.37	1240.87	1
61.62	0	1244.2	118.9	0.28	0.0	-0.09	0.0	4	4314	-900.5	-375.4	0.08	1244.15	1
61.72	0	1247.4	118.6	0.28	0.0	-0.07	0.0	4	4303	-902.4	-372.6	-0.27	1247.44	1
61.82	0	1250.7	118.4	0.28	0.0	-0.03	0.0	4	4292	-904.2	-369.9	-0.68	1250.7	1
61.92	0	1253.9	118.2	0.28	0.0	-0.0	0.0	4	4282	-905.9	-367.1	-1.14	1253.95	1
62.02	0	1257.6	118.0	0.28	0.0	0.0	0.0	4	4273	-907.6	-364.3	-1.63	1257.61	1
62.12	0	1260.9	117.8	0.27	0.0	0.0	0.0	4	4266	-909.3	-361.5	-1.34	1260.87	1
62.22	0	1264.1	117.6	0.27	0.0	0.0	0.0	4	4257	-911.0	-358.7	-1.06	1264.14	1
62.32	0	1267.4	117.5	0.27	0.0	-0.03	0.0	4	4247	-912.7	-355.9	-0.78	1267.4	1
62.42	0	1270.7	117.2	0.27	0.0	-0.04	0.0	4	4243	-914.4	-353.1	-0.51	1270.65	1
62.52	0	1273.9	117.0	0.27	0.0	-0.04	0.0	4	4235	-916.1	-350.3	-0.26	1273.9	1
62.62	0	1277.1	116.8	0.27	0.0	-0.04	0.0	4	4229	-917.7	-347.5	-0.03	1277.14	1
62.72	0	1280.4	116.6	0.27	0.0	-0.04	0.0	4	4221	-919.3	-344.7	0.18	1280.38	1
62.82	0	1283.6	116.4	0.27	0.0	-0.04	0.0	4	4211	-920.9	-341.9	0.36	1283.61	1
62.92	0	1286.8	116.2	0.27	0.0	-0.07	0.0	4	4206	-922.5	-339.0	0.51	1286.83	1
63.02	0	1290.1	116.0	0.27	0.0	-0.07	0.0	4	4199	-924.0	-336.2	0.63	1290.05	1
63.12	0	1293.3	115.7	0.27	0.0	-0.07	0.0	4	4191	-925.5	-333.3	0.71	1293.27	1
63.22	0	1296.5	115.5	0.27	0.0	-0.1	0.0	4	4182	-926.9	-330.5	0.75	1296.48	1
63.32	0	1299.7	115.2	0.27	0.0	-0.12	0.0	4	4175	-928.3	-327.5	0.73	1299.75	1
63.42	0	1302.9	115.0	0.27	0.0	-0.12	0.0	4	4167	-929.7	-324.6	0.67	1302.94	1
63.52	0	1306.1	114.7	0.27	0.0	-0.05	0.0	4	4157	-931.0	-321.7	0.54	1306.13	1
63.62	0	1309.3	114.5	0.27	0.0	-0.02	0.0	4	4145	-932.2	-318.8	0.36	1309.31	1
63.72	0	1312.5	114.3	0.27	0.0	-0.02	0.0	4	4135	-933.4	-315.8	0.14	1312.48	1
63.82	0	1315.6	114.1	0.27	0.0	-0.0	0.0	4	4127	-934.6	-312.9	-0.11	1315.64	1
63.92	0	1318.8	113.9	0.27	0.0	-0.0	0.0	4	4119	-935.7	-309.9	-0.38	1318.8	1
64.02	0	1321.9	113.7	0.27	0.0	-0.03	0.0	4	4111	-936.9	-307.0	-0.67	1321.95	1
64.12	0	1325.1	113.5	0.27	0.0	-0.05	0.0	4	4105	-938.0	-304.0	-0.97	1325.08	1
64.22	0	1328.2	113.3	0.3	0.0	-0.05	0.0	4	4102	-939.1	-301.1	-1.28	1328.21	1
64.32	0	1331.3	113.1	0.32	0.0	-0.05	0.0	4	4102	-940.1	-298.1	-1.62	1331.34	1
64.42	0	1334.9	113.0	0.32	0.0	-0.05	0.0	4	4098	-941.2	-295.2	-1.83	1334.94	1
64.52	0	1338.1	112.9	0.32	0.0	-0.05	0.0	4	4094	-942.2	-292.2	-1.46	1338.06	1
64.62	0	1341.2	112.8	0.32	0.0	-0.05	0.0	4	4092	-943.2	-289.2	-1.11	1341.18	1
64.72	0	1344.3	112.6	0.32	0.0	-0.05	0.0	4	4083	-944.1	-286.2	-0.79	1344.29	1
64.82	0	1347.4	112.5	0.32	0.0	-0.05	0.0	4	4078	-945.0	-283.2	-0.51	1347.4	1
64.92	0	1350.5	112.4	0.32	0.0	-0.05	0.0	4	4076	-945.9	-280.2	-0.26	1350.52	1
65.02	0	1353.6	112.3	0.32	0.0	-0.05	0.0	4	4071	-946.8	-277.2	-0.04	1353.63	1
65.12	0	1356.7	112.1	0.32	0.0	-0.05	0.0	4	4067	-947.6	-274.2	0.14	1356.74	1
65.22	0	1359.8	112.0	0.32	0.0	-0.07	0.0	4	4062	-948.4	-271.2	0.29	1359.84	1
65.32	0	1363.0	111.9	0.32	0.0	-0.07	0.0	4	4058	-949.2	-268.2	0.39	1362.96	1
65.42	0	1366.1	111.8	0.32	0.0	-0.07	0.0	4	4053	-949.9	-265.2	0.46	1366.06	1
65.56	0	1370.2	111.6	0.32	0.0	-0.07	0.0	4	4048	-950.8	-261.2	0.49	1370.2	1
65.66	0	1373.3	111.5	0.32	0.0	-0.05	0.0	4	4043	-951.5	-258.1	0.47	1373.29	1
65.76	0	1376.4	111.3	0.33	0.0	-0.05	0.0	4	4038	-952.1	-255.1	0.43	1376.39	1
65.86	0	1379.5	111.2	0.32	0.0	-0.01	0.0	4	4034	-952.7	-252.1	0.35	1379.48	1
65.96	0	1382.6	111.1	0.34	0.0	-0.0	0.0	4	4032	-953.2	-249.0	0.27	1382.55	1
66.06	0	1385.6	111.1	0.34	0.0	0.0	0.0	4	4028	-953.7	-246.0	0.18	1385.64	1
66.16	0	1388.7	111.0	0.36	0.0	0.0	0.0	4	4029	-954.2	-242.9	0.09	1388.73	1
66.26	0	1391.8	111.0	0.36	0.0	0.0	0.0	4	4027	-954.7	-239.9	0.01	1391.8	1
66.36	0	1394.9	110.9	0.36	0.0	0.0	0.0	4	4026	-955.3	-236.9	-0.05	1394.88	1
66.46	0	1398.0	110.9	0.4	0.0	-0.02	0.0	4	4030	-955.8	-233.8	-0.11	1397.96	1
66.56	0	1401.0	110.9	0.41	0.0	-0.02	0.0	4	4034	-956.3	-230.8	-0.16	1401.04	1
66.66	0	1404.1	110.9	0.41	0.0	-0.02	0.0	4	4042	-956.8	-227.8	-0.2	1404.11	1
66.76	0	1407.2	111.0	0.41	0.0	-0.02	0.0	4	4037	-957.3	-224.7	-0.23	1407.2	1
66.86	0	1410.9	111.0	0.41	0.0	-0.02	0.0	4	4039	-957.8	-221.7	-0.43	1410.87	1
66.96	0	1413.8	111.1	0.41	0.0	-0.03	0.0	4	4042	-958.2	-218.6	-0.33	1413.79	1
67.06	0	1416.9	111.1	0.41	0.0	-0.05	0.0	4	4044	-958.7	-215.6	-0.15	1416.87	1
67.16	0	1420.0	111.2	0.41	0.0	-0.05	0.0	4	4046	-959.1	-212.5	0.01	1419.96	1
67.26	0	1423.1	111.2	0.41	0.0	-0.05	0.0	4	4048	-959.5	-209.4	0.15	1423.06	1
67.38	0	1426.9	111.3	0.43	0.0	-0.02	0.0	4	4053	-960.0	-205.7	0.3	1426.85	1
67.46	0	1429.2	111.3	0.43	0.0	-0.02	0.0	4	4053	-960.3	-203.3	0.37	1429.22	1
67.56	0	1432.3	111.4	0.43	0.0	-0.0	0.0	4	4059	-960.7	-200.3	0.45	1432.29	1
67.66	0	1435.4	111.5	0.43	0.0	-0.0	0.0	4	4061	-961.0	-197.2	0.52	1435.4	1
67.76	0	1438.5	111.6	0.43	0.0	0.0	0.0	4	4059	-961.3	-194.1	0.58	1438.5	1
67.86	0	1441.6	111.6	0.44	0.0	0.0	0.0	4	4069	-961.7	-191.0	0.64	1441.6	1
67.96	0	1444.7	111.7	0.45	0.0	0.0	0.0	4	4072	-962.0	-187.9	0.69	1444.7	1
68.06	0	1447.8	111.9	0.48	0.0	0.0	0.0	4	4082	-962.3	-184.8	0.75	1447.8	1
68.16	0	1450.9	112.1	0.51	0.0	0.0	0.0	4	4095	-962.6	-181.8	0.8	1450.91	1
68.26	0	1454.0	112.3	0.51	0.0	0.0	0.0	4	4103	-963.0	-178.7	0.85	1454.03	1
68.36	0	1457.2	112.5	0.52	0.0	0.0	0.0	4	4114	-963.3	-175.5	0.91	1457.15	1
68.46	0	1460.3	112.7	0.52	0.0	-0.03	0.0	4	4124	-963.7	-172.4	0.96	1460.27	1
68.56	0	1463.4	113.0	0.52	0.0	-0.05	0.0	4	4135	-964.0	-169.3	1.01	1463.41	1
68.66	0	1466.5	113.2	0.52	0.0	-0.05	0.0	4	4145	-964.3	-166.2	1.05	1466.55	1
68.76	0	1469.7	113.5	0.52	0.0	-0.05	0.0	4	4149	-964.6	-163.1	1.07	1469.7	1
68.86	0	1472.8	113.7	0.52	0.0	-0.05	0.0	4	4161	-964.9	-159.9	1.06	1472.85	1
68.96	0	1476.0	113.9	0.52	0.0	-0.0	0.0	4	4171	-965.1	-156.8	1.04	1476.01	1
69.06	0	1479.2	114.2	0.52	0.0	0.01	0.0	4	4179	-965.4	-153.6	0.99	1479.17	1
69.16	0	1482.3	114.4	0.52	0.0	0.01	0.0	4	4191	-965.6	-150.5	0.94	1482.34	1
69.26	0	1485.5	114.7	0.52	0.0	0.01	0.0	4	4198	-965.8	-147.3	0.88	1485.52	1
69.36	0	1488.7	115.0	0.52	0.0	0.01	0.0	4	4205	-966.0	-144.1	0.82	1488.71	1
69.46	0	1491.9	115.2	0.51	0.0	0.01	0.0	4	4214	-966.3	-140.9	0.76	1491.89	1
69.56	0	1495.1	115.4	0.51	0.0	0.01	0.0	4	4222	-966.5	-137.7	0.71	1495.1	1
69.66	0	1498.3	115.7	0.51	0.0	-0.02	0.0	4	4231	-966.7	-134.5	0.66	1498.31	1
69.76	0	1501.5	115.9	0.51	0.0	-0.02	0.0	4	4240	-967.0	-131.3	0.61	1501.55	1
69.86	0	1504.7	116.1	0.51	0.0	-0.02	0.0	4	4249	-967.2	-128.1	0.55	1504.75	1
69.96	0	1508.0	116.4	0.51	0.0	-0.02	0.0	4	4257	-967.4	-124.9	0.49	1507.98	1
70.06	0	1511.2	116.6	0.51	0.0	-0.02	0.0	4	4266	-967.6	-121.7	0.43	1511.21	1
70.16	0	1514.5	116.8	0.51	0.0	-0.02	0.0	4	4276	-967.8	-118.4	0.35	1514.46	1
70.26	0	1517.7	117.1	0.51	0.0	0.01	0.0	4	4284	-968.0	-115.2	0.25	1517.7	1
70.36	0	1521.0	117.3	0.51	0.0	0.01	0.0	4	4293	-968.2	-111.9	0.15	1520.95	1
70.46	0	1524.2	117.6	0.51	0.0	0.01	0.0	4	4302	-968.4	-108.7	0.04	1524.21	1
70.56	0	1527.5	117.8	0.51	0.0	0.01	0.0	4	4311	-968.6	-105.4	-0.07	1527.5	1
70.66	0	1530.8	118.0	0.51	0.0	0.01	0.0	4	4321	-968.8	-102.1	-0.17	1530.76	1
70.76	0	1534.0	118.3	0.51	0.0	0.01	0.0	4	4330	-969.0	-98.9	-0.28	1534.04	1
70.86	0	1537.3	118.5	0.51	0.0	0.01	0.0	4	4339	-969.2	-95.6	-0.38	1537.33	1
70.96	0	1540.6	118.8	0.52	0.0	0.01	0.0	4	4353	-969.3	-92.3	-0.47	1540.6	1
71.08	0	1544.5	119.1	0.52	0.0	0.06	0.0	4	4366	-969.6	-88.4	-0.58	1544.55	1
71.16	0	1547.2	119.4	0.52	0.0	0.06	0.0	4	4375	-969.8	-85.7	-0.64	1547.23	1
71.26	0	1550.6	119.6	0.52	0.0	0.06	0.0	4	4386	-970.0	-82.4	-0.68	1550.55	1
71.36	0	1553.9	119.9	0.52	0.0	0.01	0.0	4	4396	-970.3	-79.0	-0.71	1553.94	1
71.46	0	1557.3	120.2	0.53	0.0	-0.0	0.0	4	4407	-970.6	-75.7	-0.71	1557.26	1
71.56	0	1560.6	120.5	0.51	0.0	-0.03	0.0	4	4411	-970.9	-72.4	-0.71	1560.59	1
71.66	0	1563.9	120.7	0.51	0.0	0.0	0.0	4	4420	-971.2	-69.0	-0.7	1563.94	1
71.76	0	1567.3	121.0	0.51	0.0	0.0	0.0	4	4430	-971.6	-65.7	-0.68	1567.29	1
71.86	0	1570.7	121.2	0.51	0.0	0.0	0.0	4	4440	-971.9	-62.3	-0.67	1570.66	1
71.96	0	1574.0	121.5	0.51	0.0	0.0	0.0	4	4448	-972.2	-59.0	-0.65	1574.02	1
72.06	0	1577.4	121.7	0.51	0.0	0.0	0.0	4	4461	-972.6	-55.6	-0.64	1577.41	1
72.16	0	1580.8	122.0	0.51	0.0	0.0	0.0	4	4469	-972.9	-52.3	-0.62	1580.79	1
72.26	0	1584.2	122.3	0.51	0.0	0.0	0.0	4	4480	-973.2	-48.9	-0.59	1584.18	1
72.36	0	1587.6	122.5	0.51	0.0	0.0	0.0	4	4488	-973.6	-45.5	-0.56	1587.57	1
72.46	0	1591.0	122.8	0.51	0.0	0.0	0.0	4	4500	-973.9	-42.1	-0.53	1590.99	1
72.56	0	1594.4	123.1	0.51	0.0	0.0	0.0	4	4509	-974.3	-38.7	-0.49	1594.4	1
72.66	0	1597.8	123.3	0.51	0.0	0.0	0.0	4	4519	-974.7	-35.3	-0.45	1597.82	1
72.76	0	1601.3	123.6	0.55	0.0	-0.02	0.0	4	4538	-975.0	-31.9	-0.4	1601.29	1
72.86	0	1604.7	124.0	0.55	0.0	-0.02	0.0	4	4552	-975.4	-28.5	-0.36	1604.69	1
72.96	0	1608.1	124.3	0.55	0.0	-0.02	0.0	4	4566	-975.8	-25.1	-0.32	1608.15	1
73.06	0	1611.6	124.7	0.55	0.0	-0.02	0.0	4	4579	-976.1	-21.6	-0.29	1611.6	1
73.16	0	1615.1	125.0	0.55	0.0	-0.02	0.0	4	4593	-976.5	-18.2	-0.27	1615.05	1
73.26	0	1618.5	125.5	0.55	0.0	-0.02	0.0	4	4608	-976.8	-14.7	-0.26	1618.52	1
73.36	0	1622.0	125.9	0.55	0.0	-0.02	0.0	4	4626	-977.1	-11.2	-0.27	1622.04	1
73.46	0	1625.5	126.4	0.55	0.0	-0.02	0.0	4	4643	-977.5	-7.7	-0.29	1625.54	1
73.56	0	1629.0	126.8	0.55	0.0	0.01	0.0	4	4657	-977.8	-4.3	-0.32	1629.04	1
73.66	0	1632.6	127.2	0.55	0.0	0.01	0.0	4	4677	-978.0	-0.7	-0.36	1632.57	1
73.76	0	1636.1	127.6	0.55	0.0	0.01	0.0	4	4690	-978.3	2.8	-0.41	1636.11	1
73.86	0	1639.7	128.0	0.55	0.0	0.01	0.0	4	4704	-978.6	6.3	-0.46	1639.66	1
73.96	0	1643.2	128.3	0.55	0.0	0.01	0.0	4	4717	-978.9	9.9	-0.5	1643.22	1
74.06	0	1646.8	128.7	0.55	0.0	0.01	0.0	4	4732	-979.2	13.4	-0.54	1646.78	1
74.16	0	1650.4	129.1	0.55	0.0	0.01	0.0	4	4746	-979.5	17.0	-0.58	1650.37	1
74.26	0	1654.0	129.4	0.55	0.0	0.01	0.0	4	4760	-979.8	20.6	-0.61	1653.95	1
74.36	0	1657.6	129.8	0.55	0.0	0.01	0.0	4	4774	-980.1	24.2	-0.64	1657.55	1
74.46	0	1661.2	130.2	0.55	0.0	0.01	0.0	4	4788	-980.4	27.8	-0.66	1661.16	1
74.56	0	1664.8	130.6	0.55	0.0	0.01	0.0	4	4802	-980.7	31.3	-0.67	1664.77	1
74.66	0	1668.4	130.9	0.55	0.0	0.02	0.0	4	4817	-981.1	35.0	-0.68	1668.41	1
74.76	0	1672.1	131.3	0.55	0.0	0.02	0.0	4	4831	-981.4	38.6	-0.68	1672.06	1
74.87	0	1676.1	131.7	0.55	0.0	0.02	0.0	4	4848	-981.8	42.7	-0.66	1676.15	1
74.97	0	1679.8	132.1	0.55	0.0	0.02	0.0	4	4857	-982.2	46.3	-0.62	1679.82	1
75.07	0	1683.5	132.5	0.55	0.0	0.02	0.0	4	4882	-982.6	50.0	-0.57	1683.5	1
75.17	0	1687.1	132.9	0.55	0.0	0.02	0.0	4	4892	-983.0	53.6	-0.65	1687.15	1
75.27	0	1690.8	133.3	0.55	0.0	0.02	0.0	4	4905	-983.4	57.3	-0.74	1690.85	1
75.37	0	1694.5	133.6	0.55	0.0	0.02	0.0	4	4920	-983.9	61.0	-0.8	1694.55	1
75.49	0	1698.9	134.1	0.55	0.0	0.03	0.0	4	4937	-984.5	65.3	-0.84	1698.89	1
75.59	0	1702.6	134.5	0.55	0.0	0.03	0.0	4	4952	-985.0	69.0	-0.85	1702.63	1
75.69	0	1706.4	134.9	0.55	0.0	0.01	0.0	4	4966	-985.5	72.7	-0.85	1706.37	1
75.79	0	1710.1	135.2	0.55	0.0	0.01	0.0	4	4980	-986.0	76.4	-0.82	1710.12	1
75.89	0	1713.9	135.6	0.55	0.0	0.01	0.0	4	4994	-986.6	80.1	-0.78	1713.87	1
75.99	0	1717.6	136.0	0.55	0.0	0.0	0.0	4	5009	-987.2	83.8	-0.72	1717.62	1
76.09	0	1721.4	136.4	0.55	0.0	0.0	0.0	4	5023	-987.8	87.6	-0.66	1721.4	1
76.18	0	1725.1	136.8	0.55	0.0	0.0	0.0	4	5039	-988.4	91.3	-0.76	1725.14	1
76.29	0	1729.0	137.2	0.58	0.0	0.0	0.0	4	5059	-989.0	95.1	-0.94	1728.95	1
76.39	0	1732.8	137.7	0.58	0.0	0.06	0.0	4	5087	-989.6	98.8	-1.12	1732.76	1
76.49	0	1736.6	138.2	0.58	0.0	0.04	0.0	4	5100	-990.2	102.6	-1.28	1736.61	1
76.59	0	1740.4	138.6	0.58	0.0	0.05	0.0	4	5119	-990.9	106.4	-1.42	1740.44	1
76.69	0	1744.3	139.1	0.58	0.0	0.1	0.0	4	5143	-991.6	110.2	-1.53	1744.29	1
76.79	0	1748.2	139.5	0.58	0.0	0.1	0.0	4	5157	-992.3	114.0	-1.6	1748.16	1
76.89	0	1752.0	139.9	0.58	0.0	0.1	0.0	4	5180	-993.1	117.8	-1.62	1752.04	1
76.99	0	1755.9	140.3	0.58	0.0	0.1	0.0	4	5202	-993.9	121.6	-1.58	1755.92	1
77.09	0	1759.8	140.7	0.58	0.0	0.1	0.0	4	5222	-994.8	125.4	-1.47	1759.83	1
77.18	0	1763.6	141.2	0.58	0.0	0.1	0.0	4	5244	-995.8	129.1	-1.46	1763.61	1
77.28	0	1767.5	141.7	0.58	0.0	0.1	0.0	4	5264	-996.9	132.9	-1.49	1767.53	1
77.38	0	1771.5	142.2	0.58	0.0	0.03	0.0	4	5280	-998.1	136.7	-1.42	1771.49	1
77.48	0	1775.4	142.7	0.58	0.0	0.03	0.0	4	5294	-999.3	140.5	-1.28	1775.44	1
77.58	0	1779.4	143.2	0.58	0.0	0.03	0.0	4	5308	-1000.6	144.2	-1.07	1779.41	1
77.68	0	1783.4	143.7	0.58	0.0	0.0	0.0	4	5322	-1002.0	147.9	-0.79	1783.38	1
77.8	0	1787.9	144.3	0.55	0.0	0.0	0.0	4	5330	-1003.6	152.2	-0.42	1787.89	1
77.9	0	1791.9	144.8	0.55	0.0	0.05	0.0	4	5345	-1005.1	155.9	-0.04	1791.89	1
78.09	0	1799.5	145.6	0.55	0.0	0.02	0.0	4	5374	-1008.0	163.0	0.77	1799.49	1
78.18	0	1803.3	146.0	0.55	0.0	0.01	0.0	4	5391	-1009.5	166.4	0.98	1803.31	1
78.41	0	1812.7	144.1	0.0	0.0	0.02	0.0	4	5142	-1013.3	175.1	1.54	1812.71	1
78.51	0	1816.6	143.2	0.0	0.0	0.02	0.0	4	5110	-1014.9	178.6	1.82	1816.64	1
78.62	0	1821.0	142.2	0.0	0.0	0.02	0.0	4	5074	-1016.7	182.6	2.16	1821.03	1
78.73	0	1825.1	141.3	0.0	0.0	0.02	0.0	4	5042	-1018.5	186.3	2.5	1825.09	1
78.85	0	1829.9	140.2	0.0	0.0	0.02	0.0	4	5004	-1020.5	190.7	2.93	1829.88	1
78.94	0	1833.5	139.4	0.0	0.0	0.02	0.0	4	4975	-1022.1	194.0	3.27	1833.5	1
79.04	0	1837.3	138.6	0.0	0.0	0.02	0.0	4	4946	-1023.8	197.4	3.66	1837.34	1
79.14	0	1841.4	137.7	0.0	0.0	0.02	0.0	4	4915	-1025.5	200.9	3.88	1841.43	1
79.24	0	1845.2	136.9	0.0	0.0	0.02	0.0	4	4885	-1027.2	204.3	4.04	1845.22	1
79.34	0	1849.0	136.0	0.0	0.0	0.02	0.0	4	4858	-1028.9	207.6	4.22	1849.0	1
79.44	0	1852.8	135.2	0.0	0.0	0.09	0.0	4	4824	-1030.6	211.0	4.41	1852.76	1
79.54	0	1856.5	134.4	0.0	0.0	-0.12	0.0	4	4797	-1032.4	214.3	4.62	1856.5	1
79.64	0	1860.2	133.5	0.0	0.0	-0.2	0.0	4	4771	-1034.1	217.6	4.81	1860.19	1
79.74	0	1863.9	132.7	0.0	0.0	-0.02	0.0	4	4736	-1035.7	220.9	4.96	1863.91	1
79.84	0	1867.6	131.8	0.0	0.0	-0.11	0.0	4	4706	-1037.3	224.2	5.07	1867.58	1
79.95	0	1871.4	131.0	0.0	0.0	0.0	0.0	4	4672	-1038.9	227.7	5.12	1871.37	1
80.05	0	1875.0	130.2	0.0	0.0	0.0	0.0	4	4645	-1040.4	231.0	5.12	1875.01	1
80.15	0	1878.8	129.4	0.0	0.0	0.0	0.0	4	4618	-1041.9	234.3	5.04	1878.8	1
80.25	0	1882.4	128.6	0.0	0.0	0.01	0.0	4	4591	-1043.3	237.6	4.85	1882.39	1
80.35	0	1885.9	127.8	0.0	0.0	0.01	0.0	4	4564	-1044.7	240.8	4.66	1885.94	1
80.45	0	1889.5	127.1	0.0	0.0	0.01	0.0	4	4538	-1046.1	244.1	4.47	1889.47	1
80.55	0	1893.0	126.3	0.0	0.0	0.06	0.0	4	4511	-1047.5	247.3	4.29	1892.99	1
80.65	0	1896.5	125.6	0.0	0.0	0.03	0.33	4	4484	-1049.0	250.5	4.12	1896.5	1
80.75	0	1900.0	124.8	0.0	0.0	0.03	0.8	4	4457	-1050.4	253.6	3.97	1899.98	1
80.85	0	1903.4	124.2	0.0	0.0	0.03	0.95	4	4344	-1051.8	256.8	3.83	1903.43	1
80.95	0	1907.0	123.6	0.0	0.0	0.01	0.95	4	4213	-1053.3	260.0	3.72	1906.96	1
81.05	0	1910.3	123.0	0.0	0.0	0.01	0.91	4	4110	-1054.8	263.1	3.66	1910.3	1
81.15	0	1913.7	122.2	0.0	0.0	0.01	0.93	4	4130	-1056.2	266.1	3.67	1913.68	1
81.25	0	1917.1	121.7	0.0	0.0	0.01	1.0	4	3931	-1057.7	269.2	3.7	1917.09	1
81.35	0	1920.5	121.3	0.0	0.0	0.01	1.0	4	3688	-1059.2	272.3	3.73	1920.46	1
81.45	0	1923.8	120.9	0.0	0.0	0.01	1.0	4	3461	-1060.7	275.3	3.76	1923.82	1
81.55	0	1927.2	120.5	0.0	0.0	0.0	1.0	3	3247	-1062.1	278.3	3.78	1927.23	1
81.65	0	1930.6	120.1	0.0	0.0	0.03	1.0	3	3047	-1063.6	281.3	3.78	1930.56	1
81.75	0	1933.9	118.9	0.0	0.0	0.01	0.68	3	3437	-1065.1	284.3	3.79	1933.9	1
81.87	0	1937.7	116.5	0.0	0.0	0.0	0.18	3	4600	-1066.8	287.7	3.81	1937.71	1
81.97	0	1940.9	114.9	0.0	0.0	0.0	0.0	3	4930	-1068.2	290.6	3.83	1940.93	1
82.07	0	1944.1	114.0	0.0	0.0	0.0	0.0	3	4921	-1069.7	293.4	3.85	1944.12	1
82.17	0	1947.3	113.3	0.0	0.0	-0.01	0.0	3	4888	-1071.1	296.2	3.88	1947.27	1
82.27	0	1950.4	112.5	0.0	0.0	-0.05	0.0	3	4855	-1072.5	299.0	3.91	1950.42	1
82.37	0	1953.5	111.7	0.06	0.0	0.0	0.0	3	4831	-1073.9	301.8	3.93	1953.52	1
82.47	0	1956.6	111.2	0.12	0.0	0.0	0.0	3	4833	-1075.2	304.6	3.94	1956.61	1
82.57	0	1959.7	110.7	0.16	0.0	0.0	0.0	3	4826	-1076.6	307.4	3.94	1959.71	1
82.69	0	1963.4	110.3	0.16	0.0	0.0	0.0	3	4808	-1078.2	310.7	3.94	1963.4	1
82.77	0	1965.8	110.0	0.17	0.0	-0.02	0.0	3	4801	-1079.3	312.8	3.94	1965.83	1
82.87	0	1968.9	109.7	0.21	0.0	-0.02	0.0	3	4799	-1080.7	315.6	3.93	1968.89	1
82.97	0	1971.9	109.6	0.25	0.0	-0.02	0.0	3	4804	-1082.0	318.3	3.92	1971.94	1
83.07	0	1975.0	109.5	0.27	0.0	-0.02	0.0	3	4804	-1083.3	321.1	3.91	1974.99	1
83.17	0	1978.0	109.5	0.32	0.0	-0.02	0.0	3	4820	-1084.7	323.8	3.88	1978.03	1
83.27	0	1981.1	109.5	0.32	0.0	-0.05	0.0	3	4823	-1086.0	326.6	3.85	1981.08	1
83.37	0	1984.1	109.6	0.34	0.0	-0.02	0.0	3	4834	-1087.3	329.3	3.8	1984.1	1
83.47	0	1987.1	109.8	0.4	0.0	-0.02	0.0	3	4858	-1088.6	332.1	3.75	1987.15	1
83.57	0	1990.2	110.0	0.4	0.0	-0.0	0.0	3	4866	-1089.9	334.8	3.69	1990.21	1
83.67	0	1993.2	110.3	0.38	0.0	0.0	0.0	3	4877	-1091.1	337.6	3.61	1993.25	1
83.77	0	1996.3	110.6	0.41	0.0	0.0	0.0	3	4900	-1092.4	340.4	3.54	1996.32	1
83.87	0	1999.4	110.9	0.43	0.0	0.0	0.0	3	4919	-1093.7	343.2	3.45	1999.4	1
83.97	0	2002.5	111.2	0.43	0.0	0.0	0.0	3	4936	-1095.0	346.0	3.37	2002.48	1
84.07	0	2005.6	111.6	0.43	0.0	0.0	0.0	3	4954	-1096.3	348.8	3.3	2005.58	1
84.17	0	2008.7	112.0	0.45	0.0	0.0	0.0	3	4972	-1097.6	351.6	3.22	2008.69	1
84.27	0	2011.8	112.4	0.47	0.0	0.02	0.0	3	4998	-1098.9	354.5	3.15	2011.81	1
84.37	0	2014.9	112.8	0.47	0.0	0.09	0.0	3	5023	-1100.2	357.3	3.08	2014.92	1
84.47	0	2018.1	113.3	0.48	0.0	0.07	0.0	3	5054	-1101.6	360.1	3.05	2018.06	1
84.57	0	2021.2	113.8	0.48	0.0	0.02	0.0	3	5078	-1103.0	363.0	3.04	2021.22	1
84.67	0	2024.4	114.3	0.48	0.0	0.01	0.0	3	5098	-1104.4	365.8	3.07	2024.39	1
84.77	0	2027.6	114.8	0.48	0.0	0.0	0.0	3	5120	-1105.8	368.6	3.12	2027.57	1
84.87	0	2030.8	115.3	0.47	0.0	-0.01	0.0	3	5140	-1107.3	371.5	3.19	2030.76	1
84.97	0	2034.0	115.7	0.41	0.0	-0.07	0.0	3	5135	-1108.8	374.3	3.28	2033.96	1
85.07	0	2037.2	116.1	0.41	0.0	-0.02	0.0	3	5150	-1110.3	377.1	3.35	2037.17	1
85.17	0	2040.4	116.4	0.41	0.0	-0.02	0.0	3	5165	-1111.7	380.0	3.41	2040.41	1
85.27	0	2043.6	116.7	0.41	0.0	-0.0	0.0	3	5180	-1113.2	382.9	3.46	2043.65	1
85.37	0	2046.9	117.1	0.46	0.0	-0.0	0.0	3	5211	-1114.7	385.8	3.49	2046.89	1
85.47	0	2050.1	117.6	0.47	0.0	-0.0	0.0	3	5238	-1116.1	388.7	3.52	2050.15	1
85.57	0	2053.4	118.1	0.47	0.0	-0.0	0.0	3	5260	-1117.6	391.6	3.54	2053.42	1
85.67	0	2056.7	118.6	0.47	0.0	-0.0	0.0	3	5283	-1119.1	394.6	3.55	2056.71	1
85.77	0	2060.0	119.1	0.47	0.0	-0.0	0.0	3	5306	-1120.5	397.5	3.56	2060.01	1
85.87	0	2063.3	119.6	0.47	0.0	-0.0	0.0	3	5328	-1122.0	400.5	3.57	2063.32	1
85.97	0	2066.7	120.1	0.47	0.0	-0.03	0.0	3	5351	-1123.5	403.5	3.58	2066.66	1
86.07	0	2070.0	120.6	0.47	0.0	-0.03	0.0	3	5375	-1124.9	406.5	3.58	2070.0	1
86.17	0	2073.3	121.1	0.47	0.0	-0.03	0.0	3	5398	-1126.4	409.5	3.57	2073.34	1
86.27	0	2076.7	121.5	0.47	0.0	-0.03	0.0	3	5432	-1127.9	412.6	3.54	2076.73	1
86.37	0	2080.1	122.1	0.47	0.0	-0.05	0.0	3	5438	-1129.3	415.6	3.49	2080.1	1
86.47	0	2083.5	122.6	0.47	0.0	-0.02	0.0	3	5465	-1130.7	418.7	3.41	2083.5	1
86.58	0	2087.4	123.1	0.47	0.0	-0.0	0.0	3	5495	-1132.3	422.2	3.29	2087.39	1
86.68	0	2090.9	123.6	0.47	0.0	0.0	0.0	3	5514	-1133.8	425.4	3.16	2090.88	1
86.78	0	2094.3	124.2	0.47	0.0	0.0	0.0	3	5538	-1135.1	428.6	3.02	2094.31	1
86.88	0	2097.8	124.7	0.47	0.0	0.0	0.0	3	5562	-1136.5	431.8	2.89	2097.76	1
86.98	0	2101.3	125.2	0.47	0.0	0.0	0.0	3	5588	-1137.9	435.0	2.76	2101.25	1
87.08	0	2104.7	125.7	0.47	0.0	0.0	0.0	3	5607	-1139.3	438.1	2.64	2104.71	1
87.18	0	2108.2	126.1	0.34	0.0	-0.07	0.0	3	5581	-1140.7	441.3	2.52	2108.21	1
87.28	0	2111.7	126.0	0.13	0.0	-0.0	0.0	3	5501	-1142.1	444.6	2.4	2111.73	1
87.38	0	2115.2	125.5	0.0	0.0	-0.0	0.0	3	5425	-1143.5	447.8	2.27	2115.2	1
87.48	0	2118.7	124.6	0.0	0.0	-0.0	0.0	3	5374	-1144.9	451.0	2.12	2118.68	1
87.58	0	2122.1	123.7	0.0	0.0	-0.0	0.0	3	5333	-1146.2	454.1	1.99	2122.1	1
87.68	0	2125.5	122.9	0.0	0.0	-0.0	0.0	3	5299	-1147.6	457.3	1.86	2125.54	1
87.78	0	2128.9	122.0	0.0	0.0	-0.07	0.0	3	5260	-1148.9	460.4	1.71	2128.93	1
87.88	0	2132.3	121.1	0.0	0.0	-0.12	0.0	3	5225	-1150.2	463.5	1.53	2132.32	1
87.98	0	2135.7	120.2	0.0	0.0	-0.12	0.0	3	5187	-1151.4	466.7	1.27	2135.67	1
88.08	0	2139.0	119.3	0.0	0.0	-0.12	0.0	3	5152	-1152.6	469.8	0.95	2138.98	1
88.18	0	2142.3	118.4	0.0	0.0	-0.12	0.0	3	5101	-1153.7	472.9	0.58	2142.26	1
88.28	0	2145.8	117.5	0.0	0.0	-0.14	0.0	3	5073	-1154.8	476.0	-0.06	2145.8	1
88.38	0	2150.0	116.6	0.0	0.0	-0.1	0.0	3	5030	-1155.7	479.1	1.49	2149.98	1
88.48	0	2153.2	115.7	0.0	0.0	-0.1	0.0	3	4990	-1156.6	482.2	1.6	2153.2	1
88.58	0	2156.4	114.8	0.0	0.0	-0.13	0.0	3	4953	-1157.5	485.3	1.63	2156.39	1
88.68	0	2159.6	113.9	0.0	0.0	-0.14	0.0	3	4915	-1158.2	488.4	1.59	2159.58	1
88.78	0	2162.7	113.0	0.0	0.0	-0.16	0.0	3	4877	-1158.9	491.4	1.48	2162.73	1
88.88	0	2165.8	112.1	0.0	0.0	-0.17	0.0	3	4839	-1159.5	494.5	1.29	2165.84	1
88.98	0	2168.9	111.1	0.0	0.0	-0.14	0.0	3	4799	-1160.0	497.6	1.02	2168.94	1
89.08	0	2172.0	110.2	0.0	0.0	-0.14	0.0	3	4759	-1160.4	500.6	0.68	2172.01	1
89.18	0	2175.0	109.3	0.0	0.0	-0.2	0.0	3	4719	-1160.7	503.7	0.27	2175.03	1
89.28	0	2178.0	108.4	0.0	0.0	-0.21	0.0	3	4681	-1160.9	506.7	-0.21	2178.01	1
89.38	0	2180.9	107.4	0.0	0.0	-0.16	0.0	3	4645	-1161.1	509.7	-0.77	2180.95	1
89.48	0	2184.2	106.5	0.0	0.0	-0.14	0.0	3	4600	-1161.1	512.6	-0.63	2184.22	1
89.58	0	2187.2	105.7	0.0	0.0	-0.14	0.0	3	4563	-1161.1	515.6	-0.36	2187.15	1
89.68	0	2190.1	104.8	0.0	0.0	-0.14	0.0	3	4524	-1161.0	518.5	-0.17	2190.07	1
89.78	0	2193.0	104.0	0.0	0.0	-0.14	0.0	3	4493	-1160.8	521.4	-0.05	2192.96	1
89.88	0	2195.8	103.2	0.0	0.0	-0.14	0.0	3	4458	-1160.5	524.3	-0.02	2195.84	1
89.98	0	2198.7	102.3	0.0	0.0	-0.14	0.0	3	4423	-1160.2	527.1	-0.06	2198.7	1
90.08	0	2201.5	101.5	0.0	0.0	-0.14	0.0	3	4389	-1159.7	529.9	-0.18	2201.53	1
90.18	0	2204.3	100.8	0.0	0.0	-0.14	0.0	3	4356	-1159.3	532.7	-0.36	2204.33	1
90.28	0	2207.1	100.0	0.0	0.0	-0.13	0.0	3	4321	-1158.7	535.4	-0.6	2207.11	1
90.38	0	2209.9	99.2	0.0	0.0	-0.14	0.0	3	4285	-1158.1	538.1	-0.91	2209.86	1
90.48	0	2212.6	98.5	0.0	0.0	-0.12	0.0	3	4255	-1157.4	540.8	-1.28	2212.58	1
90.6	0	2216.3	97.6	0.0	0.0	-0.1	0.0	3	4220	-1156.5	543.8	-1.71	2216.27	1
90.7	0	2218.9	96.9	0.0	0.0	-0.1	0.0	3	4188	-1155.7	546.4	-1.37	2218.95	1
90.8	0	2221.6	96.2	0.0	0.0	-0.14	0.0	3	4158	-1154.9	548.9	-1.09	2221.62	1
90.9	0	2224.3	95.5	0.08	0.0	-0.17	0.0	3	4145	-1154.0	551.4	-0.87	2224.26	1
91.0	0	2226.9	94.9	0.08	0.0	-0.21	0.0	3	4128	-1153.1	553.9	-0.71	2226.9	1
91.1	0	2229.5	94.3	0.08	0.0	-0.21	0.0	3	4104	-1152.1	556.3	-0.63	2229.53	1
91.2	0	2232.1	93.7	0.08	0.0	-0.21	0.0	3	4079	-1151.0	558.7	-0.62	2232.12	1
91.3	0	2234.7	93.1	0.08	0.0	-0.2	0.0	3	4052	-1149.9	561.0	-0.69	2234.73	1
91.4	0	2237.3	92.5	0.08	0.0	-0.16	0.0	3	4025	-1148.6	563.3	-0.84	2237.3	1
91.5	0	2239.8	92.0	0.12	0.0	-0.16	0.0	3	4007	-1147.4	565.5	-1.05	2239.85	1
91.6	0	2242.4	91.5	0.16	0.0	-0.12	0.0	3	3994	-1146.1	567.7	-1.34	2242.38	1
91.7	0	2244.9	91.1	0.16	0.0	-0.1	0.0	3	3975	-1144.7	569.9	-1.68	2244.89	1
91.82	0	2247.9	90.6	0.16	0.0	-0.1	0.0	3	3953	-1143.0	572.4	-2.16	2247.91	1
91.93	0	2251.6	90.3	0.16	0.0	-0.1	0.0	3	3935	-1141.3	574.7	-2.07	2251.64	1
92.03	0	2254.1	89.9	0.16	0.0	-0.1	0.0	3	3920	-1139.8	576.6	-1.66	2254.1	1
92.13	0	2256.6	89.5	0.09	0.0	-0.1	0.0	3	3892	-1138.3	578.6	-1.29	2256.57	1
92.23	0	2259.0	89.0	0.09	0.0	-0.17	0.0	3	3870	-1136.7	580.5	-0.96	2259.02	1
92.33	0	2261.5	88.5	0.09	0.0	-0.17	0.0	3	3851	-1135.1	582.4	-0.69	2261.48	1
92.43	0	2263.9	88.0	0.09	0.0	-0.17	0.0	3	3829	-1133.5	584.2	-0.48	2263.91	1
92.53	0	2266.3	87.5	0.09	0.0	-0.18	0.0	3	3807	-1131.8	586.0	-0.34	2266.35	1
92.63	0	2268.8	87.0	0.09	0.0	-0.2	0.0	3	3785	-1130.1	587.7	-0.26	2268.77	1
92.73	0	2271.2	86.5	0.09	0.0	-0.12	0.0	3	3762	-1128.3	589.4	-0.25	2271.18	1
92.83	0	2273.6	86.0	0.11	0.0	-0.07	0.0	3	3743	-1126.6	591.0	-0.3	2273.57	1
92.93	0	2276.0	85.6	0.09	0.0	-0.07	0.0	3	3720	-1124.8	592.6	-0.4	2275.96	1
93.03	0	2278.3	85.2	0.07	0.0	-0.03	0.0	3	3694	-1122.9	594.1	-0.53	2278.33	1
93.13	0	2280.7	84.6	0.0	0.0	-0.16	0.0	3	3661	-1121.1	595.6	-0.7	2280.67	1
93.23	0	2283.3	84.0	0.0	0.0	-0.14	0.0	3	3640	-1119.3	597.0	-0.7	2283.28	1
93.33	0	2285.6	83.4	0.0	0.0	-0.12	0.0	3	3611	-1117.4	598.4	-0.2	2285.55	1
93.43	0	2287.8	82.8	0.0	0.0	-0.12	0.0	3	3585	-1115.5	599.7	0.25	2287.8	1
93.53	0	2290.1	82.3	0.0	0.0	-0.14	0.0	3	3561	-1113.6	601.1	0.65	2290.08	1
93.63	0	2292.3	81.6	0.0	0.0	-0.23	0.0	3	3538	-1111.7	602.3	0.96	2292.32	1
93.73	0	2294.6	81.0	0.0	0.0	-0.21	0.0	3	3513	-1109.8	603.5	1.13	2294.56	1
93.83	0	2296.8	80.4	0.0	0.0	-0.16	0.0	3	3485	-1107.9	604.6	1.03	2296.79	1
93.93	0	2299.0	79.8	0.0	0.0	-0.07	0.0	3	3455	-1105.9	605.7	0.55	2299.01	1
94.03	0	2301.2	79.3	0.0	0.0	-0.07	0.0	3	3431	-1104.0	606.7	-0.16	2301.22	1
94.13	0	2303.4	78.7	0.0	0.0	-0.07	0.0	3	3408	-1102.0	607.7	-0.75	2303.41	1
94.23	0	2305.6	78.2	0.0	0.0	-0.1	0.0	3	3385	-1100.1	608.7	-1.12	2305.59	1
94.33	0	2307.7	77.7	0.0	0.0	-0.1	0.0	3	3362	-1098.1	609.6	-1.33	2307.75	1
94.43	0	2309.9	77.1	0.0	0.0	-0.1	0.0	3	3340	-1096.1	610.4	-1.45	2309.89	1
94.59	0	2317.7	75.7	0.06	0.0	-0.0	0.0	3	3282	-1093.1	611.7	-0.46	2317.69	1
94.67	0	2317.7	65.1	0.0	0.0	-0.1	0.0	3	3171	-1091.5	612.3	0.78	2317.69	1
94.77	0	2320.4	53.3	0.0	0.0	-0.1	0.0	3	2891	-1090.0	612.2	-0.25	2320.39	1
94.87	0	2320.4	45.5	0.0	0.0	-0.12	0.0	3	2117	-1088.6	612.3	1.04	2320.4	1
94.97	0	2323.3	45.6	0.0	0.0	-0.12	0.0	3	1919	-1087.3	612.4	1.16	2323.32	1
95.07	0	2324.6	45.1	0.0	0.0	-0.0	0.0	3	1953	-1086.1	612.6	0.98	2324.57	1
95.17	0	2325.8	44.9	0.09	0.0	0.0	0.0	3	1952	-1084.8	612.8	0.83	2325.81	1
95.27	0	2327.1	44.7	0.1	0.0	0.0	0.0	3	1943	-1083.6	613.0	0.7	2327.05	1
95.37	0	2328.3	44.4	0.12	0.0	0.05	0.0	3	1934	-1082.4	613.2	0.56	2328.28	1
95.47	0	2329.5	44.3	0.25	0.0	0.0	0.0	3	1934	-1081.2	613.5	0.43	2329.51	1
95.57	0	2330.7	44.2	0.32	0.0	-0.03	0.0	3	1934	-1080.0	613.7	0.3	2330.73	1
95.67	0	2332.0	44.2	0.38	0.0	-0.03	0.0	3	1936	-1078.8	613.9	0.16	2331.95	1
95.77	0	2333.2	44.2	0.45	0.0	-0.03	0.0	3	1941	-1077.5	614.1	0.03	2333.17	1
95.87	0	2334.4	44.3	0.47	0.0	-0.03	0.0	3	1945	-1076.3	614.3	-0.12	2334.4	1
95.97	0	2335.6	44.4	0.47	0.0	-0.0	0.0	3	1949	-1075.1	614.5	-0.26	2335.62	1
96.07	0	2336.8	44.5	0.51	0.0	0.0	0.0	3	1954	-1073.9	614.7	-0.41	2336.85	1
96.17	0	2338.1	44.6	0.51	0.0	0.0	0.0	3	1959	-1072.7	614.9	-0.55	2338.07	1
96.27	0	2339.3	44.7	0.51	0.0	0.0	0.0	3	1963	-1071.5	615.1	-0.7	2339.31	1
96.37	0	2340.5	44.8	0.51	0.0	0.0	0.0	3	1968	-1070.2	615.3	-0.84	2340.54	1
96.47	0	2341.8	44.9	0.52	0.0	0.0	0.0	3	1974	-1069.0	615.6	-0.99	2341.78	1
96.57	0	2343.0	45.0	0.52	0.0	0.0	0.0	3	1979	-1067.8	615.8	-1.14	2343.02	1
96.67	0	2344.3	45.2	0.52	0.0	0.0	0.0	3	1984	-1066.5	616.0	-1.29	2344.26	1
96.77	0	2345.5	45.3	0.52	0.0	0.0	0.0	3	1989	-1065.3	616.2	-1.43	2345.51	1
96.87	0	2346.8	45.4	0.52	0.0	0.0	0.0	3	1994	-1064.1	616.4	-1.58	2346.76	1
96.97	0	2348.0	45.5	0.54	0.0	0.0	0.0	3	2001	-1062.8	616.6	-1.73	2348.01	1
97.07	0	2349.3	45.7	0.56	0.0	0.05	0.0	3	2008	-1061.6	616.8	-1.88	2349.27	1
97.17	0	2350.5	45.8	0.58	0.0	0.06	0.0	3	2015	-1060.3	617.1	-2.02	2350.54	1
97.27	0	2351.8	46.0	0.58	0.0	0.02	0.0	3	2022	-1059.1	617.3	-2.15	2351.82	1
97.37	0	2353.1	46.1	0.58	0.0	0.05	0.0	3	2029	-1057.8	617.5	-2.27	2353.09	1
97.47	0	2354.4	46.3	0.58	0.0	0.09	0.0	3	2036	-1056.5	617.8	-2.39	2354.38	1
97.57	0	2355.6	46.4	0.58	0.0	0.13	0.0	3	2043	-1055.3	618.0	-2.49	2355.65	1
97.69	0	2357.1	46.6	0.58	0.0	0.06	0.0	3	2050	-1053.8	618.4	-2.59	2357.14	1
97.79	0	2358.4	46.8	0.58	0.0	0.05	0.0	3	2056	-1052.6	618.6	-2.67	2358.43	1
97.89	0	2359.7	46.9	0.58	0.0	0.02	0.0	3	2063	-1051.3	618.9	-2.74	2359.73	1
97.99	0	2361.0	47.1	0.58	0.0	0.03	0.0	3	2070	-1050.0	619.2	-2.81	2361.03	1
98.09	0	2362.3	47.2	0.58	0.0	0.03	0.0	3	2077	-1048.8	619.5	-2.87	2362.34	1
98.19	0	2363.6	47.4	0.58	0.0	0.03	0.0	3	2084	-1047.5	619.8	-2.94	2363.65	1
98.29	0	2365.0	47.5	0.6	0.0	0.03	0.0	3	2091	-1046.2	620.1	-2.99	2364.97	1
98.39	0	2366.3	47.7	0.6	0.0	0.03	0.0	3	2099	-1044.9	620.5	-3.05	2366.29	1
98.49	0	2367.6	47.9	0.62	0.0	0.03	0.0	3	2108	-1043.6	620.8	-3.1	2367.61	1
98.59	0	2368.9	48.1	0.63	0.0	0.03	0.0	3	2117	-1042.3	621.1	-3.15	2368.94	1
98.7	0	2370.4	48.3	0.63	0.0	0.03	0.0	3	2126	-1040.9	621.5	-3.2	2370.38	1
98.79	0	2371.7	48.5	0.63	0.0	0.03	0.0	3	2134	-1039.6	621.8	-3.24	2371.72	1
98.89	0	2373.1	48.7	0.63	0.0	0.03	0.0	3	2143	-1038.3	622.1	-3.27	2373.07	1
99.0	0	2374.4	48.8	0.34	0.0	-0.0	0.04	3	2133	-1037.0	622.5	-3.31	2374.44	1
99.1	0	2375.8	48.6	0.0	0.0	0.01	0.44	3	2107	-1035.7	622.8	-3.34	2375.79	1
99.2	0	2377.1	48.3	0.0	0.0	0.0	0.95	3	2093	-1034.4	623.2	-3.37	2377.13	1
99.3	0	2378.5	48.1	0.0	0.0	0.0	1.0	3	1975	-1033.1	623.5	-3.4	2378.47	1
99.4	0	2379.8	48.0	0.0	0.0	0.0	1.0	3	1955	-1031.8	623.9	-3.43	2379.81	1
99.5	0	2381.1	47.6	0.0	0.0	0.0	0.87	2	2047	-1030.5	624.2	-3.46	2381.14	1
99.6	0	2382.4	46.3	0.0	0.0	0.0	0.6	2	2523	-1029.3	624.5	-3.49	2382.44	1
99.7	0	2383.7	45.7	0.0	0.0	0.0	0.01	2	2576	-1028.0	624.9	-3.52	2383.72	1
99.8	0	2385.0	45.3	0.0	0.0	0.0	0.0	2	2554	-1026.8	625.2	-3.55	2384.98	1
99.9	0	2386.2	44.9	0.06	0.0	0.02	0.0	2	2536	-1025.6	625.5	-3.57	2386.23	1
100.0	0	2387.5	44.6	0.25	0.0	0.1	0.0	2	2534	-1024.4	625.8	-3.59	2387.48	1
100.1	0	2388.7	44.5	0.36	0.0	0.1	0.0	2	2537	-1023.2	626.2	-3.6	2388.72	1
100.2	0	2390.0	44.6	0.49	0.0	0.01	0.0	2	2548	-1022.0	626.5	-3.6	2389.95	1
100.3	0	2391.2	44.7	0.55	0.0	0.01	0.0	2	2561	-1020.8	626.9	-3.6	2391.19	1
100.4	0	2392.4	44.9	0.53	0.0	0.01	0.0	2	2569	-1019.6	627.2	-3.59	2392.43	1
100.5	0	2393.7	45.0	0.53	0.0	0.01	0.0	2	2578	-1018.4	627.6	-3.59	2393.68	1
100.6	0	2394.9	45.2	0.53	0.0	0.06	0.0	2	2587	-1017.2	627.9	-3.59	2394.93	1
100.7	0	2396.2	45.3	0.53	0.0	0.1	0.0	2	2596	-1016.0	628.3	-3.57	2396.19	1
100.8	0	2397.4	45.5	0.53	0.0	0.1	0.0	2	2605	-1014.8	628.7	-3.54	2397.45	1
100.9	0	2398.7	45.6	0.54	0.0	0.03	0.0	2	2613	-1013.6	629.1	-3.5	2398.71	1
101.0	0	2400.0	45.8	0.55	0.0	0.01	0.0	2	2623	-1012.4	629.4	-3.45	2399.98	1
101.1	0	2401.3	46.0	0.55	0.0	-0.0	0.0	2	2633	-1011.2	629.8	-3.41	2401.26	1
101.2	0	2402.5	46.1	0.55	0.0	-0.0	0.0	2	2642	-1010.0	630.2	-3.36	2402.53	1
101.3	0	2403.8	46.3	0.54	0.0	-0.0	0.0	2	2651	-1008.8	630.6	-3.32	2403.82	1
101.4	0	2405.1	46.5	0.55	0.0	0.06	0.0	2	2660	-1007.6	631.1	-3.27	2405.1	1
101.5	0	2406.4	46.6	0.55	0.0	0.06	0.0	2	2670	-1006.3	631.5	-3.21	2406.41	1
101.6	0	2407.7	46.8	0.54	0.0	0.07	0.0	2	2679	-1005.1	631.9	-3.15	2407.69	1
101.73	0	2409.4	47.0	0.52	0.0	0.05	0.0	2	2689	-1003.5	632.5	-3.05	2409.43	1
101.83	0	2410.7	47.1	0.56	0.0	0.05	0.0	2	2700	-1002.2	632.9	-2.97	2410.73	1
101.93	0	2412.0	47.3	0.56	0.0	0.05	0.0	2	2711	-1001.0	633.4	-2.88	2412.04	1
102.03	0	2413.4	47.5	0.56	0.0	0.01	0.0	2	2721	-999.8	633.8	-2.79	2413.36	1
102.13	0	2414.7	47.7	0.58	0.0	0.01	0.0	2	2733	-998.5	634.3	-2.7	2414.68	1
102.23	0	2416.0	47.9	0.58	0.0	0.01	0.0	2	2744	-997.3	634.7	-2.6	2416.0	1
102.33	0	2417.3	48.1	0.58	0.0	0.01	0.0	2	2756	-996.0	635.2	-2.5	2417.33	1
102.43	0	2418.7	48.3	0.58	0.0	0.01	0.0	2	2767	-994.8	635.7	-2.4	2418.66	1
102.53	0	2420.0	48.5	0.58	0.0	0.01	0.0	2	2778	-993.5	636.1	-2.3	2420.0	1
102.63	0	2421.4	48.7	0.58	0.0	0.01	0.0	2	2789	-992.3	636.6	-2.19	2421.35	1
102.75	0	2422.9	48.9	0.58	0.0	0.01	0.0	2	2801	-990.8	637.2	-2.07	2422.92	1
102.85	0	2424.3	49.1	0.58	0.0	-0.0	0.0	2	2812	-989.5	637.6	-1.96	2424.28	1
102.95	0	2425.6	49.3	0.58	0.0	-0.0	0.0	2	2823	-988.2	638.1	-1.85	2425.64	1
103.05	0	2427.0	49.5	0.58	0.0	-0.0	0.0	2	2834	-986.9	638.6	-1.74	2427.01	1
103.15	0	2428.4	49.7	0.58	0.0	-0.0	0.0	2	2845	-985.7	639.1	-1.63	2428.38	1
103.25	0	2429.8	49.8	0.58	0.0	-0.0	0.0	2	2856	-984.4	639.6	-1.52	2429.76	1
103.35	0	2431.1	50.0	0.58	0.0	-0.02	0.0	2	2868	-983.1	640.1	-1.41	2431.14	1
103.45	0	2432.5	50.2	0.58	0.0	-0.02	0.0	2	2880	-981.8	640.6	-1.3	2432.53	1
103.55	0	2433.9	50.5	0.58	0.0	-0.02	0.0	2	2893	-980.5	641.1	-1.2	2433.92	1
103.65	0	2435.3	50.7	0.58	0.0	-0.02	0.0	2	2906	-979.1	641.5	-1.09	2435.32	1
103.75	0	2436.7	50.9	0.58	0.0	-0.02	0.0	2	2919	-977.8	642.0	-0.99	2436.73	1
103.85	0	2438.1	51.1	0.58	0.0	-0.02	0.0	2	2934	-976.5	642.5	-0.89	2438.14	1
103.95	0	2439.6	51.4	0.58	0.0	-0.02	0.0	2	2948	-975.2	643.0	-0.79	2439.56	1
104.05	0	2441.0	51.6	0.58	0.0	-0.03	0.0	2	2963	-973.8	643.5	-0.7	2440.99	1
104.15	0	2442.4	51.9	0.58	0.0	-0.03	0.0	2	2979	-972.5	644.0	-0.61	2442.42	1
104.25	0	2443.9	52.2	0.58	0.0	-0.05	0.0	2	2995	-971.1	644.5	-0.52	2443.87	1
104.34	0	2445.3	52.4	0.58	0.0	-0.05	0.0	2	3011	-969.7	644.9	-0.45	2445.3	1
104.44	0	2446.8	52.7	0.58	0.0	-0.05	0.0	2	3030	-968.4	645.4	-0.37	2446.76	1
104.55	0	2448.2	53.0	0.58	0.0	-0.05	0.0	2	3048	-967.0	645.9	-0.31	2448.23	1
104.65	0	2449.7	53.4	0.62	0.0	-0.05	0.0	2	3071	-965.6	646.4	-0.26	2449.7	1
104.75	0	2451.2	53.7	0.62	0.0	-0.05	0.0	2	3094	-964.1	646.8	-0.21	2451.19	1
104.85	0	2452.7	54.1	0.62	0.0	-0.0	0.0	2	3118	-962.7	647.3	-0.18	2452.69	1
104.95	0	2454.2	54.5	0.62	0.0	-0.0	0.0	2	3142	-961.3	647.7	-0.14	2454.2	1
105.05	0	2455.7	54.9	0.62	0.0	-0.0	0.0	2	3167	-959.8	648.2	-0.1	2455.72	1
105.15	0	2457.2	55.4	0.62	0.0	-0.03	0.0	2	3194	-958.4	648.7	-0.07	2457.25	1
105.25	0	2458.8	55.8	0.62	0.0	-0.04	0.0	2	3221	-956.9	649.1	-0.04	2458.79	1
105.34	0	2460.3	56.3	0.6	0.0	-0.04	0.0	2	3245	-955.4	649.6	-0.01	2460.35	1
105.45	0	2461.9	56.7	0.6	0.0	-0.04	0.0	2	3273	-953.9	650.0	0.02	2461.92	1
105.55	0	2463.5	57.2	0.6	0.0	-0.04	0.0	2	3305	-952.4	650.5	0.03	2463.5	1
105.65	0	2465.1	57.7	0.6	0.0	-0.04	0.0	2	3328	-950.9	651.0	0.03	2465.1	1
105.75	0	2466.7	58.2	0.6	0.0	-0.04	0.0	2	3364	-949.3	651.4	0.03	2466.7	1
105.85	0	2468.3	58.7	0.6	0.0	-0.04	0.0	2	3402	-947.8	651.8	0.02	2468.33	1
105.95	0	2470.0	59.2	0.6	0.0	-0.04	0.0	2	3433	-946.2	652.3	-0.01	2469.97	1
106.05	0	2471.6	59.8	0.6	0.0	-0.04	0.0	2	3460	-944.6	652.7	-0.05	2471.62	1
106.15	0	2473.3	60.4	0.6	0.0	-0.08	0.0	2	3492	-943.0	653.1	-0.1	2473.29	1
106.25	0	2475.0	60.9	0.6	0.0	-0.12	0.0	2	3530	-941.3	653.5	-0.16	2474.98	1
106.35	0	2476.7	61.5	0.6	0.0	-0.12	0.0	2	3572	-939.7	653.9	-0.25	2476.68	1
106.45	0	2478.4	62.1	0.6	0.0	-0.12	0.0	2	3608	-938.0	654.3	-0.37	2478.39	1
106.55	0	2480.1	62.8	0.6	0.0	-0.12	0.0	2	3646	-936.3	654.7	-0.51	2480.12	1
106.65	0	2481.9	63.4	0.6	0.0	-0.12	0.0	2	3687	-934.6	655.0	-0.69	2481.87	1
106.77	0	2484.1	64.3	0.58	0.0	-0.09	0.0	2	3730	-932.4	655.3	-0.94	2484.06	1
106.86	0	2489.6	64.9	0.62	0.0	-0.05	0.0	2	3780	-930.8	655.6	-0.73	2489.57	1
106.96	0	2490.7	65.7	0.62	0.0	-0.03	0.0	2	3821	-929.0	655.9	-0.74	2490.7	1
107.06	0	2492.5	66.5	0.62	0.0	-0.0	0.0	2	3866	-927.2	656.1	-0.77	2492.54	1
107.16	0	2494.4	67.3	0.62	0.0	-0.0	0.0	2	3920	-925.3	656.4	-0.8	2494.41	1
107.26	0	2496.3	68.1	0.62	0.0	-0.03	0.0	2	3972	-923.5	656.6	-0.84	2496.29	1
107.36	0	2498.2	69.0	0.62	0.0	-0.07	0.0	2	4025	-921.6	656.9	-0.88	2498.19	1
107.46	0	2500.1	69.9	0.62	0.0	-0.08	0.0	2	4073	-919.7	657.1	-0.94	2500.12	1
107.56	0	2502.1	70.8	0.63	0.0	-0.1	0.0	2	4143	-917.7	657.3	-1.02	2502.08	1
107.66	0	2504.0	71.7	0.63	0.0	-0.12	0.0	2	4204	-915.8	657.5	-1.12	2504.05	1
107.76	0	2506.0	72.7	0.63	0.0	-0.12	0.0	2	4266	-913.8	657.7	-1.26	2506.05	1
107.86	0	2508.1	73.7	0.63	0.0	-0.12	0.0	2	4330	-911.7	657.8	-1.42	2508.07	1
107.96	0	2510.1	74.8	0.63	0.0	-0.12	0.0	2	4396	-909.7	657.9	-1.63	2510.12	1
108.06	0	2512.2	75.8	0.63	0.0	-0.1	0.0	2	4463	-907.6	658.0	-1.87	2512.2	1
108.16	0	2514.3	76.9	0.63	0.0	-0.12	0.0	2	4532	-905.4	658.0	-2.15	2514.32	1
108.26	0	2517.1	78.1	0.63	0.0	-0.1	0.0	2	4602	-903.3	658.0	-2.36	2517.07	1
108.36	0	2519.2	79.2	0.63	0.0	-0.1	0.0	2	4674	-901.1	658.0	-2.19	2519.25	1
108.46	0	2521.5	80.4	0.63	0.0	-0.1	0.0	2	4759	-898.9	657.9	-2.05	2521.46	1
108.56	0	2523.7	81.5	0.63	0.0	-0.14	0.0	2	4862	-896.7	657.7	-1.95	2523.7	1
108.66	0	2526.0	82.9	0.63	0.0	-0.12	0.0	2	4872	-894.4	657.6	-1.9	2525.99	1
108.76	0	2528.3	84.1	0.63	0.0	-0.14	0.0	2	4973	-892.1	657.3	-1.9	2528.3	1
108.86	0	2530.7	85.3	0.63	0.0	-0.17	0.0	2	5066	-889.7	657.0	-1.96	2530.66	1
108.96	0	2533.0	86.5	0.63	0.0	-0.14	0.0	2	5162	-887.4	656.6	-2.06	2533.04	1
109.06	0	2535.5	87.8	0.63	0.0	-0.14	0.0	2	5235	-885.0	656.2	-2.23	2535.45	1
109.16	0	2537.9	89.2	0.63	0.0	-0.14	0.0	2	5317	-882.6	655.7	-2.45	2537.9	1
109.26	0	2540.4	90.5	0.63	0.0	-0.14	0.0	2	5406	-880.2	655.1	-2.74	2540.37	1
109.36	0	2543.8	91.9	0.63	0.0	-0.07	0.0	2	5496	-877.7	654.5	-2.8	2543.76	1
109.46	0	2546.3	93.3	0.63	0.0	-0.07	0.0	2	5578	-875.3	653.8	-2.52	2546.3	1
109.56	0	2548.9	94.8	0.63	0.0	-0.12	0.0	2	5655	-872.8	653.0	-2.29	2548.91	1
109.66	0	2551.6	96.2	0.63	0.0	-0.12	0.0	2	5759	-870.2	652.2	-2.11	2551.56	1
109.76	0	2554.2	97.6	0.63	0.0	-0.12	0.0	2	5859	-867.7	651.2	-1.99	2554.24	1
109.86	0	2557.0	98.9	0.6	0.0	-0.16	0.0	2	5994	-865.2	650.2	-1.93	2556.97	1
109.96	0	2559.7	100.4	0.58	0.0	-0.16	0.0	2	5966	-862.6	649.2	-1.94	2559.74	1
110.06	0	2562.5	101.6	0.55	0.0	-0.17	0.0	2	6030	-860.1	648.0	-2.03	2562.55	1
110.16	0	2565.4	102.7	0.55	0.0	-0.17	0.0	2	6122	-857.5	646.7	-2.19	2565.38	1
110.26	0	2568.9	103.7	0.46	0.0	-0.02	0.29	2	6147	-855.0	645.4	-2.31	2568.9	1
110.36	0	2571.8	104.3	0.09	0.0	-0.0	0.85	2	5954	-852.4	644.0	-1.85	2571.78	1
110.46	0	2574.6	103.6	0.0	0.0	-0.0	0.85	2	5794	-850.0	642.5	-1.45	2574.62	1
110.56	0	2577.5	103.8	0.0	0.0	-0.0	0.85	3	5046	-847.5	641.1	-1.08	2577.47	1
110.66	0	2580.3	103.9	0.0	0.0	-0.0	0.49	3	4504	-845.0	639.6	-0.74	2580.35	1
110.76	0	2583.2	103.2	0.0	0.0	-0.05	0.0	3	4458	-842.6	638.0	-0.43	2583.19	1
110.86	0	2586.0	102.5	0.0	0.0	-0.14	0.0	3	4427	-840.2	636.5	-0.14	2586.02	1
110.96	0	2588.9	101.7	0.0	0.0	-0.16	0.0	3	4397	-837.8	635.0	0.11	2588.86	1
111.06	0	2591.7	101.0	0.0	0.0	-0.16	0.0	3	4361	-835.5	633.4	0.31	2591.67	1
111.16	0	2594.3	100.2	0.0	0.0	-0.1	0.0	3	4337	-833.2	631.8	0.61	2594.32	1
111.26	0	2597.0	99.4	0.0	0.0	-0.16	0.0	3	4299	-831.0	630.1	1.38	2596.98	1
111.36	0	2599.6	98.7	0.0	0.0	-0.16	0.0	3	4266	-828.8	628.4	2.02	2599.63	1
111.46	0	2602.3	97.9	0.0	0.0	-0.17	0.0	3	4235	-826.7	626.7	2.45	2602.3	1
111.56	0	2604.9	97.1	0.0	0.0	-0.22	0.0	3	4204	-824.7	624.9	2.53	2604.94	1
111.69	0	2608.2	96.1	0.0	0.0	-0.3	0.0	3	4164	-822.2	622.6	2.06	2608.21	1
111.8	0	2611.1	95.1	0.0	0.0	-0.24	0.0	3	4123	-820.2	620.5	1.25	2611.1	1
111.9	0	2613.7	94.3	0.0	0.0	-0.21	0.0	3	4086	-818.4	618.6	0.43	2613.71	1
112.0	0	2616.3	93.5	0.0	0.0	-0.17	0.0	3	4048	-816.7	616.6	-0.31	2616.31	1
112.1	0	2621.5	92.7	0.0	0.0	-0.07	0.0	3	4010	-815.1	614.6	3.99	2621.51	1
112.2	0	2621.9	92.2	0.09	0.0	-0.03	0.0	3	4001	-813.6	612.5	2.9	2621.93	1
112.3	0	2624.7	91.7	0.12	0.0	-0.09	0.0	3	3985	-812.1	610.5	4.29	2624.72	1
112.39	0	2627.2	91.3	0.19	0.0	-0.1	0.0	3	3989	-810.7	608.4	4.57	2627.24	1
112.5	0	2629.8	91.0	0.14	0.0	-0.17	0.0	3	3969	-809.3	606.2	4.8	2629.77	1
112.59	0	2632.2	90.5	0.09	0.0	-0.19	0.0	3	3940	-808.0	604.1	4.97	2632.25	1
112.69	0	2634.8	90.0	0.14	0.0	-0.15	0.0	3	3924	-806.7	602.0	5.09	2634.75	1
112.79	0	2637.3	89.7	0.26	0.0	-0.08	0.0	3	3936	-805.4	599.8	5.15	2637.25	1
112.89	0	2639.7	89.6	0.32	0.0	-0.08	0.0	3	3940	-804.3	597.6	5.16	2639.74	1
112.99	0	2642.2	89.7	0.41	0.0	-0.02	0.0	3	3950	-803.1	595.4	5.12	2642.23	1
113.09	0	2644.7	89.9	0.45	0.0	-0.0	0.0	3	3974	-802.0	593.2	5.05	2644.72	1
113.19	0	2647.2	90.2	0.47	0.0	-0.0	0.0	3	3989	-800.9	590.9	4.95	2647.24	1
113.29	0	2649.7	90.5	0.51	0.0	-0.0	0.0	3	4007	-799.8	588.7	4.84	2649.75	1
113.39	0	2652.3	90.9	0.58	0.0	-0.04	0.0	3	4042	-798.7	586.4	4.73	2652.26	1
113.49	0	2654.8	91.4	0.62	0.0	-0.07	0.0	3	4078	-797.6	584.1	4.6	2654.79	1
113.59	0	2657.3	92.1	0.63	0.0	-0.05	0.0	3	4112	-796.6	581.8	4.45	2657.32	1
113.69	0	2659.9	92.7	0.63	0.0	-0.05	0.0	3	4143	-795.5	579.5	4.29	2659.88	1
113.79	0	2662.5	93.4	0.64	0.0	-0.0	0.0	3	4178	-794.5	577.1	4.1	2662.46	1
113.89	0	2665.1	94.1	0.64	0.0	0.0	0.0	3	4195	-793.4	574.7	3.9	2665.05	1
113.99	0	2667.7	94.8	0.63	0.0	0.0	0.0	3	4242	-792.4	572.3	3.7	2667.67	1
114.09	0	2670.3	95.5	0.62	0.0	0.0	0.0	3	4268	-791.3	569.9	3.49	2670.29	1
114.19	0	2673.0	96.2	0.62	0.0	-0.02	0.0	3	4298	-790.3	567.4	3.28	2672.95	1
114.29	0	2675.6	96.8	0.62	0.0	-0.02	0.0	3	4329	-789.2	565.0	3.07	2675.63	1
114.39	0	2678.3	97.5	0.62	0.0	0.01	0.0	3	4362	-788.1	562.5	2.86	2678.31	1
114.49	0	2681.0	98.3	0.62	0.0	0.01	0.0	3	4395	-787.0	560.0	2.64	2681.03	1
114.59	0	2683.8	98.9	0.62	0.0	0.01	0.0	3	4441	-786.0	557.5	2.42	2683.76	1
114.69	0	2686.5	99.7	0.62	0.0	0.01	0.0	3	4459	-784.9	555.0	2.2	2686.5	1
114.79	0	2689.3	100.5	0.62	0.0	0.01	0.0	3	4490	-783.8	552.4	1.98	2689.28	1
114.92	0	2692.7	101.4	0.62	0.0	0.01	0.0	3	4543	-782.4	549.2	1.71	2692.74	1
114.99	0	2694.9	101.9	0.62	0.0	0.01	0.0	3	4578	-781.5	547.2	1.55	2694.88	1
115.09	0	2697.7	102.7	0.62	0.0	0.01	0.0	3	4601	-780.4	544.6	1.33	2697.72	1
115.2	0	2700.6	103.5	0.62	0.0	0.01	0.0	3	4639	-779.2	542.0	1.12	2700.6	1
115.3	0	2703.5	104.3	0.62	0.0	0.01	0.0	3	4677	-778.1	539.3	0.91	2703.49	1
115.4	0	2706.4	105.1	0.62	0.0	0.01	0.0	3	4715	-776.9	536.7	0.71	2706.38	1
115.5	0	2709.3	105.9	0.6	0.0	-0.02	0.0	3	4745	-775.7	534.0	0.51	2709.31	1
115.6	0	2712.3	106.7	0.6	0.0	-0.02	0.0	3	4772	-774.5	531.3	0.31	2712.25	1
115.7	0	2715.2	107.4	0.6	0.0	0.01	0.0	3	4846	-773.3	528.6	0.1	2715.22	1
115.8	0	2718.2	108.2	0.6	0.0	0.02	0.0	3	4849	-772.1	525.9	-0.1	2718.2	1
115.9	0	2721.2	109.0	0.6	0.0	0.02	0.0	3	4890	-770.8	523.1	-0.31	2721.21	1
116.0	0	2724.2	109.8	0.6	0.0	0.02	0.0	3	4930	-769.6	520.3	-0.5	2724.24	1
116.1	0	2727.3	110.6	0.6	0.0	0.02	0.0	3	4968	-768.3	517.5	-0.69	2727.3	1
116.2	0	2730.4	111.4	0.6	0.0	0.0	0.0	3	5006	-767.0	514.7	-0.87	2730.39	1
116.3	0	2733.5	112.3	0.6	0.0	0.0	0.0	3	5044	-765.7	511.9	-1.04	2733.48	1
116.4	0	2736.6	113.1	0.6	0.0	0.0	0.0	3	5084	-764.4	509.1	-1.2	2736.61	1
116.5	0	2739.8	113.9	0.6	0.0	0.0	0.0	3	5121	-763.1	506.2	-1.35	2739.76	1
116.6	0	2742.9	114.8	0.6	0.0	0.0	0.0	3	5161	-761.7	503.3	-1.5	2742.94	1
116.7	0	2746.1	115.6	0.6	0.0	0.0	0.0	3	5202	-760.4	500.5	-1.65	2746.13	1
116.8	0	2749.4	116.5	0.6	0.0	0.02	0.0	3	5242	-759.0	497.5	-1.79	2749.36	1
116.9	0	2752.6	117.4	0.6	0.0	0.02	0.0	3	5285	-757.6	494.6	-1.93	2752.6	1
117.0	0	2755.9	118.3	0.6	0.0	0.02	0.0	3	5322	-756.2	491.7	-2.06	2755.86	1
117.1	0	2759.2	119.1	0.6	0.0	0.02	0.0	3	5365	-754.7	488.7	-2.18	2759.17	1
117.2	0	2762.5	120.1	0.63	0.0	-0.0	0.0	3	5421	-753.3	485.7	-2.29	2762.48	1
117.3	0	2765.8	121.0	0.63	0.0	-0.0	0.0	3	5469	-751.8	482.7	-2.38	2765.83	1
117.4	0	2769.2	122.0	0.63	0.0	-0.0	0.0	3	5515	-750.3	479.7	-2.46	2769.21	1
117.5	0	2772.6	123.1	0.63	0.0	-0.0	0.0	3	5562	-748.8	476.6	-2.54	2772.62	1
117.6	0	2776.1	124.1	0.63	0.0	-0.0	0.0	3	5610	-747.2	473.6	-2.61	2776.06	1
117.7	0	2779.5	125.1	0.63	0.0	-0.0	0.0	3	5658	-745.7	470.5	-2.68	2779.51	1
117.8	0	2783.0	126.1	0.64	0.0	-0.0	0.0	3	5708	-744.1	467.4	-2.75	2782.99	1
117.9	0	2786.5	127.2	0.64	0.0	-0.0	0.0	3	5757	-742.5	464.2	-2.82	2786.51	1
118.0	0	2790.1	128.2	0.64	0.0	-0.0	0.0	3	5807	-740.9	461.1	-2.88	2790.06	1
118.1	0	2793.6	129.3	0.64	0.0	-0.0	0.0	3	5857	-739.3	457.9	-2.95	2793.63	1
118.19	0	2797.2	130.4	0.64	0.0	-0.0	0.0	3	5908	-737.7	454.7	-3.02	2797.21	1
118.29	0	2800.8	131.4	0.64	0.0	-0.0	0.0	3	5958	-736.0	451.4	-3.09	2800.84	1
118.39	0	2804.5	132.5	0.64	0.0	-0.0	0.0	3	6010	-734.4	448.2	-3.17	2804.51	1
118.49	0	2808.2	133.6	0.64	0.0	-0.0	0.0	3	6061	-732.7	444.8	-3.24	2808.22	1
118.59	0	2811.9	134.7	0.64	0.0	0.03	0.0	3	6112	-731.0	441.5	-3.32	2811.93	1
118.69	0	2815.7	135.8	0.64	0.0	0.03	0.0	3	6164	-729.3	438.2	-3.39	2815.69	1
118.79	0	2819.5	136.9	0.63	0.0	0.03	0.0	3	6217	-727.6	434.8	-3.44	2819.47	1
118.89	0	2823.3	138.0	0.64	0.0	0.03	0.0	3	6267	-725.9	431.4	-3.49	2823.3	1
119.01	0	2827.7	139.2	0.64	0.0	0.03	0.0	3	6329	-723.8	427.5	-3.51	2827.7	1
119.11	0	2831.6	140.4	0.64	0.0	0.0	0.0	3	6381	-722.0	424.1	-3.5	2831.59	1
119.21	0	2835.5	141.5	0.64	0.0	-0.03	0.0	3	6432	-720.1	420.6	-3.46	2835.5	1
119.31	0	2839.5	142.6	0.62	0.0	-0.0	0.16	3	6478	-718.3	417.2	-3.42	2839.46	1
119.41	0	2843.4	143.4	0.45	0.0	-0.03	0.85	3	6563	-716.3	413.7	-3.36	2843.42	1
119.51	0	2847.4	143.4	0.19	0.0	0.0	0.86	3	6511	-714.4	410.2	-3.3	2847.42	1
119.61	0	2851.4	143.3	0.0	0.0	0.0	0.87	4	6017	-712.5	406.7	-3.25	2851.39	1
119.71	0	2855.4	143.3	0.0	0.0	0.0	0.51	4	5212	-710.6	403.2	-3.19	2855.38	1
119.81	0	2859.3	142.7	0.15	0.0	0.0	0.0	4	5134	-708.7	399.7	-3.14	2859.34	1
119.91	0	2863.3	142.4	0.32	0.0	0.0	0.0	4	5173	-706.8	396.2	-3.09	2863.31	1
120.01	0	2867.3	142.4	0.47	0.0	0.0	0.0	4	5218	-704.9	392.8	-3.03	2867.25	1
120.11	0	2871.2	142.7	0.56	0.0	0.0	0.0	4	5260	-703.0	389.3	-2.96	2871.21	1
120.21	0	2875.2	143.1	0.56	0.0	0.0	0.0	4	5281	-701.1	385.8	-2.9	2875.19	1
120.31	0	2879.2	143.6	0.58	0.0	-0.02	0.0	4	5305	-699.1	382.3	-2.83	2879.17	1
120.41	0	2883.2	144.1	0.58	0.0	-0.02	0.0	4	5324	-697.2	378.8	-2.76	2883.16	1
120.51	0	2887.2	144.6	0.58	0.0	-0.02	0.0	4	5343	-695.3	375.3	-2.69	2887.18	1
120.61	0	2891.2	145.1	0.6	0.0	-0.02	0.0	4	5372	-693.4	371.8	-2.64	2891.19	1
120.71	0	2895.2	145.7	0.62	0.0	0.01	0.0	4	5400	-691.4	368.3	-2.6	2895.23	1
120.81	0	2899.3	146.3	0.62	0.0	0.01	0.0	4	5422	-689.5	364.7	-2.57	2899.3	1
120.91	0	2903.4	146.9	0.62	0.0	0.02	0.0	4	5445	-687.6	361.1	-2.55	2903.35	1
121.01	0	2907.5	147.5	0.62	0.0	0.02	0.0	4	5467	-685.7	357.5	-2.52	2907.46	1
121.11	0	2911.6	148.1	0.62	0.0	0.02	0.0	4	5491	-683.7	353.9	-2.48	2911.55	1
121.21	0	2915.7	148.6	0.62	0.0	0.05	0.0	4	5514	-681.7	350.2	-2.42	2915.68	1
121.31	0	2919.8	149.2	0.62	0.0	0.05	0.0	4	5538	-679.8	346.6	-2.34	2919.8	1
121.41	0	2923.9	149.8	0.62	0.0	0.02	0.0	4	5561	-677.8	343.0	-2.18	2923.89	1
121.51	0	2928.2	150.4	0.62	0.0	0.01	0.0	4	5586	-675.7	339.4	-2.25	2928.22	1
121.61	0	2932.3	151.0	0.62	0.0	0.01	0.0	4	5609	-673.6	335.7	-2.12	2932.26	1
121.74	0	2937.9	151.8	0.62	0.0	0.01	0.0	4	5633	-670.8	330.9	-2.01	2937.87	1
121.84	0	2942.1	152.4	0.59	0.0	-0.0	0.0	4	5650	-668.6	327.3	-1.89	2942.12	1
121.94	0	2946.3	153.0	0.63	0.0	-0.0	0.0	4	5684	-666.4	323.6	-1.75	2946.33	1
122.04	0	2950.6	153.6	0.63	0.0	-0.0	0.0	4	5710	-664.2	320.0	-1.59	2950.59	1
122.14	0	2954.9	154.3	0.63	0.0	-0.0	0.0	4	5734	-662.0	316.4	-1.43	2954.86	1
122.24	0	2959.1	154.9	0.63	0.0	0.02	0.0	4	5759	-659.7	312.7	-1.38	2959.1	1
122.34	0	2963.4	155.6	0.63	0.0	0.05	0.0	4	5784	-657.5	309.0	-1.37	2963.43	1
122.44	0	2967.8	156.2	0.63	0.0	0.05	0.0	4	5811	-655.2	305.3	-1.35	2967.77	1
122.54	0	2972.1	156.8	0.63	0.0	0.05	0.0	4	5838	-652.8	301.6	-1.29	2972.13	1
122.64	0	2976.5	157.5	0.63	0.0	0.02	0.0	4	5865	-650.5	298.0	-1.21	2976.47	1
122.74	0	2980.9	158.1	0.63	0.0	0.03	0.0	4	5890	-648.1	294.3	-1.08	2980.86	1
122.84	0	2985.2	158.7	0.63	0.0	0.01	0.0	4	5914	-645.7	290.6	-1.0	2985.21	1
122.94	0	2989.6	159.4	0.63	0.0	0.01	0.0	4	5937	-643.2	287.0	-1.0	2989.63	1
123.04	0	2994.1	160.0	0.63	0.0	0.01	0.0	4	5959	-640.6	283.3	-0.96	2994.06	1
123.14	0	2998.6	160.7	0.63	0.0	0.01	0.0	4	5982	-638.0	279.6	-0.89	2998.59	1
123.24	0	3003.0	161.3	0.63	0.0	0.01	0.0	4	6005	-635.5	276.1	-0.8	3002.97	1
123.34	0	3007.5	161.9	0.63	0.0	0.01	0.0	4	6030	-632.9	272.4	-0.68	3007.47	1
123.44	0	3011.9	162.6	0.66	0.0	0.01	0.0	4	6067	-630.2	268.8	-0.61	3011.93	1
123.54	0	3016.5	163.4	0.67	0.0	0.0	0.0	4	6100	-627.6	265.1	-0.66	3016.5	1
123.64	0	3021.0	164.1	0.67	0.0	0.0	0.0	4	6131	-624.9	261.4	-0.7	3021.01	1
123.74	0	3025.6	164.9	0.67	0.0	0.0	0.0	4	6161	-622.2	257.8	-0.72	3025.59	1
123.84	0	3030.2	165.7	0.67	0.0	0.02	0.0	4	6190	-619.4	254.1	-0.73	3030.2	1
123.94	0	3034.8	166.4	0.67	0.0	0.05	0.0	4	6219	-616.7	250.4	-0.73	3034.79	1
124.04	0	3039.4	167.2	0.67	0.0	0.06	0.0	4	6252	-613.9	246.7	-0.78	3039.39	1
124.14	0	3044.1	167.9	0.67	0.0	0.05	0.0	4	6285	-611.1	243.0	-0.92	3044.06	1
124.24	0	3048.7	168.6	0.67	0.0	0.02	0.0	4	6317	-608.2	239.3	-1.02	3048.72	1
124.34	0	3053.4	169.4	0.67	0.0	0.0	0.0	4	6344	-605.3	235.6	-1.07	3053.44	1
124.44	0	3058.2	170.1	0.67	0.0	-0.03	0.0	4	6373	-602.3	231.9	-1.08	3058.16	1
124.54	0	3062.9	170.9	0.67	0.0	-0.0	0.0	4	6395	-599.3	228.3	-1.06	3062.87	1
124.64	0	3067.7	171.7	0.67	0.0	-0.0	0.0	4	6419	-596.3	224.6	-0.82	3067.72	1
124.74	0	3072.4	172.4	0.67	0.0	0.0	0.0	4	6451	-593.2	220.9	-0.88	3072.42	1
124.84	0	3077.2	173.2	0.67	0.0	0.0	0.0	4	6448	-590.1	217.3	-0.96	3077.21	1
124.94	0	3082.0	173.9	0.67	0.0	0.0	0.0	4	6533	-587.0	213.6	-1.04	3082.01	1
125.04	0	3086.8	174.7	0.67	0.0	0.0	0.0	4	6542	-583.9	209.9	-1.11	3086.85	1
125.14	0	3091.7	175.3	0.67	0.0	0.0	0.0	4	6625	-580.7	206.2	-1.17	3091.72	1
125.24	0	3096.6	176.4	0.67	0.0	0.0	0.06	4	6529	-577.6	202.5	-1.22	3096.59	1
125.34	0	3101.5	176.9	0.67	0.0	0.0	0.64	4	6680	-574.4	198.7	-1.26	3101.5	1
125.44	0	3106.4	176.8	0.55	0.0	0.0	0.87	4	7350	-571.2	195.0	-1.29	3106.41	1
125.54	0	3111.3	176.3	0.21	0.0	0.02	1.0	4	7672	-568.0	191.3	-1.3	3111.32	1
125.64	0	3116.2	175.6	0.11	0.0	0.01	1.0	4	7537	-564.8	187.6	-1.29	3116.21	1
125.74	0	3121.1	175.2	0.11	0.0	0.01	0.65	5	6994	-561.5	184.0	-1.27	3121.07	1
125.84	0	3126.0	176.0	0.11	0.0	0.0	0.02	5	5398	-558.3	180.3	-1.22	3125.96	1
125.94	0	3130.8	175.3	0.25	0.0	-0.02	0.0	5	5324	-555.1	176.7	-1.15	3130.83	1
126.04	0	3135.7	174.8	0.32	0.0	-0.05	0.0	5	5335	-551.8	173.1	-1.08	3135.69	1
126.14	0	3140.5	174.5	0.38	0.0	-0.05	0.0	5	5341	-548.6	169.5	-1.01	3140.54	1
126.24	0	3145.4	174.3	0.41	0.0	-0.02	0.0	5	5340	-545.4	165.8	-0.96	3145.39	1
126.34	0	3150.2	174.1	0.45	0.0	-0.02	0.0	5	5354	-542.2	162.2	-0.95	3150.22	1
126.44	0	3155.1	173.9	0.45	0.0	-0.02	0.0	5	5353	-539.0	158.5	-0.97	3155.07	1
126.54	0	3159.9	173.9	0.51	0.0	0.0	0.0	5	5363	-535.9	154.8	-1.02	3159.91	1
126.64	0	3164.7	173.9	0.53	0.0	0.05	0.0	5	5369	-532.8	151.1	-1.1	3164.73	1
126.74	0	3169.6	173.9	0.53	0.0	0.03	0.0	5	5370	-529.7	147.4	-1.19	3169.55	1
126.84	0	3174.4	174.0	0.53	0.0	0.01	0.0	5	5372	-526.6	143.7	-1.28	3174.42	1
126.94	0	3179.2	174.0	0.53	0.0	0.01	0.0	5	5375	-523.5	140.0	-1.36	3179.22	1
127.04	0	3184.0	174.1	0.53	0.0	0.01	0.0	5	5377	-520.3	136.3	-1.42	3184.05	1
127.14	0	3188.9	174.1	0.53	0.0	0.0	0.0	5	5378	-517.2	132.7	-1.46	3188.88	1
127.26	0	3194.5	174.2	0.53	0.0	0.0	0.0	5	5379	-513.6	128.4	-1.49	3194.47	1
127.36	0	3199.3	174.2	0.55	0.0	0.0	0.0	5	5386	-510.4	124.8	-1.5	3199.34	1
127.46	0	3204.2	174.3	0.55	0.0	0.0	0.0	5	5389	-507.2	121.1	-1.5	3204.19	1
127.56	0	3209.0	174.4	0.58	0.0	0.0	0.0	5	5400	-504.0	117.5	-1.49	3208.98	1
127.66	0	3213.8	174.6	0.58	0.0	0.0	0.0	5	5406	-500.9	113.8	-1.48	3213.81	1
127.76	0	3218.7	174.7	0.58	0.0	0.0	0.0	5	5412	-497.7	110.2	-1.46	3218.66	1
127.86	0	3223.5	174.9	0.58	0.0	0.0	0.0	5	5417	-494.5	106.5	-1.43	3223.53	1
127.96	0	3228.4	175.0	0.58	0.0	0.0	0.0	5	5421	-491.2	102.9	-1.41	3228.39	1
128.06	0	3233.2	175.2	0.58	0.0	0.0	0.0	5	5426	-488.0	99.2	-1.37	3233.24	1
128.16	0	3238.1	175.3	0.58	0.0	0.0	0.0	5	5431	-484.8	95.6	-1.33	3238.11	1
128.26	0	3243.0	175.5	0.58	0.0	0.0	0.0	5	5436	-481.6	91.9	-1.29	3242.99	1
128.36	0	3247.9	175.7	0.58	0.0	0.0	0.0	5	5441	-478.3	88.3	-1.24	3247.87	1
128.46	0	3252.8	175.8	0.58	0.0	0.0	0.0	5	5446	-475.1	84.6	-1.19	3252.75	1
128.56	0	3257.7	176.0	0.58	0.0	0.0	0.0	5	5450	-471.8	81.0	-1.13	3257.67	1
128.66	0	3262.5	176.1	0.58	0.0	-0.03	0.0	5	5455	-468.6	77.3	-1.07	3262.53	1
128.76	0	3267.4	176.3	0.58	0.0	-0.05	0.0	5	5461	-465.3	73.7	-1.02	3267.42	1
128.86	0	3272.3	176.4	0.58	0.0	-0.05	0.0	5	5447	-462.1	70.0	-0.98	3272.31	1
128.96	0	3277.2	176.5	0.58	0.0	-0.05	0.0	5	5503	-458.9	66.3	-0.97	3277.21	1
129.06	0	3282.1	176.6	0.58	0.0	-0.05	0.0	5	5475	-455.7	62.6	-1.01	3282.13	1
129.16	0	3287.0	176.8	0.58	0.0	0.0	0.0	5	5485	-452.5	58.8	-1.09	3287.03	1
129.26	0	3291.9	176.9	0.58	0.0	0.0	0.0	5	5490	-449.4	55.1	-1.21	3291.93	1
129.36	0	3296.9	177.1	0.58	0.0	0.0	0.0	5	5489	-446.3	51.2	-1.38	3296.9	1
129.46	0	3301.8	177.2	0.58	0.0	0.0	0.0	5	5493	-443.2	47.4	-1.58	3301.81	1
129.56	0	3306.8	177.4	0.58	0.0	0.0	0.0	5	5502	-440.1	43.5	-1.79	3306.76	1
129.66	0	3311.7	177.5	0.58	0.0	0.02	0.0	5	5504	-437.1	39.6	-2.02	3311.66	1
129.76	0	3316.6	177.6	0.58	0.0	0.03	0.0	5	5558	-434.0	35.8	-2.24	3316.59	1
129.86	0	3321.5	177.9	0.58	0.0	0.01	0.0	5	5489	-430.9	31.9	-2.45	3321.52	1
129.96	0	3326.5	178.1	0.58	0.0	0.01	0.0	5	5504	-427.8	28.1	-2.64	3326.47	1
130.06	0	3331.4	178.2	0.58	0.0	0.01	0.0	5	5528	-424.7	24.2	-2.82	3331.42	1
130.16	0	3336.3	178.3	0.59	0.0	0.01	0.0	5	5578	-421.6	20.4	-2.99	3336.35	1
130.26	0	3341.3	178.5	0.58	0.0	0.0	0.0	5	5520	-418.5	16.5	-3.15	3341.3	1
130.36	0	3346.3	178.7	0.58	0.0	0.02	0.0	5	5534	-415.3	12.7	-3.3	3346.27	1
130.46	0	3351.2	178.8	0.58	0.0	0.02	0.0	5	5547	-412.2	8.9	-3.43	3351.22	1
130.56	0	3356.2	179.0	0.58	0.0	0.06	0.0	5	5553	-409.0	5.0	-3.55	3356.21	1
130.66	0	3361.2	179.1	0.58	0.0	0.06	0.0	5	5558	-405.8	1.2	-3.64	3361.17	1
130.76	0	3366.2	179.2	0.58	0.0	0.07	0.0	5	5566	-402.6	-2.6	-3.68	3366.15	1
130.86	0	3371.1	179.3	0.58	0.0	0.01	0.0	5	5572	-399.3	-6.3	-3.68	3371.12	1
130.96	0	3376.1	179.4	0.58	0.0	0.0	0.0	5	5575	-396.0	-10.1	-3.62	3376.1	1
131.06	0	3381.1	179.6	0.58	0.0	0.0	0.0	5	5576	-392.7	-13.7	-3.51	3381.09	1
131.16	0	3386.0	179.7	0.58	0.0	-0.0	0.0	5	5577	-389.3	-17.4	-3.36	3386.04	1
131.26	0	3391.0	179.9	0.58	0.0	-0.02	0.0	5	5579	-385.8	-21.0	-3.21	3391.04	1
131.38	0	3396.9	180.0	0.58	0.0	-0.01	0.0	5	5582	-381.8	-25.3	-3.02	3396.87	1
131.48	0	3401.9	180.2	0.58	0.0	0.01	0.0	5	5590	-378.4	-28.9	-2.84	3401.86	1
131.58	0	3406.9	180.4	0.58	0.0	0.01	0.0	5	5591	-374.9	-32.5	-2.65	3406.89	1
131.71	0	3413.6	180.6	0.58	0.0	0.01	0.0	5	5600	-370.3	-37.4	-2.4	3413.57	1
131.81	0	3418.6	180.7	0.6	0.0	0.01	0.0	5	5601	-366.8	-41.0	-2.15	3418.61	1
131.91	0	3423.6	180.9	0.59	0.0	0.01	0.0	5	5607	-363.4	-44.6	-1.91	3423.57	1
132.01	0	3428.6	181.0	0.58	0.0	0.01	0.0	5	5614	-359.9	-48.2	-1.65	3428.6	1
132.11	0	3433.6	181.2	0.58	0.0	0.01	0.0	5	5620	-356.4	-51.9	-1.39	3433.63	1
132.21	0	3438.6	181.4	0.58	0.0	0.01	0.0	5	5625	-352.9	-55.5	-1.12	3438.65	1
132.31	0	3443.7	181.5	0.58	0.0	0.01	0.0	5	5647	-349.4	-59.1	-0.83	3443.68	1
132.41	0	3448.7	181.7	0.58	0.0	0.01	0.0	5	5630	-345.9	-62.7	-0.55	3448.72	1
132.51	0	3453.8	181.8	0.58	0.0	0.01	0.0	5	5635	-342.4	-66.3	-0.25	3453.75	1
132.61	0	3458.8	182.0	0.58	0.0	0.01	0.0	5	5638	-338.8	-69.9	0.07	3458.82	1
132.71	0	3463.8	182.1	0.58	0.0	0.01	0.0	5	5649	-335.3	-73.5	0.4	3463.84	1
132.81	0	3468.9	182.3	0.58	0.0	0.01	0.0	5	5654	-331.7	-77.1	0.7	3468.92	1
132.91	0	3474.0	182.4	0.58	0.0	0.01	0.0	5	5644	-328.1	-80.7	0.87	3473.99	1
133.01	0	3479.0	182.5	0.58	0.0	0.01	0.0	5	5682	-324.6	-84.2	1.04	3479.01	1
133.11	0	3484.1	182.7	0.58	0.0	0.01	0.0	5	5669	-321.0	-87.8	1.23	3484.08	1
133.21	0	3489.2	182.9	0.58	0.0	0.01	0.0	5	5666	-317.4	-91.4	1.43	3489.16	1
133.31	0	3494.2	183.0	0.58	0.0	0.01	0.0	5	5680	-313.7	-95.0	1.64	3494.24	1
133.41	0	3499.3	183.2	0.58	0.0	0.01	0.0	5	5685	-310.1	-98.5	1.86	3499.32	1
133.51	0	3504.4	183.3	0.58	0.0	0.01	0.0	5	5686	-306.5	-102.1	2.09	3504.41	1
133.61	0	3509.5	183.5	0.58	0.0	0.01	0.0	5	5683	-302.8	-105.6	2.34	3509.5	1
133.71	0	3514.8	183.6	0.58	0.0	0.01	0.0	5	5701	-299.1	-109.2	2.4	3514.77	1
133.81	0	3519.9	183.8	0.58	0.0	0.06	0.0	5	5702	-295.5	-112.7	2.32	3519.86	1
133.91	0	3525.0	183.9	0.58	0.0	0.06	0.0	5	5707	-291.8	-116.2	2.26	3524.97	1
134.01	0	3530.1	184.0	0.58	0.0	0.09	0.0	5	5718	-288.0	-119.7	2.24	3530.07	1
134.11	0	3535.2	184.0	0.58	0.0	0.06	0.0	5	5730	-284.3	-123.2	2.28	3535.18	1
134.21	0	3540.3	184.1	0.58	0.0	0.01	0.0	5	5732	-280.4	-126.6	2.38	3540.31	1
134.31	0	3545.4	184.2	0.58	0.0	0.0	0.0	5	5725	-276.6	-129.9	2.55	3545.4	1
134.41	0	3550.6	184.3	0.58	0.0	0.0	0.0	5	5731	-272.6	-133.3	2.78	3550.58	1
134.51	0	3555.9	184.4	0.58	0.0	-0.01	0.0	5	5727	-268.7	-136.5	3.06	3555.93	1
134.61	0	3561.1	184.5	0.6	0.0	0.01	0.0	5	5731	-264.7	-139.8	2.99	3561.07	1
134.71	0	3566.2	184.7	0.6	0.0	0.01	0.0	5	5737	-260.7	-143.0	2.95	3566.18	1
134.81	0	3571.3	184.9	0.6	0.0	0.02	0.0	5	5744	-256.7	-146.2	2.93	3571.31	1
134.91	0	3576.5	185.1	0.6	0.0	0.02	0.0	5	5743	-252.7	-149.4	2.93	3576.46	1
135.01	0	3581.6	185.2	0.58	0.0	0.02	0.0	5	5743	-248.7	-152.6	2.95	3581.6	1
135.11	0	3586.7	185.3	0.59	0.0	-0.0	0.0	5	5756	-244.6	-155.7	2.99	3586.74	1
135.21	0	3591.9	185.5	0.58	0.0	-0.0	0.0	5	5757	-240.5	-158.9	3.04	3591.9	1
135.31	0	3597.0	185.7	0.6	0.0	-0.0	0.0	5	5767	-236.4	-162.0	3.12	3597.05	1
135.41	0	3602.5	185.9	0.6	0.0	0.01	0.0	5	5773	-232.3	-165.1	3.0	3602.45	1
135.53	0	3608.8	186.1	0.6	0.0	0.06	0.0	5	5782	-227.3	-169.0	2.63	3608.8	1
135.63	0	3613.7	186.2	0.6	0.0	0.06	0.0	5	5787	-223.4	-171.9	2.37	3613.67	1
135.73	0	3618.8	186.3	0.6	0.0	0.07	0.0	5	5796	-219.2	-175.0	2.14	3618.84	1
135.83	0	3624.0	186.4	0.6	0.0	0.1	0.0	5	5811	-215.0	-178.0	1.97	3624.0	1
135.93	0	3629.2	186.5	0.6	0.0	0.07	0.0	5	5821	-210.8	-181.0	1.86	3629.18	1
136.03	0	3634.3	186.5	0.6	0.0	0.07	0.0	5	5827	-206.5	-183.9	1.84	3634.34	1
136.13	0	3639.5	186.5	0.6	0.0	0.03	0.0	5	5832	-202.1	-186.7	1.9	3639.53	1
136.23	0	3644.8	186.5	0.6	0.0	0.01	0.0	5	5832	-197.8	-189.4	1.98	3644.83	1
136.33	0	3650.0	186.6	0.6	0.0	0.01	0.0	5	5828	-193.3	-192.1	1.87	3650.01	1
136.43	0	3655.2	186.6	0.6	0.0	0.0	0.0	5	5823	-188.8	-194.7	1.84	3655.21	1
136.53	0	3660.4	186.8	0.6	0.0	0.0	0.0	5	5818	-184.3	-197.3	1.9	3660.4	1
136.63	0	3665.6	186.9	0.6	0.0	0.0	0.0	5	5816	-179.8	-199.8	2.01	3665.59	1
136.73	0	3670.8	187.0	0.6	0.0	0.07	0.0	5	5817	-175.2	-202.2	2.17	3670.76	1
136.83	0	3676.0	187.2	0.6	0.0	0.09	0.0	5	5823	-170.6	-204.6	2.39	3675.96	1
136.93	0	3681.2	187.3	0.6	0.0	0.07	0.0	5	5831	-165.9	-207.0	2.66	3681.21	1
137.02	0	3686.3	187.4	0.6	0.0	0.01	0.0	5	5838	-161.3	-209.3	2.98	3686.33	1
137.13	0	3691.7	187.5	0.62	0.0	0.01	0.0	5	5860	-156.6	-211.5	3.13	3691.72	1
137.22	0	3696.9	187.7	0.62	0.0	-0.05	0.0	5	5843	-151.9	-213.7	3.3	3696.9	1
137.32	0	3702.1	187.9	0.62	0.0	-0.0	0.0	5	5848	-147.1	-215.9	3.51	3702.12	1
137.42	0	3707.4	188.1	0.62	0.0	0.0	0.0	5	5852	-142.4	-218.0	3.72	3707.39	1
137.52	0	3712.6	188.3	0.62	0.0	0.04	0.0	5	5857	-137.6	-220.1	3.91	3712.62	1
137.63	0	3717.9	188.5	0.62	0.0	0.03	0.0	5	5864	-132.8	-222.2	4.11	3717.86	1
137.72	0	3723.3	188.7	0.62	0.0	0.03	0.0	5	5871	-128.0	-224.3	4.32	3723.27	1
137.84	0	3729.3	188.9	0.62	0.0	0.01	0.0	5	5879	-122.4	-226.7	4.36	3729.33	1
137.94	0	3734.6	189.1	0.62	0.0	0.0	0.0	5	5885	-117.6	-228.7	4.42	3734.55	1
138.04	0	3739.8	189.4	0.62	0.0	-0.01	0.0	5	5891	-112.7	-230.7	4.5	3739.83	1
138.14	0	3745.3	189.6	0.62	0.0	-0.01	0.0	5	5896	-107.9	-232.7	4.37	3745.29	1
138.24	0	3750.6	189.8	0.62	0.0	0.01	0.0	5	5903	-103.0	-234.7	4.22	3750.56	1
138.34	0	3755.8	190.0	0.62	0.0	0.01	0.0	5	5909	-98.1	-236.7	4.07	3755.83	1
138.44	0	3761.2	190.2	0.62	0.0	0.01	0.0	5	5916	-93.2	-238.7	3.85	3761.19	1
138.54	0	3766.5	190.4	0.62	0.0	0.05	0.0	5	5923	-88.3	-240.7	3.59	3766.47	1
138.64	0	3771.8	190.6	0.62	0.0	0.05	0.0	5	5930	-83.4	-242.7	3.34	3771.75	1
138.74	0	3777.1	190.7	0.62	0.0	0.06	0.0	5	5973	-78.5	-244.7	3.1	3777.08	1
138.84	0	3782.4	191.0	0.62	0.0	0.07	0.0	5	5940	-73.6	-246.7	2.86	3782.4	1
138.94	0	3787.7	191.1	0.62	0.0	0.07	0.0	5	5957	-68.6	-248.6	2.67	3787.68	1
139.04	0	3793.0	191.2	0.62	0.0	0.05	0.0	5	5970	-63.6	-250.4	2.5	3793.03	1
139.14	0	3798.3	191.3	0.62	0.0	0.05	0.0	5	5974	-58.6	-252.2	2.35	3798.35	1
139.24	0	3803.7	191.4	0.62	0.0	0.06	0.0	5	5983	-53.6	-253.9	2.27	3803.66	1
139.34	0	3809.1	191.4	0.62	0.0	0.08	0.0	5	5987	-48.5	-255.5	2.15	3809.08	1
139.44	0	3814.4	191.5	0.62	0.0	0.06	0.0	5	5991	-43.4	-257.1	2.02	3814.39	1
139.54	0	3819.8	191.6	0.62	0.0	0.01	0.0	5	5996	-38.3	-258.5	1.96	3819.79	1
139.64	0	3825.2	191.6	0.62	0.0	0.01	0.0	5	5995	-33.1	-259.9	1.84	3825.2	1
139.76	0	3831.2	191.8	0.62	0.0	0.01	0.0	5	5990	-27.3	-261.4	1.73	3831.23	1
139.86	0	3836.6	191.9	0.62	0.0	0.01	0.0	5	5986	-22.1	-262.7	1.71	3836.56	1
139.96	0	3841.9	192.1	0.62	0.0	0.01	0.0	5	5988	-16.9	-263.8	1.6	3841.94	1
140.06	0	3847.3	192.2	0.62	0.0	0.01	0.0	5	5988	-11.7	-265.0	1.53	3847.28	1
140.16	0	3852.7	192.4	0.62	0.0	0.02	0.0	5	5990	-6.4	-266.1	1.48	3852.68	1
140.26	0	3858.0	192.6	0.62	0.0	0.02	0.0	5	5998	-1.2	-267.1	1.3	3858.04	1
140.36	0	3863.4	192.8	0.62	0.0	0.02	0.0	5	6003	4.1	-268.2	1.14	3863.38	1
140.45	0	3868.7	193.0	0.62	0.0	0.01	0.0	5	6007	9.3	-269.2	1.02	3868.71	1
140.55	0	3874.1	193.2	0.62	0.0	0.03	0.0	5	6015	14.6	-270.1	0.93	3874.07	1
140.66	0	3879.5	193.3	0.62	0.0	0.02	0.0	5	6021	19.9	-271.1	0.71	3879.48	1
140.75	0	3884.8	193.5	0.58	0.0	0.02	0.0	5	6020	25.2	-272.0	0.49	3884.84	1
140.86	0	3890.2	193.7	0.62	0.0	0.03	0.0	5	6033	30.5	-272.9	0.31	3890.22	1
140.96	0	3895.6	193.9	0.63	0.0	0.07	0.0	5	6044	35.8	-273.7	0.16	3895.6	1
141.06	0	3901.0	194.0	0.63	0.0	0.07	0.0	5	6057	41.1	-274.5	0.14	3900.98	1
141.16	0	3906.4	194.2	0.63	0.0	0.07	0.0	5	6067	46.5	-275.3	0.27	3906.38	1
141.25	0	3911.7	194.3	0.63	0.0	0.07	0.0	5	6076	51.8	-276.0	0.45	3911.75	1
141.35	0	3917.1	194.4	0.63	0.0	0.07	0.0	5	6087	57.2	-276.6	0.71	3917.15	1
141.46	0	3922.6	194.5	0.63	0.0	0.05	0.0	5	6095	62.5	-277.1	0.98	3922.61	1
141.56	0	3928.0	194.6	0.63	0.0	0.05	0.0	5	6099	68.0	-277.6	1.09	3928.05	1
141.68	0	3934.6	194.7	0.63	0.0	0.02	0.0	5	6103	74.5	-278.0	1.34	3934.63	1
141.79	0	3940.7	194.8	0.63	0.0	0.01	0.0	5	6101	80.6	-278.3	1.68	3940.65	1
141.89	0	3946.2	195.0	0.63	0.0	-0.01	0.0	5	6101	86.0	-278.5	1.98	3946.18	1
141.99	0	3951.6	195.1	0.63	0.0	-0.01	0.0	5	6097	91.4	-278.6	2.16	3951.56	1
142.09	0	3957.0	195.3	0.63	0.0	-0.01	0.0	5	6095	96.8	-278.6	2.39	3956.98	1
142.19	0	3962.4	195.6	0.63	0.0	-0.03	0.0	5	6096	102.3	-278.6	2.66	3962.42	1
142.29	0	3968.0	195.8	0.63	0.0	-0.0	0.0	5	6102	107.7	-278.6	2.93	3967.96	1
142.39	0	3973.4	196.0	0.63	0.0	-0.0	0.0	5	6109	113.1	-278.6	2.95	3973.42	1
142.49	0	3978.9	196.3	0.63	0.0	-0.0	0.0	5	6114	118.6	-278.6	2.97	3978.87	1
142.59	0	3984.3	196.5	0.64	0.0	-0.0	0.0	5	6123	124.0	-278.6	2.98	3984.33	1
142.69	0	3989.8	196.7	0.64	0.0	-0.0	0.0	5	6133	129.5	-278.6	2.99	3989.8	1
142.79	0	3995.3	197.0	0.66	0.0	-0.03	0.0	5	6147	135.0	-278.6	2.98	3995.26	1
142.89	0	4000.8	197.3	0.67	0.0	-0.03	0.0	5	6164	140.4	-278.6	2.95	4000.75	1
142.99	0	4006.2	197.6	0.69	0.0	-0.03	0.0	5	6179	145.9	-278.7	2.87	4006.23	1
143.09	0	4011.7	197.9	0.73	0.0	-0.03	0.0	5	6209	151.4	-278.8	2.76	4011.73	1
143.19	0	4017.2	198.3	0.73	0.0	0.0	0.0	5	6231	156.9	-278.9	2.61	4017.23	1
143.29	0	4022.8	198.8	0.74	0.0	0.02	0.0	5	6248	162.4	-279.0	2.42	4022.75	1
143.39	0	4028.3	199.2	0.71	0.0	0.06	0.0	5	6255	167.9	-279.2	2.21	4028.26	1
143.49	0	4033.7	199.6	0.69	0.0	0.03	0.0	5	6247	173.4	-279.4	2.05	4033.74	1
143.59	0	4039.3	200.0	0.69	0.0	0.01	0.0	5	6229	179.0	-279.6	1.91	4039.29	1
143.69	0	4044.9	200.3	0.69	0.0	0.01	0.0	5	6280	184.6	-279.8	1.78	4044.87	1
143.79	0	4050.4	200.6	0.69	0.0	0.0	0.0	5	6287	190.1	-279.9	1.68	4050.43	1
143.89	0	4056.0	201.0	0.69	0.0	0.0	0.0	5	6293	195.7	-280.0	1.61	4055.99	1
144.0	0	4062.5	201.4	0.69	0.0	0.0	0.0	5	6304	202.2	-280.2	1.57	4062.48	1
144.1	0	4068.1	201.7	0.69	0.0	0.0	0.0	5	6314	207.8	-280.2	1.57	4068.09	1
144.2	0	4073.7	202.0	0.69	0.0	0.0	0.0	5	6324	213.4	-280.3	1.6	4073.67	1
144.3	0	4079.3	202.4	0.69	0.0	0.0	0.0	5	6334	219.0	-280.3	1.64	4079.29	1
144.4	0	4084.9	202.7	0.69	0.0	0.0	0.0	5	6344	224.6	-280.3	1.69	4084.93	1
144.5	0	4090.5	203.0	0.69	0.0	0.0	0.0	5	6355	230.3	-280.3	1.76	4090.55	1
144.61	0	4096.3	203.4	0.69	0.0	0.0	0.0	5	6366	235.9	-280.3	1.52	4096.32	1
144.71	0	4102.0	203.7	0.69	0.0	0.0	0.0	5	6376	241.6	-280.3	1.3	4101.97	1
144.81	0	4107.6	204.1	0.73	0.0	-0.01	0.0	5	6404	247.3	-280.2	1.08	4107.63	1
144.9	0	4113.3	204.5	0.74	0.0	-0.01	0.0	5	6426	252.9	-280.2	0.87	4113.28	1
145.0	0	4119.0	205.0	0.74	0.0	-0.01	0.0	5	6441	258.6	-280.1	0.65	4118.97	1
145.1	0	4124.6	205.4	0.76	0.0	-0.01	0.0	5	6461	264.3	-280.1	0.5	4124.63	1
145.2	0	4130.3	205.9	0.76	0.0	-0.01	0.0	5	6479	270.0	-280.1	0.4	4130.35	1
145.3	0	4136.1	206.4	0.76	0.0	-0.01	0.0	5	6500	275.7	-280.1	0.27	4136.07	1
145.4	0	4141.8	206.9	0.76	0.0	0.01	0.0	5	6497	281.4	-280.1	0.13	4141.8	1
145.5	0	4147.5	207.4	0.76	0.0	0.01	0.0	5	6553	287.2	-280.1	-0.03	4147.54	1
145.6	0	4153.3	207.9	0.76	0.0	0.01	0.0	5	6542	293.0	-280.2	-0.21	4153.32	1
145.7	0	4159.1	208.4	0.76	0.0	0.02	0.0	5	6562	298.8	-280.3	-0.4	4159.11	1
145.8	0	4164.9	208.9	0.76	0.0	0.05	0.0	5	6579	304.5	-280.3	-0.59	4164.89	1
145.9	0	4170.7	209.4	0.76	0.0	0.05	0.0	5	6599	310.4	-280.4	-0.76	4170.69	1
146.0	0	4176.5	209.9	0.76	0.0	0.01	0.0	5	6620	316.2	-280.4	-0.89	4176.53	1
146.1	0	4182.4	210.4	0.76	0.0	0.01	0.0	5	6636	322.0	-280.4	-0.96	4182.37	1
146.2	0	4188.2	210.8	0.76	0.0	0.0	0.0	5	6653	327.8	-280.3	-0.99	4188.18	1
146.3	0	4194.1	211.3	0.76	0.0	-0.03	0.0	5	6668	333.7	-280.3	-0.98	4194.08	1
146.4	0	4200.0	211.8	0.76	0.0	-0.05	0.0	5	6677	339.6	-280.1	-0.94	4199.96	1
146.5	0	4205.8	212.3	0.76	0.0	-0.0	0.0	5	6691	345.5	-280.0	-0.89	4205.81	1
146.61	0	4211.8	212.8	0.76	0.0	0.0	0.0	5	6704	351.4	-279.9	-0.82	4211.8	1
146.7	0	4217.7	213.3	0.76	0.0	0.0	0.0	5	6722	357.3	-279.7	-0.76	4217.68	1
146.8	0	4223.6	213.8	0.76	0.0	0.0	0.0	5	6736	363.2	-279.6	-0.7	4223.59	1
146.9	0	4229.6	214.3	0.78	0.0	0.0	0.0	5	6761	369.2	-279.5	-0.6	4229.56	1
147.0	0	4235.5	214.8	0.78	0.0	0.0	0.0	5	6778	375.2	-279.3	-0.48	4235.52	1
147.1	0	4241.5	215.3	0.78	0.0	0.0	0.0	5	6795	381.1	-279.2	-0.36	4241.49	1
147.2	0	4247.5	215.8	0.78	0.0	0.0	0.0	5	6812	387.1	-279.1	-0.25	4247.49	1
147.3	0	4253.5	216.4	0.78	0.0	-0.02	0.0	5	6827	393.1	-279.0	-0.13	4253.48	1
147.4	0	4259.5	216.9	0.78	0.0	-0.02	0.0	5	6847	399.1	-278.9	-0.02	4259.49	1
147.5	0	4265.5	217.4	0.78	0.0	-0.02	0.0	5	6863	405.2	-278.8	0.09	4265.53	1
147.6	0	4271.6	217.9	0.78	0.0	-0.02	0.0	5	6880	411.2	-278.7	0.18	4271.57	1
147.7	0	4277.6	218.4	0.78	0.0	-0.02	0.0	5	6898	417.3	-278.6	0.26	4277.64	1
147.8	0	4283.7	218.9	0.78	0.0	-0.02	0.0	5	6915	423.3	-278.5	0.35	4283.7	1
147.9	0	4289.8	219.4	0.78	0.0	-0.02	0.0	5	6933	429.4	-278.5	0.41	4289.78	1
148.0	0	4295.9	219.8	0.78	0.0	0.01	0.0	5	6950	435.5	-278.5	0.44	4295.9	1
148.1	0	4302.0	220.3	0.78	0.0	0.01	0.0	5	6964	441.6	-278.6	0.43	4302.0	1
148.22	0	4309.1	220.9	0.78	0.0	0.01	0.0	5	6980	448.7	-278.7	0.38	4309.07	1
148.32	0	4315.2	221.4	0.78	0.0	0.03	0.0	5	6993	454.9	-278.8	0.32	4315.22	1
148.42	0	4321.4	221.9	0.78	0.0	0.03	0.0	5	7006	461.0	-278.9	0.23	4321.38	1
148.52	0	4327.6	222.3	0.78	0.0	0.03	0.0	5	7022	467.2	-279.0	0.15	4327.56	1
148.62	0	4333.7	222.8	0.78	0.0	0.01	0.0	5	7039	473.4	-279.1	0.05	4333.74	1
148.72	0	4340.0	223.3	0.78	0.0	0.01	0.0	5	7058	479.6	-279.2	-0.03	4339.95	1
148.82	0	4346.1	223.7	0.78	0.0	0.0	0.0	5	7075	485.8	-279.3	-0.08	4346.14	1
148.92	0	4352.4	224.2	0.78	0.0	0.0	0.0	5	7090	492.0	-279.3	-0.1	4352.35	1
149.02	0	4358.6	224.6	0.78	0.0	0.0	0.0	5	7104	498.2	-279.3	-0.08	4358.6	1
149.12	0	4364.8	225.1	0.78	0.0	0.0	0.0	5	7117	504.5	-279.2	-0.03	4364.83	1
149.22	0	4371.1	225.6	0.78	0.0	0.0	0.0	5	7131	510.7	-279.2	0.05	4371.09	1
149.32	0	4377.4	226.0	0.78	0.0	0.0	0.0	5	7144	517.0	-279.1	0.16	4377.38	1
149.42	0	4383.6	226.5	0.78	0.0	0.0	0.0	5	7160	523.3	-278.9	0.28	4383.65	1
149.52	0	4390.0	226.8	0.64	0.0	0.0	0.0	5	7109	529.6	-278.8	0.42	4389.96	1
149.62	0	4396.3	226.8	0.52	0.0	0.0	0.0	5	7046	535.9	-278.6	0.58	4396.29	1
149.72	0	4402.6	226.5	0.36	0.0	0.0	0.0	5	6965	542.2	-278.4	0.76	4402.61	1
149.82	0	4408.8	225.7	0.12	0.0	0.02	0.0	5	6846	548.5	-278.2	0.96	4408.85	1
149.92	0	4415.1	224.4	0.0	0.0	-0.0	0.0	5	6728	554.7	-278.0	1.18	4415.08	1
150.02	0	4421.3	222.8	0.0	0.0	-0.0	0.0	5	6678	560.9	-277.8	1.4	4421.29	1
150.12	0	4427.5	221.3	0.0	0.0	-0.0	0.0	5	6636	567.1	-277.5	1.64	4427.45	1
150.22	0	4433.6	219.8	0.0	0.0	-0.0	0.0	5	6589	573.2	-277.3	1.88	4433.57	1
150.32	0	4439.7	218.3	0.0	0.0	-0.02	0.0	5	6545	579.3	-277.0	2.13	4439.65	1
150.42	0	4445.7	216.8	0.0	0.0	-0.03	0.0	5	6501	585.3	-276.8	2.37	4445.69	1
150.52	0	4451.7	215.4	0.0	0.0	-0.03	0.0	5	6457	591.3	-276.5	2.59	4451.7	1
150.62	0	4457.7	213.9	0.0	0.0	-0.0	0.0	5	6413	597.3	-276.3	2.77	4457.66	1
150.72	0	4463.6	212.5	0.0	0.0	0.0	0.22	5	6369	603.2	-276.2	2.94	4463.59	1
150.82	0	4469.5	211.1	0.0	0.0	0.0	1.0	5	6247	609.1	-276.0	3.07	4469.46	1
150.92	0	4475.3	210.1	0.0	0.0	0.0	1.0	5	5863	614.9	-275.9	3.18	4475.3	1
151.02	0	4481.1	209.1	0.0	0.0	0.0	1.0	4	5500	620.8	-275.8	3.28	4481.13	1
151.12	0	4486.9	208.1	0.0	0.0	0.0	1.0	4	5161	626.6	-275.6	3.38	4486.92	1
151.22	0	4492.7	207.1	0.0	0.0	0.0	1.0	4	4843	632.3	-275.5	3.48	4492.7	1
151.32	0	4498.4	206.1	0.0	0.0	-0.02	1.0	4	4544	638.1	-275.4	3.58	4498.44	1
151.42	0	4504.1	205.2	0.0	0.0	-0.02	1.0	4	4264	643.8	-275.3	3.68	4504.14	1
151.52	0	4509.8	204.2	0.0	0.0	-0.02	1.0	4	4001	649.4	-275.2	3.77	4509.82	1
151.62	0	4515.5	203.2	0.0	0.0	-0.03	1.0	4	3752	655.2	-275.1	3.85	4515.54	1
151.76	0	4523.1	202.0	0.0	0.0	-0.0	1.0	4	3446	662.7	-275.0	3.91	4523.06	1
151.85	0	4528.6	201.0	0.0	0.0	-0.0	1.0	4	3234	668.3	-275.0	3.93	4528.63	1
151.95	0	4534.2	200.1	0.0	0.0	0.0	1.0	4	3035	673.8	-275.0	3.93	4534.19	1
152.05	0	4539.7	199.2	0.0	0.0	0.0	1.0	4	2848	679.4	-275.0	3.91	4539.74	1
152.15	0	4545.3	198.2	0.0	0.0	0.0	1.0	3	2672	684.9	-275.0	3.88	4545.26	1
152.25	0	4550.8	197.3	0.0	0.0	0.0	1.0	3	2507	690.4	-275.0	3.84	4550.76	1
152.35	0	4556.2	196.4	0.0	0.0	0.0	1.0	3	2353	695.8	-275.0	3.81	4556.21	1
152.47	0	4562.4	195.4	0.0	0.0	0.0	1.0	3	2189	702.0	-275.1	3.78	4562.39	1
152.57	0	4567.9	194.5	0.0	0.0	0.0	1.0	3	2053	707.5	-275.1	3.76	4567.86	1
152.67	0	4573.3	193.7	0.0	0.0	0.0	1.0	3	1962	712.9	-275.1	3.75	4573.29	1
152.77	0	4578.7	192.8	0.0	0.0	0.0	1.0	3	1954	718.3	-275.0	3.75	4578.65	1
152.87	0	4584.0	191.9	0.0	0.0	0.0	1.0	3	1953	723.6	-275.0	3.75	4583.98	1
152.97	0	4589.3	191.1	0.0	0.0	0.0	1.0	3	1953	728.9	-275.0	3.76	4589.31	1
153.07	0	4594.6	190.2	0.0	0.0	0.0	1.0	3	1953	734.2	-275.0	3.78	4594.6	1
153.17	0	4599.9	189.4	0.0	0.0	0.0	1.0	3	1953	739.5	-274.9	3.8	4599.88	1
153.27	0	4605.1	188.6	0.0	0.0	0.0	1.0	3	1953	744.8	-274.9	3.83	4605.13	1
153.37	0	4610.4	187.7	0.0	0.0	0.0	1.0	3	1953	750.0	-274.8	3.86	4610.38	1
153.47	0	4615.5	186.9	0.0	0.0	0.0	1.0	3	1953	755.2	-274.8	3.9	4615.54	1
153.57	0	4620.7	186.1	0.0	0.0	0.0	1.0	3	1953	760.3	-274.7	3.95	4620.72	1
153.67	0	4625.9	185.3	0.0	0.0	0.0	1.0	3	1953	765.5	-274.6	4.0	4625.88	1
153.77	0	4631.0	184.5	0.0	0.0	0.0	1.0	3	1953	770.7	-274.6	4.07	4631.05	1
153.87	0	4636.1	183.7	0.0	0.0	0.0	1.0	3	1953	775.8	-274.5	4.13	4636.13	1
153.97	0	4641.2	182.9	0.0	0.0	0.0	1.0	3	1953	780.8	-274.4	4.2	4641.23	1
154.07	0	4646.3	182.1	0.0	0.0	0.0	1.0	3	1953	785.9	-274.3	4.28	4646.27	1
154.17	0	4651.3	181.4	0.0	0.0	0.0	1.0	3	1953	790.9	-274.2	4.37	4651.32	1
154.27	0	4656.4	180.6	0.0	0.0	-0.03	1.0	3	1953	796.0	-274.1	4.45	4656.35	1
154.37	0	4661.3	179.8	0.0	0.0	-0.02	1.0	3	1953	801.0	-274.0	4.54	4661.34	1
154.47	0	4666.3	179.1	0.0	0.0	-0.02	1.0	3	1953	806.0	-273.9	4.62	4666.33	1
154.57	0	4671.3	178.3	0.0	0.0	-0.03	1.0	3	1953	810.9	-273.8	4.68	4671.29	1
154.67	0	4676.3	177.5	0.0	0.0	-0.05	1.0	3	1953	815.9	-273.8	4.72	4676.25	1
154.77	0	4681.2	176.8	0.0	0.0	-0.0	1.0	3	1953	820.8	-273.8	4.73	4681.16	1
154.87	0	4686.1	176.0	0.0	0.0	0.0	1.0	3	1953	825.7	-273.8	4.71	4686.05	1
154.97	0	4691.0	175.3	0.0	0.0	0.0	1.0	3	1953	830.6	-273.8	4.67	4690.95	1
155.07	0	4695.8	174.6	0.0	0.0	0.0	1.0	3	1953	835.4	-273.8	4.61	4695.79	1
155.17	0	4700.6	173.8	0.0	0.0	0.0	1.0	3	1953	840.2	-273.9	4.55	4700.63	1
155.27	0	4705.5	173.1	0.0	0.0	0.0	1.0	3	1953	845.1	-274.0	4.48	4705.45	1
155.37	0	4710.2	172.4	0.0	0.0	0.0	1.0	3	1953	849.9	-274.0	4.42	4710.25	1
155.47	0	4715.0	171.7	0.0	0.0	0.0	1.0	3	1953	854.7	-274.0	4.36	4715.03	1
155.57	0	4719.8	171.0	0.0	0.0	0.0	1.0	3	1953	859.4	-274.1	4.31	4719.79	1
155.67	0	4724.6	170.3	0.0	0.0	0.0	1.0	3	1953	864.2	-274.1	4.26	4724.56	1
155.77	0	4729.3	169.6	0.0	0.0	0.0	1.0	3	1953	868.9	-274.1	4.22	4729.31	1
155.87	0	4734.0	168.9	0.0	0.0	-0.02	1.0	3	1953	873.6	-274.2	4.17	4734.0	1
155.97	0	4738.7	168.0	0.0	0.0	-0.03	0.74	3	2151	878.3	-274.2	4.11	4738.68	1
156.07	0	4743.3	165.9	0.0	0.0	-0.03	0.6	3	2986	882.9	-274.2	4.04	4743.32	1
156.17	0	4747.9	163.3	0.0	0.0	-0.03	0.18	3	4357	887.5	-274.3	3.97	4747.88	1
156.27	0	4752.4	160.4	0.0	0.0	-0.03	0.0	3	5596	892.0	-274.3	3.88	4752.38	1
156.37	0	4756.8	157.5	0.0	0.0	-0.03	0.0	3	6304	896.4	-274.4	3.77	4756.79	1
156.47	0	4761.1	155.5	0.0	0.0	-0.03	0.0	3	6605	900.8	-274.6	3.6	4761.14	1
156.57	0	4765.4	154.1	0.0	0.0	-0.0	0.0	3	6608	905.0	-274.8	3.38	4765.42	1
156.67	0	4769.7	153.0	0.06	0.0	0.0	0.0	3	6606	909.3	-275.1	3.09	4769.68	1
156.78	0	4774.5	151.8	0.0	0.0	0.0	0.0	3	6527	914.2	-275.5	2.69	4774.54	1
156.88	0	4778.7	150.7	0.0	0.0	-0.0	0.0	3	6484	918.3	-275.8	2.33	4778.71	1
156.98	0	4782.9	149.5	0.0	0.0	-0.0	0.0	3	6432	922.5	-276.2	1.94	4782.87	1
157.08	0	4787.0	148.4	0.0	0.0	-0.0	0.0	3	6382	926.6	-276.6	1.56	4786.98	1
157.18	0	4791.1	147.3	0.0	0.0	-0.0	0.0	3	6341	930.7	-277.0	1.18	4791.07	1
157.28	0	4795.1	146.3	0.0	0.0	-0.01	0.0	3	6295	934.8	-277.4	0.78	4795.14	1
157.38	0	4799.2	145.2	0.0	0.0	-0.03	0.0	3	6252	938.8	-277.7	0.39	4799.17	1
157.48	0	4803.2	144.1	0.0	0.0	-0.07	0.0	3	6194	942.8	-278.1	-0.01	4803.17	1
157.58	0	4807.1	143.0	0.0	0.0	-0.08	0.0	3	6160	946.8	-278.5	-0.51	4807.1	1
157.68	0	4811.2	142.0	0.06	0.0	-0.1	0.0	3	6146	950.7	-279.0	-0.97	4811.17	1
157.78	0	4815.1	141.1	0.06	0.0	-0.14	0.0	3	6111	954.6	-279.5	-1.11	4815.07	1
157.88	0	4819.0	140.2	0.06	0.0	-0.14	0.0	3	6067	958.4	-280.0	-1.48	4818.97	1
157.98	0	4822.8	139.2	0.06	0.0	-0.17	0.0	3	6032	962.3	-280.7	-1.74	4822.84	1
158.08	0	4826.7	138.1	0.0	0.0	-0.2	0.0	3	5946	966.1	-281.4	-2.09	4826.69	1
158.18	0	4830.5	136.9	0.0	0.0	-0.16	0.0	3	5887	969.8	-282.2	-2.53	4830.47	1
158.28	0	4834.7	135.6	0.0	0.0	-0.16	0.0	3	5831	973.5	-283.1	-2.75	4834.67	1
158.38	0	4838.4	134.4	0.0	0.0	-0.23	0.0	3	5775	977.1	-284.1	-2.81	4838.42	1
158.48	0	4842.1	133.0	0.0	0.0	-0.26	0.0	3	5718	980.6	-285.1	-2.97	4842.13	1
158.58	0	4846.4	131.7	0.0	0.0	-0.25	0.0	3	5659	984.1	-286.3	-3.23	4846.4	1
158.68	0	4850.0	130.3	0.0	0.0	-0.28	0.0	3	5598	987.5	-287.6	-2.95	4850.01	1
158.78	0	4853.6	129.0	0.0	0.0	-0.23	0.0	3	5532	990.9	-289.0	-2.79	4853.63	1
158.88	0	4857.2	127.6	0.0	0.0	-0.2	0.0	3	5470	994.1	-290.4	-2.75	4857.19	1
158.98	0	4861.2	126.2	0.0	0.0	-0.22	0.0	3	5410	997.3	-292.0	-2.62	4861.17	1
159.08	0	4864.6	124.8	0.0	0.0	-0.24	0.0	3	5350	1000.3	-293.7	-2.26	4864.64	1
159.18	0	4868.1	123.5	0.0	0.0	-0.24	0.0	3	5294	1003.3	-295.4	-2.03	4868.08	1
159.28	0	4871.5	122.2	0.0	0.0	-0.24	0.0	3	5245	1006.2	-297.2	-1.91	4871.48	1
159.38	0	4875.1	120.9	0.0	0.0	-0.29	0.0	3	5195	1009.0	-299.2	-1.69	4875.09	1
159.48	0	4878.4	119.6	0.0	0.0	-0.35	0.0	3	5144	1011.6	-301.1	-1.4	4878.42	1
159.58	0	4881.7	118.2	0.0	0.0	-0.35	0.0	3	5092	1014.2	-303.2	-1.23	4881.72	1
159.68	0	4885.0	116.9	0.0	0.0	-0.35	0.0	3	5037	1016.7	-305.3	-1.17	4885.01	1
159.78	0	4888.4	115.6	0.0	0.0	-0.39	0.0	3	4982	1019.1	-307.5	-0.97	4888.44	1
159.88	0	4891.6	114.3	0.0	0.0	-0.45	0.0	3	4922	1021.4	-309.8	-0.58	4891.61	1
159.98	0	4894.7	112.6	0.0	0.09	-0.49	0.0	3	4819	1023.5	-312.1	-0.32	4894.75	1
160.08	0	4897.8	110.7	0.0	0.09	-0.49	0.0	3	4715	1025.5	-314.4	-0.18	4897.84	1
160.18	0	4900.9	108.6	0.0	0.11	-0.59	0.0	3	4622	1027.4	-316.8	0.01	4900.92	1
160.28	0	4903.9	106.5	0.0	0.13	-0.62	0.0	3	4529	1029.2	-319.2	0.32	4903.88	1
160.38	0	4906.8	104.2	0.0	0.13	-0.68	0.0	3	4427	1030.8	-321.7	0.51	4906.79	1
160.48	0	4909.7	101.8	0.0	0.17	-0.74	0.0	3	4320	1032.4	-324.1	0.58	4909.66	1
160.58	0	4912.4	99.3	0.0	0.18	-0.74	0.0	3	4202	1033.7	-326.5	0.54	4912.44	1
160.68	0	4915.1	96.6	0.0	0.17	-0.77	0.0	3	4093	1035.0	-328.9	0.8	4915.06	1
160.78	0	4917.7	94.1	0.0	0.16	-0.77	0.0	3	4006	1036.1	-331.3	0.99	4917.68	1
160.88	0	4920.3	91.8	0.0	0.14	-0.71	0.0	3	3918	1037.1	-333.7	1.08	4920.26	1
160.98	0	4922.8	89.6	0.0	0.13	-0.71	0.0	3	3832	1038.0	-336.1	1.05	4922.79	1
161.12	0	4926.0	87.1	0.0	0.0	-0.66	0.0	3	3777	1039.0	-339.2	0.85	4926.03	1
161.2	0	4927.8	86.1	0.0	0.0	-0.59	0.0	3	3742	1039.4	-341.0	1.0	4927.77	1
161.3	0	4930.1	85.1	0.0	0.0	-0.52	0.0	3	3693	1039.9	-343.3	1.08	4930.14	1
161.4	0	4932.5	84.1	0.0	0.0	-0.41	0.13	3	3652	1040.3	-345.6	1.05	4932.49	1
161.5	0	4934.8	83.2	0.0	0.0	-0.34	0.82	3	3614	1040.5	-348.0	0.9	4934.81	1
161.6	0	4937.1	82.6	0.0	0.0	-0.3	1.0	2	3391	1040.7	-350.3	0.65	4937.1	1
161.73	0	4940.1	81.9	0.06	0.0	-0.21	1.0	2	3132	1040.7	-353.3	0.28	4940.07	1
161.83	0	4942.3	80.0	0.12	0.0	-0.21	0.2	2	3933	1040.6	-355.6	0.18	4942.33	1
161.93	0	4944.5	78.2	0.18	0.0	-0.21	0.0	2	4402	1040.5	-357.7	0.01	4944.51	1
162.03	0	4946.7	77.8	0.32	0.0	-0.2	0.0	2	4504	1040.2	-359.9	-0.16	4946.67	1
162.13	0	4948.8	78.1	0.43	0.0	-0.0	0.0	2	4531	1039.9	-362.0	-0.23	4948.79	1
162.23	0	4950.9	78.6	0.41	0.0	-0.05	0.0	2	4560	1039.5	-364.2	-0.14	4950.93	1
162.33	0	4952.8	79.0	0.35	0.0	0.0	0.0	2	4546	1039.0	-366.3	-0.21	4952.81	1
162.43	0	4956.2	79.3	0.32	0.0	0.0	0.0	2	4561	1038.5	-368.5	-2.32	4956.24	1
162.53	0	4958.5	79.5	0.3	0.0	-0.09	0.0	2	4568	1038.0	-370.6	-2.39	4958.45	1
162.63	0	4960.7	79.7	0.34	0.0	-0.12	0.0	2	4584	1037.5	-372.8	-2.49	4960.65	1
162.73	0	4962.9	80.1	0.41	0.0	-0.16	0.0	2	4612	1037.0	-374.9	-2.61	4962.89	1
162.83	0	4965.1	80.5	0.41	0.0	-0.19	0.0	2	4669	1036.4	-377.1	-2.78	4965.11	1
162.93	0	4967.3	81.0	0.43	0.0	-0.17	0.0	2	4712	1035.7	-379.2	-2.99	4967.35	1
163.03	0	4969.6	81.5	0.43	0.0	-0.07	0.0	2	4743	1035.0	-381.4	-3.25	4969.57	1
163.13	0	4971.8	82.2	0.43	0.0	-0.07	0.0	2	4776	1034.3	-383.5	-3.56	4971.83	1
163.23	0	4974.5	82.8	0.43	0.0	-0.01	0.0	2	4804	1033.5	-385.7	-3.69	4974.54	1
163.33	0	4976.8	83.4	0.41	0.0	0.12	0.0	2	4833	1032.7	-387.8	-3.8	4976.84	1
163.43	0	4979.2	83.9	0.41	0.0	0.05	0.0	2	4863	1031.9	-390.0	-3.9	4979.16	1
163.53	0	4981.5	84.5	0.41	0.0	0.01	0.0	2	4896	1031.1	-392.2	-4.0	4981.5	1
163.63	0	4983.9	85.1	0.41	0.0	0.01	0.0	2	4929	1030.3	-394.4	-4.08	4983.85	1
163.73	0	4986.2	85.7	0.41	0.0	-0.07	0.0	2	4961	1029.5	-396.6	-4.16	4986.22	1
163.83	0	4988.6	86.2	0.41	0.0	-0.07	0.0	2	4995	1028.6	-398.9	-4.24	4988.62	1
163.93	0	4991.6	86.9	0.47	0.0	-0.03	0.0	2	5061	1027.8	-401.1	-4.14	4991.6	1
164.03	0	4994.0	87.7	0.48	0.0	-0.11	0.0	2	5115	1026.9	-403.4	-3.93	4994.02	1
164.13	0	4996.5	88.5	0.48	0.0	-0.1	0.0	2	5173	1026.0	-405.7	-3.76	4996.46	1
164.23	0	4998.9	89.3	0.48	0.0	-0.16	0.0	2	5227	1025.1	-407.9	-3.63	4998.92	1
164.33	0	5001.4	90.0	0.48	0.0	-0.2	0.0	2	5289	1024.0	-410.2	-3.55	5001.41	1
164.43	0	5003.9	90.8	0.48	0.0	-0.13	0.0	2	5356	1023.0	-412.5	-3.53	5003.92	1
164.53	0	5006.5	91.7	0.48	0.0	-0.14	0.0	2	5381	1021.8	-414.7	-3.58	5006.46	1
164.63	0	5009.4	92.5	0.48	0.0	-0.16	0.0	2	5418	1020.6	-417.0	-3.45	5009.44	1
164.73	0	5012.0	93.3	0.48	0.0	-0.08	0.0	2	5493	1019.3	-419.2	-3.34	5012.03	1
164.83	0	5014.6	94.2	0.48	0.0	-0.03	0.0	2	5536	1017.9	-421.5	-3.28	5014.65	1
164.93	0	5017.3	95.1	0.48	0.0	-0.09	0.0	2	5580	1016.5	-423.7	-3.27	5017.28	1
165.03	0	5019.9	96.0	0.48	0.0	-0.12	0.0	2	5632	1015.0	-425.9	-3.31	5019.92	1
165.13	0	5022.6	96.9	0.51	0.0	-0.14	0.0	2	5701	1013.5	-428.1	-3.41	5022.61	1
165.23	0	5025.8	97.8	0.51	0.0	-0.17	0.0	2	5769	1011.9	-430.3	-3.42	5025.81	1
165.33	0	5028.5	98.8	0.51	0.0	-0.17	0.0	2	5836	1010.3	-432.4	-3.25	5028.54	1
165.43	0	5031.3	99.7	0.51	0.0	-0.14	0.0	2	5903	1008.5	-434.6	-3.15	5031.3	1
165.56	0	5035.0	101.1	0.53	0.0	-0.07	0.0	2	5999	1006.1	-437.4	-3.12	5035.0	1
165.65	0	5037.4	102.0	0.53	0.0	-0.06	0.0	2	6050	1004.5	-439.1	-3.16	5037.37	1
165.75	0	5040.2	103.2	0.53	0.0	-0.05	0.0	2	6109	1002.6	-441.2	-3.28	5040.22	1
165.85	0	5043.6	104.3	0.54	0.0	-0.05	0.0	2	6175	1000.5	-443.3	-3.28	5043.62	1
165.95	0	5046.5	105.4	0.53	0.0	-0.05	0.0	2	6272	998.4	-445.3	-3.08	5046.51	1
166.05	0	5049.5	106.7	0.53	0.0	-0.05	0.0	2	6284	996.3	-447.3	-2.92	5049.46	1
166.15	0	5052.4	107.9	0.53	0.0	-0.05	0.0	2	6367	994.1	-449.3	-2.82	5052.44	1
166.25	0	5055.4	109.0	0.52	0.0	-0.07	0.0	2	6451	991.9	-451.3	-2.75	5055.42	1
166.35	0	5058.5	110.2	0.52	0.0	-0.07	0.0	2	6526	989.6	-453.3	-2.72	5058.47	1
166.45	0	5061.6	111.4	0.54	0.0	-0.07	0.0	2	6606	987.2	-455.3	-2.73	5061.55	1
166.55	0	5064.6	112.6	0.53	0.0	-0.12	0.0	2	6684	984.8	-457.2	-2.78	5064.64	1
166.65	0	5068.2	113.8	0.53	0.0	-0.12	0.0	2	6756	982.3	-459.2	-2.89	5068.18	1
166.75	0	5071.3	114.9	0.53	0.0	-0.12	0.0	2	6826	979.8	-461.1	-2.67	5071.34	1
166.85	0	5074.5	116.0	0.53	0.0	-0.12	0.0	2	6909	977.2	-463.0	-2.51	5074.55	1
166.95	0	5077.8	117.2	0.54	0.0	-0.09	0.0	2	6998	974.5	-464.8	-2.43	5077.79	1
167.05	0	5081.0	118.3	0.56	0.0	-0.04	0.0	2	7090	971.8	-466.6	-2.42	5081.04	1
167.15	0	5084.4	119.7	0.56	0.0	-0.02	0.0	2	7144	968.9	-468.3	-2.49	5084.36	1
167.25	0	5087.7	121.0	0.58	0.0	-0.0	0.0	2	7296	966.1	-470.0	-2.63	5087.7	1
167.34	0	5091.0	122.5	0.58	0.0	0.0	0.0	2	7322	963.2	-471.7	-2.82	5091.03	1
167.44	0	5094.8	124.0	0.58	0.0	0.0	0.0	2	7368	960.2	-473.3	-2.97	5094.8	1
167.54	0	5098.3	125.4	0.58	0.0	-0.05	0.0	2	7494	957.1	-474.9	-2.87	5098.26	1
167.64	0	5101.8	126.8	0.58	0.0	-0.05	0.0	2	7574	954.0	-476.5	-2.8	5101.76	1
167.74	0	5105.3	128.3	0.58	0.0	-0.05	0.0	2	7655	950.8	-478.1	-2.77	5105.31	1
167.84	0	5108.9	129.7	0.58	0.0	-0.05	0.0	2	7742	947.6	-479.7	-2.77	5108.89	1
167.95	0	5112.5	131.1	0.58	0.0	-0.07	0.0	2	7834	944.3	-481.3	-2.82	5112.52	1
168.04	0	5116.2	132.5	0.58	0.0	-0.07	0.0	2	7924	941.0	-482.8	-2.91	5116.17	1
168.14	0	5120.3	133.8	0.58	0.0	-0.07	0.29	2	8016	937.6	-484.3	-3.03	5120.27	1
168.25	0	5124.0	134.3	0.47	0.0	-0.06	1.0	2	8486	934.2	-485.8	-2.76	5124.0	1
168.35	0	5127.7	133.7	0.25	0.0	-0.0	1.0	2	8896	930.7	-487.2	-2.55	5127.71	1
168.45	0	5131.4	133.7	0.09	0.0	-0.0	0.56	3	8255	927.3	-488.5	-2.4	5131.42	1
168.55	0	5135.2	135.7	0.21	0.0	-0.02	0.05	3	6239	923.8	-489.8	-2.29	5135.16	1
168.64	0	5138.9	136.1	0.32	0.0	-0.05	0.0	3	6009	920.2	-491.1	-2.21	5138.93	1
168.74	0	5142.7	136.1	0.36	0.0	-0.13	0.0	3	6028	916.7	-492.3	-2.18	5142.71	1
168.85	0	5146.8	136.3	0.45	0.0	-0.14	0.0	3	6091	913.0	-493.5	-2.06	5146.81	1
168.95	0	5150.6	136.7	0.49	0.0	-0.12	0.0	3	6143	909.4	-494.7	-1.65	5150.57	1
169.05	0	5154.3	137.2	0.49	0.0	-0.12	0.0	3	6186	905.8	-495.7	-1.3	5154.34	1
169.15	0	5158.2	137.6	0.5	0.0	-0.07	0.0	3	6215	902.1	-496.7	-1.04	5158.17	1
169.25	0	5162.0	138.2	0.5	0.0	-0.0	0.0	3	6233	898.4	-497.7	-0.85	5162.01	1
169.35	0	5165.8	138.8	0.54	0.0	0.0	0.0	3	6263	894.6	-498.5	-0.75	5165.85	1
169.45	0	5169.7	139.4	0.47	0.0	0.02	0.0	3	6252	890.8	-499.3	-0.71	5169.7	1
169.55	0	5173.6	139.9	0.47	0.0	0.0	0.0	3	6262	887.0	-500.1	-0.52	5173.63	1
169.65	0	5177.5	140.4	0.47	0.0	-0.05	0.0	3	6277	883.2	-500.8	-0.22	5177.52	1
169.75	0	5181.4	140.9	0.53	0.0	-0.05	0.0	3	6323	879.4	-501.4	0.04	5181.42	1
169.85	0	5185.4	141.7	0.55	0.0	-0.0	0.0	3	6386	875.5	-502.1	0.35	5185.35	1
169.98	0	5190.6	142.7	0.56	0.0	-0.0	0.0	3	6444	870.3	-502.9	0.75	5190.6	1
170.06	0	5193.9	143.4	0.56	0.0	-0.0	0.0	3	6474	867.1	-503.4	0.91	5193.9	1
170.16	0	5197.9	144.3	0.58	0.0	-0.0	0.0	3	6521	863.1	-504.0	0.8	5197.88	1
170.26	0	5201.9	145.2	0.58	0.0	-0.0	0.0	3	6564	859.2	-504.6	0.67	5201.91	1
170.36	0	5205.9	146.1	0.58	0.0	-0.0	0.0	3	6605	855.1	-505.1	0.64	5205.93	1
170.46	0	5210.0	147.0	0.58	0.0	-0.0	0.0	3	6647	851.1	-505.7	0.75	5209.98	1
170.56	0	5214.1	147.9	0.58	0.0	-0.0	0.0	3	6701	847.1	-506.2	0.85	5214.07	1
170.66	0	5218.2	148.9	0.58	0.0	-0.0	0.0	3	6721	843.0	-506.8	1.04	5218.16	1
170.76	0	5222.3	149.8	0.58	0.0	-0.0	0.0	3	6770	838.9	-507.3	1.25	5222.31	1
170.86	0	5226.4	150.6	0.58	0.0	-0.0	0.0	3	6823	834.7	-507.9	1.49	5226.38	1
170.96	0	5230.5	151.6	0.6	0.0	-0.0	0.0	3	6863	830.6	-508.4	1.96	5230.53	1
171.06	0	5234.7	152.6	0.62	0.0	-0.0	0.0	3	6922	826.4	-509.0	2.44	5234.71	1
171.16	0	5239.0	153.6	0.62	0.0	-0.0	0.0	3	6978	822.2	-509.5	2.91	5238.96	1
171.26	0	5243.2	154.6	0.63	0.0	-0.06	0.0	3	7031	817.9	-510.1	3.38	5243.22	1
171.36	0	5247.5	155.7	0.63	0.0	-0.07	0.0	3	7092	813.6	-510.6	3.84	5247.52	1
171.46	0	5251.8	156.7	0.63	0.0	-0.07	0.0	3	7149	809.3	-511.1	4.26	5251.83	1
171.56	0	5256.2	157.8	0.63	0.0	-0.07	0.0	3	7207	805.0	-511.6	4.64	5256.17	1
171.68	0	5261.3	158.9	0.63	0.0	-0.02	0.0	3	7273	799.9	-512.1	5.01	5261.32	1
171.78	0	5265.7	160.0	0.63	0.0	-0.0	0.0	3	7323	795.5	-512.4	5.25	5265.74	1
171.88	0	5270.2	161.0	0.63	0.0	-0.0	0.0	3	7365	791.0	-512.7	5.43	5270.2	1
171.98	0	5274.7	162.0	0.63	0.0	0.0	0.63	3	7428	786.6	-512.9	5.56	5274.66	1
172.08	0	5279.2	161.7	0.52	0.0	0.0	1.0	3	8341	782.1	-513.1	5.64	5279.18	1
172.18	0	5283.7	161.1	0.32	0.0	0.05	1.0	4	8831	777.6	-513.2	5.67	5283.66	1
172.28	0	5288.1	161.3	0.32	0.0	0.0	0.0	4	7225	773.1	-513.3	5.68	5288.15	1
172.38	0	5292.6	163.0	0.47	0.0	0.0	0.0	4	6066	768.6	-513.4	5.69	5292.65	1
172.48	0	5297.2	163.4	0.52	0.0	-0.02	0.0	4	6026	764.1	-513.6	5.73	5297.16	1
172.58	0	5301.7	163.7	0.52	0.0	-0.09	0.0	4	6049	759.5	-513.7	5.8	5301.71	1
172.68	0	5306.3	164.1	0.52	0.0	-0.1	0.0	4	6063	755.0	-513.9	5.87	5306.26	1
172.78	0	5310.8	164.4	0.56	0.0	-0.08	0.0	4	6100	750.4	-514.0	5.91	5310.82	1
172.88	0	5315.4	164.9	0.58	0.0	-0.0	0.0	4	6130	745.9	-514.1	5.91	5315.38	1
172.98	0	5320.0	165.3	0.6	0.0	-0.0	0.0	4	6158	741.3	-514.2	5.86	5319.96	1
173.08	0	5324.6	165.9	0.6	0.0	0.0	0.0	4	6169	736.7	-514.2	5.75	5324.55	1
173.18	0	5329.2	166.4	0.58	0.0	0.0	0.0	4	6180	732.1	-514.1	5.6	5329.16	1
173.28	0	5333.8	166.9	0.6	0.0	0.0	0.0	4	6179	727.4	-514.0	5.42	5333.78	1
173.38	0	5338.4	166.7	0.6	0.0	0.0	0.0	4	6367	722.8	-513.9	5.22	5338.42	1
173.48	0	5343.1	167.7	0.6	0.0	0.0	0.0	4	6196	718.1	-513.8	5.01	5343.06	1
173.58	0	5347.7	168.2	0.6	0.0	0.0	0.0	4	6228	713.5	-513.7	4.8	5347.71	1
173.68	0	5352.4	168.7	0.6	0.0	0.0	0.0	4	6271	708.8	-513.5	4.6	5352.4	1
173.78	0	5357.1	169.3	0.6	0.0	0.0	0.0	4	6296	704.1	-513.4	4.41	5357.08	1
173.88	0	5361.8	169.8	0.6	0.0	0.0	0.0	4	6325	699.4	-513.3	4.22	5361.79	1
173.98	0	5366.3	170.5	0.6	0.0	0.0	0.0	4	6309	694.7	-513.3	4.23	5366.33	1
174.08	0	5371.1	170.8	0.6	0.0	0.0	0.0	4	6428	690.0	-513.2	4.26	5371.06	1
174.18	0	5375.8	171.6	0.6	0.0	0.0	0.0	4	6356	685.2	-513.1	4.29	5375.84	1
174.28	0	5380.6	172.1	0.58	0.0	0.0	0.0	4	6383	680.4	-513.0	4.33	5380.59	1
174.41	0	5387.0	172.8	0.63	0.0	0.0	0.0	4	6447	674.0	-512.9	4.39	5386.98	1
174.49	0	5390.8	173.4	0.63	0.0	0.0	0.0	4	6466	670.2	-512.9	4.42	5390.8	1
174.59	0	5395.6	174.0	0.63	0.0	0.0	0.0	4	6482	665.4	-512.8	4.48	5395.61	1
174.69	0	5400.5	174.6	0.63	0.0	0.0	0.0	4	6518	660.5	-512.8	4.55	5400.46	1
174.79	0	5405.3	175.3	0.63	0.0	0.0	0.0	4	6542	655.7	-512.7	4.63	5405.32	1
174.89	0	5410.2	175.9	0.63	0.0	0.0	0.0	4	6561	650.8	-512.7	4.71	5410.2	1
174.99	0	5415.0	176.6	0.63	0.0	0.0	0.0	4	6585	645.9	-512.6	4.83	5414.96	1
175.09	0	5419.9	177.2	0.63	0.0	0.0	0.0	4	6610	641.0	-512.6	5.07	5419.86	1
175.19	0	5424.8	177.9	0.63	0.0	0.0	0.0	4	6635	636.1	-512.6	5.32	5424.8	1
175.29	0	5429.7	178.5	0.66	0.0	0.0	0.0	4	6672	631.1	-512.6	5.58	5429.74	1
175.39	0	5434.8	179.2	0.66	0.0	0.0	0.0	4	6700	626.2	-512.6	5.81	5434.79	1
175.49	0	5439.8	179.9	0.66	0.0	0.0	0.0	4	6727	621.2	-512.6	6.01	5439.78	1
175.59	0	5444.8	180.6	0.67	0.0	-0.05	0.0	4	6757	616.2	-512.7	6.2	5444.76	1
175.69	0	5449.8	181.3	0.67	0.0	-0.05	0.0	4	6792	611.1	-512.7	6.39	5449.81	1
175.79	0	5454.5	182.1	0.67	0.0	-0.0	0.0	4	6823	606.1	-512.7	6.79	5454.47	1
175.89	0	5459.5	182.8	0.67	0.0	0.0	0.0	4	6853	601.0	-512.6	7.24	5459.55	1
175.99	0	5464.6	183.5	0.67	0.0	0.0	0.0	4	6880	595.9	-512.6	7.66	5464.62	1
176.09	0	5469.4	184.3	0.67	0.0	0.0	0.0	4	6906	590.8	-512.5	8.06	5469.42	1
176.19	0	5474.4	185.0	0.67	0.0	0.0	0.0	4	6954	585.7	-512.4	8.66	5474.42	1
176.29	0	5479.5	185.6	0.67	0.0	0.0	0.0	4	7006	580.5	-512.3	9.24	5479.54	0
176.39	0	5484.7	186.4	0.67	0.0	0.0	0.0	4	7036	575.4	-512.1	9.78	5484.66	0
176.49	0	5488.1	187.0	0.67	0.0	0.0	0.0	4	7133	570.2	-512.0	10.66	5488.13	0
176.59	0	5493.1	187.5	0.67	0.0	0.0	0.0	4	7198	565.0	-511.9	12.07	5493.1	0
176.69	0	5498.7	188.0	0.67	0.0	0.0	0.0	4	7219	559.8	-511.8	13.44	5498.66	0
176.79	0	5503.8	188.6	0.67	0.0	0.0	0.0	4	7240	554.5	-511.7	14.66	5503.75	0
176.89	0	5510.3	189.0	0.67	0.0	0.0	0.0	4	7257	549.3	-511.6	15.56	5510.28	0
176.99	0	5516.7	189.4	0.67	0.0	0.0	0.0	4	7272	544.0	-511.6	16.25	5516.67	0
177.09	0	5521.9	189.7	0.67	0.0	0.0	0.0	4	7281	538.8	-511.6	16.76	5521.88	0
177.19	0	5533.7	189.8	0.67	0.0	-0.06	0.0	4	7282	533.5	-511.7	14.17	5533.69	0
177.29	0	5533.7	189.9	0.67	0.0	-0.14	0.0	4	7283	528.2	-511.8	15.94	5533.69	0
177.39	0	5540.5	189.8	0.6	0.0	-0.2	0.0	4	7265	522.9	-511.9	16.68	5540.53	0
177.49	0	5545.8	189.7	0.39	0.0	-0.24	0.0	4	7218	517.7	-512.1	16.92	5545.79	0
177.59	0	5551.0	189.4	0.16	0.0	-0.24	0.0	4	6983	512.4	-512.4	17.2	5551.04	0
177.69	0	5556.3	188.6	0.09	0.0	-0.07	0.0	4	6763	507.2	-512.6	17.52	5556.27	0
177.79	0	5561.5	187.6	0.09	0.0	-0.12	0.38	4	6705	502.0	-513.0	17.89	5561.48	0
177.89	0	5566.9	186.5	0.18	0.0	-0.05	0.37	4	6715	496.8	-513.3	18.25	5566.89	0
177.99	0	5572.1	185.9	0.28	0.0	-0.0	0.0	4	6757	491.6	-513.6	18.56	5572.05	0
178.09	0	5577.2	185.5	0.43	0.0	-0.0	0.0	4	6828	486.5	-513.9	18.83	5577.19	0
178.19	0	5582.3	185.4	0.52	0.0	-0.0	0.0	4	6926	481.3	-514.2	19.05	5582.35	0
178.29	0	5587.5	185.6	0.53	0.0	0.0	0.0	4	6983	476.2	-514.4	19.23	5587.5	0
178.39	0	5592.7	185.8	0.53	0.0	-0.03	0.0	4	7012	471.0	-514.6	19.37	5592.65	0
178.49	0	5597.5	186.0	0.54	0.0	-0.03	0.0	4	7060	465.9	-514.7	19.51	5597.46	0
178.59	0	5602.6	186.2	0.56	0.0	0.0	0.0	4	7135	460.7	-514.7	19.65	5602.63	0
178.69	0	5607.8	186.3	0.56	0.0	0.0	0.0	4	7134	455.5	-514.7	19.73	5607.8	0
178.8	0	5613.6	186.2	0.56	0.0	0.06	0.0	4	7127	449.7	-514.7	19.76	5613.64	0
178.89	0	5618.1	186.1	0.56	0.0	0.14	0.0	4	7117	445.2	-514.6	19.73	5618.14	0
178.99	0	5623.3	185.9	0.49	0.0	0.21	0.0	4	7088	440.0	-514.5	19.65	5623.34	0
179.09	0	5628.8	185.6	0.4	0.0	0.24	0.0	4	7047	434.8	-514.2	19.46	5628.76	0
179.19	0	5633.9	185.2	0.32	0.0	0.26	0.0	4	7013	429.7	-514.0	19.2	5633.89	0
179.29	0	5639.0	184.7	0.28	0.0	0.26	0.0	4	6958	424.6	-513.7	18.88	5639.01	0
179.39	0	5644.1	184.2	0.25	0.0	0.26	0.0	4	6849	419.4	-513.3	18.5	5644.13	0
179.49	0	5649.2	183.5	0.25	0.0	0.21	0.0	4	6781	414.4	-512.8	18.06	5649.21	0
179.59	0	5654.3	182.8	0.25	0.0	0.28	0.0	4	6736	409.3	-512.3	17.55	5654.28	0
179.69	0	5659.2	182.1	0.25	0.0	0.41	0.0	4	6701	404.3	-511.8	17.02	5659.21	0
179.79	0	5664.2	181.5	0.36	0.0	0.49	0.0	4	6762	399.2	-511.2	16.44	5664.24	0
179.89	0	5669.2	181.1	0.36	0.0	0.52	0.0	4	6779	394.2	-510.5	15.84	5669.23	0
179.99	0	5674.2	180.9	0.36	0.0	0.53	0.0	4	6684	389.3	-509.9	15.23	5674.23	0
180.09	0	5679.2	180.5	0.36	0.0	0.42	0.0	4	6696	384.3	-509.3	14.65	5679.22	0
180.19	0	5684.2	179.9	0.31	0.0	0.0	0.0	4	6761	379.3	-508.7	14.13	5684.21	0
180.29	0	5688.5	179.3	0.2	0.0	-0.23	0.0	4	6686	374.3	-508.3	13.88	5688.5	0
180.39	0	5692.4	178.4	0.12	0.0	-0.28	0.0	4	6494	369.4	-507.8	13.84	5692.36	0
180.49	0	5702.8	177.4	0.09	0.0	-0.33	0.0	4	6281	364.4	-507.5	12.54	5702.77	0
180.59	0	5705.4	176.2	0.0	0.0	-0.39	0.0	4	5977	359.5	-507.2	11.66	5705.41	0
180.69	0	5714.2	175.0	0.0	0.0	-0.39	0.0	4	5697	354.7	-507.0	9.84	5714.24	0
180.79	0	5719.6	172.9	0.0	0.0	-0.35	0.0	4	5426	349.9	-506.8	7.21	5719.55	1
180.89	0	5723.8	170.4	0.0	0.0	-0.34	0.0	4	5163	345.1	-506.7	4.4	5723.84	1
180.99	0	5727.4	167.6	0.0	0.0	-0.3	0.0	4	4911	340.4	-506.8	1.38	5727.43	1
181.09	0	5731.0	164.7	0.0	0.0	-0.28	0.0	4	4665	335.8	-507.0	-1.41	5731.05	1
181.19	0	5736.6	161.6	0.0	0.0	-0.27	0.0	4	4422	331.3	-507.2	-2.9	5736.58	1
181.29	0	5740.4	158.5	0.0	0.0	-0.27	0.0	4	4183	326.9	-507.5	-3.74	5740.37	1
181.39	0	5746.0	155.2	0.0	0.0	-0.3	0.0	4	3943	322.5	-508.0	-4.38	5746.0	1
181.49	0	5750.2	151.9	0.0	0.0	-0.3	0.0	4	3709	318.3	-508.5	-4.09	5750.19	1
181.59	0	5754.4	148.4	0.0	0.0	-0.3	0.0	4	3481	314.2	-509.1	-3.76	5754.4	1
181.71	0	5759.3	144.2	0.0	0.0	-0.25	0.0	4	3223	309.5	-509.9	-3.19	5759.3	1
181.81	0	5763.2	140.5	0.0	0.0	-0.25	0.0	4	3010	305.6	-510.6	-2.41	5763.18	1
181.91	0	5767.5	136.8	0.0	0.0	-0.21	0.0	4	2804	301.8	-511.4	-1.48	5767.47	1
# LAP 1  2:38.613
182.01	1	5770.9	132.8	0.0	0.07	-0.07	0.0	4	2587	298.2	-512.3	0.09	5770.9	1
182.12	1	1132.9	127.7	0.0	0.55	0.0	0.0	4	1791	294.2	-513.3	1.88	1132.91	1
182.22	1	2.7	122.9	0.0	0.52	0.0	0.0	4	1218	290.8	-514.1	3.45	2.69	1
182.32	1	6.7	118.2	0.0	0.51	0.0	0.0	4	853	287.5	-514.9	4.88	6.67	1
182.42	1	9.8	113.7	0.0	0.52	0.0	0.0	4	593	284.4	-515.7	5.62	9.8	1
182.52	1	13.0	109.2	0.0	0.61	0.0	0.0	4	13	281.4	-516.3	6.4	12.97	1
182.62	1	15.9	105.1	0.0	0.76	0.0	0.0	4	13	278.4	-516.9	6.95	15.89	1
182.72	1	18.7	101.0	0.0	1.0	-0.06	0.0	4	9	275.6	-517.3	7.4	18.74	1
182.82	1	21.4	97.0	0.0	1.0	-0.17	0.0	4	9	272.9	-517.7	7.75	21.45	1
182.92	1	24.1	93.7	0.0	1.0	-0.17	0.0	4	10	270.2	-517.9	8.01	24.09	1
183.02	1	26.6	90.8	0.0	1.0	-0.17	0.0	4	10	267.7	-518.1	8.21	26.64	1
183.12	1	29.1	87.8	0.0	1.0	-0.19	0.0	4	10	265.2	-518.2	8.33	29.12	1
183.24	1	31.9	84.3	0.0	1.0	-0.21	0.0	4	10	262.4	-518.3	8.4	31.94	1
183.34	1	34.2	81.2	0.0	1.0	-0.22	0.0	4	10	260.1	-518.3	8.4	34.24	1
183.44	1	36.5	78.0	0.0	1.0	-0.22	0.0	4	11	257.9	-518.3	8.34	36.46	1
183.54	1	38.6	74.5	0.0	1.0	-0.22	0.0	4	11	255.8	-518.2	8.24	38.57	1
183.64	1	40.6	70.3	0.0	1.0	-0.22	0.0	4	10	253.8	-518.0	8.1	40.58	1
183.74	1	42.5	66.0	0.0	1.0	-0.2	0.0	4	11	251.9	-517.8	7.92	42.46	1
183.84	1	44.2	61.5	0.0	1.0	-0.15	0.0	4	12	250.1	-517.7	7.73	44.22	1
183.94	1	45.8	56.4	0.0	1.0	0.06	0.0	4	11	248.5	-517.5	7.53	45.85	1
184.04	1	47.3	51.3	0.0	0.91	0.3	0.0	4	12	247.0	-517.3	7.33	47.33	1
184.14	1	48.7	46.2	0.0	1.0	0.26	0.0	4	12	245.7	-517.1	7.14	48.67	1
184.24	1	49.9	41.1	0.0	1.0	0.24	0.0	4	12	244.5	-516.9	6.96	49.89	1
184.34	1	51.0	36.0	0.0	1.0	0.08	0.0	4	11	243.4	-516.7	6.8	50.95	1
184.44	1	51.9	30.9	0.0	1.0	0.05	0.0	4	11	242.5	-516.6	6.67	51.89	1
184.54	1	52.7	25.9	0.0	1.0	0.06	0.0	4	11	241.7	-516.5	6.57	52.66	1
184.64	1	53.3	20.9	0.0	1.0	0.06	0.0	4	10	241.0	-516.5	6.51	53.31	1
184.74	1	53.8	16.1	0.0	1.0	0.06	0.0	4	10	240.5	-516.4	6.48	53.82	1
184.84	1	54.2	11.2	0.0	1.0	0.06	0.0	4	9	240.2	-516.4	6.49	54.2	1
184.94	1	54.4	6.5	0.0	1.0	0.06	0.0	4	8	239.9	-516.5	6.53	54.44	1
185.04	1	54.6	2.2	0.0	1.0	0.07	0.0	4	4	239.8	-516.5	6.57	54.55	1
185.14	1	54.6	0.0	0.0	1.0	0.08	0.0	4	0	239.8	-516.5	6.58	54.57	1
185.24	1	54.6	0.0	0.0	1.0	0.08	0.0	4	0	239.8	-516.5	6.58	54.57	1
185.34	1	54.6	0.0	0.0	1.0	0.08	0.0	4	0	239.8	-516.5	6.58	54.57	1
185.44	1	54.6	0.0	0.0	1.0	0.08	0.0	4	0	239.8	-516.5	6.58	54.57	1
185.54	1	54.6	0.0	0.0	1.0	0.08	0.06	4	0	239.8	-516.5	6.58	54.57	1
185.64	1	54.6	0.1	0.0	1.0	0.05	0.87	4	1861	239.8	-516.5	6.58	54.57	1
185.74	1	54.6	0.0	0.0	1.0	0.01	1.0	3	1945	239.8	-516.5	6.58	54.57	1
185.84	1	54.6	0.0	0.0	1.0	0.01	1.0	3	1953	239.8	-516.5	6.58	54.57	1
185.94	1	54.6	0.0	0.0	1.0	0.01	1.0	3	1953	239.8	-516.5	6.58	54.57	1
186.04	1	54.6	0.0	0.0	1.0	0.01	1.0	2	1953	239.8	-516.5	6.58	54.57	1
186.14	1	54.6	0.0	0.0	1.0	0.01	1.0	2	1953	239.8	-516.5	6.58	54.57	1
186.24	1	54.6	0.0	0.0	1.0	0.0	1.0	1	1953	239.8	-516.5	6.58	54.57	1
186.34	1	54.6	0.0	0.0	1.0	0.0	1.0	1	1953	239.8	-516.5	6.58	54.57	1
186.44	1	54.6	0.0	0.0	1.0	0.0	1.0	1	1953	239.8	-516.5	6.58	54.57	1
186.54	1	54.6	0.1	0.0	1.0	0.0	0.85	1	1859	239.8	-516.5	6.58	54.57	1
186.64	1	54.6	0.8	0.0	1.0	0.0	0.0	1	506	239.8	-516.5	6.57	54.58	1
186.74	1	54.6	0.1	0.0	1.0	0.0	0.0	1	65	239.8	-516.5	6.56	54.59	1
186.84	1	54.6	0.0	0.0	0.89	0.02	0.0	1	0	239.8	-516.5	6.56	54.59	1
186.94	1	54.6	0.1	0.0	0.44	0.05	0.0	1	0	239.8	-516.5	6.56	54.59	1
187.04	1	54.6	0.0	0.0	0.0	0.09	0.0	1	0	239.8	-516.5	6.57	54.59	1
187.14	1	54.6	0.0	0.09	0.0	0.01	0.0	1	0	239.8	-516.5	6.57	54.59	1
187.24	1	54.6	0.0	0.48	0.0	0.09	0.0	1	0	239.8	-516.5	6.57	54.59	1
187.34	1	54.6	0.0	0.66	0.0	0.09	0.0	1	0	239.8	-516.5	6.57	54.59	1
187.45	1	54.6	0.0	0.67	0.0	0.05	0.0	1	0	239.8	-516.5	6.57	54.59	1
187.57	1	54.6	0.0	0.67	0.0	0.05	0.0	1	0	239.8	-516.5	6.57	54.6	1
187.67	1	54.6	0.0	0.73	0.0	0.01	0.0	1	0	239.8	-516.5	6.57	54.6	1
187.77	1	54.6	0.0	0.77	0.0	0.01	0.0	1	0	239.8	-516.5	6.57	54.6	1
187.87	1	54.6	0.0	0.76	0.0	0.01	0.0	1	0	239.8	-516.5	6.57	54.6	1
187.97	1	54.6	0.0	0.82	0.0	0.01	0.0	1	0	239.8	-516.5	6.57	54.6	1
188.07	1	54.6	0.0	0.91	0.0	0.01	0.0	1	0	239.8	-516.5	6.57	54.6	1
188.17	1	54.6	0.0	0.93	0.0	0.0	0.0	1	0	239.8	-516.5	6.57	54.6	1
188.27	1	54.6	0.0	0.93	0.0	0.0	0.0	1	0	239.8	-516.5	6.57	54.6	1
188.37	1	54.6	0.0	0.93	0.0	0.0	0.0	1	0	239.8	-516.5	6.57	54.6	1
188.47	1	54.6	0.0	0.93	0.0	0.02	0.0	1	0	239.8	-516.5	6.57	54.6	1
188.57	1	54.6	0.0	0.86	0.0	0.06	0.0	1	0	239.8	-516.5	6.57	54.6	1
188.67	1	54.6	0.0	0.66	0.0	0.09	0.0	1	0	239.8	-516.5	6.57	54.6	1
188.77	1	54.6	0.0	0.46	0.0	0.02	0.0	1	0	239.8	-516.5	6.57	54.6	1
188.87	1	54.6	0.0	0.36	0.0	0.01	0.0	1	0	239.8	-516.5	6.57	54.6	1
188.97	1	54.6	0.0	0.36	0.0	0.01	0.0	1	0	239.8	-516.5	6.57	54.6	1
189.07	1	54.6	0.0	0.43	0.0	0.01	0.0	1	0	239.8	-516.5	6.57	54.6	1
189.17	1	54.6	0.0	0.63	0.0	0.04	0.0	1	0	239.8	-516.5	6.57	54.6	1
189.27	1	54.6	0.0	0.78	0.0	0.05	0.0	1	0	239.8	-516.5	6.57	54.6	1
189.37	1	54.6	0.0	0.86	0.0	0.08	0.0	1	0	239.8	-516.5	6.57	54.6	1
189.47	1	54.6	0.1	0.93	0.0	0.12	0.0	1	0	239.7	-516.5	6.57	54.6	1
189.57	1	54.6	0.1	0.97	0.0	0.22	0.0	1	0	239.7	-516.5	6.57	54.6	1
189.67	1	54.6	0.2	0.97	0.0	0.34	0.0	1	0	239.7	-516.5	6.58	54.6	1
189.77	1	54.6	0.2	0.97	0.0	0.48	0.0	1	0	239.7	-516.5	6.58	54.61	1
189.87	1	54.6	0.3	0.95	0.0	0.61	0.0	1	0	239.7	-516.5	6.59	54.61	1
189.97	1	54.6	0.3	0.97	0.0	0.67	0.0	1	0	239.7	-516.5	6.59	54.62	1
190.07	1	54.6	0.3	0.96	0.0	0.57	0.0	1	0	239.7	-516.5	6.6	54.62	1
190.17	1	54.6	0.2	0.91	0.0	0.48	0.0	1	0	239.7	-516.6	6.61	54.63	1
190.27	1	54.6	0.2	0.66	0.0	0.36	0.0	1	0	239.7	-516.6	6.61	54.63	1
190.37	1	54.6	0.2	0.55	0.0	0.42	0.0	1	0	239.7	-516.6	6.62	54.63	1
190.47	1	54.6	0.2	0.55	0.0	0.48	0.0	1	0	239.7	-516.6	6.62	54.64	1
190.57	1	54.6	0.2	0.72	0.0	0.41	0.0	1	0	239.7	-516.6	6.63	54.64	1
190.67	1	54.6	0.2	0.96	0.0	0.41	0.0	1	0	239.7	-516.6	6.63	54.64	1
190.77	1	54.6	0.2	1.0	0.0	0.35	0.0	1	0	239.7	-516.6	6.63	54.65	1
190.87	1	54.6	0.2	1.0	0.0	0.34	0.0	1	0	239.7	-516.6	6.64	54.65	1
190.97	1	54.7	0.2	1.0	0.0	0.34	0.0	1	0	239.7	-516.6	6.64	54.65	1
191.07	1	54.7	0.2	1.0	0.0	0.34	0.0	1	0	239.7	-516.6	6.65	54.65	1
191.17	1	54.7	0.1	1.0	0.0	0.31	0.0	1	0	239.7	-516.6	6.65	54.66	1
191.27	1	54.7	0.0	0.44	0.0	0.02	0.0	1	0	239.7	-516.6	6.65	54.66	1
191.37	1	54.7	0.0	0.0	0.0	-0.0	0.0	1	0	239.7	-516.6	6.65	54.66	1
191.47	1	54.7	0.0	0.0	0.11	0.02	0.0	1	0	239.7	-516.6	6.65	54.66	1
191.58	1	54.7	0.0	0.0	0.0	0.01	0.0	1	0	239.7	-516.6	6.65	54.66	1
191.68	1	54.7	0.0	0.34	0.0	0.06	0.0	1	0	239.7	-516.6	6.65	54.66	1
191.78	1	54.7	0.0	0.67	0.0	0.09	0.0	1	0	239.7	-516.6	6.65	54.66	1
191.91	1	54.7	0.1	1.0	0.0	0.18	0.0	1	0	239.7	-516.6	6.65	54.66	1
192.0	1	54.7	0.1	1.0	0.0	0.22	0.0	1	0	239.7	-516.6	6.66	54.66	1
192.1	1	54.7	0.1	1.0	0.0	0.18	0.0	1	0	239.7	-516.6	6.66	54.66	1
192.2	1	54.7	0.1	1.0	0.0	0.12	0.0	1	0	239.7	-516.6	6.66	54.67	1
192.3	1	54.7	0.0	0.86	0.0	0.09	0.0	1	0	239.7	-516.6	6.66	54.67	1
192.4	1	54.7	0.0	0.26	0.0	0.01	0.17	1	0	239.7	-516.6	6.66	54.67	1
192.5	1	54.7	1.0	0.0	0.0	0.0	0.89	1	1773	239.7	-516.6	6.65	54.67	1
192.6	1	54.7	0.6	0.0	0.09	0.02	1.0	1	1938	239.7	-516.6	6.64	54.69	1
192.7	1	54.7	0.3	0.0	0.09	0.02	1.0	1	1952	239.6	-516.6	6.63	54.7	1
192.8	1	54.7	0.1	0.0	0.09	-0.0	1.0	1	1953	239.6	-516.6	6.63	54.7	1
192.9	1	54.7	0.1	0.0	0.0	-0.0	1.0	1	1953	239.6	-516.6	6.62	54.71	1
193.0	1	54.7	0.1	0.06	0.0	-0.0	1.0	1	1958	239.6	-516.6	6.62	54.71	1
193.1	1	54.7	0.1	0.48	0.0	0.06	1.0	1	2040	239.6	-516.6	6.62	54.71	1
193.2	1	54.7	0.0	0.69	0.0	0.01	1.0	1	2256	239.6	-516.6	6.62	54.71	1
193.3	1	54.7	0.0	0.78	0.0	0.01	1.0	1	2549	239.6	-516.6	6.62	54.71	1
193.4	1	54.7	0.0	0.71	0.0	0.0	1.0	1	2844	239.6	-516.6	6.62	54.71	1
193.5	1	54.7	0.0	0.42	0.0	0.0	1.0	1	3041	239.6	-516.6	6.62	54.71	1
193.6	1	54.7	0.0	0.0	0.0	0.0	1.0	1	2939	239.6	-516.6	6.62	54.71	1
193.7	1	54.7	0.0	0.0	0.0	-0.02	1.0	1	2758	239.6	-516.6	6.62	54.71	1
193.8	1	54.7	0.2	0.27	0.0	0.0	0.84	1	2554	239.6	-516.6	6.62	54.72	1
193.9	1	54.7	2.9	0.51	0.0	-0.03	0.15	1	1520	239.6	-516.5	6.59	54.74	1
194.0	1	54.8	6.0	0.6	0.0	-0.0	0.0	1	594	239.5	-516.5	6.5	54.83	1
194.1	1	55.0	6.9	0.78	0.0	0.0	0.0	1	527	239.4	-516.3	6.38	54.97	1
194.2	1	55.1	7.7	0.95	0.0	0.02	0.0	1	588	239.2	-516.2	6.24	55.11	1
194.3	1	55.3	8.5	0.96	0.0	0.09	0.0	1	649	239.1	-516.0	6.08	55.27	1
194.4	1	55.5	9.2	0.86	0.0	0.34	0.0	1	705	238.9	-515.9	5.92	55.46	1
194.5	1	55.7	9.8	0.69	0.0	0.41	0.0	1	742	238.7	-515.7	5.75	55.66	1
194.6	1	55.9	10.3	0.69	0.0	0.34	0.0	1	778	238.5	-515.5	5.57	55.87	1
194.7	1	56.1	10.9	0.86	0.0	0.3	0.0	1	829	238.2	-515.3	5.38	56.1	1
194.8	1	56.3	11.6	0.88	0.0	0.26	0.0	1	882	238.0	-515.1	5.18	56.34	1
194.9	1	56.6	12.3	0.84	0.0	0.24	0.0	1	934	237.7	-514.9	4.97	56.6	1
195.0	1	56.9	12.9	0.74	0.0	0.24	0.0	1	975	237.5	-514.7	4.75	56.87	1
195.1	1	57.2	13.5	0.74	0.0	0.29	0.0	1	1017	237.2	-514.5	4.52	57.16	1
195.2	1	57.5	14.0	0.75	0.0	0.32	0.0	1	1058	236.9	-514.2	4.29	57.46	1
195.3	1	57.8	14.6	0.75	0.0	0.34	0.0	1	1099	236.6	-514.0	4.05	57.78	1
195.4	1	58.1	15.1	0.75	0.0	0.34	0.0	1	1140	236.2	-513.8	3.8	58.11	1
195.5	1	58.5	15.7	0.75	0.0	0.34	0.0	1	1180	235.9	-513.5	3.55	58.46	1
195.6	1	58.8	16.2	0.75	0.0	0.34	0.0	1	1222	235.5	-513.3	3.3	58.82	1
195.7	1	59.2	16.7	0.75	0.0	0.34	0.0	1	1261	235.1	-513.0	3.04	59.2	1
195.8	1	59.6	17.3	0.75	0.0	0.34	0.0	1	1302	234.7	-512.7	2.78	59.59	1
195.9	1	60.0	17.8	0.75	0.0	0.34	0.0	1	1342	234.3	-512.5	2.52	60.0	1
196.0	1	60.4	18.3	0.75	0.0	0.34	0.0	1	1382	233.9	-512.2	2.25	60.43	1
196.1	1	60.9	18.9	0.75	0.0	0.34	0.0	1	1422	233.5	-512.0	1.99	60.87	1
196.2	1	61.3	19.4	0.75	0.0	0.34	0.0	1	1461	233.0	-511.7	1.72	61.33	1
196.32	1	61.9	20.0	0.75	0.0	0.34	0.0	1	1506	232.5	-511.4	1.41	61.87	1
196.41	1	62.4	20.5	0.75	0.0	0.34	0.0	1	1545	232.0	-511.1	1.15	62.36	1
196.51	1	62.9	21.0	0.75	0.0	0.34	0.0	1	1585	231.5	-510.9	0.88	62.87	1
196.62	1	63.4	21.6	0.75	0.0	0.34	0.0	1	1624	230.9	-510.6	0.62	63.4	1
196.72	1	63.9	22.1	0.75	0.0	0.34	0.0	1	1663	230.4	-510.3	0.35	63.95	1
196.82	1	64.5	22.6	0.75	0.0	0.34	0.0	1	1702	229.8	-510.1	0.09	64.51	1
196.92	1	65.1	23.1	0.75	0.0	0.34	0.0	1	1740	229.2	-509.8	-0.16	65.09	1
197.02	1	65.7	23.6	0.75	0.0	0.34	0.0	1	1779	228.6	-509.6	-0.41	65.69	1
197.12	1	66.3	24.2	0.75	0.0	0.3	0.0	1	1817	228.0	-509.3	-0.66	66.31	1
197.22	1	66.9	24.7	0.75	0.0	0.24	0.0	1	1856	227.4	-509.1	-0.9	66.94	1
197.32	1	67.6	25.2	0.69	0.0	0.22	0.0	1	1890	226.7	-508.8	-1.15	67.59	1
197.42	1	68.3	25.7	0.69	0.0	0.22	0.0	1	1924	226.1	-508.6	-1.39	68.26	1
197.52	1	68.9	26.1	0.69	0.0	0.26	0.0	1	1959	225.4	-508.4	-1.62	68.94	1
197.62	1	69.6	26.6	0.69	0.0	0.3	0.0	1	1993	224.7	-508.1	-1.85	69.63	1
197.72	1	70.3	27.0	0.69	0.0	0.3	0.0	1	2025	224.0	-507.9	-2.07	70.35	1
197.82	1	71.1	27.4	0.69	0.0	0.3	0.0	1	2058	223.2	-507.7	-2.27	71.07	1
197.92	1	71.8	27.9	0.69	0.0	0.28	0.0	1	2091	222.5	-507.5	-2.47	71.82	1
198.02	1	72.6	28.3	0.69	0.0	0.25	0.0	1	2123	221.7	-507.4	-2.66	72.58	1
198.12	1	73.4	28.8	0.69	0.0	0.22	0.0	1	2156	221.0	-507.2	-2.84	73.35	1
198.22	1	74.1	29.2	0.69	0.0	0.2	0.0	1	2189	220.2	-507.0	-3.01	74.14	1
198.32	1	74.9	29.7	0.69	0.0	0.2	0.0	1	2223	219.4	-506.8	-3.17	74.94	1
198.42	1	75.8	30.1	0.69	0.0	0.2	0.0	1	2256	218.6	-506.7	-3.33	75.76	1
198.52	1	76.6	30.6	0.69	0.0	0.2	0.0	1	2289	217.7	-506.5	-3.48	76.59	1
198.62	1	77.4	31.0	0.69	0.0	0.2	0.0	1	2322	216.9	-506.4	-3.61	77.43	1
198.72	1	78.3	31.5	0.69	0.0	0.2	0.0	1	2356	216.0	-506.3	-3.74	78.29	1
198.82	1	79.2	31.9	0.7	0.0	0.17	0.0	1	2389	215.2	-506.2	-3.86	79.16	1
198.92	1	80.0	32.4	0.73	0.0	0.12	0.0	1	2424	214.3	-506.1	-3.97	80.05	1
199.02	1	80.9	32.9	0.73	0.0	0.06	0.0	1	2460	213.4	-506.0	-4.08	80.94	1
199.12	1	81.9	33.4	0.73	0.0	0.06	0.0	1	2497	212.5	-505.9	-4.19	81.86	1
199.22	1	82.8	33.9	0.73	0.0	0.06	0.0	1	2534	211.5	-505.8	-4.29	82.79	1
199.32	1	83.7	34.4	0.74	0.0	0.07	0.0	1	2573	210.6	-505.7	-4.4	83.73	1
199.42	1	84.7	34.9	0.77	0.0	0.07	0.0	1	2613	209.6	-505.6	-4.49	84.69	1
199.52	1	85.7	35.4	0.77	0.0	0.07	0.0	1	2653	208.7	-505.5	-4.59	85.66	1
199.62	1	86.6	36.0	0.78	0.0	0.07	0.0	1	2695	207.7	-505.4	-4.68	86.64	1
199.72	1	87.7	36.5	0.8	0.0	0.07	0.0	1	2739	206.7	-505.3	-4.76	87.69	1
199.82	1	88.7	37.1	0.8	0.0	0.07	0.0	1	2782	205.6	-505.2	-4.83	88.71	1
199.92	1	89.8	37.7	0.8	0.0	0.09	0.0	1	2826	204.6	-505.1	-4.9	89.75	1
200.02	1	90.8	38.3	0.79	0.0	0.06	0.0	1	2869	203.6	-505.1	-4.97	90.8	1
200.12	1	91.9	38.9	0.8	0.0	0.07	0.0	1	2920	202.5	-505.0	-5.02	91.88	1
200.22	1	93.0	39.6	0.8	0.0	0.07	0.0	1	2976	201.4	-504.9	-5.08	92.97	1
200.32	1	94.1	40.3	0.86	0.0	0.07	0.0	1	3043	200.3	-504.9	-5.12	94.08	1
200.42	1	95.2	41.2	0.88	0.0	0.07	0.0	1	3122	199.2	-504.8	-5.17	95.21	1
200.52	1	96.4	42.3	0.89	0.0	0.07	0.0	1	3209	198.0	-504.8	-5.2	96.37	1
200.62	1	97.6	43.4	0.89	0.0	0.07	0.0	1	3306	196.8	-504.8	-5.23	97.56	1
200.73	1	98.9	44.8	0.89	0.0	0.07	0.0	1	3426	195.4	-504.7	-5.25	98.93	1
200.83	1	100.2	46.2	0.89	0.0	0.07	0.0	1	3545	194.2	-504.7	-5.27	100.19	1
200.93	1	101.5	47.7	0.89	0.0	0.07	0.0	1	3677	192.9	-504.7	-5.27	101.5	1
201.03	1	102.9	49.4	0.89	0.0	0.07	0.0	1	3820	191.5	-504.7	-5.26	102.85	1
201.13	1	104.2	51.2	0.89	0.0	0.05	0.0	1	3978	190.1	-504.7	-5.25	104.25	1
201.23	1	105.7	53.1	0.89	0.0	0.02	0.0	1	4150	188.7	-504.7	-5.22	105.7	1
201.33	1	107.2	55.2	0.89	0.0	0.02	0.0	1	4337	187.2	-504.7	-5.19	107.2	1
201.43	1	108.8	57.5	0.9	0.0	0.01	0.0	1	4543	185.6	-504.8	-5.15	108.76	1
201.56	1	111.0	60.7	0.9	0.0	0.01	0.0	1	4851	183.4	-504.8	-5.09	110.95	1
201.66	1	112.7	63.3	0.9	0.0	0.01	0.0	1	5108	181.7	-504.9	-5.04	112.67	1
201.76	1	114.5	66.1	0.9	0.0	0.01	0.0	1	5393	179.9	-504.9	-4.98	114.47	1
201.86	1	116.3	69.0	0.9	0.0	0.01	0.0	1	5712	178.0	-505.0	-4.92	116.33	1
201.96	1	118.3	71.9	0.9	0.0	0.06	0.0	1	6088	176.1	-505.0	-4.84	118.3	1
202.06	1	120.4	75.0	0.9	0.0	0.06	0.0	1	6546	174.0	-505.1	-4.76	120.38	1
202.16	1	122.5	77.9	0.9	0.0	0.06	0.0	1	7070	171.9	-505.2	-4.65	122.5	1
202.26	1	124.7	80.8	0.9	0.0	0.06	0.0	1	7654	169.7	-505.3	-4.52	124.69	1
202.36	1	127.1	83.7	0.9	0.0	0.01	0.0	1	8274	167.4	-505.5	-4.31	127.06	1
202.46	1	129.4	86.5	0.9	0.0	0.01	0.3	1	8886	165.0	-505.7	-4.07	129.41	1
202.56	1	131.8	88.6	0.61	0.0	-0.05	0.92	1	9478	162.6	-505.9	-3.77	131.84	1
202.66	1	134.3	88.8	0.0	0.0	-0.13	0.91	1	9118	160.1	-506.2	-3.39	134.27	1
202.76	1	136.7	90.0	0.0	0.0	-0.07	0.36	2	7675	157.7	-506.6	-2.95	136.73	1
202.86	1	139.2	92.7	0.0	0.0	-0.16	0.0	2	5794	155.2	-507.0	-2.49	139.2	1
202.96	1	141.7	93.1	0.0	0.0	-0.12	0.0	2	5238	152.6	-507.4	-2.02	141.74	1
203.07	1	144.3	92.4	0.17	0.0	0.0	0.0	2	5242	150.0	-507.8	-1.57	144.32	1
203.17	1	146.8	92.5	0.37	0.0	0.0	0.0	2	5335	147.5	-508.2	-1.14	146.84	1
203.27	1	149.4	93.2	0.56	0.0	0.0	0.0	2	5476	145.0	-508.5	-0.73	149.39	1
203.37	1	152.0	94.5	0.59	0.0	-0.02	0.0	2	5589	142.4	-508.9	-0.32	151.99	1
203.47	1	154.6	95.8	0.59	0.0	-0.09	0.0	2	5661	139.7	-509.2	0.09	154.59	1
203.57	1	157.2	97.1	0.6	0.0	-0.1	0.0	2	5753	137.1	-509.5	0.47	157.22	1
203.67	1	159.9	98.5	0.62	0.0	-0.1	0.0	2	5865	134.4	-509.8	0.83	159.92	1
203.77	1	162.7	100.0	0.62	0.0	-0.0	0.0	2	5968	131.7	-510.1	1.17	162.66	1
203.87	1	165.4	101.5	0.62	0.0	0.0	0.0	2	6056	128.9	-510.3	1.51	165.42	1
203.97	1	168.2	103.1	0.64	0.0	0.05	0.0	2	6159	126.0	-510.6	1.83	168.24	1
204.07	1	171.1	104.7	0.64	0.0	0.05	0.0	2	6260	123.2	-510.8	2.15	171.11	1
204.17	1	174.0	106.4	0.64	0.0	-0.02	0.0	2	6365	120.2	-511.0	2.48	174.03	1
204.27	1	177.0	108.1	0.64	0.0	-0.03	0.0	2	6470	117.3	-511.2	2.82	176.99	1
204.37	1	180.0	109.8	0.67	0.0	-0.05	0.0	2	6591	114.2	-511.4	3.16	179.99	1
204.47	1	183.1	111.6	0.71	0.0	-0.05	0.0	2	6736	111.2	-511.7	3.49	183.06	1
204.57	1	186.2	113.6	0.71	0.0	-0.0	0.0	2	6879	108.1	-511.9	3.82	186.15	1
204.67	1	189.3	115.5	0.71	0.0	0.0	0.0	2	6999	104.9	-512.1	4.13	189.32	1
204.77	1	192.5	117.5	0.71	0.0	0.0	0.0	2	7119	101.6	-512.3	4.44	192.55	1
204.87	1	195.8	119.5	0.71	0.0	0.0	0.0	2	7238	98.4	-512.4	4.73	195.82	1
204.97	1	199.2	121.4	0.71	0.0	0.0	0.0	2	7356	95.0	-512.6	5.01	199.16	1
205.07	1	201.8	123.4	0.71	0.0	0.0	0.0	2	7475	91.6	-512.8	5.51	201.81	1
205.19	1	206.1	125.9	0.74	0.0	0.0	0.0	2	7629	87.2	-513.0	6.46	206.12	1
205.29	1	209.6	127.9	0.77	0.0	0.02	0.0	2	7750	83.7	-513.1	7.18	209.57	1
205.39	1	214.2	129.8	0.76	0.0	-0.0	0.0	2	7868	80.1	-513.3	7.55	214.21	1
205.49	1	217.8	131.8	0.76	0.0	-0.02	0.0	2	7989	76.5	-513.4	7.81	217.83	1
205.59	1	221.8	133.7	0.75	0.0	-0.02	0.0	2	8094	72.8	-513.6	7.98	221.85	1
205.69	1	225.6	135.6	0.75	0.0	-0.02	0.0	2	8208	69.1	-513.8	8.08	225.59	1
205.79	1	229.1	137.5	0.75	0.0	-0.02	0.0	2	8319	65.3	-513.9	8.2	229.08	1
205.89	1	232.9	139.2	0.74	0.0	-0.0	0.0	2	8407	61.4	-514.0	8.41	232.92	1
205.99	1	236.8	140.6	0.75	0.0	0.0	0.0	2	8497	57.5	-514.2	8.61	236.81	1
206.09	1	240.9	141.9	0.74	0.0	0.0	0.0	2	8567	53.6	-514.3	8.71	240.92	1
206.19	1	244.9	143.3	0.75	0.0	0.0	0.0	2	8655	49.6	-514.4	8.7	244.9	1
206.29	1	252.7	144.7	0.75	0.0	0.0	0.0	2	8734	45.6	-514.6	7.7	252.74	1
206.39	1	255.1	146.4	0.77	0.0	-0.02	0.0	2	8853	41.6	-514.7	6.11	255.13	1
206.49	1	258.0	148.2	0.76	0.0	-0.09	0.0	2	8966	37.5	-514.9	6.03	257.96	1
206.59	1	261.1	149.9	0.73	0.0	-0.1	0.0	2	9075	33.4	-515.1	6.43	261.07	1
206.69	1	265.8	151.7	0.67	0.0	-0.16	0.0	2	9107	29.2	-515.3	6.86	265.81	1
206.79	1	270.0	153.1	0.57	0.0	-0.05	0.12	2	9178	25.0	-515.4	7.11	270.04	1
206.89	1	274.4	153.5	0.17	0.0	0.0	1.0	2	9112	20.7	-515.5	7.3	274.38	1
206.99	1	278.6	152.9	0.0	0.0	0.0	1.0	2	8591	16.4	-515.6	7.38	278.64	1
207.09	1	282.9	152.9	0.14	0.0	0.1	0.25	3	7530	12.2	-515.5	7.41	282.87	1
207.19	1	287.1	153.9	0.42	0.0	0.08	0.0	3	6860	8.0	-515.5	7.4	287.15	1
207.29	1	291.4	154.3	0.48	0.0	0.03	0.0	3	6905	3.7	-515.4	7.38	291.42	1
207.39	1	295.9	154.9	0.55	0.0	-0.0	0.0	3	6975	-0.6	-515.3	7.33	295.92	1
207.49	1	300.2	155.7	0.58	0.0	-0.0	0.0	3	7044	-4.9	-515.3	7.21	300.22	1
207.59	1	304.6	156.6	0.59	0.0	-0.02	0.0	3	7089	-9.3	-515.3	7.11	304.57	1
207.69	1	309.0	157.5	0.62	0.0	-0.0	0.0	3	7146	-13.6	-515.2	6.98	309.02	1
207.79	1	313.4	158.5	0.66	0.0	0.0	0.0	3	7220	-18.0	-515.2	6.84	313.37	1
207.89	1	318.0	159.7	0.67	0.0	0.0	0.0	3	7301	-22.4	-515.2	6.62	317.99	1
207.99	1	322.5	160.9	0.67	0.0	0.0	0.0	3	7355	-26.9	-515.2	6.03	322.45	1
208.09	1	324.5	162.1	0.67	0.0	0.0	0.0	3	7414	-31.4	-515.2	7.13	324.49	1
208.19	1	328.8	163.4	0.67	0.0	0.0	0.0	3	7474	-35.9	-515.1	8.49	328.82	1
208.29	1	333.4	164.4	0.69	0.0	0.02	0.0	3	7598	-40.4	-515.1	9.75	333.39	0
208.39	1	338.9	165.3	0.69	0.0	0.02	0.0	3	7688	-45.0	-515.1	10.8	338.92	0
208.49	1	343.8	166.0	0.69	0.0	-0.03	0.0	3	7724	-49.6	-515.1	11.6	343.83	0
208.59	1	349.6	166.7	0.69	0.0	-0.07	0.0	3	7768	-54.3	-515.2	12.29	349.62	0
208.71	1	354.9	167.4	0.69	0.0	-0.12	0.0	3	7784	-59.6	-515.2	12.59	354.9	0
208.82	1	360.3	168.3	0.66	0.0	-0.03	0.0	3	7822	-65.0	-515.3	12.9	360.3	0
208.92	1	365.0	169.0	0.66	0.0	-0.0	0.0	3	7859	-69.6	-515.3	13.16	364.97	0
209.02	1	369.6	169.6	0.66	0.0	-0.0	0.0	3	7886	-74.3	-515.3	13.39	369.65	0
209.12	1	374.4	170.1	0.66	0.0	0.0	0.0	3	7907	-79.1	-515.3	13.6	374.35	0
209.22	1	379.1	170.4	0.66	0.0	0.0	0.0	3	7921	-83.8	-515.2	13.77	379.11	0
209.32	1	383.8	170.6	0.66	0.0	0.0	0.0	3	7925	-88.5	-515.1	13.88	383.81	0
209.42	1	389.0	170.6	0.66	0.0	0.0	0.0	3	7919	-93.3	-514.9	13.86	389.03	0
209.52	1	393.8	170.5	0.52	0.0	0.01	1.0	3	8076	-98.0	-514.7	13.68	393.77	0
209.64	1	399.2	169.6	0.34	0.0	0.14	1.0	3	8695	-103.4	-514.3	13.38	399.22	0
209.75	1	406.4	168.9	0.35	0.0	0.26	0.57	3	8551	-108.8	-513.9	13.04	406.42	0
209.85	1	411.0	168.8	0.45	0.0	0.28	0.07	3	7759	-113.5	-513.5	12.04	411.0	0
209.95	1	415.6	168.3	0.45	0.0	0.39	0.0	3	7690	-118.1	-513.0	10.97	415.55	0
210.05	1	420.1	167.8	0.45	0.0	0.44	0.0	3	7644	-122.8	-512.4	9.85	420.1	0
210.15	1	424.6	167.2	0.45	0.0	0.48	0.0	3	7589	-127.4	-511.8	8.67	424.56	1
210.25	1	429.0	166.7	0.51	0.0	0.61	0.0	3	7535	-132.0	-511.1	7.43	429.02	1
210.35	1	433.5	166.3	0.48	0.0	0.69	0.0	3	7535	-136.5	-510.3	6.1	433.46	1
210.46	1	438.3	166.1	0.51	0.0	0.63	0.0	3	7596	-141.5	-509.4	4.55	438.28	1
210.56	1	442.7	166.5	0.51	0.0	0.45	0.0	3	7557	-146.0	-508.4	3.09	442.66	1
210.7	1	448.6	166.6	0.47	0.0	0.5	0.0	3	7599	-152.3	-507.1	1.62	448.64	1
210.87	1	456.0	165.6	0.45	0.0	0.01	0.0	3	7518	-159.7	-505.9	0.21	455.99	1
211.07	1	465.0	162.5	0.0	0.0	0.0	0.0	3	6739	-168.8	-504.9	-1.06	465.05	1
211.2	1	470.9	159.6	0.0	0.0	0.0	0.0	3	6281	-174.7	-504.5	-1.62	470.94	1
211.3	1	475.3	157.0	0.0	0.0	0.0	0.0	3	5947	-179.1	-504.3	-1.91	475.33	1
211.41	1	480.2	153.9	0.0	0.0	0.0	0.0	3	5560	-184.0	-504.2	-2.1	480.23	1
211.51	1	484.5	151.0	0.0	0.0	0.0	0.0	3	5207	-188.2	-504.3	-2.16	484.47	1
211.61	1	488.7	147.8	0.0	0.0	0.0	0.0	3	4836	-192.4	-504.4	-2.11	488.67	1
211.71	1	492.7	144.6	0.0	0.0	0.0	0.0	3	4461	-196.4	-504.7	-1.97	492.67	1
211.81	1	496.7	141.2	0.0	0.0	0.0	0.0	3	4062	-200.4	-505.0	-1.72	496.68	1
211.91	1	500.5	137.7	0.0	0.0	0.0	0.0	3	3658	-204.2	-505.4	-1.38	500.49	1
212.01	1	504.2	134.0	0.0	0.0	0.0	0.0	3	3238	-208.0	-505.9	-0.97	504.24	1
212.11	1	507.9	130.2	0.0	0.0	0.0	0.0	3	2807	-211.6	-506.5	-0.48	507.89	1
212.22	1	511.6	125.9	0.0	0.0	0.0	0.0	3	2344	-215.3	-507.1	0.1	511.62	1
212.31	1	514.9	122.0	0.0	0.0	0.0	0.0	3	1921	-218.6	-507.7	0.67	514.9	1
212.41	1	518.2	117.8	0.0	0.0	0.0	0.0	3	1490	-221.9	-508.4	1.31	518.18	1
212.51	1	521.3	113.4	0.0	0.0	0.0	0.0	3	1078	-225.0	-509.2	1.98	521.32	1
212.61	1	524.3	109.0	0.0	0.0	0.0	0.0	3	699	-228.0	-509.9	2.66	524.32	1
212.71	1	527.2	104.5	0.0	0.0	0.0	0.0	3	48	-230.9	-510.7	3.36	527.21	1
212.81	1	530.0	100.1	0.0	0.0	0.0	0.0	3	10	-233.6	-511.4	4.03	529.99	1
212.91	1	532.6	95.6	0.0	0.0	0.0	0.0	3	0	-236.2	-512.0	4.65	532.62	1
213.01	1	535.1	91.0	0.0	0.0	0.0	0.0	3	0	-238.8	-512.7	5.27	535.14	1
213.11	1	537.5	86.6	0.0	0.0	0.0	0.0	3	0	-241.1	-513.4	5.9	537.52	1
213.21	1	539.8	82.2	0.0	0.0	0.0	0.0	3	0	-243.4	-514.1	6.53	539.78	1
213.32	1	542.0	77.7	0.0	0.0	0.0	0.0	3	0	-245.6	-514.8	7.2	541.97	1
213.42	1	544.0	73.3	0.0	0.0	0.0	0.0	3	0	-247.5	-515.4	7.84	543.97	1
213.52	1	545.8	69.7	0.0	0.0	0.0	0.0	3	0	-249.4	-516.1	8.49	545.85	1
213.62	1	547.5	66.3	0.0	0.0	0.0	0.0	3	0	-251.2	-516.8	9.15	547.52	0
213.72	1	549.2	63.1	0.0	0.0	0.0	0.0	3	0	-252.8	-517.5	9.84	549.18	0
213.82	1	550.7	60.7	0.0	0.0	0.0	0.0	3	0	-254.4	-518.2	10.52	550.74	0
213.92	1	552.3	58.3	0.0	0.0	0.0	0.0	3	0	-255.9	-518.9	11.2	552.26	0
214.02	1	553.7	56.3	0.0	0.0	0.0	0.0	3	0	-257.3	-519.6	11.87	553.7	0
214.13	1	555.2	53.8	0.0	0.0	0.0	0.0	3	0	-258.8	-520.3	12.61	555.23	0
214.22	1	555.6	51.1	0.0	0.0	0.0	0.0	3	22	-259.2	-520.5	12.8	555.59	0
214.32	1	553.9	63.1	0.0	0.0	0.0	0.0	3	20	-257.5	-519.7	11.99	553.92	0
214.42	1	552.4	60.8	0.0	0.0	0.0	0.0	3	21	-256.0	-518.9	11.22	552.39	0
214.52	1	550.9	58.6	0.0	0.0	0.0	0.0	3	23	-254.5	-518.1	10.46	550.91	0
214.62	1	549.5	56.0	0.0	0.0	0.0	0.0	3	31	-253.1	-517.4	9.72	549.5	0
214.72	1	548.2	52.9	0.0	0.0	0.0	0.0	3	36	-251.8	-516.7	8.99	548.17	1
214.82	1	547.0	49.5	0.0	0.0	0.0	0.0	3	35	-250.6	-515.9	8.28	547.03	1
214.92	1	545.9	45.3	0.0	0.0	0.0	0.0	3	35	-249.5	-515.2	7.61	545.9	1
215.02	1	544.9	40.8	0.0	0.0	0.0	0.0	3	34	-248.5	-514.6	6.97	544.88	1
215.12	1	544.0	36.3	0.0	0.0	0.0	0.0	3	31	-247.6	-514.0	6.39	543.99	1
215.22	1	543.2	31.7	0.0	0.0	0.0	0.0	3	27	-246.8	-513.4	5.86	543.21	1
215.32	1	542.5	27.0	0.0	0.0	0.0	0.0	3	20	-246.2	-513.0	5.38	542.55	1
215.42	1	542.0	22.3	0.0	0.0	0.0	0.0	3	13	-245.6	-512.5	4.97	542.0	1
215.52	1	541.6	17.6	0.0	0.0	0.0	0.0	3	8	-245.2	-512.2	4.63	541.56	1
215.62	1	541.2	12.8	0.0	0.0	0.0	0.0	3	4	-244.9	-511.9	4.37	541.23	1
215.72	1	541.0	8.1	0.0	0.0	0.0	0.0	3	2	-244.6	-511.7	4.19	541.0	1
215.82	1	540.9	3.3	0.0	0.0	0.0	0.0	3	1	-244.5	-511.6	4.09	540.88	1
215.92	1	540.9	0.0	0.0	0.0	0.0	0.0	3	1	-244.5	-511.6	4.07	540.85	1
216.02	1	540.9	0.0	0.0	0.0	0.0	0.0	3	0	-244.5	-511.6	4.07	540.85	1
216.12	1	540.9	0.0	0.0	0.0	0.0	0.0	3	0	-244.5	-511.6	4.07	540.85	1
216.22	1	540.9	0.0	0.0	0.0	0.0	0.0	3	0	-244.5	-511.6	4.07	540.85	1
216.32	1	540.9	0.0	0.0	0.0	0.0	0.0	3	0	-244.5	-511.6	4.07	540.85	1
216.42	1	540.9	0.0	0.0	0.0	0.0	0.0	3	0	-244.5	-511.6	4.07	540.85	1
216.52	1	540.9	0.0	0.0	0.0	0.0	0.0	3	0	-244.5	-511.6	4.07	540.85	1
216.62	1	540.9	0.0	0.0	0.0	0.0	0.0	3	0	-244.5	-511.6	4.07	540.85	1
216.72	1	540.9	0.0	0.0	0.0	0.0	0.0	3	0	-244.5	-511.6	4.07	540.85	1
216.82	1	540.9	0.0	0.0	0.0	0.0	0.0	3	0	-244.5	-511.6	4.07	540.85	1
216.92	1	540.9	0.0	0.0	0.0	0.0	0.0	3	0	-244.5	-511.6	4.07	540.85	1
217.02	1	540.9	0.0	0.0	0.0	0.0	0.0	3	0	-244.5	-511.6	4.07	540.85	1
217.12	1	540.9	0.0	0.0	0.0	0.0	0.0	3	0	-244.5	-511.6	4.07	540.85	1
217.22	1	540.9	0.0	0.0	0.0	0.0	0.0	3	0	-244.5	-511.6	4.07	540.85	1
217.32	1	540.9	0.0	0.0	0.0	0.0	0.0	3	0	-244.5	-511.6	4.07	540.85	1
217.42	1	540.9	0.0	0.0	0.0	0.0	0.0	3	0	-244.5	-511.6	4.07	540.85	1
217.52	1	540.9	0.0	0.0	0.0	0.0	0.0	3	0	-244.5	-511.6	4.07	540.85	1
217.62	1	540.9	0.0	0.0	0.0	0.0	0.0	3	0	-244.5	-511.6	4.07	540.85	1
217.72	1	540.9	0.0	0.0	0.0	0.0	0.0	3	0	-244.5	-511.6	4.07	540.85	1
217.82	1	540.9	0.0	0.0	0.0	0.0	0.0	3	0	-244.5	-511.6	4.07	540.85	1
217.92	1	540.9	0.0	0.0	0.0	0.0	0.0	3	0	-244.5	-511.6	4.07	540.85	1
218.02	1	540.9	0.0	0.0	0.0	0.0	0.0	3	0	-244.5	-511.6	4.07	540.85	1
218.12	1	540.9	0.0	0.0	0.0	0.0	0.0	3	0	-244.5	-511.6	4.07	540.85	1
218.22	1	540.9	0.0	0.0	0.0	0.0	0.0	3	0	-244.5	-511.6	4.07	540.85	1
218.32	1	540.9	0.0	0.0	0.0	0.0	0.0	3	0	-244.5	-511.6	4.07	540.85	1
218.42	1	540.9	0.0	0.0	0.0	0.0	0.0	3	0	-244.5	-511.6	4.07	540.85	1
218.52	1	540.9	0.0	0.0	0.0	0.0	0.0	3	0	-244.5	-511.6	4.07	540.85	1
218.62	1	540.9	0.0	0.0	0.0	0.0	0.0	3	0	-244.5	-511.6	4.07	540.85	1
218.76	1	540.9	0.0	0.0	0.0	0.0	0.0	3	0	-244.5	-511.6	4.07	540.85	1
218.84	1	540.9	0.0	0.0	0.0	0.0	0.0	3	0	-244.5	-511.6	4.07	540.85	1
218.94	1	540.9	0.0	0.0	0.0	0.0	0.0	3	0	-244.5	-511.6	4.07	540.85	1
219.04	1	540.9	0.0	0.0	0.0	0.0	0.0	3	0	-244.5	-511.6	4.07	540.85	1
219.14	1	540.9	0.0	0.0	0.0	0.0	0.0	3	0	-244.5	-511.6	4.07	540.85	1
219.24	1	540.9	0.0	0.0	0.0	0.0	0.0	3	0	-244.5	-511.6	4.07	540.85	1
219.34	1	540.9	0.0	0.0	0.0	0.0	0.0	3	0	-244.5	-511.6	4.07	540.85	1
219.44	1	540.9	0.0	0.0	0.0	0.0	0.0	3	0	-244.5	-511.6	4.07	540.85	1
219.54	1	540.9	0.0	0.0	0.0	0.0	0.0	3	0	-244.5	-511.6	4.07	540.85	1
219.67	1	540.9	0.0	0.0	0.0	0.0	0.0	3	0	-244.5	-511.6	4.07	540.85	1
219.77	1	540.9	0.0	0.0	0.0	0.0	0.0	3	0	-244.5	-511.6	4.07	540.85	1
219.87	1	540.9	0.0	0.0	0.0	0.0	0.0	3	0	-244.5	-511.6	4.07	540.85	1
219.97	1	540.9	0.0	0.0	0.0	0.0	0.0	3	0	-244.5	-511.6	4.07	540.85	1
220.07	1	540.9	0.0	0.0	0.0	0.0	0.0	3	0	-244.5	-511.6	4.07	540.85	1
220.17	1	540.9	0.0	0.0	0.0	0.0	0.0	3	0	-244.5	-511.6	4.07	540.85	1
220.27	1	540.9	0.0	0.0	0.0	0.0	0.0	3	0	-244.5	-511.6	4.07	540.85	1
220.37	1	540.9	0.0	0.0	0.0	0.0	0.0	3	0	-244.5	-511.6	4.07	540.85	1
220.47	1	540.9	0.0	0.0	0.0	0.0	0.0	3	0	-244.5	-511.6	4.07	540.85	1
220.57	1	540.9	0.0	0.0	0.0	0.0	0.0	3	0	-244.5	-511.6	4.07	540.85	1
220.68	1	540.9	0.0	0.0	0.0	0.0	0.0	3	0	-244.5	-511.6	4.07	540.85	1
220.77	1	540.9	0.0	0.0	0.0	0.0	0.0	3	0	-244.5	-511.6	4.07	540.85	1
220.87	1	540.9	0.0	0.0	0.0	0.0	0.0	3	0	-244.5	-511.6	4.07	540.85	1
