# nurburgring_racer telemetry — Lotus 49 @ nurburgring
# t	lap	lapdist	kmh	thr	brk	steer	clu	gear	rpm	x	z	lat	along	ontrack
0.18	0	0.0	0.0	0.0	0.0	0.0	0.0	1	1954	-940.2	-2308.5	0.0	0.0	1
0.29	0	0.0	0.0	0.0	0.0	0.0	0.0	1	1953	-940.2	-2308.5	0.0	0.0	1
0.38	0	0.0	0.0	0.0	0.0	0.0	0.0	1	1953	-940.2	-2308.5	0.0	0.0	1
0.48	0	0.0	0.0	0.0	0.0	0.0	0.0	1	1953	-940.2	-2308.5	0.0	0.0	1
0.58	0	0.0	0.0	0.0	0.0	0.0	0.0	1	1953	-940.2	-2308.5	0.0	0.0	1
0.68	0	0.0	0.0	0.0	0.0	0.0	0.0	1	1953	-940.2	-2308.5	0.0	0.0	1
0.78	0	0.0	0.0	0.0	0.0	0.0	0.0	1	1953	-940.2	-2308.5	0.0	0.0	1
0.88	0	0.0	0.0	0.0	0.0	0.0	0.0	1	1953	-940.2	-2308.5	0.0	0.0	1
0.98	0	0.0	0.0	0.0	0.0	0.0	0.0	1	1953	-940.2	-2308.5	0.0	0.0	1
1.08	0	0.0	0.0	0.0	0.0	0.0	0.0	1	1953	-940.2	-2308.5	0.0	0.0	1
1.18	0	0.0	0.0	0.0	0.0	0.0	0.0	1	1953	-940.2	-2308.5	0.0	0.0	1
1.28	0	0.0	0.0	0.0	0.0	0.0	0.0	1	1953	-940.2	-2308.5	0.0	0.0	1
1.4	0	0.0	0.0	0.0	0.0	0.0	0.0	1	1953	-940.2	-2308.5	0.0	0.0	1
1.47	0	0.0	0.0	0.0	0.0	0.0	0.0	1	1953	-940.2	-2308.5	0.0	0.0	1
1.57	0	0.0	0.0	0.0	0.0	0.0	0.0	1	1953	-940.2	-2308.5	0.0	0.0	1
1.67	0	0.0	0.0	0.0	0.0	0.0	0.0	1	1953	-940.2	-2308.5	0.0	0.0	1
1.77	0	0.0	0.0	0.0	0.0	0.0	0.0	1	1953	-940.2	-2308.5	0.0	0.0	1
1.87	0	0.0	0.0	0.0	0.0	0.0	0.0	1	1953	-940.2	-2308.5	0.0	0.0	1
1.97	0	0.0	0.0	0.0	0.0	0.0	0.0	1	1953	-940.2	-2308.5	0.0	0.0	1
2.08	0	0.0	0.0	0.0	0.0	0.0	0.0	1	1953	-940.2	-2308.5	0.0	0.0	1
2.18	0	1.0	0.0	0.0	0.0	0.0	0.0	1	1953	-940.2	-2308.5	0.0	0.95	1
2.28	0	1.0	0.0	0.0	0.0	0.0	0.0	1	1953	-940.2	-2308.5	0.0	1.0	1
2.38	0	1.0	0.0	0.0	0.0	0.0	0.0	1	1953	-940.2	-2308.5	0.0	1.04	1
2.48	0	1.1	0.0	0.0	0.0	0.0	0.0	1	1953	-940.2	-2308.5	0.0	1.09	1
2.59	0	1.1	0.0	0.0	0.0	0.0	0.0	1	1953	-940.2	-2308.5	0.0	1.14	1
2.68	0	1.2	0.0	0.0	0.0	0.0	0.0	1	1953	-940.2	-2308.5	0.0	1.18	1
2.78	0	1.2	0.0	0.0	0.0	0.0	0.0	1	1953	-940.2	-2308.5	0.0	1.22	1
2.88	0	1.3	0.0	0.0	0.0	0.0	0.0	1	1953	-940.2	-2308.5	0.0	1.27	1
2.98	0	1.3	0.0	0.0	0.0	0.0	0.0	1	1953	-940.2	-2308.5	0.0	1.31	1
3.08	0	1.4	0.0	0.0	0.0	0.0	0.0	1	1953	-940.2	-2308.5	0.0	1.36	1
3.18	0	1.4	0.0	0.0	0.0	0.0	0.0	1	1953	-940.2	-2308.5	0.0	1.4	1
3.28	0	1.4	0.0	0.0	0.0	0.0	0.0	1	1953	-940.2	-2308.5	0.0	1.45	1
3.38	0	1.5	0.0	0.0	0.0	0.0	0.0	1	1953	-940.2	-2308.5	0.0	1.49	1
3.48	0	1.5	0.0	0.0	0.0	0.0	0.0	1	1953	-940.2	-2308.5	0.0	1.54	1
3.58	0	1.6	0.0	0.0	0.0	0.0	0.0	1	1953	-940.2	-2308.5	0.0	1.58	1
3.68	0	1.6	0.0	0.0	0.0	0.0	0.0	1	1953	-940.2	-2308.5	0.0	1.63	1
3.79	0	1.7	0.0	0.0	0.0	0.0	0.0	1	1953	-940.2	-2308.5	0.0	1.68	1
3.89	0	1.7	0.0	0.0	0.0	0.0	0.0	1	1953	-940.2	-2308.5	0.0	1.72	1
3.99	0	1.8	0.0	0.0	0.0	0.0	0.0	1	1953	-940.2	-2308.5	0.0	1.76	1
4.09	0	1.8	0.0	0.0	0.0	0.0	0.0	1	1953	-940.2	-2308.5	0.0	1.81	1
4.19	0	1.9	0.0	0.0	0.0	0.0	0.0	1	1953	-940.2	-2308.5	0.0	1.85	1
4.29	0	1.9	0.0	0.0	0.0	0.0	0.0	1	1953	-940.2	-2308.5	0.0	1.9	1
4.39	0	1.9	0.0	0.0	0.0	0.0	0.0	1	1953	-940.2	-2308.5	0.0	1.94	1
4.49	0	2.0	0.0	0.0	0.0	0.0	0.0	1	1953	-940.2	-2308.5	0.0	1.99	1
4.59	0	2.0	0.0	0.0	0.0	0.0	0.0	1	1953	-940.2	-2308.5	0.0	2.03	1
4.69	0	2.1	0.0	0.0	0.0	0.0	0.0	1	1953	-940.2	-2308.5	0.0	2.08	1
4.81	0	2.1	0.0	0.0	0.0	0.0	0.0	1	1953	-940.2	-2308.5	0.0	2.13	1
4.91	0	2.2	0.0	0.0	0.0	0.0	0.0	1	1953	-940.2	-2308.5	0.0	2.18	1
5.01	0	2.2	0.0	0.0	0.0	0.0	0.0	1	1953	-940.2	-2308.5	0.0	2.22	1
5.11	0	2.3	0.0	0.0	0.0	0.0	0.0	1	1953	-940.2	-2308.5	0.0	2.27	1
5.21	0	2.3	0.0	0.0	0.0	0.0	0.0	1	1953	-940.2	-2308.5	0.0	2.31	1
5.33	0	2.4	0.0	0.0	0.0	0.0	0.0	1	1953	-940.2	-2308.5	0.0	2.37	1
5.43	0	2.4	0.0	0.0	0.0	0.0	0.0	1	1953	-940.2	-2308.5	0.0	2.41	1
5.53	0	2.5	0.0	0.0	0.0	0.0	0.0	1	1953	-940.2	-2308.5	0.0	2.46	1
5.63	0	2.5	0.0	0.0	0.0	0.0	0.0	1	1953	-940.2	-2308.5	0.0	2.5	1
5.73	0	2.5	0.0	0.0	0.0	0.0	0.0	1	1953	-940.2	-2308.5	0.0	2.55	1
5.84	0	2.6	0.0	0.0	0.0	0.0	0.0	1	1953	-940.2	-2308.5	0.0	2.6	1
5.94	0	2.6	0.0	0.0	0.0	0.0	0.0	1	1953	-940.2	-2308.5	0.0	2.64	1
6.04	0	2.7	0.0	0.0	0.0	0.0	0.0	1	1953	-940.2	-2308.5	0.0	2.69	1
6.14	0	2.7	0.0	0.0	0.0	0.0	0.0	1	1953	-940.2	-2308.5	0.0	2.73	1
6.24	0	2.8	0.0	0.0	0.0	0.0	0.0	1	1953	-940.2	-2308.5	0.0	2.78	1
6.34	0	2.8	0.0	0.0	0.0	0.0	0.0	1	1953	-940.2	-2308.5	0.0	2.82	1
6.44	0	2.9	0.0	0.0	0.0	0.0	0.0	1	1953	-940.2	-2308.5	0.0	2.87	1
6.54	0	2.9	0.0	0.0	0.0	0.0	0.0	1	1953	-940.2	-2308.5	0.0	2.91	1
6.64	0	3.0	0.0	0.0	0.0	0.0	0.0	1	1953	-940.2	-2308.5	0.0	2.96	1
6.76	0	3.0	0.0	0.0	0.0	0.0	0.0	1	1953	-940.2	-2308.5	0.0	3.01	1
6.86	0	3.1	0.0	0.0	0.0	0.0	0.0	1	1953	-940.2	-2308.5	0.0	3.05	1
6.96	0	3.1	0.0	0.0	0.0	0.0	0.0	1	1953	-940.2	-2308.5	0.0	3.1	1
7.06	0	3.1	0.0	0.0	0.0	0.0	0.0	1	1953	-940.2	-2308.5	0.0	3.14	1
7.16	0	3.2	0.0	0.0	0.0	0.0	0.0	1	1953	-940.2	-2308.5	0.0	3.19	1
7.26	0	3.2	0.0	0.0	0.0	0.0	0.0	1	1953	-940.2	-2308.5	0.0	3.23	1
7.36	0	3.3	0.0	0.0	0.0	0.0	0.0	1	1953	-940.2	-2308.5	0.0	3.28	1
7.46	0	3.3	0.0	0.0	0.0	0.0	0.0	1	1953	-940.2	-2308.5	0.0	3.32	1
7.56	0	3.4	0.0	0.0	0.0	0.0	0.0	1	1953	-940.2	-2308.5	0.0	3.37	1
7.66	0	3.4	0.0	0.0	0.0	0.0	0.0	1	1953	-940.2	-2308.5	0.0	3.41	1
7.76	0	3.5	0.0	0.0	0.0	0.0	0.0	1	1953	-940.2	-2308.5	0.0	3.46	1
7.86	0	3.5	0.0	0.0	0.0	0.0	0.0	1	1953	-940.2	-2308.5	0.0	3.51	1
7.96	0	3.6	0.0	0.0	0.0	0.0	0.0	1	1953	-940.2	-2308.5	0.0	3.55	1
8.06	0	3.6	0.0	0.0	0.0	0.0	0.0	1	1953	-940.2	-2308.5	0.0	3.6	1
8.16	0	3.6	0.0	0.0	0.0	0.0	0.0	1	1953	-940.2	-2308.5	0.0	3.64	1
8.26	0	3.7	0.0	0.0	0.0	0.0	0.0	1	1953	-940.2	-2308.5	0.0	3.69	1
8.36	0	3.7	0.0	0.0	0.0	0.0	0.0	1	1953	-940.2	-2308.5	0.0	3.73	1
8.46	0	3.8	0.0	0.0	0.0	0.0	0.0	1	1953	-940.2	-2308.5	0.0	3.78	1
8.56	0	3.8	0.0	0.0	0.0	0.0	0.0	1	1953	-940.2	-2308.5	0.0	3.82	1
8.69	0	3.9	0.0	0.0	0.0	0.0	0.0	1	1953	-940.2	-2308.5	0.0	3.88	1
8.78	0	3.9	0.0	0.0	0.0	0.0	0.0	1	1953	-940.2	-2308.5	0.0	3.92	1
8.88	0	4.0	0.0	0.0	0.0	0.0	0.0	1	1953	-940.2	-2308.5	0.0	3.96	1
8.98	0	4.0	0.0	0.0	0.0	0.0	0.0	1	1953	-940.2	-2308.5	0.0	4.01	1
9.08	0	4.1	0.0	0.0	0.0	0.0	0.0	1	1953	-940.2	-2308.5	0.0	4.05	1
9.18	0	4.1	0.0	0.0	0.0	0.0	0.0	1	1953	-940.2	-2308.5	0.0	4.1	1
9.28	0	4.1	0.0	0.0	0.0	0.0	0.0	1	1953	-940.2	-2308.5	0.0	4.14	1
9.38	0	4.2	0.0	0.0	0.0	0.0	0.0	1	1953	-940.2	-2308.5	0.0	4.19	1
9.48	0	4.2	0.0	0.0	0.0	0.0	0.0	1	1953	-940.2	-2308.5	0.0	4.23	1
9.58	0	4.3	0.0	0.0	0.0	0.0	0.0	1	1953	-940.2	-2308.5	0.0	4.28	1
9.7	0	4.3	0.0	0.0	0.0	0.0	0.0	1	1953	-940.2	-2308.5	0.0	4.33	1
9.8	0	4.4	0.0	0.0	0.0	0.0	0.0	1	1953	-940.2	-2308.5	0.0	4.38	1
9.9	0	4.4	0.0	0.0	0.0	0.0	0.0	1	1953	-940.2	-2308.5	0.0	4.42	1
10.01	0	4.5	0.0	0.0	0.0	0.0	0.0	1	1953	-940.2	-2308.5	0.0	4.47	1
10.11	0	4.5	0.0	0.0	0.0	0.0	0.0	1	1953	-940.2	-2308.5	0.0	4.52	1
10.21	0	4.6	0.0	0.0	0.0	0.0	0.0	1	1953	-940.2	-2308.5	0.0	4.57	1
10.31	0	4.6	0.0	0.0	0.0	0.0	0.0	1	1953	-940.2	-2308.5	0.0	4.61	1
10.41	0	4.7	0.0	0.0	0.0	0.0	0.0	1	1953	-940.2	-2308.5	0.0	4.66	1
10.51	0	4.7	0.0	0.0	0.0	0.0	0.0	1	1953	-940.2	-2308.5	0.0	4.7	1
10.64	0	4.8	0.0	0.0	0.0	0.0	0.0	1	1953	-940.2	-2308.5	0.0	4.76	1
10.71	0	4.8	0.0	0.0	0.0	0.0	0.0	1	1953	-940.2	-2308.5	0.0	4.79	1
10.81	0	4.8	0.0	0.0	0.0	0.0	0.0	1	1953	-940.2	-2308.5	0.0	4.84	1
10.91	0	4.9	0.0	0.0	0.0	0.0	0.0	1	1953	-940.2	-2308.5	0.0	4.88	1
11.01	0	4.9	0.0	0.0	0.0	0.0	0.0	1	1953	-940.2	-2308.5	0.0	4.93	1
11.11	0	5.0	0.0	0.0	0.0	0.0	0.0	1	1953	-940.2	-2308.5	0.0	4.97	1
11.21	0	5.0	0.0	0.0	0.0	0.0	0.0	1	1953	-940.2	-2308.5	0.0	5.02	1
11.31	0	5.1	0.0	0.0	0.0	0.0	0.0	1	1953	-940.2	-2308.5	0.0	5.06	1
11.41	0	5.1	0.0	0.0	0.0	0.0	0.0	1	1953	-940.2	-2308.5	0.0	5.11	1
11.51	0	5.2	0.0	0.0	0.0	0.0	0.0	1	1953	-940.2	-2308.5	0.0	5.15	1
11.62	0	5.2	0.0	0.0	0.0	0.0	0.0	1	1953	-940.2	-2308.5	0.0	5.2	1
11.71	0	5.2	0.0	0.0	0.0	0.0	0.0	1	1953	-940.2	-2308.5	0.0	5.24	1
11.81	0	5.3	0.0	0.0	0.0	0.0	0.0	1	1953	-940.2	-2308.5	0.0	5.29	1
11.91	0	5.3	0.0	0.0	0.0	0.0	0.0	1	1953	-940.2	-2308.5	0.0	5.33	1
12.01	0	5.4	0.0	0.0	0.0	0.0	0.0	1	1953	-940.2	-2308.5	0.01	5.38	1
12.11	0	5.4	0.0	0.0	0.0	0.0	0.0	1	1953	-940.2	-2308.5	0.01	5.42	1
12.21	0	5.5	0.0	0.0	0.0	0.0	0.0	1	1953	-940.2	-2308.5	0.01	5.47	1
12.31	0	5.5	0.0	0.0	0.0	0.0	0.0	1	1953	-940.2	-2308.5	0.01	5.51	1
12.41	0	5.6	0.0	0.0	0.0	0.0	0.0	1	1953	-940.2	-2308.5	0.01	5.56	1
12.53	0	5.6	0.0	0.0	0.0	0.0	0.0	1	1953	-940.2	-2308.5	0.01	5.61	1
12.61	0	5.6	0.0	0.0	0.0	0.0	0.0	1	1953	-940.2	-2308.5	0.01	5.65	1
12.71	0	5.7	0.0	0.0	0.0	0.0	0.0	1	1953	-940.2	-2308.5	0.01	5.69	1
12.81	0	5.7	0.0	0.0	0.0	0.0	0.0	1	1953	-940.2	-2308.5	0.01	5.74	1
12.91	0	5.8	0.0	0.0	0.0	0.0	0.0	1	1953	-940.2	-2308.5	0.01	5.79	1
13.01	0	5.8	0.0	0.0	0.0	0.0	0.0	1	1953	-940.2	-2308.5	0.01	5.83	1
13.11	0	5.9	0.0	0.0	0.0	0.0	0.0	1	1953	-940.2	-2308.5	0.01	5.88	1
13.21	0	5.9	0.0	0.0	0.0	0.0	0.0	1	1953	-940.2	-2308.5	0.01	5.92	1
13.31	0	6.0	0.0	0.0	0.0	0.0	0.0	1	1953	-940.2	-2308.5	0.01	5.97	1
13.41	0	6.0	0.0	0.0	0.0	0.0	0.0	1	1953	-940.2	-2308.5	0.01	6.01	1
13.53	0	6.1	0.0	0.0	0.0	0.0	0.0	1	1953	-940.2	-2308.5	0.01	6.06	1
13.63	0	6.1	0.0	0.0	0.0	0.0	0.0	1	1953	-940.2	-2308.5	0.01	6.11	1
13.73	0	6.2	0.0	0.0	0.0	0.0	0.0	1	1953	-940.2	-2308.5	0.01	6.16	1
13.83	0	6.2	0.0	0.0	0.0	0.0	0.0	1	1953	-940.2	-2308.5	0.01	6.2	1
13.93	0	6.2	0.0	0.0	0.0	0.0	0.0	1	1953	-940.2	-2308.5	0.01	6.25	1
14.03	0	6.3	0.0	0.0	0.0	0.0	0.0	1	1953	-940.2	-2308.5	0.01	6.29	1
14.13	0	6.3	0.0	0.0	0.0	0.0	0.0	1	1953	-940.2	-2308.5	0.01	6.34	1
14.23	0	6.4	0.0	0.0	0.0	0.0	0.0	1	1953	-940.2	-2308.5	0.01	6.38	1
14.33	0	6.4	0.0	0.0	0.0	0.0	0.0	1	1953	-940.2	-2308.5	0.01	6.43	1
14.46	0	6.5	0.0	0.0	0.0	0.0	0.0	1	1953	-940.2	-2308.5	0.01	6.49	1
14.53	0	6.5	0.0	0.0	0.0	0.0	0.0	1	1953	-940.2	-2308.5	0.01	6.52	1
14.63	0	6.6	0.0	0.0	0.0	0.0	0.0	1	1953	-940.2	-2308.5	0.01	6.56	1
14.73	0	6.6	0.0	0.0	0.0	0.0	0.0	1	1953	-940.2	-2308.5	0.01	6.61	1
14.86	0	6.7	0.0	0.0	0.0	0.0	0.0	1	1953	-940.2	-2308.5	0.01	6.67	1
14.96	0	6.7	0.0	0.0	0.0	0.0	0.0	1	1953	-940.2	-2308.5	0.01	6.71	1
15.06	0	6.8	0.0	0.0	0.0	0.0	0.0	1	1953	-940.2	-2308.5	0.01	6.76	1
15.16	0	6.8	0.0	0.0	0.0	0.0	0.0	1	1953	-940.2	-2308.5	0.01	6.8	1
15.26	0	6.8	0.0	0.0	0.0	0.0	0.0	1	1953	-940.2	-2308.5	0.01	6.85	1
15.36	0	6.9	0.0	0.0	0.0	0.0	0.0	1	1953	-940.2	-2308.5	0.01	6.89	1
15.47	0	6.9	0.0	0.0	0.0	0.0	0.0	1	1953	-940.2	-2308.5	0.01	6.95	1
15.57	0	7.0	0.0	0.0	0.0	0.0	0.0	1	1953	-940.2	-2308.5	0.01	6.99	1
15.67	0	7.0	0.0	0.0	0.0	0.0	0.0	1	1953	-940.2	-2308.5	0.01	7.04	1
15.77	0	7.1	0.0	0.0	0.0	0.0	0.0	1	1953	-940.2	-2308.5	0.01	7.08	1
15.87	0	7.1	0.0	0.0	0.0	0.0	0.0	1	1953	-940.2	-2308.5	0.01	7.13	1
15.97	0	7.2	0.0	0.0	0.0	0.0	0.0	1	1953	-940.2	-2308.5	0.01	7.17	1
16.07	0	7.2	0.0	0.0	0.0	0.0	0.0	1	1953	-940.2	-2308.5	0.01	7.22	1
16.17	0	7.3	0.0	0.0	0.0	0.0	0.0	1	1953	-940.2	-2308.5	0.01	7.26	1
16.27	0	7.3	0.0	0.0	0.0	0.0	0.0	1	1953	-940.2	-2308.5	0.01	7.31	1
16.41	0	7.4	0.0	0.0	0.0	0.0	0.0	1	1953	-940.2	-2308.5	0.01	7.37	1
16.49	0	7.4	0.0	0.0	0.0	0.0	0.0	1	1953	-940.2	-2308.5	0.01	7.41	1
16.59	0	7.5	0.0	0.0	0.0	0.0	0.0	1	1953	-940.2	-2308.5	0.01	7.45	1
16.69	0	7.5	0.0	0.0	0.0	0.0	0.0	1	1953	-940.2	-2308.5	0.01	7.5	1
16.79	0	7.5	0.0	0.0	0.0	0.0	0.0	1	1953	-940.2	-2308.5	0.01	7.54	1
16.89	0	7.6	0.0	0.0	0.0	0.0	0.0	1	1953	-940.2	-2308.5	0.01	7.59	1
16.99	0	7.6	0.0	0.0	0.0	0.0	0.0	1	1953	-940.2	-2308.5	0.01	7.63	1
17.09	0	7.7	0.0	0.0	0.0	0.0	0.0	1	1953	-940.2	-2308.5	0.01	7.68	1
17.19	0	7.7	0.0	0.0	0.0	0.0	0.0	1	1953	-940.2	-2308.5	0.01	7.72	1
17.29	0	7.8	0.0	0.0	0.0	0.0	0.0	1	1953	-940.2	-2308.5	0.01	7.77	1
17.4	0	7.8	0.0	0.0	0.0	0.0	0.0	1	1953	-940.2	-2308.5	0.01	7.82	1
17.49	0	7.9	0.0	0.0	0.0	0.0	0.0	1	1953	-940.2	-2308.5	0.01	7.86	1
17.59	0	7.9	0.0	0.0	0.0	0.0	0.0	1	1953	-940.2	-2308.5	0.01	7.91	1
17.69	0	8.0	0.0	0.0	0.0	0.0	0.0	1	1953	-940.2	-2308.5	0.01	7.95	1
17.79	0	8.0	0.0	0.0	0.0	0.0	0.0	1	1953	-940.2	-2308.5	0.01	8.0	1
17.89	0	8.0	0.0	0.0	0.0	0.0	0.0	1	1953	-940.2	-2308.5	0.01	8.04	1
17.99	0	8.1	0.0	0.0	0.0	0.0	0.0	1	1953	-940.2	-2308.5	0.01	8.09	1
18.09	0	8.1	0.0	0.0	0.0	0.0	0.0	1	1953	-940.2	-2308.5	0.01	8.13	1
18.19	0	8.2	0.0	0.0	0.0	0.0	0.0	1	1953	-940.2	-2308.5	0.01	8.18	1
18.31	0	8.2	0.0	0.0	0.0	0.0	0.0	1	1953	-940.2	-2308.5	0.01	8.23	1
18.39	0	8.3	0.0	0.0	0.0	0.0	0.0	1	1953	-940.2	-2308.5	0.01	8.27	1
18.49	0	8.3	0.0	0.0	0.0	0.0	0.0	1	1953	-940.2	-2308.5	0.01	8.32	1
18.59	0	8.4	0.0	0.0	0.0	0.0	0.0	1	1953	-940.2	-2308.5	0.01	8.36	1
18.69	0	8.4	0.0	0.0	0.0	0.0	0.0	1	1953	-940.2	-2308.5	0.01	8.41	1
18.79	0	8.5	0.0	0.0	0.0	0.0	0.0	1	1953	-940.2	-2308.5	0.01	8.45	1
18.89	0	8.5	0.0	0.0	0.0	0.0	0.0	1	1953	-940.2	-2308.5	0.01	8.5	1
18.99	0	8.5	0.0	0.0	0.0	0.0	0.0	1	1953	-940.2	-2308.5	0.01	8.54	1
19.09	0	8.6	0.0	0.0	0.0	0.0	0.0	1	1953	-940.2	-2308.5	0.01	8.59	1
19.19	0	8.6	0.0	0.0	0.0	0.0	0.0	1	1953	-940.2	-2308.5	0.01	8.63	1
19.3	0	8.7	0.0	0.0	0.0	0.0	0.0	1	1953	-940.2	-2308.5	0.01	8.69	1
19.39	0	8.7	0.0	0.0	0.0	0.0	0.0	1	1953	-940.2	-2308.5	0.01	8.73	1
19.49	0	8.8	0.0	0.0	0.0	0.0	0.0	1	1953	-940.2	-2308.5	0.01	8.77	1
19.59	0	8.8	0.0	0.0	0.0	0.0	0.0	1	1953	-940.2	-2308.5	0.01	8.82	1
19.69	0	8.9	0.0	0.0	0.0	0.0	0.0	1	1953	-940.2	-2308.5	0.01	8.86	1
19.79	0	8.9	0.0	0.0	0.0	0.0	0.0	1	1953	-940.2	-2308.5	0.01	8.91	1
19.89	0	9.0	0.0	0.0	0.0	0.0	0.0	1	1953	-940.2	-2308.5	0.01	8.95	1
19.99	0	9.0	0.0	0.0	0.0	0.0	0.0	1	1953	-940.2	-2308.5	0.01	9.0	1
20.09	0	9.0	0.0	0.0	0.0	0.0	0.0	1	1953	-940.2	-2308.5	0.01	9.04	1
20.19	0	9.1	0.0	0.0	0.0	0.0	0.0	1	1953	-940.2	-2308.5	0.01	9.09	1
20.3	0	9.1	0.0	0.0	0.0	0.0	0.0	1	1953	-940.2	-2308.5	0.01	9.14	1
20.4	0	9.2	0.0	0.0	0.0	0.0	0.0	1	1953	-940.2	-2308.5	0.01	9.19	1
20.5	0	9.2	0.0	0.0	0.0	0.0	0.0	1	1953	-940.2	-2308.5	0.01	9.23	1
20.6	0	9.3	0.0	0.0	0.0	0.0	0.0	1	1953	-940.2	-2308.5	0.01	9.28	1
20.7	0	9.3	0.0	0.0	0.0	0.0	0.0	1	1953	-940.2	-2308.5	0.01	9.32	1
20.8	0	9.4	0.0	0.0	0.0	0.0	0.0	1	1953	-940.2	-2308.5	0.01	9.37	1
20.9	0	9.4	0.0	0.0	0.0	0.0	0.0	1	1953	-940.2	-2308.5	0.01	9.42	1
21.0	0	9.5	0.0	0.0	0.0	0.0	0.0	1	1953	-940.2	-2308.5	0.01	9.46	1
21.1	0	9.5	0.0	0.0	0.0	0.0	0.0	1	1953	-940.2	-2308.5	0.01	9.51	1
21.22	0	9.6	0.0	0.0	0.0	0.0	0.0	1	1953	-940.2	-2308.5	0.01	9.56	1
21.32	0	9.6	0.0	0.0	0.0	0.0	0.0	1	1953	-940.2	-2308.5	0.01	9.6	1
21.42	0	9.6	0.0	0.0	0.0	0.0	0.0	1	1953	-940.2	-2308.5	0.01	9.65	1
21.52	0	9.7	0.0	0.0	0.0	0.0	0.0	1	1953	-940.2	-2308.5	0.01	9.7	1
21.62	0	9.7	0.0	0.0	0.0	0.0	0.0	1	1953	-940.2	-2308.5	0.01	9.74	1
21.72	0	9.8	0.0	0.0	0.0	0.0	0.0	1	1953	-940.2	-2308.5	0.01	9.79	1
21.82	0	9.8	0.0	0.0	0.0	0.0	0.0	1	1953	-940.2	-2308.5	0.01	9.83	1
21.92	0	9.9	0.0	0.0	0.0	0.0	0.0	1	1953	-940.2	-2308.5	0.01	9.88	1
22.02	0	9.9	0.0	0.0	0.0	0.0	0.0	1	1953	-940.2	-2308.5	0.01	9.92	1
22.12	0	10.0	0.0	0.0	0.0	0.0	0.0	1	1953	-940.2	-2308.5	0.01	9.97	1
22.23	0	10.0	0.0	0.0	0.0	0.0	0.0	1	1953	-940.2	-2308.5	0.01	10.02	1
22.33	0	10.1	0.0	0.0	0.0	0.0	0.0	1	1953	-940.2	-2308.5	0.01	10.07	1
22.43	0	10.1	0.0	0.0	0.0	0.0	0.0	1	1953	-940.2	-2308.5	0.01	10.11	1
22.53	0	10.2	0.0	0.0	0.0	0.0	0.0	1	1953	-940.2	-2308.5	0.01	10.16	1
22.63	0	10.2	0.0	0.0	0.0	0.0	0.0	1	1953	-940.2	-2308.5	0.01	10.2	1
22.73	0	10.3	0.0	0.0	0.0	0.0	0.0	1	1953	-940.2	-2308.5	0.01	10.25	1
22.83	0	10.3	0.0	0.0	0.0	0.0	0.0	1	1953	-940.2	-2308.5	0.01	10.3	1
22.93	0	10.3	0.0	0.0	0.0	0.0	0.0	1	1953	-940.2	-2308.5	0.01	10.34	1
23.03	0	10.4	0.0	0.0	0.0	0.0	0.0	1	1953	-940.2	-2308.5	0.01	10.39	1
23.15	0	10.4	0.0	0.0	0.0	0.0	0.0	1	1953	-940.2	-2308.5	0.01	10.44	1
23.25	0	10.5	0.0	0.0	0.0	0.0	0.0	1	1953	-940.2	-2308.5	0.01	10.49	1
23.35	0	10.5	0.0	0.0	0.0	0.0	0.0	1	1953	-940.2	-2308.5	0.01	10.53	1
23.45	0	10.6	0.0	0.0	0.0	0.0	0.0	1	1953	-940.2	-2308.5	0.01	10.58	1
23.55	0	10.6	0.0	0.0	0.0	0.0	0.0	1	1953	-940.2	-2308.5	0.01	10.62	1
23.65	0	10.7	0.0	0.0	0.0	0.0	0.0	1	1953	-940.2	-2308.5	0.01	10.67	1
23.75	0	10.7	0.0	0.0	0.0	0.0	0.0	1	1953	-940.2	-2308.5	0.01	10.71	1
23.85	0	10.8	0.0	0.0	0.0	0.0	0.0	1	1953	-940.2	-2308.5	0.01	10.76	1
23.95	0	10.8	0.0	0.0	0.0	0.0	0.0	1	1953	-940.2	-2308.5	0.01	10.8	1
24.05	0	10.9	0.0	0.0	0.0	0.0	0.0	1	1953	-940.2	-2308.5	0.01	10.85	1
24.16	0	10.9	0.0	0.0	0.0	0.0	0.0	1	1953	-940.2	-2308.5	0.01	10.9	1
24.26	0	10.9	0.0	0.0	0.0	0.0	0.0	1	1953	-940.2	-2308.5	0.01	10.95	1
24.36	0	11.0	0.0	0.0	0.0	0.0	0.0	1	1953	-940.2	-2308.5	0.01	10.99	1
24.46	0	11.0	0.0	0.0	0.0	0.0	0.0	1	1953	-940.2	-2308.5	0.01	11.04	1
24.56	0	11.1	0.0	0.0	0.0	0.0	0.0	1	1953	-940.2	-2308.5	0.01	11.09	1
24.66	0	11.1	0.0	0.0	0.0	0.0	0.0	1	1953	-940.2	-2308.5	0.01	11.13	1
24.76	0	11.2	0.0	0.0	0.0	0.0	0.0	1	1953	-940.2	-2308.5	0.01	11.18	1
24.86	0	11.2	0.0	0.0	0.0	0.0	0.0	1	1953	-940.2	-2308.5	0.01	11.22	1
24.96	0	11.3	0.0	0.0	0.0	0.0	0.0	1	1953	-940.2	-2308.5	0.01	11.27	1
25.08	0	11.3	0.0	0.0	0.0	0.0	0.0	1	1953	-940.2	-2308.5	0.01	11.32	1
25.17	0	11.4	0.0	0.0	0.0	0.0	0.0	1	1953	-940.2	-2308.5	0.01	11.37	1
25.27	0	11.4	0.0	0.0	0.0	0.0	0.0	1	1953	-940.2	-2308.5	0.01	11.41	1
25.37	0	11.5	0.0	0.0	0.0	0.0	0.0	1	1953	-940.2	-2308.5	0.01	11.46	1
25.47	0	11.5	0.0	0.0	0.0	0.0	0.0	1	1953	-940.2	-2308.5	0.01	11.5	1
25.57	0	11.5	0.0	0.0	0.0	0.0	0.0	1	1953	-940.2	-2308.5	0.01	11.55	1
25.67	0	11.6	0.0	0.0	0.0	0.0	0.0	1	1953	-940.2	-2308.5	0.01	11.6	1
25.77	0	11.6	0.0	0.0	0.0	0.0	0.0	1	1953	-940.2	-2308.5	0.01	11.64	1
25.87	0	11.7	0.0	0.0	0.0	0.0	0.0	1	1953	-940.2	-2308.5	0.01	11.69	1
25.97	0	11.7	0.0	0.0	0.0	0.0	0.0	1	1953	-940.2	-2308.5	0.01	11.73	1
26.08	0	11.8	0.0	0.0	0.0	0.0	0.0	1	1953	-940.2	-2308.5	0.01	11.78	1
26.18	0	11.8	0.0	0.0	0.0	0.0	0.0	1	1953	-940.2	-2308.5	0.01	11.83	1
26.28	0	11.9	0.0	0.0	0.0	0.0	0.0	1	1953	-940.2	-2308.5	0.01	11.87	1
26.38	0	11.9	0.0	0.0	0.0	0.0	0.0	1	1953	-940.2	-2308.5	0.01	11.92	1
26.48	0	12.0	0.0	0.0	0.0	0.0	0.0	1	1953	-940.2	-2308.5	0.01	11.96	1
26.58	0	12.0	0.0	0.0	0.0	0.0	0.0	1	1953	-940.2	-2308.5	0.01	12.01	1
26.68	0	12.1	0.0	0.0	0.0	0.0	0.0	1	1953	-940.2	-2308.5	0.01	12.06	1
26.78	0	12.1	0.0	0.0	0.0	0.0	0.0	1	1953	-940.2	-2308.5	0.01	12.1	1
26.88	0	12.1	0.0	0.0	0.0	0.0	0.0	1	1953	-940.2	-2308.5	0.01	12.15	1
27.0	0	12.2	0.0	0.0	0.0	0.0	0.0	1	1953	-940.2	-2308.5	0.01	12.21	1
27.09	0	12.2	0.0	0.0	0.0	0.0	0.0	1	1953	-940.2	-2308.5	0.01	12.25	1
27.19	0	12.3	0.0	0.0	0.0	0.0	0.0	1	1953	-940.2	-2308.5	0.01	12.29	1
27.29	0	12.3	0.0	0.0	0.0	0.0	0.0	1	1953	-940.2	-2308.5	0.01	12.34	1
27.39	0	12.4	0.0	0.0	0.0	0.0	0.0	1	1953	-940.2	-2308.5	0.01	12.38	1
27.49	0	12.4	0.0	0.0	0.0	0.0	0.0	1	1953	-940.2	-2308.5	0.01	12.43	1
27.59	0	12.5	0.0	0.0	0.0	0.0	0.0	1	1953	-940.2	-2308.5	0.01	12.47	1
27.69	0	12.5	0.0	0.0	0.0	0.0	0.0	1	1953	-940.2	-2308.5	0.01	12.52	1
27.79	0	12.6	0.0	0.0	0.0	0.0	0.0	1	1953	-940.2	-2308.5	0.01	12.57	1
27.89	0	12.6	0.0	0.0	0.0	0.0	0.0	1	1953	-940.2	-2308.5	0.01	12.61	1
28.0	0	12.7	0.0	0.0	0.0	0.0	0.0	1	1953	-940.2	-2308.5	0.01	12.66	1
28.1	0	12.7	0.0	0.0	0.0	0.0	0.0	1	1953	-940.2	-2308.5	0.01	12.71	1
28.2	0	12.8	0.0	0.0	0.0	0.0	0.0	1	1953	-940.2	-2308.5	0.01	12.76	1
28.3	0	12.8	0.0	0.0	0.0	0.0	0.0	1	1953	-940.2	-2308.5	0.01	12.8	1
28.4	0	12.8	0.0	0.0	0.0	0.0	0.0	1	1953	-940.2	-2308.5	0.01	12.85	1
28.5	0	12.9	0.0	0.0	0.0	0.0	0.0	1	1953	-940.2	-2308.5	0.01	12.89	1
28.6	0	12.9	0.0	0.0	0.0	0.0	0.0	1	1953	-940.2	-2308.5	0.01	12.94	1
28.7	0	13.0	0.0	0.0	0.0	0.0	0.0	1	1953	-940.2	-2308.5	0.01	12.98	1
28.8	0	13.0	0.0	0.0	0.0	0.0	0.0	1	1953	-940.2	-2308.5	0.01	13.03	1
28.93	0	13.1	0.0	0.0	0.0	0.0	0.0	1	1953	-940.2	-2308.5	0.01	13.09	1
29.02	0	13.1	0.0	0.0	0.0	0.0	0.0	1	1953	-940.2	-2308.5	0.01	13.13	1
29.12	0	13.2	0.0	0.0	0.0	0.0	0.0	1	1953	-940.2	-2308.5	0.01	13.17	1
29.22	0	13.2	0.0	0.0	0.0	0.0	0.0	1	1953	-940.2	-2308.5	0.01	13.22	1
29.32	0	13.3	0.0	0.0	0.0	0.0	0.0	1	1953	-940.2	-2308.5	0.01	13.27	1
29.42	0	13.3	0.0	0.0	0.0	0.0	0.0	1	1953	-940.2	-2308.5	0.01	13.31	1
29.52	0	13.4	0.0	0.0	0.0	0.0	0.0	1	1953	-940.2	-2308.5	0.01	13.36	1
29.62	0	13.4	0.0	0.0	0.0	0.0	0.0	1	1953	-940.2	-2308.5	0.01	13.4	1
29.72	0	13.5	0.0	0.0	0.0	0.0	0.0	1	1953	-940.2	-2308.5	0.01	13.45	1
29.82	0	13.5	0.0	0.0	0.0	0.0	0.0	1	1953	-940.2	-2308.5	0.01	13.5	1
29.93	0	13.5	0.0	0.0	0.0	0.0	0.0	1	1953	-940.2	-2308.5	0.01	13.55	1
30.03	0	13.6	0.0	0.0	0.0	0.0	0.0	1	1953	-940.2	-2308.5	0.01	13.59	1
30.13	0	13.6	0.0	0.0	0.0	0.0	0.0	1	1953	-940.2	-2308.5	0.01	13.64	1
30.23	0	13.7	0.0	0.0	0.0	0.0	0.0	1	1953	-940.2	-2308.5	0.01	13.69	1
30.34	0	13.7	0.0	0.0	0.0	0.0	0.0	1	1953	-940.2	-2308.5	0.01	13.74	1
30.44	0	13.8	0.0	0.0	0.0	0.0	0.0	1	1953	-940.2	-2308.5	0.01	13.78	1
30.54	0	13.8	0.0	0.0	0.0	0.0	0.0	1	1953	-940.2	-2308.5	0.01	13.83	1
30.64	0	13.9	0.0	0.0	0.0	0.0	0.0	1	1953	-940.2	-2308.5	0.01	13.88	1
30.74	0	13.9	0.0	0.0	0.0	0.0	0.0	1	1953	-940.2	-2308.5	0.01	13.92	1
30.87	0	14.0	0.0	0.0	0.0	0.0	0.0	1	1953	-940.2	-2308.5	0.01	13.98	1
30.94	0	14.0	0.0	0.0	0.0	0.0	0.0	1	1953	-940.2	-2308.5	0.01	14.01	1
31.04	0	14.1	0.0	0.0	0.0	0.0	0.0	1	1953	-940.2	-2308.5	0.01	14.06	1
31.14	0	14.1	0.0	0.0	0.0	0.0	0.0	1	1953	-940.2	-2308.5	0.01	14.11	1
31.24	0	14.2	0.0	0.0	0.0	0.0	0.0	1	1953	-940.2	-2308.5	0.01	14.15	1
31.34	0	14.2	0.0	0.0	0.0	0.0	0.0	1	1953	-940.2	-2308.5	0.01	14.2	1
31.44	0	14.2	0.0	0.0	0.0	0.0	0.0	1	1953	-940.2	-2308.5	0.01	14.24	1
31.54	0	14.3	0.0	0.0	0.0	0.0	0.0	1	1953	-940.2	-2308.5	0.01	14.29	1
31.64	0	14.3	0.0	0.0	0.0	0.0	0.0	1	1953	-940.2	-2308.5	0.01	14.34	1
31.74	0	14.4	0.0	0.0	0.0	0.0	0.0	1	1953	-940.2	-2308.5	0.01	14.38	1
31.84	0	14.4	0.0	0.0	0.0	0.0	0.0	1	1953	-940.2	-2308.5	0.01	14.43	1
31.94	0	14.5	0.0	0.0	0.0	0.0	0.0	1	1953	-940.2	-2308.5	0.01	14.48	1
32.04	0	14.5	0.0	0.0	0.0	0.0	0.0	1	1953	-940.2	-2308.5	0.01	14.52	1
32.14	0	14.6	0.0	0.0	0.0	0.0	0.0	1	1953	-940.2	-2308.5	0.01	14.57	1
32.24	0	14.6	0.0	0.0	0.0	0.0	0.0	1	1953	-940.2	-2308.5	0.01	14.61	1
32.34	0	14.7	0.0	0.0	0.0	0.0	0.0	1	1953	-940.2	-2308.5	0.01	14.66	1
32.44	0	14.7	0.0	0.0	0.0	0.0	0.0	1	1953	-940.2	-2308.5	0.01	14.71	1
32.54	0	14.8	0.0	0.0	0.0	0.0	0.0	1	1953	-940.2	-2308.5	0.01	14.75	1
32.64	0	14.8	0.0	0.0	0.0	0.0	0.0	1	1953	-940.2	-2308.5	0.01	14.8	1
32.78	0	14.9	0.0	0.0	0.0	0.0	0.0	1	1953	-940.2	-2308.5	0.01	14.86	1
32.85	0	14.9	0.0	0.0	0.0	0.0	0.0	1	1953	-940.2	-2308.5	0.01	14.89	1
32.95	0	14.9	0.0	0.0	0.0	0.0	0.0	1	1953	-940.2	-2308.5	0.01	14.94	1
33.05	0	15.0	0.0	0.0	0.0	0.0	0.0	1	1953	-940.2	-2308.5	0.01	14.98	1
33.15	0	15.0	0.0	0.0	0.0	0.0	0.0	1	1953	-940.2	-2308.5	0.01	15.03	1
33.25	0	15.1	0.0	0.0	0.0	0.0	0.0	1	1953	-940.2	-2308.5	0.01	15.08	1
33.37	0	15.1	0.0	0.0	0.0	0.0	0.0	1	1953	-940.2	-2308.5	0.01	15.13	1
33.46	0	15.2	0.0	0.0	0.0	0.0	0.0	1	1953	-940.2	-2308.5	0.01	15.17	1
33.56	0	15.2	0.0	0.0	0.0	0.0	0.0	1	1953	-940.2	-2308.5	0.01	15.22	1
33.66	0	15.3	0.0	0.0	0.0	0.0	0.0	1	1953	-940.2	-2308.5	0.01	15.27	1
33.77	0	15.3	0.0	0.0	0.0	0.0	0.0	1	1953	-940.2	-2308.5	0.01	15.32	1
33.84	0	15.3	0.0	0.0	0.0	0.0	0.0	1	1953	-940.2	-2308.5	0.01	15.35	1
33.94	0	15.4	0.0	0.0	0.0	0.0	0.0	1	1953	-940.2	-2308.5	0.01	15.4	1
34.04	0	15.4	0.0	0.0	0.0	0.0	0.0	1	1953	-940.2	-2308.5	0.01	15.44	1
34.14	0	15.5	0.0	0.0	0.0	0.0	0.0	1	1953	-940.2	-2308.5	0.01	15.49	1
34.24	0	15.5	0.0	0.0	0.0	0.0	0.0	1	1953	-940.2	-2308.5	0.01	15.53	1
34.34	0	15.6	0.0	0.0	0.0	0.0	0.0	1	1953	-940.2	-2308.5	0.01	15.58	1
34.44	0	15.6	0.0	0.0	0.0	0.0	0.0	1	1953	-940.2	-2308.5	0.01	15.63	1
34.54	0	15.7	0.0	0.0	0.0	0.0	0.0	1	1953	-940.2	-2308.5	0.01	15.67	1
34.67	0	15.7	0.0	0.0	0.0	0.0	0.0	1	1953	-940.2	-2308.5	0.01	15.73	1
34.73	0	15.8	0.0	0.0	0.0	0.0	0.0	1	1953	-940.2	-2308.5	0.01	15.76	1
34.83	0	15.8	0.0	0.0	0.0	0.0	0.0	1	1953	-940.2	-2308.5	0.01	15.81	1
34.93	0	15.9	0.0	0.0	0.0	0.0	0.0	1	1953	-940.2	-2308.5	0.01	15.85	1
35.03	0	15.9	0.0	0.0	0.0	0.0	0.0	1	1953	-940.2	-2308.5	0.01	15.9	1
35.13	0	15.9	0.0	0.0	0.0	0.0	0.0	1	1953	-940.2	-2308.5	0.01	15.94	1
35.23	0	16.0	0.0	0.0	0.0	0.0	0.0	1	1953	-940.2	-2308.5	0.01	15.99	1
35.33	0	16.0	0.0	0.0	0.0	0.0	0.0	1	1953	-940.2	-2308.5	0.01	16.04	1
35.43	0	16.1	0.0	0.0	0.0	0.0	0.0	1	1953	-940.2	-2308.5	0.01	16.08	1
35.53	0	16.1	0.0	0.0	0.0	0.0	0.0	1	1953	-940.2	-2308.5	0.01	16.13	1
35.64	0	16.2	0.0	0.0	0.0	0.0	0.0	1	1953	-940.2	-2308.5	0.01	16.18	1
35.74	0	16.2	0.0	0.0	0.0	0.0	0.0	1	1953	-940.2	-2308.5	0.01	16.23	1
35.84	0	16.3	0.0	0.0	0.0	0.0	0.0	1	1953	-940.2	-2308.5	0.01	16.27	1
35.94	0	16.3	0.0	0.0	0.0	0.0	0.0	1	1953	-940.2	-2308.5	0.01	16.32	1
36.04	0	16.4	0.0	0.0	0.0	0.0	0.0	1	1953	-940.2	-2308.5	0.02	16.37	1
36.14	0	16.4	0.0	0.0	0.0	0.0	0.0	1	1953	-940.2	-2308.5	0.02	16.41	1
36.24	0	16.5	0.0	0.0	0.0	0.0	0.0	1	1953	-940.2	-2308.5	0.02	16.46	1
36.34	0	16.5	0.0	0.0	0.0	0.0	0.0	1	1953	-940.2	-2308.5	0.02	16.5	1
36.44	0	16.6	0.0	0.0	0.0	0.0	0.0	1	1953	-940.2	-2308.5	0.02	16.55	1
36.57	0	16.6	0.0	0.0	0.0	0.0	0.0	1	1953	-940.2	-2308.5	0.02	16.61	1
36.65	0	16.6	0.0	0.0	0.0	0.0	0.0	1	1953	-940.2	-2308.5	0.02	16.65	1
36.75	0	16.7	0.0	0.0	0.0	0.0	0.0	1	1953	-940.2	-2308.5	0.02	16.7	1
36.85	0	16.7	0.0	0.0	0.0	0.0	0.0	1	1953	-940.2	-2308.5	0.02	16.74	1
36.95	0	16.8	0.0	0.0	0.0	0.0	0.0	1	1953	-940.2	-2308.5	0.02	16.79	1
37.05	0	16.8	0.0	0.0	0.0	0.0	0.0	1	1953	-940.2	-2308.5	0.02	16.83	1
37.15	0	16.9	0.0	0.0	0.0	0.0	0.0	1	1953	-940.2	-2308.5	0.02	16.88	1
37.25	0	16.9	0.0	0.0	0.0	0.0	0.0	1	1953	-940.2	-2308.5	0.02	16.93	1
37.35	0	17.0	0.0	0.0	0.0	0.0	0.0	1	1953	-940.2	-2308.5	0.02	16.97	1
37.45	0	17.0	0.0	0.0	0.0	0.0	0.0	1	1953	-940.2	-2308.5	0.02	17.02	1
37.57	0	17.1	0.0	0.0	0.0	0.0	0.0	1	1953	-940.2	-2308.5	0.02	17.07	1
37.65	0	17.1	0.0	0.0	0.0	0.0	0.0	1	1953	-940.2	-2308.5	0.02	17.11	1
37.75	0	17.2	0.0	0.0	0.0	0.0	0.0	1	1953	-940.2	-2308.5	0.02	17.16	1
37.85	0	17.2	0.0	0.0	0.0	0.0	0.0	1	1953	-940.2	-2308.5	0.02	17.2	1
37.95	0	17.3	0.0	0.0	0.0	0.0	0.0	1	1953	-940.2	-2308.5	0.02	17.25	1
38.05	0	17.3	0.0	0.0	0.0	0.0	0.0	1	1953	-940.2	-2308.5	0.02	17.3	1
38.15	0	17.3	0.0	0.0	0.0	0.0	0.0	1	1953	-940.2	-2308.5	0.02	17.34	1
38.25	0	17.4	0.0	0.0	0.0	0.0	0.0	1	1953	-940.2	-2308.5	0.02	17.39	1
38.35	0	17.4	0.0	0.0	0.0	0.0	0.0	1	1953	-940.2	-2308.5	0.02	17.44	1
38.48	0	17.5	0.0	0.0	0.0	0.0	0.0	1	1953	-940.2	-2308.5	0.02	17.49	1
38.55	0	17.5	0.0	0.0	0.0	0.0	0.0	1	1953	-940.2	-2308.5	0.02	17.53	1
38.66	0	17.6	0.0	0.0	0.0	0.0	0.0	1	1953	-940.2	-2308.5	0.02	17.58	1
38.76	0	17.6	0.0	0.0	0.0	0.0	0.0	1	1953	-940.2	-2308.5	0.02	17.62	1
38.86	0	17.7	0.0	0.0	0.0	0.0	0.0	1	1953	-940.2	-2308.5	0.02	17.67	1
38.96	0	17.7	0.0	0.0	0.0	0.0	0.0	1	1953	-940.2	-2308.5	0.02	17.72	1
39.06	0	17.8	0.0	0.0	0.0	0.0	0.0	1	1953	-940.2	-2308.5	0.02	17.76	1
39.16	0	17.8	0.0	0.0	0.0	0.0	0.0	1	1953	-940.2	-2308.5	0.02	17.81	1
39.26	0	17.9	0.0	0.0	0.0	0.0	0.0	1	1953	-940.2	-2308.5	0.02	17.85	1
39.36	0	17.9	0.0	0.0	0.0	0.0	0.0	1	1953	-940.2	-2308.5	0.02	17.9	1
39.48	0	18.0	0.0	0.0	0.0	0.0	0.0	1	1953	-940.2	-2308.5	0.02	17.96	1
39.56	0	18.0	0.0	0.0	0.0	0.0	0.0	1	1953	-940.2	-2308.5	0.02	17.99	1
39.66	0	18.0	0.0	0.0	0.0	0.0	0.0	1	1953	-940.2	-2308.5	0.02	18.04	1
39.76	0	18.1	0.0	0.0	0.0	0.0	0.0	1	1953	-940.2	-2308.5	0.02	18.09	1
39.86	0	18.1	0.0	0.0	0.0	0.0	0.0	1	1953	-940.2	-2308.5	0.02	18.13	1
39.96	0	18.2	0.0	0.0	0.0	0.0	0.0	1	1953	-940.2	-2308.5	0.02	18.18	1
40.06	0	18.2	0.0	0.0	0.0	0.0	0.0	1	1953	-940.2	-2308.5	0.02	18.23	1
40.16	0	18.3	0.0	0.0	0.0	0.0	0.0	1	1953	-940.2	-2308.5	0.02	18.27	1
40.26	0	18.3	0.0	0.0	0.0	0.0	0.0	1	1953	-940.2	-2308.5	0.02	18.32	1
40.36	0	18.4	0.0	0.0	0.0	0.0	0.0	1	1953	-940.2	-2308.5	0.02	18.37	1
40.46	0	18.4	0.0	0.0	0.0	0.0	0.0	1	1953	-940.2	-2308.5	0.02	18.41	1
40.56	0	18.5	0.0	0.0	0.0	0.0	0.0	1	1953	-940.2	-2308.5	0.02	18.46	1
40.66	0	18.5	0.0	0.0	0.0	0.0	0.0	1	1953	-940.2	-2308.5	0.02	18.5	1
40.76	0	18.6	0.0	0.0	0.0	0.0	0.0	1	1953	-940.2	-2308.5	0.02	18.55	1
40.86	0	18.6	0.0	0.0	0.0	0.0	0.0	1	1953	-940.2	-2308.5	0.02	18.6	1
40.96	0	18.6	0.0	0.0	0.0	0.0	0.0	1	1953	-940.2	-2308.5	0.02	18.64	1
41.06	0	18.7	0.0	0.0	0.0	0.0	0.0	1	1953	-940.2	-2308.5	0.02	18.69	1
41.16	0	18.7	0.0	0.0	0.0	0.0	0.0	1	1953	-940.2	-2308.5	0.02	18.74	1
41.26	0	18.8	0.0	0.0	0.0	0.0	0.0	1	1953	-940.2	-2308.5	0.02	18.78	1
41.38	0	18.8	0.0	0.0	0.0	0.0	0.0	1	1953	-940.2	-2308.5	0.02	18.84	1
41.47	0	18.9	0.0	0.0	0.0	0.0	0.0	1	1953	-940.2	-2308.5	0.02	18.88	1
41.57	0	18.9	0.0	0.0	0.0	0.0	0.0	1	1953	-940.2	-2308.5	0.02	18.93	1
41.67	0	19.0	0.0	0.0	0.0	0.0	0.0	1	1953	-940.2	-2308.5	0.02	18.98	1
41.77	0	19.0	0.0	0.0	0.0	0.0	0.0	1	1953	-940.2	-2308.5	0.02	19.02	1
41.87	0	19.1	0.0	0.0	0.0	0.0	0.0	1	1953	-940.2	-2308.5	0.02	19.07	1
41.97	0	19.1	0.0	0.0	0.0	0.0	0.0	1	1953	-940.2	-2308.5	0.02	19.12	1
42.07	0	19.2	0.0	0.0	0.0	0.0	0.0	1	1953	-940.2	-2308.5	0.02	19.16	1
42.17	0	19.2	0.0	0.0	0.0	0.0	0.0	1	1953	-940.2	-2308.5	0.02	19.21	1
42.29	0	19.3	0.0	0.0	0.0	0.0	0.0	1	1953	-940.2	-2308.5	0.02	19.26	1
42.4	0	19.3	0.0	0.0	0.0	0.0	0.0	1	1953	-940.2	-2308.5	0.02	19.32	1
42.5	0	19.4	0.0	0.0	0.0	0.0	0.0	1	1953	-940.2	-2308.5	0.02	19.36	1
42.6	0	19.4	0.0	0.0	0.0	0.0	0.0	1	1953	-940.2	-2308.5	0.02	19.41	1
42.7	0	19.5	0.0	0.0	0.0	0.0	0.0	1	1953	-940.2	-2308.5	0.02	19.46	1
42.83	0	19.5	0.0	0.0	0.0	0.0	0.0	1	1953	-940.2	-2308.5	0.02	19.51	1
42.91	0	19.6	0.0	0.0	0.0	0.0	0.0	1	1953	-940.2	-2308.5	0.02	19.55	1
43.01	0	19.6	0.0	0.0	0.0	0.0	0.0	1	1953	-940.2	-2308.5	0.02	19.6	1
43.11	0	19.6	0.0	0.0	0.0	0.0	0.0	1	1953	-940.2	-2308.5	0.02	19.65	1
43.21	0	19.7	0.0	0.0	0.0	0.0	0.0	1	1953	-940.2	-2308.5	0.02	19.69	1
43.34	0	19.7	0.0	0.0	0.0	0.0	0.0	1	1953	-940.2	-2308.5	0.02	19.75	1
43.39	0	19.8	0.0	0.0	0.0	0.0	0.0	1	1953	-940.2	-2308.5	0.02	19.77	1
43.49	0	19.8	0.0	0.0	0.0	0.0	0.0	1	1953	-940.2	-2308.5	0.02	19.82	1
43.59	0	19.9	0.0	0.0	0.0	0.0	0.0	1	1953	-940.2	-2308.5	0.02	19.87	1
43.69	0	19.9	0.0	0.0	0.0	0.0	0.0	1	1953	-940.2	-2308.5	0.02	19.91	1
43.79	0	20.0	0.0	0.0	0.0	0.0	0.0	1	1953	-940.2	-2308.5	0.02	19.96	1
43.89	0	20.0	0.0	0.0	0.0	0.0	0.0	1	1953	-940.2	-2308.5	0.02	20.01	1
43.99	0	20.1	0.0	0.0	0.0	0.0	0.0	1	1953	-940.2	-2308.5	0.02	20.05	1
44.09	0	20.1	0.0	0.0	0.0	0.0	0.0	1	1953	-940.2	-2308.5	0.02	20.1	1
44.19	0	20.1	0.0	0.0	0.0	0.0	0.0	1	1953	-940.2	-2308.5	0.02	20.15	1
44.29	0	20.2	0.0	0.0	0.0	0.0	0.0	1	1953	-940.2	-2308.5	0.02	20.19	1
44.39	0	20.2	0.0	0.0	0.0	0.0	0.0	1	1953	-940.2	-2308.5	0.02	20.24	1
44.48	0	20.3	0.0	0.0	0.0	0.0	0.0	1	1953	-940.2	-2308.5	0.02	20.28	1
44.58	0	20.3	0.0	0.0	0.0	0.0	0.0	1	1953	-940.2	-2308.5	0.02	20.33	1
44.69	0	20.4	0.0	0.0	0.0	0.0	0.0	1	1953	-940.2	-2308.5	0.02	20.38	1
44.78	0	20.4	0.0	0.0	0.0	0.0	0.0	1	1953	-940.2	-2308.5	0.02	20.42	1
44.89	0	20.5	0.0	0.0	0.0	0.0	0.0	1	1953	-940.2	-2308.5	0.02	20.47	1
44.98	0	20.5	0.0	0.0	0.0	0.0	0.0	1	1953	-940.2	-2308.5	0.02	20.52	1
45.08	0	20.6	0.0	0.0	0.0	0.0	0.0	1	1953	-940.2	-2308.5	0.02	20.56	1
45.21	0	20.6	0.0	0.0	0.0	0.0	0.0	1	1953	-940.2	-2308.5	0.02	20.62	1
45.27	0	20.7	0.0	0.0	0.0	0.0	0.0	1	1953	-940.2	-2308.5	0.02	20.65	1
45.37	0	20.7	0.0	0.0	0.0	0.0	0.0	1	1953	-940.2	-2308.5	0.02	20.7	1
45.47	0	20.7	0.0	0.0	0.0	0.0	0.0	1	1953	-940.2	-2308.5	0.02	20.75	1
45.57	0	20.8	0.0	0.0	0.0	0.0	0.0	1	1953	-940.2	-2308.5	0.02	20.79	1
45.67	0	20.8	0.0	0.0	0.0	0.0	0.0	1	1953	-940.2	-2308.5	0.02	20.84	1
45.77	0	20.9	0.0	0.0	0.0	0.0	0.0	1	1953	-940.2	-2308.5	0.02	20.89	1
45.87	0	20.9	0.0	0.0	0.0	0.0	0.0	1	1953	-940.2	-2308.5	0.02	20.93	1
45.97	0	21.0	0.0	0.0	0.0	0.0	0.0	1	1953	-940.2	-2308.5	0.02	20.98	1
46.07	0	21.0	0.0	0.0	0.0	0.0	0.0	1	1953	-940.2	-2308.5	0.02	21.03	1
46.18	0	21.1	0.0	0.0	0.0	0.0	0.0	1	1953	-940.2	-2308.5	0.02	21.07	1
46.27	0	21.1	0.0	0.0	0.0	0.0	0.0	1	1953	-940.2	-2308.5	0.02	21.12	1
46.38	0	21.2	0.0	0.0	0.0	0.0	0.0	1	1953	-940.2	-2308.5	0.02	21.17	1
46.48	0	21.2	0.0	0.0	0.0	0.0	0.0	1	1953	-940.2	-2308.5	0.02	21.21	1
46.58	0	21.3	0.0	0.0	0.0	0.0	0.0	1	1953	-940.2	-2308.5	0.02	21.26	1
46.68	0	21.3	0.0	0.0	0.0	0.0	0.0	1	1953	-940.2	-2308.5	0.02	21.31	1
46.78	0	21.4	0.0	0.0	0.0	0.0	0.0	1	1953	-940.2	-2308.5	0.02	21.35	1
46.88	0	21.4	0.0	0.0	0.0	0.0	0.0	1	1953	-940.2	-2308.5	0.02	21.4	1
46.98	0	21.4	0.0	0.0	0.0	0.0	0.0	1	1953	-940.2	-2308.5	0.02	21.45	1
47.11	0	21.5	0.0	0.0	0.0	0.0	0.0	1	1953	-940.2	-2308.5	0.02	21.51	1
47.18	0	21.5	0.0	0.0	0.0	0.0	0.0	1	1953	-940.2	-2308.5	0.02	21.54	1
47.29	0	21.6	0.0	0.0	0.0	0.0	0.0	1	1953	-940.2	-2308.5	0.02	21.59	1
47.39	0	21.6	0.0	0.0	0.0	0.0	0.0	1	1953	-940.2	-2308.5	0.02	21.64	1
47.49	0	21.7	0.0	0.0	0.0	0.0	0.0	1	1953	-940.2	-2308.5	0.02	21.68	1
47.59	0	21.7	0.0	0.0	0.0	0.0	0.0	1	1953	-940.2	-2308.5	0.02	21.73	1
47.69	0	21.8	0.0	0.0	0.0	0.0	0.0	1	1953	-940.2	-2308.5	0.02	21.78	1
47.79	0	21.8	0.0	0.0	0.0	0.0	0.0	1	1953	-940.2	-2308.5	0.02	21.83	1
47.89	0	21.9	0.0	0.0	0.0	0.0	0.0	1	1953	-940.2	-2308.5	0.02	21.87	1
47.99	0	21.9	0.0	0.0	0.0	0.0	0.0	1	1953	-940.2	-2308.5	0.02	21.92	1
48.1	0	22.0	0.0	0.0	0.0	0.0	0.0	1	1953	-940.2	-2308.5	0.02	21.97	1
48.2	0	22.0	0.0	0.0	0.0	0.0	0.0	1	1953	-940.2	-2308.5	0.02	22.02	1
48.3	0	22.1	0.0	0.0	0.0	0.0	0.0	1	1953	-940.2	-2308.5	0.02	22.07	1
48.4	0	22.1	0.0	0.0	0.0	0.0	0.0	1	1953	-940.2	-2308.5	0.02	22.11	1
48.5	0	22.2	0.0	0.0	0.0	0.0	0.0	1	1953	-940.2	-2308.5	0.02	22.16	1
48.6	0	22.2	0.0	0.0	0.0	0.0	0.0	1	1953	-940.2	-2308.5	0.02	22.21	1
48.7	0	22.3	0.0	0.0	0.0	0.0	0.0	1	1953	-940.2	-2308.5	0.02	22.25	1
48.8	0	22.3	0.0	0.0	0.0	0.0	0.0	1	1953	-940.2	-2308.5	0.02	22.3	1
48.9	0	22.3	0.0	0.0	0.0	0.0	0.0	1	1953	-940.2	-2308.5	0.02	22.35	1
49.03	0	22.4	0.0	0.0	0.0	0.0	0.0	1	1953	-940.2	-2308.5	0.02	22.41	1
49.12	0	22.4	0.0	0.0	0.0	0.0	0.0	1	1953	-940.2	-2308.5	0.02	22.45	1
49.22	0	22.5	0.0	0.0	0.0	0.0	0.0	1	1953	-940.2	-2308.5	0.02	22.5	1
49.32	0	22.5	0.0	0.0	0.0	0.0	0.0	1	1953	-940.2	-2308.5	0.02	22.54	1
49.42	0	22.6	0.0	0.0	0.0	0.0	0.0	1	1953	-940.2	-2308.5	0.02	22.59	1
49.52	0	22.6	0.0	0.0	0.0	0.0	0.0	1	1953	-940.2	-2308.5	0.02	22.64	1
49.62	0	22.7	0.0	0.0	0.0	0.0	0.0	1	1953	-940.2	-2308.5	0.02	22.68	1
49.72	0	22.7	0.0	0.0	0.0	0.0	0.0	1	1953	-940.2	-2308.5	0.02	22.73	1
49.82	0	22.8	0.0	0.0	0.0	0.0	0.0	1	1953	-940.2	-2308.5	0.02	22.78	1
49.92	0	22.8	0.0	0.0	0.0	0.0	0.0	1	1953	-940.2	-2308.5	0.02	22.82	1
50.03	0	22.9	0.0	0.0	0.0	0.0	0.0	1	1953	-940.2	-2308.5	0.02	22.87	1
50.12	0	22.9	0.0	0.0	0.0	0.0	0.0	1	1953	-940.2	-2308.5	0.02	22.92	1
50.22	0	23.0	0.0	0.0	0.0	0.0	0.0	1	1953	-940.2	-2308.5	0.02	22.96	1
50.32	0	23.0	0.0	0.0	0.0	0.0	0.0	1	1953	-940.2	-2308.5	0.02	23.01	1
50.42	0	23.1	0.0	0.0	0.0	0.0	0.0	1	1953	-940.2	-2308.5	0.02	23.06	1
50.52	0	23.1	0.0	0.0	0.0	0.0	0.0	1	1953	-940.2	-2308.5	0.02	23.11	1
50.62	0	23.2	0.0	0.0	0.0	0.0	0.0	1	1953	-940.2	-2308.5	0.02	23.15	1
50.72	0	23.2	0.0	0.0	0.0	0.0	0.0	1	1953	-940.2	-2308.5	0.02	23.2	1
50.82	0	23.2	0.0	0.0	0.0	0.0	0.0	1	1953	-940.2	-2308.5	0.02	23.25	1
50.96	0	23.3	0.0	0.0	0.0	0.0	0.0	1	1953	-940.2	-2308.5	0.02	23.31	1
51.03	0	23.3	0.0	0.0	0.0	0.0	0.0	1	1953	-940.2	-2308.5	0.02	23.34	1
51.13	0	23.4	0.0	0.0	0.0	0.0	0.0	1	1953	-940.2	-2308.5	0.02	23.39	1
51.23	0	23.4	0.0	0.0	0.0	0.0	0.0	1	1953	-940.2	-2308.5	0.02	23.44	1
51.33	0	23.5	0.0	0.0	0.0	0.0	0.0	1	1953	-940.2	-2308.5	0.02	23.48	1
51.43	0	23.5	0.0	0.0	0.0	0.0	0.0	1	1953	-940.2	-2308.5	0.02	23.53	1
51.53	0	23.6	0.0	0.0	0.0	0.0	0.0	1	1953	-940.2	-2308.5	0.02	23.58	1
51.63	0	23.6	0.0	0.0	0.0	0.0	0.0	1	1953	-940.2	-2308.5	0.02	23.63	1
51.73	0	23.7	0.0	0.0	0.0	0.0	0.0	1	1953	-940.2	-2308.5	0.02	23.67	1
51.83	0	23.7	0.0	0.0	0.0	0.0	0.0	1	1953	-940.2	-2308.5	0.02	23.72	1
51.95	0	23.8	0.0	0.0	0.0	0.0	0.0	1	1953	-940.2	-2308.5	0.02	23.77	1
52.04	0	23.8	0.0	0.0	0.0	0.0	0.0	1	1953	-940.2	-2308.5	0.02	23.82	1
52.14	0	23.9	0.0	0.0	0.0	0.0	0.0	1	1953	-940.2	-2308.5	0.02	23.86	1
52.25	0	23.9	0.0	0.0	0.0	0.0	0.0	1	1953	-940.2	-2308.5	0.02	23.92	1
52.35	0	24.0	0.0	0.0	0.0	0.0	0.0	1	1953	-940.2	-2308.5	0.02	23.96	1
52.45	0	24.0	0.0	0.0	0.0	0.0	0.0	1	1953	-940.2	-2308.5	0.02	24.01	1
52.55	0	24.1	0.0	0.0	0.0	0.0	0.0	1	1953	-940.2	-2308.5	0.02	24.06	1
52.65	0	24.1	0.0	0.0	0.0	0.0	0.0	1	1953	-940.2	-2308.5	0.02	24.1	1
52.75	0	24.2	0.0	0.0	0.0	0.0	0.0	1	1953	-940.2	-2308.5	0.02	24.15	1
52.89	0	24.2	0.0	0.0	0.0	0.0	0.0	1	1953	-940.2	-2308.5	0.02	24.21	1
52.94	0	24.2	0.0	0.0	0.0	0.0	0.0	1	1953	-940.2	-2308.5	0.02	24.24	1
53.04	0	24.3	0.0	0.0	0.0	0.0	0.0	1	1953	-940.2	-2308.5	0.02	24.29	1
53.14	0	24.3	0.0	0.0	0.0	0.0	0.0	1	1953	-940.2	-2308.5	0.02	24.33	1
53.24	0	24.4	0.0	0.0	0.0	0.0	0.0	1	1953	-940.2	-2308.5	0.02	24.38	1
53.34	0	24.4	0.0	0.0	0.0	0.0	0.0	1	1953	-940.2	-2308.5	0.02	24.43	1
53.44	0	24.5	0.0	0.0	0.0	0.0	0.0	1	1953	-940.2	-2308.5	0.02	24.47	1
53.54	0	24.5	0.0	0.0	0.0	0.0	0.0	1	1953	-940.2	-2308.5	0.02	24.52	1
53.64	0	24.6	0.0	0.0	0.0	0.0	0.0	1	1953	-940.2	-2308.5	0.02	24.57	1
53.74	0	24.6	0.0	0.0	0.0	0.0	0.0	1	1953	-940.2	-2308.5	0.02	24.61	1
53.85	0	24.7	0.0	0.0	0.0	0.0	0.0	1	1953	-940.2	-2308.5	0.02	24.67	1
53.94	0	24.7	0.0	0.0	0.0	0.0	0.0	1	1953	-940.2	-2308.5	0.02	24.71	1
54.04	0	24.8	0.0	0.0	0.0	0.0	0.0	1	1953	-940.2	-2308.5	0.02	24.76	1
54.14	0	24.8	0.0	0.0	0.0	0.0	0.0	1	1953	-940.2	-2308.5	0.02	24.8	1
54.24	0	24.9	0.0	0.0	0.0	0.0	0.0	1	1953	-940.2	-2308.5	0.02	24.85	1
54.34	0	24.9	0.0	0.0	0.0	0.0	0.0	1	1953	-940.2	-2308.5	0.02	24.9	1
54.44	0	24.9	0.0	0.0	0.0	0.0	0.0	1	1953	-940.2	-2308.5	0.02	24.94	1
54.54	0	25.0	0.0	0.0	0.0	0.0	0.0	1	1953	-940.2	-2308.5	0.02	24.99	1
54.64	0	25.0	0.0	0.0	0.0	0.0	0.0	1	1953	-940.2	-2308.5	0.02	25.04	1
54.76	0	25.1	0.0	0.0	0.0	0.0	0.0	1	1953	-940.2	-2308.5	0.02	25.09	1
54.84	0	25.1	0.0	0.0	0.0	0.0	0.0	1	1953	-940.2	-2308.5	0.02	25.13	1
54.95	0	25.2	0.0	0.0	0.0	0.0	0.0	1	1953	-940.2	-2308.5	0.02	25.18	1
55.05	0	25.2	0.0	0.0	0.0	0.0	0.0	1	1953	-940.2	-2308.5	0.02	25.23	1
55.15	0	25.3	0.0	0.0	0.0	0.0	0.0	1	1953	-940.2	-2308.5	0.02	25.28	1
55.25	0	25.3	0.0	0.0	0.0	0.0	0.0	1	1953	-940.2	-2308.5	0.02	25.32	1
55.35	0	25.4	0.0	0.0	0.0	0.0	0.0	1	1953	-940.2	-2308.5	0.02	25.37	1
55.45	0	25.4	0.0	0.0	0.0	0.0	0.0	1	1953	-940.2	-2308.5	0.02	25.42	1
55.55	0	25.5	0.0	0.0	0.0	0.0	0.0	1	1953	-940.2	-2308.5	0.02	25.46	1
55.65	0	25.5	0.0	0.0	0.0	0.0	0.0	1	1953	-940.2	-2308.5	0.02	25.51	1
55.76	0	25.6	0.0	0.0	0.0	0.0	0.0	1	1953	-940.2	-2308.5	0.02	25.57	1
55.84	0	25.6	0.0	0.0	0.0	0.0	0.0	1	1953	-940.2	-2308.5	0.02	25.6	1
55.94	0	25.6	0.0	0.0	0.0	0.0	0.0	1	1953	-940.2	-2308.5	0.02	25.65	1
56.04	0	25.7	0.0	0.0	0.0	0.0	0.0	1	1953	-940.2	-2308.5	0.02	25.7	1
56.14	0	25.7	0.0	0.0	0.0	0.0	0.0	1	1953	-940.2	-2308.5	0.02	25.74	1
56.24	0	25.8	0.0	0.0	0.0	0.0	0.0	1	1953	-940.2	-2308.5	0.02	25.79	1
56.34	0	25.8	0.0	0.0	0.0	0.0	0.0	1	1953	-940.2	-2308.5	0.02	25.84	1
56.44	0	25.9	0.0	0.0	0.0	0.0	0.0	1	1953	-940.2	-2308.5	0.02	25.88	1
56.54	0	25.9	0.0	0.0	0.0	0.0	0.0	1	1953	-940.2	-2308.5	0.02	25.93	1
56.68	0	26.0	0.0	0.0	0.0	0.0	0.0	1	1953	-940.2	-2308.5	0.02	25.99	1
56.74	0	26.0	0.0	0.0	0.0	0.0	0.0	1	1953	-940.2	-2308.5	0.02	26.03	1
56.84	0	26.1	0.0	0.0	0.0	0.0	0.0	1	1953	-940.2	-2308.5	0.02	26.07	1
56.94	0	26.1	0.0	0.0	0.0	0.0	0.0	1	1953	-940.2	-2308.5	0.02	26.12	1
57.04	0	26.2	0.0	0.0	0.0	0.0	0.0	1	1953	-940.2	-2308.5	0.02	26.17	1
57.14	0	26.2	0.0	0.0	0.0	0.0	0.0	1	1953	-940.2	-2308.5	0.02	26.21	1
57.24	0	26.3	0.0	0.0	0.0	0.0	0.0	1	1953	-940.2	-2308.5	0.02	26.26	1
57.34	0	26.3	0.0	0.0	0.0	0.0	0.0	1	1953	-940.2	-2308.5	0.02	26.31	1
57.44	0	26.4	0.0	0.0	0.0	0.0	0.0	1	1953	-940.2	-2308.5	0.02	26.35	1
57.54	0	26.4	0.0	0.0	0.0	0.0	0.0	1	1953	-940.2	-2308.5	0.02	26.4	1
57.66	0	26.5	0.0	0.0	0.0	0.0	0.0	1	1953	-940.2	-2308.5	0.02	26.46	1
57.75	0	26.5	0.0	0.0	0.0	0.0	0.0	1	1953	-940.2	-2308.5	0.02	26.5	1
57.85	0	26.5	0.0	0.0	0.0	0.0	0.0	1	1953	-940.2	-2308.5	0.02	26.55	1
57.95	0	26.6	0.0	0.0	0.0	0.0	0.0	1	1953	-940.2	-2308.5	0.02	26.59	1
58.05	0	26.6	0.0	0.0	0.0	0.0	0.0	1	1953	-940.2	-2308.5	0.02	26.64	1
58.15	0	26.7	0.0	0.0	0.0	0.0	0.0	1	1953	-940.2	-2308.5	0.02	26.69	1
58.25	0	26.7	0.0	0.0	0.0	0.0	0.0	1	1953	-940.2	-2308.5	0.02	26.73	1
58.35	0	26.8	0.0	0.0	0.0	0.0	0.0	1	1953	-940.2	-2308.5	0.02	26.78	1
58.45	0	26.8	0.0	0.0	0.0	0.0	0.0	1	1953	-940.2	-2308.5	0.02	26.83	1
58.55	0	26.9	0.0	0.0	0.0	0.0	0.0	1	1953	-940.2	-2308.5	0.02	26.88	1
58.65	0	26.9	0.0	0.0	0.0	0.0	0.0	1	1953	-940.2	-2308.5	0.02	26.93	1
58.75	0	27.0	0.0	0.0	0.0	0.0	0.0	1	1953	-940.2	-2308.5	0.02	26.97	1
58.85	0	27.0	0.0	0.0	0.0	0.0	0.0	1	1953	-940.2	-2308.5	0.02	27.02	1
58.95	0	27.1	0.0	0.0	0.0	0.0	0.0	1	1953	-940.2	-2308.5	0.02	27.07	1
59.05	0	27.1	0.0	0.0	0.0	0.0	0.0	1	1953	-940.2	-2308.5	0.02	27.12	1
59.15	0	27.2	0.0	0.0	0.0	0.0	0.0	1	1953	-940.2	-2308.5	0.02	27.16	1
59.25	0	27.2	0.0	0.0	0.0	0.0	0.0	1	1953	-940.2	-2308.5	0.02	27.21	1
59.35	0	27.3	0.0	0.0	0.0	0.0	0.0	1	1953	-940.2	-2308.5	0.02	27.26	1
59.45	0	27.3	0.0	0.0	0.0	0.0	0.0	1	1953	-940.2	-2308.5	0.02	27.3	1
59.57	0	27.4	0.0	0.0	0.0	0.0	0.0	1	1953	-940.2	-2308.5	0.02	27.36	1
59.66	0	27.4	0.0	0.0	0.0	0.0	0.0	1	1953	-940.2	-2308.5	0.02	27.4	1
59.76	0	27.4	0.0	0.0	0.0	0.0	0.0	1	1953	-940.2	-2308.5	0.02	27.45	1
59.86	0	27.5	0.0	0.0	0.0	0.0	0.0	1	1953	-940.2	-2308.5	0.02	27.5	1
59.96	0	27.5	0.0	0.0	0.0	0.0	0.0	1	1953	-940.2	-2308.5	0.02	27.54	1
60.06	0	27.6	0.0	0.0	0.0	0.0	0.0	1	1953	-940.2	-2308.5	0.02	27.59	1
60.16	0	27.6	0.0	0.0	0.0	0.0	0.0	1	1953	-940.2	-2308.5	0.03	27.64	1
60.26	0	27.7	0.0	0.0	0.0	0.0	0.0	1	1953	-940.2	-2308.5	0.03	27.69	1
60.36	0	27.7	0.0	0.0	0.0	0.0	0.0	1	1953	-940.2	-2308.5	0.03	27.73	1
60.46	0	27.8	0.0	0.0	0.0	0.0	0.0	1	1953	-940.2	-2308.5	0.03	27.78	1
60.57	0	27.8	0.0	0.0	0.0	0.0	0.0	1	1953	-940.2	-2308.5	0.03	27.83	1
60.67	0	27.9	0.0	0.0	0.0	0.0	0.0	1	1953	-940.2	-2308.5	0.03	27.88	1
60.77	0	27.9	0.0	0.0	0.0	0.0	0.0	1	1953	-940.2	-2308.5	0.03	27.93	1
60.87	0	28.0	0.0	0.0	0.0	0.0	0.0	1	1953	-940.2	-2308.5	0.03	27.97	1
60.97	0	28.0	0.0	0.0	0.0	0.0	0.0	1	1953	-940.2	-2308.5	0.03	28.02	1
61.08	0	28.1	0.0	0.0	0.0	0.0	0.0	1	1953	-940.2	-2308.5	0.03	28.07	1
61.18	0	28.1	0.0	0.0	0.0	0.0	0.0	1	1953	-940.2	-2308.5	0.03	28.12	1
61.28	0	28.2	0.0	0.0	0.0	0.0	0.0	1	1953	-940.2	-2308.5	0.03	28.17	1
61.38	0	28.2	0.0	0.0	0.0	0.0	0.0	1	1953	-940.2	-2308.5	0.03	28.22	1
61.5	0	28.3	0.0	0.0	0.0	0.0	0.0	1	1953	-940.2	-2308.5	0.03	28.27	1
61.58	0	28.3	0.0	0.0	0.0	0.0	0.0	1	1953	-940.2	-2308.5	0.03	28.31	1
61.7	0	28.4	0.0	0.0	0.0	0.0	0.0	1	1953	-940.2	-2308.5	0.03	28.37	1
61.8	0	28.4	0.0	0.0	0.0	0.0	0.0	1	1953	-940.2	-2308.5	0.03	28.41	1
61.9	0	28.5	0.0	0.0	0.0	0.0	0.0	1	1953	-940.2	-2308.5	0.03	28.46	1
62.0	0	28.5	0.0	0.0	0.0	0.0	0.0	1	1953	-940.2	-2308.5	0.03	28.51	1
62.1	0	28.6	0.0	0.0	0.0	0.0	0.0	1	1953	-940.2	-2308.5	0.03	28.56	1
62.2	0	28.6	0.0	0.0	0.0	0.0	0.0	1	1953	-940.2	-2308.5	0.03	28.6	1
62.3	0	28.7	0.0	0.0	0.0	0.0	0.0	1	1953	-940.2	-2308.5	0.03	28.65	1
62.4	0	28.7	0.0	0.0	0.0	0.0	0.0	1	1953	-940.2	-2308.5	0.03	28.7	1
62.51	0	28.7	0.0	0.0	0.0	0.0	0.0	1	1953	-940.2	-2308.5	0.03	28.75	1
62.61	0	28.8	0.0	0.0	0.0	0.0	0.0	1	1953	-940.2	-2308.5	0.03	28.8	1
62.71	0	28.8	0.0	0.0	0.0	0.0	0.0	1	1953	-940.2	-2308.5	0.03	28.84	1
62.81	0	28.9	0.0	0.0	0.0	0.0	0.0	1	1953	-940.2	-2308.5	0.03	28.89	1
62.91	0	28.9	0.0	0.0	0.0	0.0	0.0	1	1953	-940.2	-2308.5	0.03	28.94	1
63.01	0	29.0	0.0	0.0	0.0	0.0	0.0	1	1953	-940.2	-2308.5	0.03	28.98	1
63.11	0	29.0	0.0	0.0	0.0	0.0	0.0	1	1953	-940.2	-2308.5	0.03	29.03	1
63.21	0	29.1	0.0	0.0	0.0	0.0	0.0	1	1953	-940.2	-2308.5	0.03	29.08	1
63.31	0	29.1	0.0	0.0	0.0	0.0	0.0	1	1953	-940.2	-2308.5	0.03	29.13	1
63.43	0	29.2	0.0	0.0	0.0	0.0	0.0	1	1953	-940.2	-2308.5	0.03	29.19	1
63.52	0	29.2	0.0	0.0	0.0	0.0	0.0	1	1953	-940.2	-2308.5	0.03	29.23	1
63.62	0	29.3	0.0	0.0	0.0	0.0	0.0	1	1953	-940.2	-2308.5	0.03	29.27	1
63.72	0	29.3	0.0	0.0	0.0	0.0	0.0	1	1953	-940.2	-2308.5	0.03	29.32	1
63.82	0	29.4	0.0	0.0	0.0	0.0	0.0	1	1953	-940.2	-2308.5	0.03	29.37	1
63.92	0	29.4	0.0	0.0	0.0	0.0	0.0	1	1953	-940.2	-2308.5	0.03	29.42	1
64.02	0	29.5	0.0	0.0	0.0	0.0	0.0	1	1953	-940.2	-2308.5	0.03	29.46	1
64.12	0	29.5	0.0	0.0	0.0	0.0	0.0	1	1953	-940.2	-2308.5	0.03	29.51	1
64.22	0	29.6	0.0	0.0	0.0	0.0	0.0	1	1953	-940.2	-2308.5	0.03	29.56	1
64.32	0	29.6	0.0	0.0	0.0	0.0	0.0	1	1953	-940.2	-2308.5	0.03	29.61	1
64.43	0	29.7	0.0	0.0	0.0	0.0	0.0	1	1953	-940.2	-2308.5	0.03	29.66	1
64.53	0	29.7	0.0	0.0	0.0	0.0	0.0	1	1953	-940.2	-2308.5	0.03	29.71	1
64.63	0	29.8	0.0	0.0	0.0	0.0	0.0	1	1953	-940.2	-2308.5	0.03	29.75	1
64.73	0	29.8	0.0	0.0	0.0	0.0	0.0	1	1953	-940.2	-2308.5	0.03	29.8	1
64.83	0	29.8	0.0	0.0	0.0	0.0	0.0	1	1953	-940.2	-2308.5	0.03	29.85	1
64.93	0	29.9	0.0	0.0	0.0	0.0	0.0	1	1953	-940.1	-2308.5	0.03	29.9	1
65.03	0	29.9	0.0	0.0	0.0	0.0	0.0	1	1953	-940.1	-2308.5	0.03	29.94	1
65.13	0	30.0	0.0	0.0	0.0	0.0	0.0	1	1953	-940.1	-2308.5	0.03	29.99	1
65.23	0	30.0	0.0	0.0	0.0	0.0	0.0	1	1953	-940.1	-2308.5	0.03	30.04	1
65.36	0	30.1	0.0	0.0	0.0	0.0	0.0	1	1953	-940.1	-2308.5	0.03	30.1	1
65.44	0	30.1	0.0	0.0	0.0	0.0	0.0	1	1953	-940.1	-2308.5	0.03	30.14	1
65.54	0	30.2	0.0	0.0	0.0	0.0	0.0	1	1953	-940.1	-2308.5	0.03	30.19	1
65.64	0	30.2	0.0	0.0	0.0	0.0	0.0	1	1953	-940.1	-2308.5	0.03	30.23	1
65.74	0	30.3	0.0	0.0	0.0	0.0	0.0	1	1953	-940.1	-2308.5	0.03	30.28	1
65.84	0	30.3	0.0	0.0	0.0	0.0	0.0	1	1953	-940.1	-2308.5	0.03	30.33	1
65.94	0	30.4	0.0	0.0	0.0	0.0	0.0	1	1953	-940.1	-2308.5	0.03	30.38	1
66.04	0	30.4	0.0	0.0	0.0	0.0	0.0	1	1953	-940.1	-2308.5	0.03	30.42	1
66.14	0	30.5	0.0	0.0	0.0	0.0	0.0	1	1953	-940.1	-2308.5	0.03	30.47	1
66.24	0	30.5	0.0	0.0	0.0	0.0	0.0	1	1953	-940.1	-2308.5	0.03	30.52	1
66.35	0	30.6	0.0	0.0	0.0	0.0	0.0	1	1953	-940.1	-2308.5	0.03	30.57	1
66.45	0	30.6	0.0	0.0	0.0	0.0	0.0	1	1953	-940.1	-2308.5	0.03	30.62	1
66.55	0	30.7	0.0	0.0	0.0	0.0	0.0	1	1953	-940.1	-2308.5	0.03	30.66	1
66.65	0	30.7	0.0	0.0	0.0	0.0	0.0	1	1953	-940.1	-2308.5	0.03	30.71	1
66.75	0	30.8	0.0	0.0	0.0	0.0	0.0	1	1953	-940.1	-2308.5	0.03	30.76	1
66.85	0	30.8	0.0	0.0	0.0	0.0	0.0	1	1953	-940.1	-2308.5	0.03	30.81	1
66.95	0	30.9	0.0	0.0	0.0	0.0	0.0	1	1953	-940.1	-2308.5	0.03	30.86	1
67.05	0	30.9	0.0	0.0	0.0	0.0	0.0	1	1953	-940.1	-2308.5	0.03	30.9	1
67.15	0	31.0	0.0	0.0	0.0	0.0	0.0	1	1953	-940.1	-2308.5	0.03	30.95	1
67.28	0	31.0	0.0	0.0	0.0	0.0	0.0	1	1953	-940.1	-2308.5	0.03	31.01	1
67.36	0	31.0	0.0	0.0	0.0	0.0	0.0	1	1953	-940.1	-2308.5	0.03	31.05	1
67.46	0	31.1	0.0	0.0	0.0	0.0	0.0	1	1953	-940.1	-2308.5	0.03	31.1	1
67.56	0	31.1	0.0	0.0	0.0	0.0	0.0	1	1953	-940.1	-2308.5	0.03	31.14	1
67.66	0	31.2	0.0	0.0	0.0	0.0	0.0	1	1953	-940.1	-2308.5	0.03	31.19	1
67.76	0	31.2	0.0	0.0	0.0	0.0	0.0	1	1953	-940.1	-2308.5	0.03	31.24	1
67.86	0	31.3	0.0	0.0	0.0	0.0	0.0	1	1953	-940.1	-2308.5	0.03	31.29	1
67.96	0	31.3	0.0	0.0	0.0	0.0	0.0	1	1953	-940.1	-2308.5	0.03	31.33	1
68.06	0	31.4	0.0	0.0	0.0	0.0	0.0	1	1953	-940.1	-2308.5	0.03	31.38	1
68.16	0	31.4	0.0	0.0	0.0	0.0	0.0	1	1953	-940.1	-2308.5	0.03	31.43	1
68.26	0	31.5	0.0	0.0	0.0	0.0	0.0	1	1953	-940.1	-2308.5	0.03	31.48	1
68.36	0	31.5	0.0	0.0	0.0	0.0	0.0	1	1953	-940.1	-2308.5	0.03	31.53	1
68.46	0	31.6	0.0	0.0	0.0	0.0	0.0	1	1953	-940.1	-2308.5	0.03	31.58	1
68.56	0	31.6	0.0	0.0	0.0	0.0	0.0	1	1953	-940.1	-2308.5	0.03	31.62	1
68.66	0	31.7	0.0	0.0	0.0	0.0	0.0	1	1953	-940.1	-2308.5	0.03	31.67	1
68.76	0	31.7	0.0	0.0	0.0	0.0	0.0	1	1953	-940.1	-2308.5	0.03	31.72	1
68.86	0	31.8	0.0	0.0	0.0	0.0	0.0	1	1953	-940.1	-2308.5	0.03	31.77	1
68.96	0	31.8	0.0	0.0	0.0	0.0	0.0	1	1953	-940.1	-2308.5	0.03	31.81	1
69.06	0	31.9	0.0	0.0	0.0	0.0	0.0	1	1953	-940.1	-2308.5	0.03	31.86	1
69.2	0	31.9	0.0	0.0	0.0	0.0	0.0	1	1953	-940.1	-2308.5	0.03	31.92	1
69.28	0	32.0	0.0	0.0	0.0	0.0	0.0	1	1953	-940.1	-2308.5	0.03	31.96	1
69.38	0	32.0	0.0	0.0	0.0	0.0	0.0	1	1953	-940.1	-2308.5	0.03	32.01	1
69.48	0	32.1	0.0	0.0	0.0	0.0	0.0	1	1953	-940.1	-2308.5	0.03	32.06	1
69.58	0	32.1	0.0	0.0	0.0	0.0	0.0	1	1953	-940.1	-2308.5	0.03	32.11	1
69.68	0	32.2	0.0	0.0	0.0	0.0	0.0	1	1953	-940.1	-2308.5	0.03	32.15	1
69.78	0	32.2	0.0	0.0	0.0	0.0	0.0	1	1953	-940.1	-2308.5	0.03	32.2	1
69.88	0	32.2	0.0	0.0	0.0	0.0	0.0	1	1953	-940.1	-2308.5	0.03	32.25	1
69.98	0	32.3	0.0	0.0	0.0	0.0	0.0	1	1953	-940.1	-2308.5	0.03	32.3	1
70.08	0	32.3	0.0	0.0	0.0	0.0	0.0	1	1953	-940.1	-2308.5	0.03	32.34	1
70.2	0	32.4	0.0	0.0	0.0	0.0	0.0	1	1953	-940.1	-2308.5	0.03	32.4	1
70.3	0	32.4	0.0	0.0	0.0	0.0	0.0	1	1953	-940.1	-2308.5	0.03	32.45	1
70.4	0	32.5	0.0	0.0	0.0	0.0	0.0	1	1953	-940.1	-2308.5	0.03	32.5	1
70.5	0	32.5	0.0	0.0	0.0	0.0	0.0	1	1953	-940.1	-2308.5	0.03	32.54	1
70.6	0	32.6	0.0	0.0	0.0	0.0	0.0	1	1953	-940.1	-2308.5	0.03	32.59	1
70.7	0	32.6	0.0	0.0	0.0	0.0	0.0	1	1953	-940.1	-2308.5	0.03	32.64	1
70.8	0	32.7	0.0	0.0	0.0	0.0	0.0	1	1953	-940.1	-2308.5	0.03	32.69	1
70.9	0	32.7	0.0	0.0	0.0	0.0	0.0	1	1953	-940.1	-2308.5	0.03	32.73	1
71.0	0	32.8	0.0	0.0	0.0	0.0	0.0	1	1953	-940.1	-2308.5	0.03	32.78	1
71.15	0	32.9	0.0	0.0	0.0	0.0	0.0	1	1953	-940.1	-2308.5	0.03	32.86	1
71.21	0	32.9	0.0	0.0	0.0	0.0	0.0	1	1953	-940.1	-2308.5	0.03	32.89	1
71.3	0	32.9	0.0	0.0	0.0	0.0	0.0	1	1953	-940.1	-2308.5	0.03	32.93	1
71.4	0	33.0	0.0	0.0	0.0	0.0	0.0	1	1953	-940.1	-2308.5	0.03	32.98	1
71.5	0	33.0	0.0	0.0	0.0	0.0	0.0	1	1953	-940.1	-2308.5	0.03	33.02	1
71.6	0	33.1	0.0	0.0	0.0	0.0	0.0	1	1953	-940.1	-2308.5	0.03	33.07	1
71.7	0	33.1	0.0	0.0	0.0	0.0	0.0	1	1953	-940.1	-2308.5	0.03	33.12	1
71.8	0	33.2	0.0	0.0	0.0	0.0	0.0	1	1953	-940.1	-2308.5	0.03	33.17	1
71.9	0	33.2	0.0	0.0	0.0	0.0	0.0	1	1953	-940.1	-2308.5	0.03	33.21	1
72.0	0	33.3	0.0	0.0	0.0	0.0	0.0	1	1953	-940.1	-2308.5	0.03	33.26	1
72.11	0	33.3	0.0	0.0	0.0	0.0	0.0	1	1953	-940.1	-2308.5	0.03	33.32	1
72.2	0	33.4	0.0	0.0	0.0	0.0	0.0	1	1953	-940.1	-2308.5	0.03	33.36	1
72.3	0	33.4	0.0	0.0	0.0	0.0	0.0	1	1953	-940.1	-2308.5	0.03	33.41	1
72.4	0	33.5	0.0	0.0	0.0	0.0	0.0	1	1953	-940.1	-2308.5	0.03	33.45	1
72.5	0	33.5	0.0	0.0	0.0	0.0	0.0	1	1953	-940.1	-2308.5	0.03	33.5	1
72.6	0	33.6	0.0	0.0	0.0	0.0	0.0	1	1953	-940.1	-2308.5	0.03	33.55	1
72.7	0	33.6	0.0	0.0	0.0	0.0	0.0	1	1953	-940.1	-2308.5	0.03	33.6	1
72.8	0	33.6	0.0	0.0	0.0	0.0	0.0	1	1953	-940.1	-2308.5	0.03	33.65	1
72.9	0	33.7	0.0	0.0	0.0	0.0	0.0	1	1953	-940.1	-2308.5	0.03	33.69	1
73.04	0	33.8	0.0	0.0	0.0	0.0	0.0	1	1953	-940.1	-2308.5	0.03	33.76	1
73.11	0	33.8	0.0	0.0	0.0	0.0	0.0	1	1953	-940.1	-2308.5	0.03	33.79	1
73.21	0	33.8	0.0	0.0	0.0	0.0	0.0	1	1953	-940.1	-2308.5	0.03	33.84	1
73.31	0	33.9	0.0	0.0	0.0	0.0	0.0	1	1953	-940.1	-2308.5	0.03	33.89	1
73.41	0	33.9	0.0	0.0	0.0	0.0	0.0	1	1953	-940.1	-2308.5	0.03	33.94	1
73.51	0	34.0	0.0	0.0	0.0	0.0	0.0	1	1953	-940.1	-2308.5	0.03	33.98	1
73.61	0	34.0	0.0	0.0	0.0	0.0	0.0	1	1953	-940.1	-2308.5	0.03	34.03	1
73.71	0	34.1	0.0	0.0	0.0	0.0	0.0	1	1953	-940.1	-2308.5	0.03	34.08	1
73.81	0	34.1	0.0	0.0	0.0	0.0	0.0	1	1953	-940.1	-2308.5	0.03	34.13	1
73.91	0	34.2	0.0	0.0	0.0	0.0	0.0	1	1953	-940.1	-2308.5	0.03	34.18	1
74.03	0	34.2	0.0	0.0	0.0	0.0	0.0	1	1953	-940.1	-2308.5	0.03	34.23	1
74.12	0	34.3	0.0	0.0	0.0	0.0	0.0	1	1953	-940.1	-2308.5	0.03	34.28	1
74.22	0	34.3	0.0	0.0	0.0	0.0	0.0	1	1953	-940.1	-2308.5	0.03	34.32	1
74.32	0	34.4	0.0	0.0	0.0	0.0	0.0	1	1953	-940.1	-2308.5	0.03	34.37	1
74.42	0	34.4	0.0	0.0	0.0	0.0	0.0	1	1953	-940.1	-2308.5	0.03	34.42	1
74.52	0	34.5	0.0	0.0	0.0	0.0	0.0	1	1953	-940.1	-2308.5	0.03	34.47	1
74.62	0	34.5	0.0	0.0	0.0	0.0	0.0	1	1953	-940.1	-2308.5	0.03	34.52	1
74.72	0	34.6	0.0	0.0	0.0	0.0	0.0	1	1953	-940.1	-2308.5	0.03	34.56	1
74.82	0	34.6	0.0	0.0	0.0	0.0	0.0	1	1953	-940.1	-2308.5	0.03	34.61	1
74.96	0	34.7	0.0	0.0	0.0	0.0	0.0	1	1953	-940.1	-2308.5	0.03	34.67	1
75.03	0	34.7	0.0	0.0	0.0	0.0	0.0	1	1953	-940.1	-2308.5	0.03	34.71	1
75.13	0	34.8	0.0	0.0	0.0	0.0	0.0	1	1953	-940.1	-2308.5	0.03	34.76	1
75.23	0	34.8	0.0	0.0	0.0	0.0	0.0	1	1953	-940.1	-2308.5	0.03	34.81	1
75.33	0	34.9	0.0	0.0	0.0	0.0	0.0	1	1953	-940.1	-2308.5	0.03	34.86	1
75.43	0	34.9	0.0	0.0	0.0	0.0	0.0	1	1953	-940.1	-2308.5	0.03	34.9	1
75.53	0	35.0	0.0	0.0	0.0	0.0	0.0	1	1953	-940.1	-2308.5	0.03	34.95	1
75.63	0	35.0	0.0	0.0	0.0	0.0	0.0	1	1953	-940.1	-2308.5	0.03	35.0	1
75.73	0	35.0	0.0	0.0	0.0	0.0	0.0	1	1953	-940.1	-2308.5	0.03	35.05	1
75.83	0	35.1	0.0	0.0	0.0	0.0	0.0	1	1953	-940.1	-2308.5	0.03	35.1	1
75.96	0	35.2	0.0	0.0	0.0	0.0	0.0	1	1953	-940.1	-2308.5	0.03	35.15	1
76.04	0	35.2	0.0	0.0	0.0	0.0	0.0	1	1953	-940.1	-2308.5	0.03	35.19	1
76.14	0	35.2	0.0	0.0	0.0	0.0	0.0	1	1953	-940.1	-2308.5	0.03	35.24	1
76.24	0	35.3	0.0	0.0	0.0	0.0	0.0	1	1953	-940.1	-2308.5	0.03	35.29	1
76.34	0	35.3	0.0	0.0	0.0	0.0	0.0	1	1953	-940.1	-2308.5	0.03	35.34	1
76.44	0	35.4	0.0	0.0	0.0	0.0	0.0	1	1953	-940.1	-2308.5	0.03	35.38	1
76.54	0	35.4	0.0	0.0	0.0	0.0	0.0	1	1953	-940.1	-2308.5	0.03	35.43	1
76.64	0	35.5	0.0	0.0	0.0	0.0	0.0	1	1953	-940.1	-2308.5	0.03	35.48	1
76.74	0	35.5	0.0	0.0	0.0	0.0	0.0	1	1953	-940.1	-2308.5	0.03	35.53	1
76.84	0	35.6	0.0	0.0	0.0	0.0	0.0	1	1953	-940.1	-2308.5	0.03	35.58	1
76.94	0	35.6	0.0	0.0	0.0	0.0	0.0	1	1953	-940.1	-2308.5	0.03	35.63	1
77.04	0	35.7	0.0	0.0	0.0	0.0	0.0	1	1953	-940.1	-2308.5	0.03	35.67	1
77.14	0	35.7	0.0	0.0	0.0	0.0	0.0	1	1953	-940.1	-2308.5	0.03	35.72	1
77.24	0	35.8	0.0	0.0	0.0	0.0	0.0	1	1953	-940.1	-2308.5	0.03	35.77	1
77.34	0	35.8	0.0	0.0	0.0	0.0	0.0	1	1953	-940.1	-2308.5	0.03	35.82	1
77.44	0	35.9	0.0	0.0	0.0	0.0	0.0	1	1953	-940.1	-2308.5	0.03	35.87	1
77.54	0	35.9	0.0	0.0	0.0	0.0	0.0	1	1953	-940.1	-2308.5	0.03	35.91	1
77.64	0	36.0	0.0	0.0	0.0	0.0	0.0	1	1953	-940.1	-2308.5	0.03	35.96	1
77.74	0	36.0	0.0	0.0	0.0	0.0	0.0	1	1953	-940.1	-2308.5	0.03	36.01	1
77.85	0	36.1	0.0	0.0	0.0	0.0	0.0	1	1953	-940.1	-2308.5	0.03	36.06	1
77.94	0	36.1	0.0	0.0	0.0	0.0	0.0	1	1953	-940.1	-2308.5	0.03	36.11	1
78.04	0	36.2	0.0	0.0	0.0	0.0	0.0	1	1953	-940.1	-2308.5	0.03	36.15	1
78.14	0	36.2	0.0	0.0	0.0	0.0	0.0	1	1953	-940.1	-2308.5	0.03	36.2	1
78.24	0	36.2	0.0	0.0	0.0	0.0	0.0	1	1953	-940.1	-2308.5	0.03	36.25	1
78.34	0	36.3	0.0	0.0	0.0	0.0	0.0	1	1953	-940.1	-2308.5	0.03	36.3	1
78.44	0	36.3	0.0	0.0	0.0	0.0	0.0	1	1953	-940.1	-2308.5	0.03	36.35	1
78.54	0	36.4	0.0	0.0	0.0	0.0	0.0	1	1953	-940.1	-2308.5	0.03	36.39	1
78.64	0	36.4	0.0	0.0	0.0	0.0	0.0	1	1953	-940.1	-2308.5	0.03	36.44	1
78.74	0	36.5	0.0	0.0	0.0	0.0	0.0	1	1953	-940.1	-2308.5	0.03	36.49	1
78.85	0	36.5	0.0	0.0	0.0	0.0	0.0	1	1953	-940.1	-2308.5	0.03	36.54	1
78.95	0	36.6	0.0	0.0	0.0	0.0	0.0	1	1953	-940.1	-2308.5	0.03	36.59	1
79.05	0	36.6	0.0	0.0	0.0	0.0	0.0	1	1953	-940.1	-2308.5	0.03	36.64	1
79.15	0	36.7	0.0	0.0	0.0	0.0	0.0	1	1953	-940.1	-2308.5	0.03	36.69	1
79.25	0	36.7	0.0	0.0	0.0	0.0	0.0	1	1953	-940.1	-2308.5	0.03	36.74	1
79.35	0	36.8	0.0	0.0	0.0	0.0	0.0	1	1953	-940.1	-2308.5	0.03	36.78	1
79.45	0	36.8	0.0	0.0	0.0	0.0	0.0	1	1953	-940.1	-2308.5	0.03	36.83	1
79.55	0	36.9	0.0	0.0	0.0	0.0	0.0	1	1953	-940.1	-2308.5	0.03	36.88	1
79.65	0	36.9	0.0	0.0	0.0	0.0	0.0	1	1953	-940.1	-2308.5	0.03	36.93	1
79.78	0	37.0	0.0	0.0	0.0	0.0	0.0	1	1953	-940.1	-2308.5	0.03	36.99	1
79.86	0	37.0	0.0	0.0	0.0	0.0	0.0	1	1953	-940.1	-2308.5	0.03	37.03	1
79.96	0	37.1	0.0	0.0	0.0	0.0	0.0	1	1953	-940.1	-2308.5	0.03	37.07	1
80.06	0	37.1	0.0	0.0	0.0	0.0	0.0	1	1953	-940.1	-2308.5	0.03	37.12	1
80.16	0	37.2	0.0	0.0	0.0	0.0	0.0	1	1953	-940.1	-2308.5	0.03	37.17	1
80.26	0	37.2	0.0	0.0	0.0	0.0	0.0	1	1953	-940.1	-2308.5	0.03	37.22	1
80.36	0	37.3	0.0	0.0	0.0	0.0	0.0	1	1953	-940.1	-2308.5	0.03	37.27	1
80.46	0	37.3	0.0	0.0	0.0	0.0	0.0	1	1953	-940.1	-2308.5	0.03	37.31	1
80.57	0	37.4	0.0	0.0	0.0	0.0	0.0	1	1953	-940.1	-2308.5	0.03	37.37	1
80.67	0	37.4	0.0	0.0	0.0	0.0	0.0	1	1953	-940.1	-2308.5	0.03	37.42	1
80.77	0	37.5	0.0	0.0	0.0	0.0	0.0	1	1953	-940.1	-2308.5	0.03	37.46	1
80.86	0	37.5	0.0	0.0	0.0	0.0	0.0	1	1953	-940.1	-2308.5	0.03	37.51	1
80.96	0	37.6	0.0	0.0	0.0	0.0	0.0	1	1953	-940.1	-2308.5	0.03	37.56	1
81.06	0	37.6	0.0	0.0	0.0	0.0	0.0	1	1953	-940.1	-2308.5	0.03	37.6	1
81.16	0	37.7	0.0	0.0	0.0	0.0	0.0	1	1953	-940.1	-2308.5	0.03	37.65	1
81.26	0	37.7	0.0	0.0	0.0	0.0	0.0	1	1953	-940.1	-2308.5	0.03	37.7	1
81.36	0	37.7	0.0	0.0	0.0	0.0	0.0	1	1953	-940.1	-2308.5	0.03	37.75	1
81.46	0	37.8	0.0	0.0	0.0	0.0	0.0	1	1953	-940.1	-2308.5	0.03	37.8	1
81.56	0	37.8	0.0	0.0	0.0	0.0	0.0	1	1953	-940.1	-2308.5	0.03	37.84	1
81.68	0	37.9	0.0	0.0	0.0	0.0	0.0	1	1953	-940.1	-2308.5	0.03	37.9	1
81.76	0	37.9	0.0	0.0	0.0	0.0	0.0	1	1953	-940.1	-2308.5	0.03	37.94	1
81.86	0	38.0	0.0	0.0	0.0	0.0	0.0	1	1953	-940.1	-2308.5	0.03	37.99	1
81.96	0	38.0	0.0	0.0	0.0	0.0	0.0	1	1953	-940.1	-2308.5	0.03	38.04	1
82.06	0	38.1	0.0	0.0	0.0	0.0	0.0	1	1953	-940.1	-2308.5	0.03	38.09	1
82.16	0	38.1	0.0	0.0	0.0	0.0	0.0	1	1953	-940.1	-2308.5	0.03	38.13	1
82.26	0	38.2	0.0	0.0	0.0	0.0	0.0	1	1953	-940.1	-2308.5	0.03	38.18	1
82.36	0	38.2	0.0	0.0	0.0	0.0	0.0	1	1953	-940.1	-2308.5	0.03	38.23	1
82.46	0	38.3	0.0	0.0	0.0	0.0	0.0	1	1953	-940.1	-2308.5	0.03	38.28	1
82.56	0	38.3	0.0	0.0	0.0	0.0	0.0	1	1953	-940.1	-2308.5	0.03	38.33	1
82.67	0	38.4	0.0	0.0	0.0	0.0	0.0	1	1953	-940.1	-2308.5	0.03	38.38	1
82.75	0	38.4	0.0	0.0	0.0	0.0	0.0	1	1953	-940.1	-2308.5	0.03	38.42	1
82.85	0	38.5	0.0	0.0	0.0	0.0	0.0	1	1953	-940.1	-2308.5	0.03	38.47	1
82.95	0	38.5	0.0	0.0	0.0	0.0	0.0	1	1953	-940.1	-2308.5	0.03	38.51	1
83.05	0	38.6	0.0	0.0	0.0	0.0	0.0	1	1953	-940.1	-2308.5	0.03	38.56	1
83.15	0	38.6	0.0	0.0	0.0	0.0	0.0	1	1953	-940.1	-2308.5	0.03	38.61	1
83.25	0	38.7	0.0	0.0	0.0	0.0	0.0	1	1953	-940.1	-2308.5	0.03	38.66	1
83.35	0	38.7	0.0	0.0	0.0	0.0	0.0	1	1953	-940.1	-2308.5	0.03	38.71	1
83.45	0	38.8	0.0	0.0	0.0	0.0	0.0	1	1953	-940.1	-2308.5	0.03	38.76	1
83.58	0	38.8	0.0	0.0	0.0	0.0	0.0	1	1953	-940.1	-2308.5	0.03	38.82	1
83.65	0	38.9	0.0	0.0	0.0	0.0	0.0	1	1953	-940.1	-2308.5	0.03	38.85	1
83.75	0	38.9	0.0	0.0	0.0	0.0	0.0	1	1953	-940.1	-2308.5	0.03	38.9	1
83.85	0	38.9	0.0	0.0	0.0	0.0	0.0	1	1953	-940.1	-2308.5	0.03	38.95	1
83.95	0	39.0	0.0	0.0	0.0	0.0	0.0	1	1953	-940.1	-2308.5	0.03	39.0	1
84.05	0	39.0	0.0	0.0	0.0	0.0	0.0	1	1953	-940.1	-2308.5	0.03	39.05	1
84.15	0	39.1	0.0	0.0	0.0	0.0	0.0	1	1953	-940.1	-2308.5	0.03	39.09	1
84.25	0	39.1	0.0	0.0	0.0	0.0	0.0	1	1953	-940.1	-2308.5	0.03	39.14	1
84.35	0	39.2	0.0	0.0	0.0	0.0	0.0	1	1953	-940.1	-2308.5	0.04	39.19	1
84.45	0	39.2	0.0	0.0	0.0	0.0	0.0	1	1953	-940.1	-2308.5	0.04	39.24	1
84.55	0	39.3	0.0	0.0	0.0	0.0	0.0	1	1953	-940.1	-2308.5	0.04	39.29	1
84.65	0	39.3	0.0	0.0	0.0	0.0	0.0	1	1953	-940.1	-2308.5	0.04	39.33	1
84.75	0	39.4	0.0	0.0	0.0	0.0	0.0	1	1953	-940.1	-2308.5	0.04	39.38	1
84.85	0	39.4	0.0	0.0	0.0	0.0	0.0	1	1953	-940.1	-2308.5	0.04	39.43	1
84.95	0	39.5	0.0	0.0	0.0	0.0	0.0	1	1953	-940.1	-2308.5	0.04	39.48	1
85.05	0	39.5	0.0	0.0	0.0	0.0	0.0	1	1953	-940.1	-2308.5	0.04	39.53	1
85.15	0	39.6	0.0	0.0	0.0	0.0	0.0	1	1953	-940.1	-2308.5	0.04	39.58	1
85.25	0	39.6	0.0	0.0	0.0	0.0	0.0	1	1953	-940.1	-2308.5	0.04	39.62	1
85.35	0	39.7	0.0	0.0	0.0	0.0	0.0	1	1953	-940.1	-2308.5	0.04	39.67	1
85.48	0	39.7	0.0	0.0	0.0	0.0	0.0	1	1953	-940.1	-2308.5	0.04	39.73	1
85.54	0	39.8	0.0	0.0	0.0	0.0	0.0	1	1953	-940.1	-2308.5	0.04	39.77	1
85.64	0	39.8	0.0	0.0	0.0	0.0	0.0	1	1953	-940.1	-2308.5	0.04	39.81	1
85.74	0	39.9	0.0	0.0	0.0	0.0	0.0	1	1953	-940.1	-2308.5	0.04	39.86	1
85.85	0	39.9	0.0	0.0	0.0	0.0	0.0	1	1953	-940.1	-2308.5	0.04	39.91	1
85.94	0	40.0	0.0	0.0	0.0	0.0	0.0	1	1953	-940.1	-2308.5	0.04	39.96	1
86.04	0	40.0	0.0	0.0	0.0	0.0	0.0	1	1953	-940.1	-2308.5	0.04	40.01	1
86.15	0	40.1	0.0	0.0	0.0	0.0	0.0	1	1953	-940.1	-2308.5	0.04	40.06	1
86.24	0	40.1	0.0	0.0	0.0	0.0	0.0	1	1953	-940.1	-2308.5	0.04	40.1	1
86.34	0	40.2	0.0	0.0	0.0	0.0	0.0	1	1953	-940.1	-2308.5	0.04	40.15	1
86.44	0	40.2	0.0	0.0	0.0	0.0	0.0	1	1953	-940.1	-2308.5	0.04	40.2	1
86.54	0	40.2	0.0	0.0	0.0	0.0	0.0	1	1953	-940.1	-2308.5	0.04	40.25	1
86.64	0	40.3	0.0	0.0	0.0	0.0	0.0	1	1953	-940.1	-2308.5	0.04	40.3	1
86.75	0	40.3	0.0	0.0	0.0	0.0	0.0	1	1953	-940.1	-2308.5	0.04	40.35	1
86.85	0	40.4	0.0	0.0	0.0	0.0	0.0	1	1953	-940.1	-2308.5	0.04	40.4	1
86.95	0	40.4	0.0	0.0	0.0	0.0	0.0	1	1953	-940.1	-2308.5	0.04	40.45	1
87.05	0	40.5	0.0	0.0	0.0	0.0	0.0	1	1953	-940.1	-2308.5	0.04	40.49	1
87.15	0	40.5	0.0	0.0	0.0	0.0	0.0	1	1953	-940.1	-2308.5	0.04	40.54	1
87.25	0	40.6	0.0	0.0	0.0	0.0	0.0	1	1953	-940.1	-2308.5	0.04	40.59	1
87.38	0	40.7	0.0	0.0	0.0	0.0	0.0	1	1953	-940.1	-2308.5	0.04	40.65	1
87.46	0	40.7	0.0	0.0	0.0	0.0	0.0	1	1953	-940.1	-2308.5	0.04	40.69	1
87.56	0	40.7	0.0	0.0	0.0	0.0	0.0	1	1953	-940.1	-2308.5	0.04	40.74	1
87.67	0	40.8	0.0	0.0	0.0	0.0	0.0	1	1953	-940.1	-2308.5	0.04	40.79	1
87.77	0	40.8	0.0	0.0	0.0	0.0	0.0	1	1953	-940.1	-2308.5	0.04	40.84	1
87.87	0	40.9	0.0	0.0	0.0	0.0	0.0	1	1953	-940.1	-2308.5	0.04	40.89	1
87.97	0	40.9	0.0	0.0	0.0	0.0	0.0	1	1953	-940.1	-2308.5	0.04	40.94	1
88.07	0	41.0	0.0	0.0	0.0	0.0	0.0	1	1953	-940.1	-2308.5	0.04	40.99	1
88.17	0	41.0	0.0	0.0	0.0	0.0	0.0	1	1953	-940.1	-2308.5	0.04	41.03	1
88.27	0	41.1	0.0	0.0	0.0	0.0	0.0	1	1953	-940.1	-2308.5	0.04	41.08	1
88.38	0	41.1	0.0	0.0	0.0	0.0	0.0	1	1953	-940.1	-2308.5	0.04	41.14	1
88.48	0	41.2	0.0	0.0	0.0	0.0	0.0	1	1953	-940.1	-2308.5	0.04	41.18	1
88.58	0	41.2	0.0	0.0	0.0	0.0	0.0	1	1953	-940.1	-2308.5	0.04	41.23	1
88.68	0	41.3	0.0	0.0	0.0	0.0	0.0	1	1953	-940.1	-2308.5	0.04	41.28	1
88.78	0	41.3	0.0	0.0	0.0	0.0	0.0	1	1953	-940.1	-2308.5	0.04	41.33	1
88.88	0	41.4	0.0	0.0	0.0	0.0	0.0	1	1953	-940.1	-2308.5	0.04	41.38	1
88.98	0	41.4	0.0	0.0	0.0	0.0	0.0	1	1953	-940.1	-2308.5	0.04	41.43	1
89.08	0	41.5	0.0	0.0	0.0	0.0	0.0	1	1953	-940.1	-2308.5	0.04	41.48	1
89.18	0	41.5	0.0	0.0	0.0	0.0	0.0	1	1953	-940.1	-2308.5	0.04	41.52	1
89.31	0	41.6	0.0	0.0	0.0	0.0	0.0	1	1953	-940.1	-2308.5	0.04	41.59	1
89.39	0	41.6	0.0	0.0	0.0	0.0	0.0	1	1953	-940.1	-2308.5	0.04	41.63	1
89.49	0	41.7	0.0	0.0	0.0	0.0	0.0	1	1953	-940.1	-2308.5	0.04	41.67	1
89.59	0	41.7	0.0	0.0	0.0	0.0	0.0	1	1953	-940.1	-2308.5	0.04	41.72	1
89.69	0	41.8	0.0	0.0	0.0	0.0	0.0	1	1953	-940.1	-2308.5	0.04	41.77	1
89.79	0	41.8	0.0	0.0	0.0	0.0	0.0	1	1953	-940.1	-2308.5	0.04	41.82	1
89.89	0	41.9	0.0	0.0	0.0	0.0	0.0	1	1953	-940.1	-2308.5	0.04	41.87	1
89.99	0	41.9	0.0	0.0	0.0	0.0	0.0	1	1953	-940.1	-2308.5	0.04	41.92	1
90.1	0	42.0	0.0	0.0	0.0	0.0	0.0	1	1953	-940.1	-2308.5	0.04	41.97	1
90.22	0	42.0	0.0	0.0	0.0	0.0	0.0	1	1953	-940.1	-2308.5	0.04	42.03	1
90.34	0	42.1	0.0	0.0	0.0	0.0	0.0	1	1953	-940.1	-2308.5	0.04	42.09	1
90.45	0	42.1	0.0	0.0	0.0	0.0	0.0	1	1953	-940.1	-2308.5	0.04	42.14	1
90.55	0	42.2	0.0	0.0	0.0	0.0	0.0	1	1953	-940.1	-2308.5	0.04	42.19	1
90.65	0	42.2	0.0	0.0	0.0	0.0	0.0	1	1953	-940.1	-2308.5	0.04	42.24	1
90.75	0	42.3	0.0	0.0	0.0	0.0	0.0	1	1953	-940.1	-2308.5	0.04	42.29	1
90.85	0	42.3	0.0	0.0	0.0	0.0	0.0	1	1953	-940.1	-2308.5	0.04	42.33	1
90.95	0	42.4	0.0	0.0	0.0	0.0	0.0	1	1953	-940.1	-2308.5	0.04	42.38	1
91.05	0	42.4	0.0	0.0	0.0	0.0	0.0	1	1953	-940.1	-2308.5	0.04	42.43	1
91.15	0	42.5	0.0	0.0	0.0	0.0	0.0	1	1953	-940.1	-2308.5	0.04	42.48	1
91.28	0	42.5	0.0	0.0	0.0	0.0	0.0	1	1953	-940.1	-2308.5	0.04	42.54	1
91.35	0	42.6	0.0	0.0	0.0	0.0	0.0	1	1953	-940.1	-2308.5	0.04	42.58	1
91.45	0	42.6	0.0	0.0	0.0	0.0	0.0	1	1953	-940.1	-2308.5	0.04	42.62	1
91.55	0	42.7	0.0	0.0	0.0	0.0	0.0	1	1953	-940.1	-2308.5	0.04	42.67	1
91.65	0	42.7	0.0	0.0	0.0	0.0	0.0	1	1953	-940.1	-2308.5	0.04	42.72	1
91.75	0	42.8	0.0	0.0	0.0	0.0	0.0	1	1953	-940.1	-2308.5	0.04	42.77	1
91.85	0	42.8	0.0	0.0	0.0	0.0	0.0	1	1953	-940.1	-2308.5	0.04	42.82	1
91.95	0	42.9	0.0	0.0	0.0	0.0	0.0	1	1953	-940.1	-2308.5	0.04	42.87	1
92.05	0	42.9	0.0	0.0	0.0	0.0	0.0	1	1953	-940.1	-2308.5	0.04	42.92	1
92.15	0	43.0	0.0	0.0	0.0	0.0	0.0	1	1953	-940.1	-2308.5	0.04	42.96	1
92.26	0	43.0	0.0	0.0	0.0	0.0	0.0	1	1953	-940.1	-2308.5	0.04	43.02	1
92.36	0	43.1	0.0	0.0	0.0	0.0	0.0	1	1953	-940.1	-2308.5	0.04	43.07	1
92.46	0	43.1	0.0	0.0	0.0	0.0	0.0	1	1953	-940.1	-2308.5	0.04	43.12	1
92.56	0	43.2	0.0	0.0	0.0	0.0	0.0	1	1953	-940.1	-2308.5	0.04	43.17	1
92.66	0	43.2	0.0	0.0	0.0	0.0	0.0	1	1953	-940.1	-2308.5	0.04	43.22	1
92.76	0	43.3	0.0	0.0	0.0	0.0	0.0	1	1953	-940.1	-2308.5	0.04	43.26	1
92.86	0	43.3	0.0	0.0	0.0	0.0	0.0	1	1953	-940.1	-2308.5	0.04	43.31	1
92.96	0	43.4	0.0	0.0	0.0	0.0	0.0	1	1953	-940.1	-2308.5	0.04	43.36	1
93.06	0	43.4	0.0	0.0	0.0	0.0	0.0	1	1953	-940.1	-2308.5	0.04	43.41	1
93.2	0	43.5	0.0	0.0	0.0	0.0	0.0	1	1953	-940.1	-2308.5	0.04	43.47	1
93.28	0	43.5	0.0	0.0	0.0	0.0	0.0	1	1953	-940.1	-2308.5	0.04	43.51	1
93.38	0	43.6	0.0	0.0	0.0	0.0	0.0	1	1953	-940.1	-2308.5	0.04	43.56	1
93.48	0	43.6	0.0	0.0	0.0	0.0	0.0	1	1953	-940.1	-2308.5	0.04	43.61	1
93.58	0	43.7	0.0	0.0	0.0	0.0	0.0	1	1953	-940.1	-2308.5	0.04	43.66	1
93.68	0	43.7	0.0	0.0	0.0	0.0	0.0	1	1953	-940.1	-2308.5	0.04	43.71	1
93.78	0	43.8	0.0	0.0	0.0	0.0	0.0	1	1953	-940.1	-2308.5	0.04	43.76	1
93.88	0	43.8	0.0	0.0	0.0	0.0	0.0	1	1953	-940.1	-2308.5	0.04	43.81	1
93.98	0	43.9	0.0	0.0	0.0	0.0	0.0	1	1953	-940.1	-2308.5	0.04	43.85	1
94.08	0	43.9	0.0	0.0	0.0	0.0	0.0	1	1953	-940.1	-2308.5	0.04	43.9	1
94.2	0	44.0	0.0	0.0	0.0	0.0	0.0	1	1953	-940.1	-2308.5	0.04	43.96	1
94.28	0	44.0	0.0	0.0	0.0	0.0	0.0	1	1953	-940.1	-2308.5	0.04	44.0	1
94.38	0	44.1	0.0	0.0	0.0	0.0	0.0	1	1953	-940.1	-2308.5	0.04	44.05	1
94.48	0	44.1	0.0	0.0	0.0	0.0	0.0	1	1953	-940.1	-2308.5	0.04	44.1	1
94.58	0	44.1	0.0	0.0	0.0	0.0	0.0	1	1953	-940.1	-2308.5	0.04	44.15	1
94.68	0	44.2	0.0	0.0	0.0	0.0	0.0	1	1953	-940.1	-2308.5	0.04	44.2	1
94.78	0	44.2	0.0	0.0	0.0	0.0	0.0	1	1953	-940.1	-2308.5	0.04	44.25	1
94.88	0	44.3	0.0	0.0	0.0	0.0	0.0	1	1953	-940.1	-2308.5	0.04	44.3	1
94.98	0	44.3	0.0	0.0	0.0	0.0	0.0	1	1953	-940.1	-2308.5	0.04	44.34	1
95.08	0	44.4	0.0	0.0	0.0	0.0	0.0	1	1953	-940.1	-2308.5	0.04	44.39	1
95.18	0	44.4	0.0	0.0	0.0	0.0	0.0	1	1953	-940.1	-2308.5	0.04	44.44	1
95.28	0	44.5	0.0	0.0	0.0	0.0	0.0	1	1953	-940.1	-2308.5	0.04	44.49	1
95.38	0	44.5	0.0	0.0	0.0	0.0	0.0	1	1953	-940.1	-2308.5	0.04	44.54	1
95.48	0	44.6	0.0	0.0	0.0	0.0	0.0	1	1953	-940.1	-2308.5	0.04	44.59	1
95.58	0	44.6	0.0	0.0	0.0	0.0	0.0	1	1953	-940.1	-2308.5	0.04	44.64	1
95.68	0	44.7	0.0	0.0	0.0	0.0	0.0	1	1953	-940.1	-2308.5	0.04	44.68	1
95.78	0	44.7	0.0	0.0	0.0	0.0	0.0	1	1953	-940.1	-2308.5	0.04	44.73	1
95.88	0	44.8	0.0	0.0	0.0	0.0	0.0	1	1953	-940.1	-2308.5	0.04	44.78	1
95.98	0	44.8	0.0	0.0	0.0	0.0	0.0	1	1953	-940.1	-2308.5	0.04	44.83	1
96.1	0	44.9	0.0	0.0	0.0	0.0	0.0	1	1953	-940.1	-2308.5	0.04	44.89	1
96.2	0	44.9	0.0	0.0	0.0	0.0	0.0	1	1953	-940.1	-2308.5	0.04	44.94	1
96.3	0	45.0	0.0	0.0	0.0	0.0	0.0	1	1953	-940.1	-2308.5	0.04	44.98	1
96.4	0	45.0	0.0	0.0	0.0	0.0	0.0	1	1953	-940.1	-2308.5	0.04	45.03	1
96.51	0	45.1	0.0	0.0	0.0	0.0	0.0	1	1953	-940.1	-2308.5	0.04	45.09	1
96.61	0	45.1	0.0	0.0	0.0	0.0	0.0	1	1953	-940.1	-2308.5	0.04	45.14	1
96.71	0	45.2	0.0	0.0	0.0	0.0	0.0	1	1953	-940.1	-2308.5	0.04	45.19	1
96.81	0	45.2	0.0	0.0	0.0	0.0	0.0	1	1953	-940.1	-2308.5	0.04	45.23	1
96.91	0	45.3	0.0	0.0	0.0	0.0	0.0	1	1953	-940.1	-2308.5	0.04	45.28	1
97.01	0	45.3	0.0	0.0	0.0	0.0	0.0	1	1953	-940.1	-2308.5	0.04	45.33	1
97.12	0	45.4	0.0	0.0	0.0	0.0	0.0	1	1953	-940.1	-2308.5	0.04	45.39	1
97.22	0	45.4	0.0	0.0	0.0	0.0	0.0	1	1953	-940.1	-2308.5	0.04	45.44	1
97.32	0	45.5	0.0	0.0	0.0	0.0	0.0	1	1953	-940.1	-2308.5	0.04	45.48	1
97.42	0	45.5	0.0	0.0	0.0	0.0	0.0	1	1953	-940.1	-2308.5	0.04	45.53	1
97.52	0	45.6	0.0	0.0	0.0	0.0	0.0	1	1953	-940.1	-2308.5	0.04	45.58	1
97.62	0	45.6	0.0	0.0	0.0	0.0	0.0	1	1953	-940.1	-2308.5	0.04	45.63	1
97.72	0	45.7	0.0	0.0	0.0	0.0	0.0	1	1953	-940.1	-2308.5	0.04	45.68	1
97.82	0	45.7	0.0	0.0	0.0	0.0	0.0	1	1953	-940.1	-2308.5	0.04	45.73	1
97.92	0	45.8	0.0	0.0	0.0	0.0	0.0	1	1953	-940.1	-2308.5	0.04	45.78	1
98.04	0	45.8	0.0	0.0	0.0	0.0	0.0	1	1953	-940.1	-2308.5	0.04	45.84	1
98.13	0	45.9	0.0	0.0	0.0	0.0	0.0	1	1953	-940.1	-2308.5	0.04	45.88	1
98.24	0	45.9	0.0	0.0	0.0	0.0	0.0	1	1953	-940.1	-2308.5	0.04	45.93	1
98.34	0	46.0	0.0	0.0	0.0	0.0	0.0	1	1953	-940.1	-2308.5	0.04	45.98	1
98.44	0	46.0	0.0	0.0	0.0	0.0	0.0	1	1953	-940.1	-2308.5	0.04	46.03	1
98.54	0	46.1	0.0	0.0	0.0	0.0	0.0	1	1953	-940.1	-2308.5	0.04	46.08	1
98.64	0	46.1	0.0	0.0	0.0	0.0	0.0	1	1953	-940.1	-2308.5	0.04	46.13	1
98.74	0	46.2	0.0	0.0	0.0	0.0	0.0	1	1953	-940.1	-2308.5	0.04	46.18	1
98.84	0	46.2	0.0	0.0	0.0	0.0	0.0	1	1953	-940.1	-2308.5	0.04	46.22	1
98.94	0	46.3	0.0	0.0	0.0	0.0	0.0	1	1953	-940.1	-2308.5	0.04	46.27	1
99.05	0	46.3	0.0	0.0	0.0	0.0	0.0	1	1953	-940.1	-2308.5	0.04	46.33	1
99.15	0	46.4	0.0	0.0	0.0	0.0	0.0	1	1953	-940.1	-2308.5	0.04	46.38	1
99.25	0	46.4	0.0	0.0	0.0	0.0	0.0	1	1953	-940.1	-2308.5	0.04	46.43	1
99.35	0	46.5	0.0	0.0	0.0	0.0	0.0	1	1953	-940.1	-2308.5	0.04	46.48	1
99.45	0	46.5	0.0	0.0	0.0	0.0	0.0	1	1953	-940.1	-2308.5	0.04	46.52	1
99.55	0	46.6	0.0	0.0	0.0	0.0	0.0	1	1953	-940.1	-2308.5	0.04	46.57	1
99.67	0	46.6	0.0	0.0	0.0	0.0	0.0	1	1953	-940.1	-2308.5	0.04	46.63	1
99.77	0	46.7	0.0	0.0	0.0	0.0	0.0	1	1953	-940.1	-2308.5	0.04	46.68	1
99.87	0	46.7	0.0	0.0	0.0	0.0	0.0	1	1953	-940.1	-2308.5	0.04	46.73	1
99.99	0	46.8	0.0	0.0	0.0	0.0	0.0	1	1953	-940.1	-2308.5	0.04	46.79	1
100.08	0	46.8	0.0	0.0	0.0	0.0	0.0	1	1953	-940.1	-2308.5	0.04	46.83	1
100.18	0	46.9	0.0	0.0	0.0	0.0	0.0	1	1953	-940.1	-2308.5	0.04	46.88	1
100.28	0	46.9	0.0	0.0	0.0	0.0	0.0	1	1953	-940.1	-2308.5	0.04	46.93	1
100.38	0	47.0	0.0	0.0	0.0	0.0	0.0	1	1953	-940.1	-2308.5	0.04	46.98	1
100.48	0	47.0	0.0	0.0	0.0	0.0	0.0	1	1953	-940.1	-2308.5	0.04	47.03	1
100.58	0	47.1	0.0	0.0	0.0	0.0	0.0	1	1953	-940.1	-2308.5	0.04	47.08	1
100.68	0	47.1	0.0	0.0	0.0	0.0	0.0	1	1953	-940.1	-2308.5	0.04	47.13	1
100.78	0	47.2	0.0	0.0	0.0	0.0	0.0	1	1953	-940.1	-2308.5	0.04	47.17	1
100.88	0	47.2	0.0	0.0	0.0	0.0	0.0	1	1953	-940.1	-2308.5	0.04	47.22	1
100.99	0	47.3	0.0	0.0	0.0	0.0	0.0	1	1953	-940.1	-2308.5	0.04	47.28	1
101.09	0	47.3	0.0	0.0	0.0	0.0	0.0	1	1953	-940.1	-2308.5	0.04	47.32	1
101.19	0	47.4	0.0	0.0	0.0	0.0	0.0	1	1953	-940.1	-2308.5	0.04	47.37	1
101.29	0	47.4	0.0	0.0	0.0	0.0	0.0	1	1953	-940.1	-2308.5	0.04	47.42	1
101.39	0	47.5	0.0	0.0	0.0	0.0	0.0	1	1953	-940.1	-2308.5	0.04	47.47	1
101.49	0	47.5	0.0	0.0	0.0	0.0	0.0	1	1953	-940.1	-2308.5	0.04	47.52	1
101.59	0	47.6	0.0	0.0	0.0	0.0	0.0	1	1953	-940.1	-2308.5	0.04	47.57	1
101.69	0	47.6	0.0	0.0	0.0	0.0	0.0	1	1953	-940.1	-2308.5	0.04	47.62	1
101.79	0	47.7	0.0	0.0	0.0	0.0	0.0	1	1953	-940.1	-2308.5	0.04	47.67	1
101.89	0	47.7	0.0	0.0	0.0	0.0	0.0	1	1953	-940.1	-2308.5	0.04	47.72	1
101.99	0	47.8	0.0	0.0	0.0	0.0	0.0	1	1953	-940.1	-2308.5	0.04	47.77	1
102.09	0	47.8	0.0	0.0	0.0	0.0	0.0	1	1953	-940.1	-2308.5	0.04	47.81	1
102.19	0	47.9	0.0	0.0	0.0	0.0	0.0	1	1953	-940.1	-2308.5	0.04	47.86	1
102.29	0	47.9	0.0	0.0	0.0	0.0	0.0	1	1953	-940.1	-2308.5	0.04	47.91	1
102.38	0	48.0	0.0	0.0	0.0	0.0	0.0	1	1953	-940.1	-2308.5	0.04	47.96	1
102.48	0	48.0	0.0	0.0	0.0	0.0	0.0	1	1953	-940.1	-2308.5	0.04	48.01	1
102.58	0	48.1	0.0	0.0	0.0	0.0	0.0	1	1953	-940.1	-2308.5	0.04	48.06	1
102.68	0	48.1	0.0	0.0	0.0	0.0	0.0	1	1953	-940.1	-2308.5	0.04	48.11	1
102.78	0	48.2	0.0	0.0	0.0	0.0	0.0	1	1953	-940.1	-2308.5	0.04	48.16	1
102.89	0	48.2	0.0	0.0	0.0	0.0	0.0	1	1953	-940.1	-2308.5	0.04	48.21	1
102.98	0	48.3	0.0	0.0	0.0	0.0	0.0	1	1953	-940.1	-2308.5	0.04	48.25	1
103.08	0	48.3	0.0	0.0	0.0	0.0	0.0	1	1953	-940.1	-2308.5	0.04	48.3	1
103.18	0	48.4	0.0	0.0	0.0	0.0	0.0	1	1953	-940.1	-2308.5	0.04	48.35	1
103.28	0	48.4	0.0	0.0	0.0	0.0	0.0	1	1953	-940.1	-2308.5	0.04	48.4	1
103.38	0	48.4	0.0	0.0	0.0	0.0	0.0	1	1953	-940.1	-2308.5	0.04	48.45	1
103.48	0	48.5	0.0	0.0	0.0	0.0	0.0	1	1953	-940.1	-2308.5	0.04	48.5	1
103.58	0	48.5	0.0	0.0	0.0	0.0	0.0	1	1953	-940.1	-2308.5	0.04	48.55	1
103.68	0	48.6	0.0	0.0	0.0	0.0	0.0	1	1953	-940.1	-2308.5	0.04	48.6	1
103.81	0	48.7	0.0	0.0	0.0	0.0	0.0	1	1953	-940.1	-2308.5	0.04	48.66	1
103.9	0	48.7	0.0	0.0	0.0	0.0	0.0	1	1953	-940.1	-2308.5	0.04	48.7	1
104.0	0	48.8	0.0	0.0	0.0	0.0	0.0	1	1953	-940.1	-2308.5	0.04	48.75	1
104.1	0	48.8	0.0	0.0	0.0	0.0	0.0	1	1953	-940.1	-2308.5	0.04	48.8	1
104.2	0	48.9	0.0	0.0	0.0	0.0	0.0	1	1953	-940.1	-2308.5	0.04	48.85	1
104.3	0	48.9	0.0	0.0	0.0	0.0	0.0	1	1953	-940.1	-2308.5	0.04	48.9	1
104.4	0	48.9	0.0	0.0	0.0	0.0	0.0	1	1953	-940.1	-2308.5	0.04	48.95	1
104.5	0	49.0	0.0	0.0	0.0	0.0	0.0	1	1953	-940.1	-2308.5	0.04	49.0	1
104.6	0	49.0	0.0	0.0	0.0	0.0	0.0	1	1953	-940.1	-2308.5	0.04	49.05	1
104.7	0	49.1	0.0	0.0	0.0	0.0	0.0	1	1953	-940.1	-2308.5	0.04	49.1	1
104.82	0	49.2	0.0	0.0	0.0	0.0	0.0	1	1953	-940.1	-2308.5	0.04	49.15	1
104.92	0	49.2	0.0	0.0	0.0	0.0	0.0	1	1953	-940.1	-2308.5	0.04	49.2	1
105.02	0	49.3	0.0	0.0	0.0	0.0	0.0	1	1953	-940.1	-2308.5	0.04	49.25	1
105.12	0	49.3	0.0	0.0	0.0	0.0	0.0	1	1953	-940.1	-2308.5	0.04	49.3	1
105.22	0	49.4	0.0	0.0	0.0	0.0	0.0	1	1953	-940.1	-2308.5	0.04	49.35	1
105.32	0	49.4	0.0	0.0	0.0	0.0	0.0	1	1953	-940.1	-2308.5	0.04	49.4	1
105.42	0	49.4	0.0	0.0	0.0	0.0	0.0	1	1953	-940.1	-2308.5	0.04	49.45	1
105.52	0	49.5	0.0	0.0	0.0	0.0	0.0	1	1953	-940.1	-2308.5	0.04	49.5	1
105.62	0	49.5	0.0	0.0	0.0	0.0	0.0	1	1953	-940.1	-2308.5	0.04	49.55	1
105.74	0	49.6	0.0	0.0	0.0	0.0	0.0	1	1953	-940.1	-2308.5	0.04	49.61	1
105.83	0	49.7	0.0	0.0	0.0	0.0	0.0	1	1953	-940.1	-2308.5	0.04	49.65	1
105.93	0	49.7	0.0	0.0	0.0	0.0	0.0	1	1953	-940.1	-2308.5	0.04	49.7	1
106.03	0	49.8	0.0	0.0	0.0	0.0	0.0	1	1953	-940.1	-2308.5	0.04	49.75	1
106.13	0	49.8	0.0	0.0	0.0	0.0	0.0	1	1953	-940.1	-2308.5	0.04	49.8	1
106.23	0	49.8	0.0	0.0	0.0	0.0	0.0	1	1953	-940.1	-2308.5	0.04	49.85	1
106.33	0	49.9	0.0	0.0	0.0	0.0	0.0	1	1953	-940.1	-2308.5	0.04	49.9	1
106.43	0	49.9	0.0	0.0	0.0	0.0	0.0	1	1953	-940.1	-2308.5	0.04	49.95	1
106.53	0	50.0	0.0	0.0	0.0	0.0	0.0	1	1953	-940.1	-2308.5	0.04	50.0	1
106.63	0	50.0	0.0	0.0	0.0	0.0	0.0	1	1953	-940.1	-2308.5	0.04	50.05	1
106.75	0	50.1	0.0	0.0	0.0	0.0	0.0	1	1953	-940.1	-2308.5	0.04	50.1	1
106.84	0	50.1	0.0	0.0	0.0	0.0	0.0	1	1953	-940.1	-2308.5	0.04	50.15	1
106.94	0	50.2	0.0	0.0	0.0	0.0	0.0	1	1953	-940.1	-2308.5	0.04	50.2	1
107.04	0	50.2	0.0	0.0	0.0	0.0	0.0	1	1953	-940.1	-2308.5	0.04	50.25	1
107.14	0	50.3	0.0	0.0	0.0	0.0	0.0	1	1953	-940.1	-2308.5	0.04	50.29	1
107.24	0	50.3	0.0	0.0	0.0	0.0	0.0	1	1953	-940.1	-2308.5	0.04	50.34	1
107.34	0	50.4	0.0	0.0	0.0	0.0	0.0	1	1953	-940.1	-2308.5	0.04	50.39	1
107.44	0	50.4	0.0	0.0	0.0	0.0	0.0	1	1953	-940.1	-2308.5	0.04	50.44	1
107.54	0	50.5	0.0	0.0	0.0	0.0	0.0	1	1953	-940.1	-2308.5	0.04	50.49	1
107.65	0	50.5	0.0	0.0	0.0	0.0	0.0	1	1953	-940.1	-2308.5	0.04	50.55	1
107.74	0	50.6	0.0	0.0	0.0	0.0	0.0	1	1953	-940.1	-2308.5	0.04	50.59	1
107.84	0	50.6	0.0	0.0	0.0	0.0	0.0	1	1953	-940.1	-2308.5	0.04	50.64	1
107.94	0	50.7	0.0	0.0	0.0	0.0	0.0	1	1953	-940.1	-2308.5	0.04	50.69	1
108.04	0	50.7	0.0	0.0	0.0	0.0	0.0	1	1953	-940.1	-2308.5	0.04	50.74	1
108.14	0	50.8	0.0	0.0	0.0	0.0	0.0	1	1953	-940.1	-2308.5	0.04	50.79	1
108.24	0	50.8	0.0	0.0	0.0	0.0	0.0	1	1953	-940.1	-2308.5	0.04	50.84	1
108.34	0	50.9	0.0	0.0	0.0	0.0	0.0	1	1953	-940.1	-2308.5	0.04	50.89	1
108.44	0	50.9	0.0	0.0	0.0	0.0	0.0	1	1953	-940.1	-2308.5	0.04	50.93	1
108.54	0	51.0	0.0	0.0	0.0	0.0	0.0	1	1953	-940.1	-2308.5	0.04	50.98	1
108.67	0	51.0	0.0	0.0	0.0	0.0	0.0	1	1953	-940.1	-2308.5	0.05	51.05	1
108.77	0	51.1	0.0	0.0	0.0	0.0	0.0	1	1953	-940.1	-2308.5	0.05	51.1	1
108.87	0	51.1	0.0	0.0	0.0	0.0	0.0	1	1953	-940.1	-2308.5	0.05	51.15	1
108.97	0	51.2	0.0	0.0	0.0	0.0	0.0	1	1953	-940.1	-2308.5	0.05	51.2	1
109.09	0	51.3	0.0	0.0	0.0	0.0	0.0	1	1953	-940.1	-2308.5	0.05	51.25	1
109.19	0	51.3	0.0	0.0	0.0	0.0	0.0	1	1953	-940.1	-2308.5	0.05	51.3	1
109.3	0	51.4	0.0	0.0	0.0	0.0	0.0	1	1953	-940.1	-2308.5	0.05	51.36	1
109.4	0	51.4	0.0	0.0	0.0	0.0	0.0	1	1953	-940.1	-2308.5	0.05	51.41	1
109.5	0	51.5	0.0	0.0	0.0	0.0	0.0	1	1953	-940.1	-2308.5	0.05	51.46	1
109.63	0	51.5	0.0	0.0	0.0	0.0	0.0	1	1953	-940.1	-2308.5	0.05	51.52	1
109.7	0	51.6	0.0	0.0	0.0	0.0	0.0	1	1953	-940.1	-2308.5	0.05	51.56	1
109.8	0	51.6	0.0	0.0	0.0	0.0	0.0	1	1953	-940.1	-2308.5	0.05	51.61	1
109.9	0	51.7	0.0	0.0	0.0	0.0	0.0	1	1953	-940.1	-2308.5	0.05	51.65	1
110.0	0	51.7	0.0	0.0	0.0	0.0	0.0	1	1953	-940.1	-2308.5	0.05	51.7	1
110.1	0	51.8	0.0	0.0	0.0	0.0	0.0	1	1953	-940.1	-2308.5	0.05	51.75	1
110.2	0	51.8	0.0	0.0	0.0	0.0	0.0	1	1953	-940.1	-2308.5	0.05	51.8	1
110.3	0	51.9	0.0	0.0	0.0	0.0	0.0	1	1953	-940.1	-2308.5	0.05	51.85	1
110.4	0	51.9	0.0	0.0	0.0	0.0	0.0	1	1953	-940.1	-2308.5	0.05	51.9	1
110.5	0	52.0	0.0	0.0	0.0	0.0	0.0	1	1953	-940.1	-2308.5	0.05	51.95	1
110.6	0	52.0	0.0	0.0	0.0	0.0	0.0	1	1953	-940.1	-2308.5	0.05	52.0	1
110.7	0	52.0	0.0	0.0	0.0	0.0	0.0	1	1953	-940.1	-2308.5	0.05	52.05	1
110.8	0	52.1	0.0	0.0	0.0	0.0	0.0	1	1953	-940.1	-2308.5	0.05	52.1	1
110.9	0	52.1	0.0	0.0	0.0	0.0	0.0	1	1953	-940.1	-2308.5	0.05	52.15	1
111.0	0	52.2	0.0	0.0	0.0	0.0	0.0	1	1953	-940.1	-2308.5	0.05	52.2	1
111.1	0	52.2	0.0	0.0	0.0	0.0	0.0	1	1953	-940.1	-2308.5	0.05	52.25	1
111.2	0	52.3	0.0	0.0	0.0	0.0	0.0	1	1953	-940.1	-2308.5	0.05	52.3	1
111.3	0	52.3	0.0	0.0	0.0	0.0	0.0	1	1953	-940.1	-2308.5	0.05	52.35	1
111.4	0	52.4	0.0	0.0	0.0	0.0	0.0	1	1953	-940.1	-2308.5	0.05	52.4	1
111.53	0	52.5	0.0	0.0	0.0	0.0	0.0	1	1953	-940.1	-2308.5	0.05	52.46	1
111.61	0	52.5	0.0	0.0	0.0	0.0	0.0	1	1953	-940.1	-2308.5	0.05	52.5	1
111.72	0	52.6	0.0	0.0	0.0	0.0	0.0	1	1953	-940.1	-2308.5	0.05	52.55	1
111.82	0	52.6	0.0	0.0	0.0	0.0	0.0	1	1953	-940.1	-2308.5	0.05	52.6	1
111.92	0	52.7	0.0	0.0	0.0	0.0	0.0	1	1953	-940.1	-2308.5	0.05	52.65	1
112.02	0	52.7	0.0	0.0	0.0	0.0	0.0	1	1953	-940.1	-2308.5	0.05	52.7	1
112.12	0	52.7	0.0	0.0	0.0	0.0	0.0	1	1953	-940.1	-2308.5	0.05	52.75	1
112.22	0	52.8	0.0	0.0	0.0	0.0	0.0	1	1953	-940.1	-2308.5	0.05	52.8	1
112.32	0	52.8	0.0	0.0	0.0	0.0	0.0	1	1953	-940.1	-2308.5	0.05	52.85	1
112.42	0	52.9	0.0	0.0	0.0	0.0	0.0	1	1953	-940.1	-2308.5	0.05	52.9	1
112.53	0	53.0	0.0	0.0	0.0	0.0	0.0	1	1953	-940.1	-2308.5	0.05	52.95	1
112.63	0	53.0	0.0	0.0	0.0	0.0	0.0	1	1953	-940.1	-2308.5	0.05	53.0	1
112.73	0	53.1	0.0	0.0	0.0	0.0	0.0	1	1953	-940.1	-2308.5	0.05	53.05	1
112.83	0	53.1	0.0	0.0	0.0	0.0	0.0	1	1953	-940.1	-2308.5	0.05	53.1	1
112.93	0	53.2	0.0	0.0	0.0	0.0	0.0	1	1953	-940.1	-2308.5	0.05	53.15	1
113.03	0	53.2	0.0	0.0	0.0	0.0	0.0	1	1953	-940.1	-2308.5	0.05	53.2	1
113.13	0	53.3	0.0	0.0	0.0	0.0	0.0	1	1953	-940.1	-2308.5	0.05	53.25	1
113.23	0	53.3	0.0	0.0	0.0	0.0	0.0	1	1953	-940.1	-2308.5	0.05	53.3	1
113.33	0	53.3	0.0	0.0	0.0	0.0	0.0	1	1953	-940.1	-2308.5	0.05	53.35	1
113.43	0	53.4	0.0	0.0	0.0	0.0	0.0	1	1953	-940.1	-2308.5	0.05	53.4	1
113.54	0	53.5	0.0	0.0	0.0	0.0	0.0	1	1953	-940.1	-2308.5	0.05	53.45	1
113.64	0	53.5	0.0	0.0	0.0	0.0	0.0	1	1953	-940.1	-2308.5	0.05	53.5	1
113.74	0	53.6	0.0	0.0	0.0	0.0	0.0	1	1953	-940.1	-2308.5	0.05	53.55	1
113.84	0	53.6	0.0	0.0	0.0	0.0	0.0	1	1953	-940.1	-2308.5	0.05	53.6	1
113.94	0	53.6	0.0	0.0	0.0	0.0	0.0	1	1953	-940.1	-2308.5	0.05	53.65	1
114.04	0	53.7	0.0	0.0	0.0	0.0	0.0	1	1953	-940.1	-2308.5	0.05	53.7	1
114.14	0	53.7	0.0	0.0	0.0	0.0	0.0	1	1953	-940.1	-2308.5	0.05	53.75	1
114.24	0	53.8	0.0	0.0	0.0	0.0	0.0	1	1953	-940.1	-2308.5	0.05	53.8	1
114.34	0	53.8	0.0	0.0	0.0	0.0	0.0	1	1953	-940.1	-2308.5	0.05	53.85	1
114.46	0	53.9	0.0	0.0	0.0	0.0	0.0	1	1953	-940.1	-2308.5	0.05	53.91	1
114.54	0	53.9	0.0	0.0	0.0	0.0	0.0	1	1953	-940.1	-2308.5	0.05	53.95	1
114.64	0	54.0	0.0	0.0	0.0	0.0	0.0	1	1953	-940.1	-2308.5	0.05	54.0	1
114.74	0	54.0	0.0	0.0	0.0	0.0	0.0	1	1953	-940.1	-2308.5	0.05	54.05	1
114.84	0	54.1	0.0	0.0	0.0	0.0	0.0	1	1953	-940.1	-2308.5	0.05	54.1	1
114.94	0	54.1	0.0	0.0	0.0	0.0	0.0	1	1953	-940.1	-2308.5	0.05	54.15	1
115.04	0	54.2	0.0	0.0	0.0	0.0	0.0	1	1953	-940.1	-2308.5	0.05	54.2	1
115.14	0	54.2	0.0	0.0	0.0	0.0	0.0	1	1953	-940.1	-2308.5	0.05	54.25	1
115.24	0	54.3	0.0	0.0	0.0	0.0	0.0	1	1953	-940.1	-2308.5	0.05	54.3	1
115.34	0	54.3	0.0	0.0	0.0	0.0	0.0	1	1953	-940.1	-2308.5	0.05	54.35	1
115.45	0	54.4	0.0	0.0	0.0	0.0	0.0	1	1953	-940.1	-2308.5	0.05	54.4	1
115.55	0	54.4	0.0	0.0	0.0	0.0	0.0	1	1953	-940.1	-2308.5	0.05	54.45	1
115.65	0	54.5	0.0	0.0	0.0	0.0	0.0	1	1953	-940.1	-2308.5	0.05	54.5	1
115.75	0	54.5	0.0	0.0	0.0	0.0	0.0	1	1953	-940.1	-2308.5	0.05	54.55	1
115.85	0	54.6	0.0	0.0	0.0	0.0	0.0	1	1953	-940.1	-2308.5	0.05	54.6	1
115.95	0	54.6	0.0	0.0	0.0	0.0	0.0	1	1953	-940.1	-2308.5	0.05	54.65	1
116.05	0	54.7	0.0	0.0	0.0	0.0	0.0	1	1953	-940.1	-2308.5	0.05	54.7	1
116.15	0	54.7	0.0	0.0	0.0	0.0	0.0	1	1953	-940.1	-2308.5	0.05	54.74	1
116.25	0	54.8	0.0	0.0	0.0	0.0	0.0	1	1953	-940.1	-2308.5	0.05	54.79	1
116.37	0	54.9	0.0	0.0	0.0	0.0	0.0	1	1953	-940.1	-2308.5	0.05	54.85	1
116.45	0	54.9	0.0	0.0	0.0	0.0	0.0	1	1953	-940.1	-2308.5	0.05	54.9	1
116.55	0	54.9	0.0	0.0	0.0	0.0	0.0	1	1953	-940.1	-2308.5	0.05	54.95	1
116.65	0	55.0	0.0	0.0	0.0	0.0	0.0	1	1953	-940.1	-2308.5	0.05	54.99	1
116.75	0	55.0	0.0	0.0	0.0	0.0	0.0	1	1953	-940.1	-2308.5	0.05	55.04	1
116.85	0	55.1	0.0	0.0	0.0	0.0	0.0	1	1953	-940.1	-2308.5	0.05	55.09	1
116.95	0	55.1	0.0	0.0	0.0	0.0	0.0	1	1953	-940.1	-2308.5	0.05	55.14	1
117.05	0	55.2	0.0	0.0	0.0	0.0	0.0	1	1953	-940.1	-2308.5	0.05	55.19	1
117.15	0	55.2	0.0	0.0	0.0	0.0	0.0	1	1953	-940.1	-2308.5	0.05	55.24	1
117.25	0	55.3	0.0	0.0	0.0	0.0	0.0	1	1953	-940.1	-2308.5	0.05	55.29	1
117.35	0	55.3	0.0	0.0	0.0	0.0	0.0	1	1953	-940.1	-2308.5	0.05	55.34	1
117.45	0	55.4	0.0	0.0	0.0	0.0	0.0	1	1953	-940.1	-2308.5	0.05	55.39	1
117.55	0	55.4	0.0	0.0	0.0	0.0	0.0	1	1953	-940.1	-2308.5	0.05	55.44	1
117.65	0	55.5	0.0	0.0	0.0	0.0	0.0	1	1953	-940.1	-2308.5	0.05	55.49	1
117.75	0	55.5	0.0	0.0	0.0	0.0	0.0	1	1953	-940.1	-2308.5	0.05	55.54	1
117.85	0	55.6	0.0	0.0	0.0	0.0	0.0	1	1953	-940.1	-2308.5	0.05	55.59	1
117.95	0	55.6	0.0	0.0	0.0	0.0	0.0	1	1953	-940.1	-2308.5	0.05	55.64	1
118.05	0	55.7	0.0	0.0	0.0	0.0	0.0	1	1953	-940.1	-2308.5	0.05	55.69	1
118.15	0	55.7	0.0	0.0	0.0	0.0	0.0	1	1953	-940.1	-2308.5	0.05	55.74	1
118.27	0	55.8	0.0	0.0	0.0	0.0	0.0	1	1953	-940.1	-2308.5	0.05	55.8	1
118.36	0	55.8	0.0	0.0	0.0	0.0	0.0	1	1953	-940.1	-2308.5	0.05	55.84	1
118.46	0	55.9	0.0	0.0	0.0	0.0	0.0	1	1953	-940.1	-2308.5	0.05	55.89	1
118.57	0	55.9	0.0	0.0	0.0	0.0	0.0	1	1953	-940.1	-2308.5	0.05	55.95	1
118.67	0	56.0	0.0	0.0	0.0	0.0	0.0	1	1953	-940.1	-2308.5	0.05	56.0	1
118.77	0	56.0	0.0	0.0	0.0	0.0	0.0	1	1953	-940.1	-2308.5	0.05	56.05	1
118.87	0	56.1	0.0	0.0	0.0	0.0	0.0	1	1953	-940.1	-2308.5	0.05	56.1	1
118.97	0	56.1	0.0	0.0	0.0	0.0	0.0	1	1953	-940.1	-2308.5	0.05	56.15	1
119.07	0	56.2	0.0	0.0	0.0	0.0	0.0	1	1953	-940.1	-2308.5	0.05	56.2	1
119.17	0	56.2	0.0	0.0	0.0	0.0	0.0	1	1953	-940.1	-2308.5	0.05	56.25	1
119.28	0	56.3	0.0	0.0	0.0	0.0	0.0	1	1953	-940.1	-2308.5	0.05	56.3	1
119.38	0	56.3	0.0	0.0	0.0	0.0	0.0	1	1953	-940.1	-2308.5	0.05	56.35	1
119.48	0	56.4	0.0	0.0	0.0	0.0	0.0	1	1953	-940.1	-2308.5	0.05	56.4	1
119.58	0	56.4	0.0	0.0	0.0	0.0	0.0	1	1953	-940.1	-2308.5	0.05	56.45	1
119.68	0	56.5	0.0	0.0	0.0	0.0	0.0	1	1953	-940.1	-2308.5	0.05	56.5	1
119.78	0	56.5	0.0	0.0	0.0	0.0	0.0	1	1953	-940.1	-2308.5	0.05	56.55	1
119.88	0	56.6	0.0	0.0	0.0	0.0	0.0	1	1953	-940.1	-2308.5	0.05	56.6	1
119.98	0	56.6	0.0	0.0	0.0	0.0	0.0	1	1953	-940.1	-2308.5	0.05	56.65	1
120.08	0	56.7	0.0	0.0	0.0	0.0	0.0	1	1953	-940.1	-2308.5	0.05	56.7	1
120.21	0	56.8	0.0	0.0	0.0	0.0	0.0	1	1953	-940.1	-2308.5	0.05	56.76	1
120.29	0	56.8	0.0	0.0	0.0	0.0	0.0	1	1953	-940.1	-2308.5	0.05	56.8	1
120.39	0	56.9	0.0	0.0	0.0	0.0	0.0	1	1953	-940.1	-2308.5	0.05	56.85	1
120.49	0	56.9	0.0	0.0	0.0	0.0	0.0	1	1953	-940.1	-2308.5	0.05	56.9	1
120.59	0	57.0	0.0	0.0	0.0	0.0	0.0	1	1953	-940.1	-2308.5	0.05	56.95	1
120.69	0	57.0	0.0	0.0	0.0	0.0	0.0	1	1953	-940.1	-2308.5	0.05	57.0	1
120.79	0	57.1	0.0	0.0	0.0	0.0	0.0	1	1953	-940.1	-2308.5	0.05	57.05	1
120.89	0	57.1	0.0	0.0	0.0	0.0	0.0	1	1953	-940.1	-2308.5	0.05	57.1	1
120.99	0	57.2	0.0	0.0	0.0	0.0	0.0	1	1953	-940.1	-2308.5	0.05	57.15	1
121.09	0	57.2	0.0	0.0	0.0	0.0	0.0	1	1953	-940.1	-2308.5	0.05	57.2	1
121.2	0	57.3	0.0	0.0	0.0	0.0	0.0	1	1953	-940.1	-2308.5	0.05	57.26	1
121.3	0	57.3	0.0	0.0	0.0	0.0	0.0	1	1953	-940.1	-2308.5	0.05	57.31	1
121.4	0	57.4	0.0	0.0	0.0	0.0	0.0	1	1953	-940.1	-2308.5	0.05	57.35	1
121.5	0	57.4	0.0	0.0	0.0	0.0	0.0	1	1953	-940.1	-2308.5	0.05	57.4	1
121.6	0	57.5	0.0	0.0	0.0	0.0	0.0	1	1953	-940.1	-2308.5	0.05	57.45	1
121.7	0	57.5	0.0	0.0	0.0	0.0	0.0	1	1953	-940.1	-2308.5	0.05	57.5	1
121.8	0	57.6	0.0	0.0	0.0	0.0	0.0	1	1953	-940.1	-2308.5	0.05	57.55	1
121.9	0	57.6	0.0	0.0	0.0	0.0	0.0	1	1953	-940.1	-2308.5	0.05	57.6	1
122.0	0	57.7	0.0	0.0	0.0	0.0	0.0	1	1953	-940.1	-2308.5	0.05	57.65	1
122.13	0	57.7	0.0	0.0	0.0	0.0	0.0	1	1953	-940.1	-2308.5	0.05	57.72	1
122.21	0	57.8	0.0	0.0	0.0	0.0	0.0	1	1953	-940.1	-2308.5	0.05	57.76	1
122.31	0	57.8	0.0	0.0	0.0	0.0	0.0	1	1953	-940.1	-2308.5	0.05	57.81	1
122.41	0	57.9	0.0	0.0	0.0	0.0	0.0	1	1953	-940.1	-2308.5	0.05	57.86	1
122.51	0	57.9	0.0	0.0	0.0	0.0	0.0	1	1953	-940.1	-2308.5	0.05	57.91	1
122.61	0	58.0	0.0	0.0	0.0	0.0	0.0	1	1953	-940.1	-2308.5	0.05	57.96	1
122.71	0	58.0	0.0	0.0	0.0	0.0	0.0	1	1953	-940.1	-2308.5	0.05	58.01	1
122.82	0	58.1	0.0	0.0	0.0	0.0	0.0	1	1953	-940.1	-2308.5	0.05	58.06	1
122.92	0	58.1	0.0	0.0	0.0	0.0	0.0	1	1953	-940.1	-2308.5	0.05	58.11	1
123.02	0	58.2	0.0	0.0	0.0	0.0	0.0	1	1953	-940.1	-2308.5	0.05	58.16	1
123.13	0	58.2	0.0	0.0	0.0	0.0	0.0	1	1953	-940.1	-2308.5	0.05	58.22	1
123.23	0	58.3	0.0	0.0	0.0	0.0	0.0	1	1953	-940.1	-2308.5	0.05	58.27	1
123.33	0	58.3	0.0	0.0	0.0	0.0	0.0	1	1953	-940.1	-2308.5	0.05	58.32	1
123.43	0	58.4	0.0	0.0	0.0	0.0	0.0	1	1953	-940.1	-2308.5	0.05	58.37	1
123.53	0	58.4	0.0	0.0	0.0	0.0	0.0	1	1953	-940.1	-2308.5	0.05	58.42	1
123.63	0	58.5	0.0	0.0	0.0	0.0	0.0	1	1953	-940.1	-2308.5	0.05	58.47	1
123.73	0	58.5	0.0	0.0	0.0	0.0	0.0	1	1953	-940.1	-2308.5	0.05	58.52	1
123.83	0	58.6	0.0	0.0	0.0	0.0	0.0	1	1953	-940.1	-2308.5	0.05	58.57	1
123.93	0	58.6	0.0	0.0	0.0	0.0	0.0	1	1953	-940.1	-2308.5	0.05	58.62	1
124.06	0	58.7	0.0	0.0	0.0	0.0	0.0	1	1953	-940.1	-2308.5	0.05	58.68	1
124.14	0	58.7	0.0	0.0	0.0	0.0	0.0	1	1953	-940.1	-2308.5	0.05	58.72	1
124.24	0	58.8	0.0	0.0	0.0	0.0	0.0	1	1953	-940.1	-2308.5	0.05	58.77	1
124.34	0	58.8	0.0	0.0	0.0	0.0	0.0	1	1953	-940.1	-2308.5	0.05	58.82	1
124.44	0	58.9	0.0	0.0	0.0	0.0	0.0	1	1953	-940.1	-2308.5	0.05	58.87	1
124.54	0	58.9	0.0	0.0	0.0	0.0	0.0	1	1953	-940.1	-2308.5	0.05	58.92	1
124.64	0	59.0	0.0	0.0	0.0	0.0	0.0	1	1953	-940.1	-2308.5	0.05	58.97	1
124.74	0	59.0	0.0	0.0	0.0	0.0	0.0	1	1953	-940.1	-2308.5	0.05	59.02	1
124.84	0	59.1	0.0	0.0	0.0	0.0	0.0	1	1953	-940.1	-2308.5	0.05	59.07	1
124.94	0	59.1	0.0	0.0	0.0	0.0	0.0	1	1953	-940.1	-2308.5	0.05	59.12	1
125.05	0	59.2	0.0	0.0	0.0	0.0	0.0	1	1953	-940.1	-2308.5	0.05	59.17	1
125.15	0	59.2	0.0	0.0	0.0	0.0	0.0	1	1953	-940.1	-2308.5	0.05	59.22	1
125.25	0	59.3	0.0	0.0	0.0	0.0	0.0	1	1953	-940.1	-2308.5	0.05	59.27	1
125.35	0	59.3	0.0	0.0	0.0	0.0	0.0	1	1953	-940.1	-2308.5	0.05	59.32	1
125.45	0	59.4	0.0	0.0	0.0	0.0	0.0	1	1953	-940.1	-2308.5	0.05	59.37	1
125.55	0	59.4	0.0	0.0	0.0	0.0	0.0	1	1953	-940.1	-2308.5	0.05	59.42	1
125.65	0	59.5	0.0	0.0	0.0	0.0	0.0	1	1953	-940.1	-2308.5	0.05	59.47	1
125.75	0	59.5	0.0	0.0	0.0	0.0	0.0	1	1953	-940.1	-2308.5	0.05	59.52	1
125.85	0	59.6	0.0	0.0	0.0	0.0	0.0	1	1953	-940.1	-2308.5	0.05	59.57	1
125.98	0	59.6	0.0	0.0	0.0	0.0	0.0	1	1953	-940.1	-2308.5	0.05	59.64	1
126.06	0	59.7	0.0	0.0	0.0	0.0	0.0	1	1953	-940.1	-2308.5	0.05	59.68	1
126.16	0	59.7	0.0	0.0	0.0	0.0	0.0	1	1953	-940.1	-2308.5	0.05	59.73	1
126.26	0	59.8	0.0	0.0	0.0	0.0	0.0	1	1953	-940.1	-2308.5	0.05	59.78	1
126.36	0	59.8	0.0	0.0	0.0	0.0	0.0	1	1953	-940.1	-2308.5	0.05	59.83	1
126.46	0	59.9	0.0	0.0	0.0	0.0	0.0	1	1953	-940.1	-2308.5	0.05	59.88	1
126.56	0	59.9	0.0	0.0	0.0	0.0	0.0	1	1953	-940.1	-2308.5	0.05	59.93	1
126.66	0	60.0	0.0	0.0	0.0	0.0	0.0	1	1953	-940.1	-2308.5	0.05	59.98	1
126.76	0	60.0	0.0	0.0	0.0	0.0	0.0	1	1953	-940.1	-2308.5	0.05	60.03	1
126.86	0	60.1	0.0	0.0	0.0	0.0	0.0	1	1953	-940.1	-2308.5	0.05	60.08	1
126.98	0	60.1	0.0	0.0	0.0	0.0	0.0	1	1953	-940.1	-2308.5	0.05	60.14	1
127.07	0	60.2	0.0	0.0	0.0	0.0	0.0	1	1953	-940.1	-2308.5	0.05	60.19	1
127.17	0	60.2	0.0	0.0	0.0	0.0	0.0	1	1953	-940.1	-2308.5	0.05	60.24	1
127.27	0	60.3	0.0	0.0	0.0	0.0	0.0	1	1953	-940.1	-2308.5	0.05	60.29	1
127.37	0	60.3	0.0	0.0	0.0	0.0	0.0	1	1953	-940.1	-2308.5	0.05	60.34	1
127.47	0	60.4	0.0	0.0	0.0	0.0	0.0	1	1953	-940.1	-2308.5	0.05	60.39	1
127.57	0	60.4	0.0	0.0	0.0	0.0	0.0	1	1953	-940.1	-2308.5	0.05	60.44	1
127.67	0	60.5	0.0	0.0	0.0	0.0	0.0	1	1953	-940.1	-2308.5	0.05	60.49	1
127.77	0	60.5	0.0	0.0	0.0	0.0	0.0	1	1953	-940.1	-2308.5	0.05	60.54	1
127.91	0	60.6	0.0	0.0	0.0	0.0	0.0	1	1953	-940.1	-2308.5	0.05	60.6	1
128.0	0	60.7	0.0	0.0	0.0	0.0	0.0	1	1953	-940.1	-2308.5	0.05	60.65	1
128.1	0	60.7	0.0	0.0	0.0	0.0	0.0	1	1953	-940.1	-2308.5	0.05	60.7	1
128.2	0	60.8	0.0	0.0	0.0	0.0	0.0	1	1953	-940.1	-2308.5	0.05	60.75	1
128.3	0	60.8	0.0	0.0	0.0	0.0	0.0	1	1953	-940.1	-2308.5	0.05	60.8	1
128.4	0	60.9	0.0	0.0	0.0	0.0	0.0	1	1953	-940.1	-2308.5	0.05	60.85	1
128.5	0	60.9	0.0	0.0	0.0	0.0	0.0	1	1953	-940.1	-2308.5	0.05	60.9	1
128.6	0	61.0	0.0	0.0	0.0	0.0	0.0	1	1953	-940.1	-2308.5	0.05	60.95	1
128.7	0	61.0	0.0	0.0	0.0	0.0	0.0	1	1953	-940.1	-2308.5	0.05	61.0	1
128.8	0	61.1	0.0	0.0	0.0	0.0	0.0	1	1953	-940.1	-2308.5	0.05	61.05	1
128.92	0	61.1	0.0	0.0	0.0	0.0	0.0	1	1953	-940.1	-2308.5	0.05	61.11	1
128.98	0	61.1	0.0	0.0	0.0	0.0	0.0	1	1953	-940.1	-2308.5	0.05	61.14	1
129.08	0	61.2	0.0	0.0	0.0	0.0	0.0	1	1953	-940.1	-2308.5	0.05	61.19	1
129.18	0	61.2	0.0	0.0	0.0	0.0	0.0	1	1953	-940.1	-2308.5	0.05	61.24	1
129.28	0	61.3	0.0	0.0	0.0	0.0	0.0	1	1953	-940.1	-2308.5	0.05	61.29	1
129.38	0	61.3	0.0	0.0	0.0	0.0	0.0	1	1953	-940.1	-2308.5	0.05	61.34	1
129.48	0	61.4	0.0	0.0	0.0	0.0	0.0	1	1953	-940.1	-2308.5	0.05	61.39	1
129.58	0	61.4	0.0	0.0	0.0	0.0	0.0	1	1953	-940.1	-2308.5	0.05	61.44	1
129.68	0	61.5	0.0	0.0	0.0	0.0	0.0	1	1953	-940.1	-2308.5	0.05	61.49	1
129.82	0	61.6	0.0	0.0	0.0	0.0	0.0	1	1953	-940.1	-2308.5	0.05	61.56	1
129.88	0	61.6	0.0	0.0	0.0	0.0	0.0	1	1953	-940.1	-2308.5	0.05	61.59	1
129.98	0	61.6	0.0	0.0	0.0	0.0	0.0	1	1953	-940.1	-2308.5	0.05	61.64	1
130.08	0	61.7	0.0	0.0	0.0	0.0	0.0	1	1953	-940.1	-2308.5	0.05	61.69	1
130.18	0	61.7	0.0	0.0	0.0	0.0	0.0	1	1953	-940.1	-2308.5	0.05	61.74	1
130.28	0	61.8	0.0	0.0	0.0	0.0	0.0	1	1953	-940.1	-2308.5	0.05	61.79	1
130.38	0	61.8	0.0	0.0	0.0	0.0	0.0	1	1953	-940.1	-2308.5	0.05	61.84	1
130.48	0	61.9	0.0	0.0	0.0	0.0	0.0	1	1953	-940.1	-2308.5	0.05	61.89	1
130.58	0	61.9	0.0	0.0	0.0	0.0	0.0	1	1953	-940.1	-2308.5	0.05	61.94	1
130.68	0	62.0	0.0	0.0	0.0	0.0	0.0	1	1953	-940.1	-2308.5	0.05	61.99	1
130.79	0	62.0	0.0	0.0	0.0	0.0	0.0	1	1953	-940.1	-2308.5	0.05	62.05	1
130.88	0	62.1	0.0	0.0	0.0	0.0	0.0	1	1953	-940.1	-2308.5	0.05	62.09	1
130.98	0	62.1	0.0	0.0	0.0	0.0	0.0	1	1953	-940.1	-2308.5	0.05	62.15	1
131.08	0	62.2	0.0	0.0	0.0	0.0	0.0	1	1953	-940.1	-2308.5	0.05	62.2	1
131.18	0	62.2	0.0	0.0	0.0	0.0	0.0	1	1953	-940.1	-2308.5	0.05	62.25	1
131.28	0	62.3	0.0	0.0	0.0	0.0	0.0	1	1953	-940.1	-2308.5	0.05	62.3	1
131.38	0	62.3	0.0	0.0	0.0	0.0	0.0	1	1953	-940.1	-2308.5	0.05	62.35	1
131.48	0	62.4	0.0	0.0	0.0	0.0	0.0	1	1953	-940.1	-2308.5	0.05	62.4	1
131.58	0	62.4	0.0	0.0	0.0	0.0	0.0	1	1953	-940.1	-2308.5	0.05	62.45	1
131.68	0	62.5	0.0	0.0	0.0	0.0	0.0	1	1953	-940.1	-2308.5	0.05	62.5	1
131.78	0	62.5	0.0	0.0	0.0	0.0	0.0	1	1953	-940.1	-2308.5	0.05	62.55	1
131.87	0	62.6	0.0	0.0	0.0	0.0	0.0	1	1953	-940.1	-2308.5	0.05	62.59	1
131.97	0	62.6	0.0	0.0	0.0	0.0	0.0	1	1953	-940.1	-2308.5	0.05	62.64	1
132.07	0	62.7	0.0	0.0	0.0	0.0	0.0	1	1953	-940.1	-2308.5	0.05	62.69	1
132.17	0	62.7	0.0	0.0	0.0	0.0	0.0	1	1953	-940.1	-2308.5	0.05	62.74	1
132.27	0	62.8	0.0	0.0	0.0	0.0	0.0	1	1953	-940.1	-2308.5	0.05	62.79	1
132.37	0	62.8	0.0	0.0	0.0	0.0	0.0	1	1953	-940.1	-2308.5	0.05	62.84	1
132.47	0	62.9	0.0	0.0	0.0	0.0	0.0	1	1953	-940.1	-2308.5	0.05	62.89	1
132.57	0	62.9	0.0	0.0	0.0	0.0	0.0	1	1953	-940.1	-2308.5	0.05	62.94	1
132.69	0	63.0	0.0	0.0	0.0	0.0	0.0	1	1953	-940.1	-2308.5	0.05	63.0	1
132.77	0	63.0	0.0	0.0	0.0	0.0	0.0	1	1953	-940.1	-2308.5	0.05	63.05	1
132.87	0	63.1	0.0	0.0	0.0	0.0	0.0	1	1953	-940.1	-2308.5	0.05	63.1	1
132.98	0	63.1	0.0	0.0	0.0	0.0	0.0	1	1953	-940.1	-2308.5	0.06	63.15	1
133.08	0	63.2	0.0	0.0	0.0	0.0	0.0	1	1953	-940.1	-2308.5	0.06	63.2	1
133.18	0	63.2	0.0	0.0	0.0	0.0	0.0	1	1953	-940.1	-2308.5	0.06	63.25	1
133.28	0	63.3	0.0	0.0	0.0	0.0	0.0	1	1953	-940.1	-2308.5	0.06	63.3	1
133.38	0	63.4	0.0	0.0	0.0	0.0	0.0	1	1953	-940.1	-2308.5	0.06	63.35	1
133.48	0	63.4	0.0	0.0	0.0	0.0	0.0	1	1953	-940.1	-2308.5	0.06	63.4	1
133.58	0	63.5	0.0	0.0	0.0	0.0	0.0	1	1953	-940.1	-2308.5	0.06	63.45	1
133.69	0	63.5	0.0	0.0	0.0	0.0	0.0	1	1953	-940.1	-2308.5	0.06	63.51	1
133.79	0	63.6	0.0	0.0	0.0	0.0	0.0	1	1953	-940.1	-2308.5	0.06	63.56	1
133.89	0	63.6	0.0	0.0	0.0	0.0	0.0	1	1953	-940.1	-2308.5	0.06	63.61	1
133.99	0	63.7	0.0	0.0	0.0	0.0	0.0	1	1953	-940.1	-2308.5	0.06	63.66	1
134.09	0	63.7	0.0	0.0	0.0	0.0	0.0	1	1953	-940.1	-2308.5	0.06	63.71	1
134.19	0	63.8	0.0	0.0	0.0	0.0	0.0	1	1953	-940.1	-2308.5	0.06	63.76	1
134.29	0	63.8	0.0	0.0	0.0	0.0	0.0	1	1953	-940.1	-2308.5	0.06	63.81	1
134.39	0	63.9	0.0	0.0	0.0	0.0	0.0	1	1953	-940.1	-2308.5	0.06	63.86	1
134.49	0	63.9	0.0	0.0	0.0	0.0	0.0	1	1953	-940.1	-2308.5	0.06	63.91	1
134.62	0	64.0	0.0	0.0	0.0	0.0	0.0	1	1953	-940.1	-2308.5	0.06	63.97	1
134.71	0	64.0	0.0	0.0	0.0	0.0	0.0	1	1953	-940.1	-2308.5	0.06	64.02	1
134.81	0	64.1	0.0	0.0	0.0	0.0	0.0	1	1953	-940.1	-2308.5	0.06	64.07	1
134.91	0	64.1	0.0	0.0	0.0	0.0	0.0	1	1953	-940.1	-2308.5	0.06	64.12	1
135.01	0	64.2	0.0	0.0	0.0	0.0	0.0	1	1953	-940.1	-2308.5	0.06	64.17	1
135.11	0	64.2	0.0	0.0	0.0	0.0	0.0	1	1953	-940.1	-2308.5	0.06	64.22	1
135.21	0	64.3	0.0	0.0	0.0	0.0	0.0	1	1953	-940.1	-2308.5	0.06	64.27	1
135.31	0	64.3	0.0	0.0	0.0	0.0	0.0	1	1953	-940.1	-2308.5	0.06	64.32	1
135.41	0	64.4	0.0	0.0	0.0	0.0	0.0	1	1953	-940.1	-2308.5	0.06	64.37	1
135.51	0	64.4	0.0	0.0	0.0	0.0	0.0	1	1953	-940.1	-2308.5	0.06	64.42	1
135.61	0	64.5	0.0	0.0	0.0	0.0	0.0	1	1953	-940.1	-2308.5	0.06	64.47	1
135.71	0	64.5	0.0	0.0	0.0	0.0	0.0	1	1953	-940.1	-2308.5	0.06	64.52	1
135.81	0	64.6	0.0	0.0	0.0	0.0	0.0	1	1953	-940.1	-2308.5	0.06	64.57	1
135.91	0	64.6	0.0	0.0	0.0	0.0	0.0	1	1953	-940.1	-2308.5	0.06	64.62	1
136.01	0	64.7	0.0	0.0	0.0	0.0	0.0	1	1953	-940.1	-2308.5	0.06	64.67	1
136.11	0	64.7	0.0	0.0	0.0	0.0	0.0	1	1953	-940.1	-2308.5	0.06	64.72	1
136.21	0	64.8	0.0	0.0	0.0	0.0	0.0	1	1953	-940.1	-2308.5	0.06	64.77	1
136.31	0	64.8	0.0	0.0	0.0	0.0	0.0	1	1953	-940.1	-2308.5	0.06	64.82	1
136.41	0	64.9	0.0	0.0	0.0	0.0	0.0	1	1953	-940.1	-2308.5	0.06	64.88	1
136.52	0	64.9	0.0	0.0	0.0	0.0	0.0	1	1953	-940.1	-2308.5	0.06	64.93	1
136.61	0	65.0	0.0	0.0	0.0	0.0	0.0	1	1953	-940.1	-2308.5	0.06	64.98	1
136.71	0	65.0	0.0	0.0	0.0	0.0	0.0	1	1953	-940.1	-2308.5	0.06	65.03	1
136.81	0	65.1	0.0	0.0	0.0	0.0	0.0	1	1953	-940.1	-2308.5	0.06	65.08	1
136.91	0	65.1	0.0	0.0	0.0	0.0	0.0	1	1953	-940.1	-2308.5	0.06	65.13	1
137.01	0	65.2	0.0	0.0	0.0	0.0	0.0	1	1953	-940.1	-2308.5	0.06	65.18	1
137.11	0	65.2	0.0	0.0	0.0	0.0	0.0	1	1953	-940.1	-2308.5	0.06	65.23	1
137.21	0	65.3	0.0	0.0	0.0	0.0	0.0	1	1953	-940.1	-2308.5	0.06	65.28	1
137.31	0	65.3	0.0	0.0	0.0	0.0	0.0	1	1953	-940.1	-2308.5	0.06	65.33	1
137.41	0	65.4	0.0	0.0	0.0	0.0	0.0	1	1953	-940.1	-2308.5	0.06	65.38	1
137.52	0	65.4	0.0	0.0	0.0	0.0	0.0	1	1953	-940.1	-2308.5	0.06	65.44	1
137.63	0	65.5	0.0	0.0	0.0	0.0	0.0	1	1953	-940.1	-2308.5	0.06	65.49	1
137.74	0	65.5	0.0	0.0	0.0	0.0	0.0	1	1953	-940.1	-2308.5	0.06	65.55	1
137.84	0	65.6	0.0	0.0	0.0	0.0	0.0	1	1953	-940.1	-2308.5	0.06	65.6	1
137.94	0	65.6	0.0	0.0	0.0	0.0	0.0	1	1953	-940.1	-2308.5	0.06	65.65	1
138.04	0	65.7	0.0	0.0	0.0	0.0	0.0	1	1953	-940.1	-2308.5	0.06	65.7	1
138.14	0	65.7	0.0	0.0	0.0	0.0	0.0	1	1953	-940.1	-2308.5	0.06	65.75	1
138.24	0	65.8	0.0	0.0	0.0	0.0	0.0	1	1953	-940.1	-2308.5	0.06	65.8	1
138.34	0	65.8	0.0	0.0	0.0	0.0	0.0	1	1953	-940.1	-2308.5	0.06	65.85	1
138.46	0	65.9	0.0	0.0	0.0	0.0	0.0	1	1953	-940.1	-2308.5	0.06	65.91	1
138.55	0	66.0	0.0	0.0	0.0	0.0	0.0	1	1953	-940.1	-2308.5	0.06	65.96	1
138.65	0	66.0	0.0	0.0	0.0	0.0	0.0	1	1953	-940.1	-2308.5	0.06	66.01	1
138.75	0	66.1	0.0	0.0	0.0	0.0	0.0	1	1953	-940.1	-2308.5	0.06	66.06	1
138.85	0	66.1	0.0	0.0	0.0	0.0	0.0	1	1953	-940.1	-2308.5	0.06	66.11	1
138.95	0	66.2	0.0	0.0	0.0	0.0	0.0	1	1953	-940.1	-2308.5	0.06	66.16	1
139.05	0	66.2	0.0	0.0	0.0	0.0	0.0	1	1953	-940.1	-2308.5	0.06	66.21	1
139.15	0	66.3	0.0	0.0	0.0	0.0	0.0	1	1953	-940.1	-2308.5	0.06	66.26	1
139.25	0	66.3	0.0	0.0	0.0	0.0	0.0	1	1953	-940.1	-2308.5	0.06	66.31	1
139.35	0	66.4	0.0	0.0	0.0	0.0	0.0	1	1953	-940.1	-2308.5	0.06	66.36	1
139.47	0	66.4	0.0	0.0	0.0	0.0	0.0	1	1953	-940.1	-2308.5	0.06	66.42	1
139.57	0	66.5	0.0	0.0	0.0	0.0	0.0	1	1953	-940.1	-2308.5	0.06	66.47	1
139.67	0	66.5	0.0	0.0	0.0	0.0	0.0	1	1953	-940.1	-2308.5	0.06	66.52	1
139.77	0	66.6	0.0	0.0	0.0	0.0	0.0	1	1953	-940.1	-2308.5	0.06	66.57	1
139.87	0	66.6	0.0	0.0	0.0	0.0	0.0	1	1953	-940.1	-2308.5	0.06	66.62	1
139.97	0	66.7	0.0	0.0	0.0	0.0	0.0	1	1953	-940.1	-2308.5	0.06	66.67	1
140.07	0	66.7	0.0	0.0	0.0	0.0	0.0	1	1953	-940.1	-2308.5	0.06	66.72	1
140.17	0	66.8	0.0	0.0	0.0	0.0	0.0	1	1953	-940.1	-2308.5	0.06	66.78	1
140.27	0	66.8	0.0	0.0	0.0	0.0	0.0	1	1953	-940.1	-2308.5	0.06	66.83	1
140.4	0	66.9	0.0	0.0	0.0	0.0	0.0	1	1953	-940.1	-2308.5	0.06	66.89	1
140.49	0	66.9	0.0	0.0	0.0	0.0	0.0	1	1953	-940.1	-2308.5	0.06	66.94	1
140.59	0	67.0	0.0	0.0	0.0	0.0	0.0	1	1953	-940.1	-2308.5	0.06	66.99	1
140.69	0	67.0	0.0	0.0	0.0	0.0	0.0	1	1953	-940.1	-2308.5	0.06	67.04	1
140.79	0	67.1	0.0	0.0	0.0	0.0	0.0	1	1953	-940.1	-2308.5	0.06	67.09	1
140.89	0	67.1	0.0	0.0	0.0	0.0	0.0	1	1953	-940.1	-2308.5	0.06	67.14	1
140.99	0	67.2	0.0	0.0	0.0	0.0	0.0	1	1953	-940.1	-2308.5	0.06	67.19	1
141.09	0	67.2	0.0	0.0	0.0	0.0	0.0	1	1953	-940.1	-2308.5	0.06	67.24	1
141.19	0	67.3	0.0	0.0	0.0	0.0	0.0	1	1953	-940.1	-2308.5	0.06	67.29	1
141.29	0	67.3	0.0	0.0	0.0	0.0	0.0	1	1953	-940.1	-2308.5	0.06	67.34	1
141.41	0	67.4	0.0	0.0	0.0	0.0	0.0	1	1953	-940.1	-2308.5	0.06	67.4	1
141.51	0	67.5	0.0	0.0	0.0	0.0	0.0	1	1953	-940.1	-2308.5	0.06	67.45	1
141.61	0	67.5	0.0	0.0	0.0	0.0	0.0	1	1953	-940.1	-2308.5	0.06	67.5	1
141.71	0	67.6	0.0	0.0	0.0	0.0	0.0	1	1953	-940.1	-2308.5	0.06	67.55	1
141.82	0	67.6	0.0	0.0	0.0	0.0	0.0	1	1953	-940.1	-2308.5	0.06	67.61	1
141.92	0	67.7	0.0	0.0	0.0	0.0	0.0	1	1953	-940.1	-2308.5	0.06	67.66	1
142.02	0	67.7	0.0	0.0	0.0	0.0	0.0	1	1953	-940.1	-2308.5	0.06	67.71	1
142.12	0	67.8	0.0	0.0	0.0	0.0	0.0	1	1953	-940.1	-2308.5	0.06	67.76	1
142.22	0	67.8	0.0	0.0	0.0	0.0	0.0	1	1953	-940.1	-2308.5	0.06	67.81	1
142.35	0	67.9	0.0	0.0	0.0	0.0	0.0	1	1953	-940.1	-2308.5	0.06	67.88	1
142.43	0	67.9	0.0	0.0	0.0	0.0	0.0	1	1953	-940.1	-2308.5	0.06	67.92	1
142.53	0	68.0	0.0	0.0	0.0	0.0	0.0	1	1953	-940.1	-2308.5	0.06	67.97	1
142.63	0	68.0	0.0	0.0	0.0	0.0	0.0	1	1953	-940.1	-2308.5	0.06	68.02	1
142.73	0	68.1	0.0	0.0	0.0	0.0	0.0	1	1953	-940.1	-2308.5	0.06	68.07	1
142.83	0	68.1	0.0	0.0	0.0	0.0	0.0	1	1953	-940.1	-2308.5	0.06	68.12	1
142.93	0	68.2	0.0	0.0	0.0	0.0	0.0	1	1953	-940.1	-2308.5	0.06	68.17	1
143.03	0	68.2	0.0	0.0	0.0	0.0	0.0	1	1953	-940.1	-2308.5	0.06	68.22	1
143.13	0	68.3	0.0	0.0	0.0	0.0	0.0	1	1953	-940.1	-2308.5	0.06	68.27	1
143.23	0	68.3	0.0	0.0	0.0	0.0	0.0	1	1953	-940.1	-2308.5	0.06	68.32	1
143.33	0	68.4	0.0	0.0	0.0	0.0	0.0	1	1953	-940.1	-2308.5	0.06	68.37	1
143.43	0	68.4	0.0	0.0	0.0	0.0	0.0	1	1953	-940.1	-2308.5	0.06	68.42	1
143.53	0	68.5	0.0	0.0	0.0	0.0	0.0	1	1953	-940.1	-2308.5	0.06	68.48	1
143.63	0	68.5	0.0	0.0	0.0	0.0	0.0	1	1953	-940.1	-2308.5	0.06	68.53	1
143.73	0	68.6	0.0	0.0	0.0	0.0	0.0	1	1953	-940.1	-2308.5	0.06	68.58	1
143.83	0	68.6	0.0	0.0	0.0	0.0	0.0	1	1953	-940.1	-2308.5	0.06	68.63	1
143.93	0	68.7	0.0	0.0	0.0	0.0	0.0	1	1953	-940.1	-2308.5	0.06	68.68	1
144.03	0	68.7	0.0	0.0	0.0	0.0	0.0	1	1953	-940.1	-2308.5	0.06	68.73	1
144.13	0	68.8	0.0	0.0	0.0	0.0	0.0	1	1953	-940.1	-2308.5	0.06	68.78	1
144.26	0	68.8	0.0	0.0	0.0	0.0	0.0	1	1953	-940.1	-2308.5	0.06	68.85	1
144.34	0	68.9	0.0	0.0	0.0	0.0	0.0	1	1953	-940.1	-2308.5	0.06	68.89	1
144.44	0	68.9	0.0	0.0	0.0	0.0	0.0	1	1953	-940.1	-2308.5	0.06	68.94	1
144.54	0	69.0	0.0	0.0	0.0	0.0	0.0	1	1953	-940.1	-2308.5	0.06	68.99	1
144.64	0	69.0	0.0	0.0	0.0	0.0	0.0	1	1953	-940.1	-2308.5	0.06	69.04	1
144.74	0	69.1	0.0	0.0	0.0	0.0	0.0	1	1953	-940.1	-2308.5	0.06	69.09	1
144.84	0	69.1	0.0	0.0	0.0	0.0	0.0	1	1953	-940.1	-2308.5	0.06	69.14	1
144.94	0	69.2	0.0	0.0	0.0	0.0	0.0	1	1953	-940.1	-2308.5	0.06	69.19	1
145.04	0	69.2	0.0	0.0	0.0	0.0	0.0	1	1953	-940.1	-2308.5	0.06	69.24	1
145.14	0	69.3	0.0	0.0	0.0	0.0	0.0	1	1953	-940.1	-2308.5	0.06	69.29	1
145.25	0	69.4	0.0	0.0	0.0	0.0	0.0	1	1953	-940.1	-2308.5	0.06	69.35	1
145.35	0	69.4	0.0	0.0	0.0	0.0	0.0	1	1953	-940.1	-2308.5	0.06	69.4	1
145.45	0	69.5	0.0	0.0	0.0	0.0	0.0	1	1953	-940.1	-2308.5	0.06	69.45	1
145.55	0	69.5	0.0	0.0	0.0	0.0	0.0	1	1953	-940.1	-2308.5	0.06	69.5	1
145.65	0	69.6	0.0	0.0	0.0	0.0	0.0	1	1953	-940.1	-2308.5	0.06	69.55	1
145.75	0	69.6	0.0	0.0	0.0	0.0	0.0	1	1953	-940.1	-2308.5	0.06	69.6	1
145.85	0	69.7	0.0	0.0	0.0	0.0	0.0	1	1953	-940.1	-2308.5	0.06	69.65	1
145.95	0	69.7	0.0	0.0	0.0	0.0	0.0	1	1953	-940.1	-2308.5	0.06	69.7	1
146.05	0	69.8	0.0	0.0	0.0	0.0	0.0	1	1953	-940.1	-2308.5	0.06	69.76	1
146.18	0	69.8	0.0	0.0	0.0	0.0	0.0	1	1953	-940.1	-2308.5	0.06	69.82	1
146.26	0	69.9	0.0	0.0	0.0	0.0	0.0	1	1953	-940.1	-2308.5	0.06	69.86	1
146.36	0	69.9	0.0	0.0	0.0	0.0	0.0	1	1953	-940.1	-2308.5	0.06	69.91	1
146.46	0	70.0	0.0	0.0	0.0	0.0	0.0	1	1953	-940.1	-2308.5	0.06	69.96	1
146.56	0	70.0	0.0	0.0	0.0	0.0	0.0	1	1953	-940.1	-2308.5	0.06	70.02	1
146.66	0	70.1	0.0	0.0	0.0	0.0	0.0	1	1953	-940.1	-2308.5	0.06	70.07	1
146.76	0	70.1	0.0	0.0	0.0	0.0	0.0	1	1953	-940.1	-2308.5	0.06	70.12	1
146.86	0	70.2	0.0	0.0	0.0	0.0	0.0	1	1953	-940.1	-2308.5	0.06	70.17	1
146.96	0	70.2	0.0	0.0	0.0	0.0	0.0	1	1953	-940.1	-2308.5	0.06	70.22	1
147.09	0	70.3	0.0	0.0	0.0	0.0	0.0	1	1953	-940.1	-2308.5	0.06	70.29	1
147.21	0	70.3	0.0	0.0	0.0	0.0	0.0	1	1953	-940.1	-2308.5	0.06	70.35	1
147.3	0	70.4	0.0	0.0	0.0	0.0	0.0	1	1953	-940.1	-2308.5	0.06	70.39	1
147.4	0	70.4	0.0	0.0	0.0	0.0	0.0	1	1953	-940.1	-2308.5	0.06	70.44	1
147.5	0	70.5	0.0	0.0	0.0	0.0	0.0	1	1953	-940.1	-2308.5	0.06	70.49	1
147.6	0	70.5	0.0	0.0	0.0	0.0	0.0	1	1953	-940.1	-2308.5	0.06	70.55	1
147.7	0	70.6	0.0	0.0	0.0	0.0	0.0	1	1953	-940.1	-2308.5	0.06	70.6	1
147.8	0	70.6	0.0	0.0	0.0	0.0	0.0	1	1953	-940.1	-2308.5	0.06	70.65	1
147.9	0	70.7	0.0	0.0	0.0	0.0	0.0	1	1953	-940.1	-2308.5	0.06	70.7	1
148.0	0	70.7	0.0	0.0	0.0	0.0	0.0	1	1953	-940.1	-2308.5	0.06	70.75	1
148.15	0	70.8	0.0	0.0	0.0	0.0	0.0	1	1953	-940.1	-2308.5	0.06	70.82	1
148.24	0	70.9	0.0	0.0	0.0	0.0	0.0	1	1953	-940.1	-2308.5	0.06	70.87	1
148.34	0	70.9	0.0	0.0	0.0	0.0	0.0	1	1953	-940.1	-2308.5	0.06	70.92	1
148.44	0	71.0	0.0	0.0	0.0	0.0	0.0	1	1953	-940.1	-2308.5	0.06	70.97	1
148.54	0	71.0	0.0	0.0	0.0	0.0	0.0	1	1953	-940.1	-2308.5	0.06	71.02	1
148.64	0	71.1	0.0	0.0	0.0	0.0	0.0	1	1953	-940.1	-2308.5	0.06	71.07	1
148.74	0	71.1	0.0	0.0	0.0	0.0	0.0	1	1953	-940.1	-2308.5	0.06	71.13	1
148.84	0	71.2	0.0	0.0	0.0	0.0	0.0	1	1953	-940.1	-2308.5	0.06	71.18	1
148.94	0	71.2	0.0	0.0	0.0	0.0	0.0	1	1953	-940.1	-2308.5	0.06	71.23	1
149.04	0	71.3	0.0	0.0	0.0	0.0	0.0	1	1953	-940.1	-2308.5	0.06	71.28	1
149.16	0	71.3	0.0	0.0	0.0	0.0	0.0	1	1953	-940.1	-2308.5	0.06	71.34	1
149.25	0	71.4	0.0	0.0	0.0	0.0	0.0	1	1953	-940.1	-2308.5	0.06	71.38	1
149.35	0	71.4	0.0	0.0	0.0	0.0	0.0	1	1953	-940.1	-2308.5	0.06	71.43	1
149.45	0	71.5	0.0	0.0	0.0	0.0	0.0	1	1953	-940.1	-2308.5	0.06	71.49	1
149.55	0	71.5	0.0	0.0	0.0	0.0	0.0	1	1953	-940.1	-2308.5	0.06	71.54	1
149.65	0	71.6	0.0	0.0	0.0	0.0	0.0	1	1953	-940.1	-2308.5	0.06	71.59	1
149.75	0	71.6	0.0	0.0	0.0	0.0	0.0	1	1953	-940.1	-2308.5	0.06	71.64	1
149.85	0	71.7	0.0	0.0	0.0	0.0	0.0	1	1953	-940.1	-2308.5	0.06	71.69	1
149.95	0	71.7	0.0	0.0	0.0	0.0	0.0	1	1953	-940.1	-2308.5	0.06	71.74	1
150.08	0	71.8	0.0	0.0	0.0	0.0	0.0	1	1953	-940.1	-2308.5	0.06	71.81	1
150.16	0	71.8	0.0	0.0	0.0	0.0	0.0	1	1953	-940.1	-2308.5	0.06	71.85	1
150.26	0	71.9	0.0	0.0	0.0	0.0	0.0	1	1953	-940.1	-2308.5	0.06	71.9	1
150.36	0	72.0	0.0	0.0	0.0	0.0	0.0	1	1953	-940.1	-2308.5	0.06	71.95	1
150.46	0	72.0	0.0	0.0	0.0	0.0	0.0	1	1953	-940.1	-2308.5	0.06	72.0	1
150.56	0	72.1	0.0	0.0	0.0	0.0	0.0	1	1953	-940.1	-2308.5	0.06	72.05	1
150.66	0	72.1	0.0	0.0	0.0	0.0	0.0	1	1953	-940.1	-2308.5	0.06	72.1	1
150.76	0	72.2	0.0	0.0	0.0	0.0	0.0	1	1953	-940.1	-2308.5	0.06	72.15	1
150.86	0	72.2	0.0	0.0	0.0	0.0	0.0	1	1953	-940.1	-2308.5	0.06	72.21	1
150.96	0	72.3	0.0	0.0	0.0	0.0	0.0	1	1953	-940.1	-2308.5	0.06	72.26	1
151.08	0	72.3	0.0	0.0	0.0	0.0	0.0	1	1953	-940.1	-2308.5	0.06	72.32	1
151.17	0	72.4	0.0	0.0	0.0	0.0	0.0	1	1953	-940.1	-2308.5	0.06	72.36	1
151.27	0	72.4	0.0	0.0	0.0	0.0	0.0	1	1953	-940.1	-2308.5	0.06	72.41	1
151.37	0	72.5	0.0	0.0	0.0	0.0	0.0	1	1953	-940.1	-2308.5	0.06	72.46	1
151.47	0	72.5	0.0	0.0	0.0	0.0	0.0	1	1953	-940.1	-2308.5	0.06	72.51	1
151.57	0	72.6	0.0	0.0	0.0	0.0	0.0	1	1953	-940.1	-2308.5	0.06	72.56	1
151.67	0	72.6	0.0	0.0	0.0	0.0	0.0	1	1953	-940.1	-2308.5	0.06	72.62	1
151.77	0	72.7	0.0	0.0	0.0	0.0	0.0	1	1953	-940.1	-2308.5	0.06	72.67	1
151.87	0	72.7	0.0	0.0	0.0	0.0	0.0	1	1953	-940.1	-2308.5	0.06	72.72	1
151.97	0	72.8	0.0	0.0	0.0	0.0	0.0	1	1953	-940.1	-2308.5	0.06	72.77	1
152.07	0	72.8	0.0	0.0	0.0	0.0	0.0	1	1953	-940.1	-2308.5	0.06	72.82	1
152.17	0	72.9	0.0	0.0	0.0	0.0	0.0	1	1953	-940.1	-2308.5	0.06	72.87	1
152.27	0	72.9	0.0	0.0	0.0	0.0	0.0	1	1953	-940.1	-2308.5	0.06	72.92	1
152.37	0	73.0	0.0	0.0	0.0	0.0	0.0	1	1953	-940.1	-2308.5	0.06	72.97	1
152.47	0	73.0	0.0	0.0	0.0	0.0	0.0	1	1953	-940.1	-2308.5	0.06	73.02	1
152.57	0	73.1	0.0	0.0	0.0	0.0	0.0	1	1953	-940.1	-2308.5	0.06	73.08	1
152.67	0	73.1	0.0	0.0	0.0	0.0	0.0	1	1953	-940.1	-2308.5	0.06	73.13	1
152.77	0	73.2	0.0	0.0	0.0	0.0	0.0	1	1953	-940.1	-2308.5	0.06	73.18	1
152.87	0	73.2	0.0	0.0	0.0	0.0	0.0	1	1953	-940.1	-2308.5	0.06	73.23	1
152.99	0	73.3	0.0	0.0	0.0	0.0	0.0	1	1953	-940.1	-2308.5	0.06	73.29	1
153.09	0	73.3	0.0	0.0	0.0	0.0	0.0	1	1953	-940.1	-2308.5	0.06	73.34	1
153.19	0	73.4	0.0	0.0	0.0	0.0	0.0	1	1953	-940.1	-2308.5	0.06	73.39	1
153.29	0	73.4	0.0	0.0	0.0	0.0	0.0	1	1953	-940.1	-2308.5	0.06	73.44	1
153.39	0	73.5	0.0	0.0	0.0	0.0	0.0	1	1953	-940.1	-2308.5	0.06	73.49	1
153.49	0	73.5	0.0	0.0	0.0	0.0	0.0	1	1953	-940.1	-2308.5	0.06	73.55	1
153.59	0	73.6	0.0	0.0	0.0	0.0	0.0	1	1953	-940.1	-2308.5	0.06	73.6	1
153.69	0	73.6	0.0	0.0	0.0	0.0	0.0	1	1953	-940.1	-2308.5	0.06	73.65	1
153.79	0	73.7	0.0	0.0	0.0	0.0	0.0	1	1953	-940.1	-2308.5	0.06	73.7	1
153.88	0	73.8	0.0	0.0	0.0	0.0	0.0	1	1953	-940.1	-2308.5	0.06	73.75	1
154.0	0	73.8	0.0	0.0	0.0	0.0	0.0	1	1953	-940.1	-2308.5	0.06	73.81	1
154.11	0	73.9	0.0	0.0	0.0	0.0	0.0	1	1953	-940.1	-2308.5	0.06	73.86	1
154.2	0	73.9	0.0	0.0	0.0	0.0	0.0	1	1953	-940.1	-2308.5	0.06	73.91	1
154.32	0	74.0	0.0	0.0	0.0	0.0	0.0	1	1953	-940.1	-2308.5	0.06	73.97	1
154.42	0	74.0	0.0	0.0	0.0	0.0	0.0	1	1953	-940.1	-2308.5	0.06	74.02	1
154.52	0	74.1	0.0	0.0	0.0	0.0	0.0	1	1953	-940.1	-2308.5	0.06	74.07	1
154.62	0	74.1	0.0	0.0	0.0	0.0	0.0	1	1953	-940.1	-2308.5	0.06	74.13	1
154.72	0	74.2	0.0	0.0	0.0	0.0	0.0	1	1953	-940.1	-2308.5	0.06	74.18	1
154.82	0	74.2	0.0	0.0	0.0	0.0	0.0	1	1953	-940.1	-2308.5	0.06	74.23	1
154.94	0	74.3	0.0	0.0	0.0	0.0	0.0	1	1953	-940.1	-2308.5	0.06	74.29	1
155.02	0	74.3	0.0	0.0	0.0	0.0	0.0	1	1953	-940.1	-2308.5	0.06	74.33	1
155.12	0	74.4	0.0	0.0	0.0	0.0	0.0	1	1953	-940.1	-2308.5	0.06	74.38	1
155.22	0	74.4	0.0	0.0	0.0	0.0	0.0	1	1953	-940.1	-2308.5	0.06	74.44	1
155.32	0	74.5	0.0	0.0	0.0	0.0	0.0	1	1953	-940.1	-2308.5	0.06	74.49	1
155.42	0	74.5	0.0	0.0	0.0	0.0	0.0	1	1953	-940.1	-2308.5	0.06	74.54	1
155.52	0	74.6	0.0	0.0	0.0	0.0	0.0	1	1953	-940.1	-2308.5	0.06	74.59	1
155.62	0	74.6	0.0	0.0	0.0	0.0	0.0	1	1953	-940.1	-2308.5	0.06	74.64	1
155.72	0	74.7	0.0	0.0	0.0	0.0	0.0	1	1953	-940.1	-2308.5	0.06	74.69	1
155.82	0	74.7	0.0	0.0	0.0	0.0	0.0	1	1953	-940.1	-2308.5	0.06	74.74	1
155.92	0	74.8	0.0	0.0	0.0	0.0	0.0	1	1953	-940.1	-2308.5	0.06	74.79	1
156.03	0	74.8	0.0	0.0	0.0	0.0	0.0	1	1953	-940.1	-2308.5	0.06	74.85	1
156.13	0	74.9	0.0	0.0	0.0	0.0	0.0	1	1953	-940.1	-2308.5	0.06	74.9	1
156.23	0	74.9	0.0	0.0	0.0	0.0	0.0	1	1953	-940.1	-2308.5	0.06	74.95	1
156.33	0	75.0	0.0	0.0	0.0	0.0	0.0	1	1953	-940.1	-2308.5	0.06	75.0	1
156.44	0	75.1	0.0	0.0	0.0	0.0	0.0	1	1953	-940.1	-2308.5	0.06	75.06	1
156.54	0	75.1	0.0	0.0	0.0	0.0	0.0	1	1953	-940.1	-2308.5	0.06	75.11	1
156.64	0	75.2	0.0	0.0	0.0	0.0	0.0	1	1953	-940.1	-2308.5	0.06	75.16	1
156.74	0	75.2	0.0	0.0	0.0	0.0	0.0	1	1953	-940.1	-2308.5	0.06	75.21	1
156.87	0	75.3	0.0	0.0	0.0	0.0	0.0	1	1953	-940.1	-2308.5	0.06	75.28	1
156.96	0	75.3	0.0	0.0	0.0	0.0	0.0	1	1953	-940.1	-2308.5	0.06	75.32	1
157.06	0	75.4	0.0	0.0	0.0	0.0	0.0	1	1953	-940.1	-2308.5	0.06	75.37	1
157.16	0	75.4	0.0	0.0	0.0	0.0	0.0	1	1953	-940.1	-2308.5	0.06	75.43	1
157.26	0	75.5	0.0	0.0	0.0	0.0	0.0	1	1953	-940.1	-2308.5	0.06	75.48	1
157.36	0	75.5	0.0	0.0	0.0	0.0	0.0	1	1953	-940.1	-2308.5	0.06	75.53	1
157.46	0	75.6	0.0	0.0	0.0	0.0	0.0	1	1953	-940.1	-2308.6	0.07	75.58	1
157.56	0	75.6	0.0	0.0	0.0	0.0	0.0	1	1953	-940.1	-2308.6	0.07	75.63	1
157.66	0	75.7	0.0	0.0	0.0	0.0	0.0	1	1953	-940.1	-2308.6	0.07	75.68	1
157.76	0	75.7	0.0	0.0	0.0	0.0	0.0	1	1953	-940.1	-2308.6	0.07	75.73	1
157.87	0	75.8	0.0	0.0	0.0	0.0	0.0	1	1953	-940.1	-2308.6	0.07	75.79	1
157.97	0	75.8	0.0	0.0	0.0	0.0	0.0	1	1953	-940.1	-2308.6	0.07	75.84	1
158.07	0	75.9	0.0	0.0	0.0	0.0	0.0	1	1953	-940.1	-2308.6	0.07	75.89	1
158.17	0	75.9	0.0	0.0	0.0	0.0	0.0	1	1953	-940.1	-2308.6	0.07	75.94	1
158.27	0	76.0	0.0	0.0	0.0	0.0	0.0	1	1953	-940.1	-2308.6	0.07	76.0	1
158.37	0	76.0	0.0	0.0	0.0	0.0	0.0	1	1953	-940.1	-2308.6	0.07	76.05	1
158.47	0	76.1	0.0	0.0	0.0	0.0	0.0	1	1953	-940.1	-2308.6	0.07	76.1	1
158.57	0	76.1	0.0	0.0	0.0	0.0	0.0	1	1953	-940.1	-2308.6	0.07	76.15	1
158.67	0	76.2	0.0	0.0	0.0	0.0	0.0	1	1953	-940.1	-2308.6	0.07	76.2	1
158.8	0	76.3	0.0	0.0	0.0	0.0	0.0	1	1953	-940.1	-2308.6	0.07	76.27	1
158.89	0	76.3	0.0	0.0	0.0	0.0	0.0	1	1953	-940.1	-2308.6	0.07	76.31	1
158.99	0	76.4	0.0	0.0	0.0	0.0	0.0	1	1953	-940.1	-2308.6	0.07	76.36	1
159.09	0	76.4	0.0	0.0	0.0	0.0	0.0	1	1953	-940.1	-2308.6	0.07	76.42	1
159.19	0	76.5	0.0	0.0	0.0	0.0	0.0	1	1953	-940.1	-2308.6	0.07	76.47	1
159.29	0	76.5	0.0	0.0	0.0	0.0	0.0	1	1953	-940.1	-2308.6	0.07	76.52	1
159.4	0	76.6	0.0	0.0	0.0	0.0	0.0	1	1953	-940.1	-2308.6	0.07	76.58	1
159.5	0	76.6	0.0	0.0	0.0	0.0	0.0	1	1953	-940.1	-2308.6	0.07	76.63	1
159.6	0	76.7	0.0	0.0	0.0	0.0	0.0	1	1953	-940.1	-2308.6	0.07	76.68	1
159.7	0	76.7	0.0	0.0	0.0	0.0	0.0	1	1953	-940.1	-2308.6	0.07	76.73	1
159.81	0	76.8	0.0	0.0	0.0	0.0	0.0	1	1953	-940.1	-2308.6	0.07	76.79	1
159.9	0	76.8	0.0	0.0	0.0	0.0	0.0	1	1953	-940.1	-2308.6	0.07	76.83	1
160.0	0	76.9	0.0	0.0	0.0	0.0	0.0	1	1953	-940.1	-2308.6	0.07	76.88	1
160.1	0	76.9	0.0	0.0	0.0	0.0	0.0	1	1953	-940.1	-2308.6	0.07	76.94	1
160.2	0	77.0	0.0	0.0	0.0	0.0	0.0	1	1953	-940.1	-2308.6	0.07	76.99	1
160.3	0	77.0	0.0	0.0	0.0	0.0	0.0	1	1953	-940.1	-2308.6	0.07	77.04	1
160.4	0	77.1	0.0	0.0	0.0	0.0	0.0	1	1953	-940.1	-2308.6	0.07	77.09	1
160.5	0	77.1	0.0	0.0	0.0	0.0	0.0	1	1953	-940.1	-2308.6	0.07	77.14	1
160.6	0	77.2	0.0	0.0	0.0	0.0	0.0	1	1953	-940.1	-2308.6	0.07	77.19	1
160.73	0	77.3	0.0	0.0	0.0	0.0	0.0	1	1953	-940.1	-2308.6	0.07	77.26	1
160.8	0	77.3	0.0	0.0	0.0	0.0	0.0	1	1953	-940.1	-2308.6	0.07	77.3	1
160.9	0	77.3	0.0	0.0	0.0	0.0	0.0	1	1953	-940.1	-2308.6	0.07	77.35	1
161.0	0	77.4	0.0	0.0	0.0	0.0	0.0	1	1953	-940.1	-2308.6	0.07	77.4	1
161.1	0	77.5	0.0	0.0	0.0	0.0	0.0	1	1953	-940.1	-2308.6	0.07	77.45	1
161.2	0	77.5	0.0	0.0	0.0	0.0	0.0	1	1953	-940.1	-2308.6	0.07	77.5	1
161.3	0	77.6	0.0	0.0	0.0	0.0	0.0	1	1953	-940.1	-2308.6	0.07	77.55	1
161.4	0	77.6	0.0	0.0	0.0	0.0	0.0	1	1953	-940.1	-2308.6	0.07	77.61	1
161.5	0	77.7	0.0	0.0	0.0	0.0	0.0	1	1953	-940.1	-2308.6	0.07	77.66	1
161.6	0	77.7	0.0	0.0	0.0	0.0	0.0	1	1953	-940.1	-2308.6	0.07	77.71	1
161.7	0	77.8	0.0	0.0	0.0	0.0	0.0	1	1953	-940.1	-2308.6	0.07	77.76	1
161.8	0	77.8	0.0	0.0	0.0	0.0	0.0	1	1953	-940.1	-2308.6	0.07	77.81	1
161.9	0	77.9	0.0	0.0	0.0	0.0	0.0	1	1953	-940.1	-2308.6	0.07	77.86	1
162.0	0	77.9	0.0	0.0	0.0	0.0	0.0	1	1953	-940.1	-2308.6	0.07	77.92	1
162.1	0	78.0	0.0	0.0	0.0	0.0	0.0	1	1953	-940.1	-2308.6	0.07	77.97	1
162.2	0	78.0	0.0	0.0	0.0	0.0	0.0	1	1953	-940.1	-2308.6	0.07	78.02	1
162.3	0	78.1	0.0	0.0	0.0	0.0	0.0	1	1953	-940.1	-2308.6	0.07	78.07	1
162.4	0	78.1	0.0	0.0	0.0	0.0	0.0	1	1953	-940.1	-2308.6	0.07	78.12	1
162.5	0	78.2	0.0	0.0	0.0	0.0	0.0	1	1953	-940.1	-2308.6	0.07	78.17	1
162.63	0	78.2	0.0	0.0	0.0	0.0	0.0	1	1953	-940.1	-2308.6	0.07	78.24	1
162.72	0	78.3	0.0	0.0	0.0	0.0	0.0	1	1953	-940.1	-2308.6	0.07	78.28	1
162.82	0	78.3	0.0	0.0	0.0	0.0	0.0	1	1953	-940.1	-2308.6	0.07	78.33	1
162.92	0	78.4	0.0	0.0	0.0	0.0	0.0	1	1953	-940.1	-2308.6	0.07	78.39	1
163.02	0	78.4	0.0	0.0	0.0	0.0	0.0	1	1953	-940.1	-2308.6	0.07	78.44	1
163.12	0	78.5	0.0	0.0	0.0	0.0	0.0	1	1953	-940.1	-2308.6	0.07	78.49	1
163.22	0	78.5	0.0	0.0	0.0	0.0	0.0	1	1953	-940.1	-2308.6	0.07	78.54	1
163.32	0	78.6	0.0	0.0	0.0	0.0	0.0	1	1953	-940.1	-2308.6	0.07	78.59	1
163.42	0	78.6	0.0	0.0	0.0	0.0	0.0	1	1953	-940.1	-2308.6	0.07	78.64	1
163.52	0	78.7	0.0	0.0	0.0	0.0	0.0	1	1953	-940.1	-2308.6	0.07	78.7	1
163.63	0	78.8	0.0	0.0	0.0	0.0	0.0	1	1953	-940.1	-2308.6	0.07	78.75	1
163.73	0	78.8	0.0	0.0	0.0	0.0	0.0	1	1953	-940.1	-2308.6	0.07	78.8	1
163.83	0	78.9	0.0	0.0	0.0	0.0	0.0	1	1953	-940.1	-2308.6	0.07	78.85	1
163.93	0	78.9	0.0	0.0	0.0	0.0	0.0	1	1953	-940.1	-2308.6	0.07	78.91	1
164.02	0	79.0	0.0	0.0	0.0	0.0	0.0	1	1953	-940.1	-2308.6	0.07	78.96	1
164.12	0	79.0	0.0	0.0	0.0	0.0	0.0	1	1953	-940.1	-2308.6	0.07	79.01	1
164.22	0	79.1	0.0	0.0	0.0	0.0	0.0	1	1953	-940.1	-2308.6	0.07	79.06	1
164.32	0	79.1	0.0	0.0	0.0	0.0	0.0	1	1953	-940.1	-2308.6	0.07	79.11	1
164.42	0	79.2	0.0	0.0	0.0	0.0	0.0	1	1953	-940.1	-2308.6	0.07	79.16	1
164.56	0	79.2	0.0	0.0	0.0	0.0	0.0	1	1953	-940.1	-2308.6	0.07	79.23	1
164.63	0	79.3	0.0	0.0	0.0	0.0	0.0	1	1953	-940.1	-2308.6	0.07	79.27	1
164.73	0	79.3	0.0	0.0	0.0	0.0	0.0	1	1953	-940.1	-2308.6	0.07	79.32	1
164.83	0	79.4	0.0	0.0	0.0	0.0	0.0	1	1953	-940.1	-2308.6	0.07	79.37	1
164.93	0	79.4	0.0	0.0	0.0	0.0	0.0	1	1953	-940.1	-2308.6	0.07	79.42	1
165.03	0	79.5	0.0	0.0	0.0	0.0	0.0	1	1953	-940.1	-2308.6	0.07	79.47	1
165.13	0	79.5	0.0	0.0	0.0	0.0	0.0	1	1953	-940.1	-2308.6	0.07	79.53	1
165.23	0	79.6	0.0	0.0	0.0	0.0	0.0	1	1953	-940.1	-2308.6	0.07	79.58	1
165.33	0	79.6	0.0	0.0	0.0	0.0	0.0	1	1953	-940.1	-2308.6	0.07	79.63	1
165.43	0	79.7	0.0	0.0	0.0	0.0	0.0	1	1953	-940.1	-2308.6	0.07	79.68	1
165.54	0	79.7	0.0	0.0	0.0	0.0	0.0	1	1953	-940.1	-2308.6	0.07	79.74	1
165.63	0	79.8	0.0	0.0	0.0	0.0	0.0	1	1953	-940.1	-2308.6	0.07	79.79	1
165.75	0	79.8	0.0	0.0	0.0	0.0	0.0	1	1953	-940.1	-2308.6	0.07	79.85	1
165.85	0	79.9	0.0	0.0	0.0	0.0	0.0	1	1953	-940.1	-2308.6	0.07	79.9	1
165.95	0	79.9	0.0	0.0	0.0	0.0	0.0	1	1953	-940.1	-2308.6	0.07	79.95	1
166.05	0	80.0	0.0	0.0	0.0	0.0	0.0	1	1953	-940.1	-2308.6	0.07	80.0	1
166.15	0	80.1	0.0	0.0	0.0	0.0	0.0	1	1953	-940.1	-2308.6	0.07	80.05	1
166.25	0	80.1	0.0	0.0	0.0	0.0	0.0	1	1953	-940.1	-2308.6	0.07	80.1	1
166.35	0	80.2	0.0	0.0	0.0	0.0	0.0	1	1953	-940.1	-2308.6	0.07	80.16	1
166.48	0	80.2	0.0	0.0	0.0	0.0	0.0	1	1953	-940.1	-2308.6	0.07	80.23	1
166.56	0	80.3	0.0	0.0	0.0	0.0	0.0	1	1953	-940.1	-2308.6	0.07	80.27	1
166.66	0	80.3	0.0	0.0	0.0	0.0	0.0	1	1953	-940.1	-2308.6	0.07	80.32	1
166.76	0	80.4	0.0	0.0	0.0	0.0	0.0	1	1953	-940.1	-2308.6	0.07	80.37	1
166.86	0	80.4	0.0	0.0	0.0	0.0	0.0	1	1953	-940.1	-2308.6	0.07	80.42	1
166.96	0	80.5	0.0	0.0	0.0	0.0	0.0	1	1953	-940.1	-2308.6	0.07	80.47	1
167.06	0	80.5	0.0	0.0	0.0	0.0	0.0	1	1953	-940.1	-2308.6	0.07	80.52	1
167.16	0	80.6	0.0	0.0	0.0	0.0	0.0	1	1953	-940.1	-2308.6	0.07	80.58	1
167.26	0	80.6	0.0	0.0	0.0	0.0	0.0	1	1953	-940.1	-2308.6	0.07	80.63	1
167.36	0	80.7	0.0	0.0	0.0	0.0	0.0	1	1953	-940.1	-2308.6	0.07	80.68	1
167.48	0	80.7	0.0	0.0	0.0	0.0	0.0	1	1953	-940.1	-2308.6	0.07	80.74	1
167.57	0	80.8	0.0	0.0	0.0	0.0	0.0	1	1953	-940.1	-2308.6	0.07	80.79	1
167.67	0	80.8	0.0	0.0	0.0	0.0	0.0	1	1953	-940.1	-2308.6	0.07	80.84	1
167.77	0	80.9	0.0	0.0	0.0	0.0	0.0	1	1953	-940.1	-2308.6	0.07	80.89	1
167.87	0	80.9	0.0	0.0	0.0	0.0	0.0	1	1953	-940.1	-2308.6	0.07	80.94	1
167.97	0	81.0	0.0	0.0	0.0	0.0	0.0	1	1953	-940.1	-2308.6	0.07	81.0	1
168.07	0	81.0	0.0	0.0	0.0	0.0	0.0	1	1953	-940.1	-2308.6	0.07	81.05	1
168.17	0	81.1	0.0	0.0	0.0	0.0	0.0	1	1953	-940.1	-2308.6	0.07	81.1	1
168.27	0	81.2	0.0	0.0	0.0	0.0	0.0	1	1953	-940.1	-2308.6	0.07	81.15	1
168.41	0	81.2	0.0	0.0	0.0	0.0	0.0	1	1953	-940.1	-2308.6	0.07	81.22	1
168.48	0	81.3	0.0	0.0	0.0	0.0	0.0	1	1953	-940.1	-2308.6	0.07	81.26	1
168.58	0	81.3	0.0	0.0	0.0	0.0	0.0	1	1953	-940.1	-2308.6	0.07	81.31	1
168.68	0	81.4	0.0	0.0	0.0	0.0	0.0	1	1953	-940.1	-2308.6	0.07	81.36	1
168.78	0	81.4	0.0	0.0	0.0	0.0	0.0	1	1953	-940.1	-2308.6	0.07	81.41	1
168.88	0	81.5	0.0	0.0	0.0	0.0	0.0	1	1953	-940.1	-2308.6	0.07	81.47	1
168.98	0	81.5	0.0	0.0	0.0	0.0	0.0	1	1953	-940.1	-2308.6	0.07	81.52	1
169.08	0	81.6	0.0	0.0	0.0	0.0	0.0	1	1953	-940.1	-2308.6	0.07	81.57	1
169.18	0	81.6	0.0	0.0	0.0	0.0	0.0	1	1953	-940.1	-2308.6	0.07	81.62	1
169.28	0	81.7	0.0	0.0	0.0	0.0	0.0	1	1953	-940.1	-2308.6	0.07	81.67	1
169.4	0	81.7	0.0	0.0	0.0	0.0	0.0	1	1953	-940.1	-2308.6	0.07	81.74	1
169.5	0	81.8	0.0	0.0	0.0	0.0	0.0	1	1953	-940.1	-2308.6	0.07	81.78	1
169.6	0	81.8	0.0	0.0	0.0	0.0	0.0	1	1953	-940.1	-2308.6	0.07	81.84	1
169.7	0	81.9	0.0	0.0	0.0	0.0	0.0	1	1953	-940.1	-2308.6	0.07	81.89	1
169.8	0	81.9	0.0	0.0	0.0	0.0	0.0	1	1953	-940.1	-2308.6	0.07	81.94	1
169.9	0	82.0	0.0	0.0	0.0	0.0	0.0	1	1953	-940.1	-2308.6	0.07	81.99	1
170.0	0	82.0	0.0	0.0	0.0	0.0	0.0	1	1953	-940.1	-2308.6	0.07	82.04	1
170.1	0	82.1	0.0	0.0	0.0	0.0	0.0	1	1953	-940.1	-2308.6	0.07	82.1	1
170.2	0	82.1	0.0	0.0	0.0	0.0	0.0	1	1953	-940.1	-2308.6	0.07	82.15	1
170.3	0	82.2	0.0	0.0	0.0	0.0	0.0	1	1953	-940.1	-2308.6	0.07	82.2	1
170.41	0	82.3	0.0	0.0	0.0	0.0	0.0	1	1953	-940.1	-2308.6	0.07	82.26	1
170.51	0	82.3	0.0	0.0	0.0	0.0	0.0	1	1953	-940.1	-2308.6	0.07	82.31	1
170.61	0	82.4	0.0	0.0	0.0	0.0	0.0	1	1953	-940.1	-2308.6	0.07	82.36	1
170.71	0	82.4	0.0	0.0	0.0	0.0	0.0	1	1953	-940.1	-2308.6	0.07	82.41	1
170.81	0	82.5	0.0	0.0	0.0	0.0	0.0	1	1953	-940.1	-2308.6	0.07	82.47	1
170.91	0	82.5	0.0	0.0	0.0	0.0	0.0	1	1953	-940.1	-2308.6	0.07	82.52	1
171.01	0	82.6	0.0	0.0	0.0	0.0	0.0	1	1953	-940.1	-2308.6	0.07	82.57	1
171.13	0	82.6	0.0	0.0	0.0	0.0	0.0	1	1953	-940.1	-2308.6	0.07	82.63	1
171.23	0	82.7	0.0	0.0	0.0	0.0	0.0	1	1953	-940.1	-2308.6	0.07	82.68	1
171.35	0	82.7	0.0	0.0	0.0	0.0	0.0	1	1953	-940.1	-2308.6	0.07	82.74	1
171.44	0	82.8	0.0	0.0	0.0	0.0	0.0	1	1953	-940.1	-2308.6	0.07	82.79	1
171.54	0	82.8	0.0	0.0	0.0	0.0	0.0	1	1953	-940.1	-2308.6	0.07	82.84	1
171.64	0	82.9	0.0	0.0	0.0	0.0	0.0	1	1953	-940.1	-2308.6	0.07	82.9	1
171.74	0	82.9	0.0	0.0	0.0	0.0	0.0	1	1953	-940.1	-2308.6	0.07	82.95	1
171.84	0	83.0	0.0	0.0	0.0	0.0	0.0	1	1953	-940.1	-2308.6	0.07	83.0	1
171.96	0	83.1	0.0	0.0	0.0	0.0	0.0	1	1953	-940.1	-2308.6	0.07	83.06	1
172.05	0	83.1	0.0	0.0	0.0	0.0	0.0	1	1953	-940.1	-2308.6	0.07	83.11	1
172.15	0	83.2	0.0	0.0	0.0	0.0	0.0	1	1953	-940.1	-2308.6	0.07	83.16	1
172.26	0	83.2	0.0	0.0	0.0	0.0	0.0	1	1953	-940.1	-2308.6	0.07	83.21	1
172.36	0	83.3	0.0	0.0	0.0	0.0	0.0	1	1953	-940.1	-2308.6	0.07	83.27	1
172.46	0	83.3	0.0	0.0	0.0	0.0	0.0	1	1953	-940.1	-2308.6	0.07	83.32	1
172.56	0	83.4	0.0	0.0	0.0	0.0	0.0	1	1953	-940.1	-2308.6	0.07	83.37	1
172.66	0	83.4	0.0	0.0	0.0	0.0	0.0	1	1953	-940.1	-2308.6	0.07	83.43	1
172.76	0	83.5	0.0	0.0	0.0	0.0	0.0	1	1953	-940.1	-2308.6	0.07	83.48	1
172.86	0	83.5	0.0	0.0	0.0	0.0	0.0	1	1953	-940.1	-2308.6	0.07	83.53	1
172.96	0	83.6	0.0	0.0	0.0	0.0	0.0	1	1953	-940.1	-2308.6	0.07	83.58	1
173.06	0	83.6	0.0	0.0	0.0	0.0	0.0	1	1953	-940.1	-2308.6	0.07	83.63	1
173.16	0	83.7	0.0	0.0	0.0	0.0	0.0	1	1953	-940.1	-2308.6	0.07	83.69	1
173.32	0	83.8	0.0	0.0	0.0	0.0	0.0	1	1953	-940.1	-2308.6	0.07	83.77	1
173.57	0	83.9	0.0	0.0	0.0	0.0	0.0	1	1953	-940.1	-2308.6	0.07	83.89	1
173.65	0	83.9	0.0	0.0	0.0	0.0	0.0	1	1953	-940.1	-2308.6	0.07	83.94	1
173.75	0	84.0	0.0	0.0	0.0	0.0	0.0	1	1953	-940.1	-2308.6	0.07	83.99	1
173.85	0	84.0	0.0	0.0	0.0	0.0	0.0	1	1953	-940.1	-2308.6	0.07	84.04	1
173.95	0	84.1	0.0	0.0	0.0	0.0	0.0	1	1953	-940.1	-2308.6	0.07	84.09	1
174.05	0	84.1	0.0	0.0	0.0	0.0	0.0	1	1953	-940.1	-2308.6	0.07	84.15	1
174.15	0	84.2	0.0	0.0	0.0	0.0	0.0	1	1953	-940.1	-2308.6	0.07	84.2	1
174.25	0	84.2	0.0	0.0	0.0	0.0	0.0	1	1953	-940.1	-2308.6	0.07	84.25	1
174.35	0	84.3	0.0	0.0	0.0	0.0	0.0	1	1953	-940.1	-2308.6	0.07	84.3	1
174.45	0	84.4	0.0	0.0	0.0	0.0	0.0	1	1953	-940.1	-2308.6	0.07	84.35	1
174.53	0	84.4	0.0	0.0	0.0	0.0	0.0	1	1953	-940.1	-2308.6	0.07	84.4	1
174.63	0	84.4	0.0	0.0	0.0	0.0	0.0	1	1953	-940.1	-2308.6	0.07	84.45	1
174.73	0	84.5	0.0	0.0	0.0	0.0	0.0	1	1953	-940.1	-2308.6	0.07	84.5	1
174.83	0	84.6	0.0	0.0	0.0	0.0	0.0	1	1953	-940.1	-2308.6	0.07	84.55	1
174.93	0	84.6	0.0	0.0	0.0	0.0	0.0	1	1953	-940.1	-2308.6	0.07	84.61	1
175.03	0	84.7	0.0	0.0	0.0	0.0	0.0	1	1953	-940.1	-2308.6	0.07	84.66	1
175.13	0	84.7	0.0	0.0	0.0	0.0	0.0	1	1953	-940.1	-2308.6	0.07	84.71	1
175.23	0	84.8	0.0	0.0	0.0	0.0	0.0	1	1953	-940.1	-2308.6	0.07	84.76	1
175.36	0	84.8	0.0	0.0	0.0	0.0	0.0	1	1953	-940.1	-2308.6	0.07	84.83	1
175.43	0	84.9	0.0	0.0	0.0	0.0	0.0	1	1953	-940.1	-2308.6	0.07	84.86	1
175.53	0	84.9	0.0	0.0	0.0	0.0	0.0	1	1953	-940.1	-2308.6	0.07	84.92	1
175.63	0	85.0	0.0	0.0	0.0	0.0	0.0	1	1953	-940.1	-2308.6	0.07	84.97	1
175.73	0	85.0	0.0	0.0	0.0	0.0	0.0	1	1953	-940.1	-2308.6	0.07	85.02	1
175.83	0	85.1	0.0	0.0	0.0	0.0	0.0	1	1953	-940.1	-2308.6	0.07	85.07	1
175.93	0	85.1	0.0	0.0	0.0	0.0	0.0	1	1953	-940.1	-2308.6	0.07	85.12	1
176.03	0	85.2	0.0	0.0	0.0	0.0	0.0	1	1953	-940.1	-2308.6	0.07	85.18	1
176.13	0	85.2	0.0	0.0	0.0	0.0	0.0	1	1953	-940.1	-2308.6	0.07	85.23	1
176.23	0	85.3	0.0	0.0	0.0	0.0	0.0	1	1953	-940.1	-2308.6	0.07	85.28	1
176.33	0	85.3	0.0	0.0	0.0	0.0	0.0	1	1953	-940.1	-2308.6	0.07	85.33	1
176.43	0	85.4	0.0	0.0	0.0	0.0	0.0	1	1953	-940.1	-2308.6	0.07	85.38	1
176.53	0	85.4	0.0	0.0	0.0	0.0	0.0	1	1953	-940.1	-2308.6	0.07	85.44	1
176.63	0	85.5	0.0	0.0	0.0	0.0	0.0	1	1953	-940.1	-2308.6	0.07	85.49	1
176.73	0	85.5	0.0	0.0	0.0	0.0	0.0	1	1953	-940.1	-2308.6	0.07	85.54	1
176.83	0	85.6	0.0	0.0	0.0	0.0	0.0	1	1953	-940.1	-2308.6	0.07	85.59	1
176.93	0	85.6	0.0	0.0	0.0	0.0	0.0	1	1953	-940.1	-2308.6	0.07	85.64	1
177.04	0	85.7	0.0	0.0	0.0	0.0	0.0	1	1953	-940.1	-2308.6	0.07	85.7	1
177.14	0	85.8	0.0	0.0	0.0	0.0	0.0	1	1953	-940.1	-2308.6	0.07	85.75	1
177.27	0	85.8	0.0	0.0	0.0	0.0	0.0	1	1953	-940.1	-2308.6	0.07	85.82	1
177.34	0	85.9	0.0	0.0	0.0	0.0	0.0	1	1953	-940.1	-2308.6	0.07	85.86	1
177.44	0	85.9	0.0	0.0	0.0	0.0	0.0	1	1953	-940.1	-2308.6	0.07	85.91	1
177.54	0	86.0	0.0	0.0	0.0	0.0	0.0	1	1953	-940.1	-2308.6	0.07	85.96	1
177.64	0	86.0	0.0	0.0	0.0	0.0	0.0	1	1953	-940.1	-2308.6	0.07	86.01	1
177.74	0	86.1	0.0	0.0	0.0	0.0	0.0	1	1953	-940.1	-2308.6	0.07	86.07	1
177.84	0	86.1	0.0	0.0	0.0	0.0	0.0	1	1953	-940.1	-2308.6	0.07	86.12	1
177.94	0	86.2	0.0	0.0	0.0	0.0	0.0	1	1953	-940.1	-2308.6	0.07	86.17	1
178.04	0	86.2	0.0	0.0	0.0	0.0	0.0	1	1953	-940.1	-2308.6	0.07	86.22	1
178.14	0	86.3	0.0	0.0	0.0	0.0	0.0	1	1953	-940.1	-2308.6	0.07	86.28	1
178.25	0	86.3	0.0	0.0	0.0	0.0	0.0	1	1953	-940.1	-2308.6	0.07	86.33	1
178.35	0	86.4	0.0	0.0	0.0	0.0	0.0	1	1953	-940.1	-2308.6	0.07	86.39	1
178.45	0	86.4	0.0	0.0	0.0	0.0	0.0	1	1953	-940.1	-2308.6	0.07	86.44	1
178.55	0	86.5	0.0	0.0	0.0	0.0	0.0	1	1953	-940.1	-2308.6	0.07	86.49	1
178.65	0	86.5	0.0	0.0	0.0	0.0	0.0	1	1953	-940.1	-2308.6	0.07	86.54	1
178.75	0	86.6	0.0	0.0	0.0	0.0	0.0	1	1953	-940.1	-2308.6	0.07	86.59	1
178.85	0	86.6	0.0	0.0	0.0	0.0	0.0	1	1953	-940.1	-2308.6	0.07	86.65	1
178.95	0	86.7	0.0	0.0	0.0	0.0	1.0	1	1953	-940.1	-2308.6	0.07	86.7	1
179.05	0	86.8	0.0	0.0	0.0	0.0	1.0	1	1953	-940.1	-2308.6	0.07	86.75	1
179.18	0	86.8	0.0	0.0	0.0	0.0	1.0	1	1953	-940.1	-2308.6	0.07	86.82	1
179.26	0	86.9	0.0	0.0	0.0	0.0	1.0	1	1953	-940.1	-2308.6	0.07	86.86	1
179.36	0	86.9	0.0	0.0	0.0	0.0	1.0	1	1953	-940.1	-2308.6	0.07	86.91	1
179.46	0	87.0	0.0	0.0	0.0	0.0	1.0	1	1953	-940.1	-2308.6	0.07	86.96	1
179.56	0	87.0	0.0	0.0	0.0	0.0	1.0	1	1953	-940.1	-2308.6	0.07	87.02	1
179.66	0	87.1	0.0	0.0	0.0	0.0	1.0	1	1953	-940.1	-2308.6	0.07	87.07	1
179.76	0	87.1	0.0	0.0	0.0	0.0	1.0	1	1953	-940.1	-2308.6	0.07	87.12	1
179.86	0	87.2	0.0	0.0	0.0	0.0	1.0	1	1953	-940.1	-2308.6	0.07	87.17	1
179.96	0	87.2	0.0	0.0	0.0	0.0	1.0	1	1953	-940.1	-2308.6	0.07	87.23	1
180.06	0	87.3	0.0	0.0	0.0	0.0	1.0	1	1953	-940.1	-2308.6	0.07	87.28	1
180.18	0	0.1	2.2	0.55	0.0	0.0	0.0	1	1624	-940.1	-2308.6	0.1	0.07	1
180.29	0	0.2	4.1	0.62	0.0	0.0	0.0	1	1662	-940.2	-2308.7	0.06	0.17	1
180.39	0	0.3	5.8	0.63	0.0	0.0	0.0	1	1665	-940.3	-2308.8	0.02	0.3	1
180.49	0	0.5	7.5	0.63	0.0	0.0	0.0	1	1665	-940.4	-2308.9	-0.05	0.47	1
180.59	0	0.7	9.2	0.63	0.0	0.0	0.0	1	1665	-940.5	-2309.1	-0.12	0.69	1
180.69	0	1.0	11.0	0.63	0.0	-0.03	0.0	1	1665	-940.7	-2309.3	-0.22	0.95	1
180.8	0	1.3	12.7	0.63	0.0	-0.06	0.0	1	1665	-940.9	-2309.6	-0.33	1.28	1
180.9	0	1.6	14.4	0.63	0.0	-0.09	0.0	1	1665	-941.1	-2309.9	-0.45	1.64	1
181.0	0	2.0	16.1	0.63	0.0	-0.13	0.0	1	1665	-941.3	-2310.2	-0.58	2.04	1
181.12	0	2.7	18.3	0.63	0.0	-0.19	0.0	1	1665	-941.7	-2310.7	-0.77	2.68	1
181.2	0	3.1	19.6	0.63	0.0	-0.22	0.0	1	1665	-942.0	-2311.0	-0.85	3.05	1
181.3	0	3.6	21.3	0.6	0.0	-0.2	0.0	1	1661	-942.3	-2311.5	-0.91	3.6	1
181.4	0	4.9	22.7	0.6	0.0	-0.13	0.0	1	1743	-942.7	-2311.9	-0.81	4.91	1
181.5	0	5.5	23.9	0.6	0.0	-0.13	0.0	1	1817	-943.1	-2312.4	-0.58	5.45	1
181.6	0	6.0	24.8	0.6	0.0	-0.12	0.0	1	1872	-943.6	-2313.0	-0.48	6.04	1
181.7	0	6.7	25.5	0.6	0.0	-0.09	0.0	1	1916	-944.0	-2313.5	-0.38	6.73	1
181.8	0	7.4	26.0	0.6	0.0	-0.18	0.0	1	1952	-944.5	-2314.0	-0.3	7.44	1
181.9	0	8.2	26.5	0.6	0.0	-0.2	0.0	1	1982	-945.0	-2314.6	-0.25	8.16	1
182.0	0	8.9	26.9	0.6	0.0	-0.14	0.0	1	2005	-945.5	-2315.1	-0.2	8.9	1
182.11	0	9.8	27.3	0.6	0.0	-0.13	0.0	1	2037	-946.1	-2315.8	-0.09	9.79	1
182.21	0	10.5	27.7	0.6	0.0	-0.13	0.0	1	2064	-946.6	-2316.3	0.03	10.54	1
182.31	0	11.3	28.0	0.6	0.0	-0.09	0.0	1	2090	-947.1	-2316.9	0.18	11.29	1
182.41	0	12.1	28.4	0.6	0.0	-0.08	0.0	1	2116	-947.7	-2317.4	0.32	12.07	1
182.51	0	12.8	28.7	0.6	0.0	-0.08	0.0	1	2143	-948.2	-2318.0	0.46	12.85	1
182.61	0	13.7	29.1	0.6	0.0	-0.08	0.0	1	2169	-948.8	-2318.6	0.54	13.69	1
182.71	0	14.5	29.4	0.6	0.0	-0.1	0.0	1	2196	-949.4	-2319.2	0.62	14.49	1
182.81	0	15.3	29.8	0.6	0.0	-0.11	0.0	1	2222	-950.0	-2319.7	0.68	15.31	1
182.91	0	16.2	30.2	0.63	0.0	-0.08	0.0	1	2250	-950.6	-2320.3	0.73	16.15	1
183.05	0	17.3	30.7	0.66	0.0	-0.04	0.0	1	2291	-951.4	-2321.1	0.8	17.28	1
183.13	0	18.0	31.0	0.66	0.0	-0.04	0.0	1	2317	-951.9	-2321.6	0.83	17.97	1
183.23	0	18.8	31.4	0.66	0.0	-0.02	0.0	1	2347	-952.5	-2322.2	0.88	18.83	1
183.33	0	19.7	31.9	0.66	0.0	-0.02	0.0	1	2378	-953.1	-2322.8	0.93	19.71	1
183.43	0	20.6	32.3	0.69	0.0	-0.02	0.0	1	2412	-953.8	-2323.4	0.97	20.62	1
183.53	0	21.5	32.7	0.69	0.0	-0.02	0.0	1	2445	-954.4	-2324.0	1.01	21.52	1
183.63	0	22.4	33.2	0.71	0.0	-0.02	0.0	1	2482	-955.1	-2324.7	1.04	22.43	1
183.73	0	23.4	33.7	0.73	0.0	-0.02	0.0	1	2519	-955.8	-2325.3	1.06	23.38	1
183.83	0	24.3	34.2	0.74	0.0	-0.02	0.0	1	2558	-956.4	-2325.9	1.08	24.32	1
183.93	0	25.3	34.7	0.74	0.0	-0.02	0.0	1	2596	-957.1	-2326.6	1.09	25.31	1
184.04	0	26.4	35.3	0.75	0.0	-0.02	0.0	1	2640	-957.9	-2327.4	1.07	26.42	1
184.13	0	27.3	35.7	0.75	0.0	-0.02	0.0	1	2673	-958.6	-2328.0	1.06	27.27	1
184.23	0	28.3	36.2	0.75	0.0	-0.02	0.0	1	2711	-959.3	-2328.6	1.04	28.27	1
184.33	0	29.3	36.7	0.74	0.0	-0.02	0.0	1	2749	-960.0	-2329.3	1.03	29.28	1
184.43	0	30.3	37.3	0.77	0.0	-0.02	0.0	1	2790	-960.8	-2330.0	1.01	30.31	1
184.53	0	31.4	37.8	0.77	0.0	-0.02	0.0	1	2829	-961.5	-2330.8	0.99	31.36	1
184.63	0	32.4	38.3	0.77	0.0	-0.02	0.0	1	2870	-962.3	-2331.5	0.96	32.41	1
184.73	0	33.5	38.9	0.77	0.0	-0.02	0.0	1	2916	-963.1	-2332.2	0.94	33.49	1
184.83	0	34.6	39.5	0.77	0.0	-0.02	0.0	1	2966	-963.9	-2332.9	0.91	34.58	1
184.95	0	35.9	40.3	0.77	0.0	-0.02	0.0	1	3031	-964.9	-2333.8	0.88	35.9	1
185.03	0	36.8	40.9	0.79	0.0	0.01	0.0	1	3086	-965.5	-2334.5	0.85	36.81	1
185.13	0	38.0	41.8	0.79	0.0	0.01	0.0	1	3154	-966.4	-2335.2	0.82	37.96	1
185.23	0	39.1	42.7	0.77	0.0	0.01	0.0	1	3225	-967.2	-2336.0	0.79	39.13	1
185.33	0	40.3	43.5	0.61	0.0	0.01	0.76	1	3264	-968.1	-2336.8	0.77	40.33	1
185.43	0	41.5	43.9	0.35	0.0	0.04	0.24	1	3263	-969.0	-2337.7	0.74	41.54	1
185.53	0	42.8	43.7	0.0	0.0	0.01	0.0	1	3186	-969.9	-2338.5	0.71	42.76	1
185.63	0	44.0	43.1	0.0	0.0	0.01	0.0	1	3145	-970.8	-2339.3	0.69	43.97	1
185.73	0	45.2	42.6	0.0	0.0	0.01	0.0	1	3107	-971.6	-2340.2	0.67	45.16	1
185.83	0	46.3	42.1	0.0	0.0	0.0	0.0	1	3068	-972.5	-2341.0	0.65	46.33	1
185.94	0	47.7	41.5	0.0	0.0	0.0	0.0	1	3025	-973.5	-2341.9	0.62	47.66	1
186.04	0	48.8	41.0	0.0	0.0	0.0	0.0	1	2989	-974.3	-2342.6	0.6	48.78	1
186.14	0	49.9	40.5	0.0	0.0	0.0	0.0	1	2952	-975.1	-2343.4	0.59	49.9	1
186.24	0	51.0	39.9	0.0	0.0	0.0	0.0	1	2915	-975.9	-2344.2	0.57	51.02	1
186.34	0	52.1	39.4	0.0	0.0	0.0	0.0	1	2878	-976.7	-2344.9	0.55	52.13	1
186.44	0	53.2	38.9	0.0	0.0	0.0	0.0	1	2843	-977.5	-2345.7	0.53	53.21	1
186.54	0	54.3	38.5	0.0	0.0	0.0	0.0	1	2808	-978.3	-2346.4	0.51	54.29	1
186.64	0	55.3	38.0	0.0	0.0	0.0	0.0	1	2773	-979.1	-2347.1	0.5	55.35	1
186.74	0	56.4	37.5	0.0	0.0	0.0	0.0	1	2737	-979.8	-2347.9	0.48	56.4	1
186.87	0	57.8	36.9	0.0	0.0	-0.01	0.0	1	2692	-980.8	-2348.8	0.46	57.78	1
186.95	0	58.5	36.5	0.0	0.0	-0.01	0.0	1	2666	-981.4	-2349.3	0.45	58.54	1
187.05	0	59.6	36.2	0.44	0.0	0.01	0.0	1	2681	-982.1	-2350.0	0.43	59.55	1
187.15	0	60.6	36.5	0.69	0.0	0.03	0.0	1	2724	-982.9	-2350.7	0.41	60.56	1
187.25	0	61.6	37.0	0.86	0.0	0.01	0.0	1	2780	-983.6	-2351.4	0.4	61.58	1
187.35	0	62.6	37.7	0.93	0.0	0.01	0.0	1	2840	-984.4	-2352.1	0.39	62.62	1
187.45	0	63.7	38.5	0.95	0.0	0.01	0.0	1	2907	-985.1	-2352.9	0.37	63.68	1
187.55	0	64.8	39.4	0.95	0.0	0.0	0.0	1	2980	-985.9	-2353.6	0.36	64.76	1
187.65	0	65.9	40.4	0.95	0.0	0.0	0.0	1	3063	-986.7	-2354.4	0.34	65.87	1
187.75	0	67.0	41.5	0.95	0.0	0.0	0.0	1	3154	-987.5	-2355.1	0.33	67.01	1
187.85	0	68.2	42.7	0.95	0.0	0.0	0.0	1	3255	-988.4	-2355.9	0.31	68.17	1
187.95	0	69.4	44.0	0.95	0.0	0.0	0.0	1	3368	-989.3	-2356.8	0.3	69.37	1
188.05	0	70.6	45.4	0.95	0.0	0.0	0.0	1	3493	-990.2	-2357.6	0.28	70.61	1
188.15	0	71.9	47.0	0.95	0.0	0.0	0.0	1	3633	-991.1	-2358.5	0.27	71.89	1
188.25	0	73.2	48.8	0.94	0.0	0.0	0.0	1	3785	-992.0	-2359.4	0.25	73.23	1
188.35	0	74.6	50.6	0.89	0.0	0.0	0.0	1	3929	-993.0	-2360.4	0.24	74.61	1
188.45	0	76.0	52.5	0.83	0.0	0.0	0.0	1	4065	-994.1	-2361.4	0.22	76.03	1
188.55	0	77.5	54.2	0.74	0.0	0.0	0.0	1	4178	-995.2	-2362.4	0.21	77.52	1
188.65	0	79.0	55.6	0.51	0.0	0.0	0.12	1	4212	-996.3	-2363.5	0.19	79.05	1
188.78	0	81.1	56.0	0.0	0.0	0.0	1.0	1	4022	-997.8	-2364.9	0.17	81.12	1
188.86	0	82.3	55.9	0.0	0.0	0.0	1.0	1	3827	-998.6	-2365.7	0.16	82.33	1
188.96	0	83.9	55.7	0.0	0.0	0.0	1.0	1	3591	-999.7	-2366.8	0.15	83.88	1
189.06	0	85.4	55.6	0.0	0.0	0.0	1.0	1	3370	-1000.9	-2367.9	0.14	85.43	1
189.16	0	87.0	55.4	0.0	0.0	-0.01	1.0	1	3162	-1002.0	-2368.9	0.12	86.97	1
189.26	0	88.5	55.3	0.0	0.0	-0.01	1.0	2	2967	-1003.1	-2370.0	0.11	88.5	1
189.36	0	90.0	55.1	0.0	0.0	-0.01	1.0	2	2783	-1004.2	-2371.1	0.09	90.05	1
189.46	0	91.6	55.0	0.0	0.0	-0.01	1.0	2	2611	-1005.3	-2372.1	0.07	91.57	1
189.56	0	93.1	54.8	0.0	0.0	-0.01	1.0	2	2450	-1006.4	-2373.2	0.05	93.1	1
189.67	0	94.7	53.4	0.0	0.0	0.01	0.45	2	2937	-1007.6	-2374.3	0.02	94.74	1
189.78	0	96.4	53.0	0.34	0.0	0.02	0.0	2	3019	-1008.8	-2375.5	0.0	96.44	1
189.87	0	97.7	53.0	0.48	0.0	0.02	0.0	2	3036	-1009.8	-2376.3	-0.01	97.71	1
189.97	0	99.2	53.2	0.56	0.0	0.03	0.0	2	3057	-1010.8	-2377.3	-0.03	99.19	1
190.07	0	100.7	53.6	0.62	0.0	0.04	0.0	2	3084	-1011.9	-2378.4	-0.03	100.67	1
190.17	0	102.2	54.0	0.67	0.0	0.04	0.0	2	3116	-1013.0	-2379.4	-0.03	102.16	1
190.27	0	103.7	54.5	0.71	0.0	0.01	0.0	2	3151	-1014.0	-2380.5	-0.03	103.67	1
190.37	0	105.2	55.1	0.73	0.0	0.01	0.0	2	3190	-1015.1	-2381.5	-0.02	105.19	1
190.47	0	106.7	55.7	0.73	0.0	0.01	0.0	2	3228	-1016.2	-2382.6	-0.01	106.73	1
190.57	0	108.3	56.3	0.73	0.0	0.0	0.0	2	3268	-1017.3	-2383.7	-0.0	108.29	1
190.7	0	110.4	57.2	0.73	0.0	0.0	0.0	2	3324	-1018.8	-2385.2	0.01	110.39	1
190.77	0	111.4	57.7	0.73	0.0	0.0	0.0	2	3352	-1019.6	-2385.9	0.02	111.43	1
190.87	0	113.0	58.4	0.73	0.0	0.0	0.0	2	3397	-1020.7	-2387.1	0.03	113.04	1
190.97	0	114.7	59.2	0.73	0.0	0.0	0.0	2	3445	-1021.9	-2388.2	0.05	114.67	1
191.07	0	116.3	60.0	0.73	0.0	0.0	0.0	2	3494	-1023.1	-2389.4	0.06	116.33	1
191.17	0	118.0	60.8	0.73	0.0	0.0	0.0	2	3545	-1024.2	-2390.6	0.07	118.0	1
191.27	0	119.8	61.7	0.73	0.0	-0.04	0.0	2	3601	-1025.5	-2391.8	0.09	119.76	1
191.37	0	121.5	62.6	0.73	0.0	-0.02	0.0	2	3657	-1026.7	-2393.0	0.1	121.49	1
191.47	0	123.2	63.6	0.73	0.0	-0.02	0.0	2	3716	-1028.0	-2394.2	0.11	123.24	1
191.57	0	125.0	64.5	0.73	0.0	-0.02	0.0	2	3776	-1029.2	-2395.5	0.11	125.02	1
191.68	0	127.0	65.6	0.73	0.0	-0.02	0.0	2	3845	-1030.7	-2396.8	0.1	126.99	1
191.78	0	128.8	66.7	0.73	0.0	-0.02	0.0	2	3909	-1032.0	-2398.1	0.09	128.83	1
191.88	0	130.7	67.8	0.73	0.0	-0.02	0.0	2	3977	-1033.3	-2399.4	0.08	130.7	1
191.98	0	132.6	68.9	0.73	0.0	-0.02	0.0	2	4049	-1034.7	-2400.7	0.06	132.6	1
192.08	0	134.5	70.1	0.73	0.0	-0.02	0.0	2	4126	-1036.1	-2402.1	0.04	134.53	1
192.18	0	136.5	71.3	0.73	0.0	-0.02	0.0	2	4205	-1037.6	-2403.4	0.01	136.54	1
192.28	0	138.5	72.6	0.73	0.0	-0.02	0.0	2	4284	-1039.0	-2404.8	-0.03	138.54	1
192.38	0	140.6	73.9	0.73	0.0	-0.02	0.0	2	4366	-1040.5	-2406.2	-0.07	140.57	1
192.48	0	142.6	75.3	0.73	0.0	-0.02	0.0	2	4452	-1042.0	-2407.6	-0.12	142.65	1
192.61	0	145.3	77.0	0.73	0.0	0.01	0.0	2	4564	-1044.0	-2409.4	-0.18	145.33	1
192.69	0	147.1	78.2	0.73	0.0	0.01	0.0	2	4640	-1045.3	-2410.7	-0.23	147.12	1
192.79	0	149.3	79.7	0.73	0.0	0.01	0.0	2	4735	-1046.9	-2412.1	-0.28	149.31	1
192.89	0	151.5	81.2	0.73	0.0	0.01	0.0	2	4832	-1048.6	-2413.7	-0.34	151.54	1
192.99	0	153.8	82.8	0.73	0.0	0.01	0.0	2	4933	-1050.2	-2415.2	-0.39	153.83	1
193.09	0	156.1	84.3	0.58	0.0	0.01	0.24	2	4969	-1051.9	-2416.8	-0.44	156.13	1
193.19	0	158.5	84.7	0.24	0.0	-0.0	1.0	2	5107	-1053.7	-2418.4	-0.49	158.51	1
193.29	0	160.9	84.4	0.0	0.0	-0.0	1.0	2	4793	-1055.4	-2420.0	-0.54	160.86	1
193.39	0	163.2	84.2	0.0	0.0	-0.0	1.0	3	4496	-1057.1	-2421.6	-0.6	163.21	1
193.49	0	165.5	84.0	0.0	0.0	-0.0	1.0	3	4219	-1058.8	-2423.2	-0.65	165.55	1
193.6	0	168.1	84.2	0.0	0.0	0.0	0.04	3	3646	-1060.7	-2424.9	-0.71	168.08	1
193.7	0	170.4	83.7	0.0	0.0	0.0	0.0	3	3619	-1062.3	-2426.5	-0.76	170.38	1
193.8	0	172.7	83.2	0.25	0.0	0.0	0.0	3	3628	-1064.0	-2428.1	-0.81	172.69	1
193.9	0	175.0	83.2	0.45	0.0	0.0	0.0	3	3663	-1065.7	-2429.6	-0.86	175.0	1
194.0	0	177.3	83.4	0.52	0.0	0.0	0.0	3	3689	-1067.4	-2431.2	-0.91	177.33	1
194.1	0	179.7	83.8	0.55	0.0	0.0	0.0	3	3710	-1069.1	-2432.8	-0.95	179.65	1
194.2	0	182.0	84.2	0.55	0.0	0.0	0.0	3	3727	-1070.8	-2434.4	-1.0	181.99	1
194.3	0	184.3	84.5	0.55	0.0	0.0	0.0	3	3745	-1072.5	-2436.0	-1.04	184.33	1
194.4	0	186.7	84.9	0.55	0.0	0.0	0.0	3	3763	-1074.3	-2437.6	-1.08	186.68	1
194.53	0	189.7	85.4	0.55	0.0	0.0	0.0	3	3785	-1076.4	-2439.7	-1.13	189.68	1
194.61	0	191.6	85.7	0.55	0.0	0.0	0.0	3	3800	-1077.8	-2441.0	-1.15	191.58	1
194.71	0	194.0	86.1	0.55	0.0	0.0	0.0	3	3819	-1079.6	-2442.6	-1.19	193.96	1
194.81	0	196.4	86.5	0.55	0.0	0.0	0.0	3	3838	-1081.3	-2444.3	-1.22	196.37	1
194.91	0	198.8	87.0	0.55	0.0	0.0	0.0	3	3857	-1083.0	-2445.9	-1.25	198.78	1
195.01	0	201.2	87.4	0.55	0.0	-0.02	0.0	3	3875	-1084.8	-2447.6	-1.28	201.2	1
195.11	0	203.6	87.8	0.55	0.0	-0.02	0.0	3	3895	-1086.6	-2449.3	-1.31	203.62	1
195.21	0	206.1	88.2	0.55	0.0	-0.02	0.0	3	3914	-1088.3	-2451.0	-1.35	206.06	1
195.31	0	208.5	88.6	0.55	0.0	-0.02	0.0	3	3934	-1090.1	-2452.6	-1.4	208.52	1
195.41	0	211.0	89.1	0.55	0.0	-0.02	0.0	3	3955	-1091.9	-2454.3	-1.45	210.99	1
195.52	0	213.7	89.6	0.55	0.0	0.01	0.0	3	3977	-1093.9	-2456.2	-1.51	213.68	1
195.61	0	216.0	90.0	0.55	0.0	0.01	0.0	3	3997	-1095.6	-2457.8	-1.57	216.04	1
195.71	0	218.5	90.4	0.54	0.0	0.01	0.0	3	4018	-1097.5	-2459.5	-1.63	218.54	1
195.81	0	221.1	90.9	0.52	0.0	0.01	0.0	3	4031	-1099.3	-2461.2	-1.68	221.06	1
195.91	0	223.6	91.3	0.51	0.0	0.01	0.0	3	4050	-1101.2	-2462.9	-1.73	223.6	1
196.01	0	226.1	91.7	0.51	0.0	0.01	0.0	3	4068	-1103.0	-2464.6	-1.76	226.14	1
196.11	0	228.7	92.1	0.51	0.0	0.01	0.0	3	4086	-1104.9	-2466.4	-1.73	228.74	1
196.21	0	231.3	92.5	0.51	0.0	0.01	0.0	3	4105	-1106.8	-2468.1	-1.67	231.34	1
196.31	0	233.9	92.9	0.51	0.0	0.01	0.0	3	4123	-1108.6	-2469.9	-1.56	233.92	1
196.43	0	236.6	93.4	0.48	0.0	0.01	0.0	3	4137	-1110.8	-2471.9	-1.82	236.6	1
196.51	0	238.7	93.7	0.48	0.0	0.01	0.0	3	4152	-1112.4	-2473.4	-2.11	238.73	1
196.61	0	241.3	94.1	0.49	0.0	0.01	0.0	3	4170	-1114.3	-2475.2	-2.51	241.31	1
196.71	0	243.7	94.4	0.49	0.0	0.01	0.0	3	4188	-1116.2	-2477.0	-3.0	243.74	1
196.81	0	246.5	94.8	0.49	0.0	0.01	0.0	3	4205	-1118.1	-2478.9	-3.44	246.48	1
196.91	0	249.2	95.2	0.49	0.0	0.01	0.0	3	4223	-1120.0	-2480.7	-3.68	249.16	1
197.01	0	251.5	95.6	0.49	0.0	-0.02	0.0	3	4241	-1121.9	-2482.5	-4.07	251.54	1
197.11	0	255.1	96.0	0.49	0.0	-0.02	0.0	3	4260	-1123.9	-2484.4	-4.38	255.05	1
197.21	0	257.7	96.4	0.47	0.0	-0.02	0.0	3	4275	-1125.8	-2486.2	-4.39	257.73	1
197.31	0	260.4	96.8	0.47	0.0	-0.02	0.0	3	4289	-1127.7	-2488.0	-4.4	260.41	1
197.42	0	263.4	97.2	0.45	0.0	-0.02	0.0	3	4302	-1129.9	-2490.1	-4.42	263.36	1
197.52	0	266.1	97.5	0.44	0.0	0.01	0.0	3	4316	-1131.9	-2491.9	-4.45	266.06	1
197.62	0	268.8	97.8	0.43	0.0	0.01	0.0	3	4328	-1133.8	-2493.8	-4.49	268.77	1
197.72	0	271.5	98.1	0.43	0.0	0.01	0.0	3	4339	-1135.8	-2495.6	-4.52	271.5	1
197.82	0	274.2	98.3	0.41	0.0	0.01	0.0	3	4347	-1137.8	-2497.5	-4.56	274.23	1
197.92	0	277.0	98.6	0.4	0.0	0.01	0.0	3	4356	-1139.8	-2499.3	-4.59	276.96	1
198.02	0	279.7	98.8	0.4	0.0	0.01	0.0	3	4364	-1141.8	-2501.2	-4.62	279.71	1
198.12	0	282.5	99.0	0.4	0.0	0.01	0.0	3	4374	-1143.9	-2503.1	-4.64	282.46	1
198.22	0	285.2	99.2	0.4	0.0	0.01	0.0	3	4383	-1145.9	-2505.0	-4.66	285.22	1
198.35	0	288.7	99.5	0.4	0.0	0.01	0.0	3	4396	-1148.4	-2507.4	-4.68	288.75	1
198.43	0	291.1	99.7	0.4	0.0	0.01	0.0	3	4404	-1150.0	-2508.9	-4.63	291.15	1
198.53	0	293.9	99.9	0.4	0.0	0.01	0.0	3	4414	-1152.1	-2510.9	-4.53	293.93	1
198.63	0	296.7	100.1	0.38	0.0	0.01	0.0	3	4417	-1154.1	-2512.8	-4.42	296.7	1
198.73	0	299.5	100.3	0.38	0.0	0.01	0.0	3	4425	-1156.1	-2514.7	-4.31	299.48	1
198.83	0	302.3	100.5	0.38	0.0	0.01	0.0	3	4434	-1158.1	-2516.6	-4.19	302.25	1
198.93	0	305.0	100.7	0.36	0.0	0.01	0.0	3	4440	-1160.1	-2518.5	-4.07	305.04	1
199.03	0	307.8	100.8	0.36	0.0	0.01	0.0	3	4445	-1162.1	-2520.5	-3.95	307.84	1
199.15	0	311.1	101.0	0.36	0.0	0.01	0.0	3	4452	-1164.5	-2522.7	-3.8	311.1	1
199.25	0	313.9	101.1	0.36	0.0	0.01	0.0	3	4459	-1166.5	-2524.7	-3.66	313.91	1
199.35	0	316.9	101.3	0.36	0.0	0.01	0.0	3	4466	-1168.6	-2526.8	-3.52	316.93	1
199.45	0	319.7	101.4	0.36	0.0	0.01	0.0	3	4472	-1170.6	-2528.7	-3.38	319.68	1
199.55	0	322.5	101.6	0.36	0.0	0.01	0.0	3	4479	-1172.6	-2530.7	-3.23	322.51	1
199.65	0	325.3	101.7	0.36	0.0	0.01	0.0	3	4486	-1174.7	-2532.7	-3.08	325.33	1
199.75	0	328.1	101.9	0.36	0.0	0.01	0.0	3	4492	-1176.7	-2534.7	-2.97	328.11	1
199.85	0	330.9	102.0	0.36	0.0	0.01	0.0	3	4499	-1178.7	-2536.7	-2.85	330.94	1
199.95	0	333.8	102.2	0.36	0.0	0.01	0.0	3	4506	-1180.7	-2538.7	-2.73	333.79	1
200.05	0	336.6	102.3	0.36	0.0	0.01	0.0	3	4512	-1182.7	-2540.7	-2.61	336.63	1
200.15	0	339.5	102.5	0.36	0.0	0.01	0.0	3	4519	-1184.8	-2542.7	-2.48	339.46	1
200.29	0	343.3	102.7	0.36	0.0	0.01	0.0	3	4529	-1187.5	-2545.3	-2.3	343.26	1
200.37	0	345.5	102.8	0.36	0.0	0.01	0.0	3	4534	-1189.1	-2547.0	-2.19	345.53	1
200.47	0	348.4	103.0	0.36	0.0	-0.02	0.0	3	4541	-1191.1	-2549.0	-2.05	348.38	1
200.57	0	351.2	103.1	0.36	0.0	-0.02	0.0	3	4548	-1193.1	-2551.0	-1.91	351.24	1
200.67	0	354.1	103.3	0.36	0.0	-0.0	0.0	3	4555	-1195.1	-2553.0	-1.77	354.11	1
200.77	0	357.0	103.4	0.36	0.0	-0.06	0.0	3	4562	-1197.2	-2555.0	-1.64	356.97	1
200.87	0	359.9	103.5	0.33	0.0	-0.06	0.0	3	4561	-1199.2	-2557.1	-1.52	359.85	1
200.97	0	362.7	103.6	0.31	0.0	-0.0	0.0	3	4557	-1201.3	-2559.1	-1.44	362.7	1
201.07	0	365.6	103.6	0.23	0.0	0.01	0.0	3	4536	-1203.4	-2561.1	-1.39	365.59	1
201.17	0	368.5	103.2	0.0	0.0	0.01	0.0	3	4468	-1205.4	-2563.0	-1.35	368.46	1
201.28	0	371.7	102.5	0.0	0.0	0.01	0.0	3	4425	-1207.8	-2565.3	-1.3	371.73	1
201.38	0	374.5	101.8	0.0	0.0	-0.03	0.0	3	4396	-1209.8	-2567.2	-1.26	374.54	1
201.48	0	377.4	101.1	0.0	0.0	-0.0	0.0	3	4367	-1211.9	-2569.2	-1.23	377.36	1
201.58	0	380.2	100.4	0.0	0.0	-0.0	0.0	3	4338	-1213.9	-2571.1	-1.2	380.15	1
201.68	0	382.9	99.7	0.0	0.0	-0.0	0.0	3	4309	-1215.9	-2573.0	-1.18	382.94	1
201.78	0	385.7	99.1	0.0	0.0	-0.0	0.0	3	4280	-1217.9	-2574.9	-1.16	385.7	1
201.88	0	388.4	98.4	0.0	0.0	-0.0	0.0	3	4252	-1219.9	-2576.8	-1.14	388.44	1
201.98	0	391.2	97.8	0.0	0.0	0.0	0.0	3	4224	-1221.9	-2578.7	-1.13	391.17	1
202.08	0	393.9	97.1	0.0	0.0	0.0	0.0	3	4196	-1223.9	-2580.5	-1.11	393.88	1
202.21	0	397.4	96.2	0.0	0.0	0.0	0.0	3	4159	-1226.5	-2583.0	-1.09	397.45	1
202.29	0	399.6	95.7	0.0	0.0	0.0	0.0	3	4137	-1228.1	-2584.4	-1.1	399.61	1
202.39	0	402.3	95.1	0.0	0.0	0.0	0.0	3	4109	-1230.0	-2586.3	-1.11	402.26	1
202.49	0	404.9	93.4	0.0	0.19	0.0	0.0	3	3985	-1231.9	-2588.0	-1.11	404.88	1
202.59	0	407.4	91.2	0.0	0.26	0.0	0.0	3	3866	-1233.8	-2589.8	-1.12	407.44	1
202.69	0	409.9	88.9	0.0	0.26	0.0	0.0	3	3757	-1235.6	-2591.5	-1.12	409.94	1
202.79	0	412.4	86.5	0.0	0.26	0.02	0.0	3	3661	-1237.4	-2593.2	-1.12	412.37	1
202.89	0	414.7	84.4	0.0	0.18	0.02	0.05	3	3601	-1239.1	-2594.8	-1.11	414.75	1
202.99	0	417.1	82.6	0.0	0.18	-0.0	0.61	3	3530	-1240.8	-2596.5	-1.09	417.07	1
203.09	0	419.3	81.0	0.0	0.18	-0.0	1.0	3	3336	-1242.4	-2598.0	-1.07	419.34	1
203.21	0	421.8	79.3	0.0	0.18	-0.0	1.0	2	3106	-1244.2	-2599.8	-1.05	421.84	1
203.3	0	423.8	77.9	0.0	0.16	-0.0	1.0	2	2933	-1245.6	-2601.1	-1.03	423.8	1
203.4	0	425.9	76.6	0.0	0.16	-0.0	1.0	2	2752	-1247.1	-2602.6	-1.01	425.95	1
203.5	0	428.1	75.2	0.0	0.16	-0.0	1.0	2	2582	-1248.7	-2604.1	-0.99	428.06	1
203.6	0	430.1	73.8	0.0	0.16	-0.0	1.0	2	2423	-1250.1	-2605.5	-0.97	430.12	1
203.7	0	432.2	72.6	0.0	0.0	-0.0	1.0	2	2274	-1251.6	-2606.9	-0.95	432.15	1
203.8	0	434.2	72.4	0.0	0.0	-0.0	1.0	2	2134	-1253.1	-2608.3	-0.92	434.18	1
203.9	0	436.2	72.2	0.0	0.0	-0.0	1.0	2	2002	-1254.5	-2609.7	-0.89	436.19	1
204.0	0	438.2	72.0	0.0	0.0	-0.0	1.0	2	1956	-1255.9	-2611.1	-0.85	438.19	1
204.1	0	440.2	71.8	0.0	0.0	-0.0	1.0	2	1953	-1257.4	-2612.5	-0.82	440.19	1
204.21	0	442.5	71.6	0.0	0.0	-0.0	1.0	2	1953	-1259.0	-2614.1	-0.78	442.45	1
204.31	0	444.4	71.4	0.0	0.0	0.0	1.0	2	1953	-1260.5	-2615.5	-0.76	444.44	1
204.41	0	446.4	71.2	0.31	0.0	0.0	1.0	2	2000	-1261.9	-2616.8	-0.73	446.42	1
204.51	0	448.4	71.0	0.48	0.0	0.0	1.0	2	2108	-1263.3	-2618.2	-0.71	448.39	1
204.61	0	450.4	70.9	0.55	0.0	0.0	1.0	2	2267	-1264.7	-2619.5	-0.68	450.36	1
204.71	0	452.3	70.7	0.56	0.0	0.01	1.0	2	2444	-1266.2	-2620.9	-0.66	452.33	1
204.81	0	454.3	70.5	0.58	0.0	0.03	1.0	2	2626	-1267.6	-2622.3	-0.63	454.29	1
204.91	0	456.2	70.3	0.6	0.0	0.01	1.0	2	2817	-1269.0	-2623.6	-0.59	456.24	1
205.01	0	458.2	70.1	0.58	0.0	0.01	1.0	2	3026	-1270.4	-2625.0	-0.56	458.19	1
205.14	0	460.7	69.8	0.58	0.0	0.01	1.0	2	3413	-1272.2	-2626.7	-0.5	460.69	1
205.22	0	462.3	69.7	0.58	0.0	0.01	1.0	2	3767	-1273.3	-2627.9	-0.47	462.33	1
205.32	0	464.3	69.5	0.58	0.0	0.01	1.0	2	4310	-1274.7	-2629.2	-0.43	464.26	1
205.42	0	466.2	69.3	0.58	0.0	0.0	1.0	2	5009	-1276.1	-2630.6	-0.39	466.2	1
205.52	0	468.1	69.1	0.55	0.0	0.0	1.0	2	5826	-1277.5	-2631.9	-0.36	468.11	1
205.62	0	470.0	68.9	0.53	0.0	0.0	1.0	2	6690	-1278.8	-2633.3	-0.32	470.03	1
205.72	0	471.9	68.8	0.47	0.0	0.0	1.0	2	7483	-1280.2	-2634.6	-0.28	471.95	1
205.82	0	473.8	68.6	0.36	0.0	0.0	1.0	2	8092	-1281.6	-2635.9	-0.23	473.85	1
205.92	0	475.8	68.4	0.21	0.0	0.0	1.0	2	8353	-1282.9	-2637.3	-0.19	475.75	1
206.02	0	477.6	68.2	0.0	0.0	0.0	1.0	2	7991	-1284.3	-2638.6	-0.15	477.65	1
206.14	0	479.8	68.0	0.0	0.0	0.0	1.0	2	7427	-1285.8	-2640.1	-0.1	479.82	1
206.23	0	481.6	67.8	0.0	0.0	0.0	1.0	2	6986	-1287.1	-2641.4	-0.06	481.63	1
206.33	0	483.5	67.6	0.0	0.0	0.0	1.0	2	6556	-1288.5	-2642.7	-0.01	483.51	1
206.43	0	485.4	67.5	0.0	0.0	0.0	1.0	2	6151	-1289.8	-2644.0	0.03	485.39	1
206.53	0	487.3	67.3	0.0	0.0	0.0	1.0	2	5770	-1291.1	-2645.4	0.08	487.27	1
206.63	0	489.1	67.1	0.0	0.0	0.0	1.0	2	5414	-1292.5	-2646.7	0.13	489.14	1
206.73	0	491.0	66.9	0.0	0.0	0.0	1.0	2	5079	-1293.8	-2648.0	0.17	491.0	1
206.83	0	492.9	66.7	0.0	0.0	0.0	1.0	2	4767	-1295.1	-2649.3	0.21	492.85	1
206.93	0	494.7	66.6	0.0	0.0	0.0	1.0	2	4472	-1296.4	-2650.6	0.25	494.71	1
207.03	0	496.5	66.4	0.0	0.0	0.0	1.0	2	4197	-1297.7	-2651.9	0.29	496.55	1
207.15	0	498.7	66.2	0.0	0.0	0.0	1.0	2	3895	-1299.2	-2653.4	0.33	498.7	1
207.25	0	500.5	65.9	0.0	0.0	0.0	0.8	2	3709	-1300.5	-2654.7	0.38	500.54	1
207.35	0	502.4	65.3	0.0	0.0	0.0	0.61	2	3674	-1301.8	-2656.0	0.42	502.36	1
207.45	0	504.1	64.8	0.0	0.0	0.0	0.45	2	3643	-1303.1	-2657.3	0.46	504.14	1
207.55	0	505.9	64.2	0.0	0.0	0.0	0.27	2	3611	-1304.4	-2658.5	0.5	505.93	1
207.65	0	507.7	63.6	0.0	0.0	0.0	0.04	2	3579	-1305.6	-2659.8	0.55	507.71	1
207.75	0	509.5	63.1	0.0	0.0	0.0	0.0	2	3549	-1306.9	-2661.0	0.59	509.47	1
207.85	0	511.2	62.5	0.0	0.0	0.0	0.0	2	3518	-1308.1	-2662.3	0.63	511.21	1
207.95	0	512.9	62.0	0.0	0.0	-0.01	0.0	2	3487	-1309.3	-2663.5	0.68	512.94	1
208.08	0	515.2	61.2	0.0	0.0	-0.01	0.0	2	3447	-1310.9	-2665.1	0.73	515.22	1
208.16	0	516.5	60.8	0.0	0.0	-0.02	0.0	2	3424	-1311.9	-2666.0	0.76	516.52	1
208.26	0	518.2	60.3	0.0	0.0	-0.04	0.0	2	3385	-1313.1	-2667.2	0.79	518.24	1
208.36	0	519.9	59.8	0.0	0.0	-0.0	0.0	2	3351	-1314.2	-2668.3	0.75	519.9	1
208.46	0	521.6	59.2	0.0	0.0	-0.0	0.0	2	3336	-1315.4	-2669.5	0.7	521.55	1
208.56	0	523.2	58.7	0.0	0.0	-0.0	0.0	2	3303	-1316.6	-2670.7	0.65	523.19	1
208.66	0	524.8	58.2	0.0	0.0	-0.0	0.0	2	3276	-1317.8	-2671.8	0.61	524.81	1
208.76	0	526.4	57.7	0.0	0.0	0.0	0.0	2	3248	-1318.9	-2672.9	0.56	526.42	1
208.86	0	528.0	57.2	0.0	0.0	0.0	0.0	2	3219	-1320.1	-2674.0	0.52	528.01	1
208.96	0	529.6	56.7	0.0	0.0	0.0	0.0	2	3191	-1321.2	-2675.1	0.47	529.6	1
209.09	0	531.6	56.0	0.0	0.0	0.0	0.0	2	3155	-1322.6	-2676.5	0.42	531.59	1
209.17	0	532.8	55.6	0.0	0.0	0.0	0.0	2	3134	-1323.5	-2677.4	0.38	532.82	1
209.27	0	534.4	55.1	0.0	0.0	0.0	0.0	2	3106	-1324.6	-2678.5	0.34	534.35	1
209.38	0	536.1	54.6	0.0	0.0	0.0	0.0	2	3074	-1325.9	-2679.7	0.29	536.14	1
209.48	0	537.6	54.1	0.0	0.0	0.0	0.0	2	3047	-1326.9	-2680.8	0.25	537.65	1
209.58	0	539.1	53.6	0.0	0.0	0.02	0.0	2	3021	-1328.0	-2681.8	0.21	539.14	1
209.68	0	540.6	53.3	0.16	0.0	0.04	0.0	2	3018	-1329.1	-2682.9	0.18	540.62	1
209.78	0	542.1	53.0	0.22	0.0	0.06	0.0	2	3010	-1330.1	-2683.9	0.15	542.1	1
209.88	0	543.6	52.9	0.25	0.0	0.09	0.0	2	3004	-1331.1	-2684.9	0.14	543.58	1
209.98	0	545.0	52.7	0.25	0.0	0.09	0.0	2	2996	-1332.2	-2686.0	0.14	545.04	1
210.11	0	546.8	52.5	0.27	0.0	0.01	0.0	2	2986	-1333.4	-2687.3	0.16	546.81	1
210.2	0	548.1	52.4	0.27	0.0	0.01	0.0	2	2980	-1334.3	-2688.2	0.19	548.13	1
210.3	0	549.6	52.3	0.27	0.0	0.0	0.0	2	2972	-1335.3	-2689.3	0.23	549.6	1
210.4	0	551.1	52.1	0.27	0.0	0.0	0.0	2	2964	-1336.3	-2690.4	0.27	551.05	1
210.5	0	552.5	52.0	0.27	0.0	0.0	0.0	2	2956	-1337.3	-2691.4	0.3	552.5	1
210.6	0	553.9	51.9	0.27	0.0	0.0	0.0	2	2949	-1338.3	-2692.5	0.34	553.94	1
210.7	0	555.4	51.7	0.27	0.0	0.0	0.0	2	2941	-1339.3	-2693.5	0.38	555.38	1
210.8	0	556.8	51.6	0.27	0.0	0.0	0.0	2	2933	-1340.3	-2694.5	0.42	556.81	1
210.9	0	558.2	51.5	0.27	0.0	0.0	0.0	2	2925	-1341.3	-2695.6	0.46	558.25	1
211.0	0	559.7	51.3	0.27	0.0	0.0	0.0	2	2917	-1342.2	-2696.6	0.5	559.67	1
211.11	0	561.3	51.2	0.27	0.0	0.02	0.0	2	2907	-1343.4	-2697.8	0.55	561.32	1
211.2	0	562.5	51.0	0.27	0.0	0.06	0.0	2	2900	-1344.2	-2698.7	0.59	562.53	1
211.3	0	563.9	50.9	0.27	0.0	0.07	0.0	2	2892	-1345.2	-2699.7	0.65	563.95	1
211.4	0	565.4	50.7	0.27	0.0	0.05	0.0	2	2880	-1346.1	-2700.8	0.71	565.36	1
211.5	0	566.8	50.6	0.27	0.0	0.09	0.0	2	2874	-1347.0	-2701.8	0.78	566.76	1
211.6	0	568.2	50.4	0.27	0.0	0.1	0.0	2	2865	-1348.0	-2702.9	0.86	568.16	1
211.7	0	569.6	50.3	0.28	0.0	0.1	0.0	2	2858	-1348.9	-2703.9	0.96	569.56	1
211.8	0	570.9	50.1	0.28	0.0	0.1	0.0	2	2849	-1349.8	-2705.0	1.07	570.95	1
211.9	0	572.3	50.0	0.32	0.0	0.1	0.0	2	2842	-1350.7	-2706.1	1.2	572.33	1
212.0	0	573.7	49.9	0.32	0.0	0.1	0.0	2	2836	-1351.6	-2707.1	1.34	573.71	1
212.11	0	575.5	49.8	0.36	0.0	0.16	0.0	2	2840	-1352.5	-2708.4	1.44	575.45	1
212.21	0	576.8	49.7	0.41	0.0	0.22	0.0	2	2839	-1353.4	-2709.5	1.47	576.83	1
212.31	0	578.2	49.7	0.44	0.0	0.22	0.0	2	2837	-1354.2	-2710.6	1.52	578.18	1
212.41	0	579.6	49.7	0.45	0.0	0.2	0.0	2	2844	-1354.9	-2711.7	1.6	579.56	1
212.51	0	581.1	49.7	0.47	0.0	0.18	0.0	2	2849	-1355.7	-2712.9	1.6	581.09	1
212.61	0	582.3	49.8	0.47	0.0	0.16	0.0	2	2848	-1356.4	-2714.0	1.64	582.32	1
212.71	0	583.7	49.8	0.47	0.0	0.12	0.0	2	2842	-1357.1	-2715.2	1.81	583.69	1
212.81	0	585.1	49.9	0.47	0.0	0.06	0.0	2	2849	-1357.9	-2716.4	1.99	585.1	1
212.91	0	586.5	50.0	0.43	0.0	0.01	0.0	2	2852	-1358.5	-2717.6	2.15	586.48	1
213.01	0	588.1	50.0	0.43	0.0	0.1	0.0	2	2854	-1359.2	-2718.8	2.24	588.1	1
213.13	0	589.8	50.0	0.43	0.0	0.16	0.0	2	2855	-1360.0	-2720.2	2.28	589.79	1
213.23	0	591.2	49.9	0.43	0.0	0.26	0.0	2	2858	-1360.7	-2721.5	2.3	591.18	1
213.33	0	592.8	49.9	0.45	0.0	0.26	0.0	2	2860	-1361.3	-2722.7	2.3	592.78	1
213.43	0	594.2	49.9	0.47	0.0	0.26	0.0	2	2867	-1361.9	-2724.0	2.27	594.17	1
213.53	0	595.7	50.0	0.48	0.0	0.26	0.0	2	2859	-1362.4	-2725.2	2.18	595.73	1
213.63	0	597.5	50.0	0.49	0.0	0.23	0.0	2	2866	-1362.9	-2726.5	2.05	597.46	1
213.73	0	598.8	50.1	0.51	0.0	0.23	0.0	2	2874	-1363.4	-2727.8	1.78	598.83	1
213.83	0	599.9	50.2	0.51	0.0	0.24	0.0	2	2881	-1363.9	-2729.1	1.73	599.93	1
213.93	0	601.3	50.3	0.51	0.0	0.24	0.0	2	2885	-1364.3	-2730.5	1.78	601.32	1
214.03	0	602.7	50.3	0.51	0.0	0.26	0.0	2	2891	-1364.7	-2731.8	1.85	602.71	1
214.14	0	604.3	50.4	0.51	0.0	0.28	0.0	2	2898	-1365.1	-2733.4	1.98	604.29	1
214.24	0	606.1	50.5	0.51	0.0	0.33	0.0	2	2904	-1365.4	-2734.7	2.0	606.07	1
214.34	0	607.5	50.5	0.51	0.0	0.4	0.0	2	2913	-1365.6	-2736.1	1.96	607.47	1
214.44	0	608.9	50.5	0.51	0.0	0.4	0.0	2	2919	-1365.8	-2737.5	1.97	608.87	1
214.54	0	610.3	50.6	0.51	0.0	0.4	0.0	2	2911	-1366.0	-2738.9	2.04	610.27	1
214.64	0	612.0	50.6	0.52	0.0	0.34	0.0	2	2912	-1366.1	-2740.3	2.0	611.99	1
214.74	0	613.4	50.7	0.52	0.0	0.34	0.0	2	2921	-1366.1	-2741.7	1.97	613.39	1
214.84	0	614.8	50.8	0.55	0.0	0.34	0.0	2	2930	-1366.1	-2743.1	1.99	614.81	1
214.94	0	616.6	50.9	0.55	0.0	0.34	0.0	2	2938	-1366.0	-2744.5	2.01	616.58	1
215.04	0	618.0	51.0	0.55	0.0	0.36	0.0	2	2946	-1365.9	-2745.9	1.89	617.99	1
215.15	0	619.6	51.1	0.55	0.0	0.36	0.0	2	2955	-1365.7	-2747.5	1.82	619.56	1
215.25	0	621.0	51.3	0.55	0.0	0.34	0.0	2	2960	-1365.5	-2748.9	1.81	621.0	1
215.35	0	622.6	51.4	0.55	0.0	0.34	0.0	2	2972	-1365.2	-2750.3	1.77	622.58	1
215.45	0	624.0	51.5	0.55	0.0	0.34	0.0	2	2979	-1364.8	-2751.7	1.75	624.01	1
215.55	0	625.4	51.7	0.56	0.0	0.32	0.0	2	2979	-1364.5	-2753.1	1.78	625.44	1
215.65	0	626.9	51.9	0.56	0.0	0.3	0.0	2	2999	-1364.0	-2754.4	1.86	626.88	1
215.75	0	628.5	52.1	0.56	0.0	0.24	0.0	2	3007	-1363.5	-2755.8	1.85	628.51	1
215.85	0	629.7	52.3	0.56	0.0	0.2	0.0	2	3016	-1363.0	-2757.2	1.95	629.72	1
215.95	0	631.9	52.6	0.58	0.0	0.18	0.0	2	3027	-1362.4	-2758.5	1.95	631.86	1
216.05	0	633.2	52.9	0.58	0.0	0.12	0.0	2	3040	-1361.8	-2759.8	1.8	633.17	1
216.16	0	634.8	53.2	0.58	0.0	0.0	0.0	2	3059	-1361.2	-2761.3	1.69	634.84	1
216.26	0	636.3	53.5	0.58	0.0	0.0	0.0	2	3078	-1360.5	-2762.7	1.57	636.3	1
216.36	0	637.8	53.8	0.55	0.0	0.0	0.0	2	3092	-1359.9	-2764.0	1.5	637.78	1
216.46	0	639.2	54.1	0.55	0.0	-0.02	0.0	2	3112	-1359.3	-2765.4	1.43	639.25	1
216.56	0	640.8	54.4	0.55	0.0	-0.02	0.0	2	3118	-1358.7	-2766.8	1.37	640.8	1
216.66	0	642.3	54.7	0.55	0.0	0.01	0.0	2	3150	-1358.0	-2768.2	1.27	642.31	1
216.76	0	643.8	55.0	0.55	0.0	0.01	0.0	2	3164	-1357.4	-2769.5	1.15	643.85	1
216.86	0	645.4	55.3	0.55	0.0	0.01	0.0	2	3181	-1356.8	-2770.9	1.02	645.38	1
216.96	0	646.9	55.7	0.55	0.0	-0.04	0.0	2	3204	-1356.1	-2772.3	0.89	646.91	1
217.06	0	648.3	56.0	0.55	0.0	-0.09	0.0	2	3224	-1355.5	-2773.8	0.84	648.26	1
217.18	0	650.3	56.3	0.49	0.0	-0.19	0.0	2	3238	-1354.8	-2775.4	0.6	650.29	1
217.28	0	651.8	56.5	0.47	0.0	-0.19	0.0	2	3244	-1354.2	-2776.8	0.39	651.78	1
217.38	0	653.3	56.7	0.47	0.0	-0.19	0.0	2	3261	-1353.7	-2778.3	0.17	653.33	1
217.48	0	654.9	56.9	0.47	0.0	-0.19	0.0	2	3280	-1353.1	-2779.8	0.0	654.9	1
217.58	0	656.5	57.2	0.47	0.0	-0.16	0.0	2	3292	-1352.6	-2781.3	-0.13	656.48	1
217.68	0	658.1	57.4	0.47	0.0	-0.11	0.0	2	3297	-1352.1	-2782.8	-0.26	658.06	1
217.78	0	659.6	57.7	0.47	0.0	-0.06	0.0	2	3319	-1351.7	-2784.3	-0.44	659.65	1
217.88	0	661.2	58.0	0.47	0.0	-0.0	0.0	2	3330	-1351.3	-2785.9	-0.72	661.19	1
217.98	0	662.8	58.3	0.47	0.0	-0.0	0.0	2	3344	-1350.8	-2787.4	-1.03	662.79	1
218.08	0	664.4	58.5	0.47	0.0	-0.0	0.0	2	3366	-1350.4	-2789.0	-1.33	664.43	1
218.2	0	666.4	58.9	0.47	0.0	-0.0	0.0	2	3386	-1349.8	-2790.9	-1.61	666.4	1
218.29	0	667.9	59.2	0.47	0.0	-0.05	0.0	2	3399	-1349.4	-2792.4	-1.82	667.89	1
218.39	0	669.9	59.5	0.47	0.0	-0.05	0.0	2	3420	-1349.0	-2793.9	-1.9	669.88	1
218.49	0	671.5	59.8	0.47	0.0	-0.08	0.0	2	3439	-1348.5	-2795.5	-1.86	671.54	1
218.59	0	673.4	60.1	0.47	0.0	-0.13	0.0	2	3457	-1348.1	-2797.2	-1.84	673.44	1
218.69	0	675.1	60.4	0.47	0.0	-0.13	0.0	2	3475	-1347.7	-2798.8	-1.64	675.1	1
218.79	0	676.8	60.7	0.47	0.0	-0.12	0.0	2	3492	-1347.4	-2800.4	-1.47	676.77	1
218.89	0	678.5	60.9	0.47	0.0	-0.15	0.0	2	3587	-1347.0	-2802.1	-1.3	678.48	1
219.01	0	680.5	61.5	0.47	0.0	-0.17	0.0	2	3532	-1346.6	-2804.0	-1.13	680.45	1
219.11	0	682.2	61.8	0.47	0.0	-0.17	0.0	2	3556	-1346.4	-2805.7	-1.03	682.16	1
219.24	0	684.3	62.2	0.47	0.0	-0.16	0.0	2	3596	-1346.1	-2807.9	-1.07	684.3	1
219.32	0	685.8	62.5	0.47	0.0	-0.16	0.0	2	3612	-1345.9	-2809.4	-1.15	685.84	1
219.42	0	687.6	62.9	0.47	0.0	-0.2	0.0	2	3629	-1345.7	-2811.2	-1.27	687.58	1
219.52	0	689.3	63.2	0.47	0.0	-0.17	0.0	2	3658	-1345.6	-2812.9	-1.42	689.33	1
219.62	0	691.2	63.6	0.47	0.0	-0.19	0.0	2	3683	-1345.5	-2814.7	-1.54	691.24	1
219.72	0	693.0	64.0	0.47	0.0	-0.2	0.0	2	3695	-1345.4	-2816.4	-1.59	693.02	1
219.82	0	694.8	64.4	0.47	0.0	-0.2	0.0	2	3721	-1345.4	-2818.2	-1.68	694.8	1
219.92	0	696.6	64.7	0.47	0.0	-0.19	0.0	2	3746	-1345.4	-2820.0	-1.81	696.59	1
220.02	0	698.8	65.1	0.47	0.0	-0.19	0.0	2	3770	-1345.5	-2821.8	-1.96	698.81	1
220.12	0	700.6	65.5	0.47	0.0	-0.19	0.0	2	3794	-1345.6	-2823.6	-1.79	700.62	1
220.26	0	703.1	66.0	0.46	0.0	-0.19	0.0	2	3821	-1345.9	-2826.1	-1.64	703.06	1
220.33	0	704.4	66.3	0.46	0.0	-0.19	0.0	2	3838	-1346.0	-2827.4	-1.59	704.41	1
220.43	0	706.6	66.7	0.46	0.0	-0.19	0.0	2	3861	-1346.3	-2829.2	-1.55	706.62	1
220.53	0	708.4	67.1	0.46	0.0	-0.22	0.0	2	3884	-1346.6	-2831.1	-1.17	708.44	1
220.63	0	710.3	67.4	0.46	0.0	-0.23	0.0	2	3909	-1347.0	-2832.9	-0.84	710.27	1
220.73	0	712.1	67.8	0.43	0.0	-0.23	0.0	2	3927	-1347.5	-2834.7	-0.57	712.13	1
220.83	0	714.0	68.1	0.43	0.0	-0.23	0.0	2	3942	-1347.9	-2836.5	-0.34	714.01	1
220.93	0	715.9	68.2	0.43	0.0	-0.27	0.0	2	4033	-1348.5	-2838.4	-0.13	715.9	1
221.03	0	717.8	68.5	0.4	0.0	-0.27	0.0	2	4024	-1349.1	-2840.2	0.01	717.79	1
221.13	0	719.7	69.0	0.4	0.0	-0.27	0.0	2	3964	-1349.8	-2841.9	0.06	719.7	1
221.23	0	721.6	69.2	0.4	0.0	-0.27	0.0	2	4000	-1350.6	-2843.7	0.05	721.63	1
221.34	0	723.7	69.4	0.33	0.0	-0.22	0.0	2	4006	-1351.5	-2845.6	0.21	723.75	1
221.44	0	725.7	69.2	0.0	0.0	-0.27	0.0	2	3917	-1352.4	-2847.3	0.29	725.66	1
221.54	0	727.6	68.6	0.0	0.0	-0.08	0.0	2	3861	-1353.3	-2849.0	0.31	727.57	1
221.64	0	729.5	68.0	0.0	0.0	-0.11	0.0	2	3823	-1354.2	-2850.6	0.29	729.46	1
221.74	0	731.3	67.3	0.0	0.0	-0.17	0.0	2	3790	-1355.2	-2852.2	0.23	731.34	1
221.84	0	733.2	66.7	0.0	0.0	-0.13	0.0	2	3754	-1356.2	-2853.8	0.13	733.2	1
221.94	0	735.0	66.1	0.0	0.0	-0.13	0.0	2	3719	-1357.3	-2855.3	-0.01	735.04	1
222.04	0	736.8	65.4	0.0	0.0	-0.2	0.0	2	3686	-1358.3	-2856.8	-0.19	736.85	1
222.14	0	738.6	64.8	0.0	0.0	-0.26	0.0	2	3648	-1359.4	-2858.3	-0.4	738.64	1
222.24	0	740.6	64.1	0.0	0.0	-0.26	0.0	2	3625	-1360.5	-2859.7	-0.27	740.56	1
222.36	0	742.7	63.3	0.0	0.0	-0.3	0.0	2	3572	-1361.9	-2861.3	-0.04	742.71	1
222.45	0	744.2	62.7	0.0	0.0	-0.29	0.0	2	3531	-1363.0	-2862.4	0.08	744.22	1
222.55	0	746.0	62.0	0.0	0.0	-0.33	0.0	2	3509	-1364.2	-2863.6	0.14	745.95	1
222.65	0	747.7	61.3	0.0	0.0	-0.3	0.0	2	3470	-1365.4	-2864.8	0.12	747.67	1
222.75	0	749.4	60.9	0.16	0.0	-0.27	0.0	2	3467	-1366.7	-2865.9	0.04	749.36	1
222.85	0	751.0	60.6	0.16	0.0	-0.27	0.0	2	3445	-1368.0	-2867.0	-0.08	751.04	1
222.95	0	752.7	60.2	0.16	0.0	-0.27	0.0	2	3429	-1369.4	-2868.0	-0.26	752.71	1
223.05	0	754.4	59.9	0.16	0.0	-0.31	0.0	2	3410	-1370.8	-2868.9	-0.49	754.36	1
223.15	0	756.0	59.4	0.0	0.0	-0.35	0.0	2	3366	-1372.2	-2869.8	-0.76	755.99	1
223.25	0	757.9	58.8	0.0	0.0	-0.35	0.0	2	3325	-1373.6	-2870.6	-0.6	757.92	1
223.38	0	760.1	58.0	0.25	0.0	-0.38	0.0	2	3324	-1375.5	-2871.6	-0.4	760.07	1
223.47	0	761.4	57.9	0.27	0.0	-0.35	0.0	2	3319	-1376.7	-2872.2	-0.34	761.4	1
223.57	0	763.0	57.7	0.3	0.0	-0.35	0.0	2	3313	-1378.2	-2872.8	-0.32	763.0	1
223.67	0	764.6	57.5	0.32	0.0	-0.35	0.0	2	3310	-1379.7	-2873.4	-0.37	764.6	1
223.77	0	766.2	57.5	0.36	0.0	-0.27	0.0	2	3308	-1381.2	-2873.9	-0.49	766.21	1
223.87	0	767.8	57.6	0.42	0.0	-0.26	0.0	2	3318	-1382.7	-2874.3	-0.66	767.8	1
223.97	0	769.4	57.8	0.45	0.0	-0.24	0.0	2	3325	-1384.3	-2874.7	-0.88	769.39	1
224.07	0	771.0	57.9	0.48	0.0	-0.26	0.0	2	3342	-1385.9	-2875.0	-1.15	770.97	1
224.17	0	772.5	58.2	0.52	0.0	-0.25	0.0	2	3385	-1387.5	-2875.3	-1.45	772.54	1
224.27	0	774.6	58.4	0.55	0.0	-0.27	0.0	2	3423	-1389.1	-2875.6	-1.47	774.62	1
224.37	0	776.3	58.9	0.55	0.0	-0.27	0.0	2	3394	-1390.7	-2875.8	-1.43	776.25	1
224.47	0	778.0	59.4	0.56	0.0	-0.2	0.0	2	3428	-1392.4	-2875.9	-1.45	778.0	1
224.57	0	779.6	59.8	0.58	0.0	-0.16	0.0	2	3470	-1394.0	-2876.0	-1.51	779.61	1
224.67	0	781.3	60.3	0.58	0.0	-0.16	0.0	2	3499	-1395.7	-2876.1	-1.6	781.27	1
224.77	0	783.0	60.8	0.58	0.0	-0.16	0.0	2	3527	-1397.4	-2876.1	-1.72	782.96	1
224.87	0	784.6	61.4	0.58	0.0	-0.13	0.0	2	3558	-1399.1	-2876.1	-1.88	784.64	1
224.97	0	786.3	61.9	0.58	0.0	-0.13	0.0	2	3591	-1400.8	-2876.0	-2.06	786.35	1
225.07	0	788.1	62.5	0.58	0.0	-0.13	0.0	2	3626	-1402.5	-2876.0	-2.28	788.05	1
225.17	0	790.4	63.1	0.58	0.0	-0.13	0.0	2	3661	-1404.3	-2875.8	-2.38	790.4	1
225.27	0	792.2	63.7	0.58	0.0	-0.09	0.0	2	3698	-1406.0	-2875.7	-2.24	792.16	1
225.37	0	793.9	64.3	0.58	0.0	-0.08	0.0	2	3735	-1407.8	-2875.5	-2.13	793.93	1
225.49	0	796.1	65.1	0.58	0.0	-0.03	0.0	2	3782	-1410.0	-2875.3	-2.01	796.13	1
225.58	0	797.7	65.7	0.52	0.0	-0.06	0.0	2	3804	-1411.5	-2875.1	-1.94	797.66	1
225.68	0	799.5	66.2	0.51	0.0	-0.17	0.0	2	3833	-1413.3	-2874.9	-1.88	799.49	1
225.78	0	801.3	66.7	0.51	0.0	-0.25	0.0	2	3885	-1415.1	-2874.6	-1.84	801.34	1
225.88	0	803.2	66.9	0.51	0.0	-0.27	0.0	2	3987	-1417.0	-2874.3	-1.86	803.19	1
225.98	0	805.5	67.7	0.48	0.0	-0.3	0.0	2	3900	-1418.8	-2874.0	-1.96	805.47	1
226.08	0	807.4	68.1	0.49	0.0	-0.27	0.0	2	3944	-1420.6	-2873.5	-1.73	807.35	1
226.18	0	809.2	68.5	0.49	0.0	-0.22	0.0	2	3992	-1422.4	-2873.0	-1.55	809.23	1
226.28	0	811.1	69.0	0.49	0.0	-0.24	0.0	2	4021	-1424.3	-2872.4	-1.41	811.15	1
226.38	0	813.1	69.5	0.49	0.0	-0.25	0.0	2	4049	-1426.1	-2871.8	-1.34	813.06	1
226.51	0	815.6	70.1	0.49	0.0	-0.27	0.0	2	4089	-1428.5	-2870.9	-1.34	815.64	1
226.59	0	817.1	70.5	0.49	0.0	-0.27	0.0	2	4113	-1429.8	-2870.3	-1.4	817.12	1
226.69	0	819.5	70.9	0.49	0.0	-0.27	0.0	2	4143	-1431.6	-2869.4	-1.45	819.5	1
226.79	0	821.5	71.4	0.49	0.0	-0.27	0.0	2	4174	-1433.4	-2868.5	-1.14	821.46	1
226.89	0	823.4	71.8	0.43	0.0	-0.27	0.0	2	4183	-1435.1	-2867.5	-0.89	823.43	1
226.99	0	825.4	72.2	0.43	0.0	-0.27	0.0	2	4203	-1436.8	-2866.5	-0.72	825.42	1
227.09	0	827.4	72.4	0.44	0.0	-0.26	0.0	2	4280	-1438.5	-2865.3	-0.62	827.43	1
227.19	0	829.4	72.6	0.44	0.0	-0.26	0.0	2	4336	-1440.1	-2864.1	-0.6	829.44	1
227.29	0	831.5	73.3	0.44	0.0	-0.26	0.0	2	4234	-1441.7	-2862.9	-0.67	831.47	1
227.39	0	833.7	73.6	0.44	0.0	-0.26	0.0	2	4277	-1443.2	-2861.5	-0.57	833.69	1
227.49	0	835.7	74.0	0.44	0.0	-0.24	0.0	2	4308	-1444.7	-2860.1	-0.29	835.72	1
227.59	0	837.8	74.4	0.43	0.0	-0.26	0.0	2	4336	-1446.2	-2858.6	-0.06	837.84	1
227.69	0	839.9	74.8	0.42	0.0	-0.27	0.0	2	4355	-1447.6	-2857.1	0.09	839.91	1
227.79	0	842.0	75.1	0.36	0.0	-0.27	0.0	2	4358	-1449.0	-2855.5	0.16	841.99	1
227.89	0	844.1	75.2	0.27	0.0	-0.29	0.0	2	4334	-1450.3	-2853.9	0.16	844.08	1
227.99	0	846.2	74.9	0.16	0.0	-0.27	0.0	2	4282	-1451.5	-2852.2	0.07	846.16	1
228.09	0	848.2	74.3	0.0	0.0	-0.26	0.0	2	4186	-1452.7	-2850.5	0.41	848.18	1
228.19	0	850.2	73.5	0.0	0.0	-0.24	0.0	2	4142	-1453.8	-2848.8	0.7	850.2	1
228.29	0	852.2	73.1	0.25	0.0	-0.22	0.0	2	4208	-1454.8	-2847.0	0.91	852.23	1
228.41	0	854.6	72.9	0.21	0.0	-0.2	0.0	2	4221	-1455.9	-2844.9	1.06	854.6	1
228.51	0	856.6	72.8	0.17	0.0	-0.26	0.0	2	4147	-1456.8	-2843.1	1.11	856.62	1
228.63	0	859.0	72.2	0.0	0.0	-0.26	0.0	2	4064	-1457.7	-2840.9	1.06	859.01	1
228.73	0	860.7	71.7	0.21	0.0	-0.22	0.0	2	4090	-1458.4	-2839.0	1.15	860.75	1
228.83	0	862.7	71.5	0.23	0.0	-0.22	0.0	2	4091	-1459.1	-2837.2	1.46	862.71	1
228.93	0	864.7	71.2	0.2	0.0	-0.25	0.0	2	4071	-1459.7	-2835.3	1.7	864.68	1
229.03	0	866.6	70.9	0.16	0.0	-0.26	0.0	2	4043	-1460.3	-2833.4	1.88	866.64	1
229.13	0	868.6	70.5	0.0	0.0	-0.26	0.0	2	3999	-1460.7	-2831.5	1.98	868.61	1
229.23	0	870.6	69.9	0.0	0.0	-0.26	0.0	2	3939	-1461.1	-2829.6	2.02	870.55	1
229.33	0	872.5	69.1	0.0	0.0	-0.26	0.0	2	3898	-1461.5	-2827.7	1.98	872.48	1
229.43	0	874.4	68.4	0.0	0.0	-0.26	0.0	2	3858	-1461.7	-2825.8	1.88	874.4	1
229.53	0	876.3	67.9	0.21	0.0	-0.24	0.0	2	3874	-1461.9	-2823.9	1.47	876.28	1
229.65	0	878.4	67.6	0.22	0.0	-0.22	0.0	2	3882	-1462.1	-2821.6	1.24	878.43	1
229.74	0	880.1	67.4	0.22	0.0	-0.22	0.0	2	3874	-1462.1	-2819.9	1.18	880.13	1
229.84	0	882.0	67.3	0.22	0.0	-0.22	0.0	2	3841	-1462.1	-2818.0	0.94	882.05	1
229.94	0	883.6	67.2	0.22	0.0	-0.22	0.0	2	3830	-1462.1	-2816.2	1.07	883.61	1
230.04	0	885.3	67.0	0.25	0.0	-0.2	0.0	2	3847	-1461.9	-2814.3	1.41	885.29	1
230.14	0	887.1	66.9	0.25	0.0	-0.2	0.0	2	3833	-1461.8	-2812.5	1.82	887.1	1
230.24	0	888.8	66.8	0.26	0.0	-0.22	0.0	2	3843	-1461.6	-2810.6	2.19	888.82	1
230.34	0	890.5	66.7	0.26	0.0	-0.23	0.0	2	3837	-1461.3	-2808.8	2.58	890.52	1
230.44	0	894.2	66.7	0.26	0.0	-0.23	0.0	2	3808	-1461.0	-2807.0	3.03	894.2	1
230.54	0	895.9	66.6	0.26	0.0	-0.23	0.0	2	3818	-1460.6	-2805.2	2.28	895.9	1
230.67	0	897.8	66.6	0.36	0.0	-0.08	0.0	2	3830	-1460.0	-2802.9	1.34	897.8	1
230.75	0	899.3	66.8	0.38	0.0	-0.17	0.0	2	3856	-1459.6	-2801.3	0.92	899.35	1
230.85	0	901.1	66.9	0.33	0.0	-0.22	0.0	2	3847	-1459.1	-2799.5	0.4	901.13	1
230.95	0	902.9	67.0	0.31	0.0	-0.22	0.0	2	3846	-1458.6	-2797.7	0.0	902.92	1
231.05	0	904.8	67.0	0.31	0.0	-0.19	0.0	2	3847	-1458.0	-2796.0	-0.21	904.77	1
231.15	0	906.7	67.1	0.31	0.0	-0.16	0.0	2	3849	-1457.3	-2794.2	-0.45	906.7	1
231.25	0	908.6	67.3	0.38	0.0	-0.06	0.0	2	3867	-1456.6	-2792.5	-0.39	908.56	1
231.35	0	910.4	67.6	0.45	0.0	-0.0	0.0	2	3904	-1455.9	-2790.8	-0.35	910.44	1
231.45	0	912.3	68.0	0.45	0.0	-0.0	0.0	2	3936	-1455.2	-2789.1	-0.32	912.32	1
231.55	0	914.2	68.5	0.47	0.0	-0.06	0.0	2	3945	-1454.4	-2787.3	-0.31	914.22	1
231.67	0	916.5	69.1	0.47	0.0	-0.16	0.0	2	3993	-1453.5	-2785.2	-0.33	916.54	1
231.75	0	918.0	69.4	0.47	0.0	-0.24	0.0	2	4026	-1452.8	-2783.8	-0.38	918.04	1
231.85	0	920.0	69.7	0.38	0.0	-0.17	0.0	2	4029	-1452.0	-2782.1	-0.49	919.97	1
231.95	0	921.9	70.0	0.38	0.0	-0.16	0.0	2	4040	-1451.1	-2780.3	-0.64	921.91	1
232.05	0	923.8	70.3	0.38	0.0	-0.13	0.0	2	4055	-1450.2	-2778.6	-0.84	923.85	1
232.15	0	925.8	70.6	0.38	0.0	-0.06	0.0	2	4067	-1449.2	-2776.9	-1.06	925.79	1
232.25	0	927.8	70.9	0.38	0.0	-0.02	0.0	2	4080	-1448.2	-2775.2	-1.31	927.75	1
232.35	0	929.7	71.2	0.38	0.0	-0.0	0.0	2	4097	-1447.2	-2773.5	-1.58	929.71	1
232.45	0	931.7	71.5	0.38	0.0	-0.0	0.0	2	4116	-1446.2	-2771.8	-1.85	931.69	1
232.55	0	933.8	71.9	0.38	0.0	-0.03	0.0	2	4135	-1445.1	-2770.1	-2.06	933.83	1
232.65	0	935.8	72.2	0.38	0.0	-0.03	0.0	2	4154	-1444.1	-2768.4	-2.18	935.82	1
232.75	0	937.8	72.5	0.36	0.0	-0.03	0.0	2	4168	-1443.0	-2766.7	-2.28	937.83	1
232.85	0	939.8	72.8	0.36	0.0	-0.03	0.0	2	4184	-1441.9	-2765.0	-2.38	939.84	1
232.95	0	942.9	73.1	0.36	0.0	-0.03	0.0	2	4200	-1440.9	-2763.3	-2.49	942.87	1
233.12	0	946.1	73.5	0.36	0.0	-0.06	0.0	2	4228	-1439.1	-2760.5	-1.5	946.06	1
233.26	0	948.9	73.9	0.34	0.0	-0.13	0.0	2	4251	-1437.4	-2758.0	-0.66	948.9	1
233.44	0	952.4	74.3	0.33	0.0	-0.08	0.0	2	4267	-1435.3	-2755.1	0.21	952.42	1
233.58	0	955.4	74.6	0.32	0.0	-0.02	0.0	2	4279	-1433.6	-2752.6	0.78	955.36	1
233.73	0	958.3	75.0	0.38	0.0	-0.0	0.0	2	4318	-1431.7	-2750.2	1.32	958.35	1
233.88	0	961.4	75.6	0.4	0.0	0.0	0.0	2	4355	-1429.9	-2747.7	1.87	961.42	1
234.05	0	965.0	76.2	0.38	0.0	-0.17	0.0	2	4392	-1427.7	-2744.9	2.47	964.97	1
234.19	0	968.0	76.7	0.38	0.0	-0.08	0.0	2	4427	-1425.7	-2742.5	2.92	968.02	1
234.34	0	971.2	77.2	0.38	0.0	-0.11	0.0	2	4457	-1423.8	-2740.1	3.27	971.19	1
234.51	0	974.9	77.9	0.38	0.0	-0.13	0.0	2	4498	-1421.3	-2737.2	3.54	974.95	1
234.66	0	978.1	78.4	0.38	0.0	-0.13	0.0	2	4531	-1419.1	-2734.9	3.67	978.1	1
234.81	0	981.3	79.0	0.38	0.0	-0.06	0.0	2	4561	-1416.9	-2732.7	3.72	981.31	1
234.98	0	985.1	79.8	0.41	0.0	-0.0	0.0	2	4616	-1414.1	-2730.0	3.69	985.13	1
235.13	0	988.4	80.5	0.43	0.0	-0.0	0.0	2	4664	-1411.8	-2727.8	3.63	988.35	1
235.27	0	991.7	81.4	0.43	0.0	-0.03	0.0	2	4717	-1409.4	-2725.6	3.48	991.69	1
235.41	0	995.0	82.3	0.45	0.0	-0.0	0.0	2	4770	-1407.0	-2723.3	3.3	994.98	1
235.59	0	999.0	83.5	0.47	0.0	-0.0	0.0	2	4859	-1404.0	-2720.6	3.08	999.02	1
235.73	0	1002.4	84.6	0.48	0.0	0.0	0.0	2	4931	-1401.5	-2718.3	2.88	1002.38	1
235.88	0	1005.8	85.9	0.52	0.0	0.0	0.0	2	5024	-1399.0	-2716.0	2.69	1005.82	1
236.05	0	1009.9	87.7	0.54	0.0	0.0	0.0	2	5150	-1396.0	-2713.1	2.51	1009.9	1
236.2	0	1013.5	89.3	0.54	0.0	0.0	0.0	2	5239	-1393.3	-2710.7	2.4	1013.51	1
236.35	0	1017.2	90.9	0.54	0.0	0.0	0.0	2	5340	-1390.6	-2708.2	2.3	1017.22	1
236.5	0	1021.0	92.6	0.54	0.0	0.0	0.0	2	5440	-1387.8	-2705.6	2.19	1020.99	1
236.67	0	1025.6	94.5	0.54	0.0	-0.06	0.0	2	5598	-1384.4	-2702.4	2.07	1025.63	1
236.82	0	1029.5	96.3	0.54	0.0	-0.02	0.0	2	5667	-1381.6	-2699.8	2.01	1029.49	1
236.97	0	1033.5	98.1	0.54	0.0	-0.02	0.0	2	5787	-1378.6	-2697.1	1.94	1033.51	1
237.15	0	1038.4	100.0	0.43	0.0	0.0	0.0	2	5835	-1375.0	-2693.8	1.82	1038.36	1
237.29	0	1042.5	100.9	0.28	0.0	0.0	0.46	2	5812	-1371.9	-2691.1	1.7	1042.47	1
237.44	0	1046.7	100.6	0.0	0.0	0.02	1.0	2	5398	-1368.8	-2688.3	1.55	1046.69	1
237.6	0	1051.0	100.2	0.0	0.0	0.02	1.0	3	4896	-1365.6	-2685.5	1.39	1050.96	1
237.77	0	1055.8	99.7	0.0	0.0	0.02	1.0	3	4380	-1362.0	-2682.2	1.23	1055.81	1
237.92	0	1059.9	98.9	0.18	0.0	0.02	0.59	3	4310	-1358.9	-2679.4	1.12	1059.93	1
238.07	0	1064.0	98.7	0.25	0.0	-0.0	0.0	3	4320	-1355.9	-2676.6	1.04	1064.02	1
238.25	0	1068.9	98.7	0.34	0.0	-0.0	0.0	3	4342	-1352.4	-2673.3	0.97	1068.88	1
238.4	0	1073.0	98.8	0.36	0.0	-0.0	0.0	3	4354	-1349.4	-2670.5	0.91	1072.96	1
238.54	0	1077.0	99.1	0.38	0.0	-0.0	0.0	3	4370	-1346.5	-2667.7	0.86	1077.04	1
238.72	0	1081.9	99.3	0.38	0.0	0.02	0.0	3	4382	-1342.9	-2664.4	0.8	1081.88	1
238.87	0	1086.0	99.6	0.36	0.0	0.02	0.0	3	4390	-1339.9	-2661.6	0.75	1086.01	1
239.02	0	1090.2	99.8	0.36	0.0	-0.0	0.0	3	4399	-1336.9	-2658.7	0.73	1090.16	1
239.17	0	1094.3	100.0	0.36	0.0	-0.0	0.0	3	4409	-1333.9	-2655.8	0.72	1094.33	1
239.34	0	1099.2	100.5	0.45	0.0	-0.0	0.0	3	4454	-1330.5	-2652.4	0.71	1099.16	1
239.49	0	1103.3	100.9	0.44	0.0	-0.0	0.0	3	4503	-1327.5	-2649.6	0.71	1103.32	1
239.64	0	1107.5	101.4	0.44	0.0	-0.0	0.0	3	4487	-1324.5	-2646.7	0.71	1107.49	1
239.82	0	1112.6	102.0	0.45	0.0	-0.0	0.0	3	4523	-1320.8	-2643.1	0.7	1112.59	1
239.97	0	1116.8	102.6	0.45	0.0	-0.0	0.0	3	4549	-1317.7	-2640.2	0.69	1116.83	1
240.12	0	1121.2	103.1	0.45	0.0	-0.0	0.0	3	4572	-1314.6	-2637.2	0.68	1121.16	1
240.3	0	1126.3	103.8	0.47	0.0	-0.0	0.0	3	4607	-1310.9	-2633.6	0.66	1126.33	1
240.45	0	1130.6	104.4	0.47	0.0	-0.0	0.0	3	4637	-1307.8	-2630.6	0.65	1130.63	1
240.6	0	1135.0	105.0	0.47	0.0	-0.0	0.0	3	4659	-1304.7	-2627.6	0.64	1134.98	1
240.75	0	1139.4	105.7	0.47	0.0	-0.0	0.0	3	4696	-1301.5	-2624.5	0.63	1139.39	1
240.93	0	1144.6	106.4	0.47	0.0	-0.0	0.0	3	4728	-1297.7	-2620.9	0.61	1144.62	1
241.08	0	1149.0	107.1	0.47	0.0	-0.0	0.0	3	4757	-1294.6	-2617.9	0.59	1148.98	1
241.22	0	1153.4	107.7	0.47	0.0	-0.0	0.0	3	4787	-1291.3	-2614.8	0.57	1153.42	1
241.4	0	1158.8	108.5	0.48	0.0	-0.0	0.0	3	4830	-1287.5	-2611.1	0.54	1158.79	1
241.55	0	1163.3	109.1	0.48	0.0	-0.0	0.0	3	4916	-1284.2	-2608.0	0.52	1163.28	1
241.7	0	1167.8	110.0	0.48	0.0	-0.0	0.0	3	4891	-1280.9	-2604.9	0.5	1167.8	1
241.88	0	1173.2	110.9	0.48	0.0	-0.0	0.0	3	4938	-1277.1	-2601.2	0.46	1173.19	1
242.02	0	1177.8	111.6	0.48	0.0	-0.0	0.0	3	4971	-1273.7	-2598.0	0.44	1177.76	1
242.17	0	1182.4	112.4	0.48	0.0	-0.0	0.0	3	5006	-1270.4	-2594.8	0.41	1182.39	1
242.33	0	1187.2	113.1	0.48	0.0	-0.0	0.0	3	5041	-1266.9	-2591.5	0.38	1187.17	1
242.5	0	1192.6	114.1	0.51	0.0	-0.0	0.0	3	5095	-1263.0	-2587.7	0.35	1192.65	1
242.65	0	1197.4	115.0	0.51	0.0	-0.0	0.0	3	5135	-1259.6	-2584.5	0.31	1197.37	1
242.8	0	1202.1	116.0	0.54	0.0	-0.0	0.0	3	5193	-1256.1	-2581.2	0.28	1202.13	1
242.97	0	1207.9	117.3	0.56	0.0	-0.0	0.0	3	5261	-1251.9	-2577.2	0.23	1207.93	1
243.12	0	1212.8	118.4	0.56	0.0	-0.0	0.0	3	5314	-1248.4	-2573.9	0.2	1212.79	1
243.27	0	1217.7	119.6	0.56	0.0	-0.0	0.0	3	5362	-1244.8	-2570.5	0.15	1217.74	1
243.45	0	1223.6	120.9	0.56	0.0	0.02	0.0	3	5434	-1240.5	-2566.4	0.1	1223.65	1
243.6	0	1228.6	122.1	0.47	0.0	0.09	0.0	3	5453	-1236.9	-2562.9	0.07	1228.63	1
243.75	0	1233.7	122.5	0.36	0.0	0.1	0.0	3	5428	-1233.2	-2559.4	0.09	1233.73	1
243.93	0	1239.8	122.7	0.21	0.0	0.01	0.04	3	5382	-1229.0	-2555.1	0.24	1239.78	1
244.07	0	1244.9	121.9	0.0	0.0	-0.01	1.0	3	5131	-1225.5	-2551.4	0.46	1244.85	1
244.22	0	1249.9	121.3	0.0	0.0	0.01	1.0	4	4664	-1222.1	-2547.7	0.75	1249.9	1
244.37	0	1255.0	120.7	0.0	0.0	-0.04	0.88	4	4313	-1218.6	-2544.0	1.05	1254.95	1
244.55	0	1260.7	119.5	0.15	0.0	-0.0	0.0	4	4292	-1214.7	-2539.7	1.37	1260.73	1
244.7	0	1265.7	119.0	0.28	0.0	-0.0	0.0	4	4307	-1211.3	-2536.1	1.64	1265.66	1
244.85	0	1270.6	118.9	0.36	0.0	-0.02	0.0	4	4319	-1208.0	-2532.5	1.89	1270.57	1
245.02	0	1276.4	118.8	0.38	0.0	-0.02	0.0	4	4322	-1203.9	-2528.3	2.16	1276.43	1
245.17	0	1281.3	118.8	0.38	0.0	-0.02	0.0	4	4322	-1200.5	-2524.7	2.36	1281.35	1
245.32	0	1286.3	118.8	0.38	0.0	-0.02	0.0	4	4321	-1197.1	-2521.1	2.54	1286.28	1
245.5	0	1292.1	118.9	0.45	0.0	0.0	0.0	4	4341	-1193.0	-2517.0	2.71	1292.13	1
245.65	0	1297.0	119.1	0.45	0.0	0.0	0.0	4	4349	-1189.6	-2513.5	2.85	1297.03	1
245.8	0	1302.0	119.3	0.45	0.0	0.0	0.0	4	4357	-1186.1	-2509.9	2.98	1302.0	1
245.98	0	1307.9	119.6	0.45	0.0	0.0	0.0	4	4366	-1182.0	-2505.7	3.14	1307.91	1
246.13	0	1312.9	119.8	0.45	0.0	-0.04	0.0	4	4374	-1178.5	-2502.2	3.28	1312.87	1
246.28	0	1317.9	120.0	0.43	0.0	-0.04	0.0	4	4378	-1175.0	-2498.6	3.4	1317.85	1
246.43	0	1322.9	120.1	0.44	0.0	-0.02	0.0	4	4385	-1171.4	-2495.1	3.48	1322.88	1
246.6	0	1328.8	120.3	0.43	0.0	0.0	0.0	4	4390	-1167.2	-2490.9	3.53	1328.84	1
246.75	0	1333.8	120.5	0.43	0.0	-0.04	0.0	4	4396	-1163.6	-2487.4	3.55	1333.83	1
246.9	0	1338.8	120.7	0.44	0.0	-0.0	0.0	4	4403	-1160.0	-2483.9	3.55	1338.85	1
247.08	0	1344.8	120.9	0.44	0.0	-0.0	0.0	4	4410	-1155.7	-2479.8	3.53	1344.82	1
247.23	0	1349.8	121.1	0.45	0.0	-0.0	0.0	4	4420	-1152.0	-2476.3	3.5	1349.84	1
247.38	0	1354.9	121.3	0.45	0.0	0.0	0.0	4	4429	-1148.4	-2472.8	3.47	1354.9	1
247.56	0	1360.8	121.5	0.45	0.0	0.0	0.0	4	4438	-1144.1	-2468.7	3.44	1360.83	1
247.71	0	1365.8	121.8	0.45	0.0	0.0	0.0	4	4447	-1140.5	-2465.3	3.41	1365.85	1
247.86	0	1370.9	122.0	0.45	0.0	-0.01	0.0	4	4455	-1136.8	-2461.8	3.39	1370.94	1
248.03	0	1377.0	122.2	0.45	0.0	-0.04	0.0	4	4465	-1132.4	-2457.6	3.35	1376.97	1
248.18	0	1382.0	122.5	0.45	0.0	-0.02	0.0	4	4476	-1128.7	-2454.1	3.3	1382.04	1
248.33	0	1387.1	122.7	0.45	0.0	0.01	0.0	4	4480	-1125.0	-2450.6	3.22	1387.13	1
248.48	0	1392.3	122.9	0.45	0.0	0.01	0.0	4	4490	-1121.2	-2447.2	3.12	1392.25	1
248.66	0	1398.2	123.2	0.45	0.0	0.01	0.0	4	4500	-1116.9	-2443.1	3.0	1398.21	1
248.81	0	1403.3	123.4	0.45	0.0	0.02	0.0	4	4509	-1113.1	-2439.6	2.9	1403.33	1
248.96	0	1408.4	123.5	0.34	0.0	0.05	0.0	4	4490	-1109.4	-2436.1	2.83	1408.45	1
249.13	0	1414.6	122.7	0.0	0.0	0.0	0.0	4	4381	-1104.9	-2431.9	2.8	1414.57	1
249.28	0	1419.6	121.6	0.0	0.0	0.0	0.0	4	4343	-1101.3	-2428.4	2.82	1419.59	1
249.43	0	1424.6	120.5	0.0	0.0	-0.04	0.0	4	4306	-1097.7	-2424.9	2.85	1424.62	1
249.61	0	1430.5	119.3	0.0	0.0	-0.06	0.0	4	4262	-1093.5	-2420.8	2.87	1430.5	1
249.76	0	1435.4	118.3	0.0	0.0	-0.04	0.0	4	4225	-1090.0	-2417.5	2.84	1435.38	1
249.91	0	1440.3	117.2	0.0	0.0	-0.0	0.0	4	4188	-1086.4	-2414.1	2.76	1440.29	1
250.09	0	1446.1	116.0	0.0	0.0	0.0	0.0	4	4145	-1082.1	-2410.2	2.62	1446.08	1
250.23	0	1450.8	115.0	0.0	0.0	0.0	0.0	4	4110	-1078.6	-2407.0	2.49	1450.85	1
250.38	0	1455.6	113.9	0.0	0.16	0.02	0.0	4	4040	-1075.1	-2403.8	2.36	1455.61	1
250.53	0	1460.3	111.1	0.0	0.19	0.05	0.0	4	3914	-1071.6	-2400.6	2.24	1460.32	1
250.71	0	1465.6	108.0	0.0	0.16	0.01	0.0	4	3817	-1067.7	-2397.0	2.16	1465.62	1
250.86	0	1470.1	107.0	0.0	0.0	0.0	0.0	4	3824	-1064.5	-2393.9	2.15	1470.08	1
251.01	0	1474.5	106.1	0.0	0.0	0.0	0.0	4	3792	-1061.3	-2390.8	2.16	1474.49	1
251.19	0	1479.7	105.0	0.0	0.0	0.0	0.0	4	3754	-1057.6	-2387.2	2.2	1479.71	1
251.33	0	1484.0	104.1	0.0	0.0	0.0	0.0	4	3723	-1054.5	-2384.1	2.24	1484.04	1
251.48	0	1488.3	103.3	0.0	0.0	0.0	0.0	4	3692	-1051.4	-2381.1	2.28	1488.34	1
251.66	0	1493.4	102.2	0.0	0.0	0.0	0.18	4	3656	-1047.9	-2377.6	2.34	1493.38	1
251.81	0	1497.6	101.6	0.0	0.0	0.0	1.0	4	3474	-1044.9	-2374.6	2.39	1497.56	1
251.96	0	1501.8	101.1	0.0	0.0	0.0	1.0	4	3157	-1041.9	-2371.7	2.44	1501.78	1
252.14	0	1506.8	100.6	0.0	0.0	-0.01	1.0	3	2819	-1038.3	-2368.2	2.51	1506.77	1
252.29	0	1511.0	100.1	0.0	0.0	-0.01	1.0	3	2561	-1035.4	-2365.2	2.56	1510.97	1
252.44	0	1515.1	99.7	0.0	0.0	-0.01	1.0	3	2330	-1032.4	-2362.3	2.61	1515.11	1
252.59	0	1519.3	99.3	0.0	0.0	-0.0	1.0	3	2114	-1029.4	-2359.4	2.63	1519.31	1
252.76	0	1524.1	98.7	0.0	0.0	-0.03	1.0	3	1958	-1026.0	-2356.1	2.62	1524.08	1
252.91	0	1528.1	98.3	0.0	0.0	-0.06	1.0	3	1953	-1023.0	-2353.3	2.58	1528.15	1
253.06	0	1532.3	97.8	0.0	0.0	-0.06	1.0	3	1953	-1020.0	-2350.5	2.49	1532.28	1
253.24	0	1537.1	97.3	0.0	0.0	-0.0	1.0	3	1953	-1016.4	-2347.2	2.31	1537.1	1
253.39	0	1541.1	96.9	0.0	0.0	0.0	1.0	3	1953	-1013.4	-2344.6	2.14	1541.11	1
253.54	0	1545.1	96.5	0.0	0.0	0.0	1.0	3	1953	-1010.4	-2341.9	1.95	1545.14	1
253.72	0	1549.9	96.0	0.0	0.0	0.06	1.0	3	1953	-1006.8	-2338.8	1.75	1549.86	1
253.86	0	1553.8	95.6	0.16	0.0	0.07	1.0	3	1983	-1003.9	-2336.1	1.62	1553.81	1
254.01	0	1557.8	95.1	0.0	0.0	0.07	1.0	3	1957	-1001.0	-2333.4	1.55	1557.8	1
254.19	0	1562.5	94.5	0.0	0.0	0.0	0.96	3	1984	-997.6	-2330.1	1.54	1562.51	1
254.34	0	1566.4	91.8	0.0	0.0	0.0	0.16	3	3455	-994.8	-2327.4	1.56	1566.41	1
254.49	0	1570.2	89.9	0.0	0.0	0.0	0.0	3	3885	-992.1	-2324.8	1.6	1570.17	1
254.65	0	1574.0	89.0	0.0	0.0	0.0	0.0	3	3849	-989.4	-2322.1	1.65	1573.97	1
254.82	0	1578.3	88.0	0.0	0.0	0.0	0.0	3	3805	-986.4	-2319.0	1.72	1578.25	1
254.97	0	1581.9	87.1	0.0	0.0	0.0	0.0	3	3768	-983.8	-2316.5	1.78	1581.88	1
255.12	0	1585.5	86.3	0.0	0.0	0.0	0.0	3	3731	-981.3	-2313.9	1.84	1585.49	1
255.3	0	1589.8	85.3	0.0	0.0	0.0	0.0	3	3688	-978.3	-2310.9	1.91	1589.76	1
255.45	0	1593.3	85.0	0.28	0.0	0.0	0.0	3	3719	-975.8	-2308.4	1.98	1593.27	1
255.6	0	1596.8	84.8	0.28	0.0	0.0	0.0	3	3714	-973.3	-2305.9	2.05	1596.81	1
255.78	0	1601.0	84.7	0.28	0.0	0.0	0.0	3	3708	-970.3	-2302.9	2.13	1601.0	1
255.92	0	1604.5	84.6	0.28	0.0	0.0	0.0	3	3703	-967.9	-2300.4	2.21	1604.5	1
256.07	0	1608.0	84.4	0.28	0.0	0.0	0.0	3	3697	-965.4	-2297.9	2.29	1608.03	1
256.25	0	1612.2	84.3	0.28	0.0	-0.04	0.0	3	3691	-962.5	-2295.0	2.39	1612.2	1
256.4	0	1615.7	84.2	0.28	0.0	-0.06	0.0	3	3685	-960.0	-2292.5	2.45	1615.69	1
256.55	0	1619.2	84.0	0.28	0.0	-0.0	0.0	3	3679	-957.5	-2290.0	2.5	1619.2	1
256.7	0	1622.7	83.9	0.28	0.0	0.0	0.0	3	3673	-955.0	-2287.5	2.53	1622.75	1
256.88	0	1626.8	83.8	0.28	0.0	-0.03	0.0	3	3666	-952.1	-2284.7	2.56	1626.81	1
257.03	0	1630.3	83.6	0.28	0.0	-0.04	0.0	3	3661	-949.6	-2282.3	2.56	1630.27	1
257.18	0	1633.7	83.5	0.28	0.0	-0.04	0.0	3	3655	-947.1	-2279.9	2.55	1633.73	1
257.36	0	1637.9	83.3	0.28	0.0	-0.06	0.0	3	3648	-944.0	-2277.0	2.48	1637.89	1
257.51	0	1641.3	83.2	0.28	0.0	-0.04	0.0	3	3642	-941.5	-2274.7	2.37	1641.35	1
257.66	0	1644.8	83.0	0.28	0.0	-0.02	0.0	3	3635	-938.9	-2272.4	2.24	1644.8	1
257.83	0	1648.9	82.9	0.32	0.0	0.0	0.0	3	3636	-935.8	-2269.7	2.04	1648.87	1
257.98	0	1652.3	82.9	0.32	0.0	0.0	0.0	3	3634	-933.3	-2267.5	1.87	1652.27	1
258.13	0	1655.7	82.9	0.32	0.0	0.0	0.0	3	3633	-930.7	-2265.2	1.7	1655.71	1
258.31	0	1659.8	82.8	0.32	0.0	0.0	0.0	3	3631	-927.6	-2262.5	1.5	1659.82	1
258.46	0	1663.2	82.8	0.32	0.0	0.0	0.0	3	3629	-925.0	-2260.3	1.33	1663.25	1
258.61	0	1666.7	82.7	0.32	0.0	0.0	0.0	3	3627	-922.4	-2258.0	1.16	1666.67	1
258.76	0	1670.2	82.7	0.32	0.0	0.0	0.0	3	3626	-919.8	-2255.7	1.0	1670.15	1
258.93	0	1674.1	82.7	0.32	0.0	0.0	0.0	3	3625	-916.8	-2253.1	0.8	1674.13	1
259.08	0	1677.5	82.6	0.32	0.0	0.0	0.0	3	3624	-914.3	-2250.8	0.65	1677.54	1
259.23	0	1681.0	82.6	0.32	0.0	0.0	0.0	3	3622	-911.7	-2248.5	0.49	1680.98	1
259.41	0	1685.0	82.6	0.32	0.0	0.0	0.0	3	3622	-908.6	-2245.8	0.3	1685.04	1
259.56	0	1688.4	82.6	0.32	0.0	0.03	0.0	3	3620	-906.1	-2243.6	0.15	1688.44	1
259.71	0	1691.9	82.5	0.32	0.0	0.03	0.0	3	3618	-903.5	-2241.3	0.02	1691.86	1
259.88	0	1695.9	82.5	0.33	0.0	0.01	0.0	3	3617	-900.5	-2238.6	-0.11	1695.94	1
260.03	0	1699.3	82.5	0.33	0.0	0.01	0.0	3	3616	-898.0	-2236.3	-0.2	1699.34	1
260.18	0	1702.8	82.4	0.33	0.0	0.01	0.0	3	3616	-895.5	-2233.9	-0.27	1702.75	1
260.36	0	1706.8	82.4	0.33	0.0	0.01	0.0	3	3612	-892.5	-2231.2	-0.34	1706.79	1
260.51	0	1710.2	82.4	0.33	0.0	0.01	0.0	3	3612	-890.1	-2228.9	-0.4	1710.19	1
260.65	0	1713.6	82.3	0.33	0.0	0.01	0.0	3	3611	-887.6	-2226.6	-0.45	1713.6	1
260.8	0	1717.0	82.3	0.33	0.0	0.01	0.0	3	3609	-885.1	-2224.2	-0.49	1716.99	1
260.98	0	1721.0	82.3	0.33	0.0	0.01	0.0	3	3608	-882.1	-2221.5	-0.52	1721.05	1
261.13	0	1724.4	82.3	0.33	0.0	0.05	0.0	3	3607	-879.7	-2219.1	-0.52	1724.44	1
261.28	0	1727.8	82.2	0.33	0.0	0.07	0.0	3	3606	-877.2	-2216.8	-0.51	1727.83	1
261.46	0	1731.9	82.2	0.33	0.0	0.02	0.0	3	3603	-874.3	-2213.9	-0.46	1731.92	1
261.6	0	1735.3	82.1	0.33	0.0	0.01	0.0	3	3600	-871.9	-2211.5	-0.39	1735.3	1
261.75	0	1738.7	82.1	0.33	0.0	0.01	0.0	3	3602	-869.5	-2209.1	-0.29	1738.72	1
261.93	0	1742.7	82.1	0.33	0.0	0.09	0.0	3	3599	-866.7	-2206.2	-0.16	1742.74	1
262.08	0	1746.1	82.0	0.28	0.0	0.12	0.0	3	3592	-864.4	-2203.8	-0.01	1746.12	1
262.23	0	1749.5	81.7	0.24	0.0	0.2	0.0	3	3578	-862.1	-2201.2	0.22	1749.52	1
262.38	0	1753.0	81.4	0.21	0.0	0.09	0.0	3	3556	-859.8	-2198.6	0.47	1752.97	1
262.56	0	1756.9	80.7	0.16	0.0	0.16	0.0	3	3528	-857.4	-2195.5	0.83	1756.92	1
262.71	0	1760.3	80.2	0.16	0.0	0.14	0.0	3	3496	-855.5	-2192.8	1.21	1760.32	1
262.85	0	1763.6	79.7	0.16	0.0	0.13	0.0	3	3473	-853.7	-2190.0	1.44	1763.62	1
263.03	0	1767.7	79.1	0.16	0.0	0.2	0.0	3	3448	-851.6	-2186.6	1.69	1767.69	1
263.18	0	1771.2	78.5	0.16	0.0	0.2	0.0	3	3428	-850.1	-2183.8	1.86	1771.19	1
263.33	0	1774.4	78.1	0.25	0.0	0.14	0.0	3	3421	-848.6	-2180.9	1.76	1774.41	1
263.51	0	1778.2	77.7	0.25	0.0	0.2	0.0	3	3403	-847.1	-2177.4	1.8	1778.23	1
263.66	0	1781.5	77.1	0.23	0.0	0.26	0.0	3	3404	-845.9	-2174.4	1.89	1781.5	1
263.8	0	1784.6	76.8	0.23	0.0	0.18	0.0	3	3355	-845.0	-2171.4	2.17	1784.64	1
263.98	0	1789.0	76.2	0.23	0.0	0.26	0.0	3	3340	-844.0	-2167.8	2.1	1788.96	1
264.13	0	1792.2	75.7	0.22	0.0	0.37	0.0	3	3322	-843.3	-2164.7	1.81	1792.25	1
264.28	0	1795.3	74.9	0.22	0.0	0.34	0.0	3	3323	-842.9	-2161.6	1.56	1795.33	1
264.43	0	1798.4	74.4	0.23	0.0	0.25	0.0	3	3258	-842.6	-2158.5	1.57	1798.42	1
264.61	0	1802.2	73.9	0.28	0.0	0.22	0.0	3	3239	-842.6	-2154.9	1.62	1802.2	1
264.76	0	1805.4	73.6	0.4	0.0	0.26	0.0	3	3245	-842.8	-2151.8	1.61	1805.37	1
264.91	0	1808.6	73.5	0.41	0.0	0.27	0.0	3	3238	-843.1	-2148.8	1.47	1808.63	1
265.08	0	1812.3	73.3	0.41	0.0	0.26	0.0	3	3253	-843.6	-2145.2	1.29	1812.33	1
265.23	0	1815.3	73.1	0.41	0.0	0.22	0.0	3	3238	-844.3	-2142.2	1.22	1815.35	1
265.38	0	1818.5	73.0	0.41	0.0	0.22	0.0	3	3209	-845.1	-2139.3	1.05	1818.53	1
265.56	0	1822.2	72.9	0.41	0.0	0.22	0.0	3	3222	-846.3	-2135.9	0.92	1822.21	1
265.71	0	1825.2	72.9	0.41	0.0	0.26	0.0	3	3212	-847.4	-2133.1	0.78	1825.22	1
265.86	0	1828.3	72.7	0.41	0.0	0.3	0.0	3	3207	-848.7	-2130.4	0.68	1828.34	1
266.04	0	1831.9	72.6	0.41	0.0	0.2	0.0	3	3206	-850.4	-2127.2	0.5	1831.9	1
266.18	0	1834.9	72.5	0.41	0.0	0.14	0.0	3	3195	-851.9	-2124.6	0.33	1834.93	1
266.33	0	1837.9	72.5	0.42	0.0	0.14	0.0	3	3187	-853.6	-2122.1	0.18	1837.93	1
266.48	0	1840.9	72.5	0.43	0.0	0.18	0.0	3	3204	-855.3	-2119.7	-0.01	1840.95	1
266.66	0	1844.6	72.6	0.45	0.0	0.1	0.0	3	3192	-857.5	-2116.8	-0.15	1844.55	1
266.81	0	1847.6	72.7	0.47	0.0	0.14	0.0	3	3200	-859.4	-2114.5	-0.18	1847.56	1
266.96	0	1850.6	72.8	0.47	0.0	0.09	0.0	3	3204	-861.4	-2112.2	-0.17	1850.62	1
267.14	0	1854.2	73.0	0.51	0.0	0.06	0.0	3	3216	-863.9	-2109.5	-0.06	1854.2	1
267.29	0	1857.2	73.2	0.55	0.0	0.05	0.0	3	3229	-865.9	-2107.4	0.06	1857.22	1
267.44	0	1860.3	73.6	0.55	0.0	0.0	0.0	3	3246	-868.1	-2105.2	0.21	1860.29	1
267.62	0	1863.9	74.0	0.58	0.0	0.0	0.0	3	3264	-870.7	-2102.5	0.42	1863.94	1
267.77	0	1867.0	74.4	0.58	0.0	0.0	0.0	3	3284	-872.8	-2100.3	0.72	1867.02	1
267.92	0	1870.1	74.8	0.58	0.0	0.0	0.0	3	3303	-875.0	-2098.1	1.03	1870.13	1
268.1	0	1873.8	75.3	0.58	0.0	-0.04	0.0	3	3325	-877.7	-2095.5	1.39	1873.82	1
268.25	0	1876.9	75.7	0.58	0.0	-0.06	0.0	3	3346	-879.9	-2093.3	1.66	1876.95	1
268.4	0	1880.1	76.1	0.53	0.0	-0.1	0.0	3	3357	-882.0	-2091.0	1.9	1880.1	1
268.55	0	1882.9	76.4	0.53	0.0	-0.08	0.0	3	3379	-884.2	-2088.6	2.52	1882.87	1
268.73	0	1886.4	76.8	0.53	0.0	0.0	0.0	3	3388	-886.8	-2085.8	3.46	1886.45	1
268.88	0	1889.4	77.2	0.53	0.0	-0.06	0.0	3	3408	-888.9	-2083.4	4.35	1889.42	1
269.03	0	1893.6	77.6	0.53	0.0	-0.06	0.0	3	3421	-891.0	-2080.9	5.19	1893.56	1
269.21	0	1897.4	78.0	0.53	0.0	-0.06	0.0	3	3450	-893.5	-2078.0	5.47	1897.44	1
269.36	0	1900.8	78.4	0.53	0.0	-0.06	0.0	3	3462	-895.6	-2075.4	5.65	1900.76	1
269.51	0	1904.0	78.8	0.53	0.0	-0.04	0.0	3	3480	-897.7	-2072.9	5.75	1904.04	1
269.69	0	1908.1	79.3	0.53	0.0	-0.0	0.0	3	3501	-900.1	-2069.8	5.77	1908.15	1
269.84	0	1911.5	79.7	0.53	0.0	-0.0	0.0	3	3516	-902.1	-2067.1	5.71	1911.46	1
269.99	0	1914.9	80.1	0.53	0.0	-0.0	0.0	3	3547	-904.1	-2064.5	5.6	1914.92	1
270.17	0	1918.9	80.6	0.53	0.0	-0.0	0.0	3	3562	-906.5	-2061.3	5.43	1918.9	1
270.32	0	1922.4	81.1	0.53	0.0	0.0	0.0	3	3584	-908.6	-2058.6	5.21	1922.44	1
270.47	0	1925.9	81.6	0.53	0.0	0.0	0.0	3	3605	-910.7	-2055.8	4.97	1925.92	1
270.63	0	1930.3	82.0	0.53	0.0	0.0	0.0	3	3630	-912.9	-2053.0	4.33	1930.28	1
270.81	0	1934.3	82.6	0.53	0.0	0.0	0.0	3	3654	-915.4	-2049.7	3.37	1934.27	1
270.96	0	1937.6	83.1	0.53	0.0	-0.04	0.0	3	3676	-917.5	-2047.0	2.57	1937.64	1
271.12	0	1941.0	83.6	0.51	0.0	-0.06	0.0	3	3697	-919.7	-2044.1	1.9	1941.0	1
271.3	0	1945.0	83.9	0.41	0.0	-0.01	0.0	3	3710	-922.2	-2040.7	1.61	1945.0	1
271.45	0	1948.5	84.2	0.41	0.0	0.0	0.0	3	3706	-924.3	-2037.9	1.35	1948.55	1
271.6	0	1952.1	84.3	0.36	0.0	0.0	0.0	3	3703	-926.4	-2035.0	1.16	1952.11	1
271.79	0	1956.4	84.3	0.27	0.0	0.02	0.0	3	3687	-928.9	-2031.5	0.93	1956.37	1
271.94	0	1959.9	83.6	0.0	0.0	0.05	0.0	3	3620	-931.0	-2028.6	0.83	1959.91	1
272.09	0	1963.5	82.8	0.0	0.0	0.05	0.0	3	3577	-933.2	-2025.8	0.75	1963.47	1
272.28	0	1967.6	81.8	0.0	0.0	0.06	0.0	3	3540	-935.7	-2022.5	0.84	1967.59	1
272.43	0	1971.0	81.0	0.0	0.0	0.04	0.0	3	3505	-937.8	-2019.8	0.98	1971.04	1
272.58	0	1974.5	80.2	0.0	0.0	0.01	0.0	3	3469	-940.0	-2017.1	1.13	1974.49	1
272.76	0	1978.5	79.2	0.0	0.0	0.0	0.0	3	3428	-942.5	-2014.0	1.33	1978.48	1
272.92	0	1981.9	78.4	0.0	0.0	0.0	0.0	3	3394	-944.6	-2011.3	1.45	1981.9	1
273.07	0	1985.3	77.6	0.0	0.0	0.0	0.0	3	3362	-946.8	-2008.7	1.5	1985.31	1
273.25	0	1989.1	76.7	0.0	0.0	0.0	0.0	3	3322	-949.2	-2005.7	1.7	1989.06	1
273.41	0	1992.4	76.0	0.0	0.0	0.0	0.0	3	3288	-951.3	-2003.2	1.92	1992.38	1
273.56	0	1995.6	75.2	0.0	0.0	0.0	0.0	3	3257	-953.3	-2000.7	2.06	1995.63	1
273.71	0	1998.8	74.5	0.0	0.0	0.08	0.0	3	3224	-955.4	-1998.2	2.17	1998.84	1
273.89	0	2002.6	73.5	0.0	0.0	0.26	0.0	3	3191	-957.7	-1995.4	2.19	2002.62	1
274.05	0	2005.9	72.5	0.0	0.0	0.34	0.0	3	3154	-959.8	-1993.2	2.18	2005.88	1
274.2	0	2009.3	71.5	0.0	0.0	0.37	0.0	3	3103	-962.1	-1991.0	2.16	2009.35	1
274.38	0	2012.9	70.2	0.0	0.0	0.46	0.0	3	3057	-964.8	-1988.8	1.87	2012.88	1
274.53	0	2016.1	69.1	0.0	0.0	0.46	0.0	3	3012	-967.2	-1987.1	1.52	2016.07	1
274.69	0	2019.2	67.9	0.0	0.0	0.52	0.0	3	2967	-969.7	-1985.6	1.17	2019.18	1
274.87	0	2022.6	66.1	0.0	0.0	0.67	0.0	3	2910	-972.8	-1984.1	0.69	2022.61	1
275.02	0	2025.4	64.7	0.0	0.0	0.8	0.0	3	2841	-975.5	-1983.2	0.52	2025.4	1
275.18	0	2028.1	63.2	0.0	0.0	0.77	0.0	3	2783	-978.1	-1982.6	0.58	2028.15	1
275.36	0	2031.4	61.5	0.0	0.0	0.84	0.0	3	2705	-981.3	-1982.1	0.37	2031.44	1
275.51	0	2034.0	60.0	0.0	0.0	0.98	0.0	3	2634	-983.8	-1982.0	0.41	2034.01	1
275.67	0	2036.6	58.5	0.0	0.0	0.93	0.0	3	2571	-986.4	-1982.2	0.27	2036.63	1
275.85	0	2039.5	56.8	0.0	0.0	0.74	0.0	3	2501	-989.2	-1982.7	0.33	2039.54	1
276.0	0	2042.0	55.5	0.0	0.0	0.88	0.0	3	2452	-991.6	-1983.3	0.32	2042.02	1
276.16	0	2044.4	54.1	0.0	0.0	0.83	0.0	3	2405	-993.8	-1984.2	0.43	2044.39	1
276.32	0	2046.8	52.8	0.0	0.0	0.61	0.0	3	2357	-995.8	-1985.3	0.71	2046.78	1
276.5	0	2049.4	52.3	0.3	0.0	0.34	0.0	3	2299	-998.0	-1986.8	1.18	2049.36	1
276.65	0	2051.7	52.1	0.42	0.0	0.26	0.0	3	2292	-999.7	-1988.2	1.74	2051.74	1
276.81	0	2053.9	52.1	0.48	0.0	0.21	0.0	3	2292	-1001.4	-1989.7	2.16	2053.94	1
276.99	0	2056.9	52.2	0.53	0.0	0.11	0.0	3	2295	-1003.3	-1991.6	2.59	2056.94	1
277.14	0	2059.2	52.4	0.55	0.0	0.12	0.0	3	2303	-1004.8	-1993.2	2.78	2059.15	1
277.3	0	2061.9	52.5	0.55	0.0	0.1	0.0	3	2309	-1006.4	-1994.8	2.75	2061.9	1
277.48	0	2064.6	52.7	0.58	0.0	0.06	0.0	3	2321	-1008.2	-1996.8	2.65	2064.58	1
277.64	0	2066.8	52.9	0.62	0.0	0.06	0.0	3	2331	-1009.6	-1998.5	2.6	2066.84	1
277.79	0	2069.3	53.2	0.62	0.0	0.07	0.0	3	2339	-1011.1	-2000.2	2.5	2069.29	1
277.97	0	2072.1	53.5	0.67	0.0	0.07	0.0	3	2360	-1012.9	-2002.3	2.31	2072.11	1
278.13	0	2074.4	53.9	0.67	0.0	0.07	0.0	3	2373	-1014.3	-2004.1	2.09	2074.4	1
278.28	0	2076.7	54.2	0.69	0.0	0.14	0.0	3	2390	-1015.7	-2006.0	1.9	2076.74	1
278.47	0	2079.5	54.5	0.69	0.0	0.14	0.0	3	2409	-1017.4	-2008.2	1.73	2079.51	1
278.62	0	2081.8	54.8	0.69	0.0	0.14	0.0	3	2424	-1018.7	-2010.1	1.67	2081.8	1
278.77	0	2084.1	55.2	0.69	0.0	0.06	0.0	3	2430	-1020.0	-2012.1	1.68	2084.15	1
278.96	0	2086.9	55.6	0.69	0.0	0.07	0.0	3	2450	-1021.5	-2014.4	1.76	2086.95	1
279.11	0	2089.4	55.9	0.69	0.0	0.07	0.0	3	2462	-1022.8	-2016.5	1.85	2089.36	1
279.27	0	2091.8	56.2	0.69	0.0	0.07	0.0	3	2478	-1024.1	-2018.5	1.97	2091.77	1
279.45	0	2094.6	56.6	0.66	0.0	0.07	0.0	3	2492	-1025.5	-2020.9	2.13	2094.57	1
279.6	0	2097.0	56.9	0.66	0.0	0.05	0.0	3	2504	-1026.7	-2023.1	2.31	2097.0	1
279.75	0	2099.4	57.1	0.66	0.0	0.02	0.0	3	2516	-1027.9	-2025.2	2.5	2099.43	1
279.91	0	2101.9	57.4	0.66	0.0	0.02	0.0	3	2528	-1029.1	-2027.4	2.71	2101.92	1
280.09	0	2104.8	57.7	0.64	0.0	0.02	0.0	3	2540	-1030.5	-2029.9	2.97	2104.76	1
280.24	0	2107.2	58.0	0.64	0.0	-0.0	0.0	3	2551	-1031.6	-2032.0	3.2	2107.21	1
280.4	0	2109.7	58.2	0.6	0.0	-0.04	0.0	3	2560	-1032.8	-2034.3	3.43	2109.73	1
280.58	0	2112.6	58.3	0.52	0.0	-0.16	0.0	3	2562	-1034.2	-2036.8	3.67	2112.64	1
280.73	0	2115.1	58.4	0.51	0.0	-0.2	0.0	3	2566	-1035.5	-2039.0	3.8	2115.12	1
280.89	0	2117.6	58.4	0.51	0.0	-0.17	0.0	3	2567	-1036.9	-2041.1	3.85	2117.62	1
281.07	0	2120.6	58.5	0.51	0.0	-0.08	0.0	3	2567	-1038.5	-2043.5	3.82	2120.55	1
281.22	0	2123.0	58.6	0.51	0.0	-0.08	0.0	3	2570	-1040.0	-2045.5	3.75	2123.03	1
281.38	0	2125.5	58.6	0.51	0.0	-0.07	0.0	3	2573	-1041.5	-2047.5	3.64	2125.54	1
281.56	0	2128.5	58.7	0.51	0.0	-0.0	0.0	3	2577	-1043.2	-2049.9	3.48	2128.48	1
281.71	0	2131.0	58.8	0.51	0.0	-0.0	0.0	3	2580	-1044.7	-2051.9	3.34	2130.98	1
281.87	0	2133.5	58.9	0.56	0.0	-0.0	0.0	3	2587	-1046.3	-2053.9	3.19	2133.52	1
282.05	0	2136.5	59.1	0.56	0.0	-0.0	0.0	3	2595	-1048.1	-2056.3	3.01	2136.47	1
282.2	0	2139.0	59.2	0.56	0.0	-0.0	0.0	3	2601	-1049.6	-2058.3	2.87	2138.99	1
282.35	0	2141.5	59.4	0.56	0.0	-0.0	0.0	3	2608	-1051.1	-2060.3	2.72	2141.53	1
282.53	0	2144.5	59.6	0.6	0.0	0.0	0.0	3	2618	-1052.9	-2062.7	2.54	2144.51	1
282.69	0	2147.1	59.8	0.63	0.0	0.0	0.0	3	2631	-1054.5	-2064.7	2.39	2147.06	1
282.84	0	2149.6	60.0	0.63	0.0	0.0	0.0	3	2640	-1056.0	-2066.7	2.24	2149.62	1
283.0	0	2152.2	60.3	0.64	0.0	0.0	0.0	3	2651	-1057.6	-2068.8	2.09	2152.22	1
283.18	0	2155.2	60.6	0.65	0.0	0.0	0.0	3	2665	-1059.4	-2071.2	1.93	2155.21	1
283.33	0	2157.8	60.8	0.69	0.0	0.0	0.0	3	2680	-1061.0	-2073.3	1.79	2157.8	1
283.49	0	2160.4	61.2	0.69	0.0	0.0	0.0	3	2693	-1062.6	-2075.4	1.64	2160.44	1
283.67	0	2163.5	61.5	0.71	0.0	-0.01	0.0	3	2711	-1064.4	-2077.9	1.48	2163.53	1
283.82	0	2166.2	61.9	0.71	0.0	-0.01	0.0	3	2726	-1066.0	-2079.9	1.33	2166.15	1
283.98	0	2168.8	62.2	0.73	0.0	-0.01	0.0	3	2743	-1067.6	-2082.1	1.17	2168.81	1
284.16	0	2171.9	62.6	0.73	0.0	-0.01	0.0	3	2759	-1069.5	-2084.6	0.98	2171.95	1
284.31	0	2174.6	63.0	0.73	0.0	-0.01	0.0	3	2775	-1071.2	-2086.7	0.81	2174.62	1
284.47	0	2177.3	63.3	0.73	0.0	-0.01	0.0	3	2791	-1072.9	-2088.8	0.65	2177.35	1
284.65	0	2180.5	63.7	0.73	0.0	-0.01	0.0	3	2811	-1074.8	-2091.4	0.53	2180.54	1
284.8	0	2183.2	64.0	0.73	0.0	-0.01	0.0	3	2823	-1076.5	-2093.5	0.45	2183.25	1
284.96	0	2186.0	64.4	0.73	0.0	0.01	0.0	3	2838	-1078.2	-2095.7	0.37	2186.02	1
285.14	0	2189.3	64.5	0.44	0.0	0.01	0.0	3	2826	-1080.2	-2098.3	0.16	2189.31	1
285.29	0	2192.0	64.4	0.25	0.0	-0.02	0.19	3	2805	-1081.9	-2100.4	-0.03	2192.04	1
285.45	0	2194.8	63.8	0.0	0.0	-0.06	0.58	3	2763	-1083.6	-2102.6	-0.2	2194.79	1
285.63	0	2198.0	63.3	0.0	0.0	-0.0	0.94	4	2576	-1085.6	-2105.1	-0.23	2198.01	1
285.78	0	2200.7	63.1	0.0	0.0	-0.0	0.83	4	2262	-1087.3	-2107.2	-0.16	2200.73	1
285.94	0	2203.4	62.6	0.0	0.0	-0.05	0.0	4	2242	-1089.1	-2109.3	-0.04	2203.44	1
286.1	0	2206.2	62.3	0.34	0.0	-0.09	0.0	4	2250	-1090.8	-2111.4	0.13	2206.16	1
286.28	0	2209.3	62.2	0.51	0.0	-0.13	0.0	4	2255	-1092.9	-2113.7	0.16	2209.27	1
286.43	0	2211.9	62.3	0.55	0.0	-0.16	0.0	4	2257	-1094.7	-2115.7	0.1	2211.91	1
286.58	0	2214.6	62.3	0.58	0.0	-0.1	0.0	4	2260	-1096.5	-2117.6	-0.01	2214.58	1
286.77	0	2217.8	62.5	0.63	0.0	-0.0	0.0	4	2270	-1098.8	-2119.8	-0.21	2217.75	1
286.92	0	2220.4	62.6	0.66	0.0	-0.0	0.0	4	2278	-1100.7	-2121.6	-0.26	2220.44	1
287.07	0	2223.1	62.8	0.67	0.0	-0.08	0.0	4	2285	-1102.7	-2123.5	-0.26	2223.13	1
287.26	0	2226.3	63.1	0.69	0.0	-0.06	0.0	4	2294	-1105.0	-2125.7	-0.29	2226.33	1
287.41	0	2229.0	63.3	0.74	0.0	-0.02	0.0	4	2305	-1107.0	-2127.5	-0.19	2229.01	1
287.56	0	2231.7	63.6	0.74	0.0	-0.0	0.0	4	2315	-1109.0	-2129.3	-0.09	2231.74	1
287.75	0	2235.0	63.9	0.74	0.0	-0.0	0.0	4	2327	-1111.4	-2131.4	0.03	2234.97	1
287.9	0	2237.7	64.2	0.74	0.0	-0.0	0.0	4	2337	-1113.5	-2133.2	0.17	2237.68	1
288.05	0	2240.4	64.5	0.8	0.0	-0.0	0.0	4	2350	-1115.5	-2135.1	0.31	2240.43	1
288.24	0	2243.7	64.9	0.86	0.0	-0.12	0.0	4	2373	-1118.0	-2137.3	0.49	2243.71	1
288.39	0	2246.5	65.3	0.86	0.0	-0.13	0.0	4	2383	-1120.1	-2139.0	0.6	2246.47	1
288.55	0	2249.3	65.7	0.86	0.0	-0.06	0.0	4	2400	-1122.3	-2140.8	0.65	2249.31	1
288.73	0	2252.7	66.1	0.86	0.0	-0.04	0.0	4	2413	-1124.9	-2142.9	0.71	2252.66	1
288.88	0	2255.4	66.5	0.86	0.0	-0.04	0.0	4	2426	-1127.2	-2144.6	0.87	2255.44	1
289.04	0	2258.2	66.9	0.86	0.0	-0.04	0.0	4	2440	-1129.5	-2146.3	1.09	2258.25	1
289.2	0	2261.2	67.3	0.86	0.0	-0.04	0.0	4	2455	-1131.9	-2148.1	1.37	2261.2	1
289.38	0	2264.5	67.7	0.86	0.0	-0.04	0.0	4	2472	-1134.6	-2150.0	1.64	2264.55	1
289.53	0	2267.5	68.1	0.86	0.0	-0.04	0.0	4	2484	-1137.0	-2151.7	1.83	2267.46	1
289.68	0	2270.4	68.5	0.86	0.0	-0.02	0.0	4	2498	-1139.4	-2153.4	1.99	2270.39	1
289.87	0	2273.8	68.9	0.91	0.0	-0.15	0.0	4	2521	-1142.3	-2155.3	2.16	2273.83	1
290.02	0	2276.8	69.3	0.93	0.0	-0.07	0.0	4	2537	-1144.8	-2156.9	2.3	2276.76	1
290.17	0	2279.7	69.8	0.93	0.0	-0.04	0.0	4	2552	-1147.3	-2158.4	2.37	2279.73	1
290.36	0	2283.4	70.3	0.93	0.0	-0.0	0.0	4	2571	-1150.5	-2160.2	2.39	2283.37	1
290.52	0	2286.4	70.8	0.93	0.0	-0.0	0.0	4	2583	-1153.1	-2161.8	2.36	2286.44	1
290.67	0	2289.5	71.2	0.93	0.0	-0.0	0.0	4	2602	-1155.7	-2163.3	2.33	2289.48	1
290.85	0	2293.1	71.8	0.93	0.0	-0.0	0.0	4	2621	-1158.9	-2165.1	2.28	2293.12	1
291.01	0	2296.2	72.2	0.93	0.0	-0.0	0.0	4	2636	-1161.5	-2166.6	2.25	2296.17	1
291.16	0	2299.3	72.6	0.93	0.0	-0.0	0.0	4	2652	-1164.2	-2168.2	2.21	2299.27	1
291.34	0	2302.9	73.1	0.9	0.0	-0.04	0.0	4	2668	-1167.4	-2170.0	2.16	2302.92	1
291.49	0	2306.0	73.5	0.9	0.0	-0.02	0.0	4	2683	-1170.1	-2171.5	2.11	2306.05	1
291.65	0	2309.2	73.9	0.9	0.0	-0.0	0.0	4	2697	-1172.9	-2173.1	2.03	2309.22	1
291.83	0	2312.9	74.4	0.9	0.0	-0.0	0.0	4	2714	-1176.1	-2174.9	1.94	2312.92	1
291.98	0	2316.0	74.8	0.9	0.0	-0.0	0.0	4	2727	-1178.9	-2176.4	1.86	2316.05	1
292.13	0	2319.2	75.1	0.9	0.0	-0.0	0.0	4	2741	-1181.6	-2177.9	1.78	2319.2	1
292.31	0	2323.0	75.6	0.9	0.0	-0.0	0.0	4	2758	-1184.9	-2179.7	1.68	2322.96	1
292.46	0	2326.2	76.0	0.88	0.0	-0.03	0.0	4	2770	-1187.7	-2181.3	1.59	2326.17	1
292.62	0	2329.4	76.2	0.68	0.0	-0.06	0.0	4	2769	-1190.5	-2182.8	1.48	2329.38	1
292.77	0	2332.7	76.2	0.43	0.0	-0.04	0.0	4	2755	-1193.4	-2184.4	1.34	2332.66	1
292.95	0	2336.4	75.5	0.0	0.0	-0.04	0.0	4	2705	-1196.7	-2186.1	1.14	2336.38	1
293.1	0	2339.6	74.9	0.0	0.0	-0.0	0.02	4	2683	-1199.6	-2187.6	0.94	2339.55	1
293.25	0	2342.7	74.3	0.0	0.0	-0.04	0.51	4	2661	-1202.4	-2189.0	0.74	2342.69	1
293.43	0	2346.4	73.9	0.0	0.0	-0.04	1.0	4	2413	-1205.7	-2190.7	0.47	2346.42	1
293.58	0	2349.5	73.6	0.0	0.0	-0.04	1.0	3	2191	-1208.5	-2192.1	0.21	2349.52	1
293.74	0	2352.6	73.3	0.0	0.0	-0.05	1.0	3	1989	-1211.3	-2193.4	-0.1	2352.64	1
293.92	0	2356.3	72.9	0.0	0.0	-0.0	1.0	3	1953	-1214.7	-2195.0	-0.35	2356.34	1
294.07	0	2359.4	72.5	0.0	0.0	0.0	0.93	3	2003	-1217.4	-2196.3	-0.54	2359.38	1
294.22	0	2362.4	70.4	0.0	0.0	0.0	0.03	3	2963	-1220.1	-2197.5	-0.72	2362.38	1
294.4	0	2365.8	69.4	0.0	0.0	-0.04	0.0	3	3008	-1223.3	-2199.0	-0.96	2365.81	1
294.55	0	2368.8	69.1	0.34	0.0	-0.08	0.0	3	3021	-1225.9	-2200.2	-1.27	2368.82	1
294.71	0	2371.8	69.1	0.48	0.0	-0.15	0.0	3	3036	-1228.6	-2201.4	-1.34	2371.77	1
294.89	0	2375.4	69.1	0.48	0.0	-0.13	0.0	3	3042	-1231.9	-2202.7	-1.28	2375.37	1
295.04	0	2378.4	69.2	0.48	0.0	-0.16	0.0	3	3031	-1234.6	-2203.6	-1.07	2378.4	1
295.19	0	2381.2	69.2	0.48	0.0	-0.13	0.0	3	3051	-1237.4	-2204.6	-0.85	2381.24	1
295.37	0	2384.8	69.2	0.43	0.0	-0.26	0.0	3	3036	-1240.7	-2205.5	-0.95	2384.82	1
295.52	0	2387.7	69.1	0.41	0.0	-0.2	0.0	3	3037	-1243.6	-2206.2	-0.9	2387.75	1
295.68	0	2390.7	69.0	0.41	0.0	-0.18	0.0	3	3033	-1246.4	-2206.8	-0.94	2390.68	1
295.86	0	2394.1	68.9	0.41	0.0	-0.17	0.0	3	3029	-1249.8	-2207.4	-1.13	2394.1	1
296.01	0	2397.2	68.8	0.41	0.0	-0.17	0.0	3	3025	-1252.7	-2207.7	-1.15	2397.16	1
296.16	0	2400.1	68.7	0.45	0.0	-0.17	0.0	3	3019	-1255.6	-2207.9	-1.15	2400.07	1
296.34	0	2403.5	68.7	0.51	0.0	-0.16	0.0	3	3027	-1259.0	-2208.1	-1.23	2403.54	1
296.49	0	2406.5	68.8	0.51	0.0	-0.12	0.0	3	3029	-1261.9	-2208.1	-1.35	2406.45	1
296.64	0	2409.5	68.9	0.52	0.0	-0.12	0.0	3	3030	-1264.9	-2208.0	-1.48	2409.48	1
296.8	0	2412.5	69.1	0.56	0.0	-0.07	0.0	3	3046	-1267.9	-2207.8	-1.59	2412.5	1
296.98	0	2416.0	69.4	0.56	0.0	-0.13	0.0	3	3071	-1271.3	-2207.6	-1.72	2415.96	1
297.13	0	2418.9	69.6	0.56	0.0	-0.13	0.0	3	3059	-1274.2	-2207.3	-1.86	2418.89	1
297.29	0	2422.2	69.8	0.58	0.0	-0.13	0.0	3	3082	-1277.2	-2206.9	-1.89	2422.23	1
297.47	0	2425.6	70.2	0.61	0.0	-0.13	0.0	3	3106	-1280.6	-2206.4	-1.77	2425.63	1
297.62	0	2428.8	70.5	0.63	0.0	-0.14	0.0	3	3116	-1283.6	-2205.8	-1.49	2428.78	1
297.77	0	2431.9	70.8	0.63	0.0	-0.13	0.0	3	3149	-1286.5	-2205.2	-1.33	2431.85	1
297.96	0	2435.5	71.3	0.63	0.0	-0.16	0.0	3	3149	-1290.0	-2204.3	-1.1	2435.46	1
298.11	0	2438.5	71.7	0.64	0.0	-0.15	0.0	3	3177	-1292.9	-2203.4	-1.01	2438.48	1
298.26	0	2441.6	72.1	0.64	0.0	-0.14	0.0	3	3196	-1295.9	-2202.5	-0.83	2441.59	1
298.44	0	2445.3	72.6	0.64	0.0	-0.15	0.0	3	3215	-1299.3	-2201.3	-0.56	2445.28	1
298.6	0	2448.4	73.0	0.64	0.0	-0.13	0.0	3	3239	-1302.1	-2200.1	-0.31	2448.38	1
298.75	0	2451.5	73.5	0.64	0.0	-0.13	0.0	3	3269	-1305.0	-2198.8	-0.11	2451.5	1
298.93	0	2455.2	74.1	0.64	0.0	-0.11	0.0	3	3274	-1308.3	-2197.2	0.03	2455.19	1
299.08	0	2458.4	74.6	0.65	0.0	-0.07	0.0	3	3306	-1311.1	-2195.7	0.11	2458.4	1
299.24	0	2461.6	75.2	0.67	0.0	-0.02	0.0	3	3334	-1313.9	-2194.2	0.14	2461.6	1
299.42	0	2465.5	76.0	0.71	0.0	-0.0	0.0	3	3377	-1317.3	-2192.3	0.17	2465.45	1
299.58	0	2468.7	76.8	0.74	0.0	-0.0	0.0	3	3419	-1320.1	-2190.7	0.21	2468.7	1
299.73	0	2472.0	77.7	0.75	0.0	-0.0	0.0	3	3475	-1323.0	-2189.0	0.24	2472.04	1
299.91	0	2476.0	78.8	0.75	0.0	-0.0	0.0	3	3506	-1326.5	-2187.0	0.25	2476.01	1
300.07	0	2479.4	79.8	0.75	0.0	-0.0	0.0	3	3558	-1329.4	-2185.4	0.26	2479.37	1
300.22	0	2482.8	80.8	0.75	0.0	-0.0	0.0	3	3605	-1332.4	-2183.7	0.26	2482.81	1
300.4	0	2486.9	82.0	0.75	0.0	-0.0	0.0	3	3661	-1336.0	-2181.7	0.27	2486.9	1
300.56	0	2490.4	83.1	0.75	0.0	-0.0	0.0	3	3713	-1339.0	-2179.9	0.28	2490.42	1
300.71	0	2494.0	84.2	0.75	0.0	-0.0	0.0	3	3765	-1342.1	-2178.1	0.28	2494.02	1
300.89	0	2498.3	85.5	0.75	0.0	-0.0	0.0	3	3829	-1345.8	-2176.0	0.29	2498.26	1
301.04	0	2501.9	86.7	0.75	0.0	-0.0	0.0	3	3885	-1349.0	-2174.2	0.29	2501.91	1
301.2	0	2505.6	88.0	0.75	0.0	-0.0	0.0	3	3944	-1352.2	-2172.4	0.29	2505.64	1
301.38	0	2510.2	89.4	0.71	0.0	-0.0	0.0	3	4006	-1356.1	-2170.1	0.3	2510.16	1
301.53	0	2514.0	90.7	0.71	0.0	-0.0	0.0	3	4063	-1359.5	-2168.2	0.3	2514.01	1
301.69	0	2517.9	91.9	0.69	0.0	-0.0	0.0	3	4117	-1362.9	-2166.2	0.29	2517.94	1
301.87	0	2522.7	93.2	0.66	0.0	-0.0	0.0	3	4172	-1367.0	-2163.9	0.29	2522.68	1
302.03	0	2526.7	94.4	0.66	0.0	-0.0	0.0	3	4226	-1370.5	-2161.9	0.29	2526.67	1
302.18	0	2530.8	95.6	0.66	0.0	-0.0	0.0	3	4282	-1374.0	-2159.8	0.28	2530.77	1
302.37	0	2535.7	97.0	0.62	0.0	0.0	0.0	3	4337	-1378.3	-2157.4	0.26	2535.68	1
302.52	0	2539.9	97.9	0.55	0.0	0.02	0.0	3	4360	-1381.9	-2155.3	0.25	2539.85	1
302.67	0	2544.1	98.7	0.53	0.0	0.03	0.0	3	4390	-1385.6	-2153.2	0.25	2544.11	1
302.86	0	2549.1	99.5	0.48	0.0	0.07	0.0	3	4425	-1390.0	-2150.8	0.27	2549.15	1
303.01	0	2553.4	100.2	0.49	0.0	0.07	0.0	3	4449	-1393.7	-2148.7	0.34	2553.41	1
303.17	0	2557.8	100.8	0.49	0.0	0.07	0.0	3	4494	-1397.6	-2146.7	0.55	2557.75	1
303.35	0	2562.9	101.6	0.47	0.0	0.01	0.0	3	4511	-1402.2	-2144.4	1.0	2562.89	1
303.51	0	2567.4	102.2	0.47	0.0	-0.04	0.0	3	4537	-1406.2	-2142.6	1.37	2567.38	1
303.66	0	2571.8	102.8	0.47	0.0	0.0	0.0	3	4564	-1410.2	-2140.7	1.34	2571.84	1
303.84	0	2577.0	103.5	0.45	0.0	0.1	0.0	3	4597	-1415.0	-2138.5	1.35	2577.02	1
304.0	0	2581.5	104.0	0.45	0.0	0.1	0.0	3	4623	-1419.0	-2136.7	1.55	2581.51	1
304.16	0	2586.1	104.5	0.45	0.0	0.13	0.0	3	4656	-1423.2	-2134.9	1.65	2586.12	1
304.34	0	2591.6	105.1	0.45	0.0	0.15	0.0	3	4680	-1428.2	-2133.0	1.69	2591.55	1
304.49	0	2596.1	105.6	0.45	0.0	0.05	0.0	3	4701	-1432.5	-2131.6	1.79	2596.15	1
304.65	0	2600.8	106.1	0.45	0.0	0.01	0.0	3	4717	-1437.0	-2130.3	1.95	2600.85	1
304.84	0	2606.3	106.9	0.45	0.0	0.01	0.0	3	4748	-1442.3	-2128.8	2.31	2606.28	1
304.99	0	2610.9	107.5	0.45	0.0	0.03	0.0	3	4771	-1446.8	-2127.6	2.61	2610.94	1
305.15	0	2615.9	108.2	0.48	0.0	0.01	0.0	3	4815	-1451.3	-2126.5	2.88	2615.88	1
305.34	0	2621.5	109.0	0.47	0.0	0.01	0.0	3	4856	-1456.7	-2125.1	2.71	2621.48	1
305.49	0	2626.3	109.7	0.47	0.0	0.01	0.0	3	4876	-1461.3	-2123.9	2.48	2626.28	1
305.65	0	2631.1	110.4	0.45	0.0	0.01	0.0	3	4906	-1466.0	-2122.8	2.16	2631.13	1
305.83	0	2636.8	111.1	0.45	0.0	0.08	0.0	3	4943	-1471.4	-2121.5	1.81	2636.76	1
305.99	0	2641.6	111.7	0.45	0.0	0.1	0.0	3	4983	-1476.1	-2120.5	1.45	2641.58	1
306.14	0	2646.5	112.3	0.45	0.0	0.1	0.0	3	5000	-1480.9	-2119.5	1.14	2646.47	1
306.33	0	2652.2	113.0	0.45	0.0	0.01	0.0	3	5032	-1486.6	-2118.6	0.91	2652.2	1
306.48	0	2657.1	113.7	0.45	0.0	0.01	0.0	3	5064	-1491.4	-2117.9	0.82	2657.07	1
306.64	0	2662.0	114.3	0.41	0.0	0.0	0.0	3	5096	-1496.3	-2117.3	0.79	2662.04	1
306.82	0	2667.9	113.7	0.0	0.0	-0.0	0.0	3	4908	-1502.1	-2116.6	0.79	2667.87	1
306.98	0	2672.8	112.5	0.0	0.0	-0.0	0.0	3	4852	-1507.0	-2116.0	0.81	2672.79	1
307.14	0	2677.7	111.3	0.0	0.0	0.0	0.0	3	4803	-1511.9	-2115.4	0.81	2677.67	1
307.32	0	2683.3	107.8	0.0	0.26	0.0	0.0	3	4583	-1517.5	-2114.7	0.81	2683.34	1
307.48	0	2687.9	103.8	0.0	0.33	0.01	0.0	3	4365	-1522.0	-2114.2	0.82	2687.91	1
307.63	0	2692.3	99.1	0.0	0.36	0.01	0.0	3	4139	-1526.4	-2113.6	0.83	2692.32	1
307.81	0	2697.1	93.1	0.0	0.4	0.01	0.0	3	3862	-1531.2	-2113.1	0.85	2697.15	1
307.97	0	2701.1	87.8	0.0	0.4	-0.0	0.0	3	3648	-1535.1	-2112.6	0.89	2701.05	1
308.13	0	2704.7	83.2	0.0	0.33	-0.0	0.0	3	3495	-1538.7	-2112.2	0.94	2704.74	1
308.31	0	2708.8	78.1	0.0	0.31	-0.0	0.0	3	3293	-1542.8	-2111.8	1.0	2708.81	1
308.46	0	2712.1	74.0	0.0	0.31	-0.0	0.01	3	3121	-1546.1	-2111.5	1.05	2712.09	1
308.62	0	2715.2	69.8	0.0	0.31	-0.0	0.44	3	2948	-1549.2	-2111.1	1.1	2715.24	1
308.8	0	2718.7	65.2	0.0	0.28	-0.0	1.0	2	2641	-1552.6	-2110.7	1.15	2718.7	1
308.96	0	2721.4	61.5	0.0	0.23	-0.0	0.64	2	2739	-1555.4	-2110.5	1.19	2721.45	1
309.12	0	2724.0	57.6	0.0	0.0	-0.0	0.0	2	3223	-1557.9	-2110.2	1.23	2724.01	1
309.3	0	2727.0	56.7	0.0	0.0	-0.0	0.0	2	3190	-1560.8	-2109.9	1.27	2726.95	1
309.46	0	2729.4	55.9	0.0	0.0	-0.0	0.0	2	3145	-1563.2	-2109.6	1.31	2729.35	1
309.61	0	2731.8	55.1	0.0	0.0	0.0	0.0	2	3107	-1565.7	-2109.3	1.39	2731.78	1
309.8	0	2734.5	54.3	0.2	0.0	0.14	0.0	2	3080	-1568.4	-2109.1	1.56	2734.55	1
309.95	0	2737.0	54.1	0.38	0.0	0.1	0.0	2	3092	-1570.8	-2108.9	1.68	2736.97	1
310.11	0	2739.4	54.3	0.45	0.0	0.1	0.0	2	3110	-1573.1	-2108.8	1.74	2739.42	1
310.29	0	2742.3	54.6	0.55	0.0	0.28	0.0	2	3144	-1575.9	-2108.7	1.68	2742.34	1
310.45	0	2744.4	55.1	0.58	0.0	0.3	0.0	2	3187	-1578.3	-2108.8	2.01	2744.37	1
310.61	0	2747.1	55.5	0.59	0.0	0.3	0.0	2	3238	-1580.7	-2109.0	2.22	2747.13	1
310.79	0	2750.4	56.1	0.62	0.0	0.41	0.0	2	3262	-1583.5	-2109.4	1.98	2750.44	1
310.94	0	2752.8	56.7	0.63	0.0	0.34	0.0	2	3313	-1585.8	-2109.9	1.97	2752.84	1
311.1	0	2755.3	57.4	0.64	0.0	0.34	0.0	2	3349	-1588.2	-2110.6	2.04	2755.34	1
311.28	0	2758.8	58.2	0.64	0.0	0.34	0.0	2	3402	-1591.0	-2111.5	1.73	2758.79	1
311.44	0	2761.4	59.0	0.64	0.0	0.34	0.0	2	3463	-1593.3	-2112.5	1.41	2761.36	1
311.59	0	2764.1	59.9	0.64	0.0	0.32	0.0	2	3495	-1595.6	-2113.7	1.11	2764.06	1
311.77	0	2767.1	60.9	0.64	0.0	0.26	0.0	2	3552	-1598.2	-2115.3	0.84	2767.07	1
311.93	0	2769.8	61.9	0.64	0.0	0.16	0.0	2	3610	-1600.3	-2116.8	0.56	2769.84	1
312.09	0	2772.5	62.9	0.54	0.0	0.13	0.0	2	3652	-1602.5	-2118.4	0.01	2772.51	1
312.27	0	2775.7	63.7	0.48	0.0	0.02	0.0	2	3670	-1605.0	-2120.4	-0.21	2775.67	1
312.42	0	2778.4	64.3	0.49	0.0	0.1	0.0	2	3728	-1607.1	-2122.1	-0.46	2778.39	1
312.58	0	2781.2	65.1	0.49	0.0	0.11	0.0	2	3759	-1609.3	-2124.0	-0.65	2781.23	1
312.76	0	2784.5	65.8	0.32	0.0	-0.08	0.0	2	3766	-1611.7	-2126.1	-0.83	2784.47	1
312.91	0	2787.3	65.3	0.0	0.0	-0.0	0.0	2	3671	-1613.8	-2128.0	-0.98	2787.27	1
313.07	0	2790.0	64.4	0.0	0.0	-0.09	0.0	2	3624	-1615.9	-2129.9	-1.09	2790.03	1
313.25	0	2793.3	63.3	0.0	0.0	-0.09	0.0	2	3560	-1618.3	-2131.9	-1.46	2793.32	1
313.4	0	2796.0	62.5	0.0	0.0	-0.11	0.0	2	3515	-1620.4	-2133.6	-1.57	2796.03	1
313.56	0	2798.7	61.6	0.0	0.0	-0.12	0.0	2	3470	-1622.5	-2135.2	-1.71	2798.72	1
313.74	0	2801.8	60.5	0.0	0.0	-0.19	0.0	2	3405	-1625.0	-2137.1	-1.99	2801.76	1
313.89	0	2804.5	60.1	0.31	0.0	-0.26	0.0	2	3439	-1627.2	-2138.5	-2.28	2804.48	1
314.05	0	2807.4	60.1	0.38	0.0	-0.29	0.0	2	3458	-1629.4	-2139.9	-2.35	2807.45	1
314.23	0	2810.9	60.3	0.47	0.0	-0.31	0.0	2	3512	-1632.1	-2141.3	-2.27	2810.91	1
314.38	0	2813.5	60.7	0.47	0.0	-0.34	0.0	2	3504	-1634.4	-2142.3	-2.04	2813.5	1
314.54	0	2816.6	61.1	0.49	0.0	-0.33	0.0	2	3547	-1636.9	-2143.3	-1.71	2816.61	1
314.72	0	2819.5	61.6	0.49	0.0	-0.38	0.0	2	3582	-1639.9	-2144.2	-1.14	2819.51	1
314.88	0	2822.2	62.0	0.49	0.0	-0.39	0.0	2	3609	-1642.5	-2144.8	-0.97	2822.15	1
315.03	0	2824.9	62.3	0.49	0.0	-0.39	0.0	2	3636	-1645.1	-2145.2	-0.89	2824.9	1
315.21	0	2828.0	62.6	0.46	0.0	-0.39	0.0	2	3701	-1648.2	-2145.4	-0.82	2828.04	1
315.36	0	2830.9	63.1	0.46	0.0	-0.36	0.0	2	3651	-1650.9	-2145.4	-0.73	2830.89	1
315.52	0	2833.6	63.5	0.51	0.0	-0.3	0.0	2	3702	-1653.6	-2145.2	-0.49	2833.6	1
315.7	0	2836.8	63.9	0.43	0.0	-0.39	0.0	2	3715	-1656.7	-2144.7	-0.11	2836.82	1
315.85	0	2839.5	64.2	0.44	0.0	-0.39	0.0	2	3737	-1659.4	-2144.1	0.28	2839.51	1
316.0	0	2842.2	64.5	0.45	0.0	-0.39	0.0	2	3759	-1662.0	-2143.3	0.69	2842.16	1
316.19	0	2845.4	64.7	0.45	0.0	-0.34	0.0	2	3817	-1665.0	-2142.1	1.12	2845.4	1
316.34	0	2848.1	65.2	0.43	0.0	-0.39	0.0	2	3759	-1667.5	-2140.8	1.73	2848.08	1
316.49	0	2850.9	65.3	0.43	0.0	-0.41	0.0	2	3844	-1669.9	-2139.4	1.85	2850.9	1
316.67	0	2853.4	65.4	0.41	0.0	-0.43	0.0	2	3822	-1672.6	-2137.6	2.56	2853.35	1
316.82	0	2856.3	65.4	0.36	0.0	-0.42	0.0	2	3826	-1674.7	-2135.8	2.92	2856.3	1
316.98	0	2859.1	65.5	0.41	0.0	-0.3	0.0	2	3798	-1676.7	-2133.8	3.17	2859.08	1
317.16	0	2862.4	66.3	0.52	0.0	-0.0	0.0	2	3851	-1678.9	-2131.3	3.2	2862.45	1
317.31	0	2865.3	67.2	0.53	0.0	-0.02	0.0	2	3894	-1680.7	-2129.1	3.13	2865.27	1
317.47	0	2868.2	68.2	0.55	0.0	-0.02	0.0	2	3957	-1682.5	-2126.9	3.03	2868.15	1
317.65	0	2871.6	69.5	0.57	0.0	-0.0	0.0	2	4042	-1684.6	-2124.1	2.94	2871.55	1
317.8	0	2874.5	70.7	0.58	0.0	-0.0	0.0	2	4116	-1686.5	-2121.8	2.87	2874.49	1
317.95	0	2877.5	71.9	0.58	0.0	-0.05	0.0	2	4194	-1688.3	-2119.4	2.82	2877.48	1
318.13	0	2881.1	73.5	0.55	0.0	-0.06	0.0	2	4286	-1690.5	-2116.5	2.73	2881.11	1
318.28	0	2884.2	74.7	0.53	0.0	-0.08	0.0	2	4351	-1692.4	-2114.0	2.62	2884.21	1
318.44	0	2887.4	75.8	0.48	0.0	-0.09	0.0	2	4406	-1694.2	-2111.4	2.45	2887.41	1
318.62	0	2891.2	76.2	0.0	0.0	-0.0	0.0	2	4279	-1696.4	-2108.2	2.17	2891.22	1
318.77	0	2894.4	75.1	0.0	0.0	-0.0	0.0	2	4222	-1698.1	-2105.5	1.99	2894.38	1
318.93	0	2897.5	74.1	0.0	0.0	-0.0	0.0	2	4167	-1699.9	-2102.9	1.92	2897.5	1
319.11	0	2901.1	72.9	0.0	0.0	-0.17	0.0	2	4095	-1701.9	-2099.8	1.85	2901.13	1
319.26	0	2904.1	71.8	0.0	0.0	-0.17	0.0	2	4046	-1703.5	-2097.2	1.79	2904.14	1
319.41	0	2907.2	70.8	0.0	0.0	-0.19	0.0	2	3985	-1705.0	-2094.5	1.69	2907.18	1
319.59	0	2910.7	69.6	0.0	0.0	-0.12	0.0	2	3915	-1706.6	-2091.4	1.52	2910.66	1
319.75	0	2913.6	68.6	0.0	0.0	-0.08	0.0	2	3860	-1707.8	-2088.7	1.34	2913.56	1
319.9	0	2916.4	67.7	0.0	0.0	-0.08	0.0	2	3807	-1709.0	-2086.1	1.19	2916.39	1
320.08	0	2919.7	66.6	0.0	0.0	-0.08	0.0	2	3746	-1710.3	-2083.0	0.99	2919.73	1
320.23	0	2922.5	65.7	0.0	0.0	-0.07	0.0	2	3696	-1711.3	-2080.4	0.88	2922.48	1
320.38	0	2925.2	64.8	0.0	0.0	-0.07	0.0	2	3650	-1712.3	-2077.8	0.71	2925.22	1
320.54	0	2928.1	63.9	0.0	0.0	-0.06	0.0	2	3594	-1713.2	-2075.1	0.63	2928.05	1
320.72	0	2931.2	63.7	0.27	0.0	-0.0	0.0	2	3633	-1714.2	-2072.2	0.61	2931.17	1
320.87	0	2933.9	63.8	0.32	0.0	-0.0	0.0	2	3648	-1715.1	-2069.6	0.61	2933.86	1
321.03	0	2936.6	64.0	0.34	0.0	-0.0	0.0	2	3658	-1716.0	-2067.0	0.6	2936.64	1
321.2	0	2939.8	64.4	0.42	0.0	-0.0	0.0	2	3700	-1717.0	-2064.0	0.57	2939.8	1
321.36	0	2942.5	65.0	0.47	0.0	-0.0	0.0	2	3745	-1717.9	-2061.4	0.56	2942.52	1
321.51	0	2945.3	65.7	0.48	0.0	-0.0	0.0	2	3793	-1718.8	-2058.7	0.63	2945.34	1
321.69	0	2948.6	66.5	0.48	0.0	-0.02	0.0	2	3847	-1719.9	-2055.6	0.67	2948.62	1
321.84	0	2951.5	67.3	0.48	0.0	-0.0	0.0	2	3887	-1720.8	-2052.9	0.7	2951.47	1
322.0	0	2954.3	68.1	0.48	0.0	-0.0	0.0	2	3932	-1721.7	-2050.2	0.72	2954.34	1
322.18	0	2957.8	69.1	0.48	0.0	0.1	0.0	2	3989	-1722.8	-2046.9	0.75	2957.82	1
322.33	0	2960.7	69.9	0.48	0.0	0.1	0.0	2	4049	-1723.8	-2044.1	0.85	2960.74	1
322.49	0	2963.7	70.6	0.48	0.0	0.22	0.0	2	4113	-1724.9	-2041.3	1.05	2963.75	1
322.67	0	2967.3	71.7	0.48	0.0	0.12	0.0	2	4160	-1726.3	-2038.1	1.38	2967.31	1
322.82	0	2970.4	72.5	0.48	0.0	0.16	0.0	2	4243	-1727.6	-2035.3	1.66	2970.42	1
322.97	0	2973.6	73.6	0.48	0.0	0.14	0.0	2	4236	-1729.0	-2032.5	1.84	2973.65	1
323.16	0	2977.5	74.3	0.48	0.0	0.34	0.0	2	4391	-1730.8	-2029.2	2.1	2977.48	1
323.31	0	2981.3	75.0	0.48	0.0	0.3	0.0	2	4451	-1732.5	-2026.5	2.03	2981.29	1
323.46	0	2984.3	75.9	0.48	0.0	0.28	0.0	2	4433	-1734.4	-2023.9	1.77	2984.32	1
323.65	0	2988.4	76.7	0.43	0.0	0.34	0.0	2	4497	-1736.9	-2021.0	1.77	2988.37	1
323.8	0	2992.0	76.9	0.35	0.0	0.4	0.0	2	4530	-1739.2	-2018.6	1.56	2991.97	1
323.95	0	2995.4	77.0	0.27	0.0	0.22	0.0	2	4448	-1741.6	-2016.4	1.08	2995.38	1
324.13	0	2999.1	76.2	0.0	0.0	0.12	0.0	2	4286	-1744.7	-2014.1	0.79	2999.07	1
324.29	0	3002.5	75.0	0.0	0.0	0.15	0.0	2	4221	-1747.4	-2012.3	0.26	3002.45	1
324.44	0	3005.6	74.0	0.0	0.0	0.01	0.0	2	4150	-1750.1	-2010.6	-0.24	3005.59	1
324.62	0	3009.3	72.8	0.0	0.0	0.01	0.0	2	4092	-1753.3	-2008.7	-0.75	3009.3	1
324.77	0	3012.3	71.8	0.0	0.0	0.03	0.0	2	4035	-1755.9	-2007.2	-1.01	3012.35	1
324.93	0	3015.4	70.8	0.0	0.0	0.01	0.0	2	3978	-1758.5	-2005.7	-1.25	3015.39	1
325.11	0	3018.9	69.7	0.0	0.0	0.01	0.0	2	3923	-1761.6	-2003.9	-1.54	3018.91	1
325.26	0	3021.8	68.8	0.0	0.0	0.01	0.0	2	3866	-1764.2	-2002.5	-1.78	3021.83	1
325.42	0	3024.8	67.8	0.0	0.0	0.01	0.0	2	3816	-1766.7	-2001.0	-2.02	3024.77	1
325.6	0	3028.2	66.7	0.0	0.0	0.03	0.0	2	3754	-1769.7	-1999.3	-2.29	3028.18	1
325.75	0	3031.0	65.9	0.0	0.0	0.04	0.0	2	3704	-1772.2	-1998.0	-2.5	3030.96	1
325.91	0	3033.8	65.0	0.0	0.0	0.04	0.0	2	3653	-1774.6	-1996.6	-2.67	3033.78	1
326.09	0	3037.1	63.9	0.0	0.0	0.1	0.0	2	3597	-1777.5	-1995.1	-2.83	3037.05	1
326.24	0	3039.8	63.0	0.0	0.0	0.05	0.0	2	3546	-1779.9	-1993.9	-2.88	3039.75	1
326.4	0	3042.4	62.2	0.0	0.0	0.01	0.0	2	3505	-1782.3	-1992.7	-2.91	3042.42	1
326.58	0	3045.5	61.4	0.16	0.0	0.0	0.0	2	3478	-1785.1	-1991.4	-2.91	3045.51	1
326.73	0	3048.2	61.2	0.3	0.0	-0.12	0.0	2	3493	-1787.4	-1990.2	-2.88	3048.16	1
326.88	0	3050.9	61.3	0.38	0.0	-0.2	0.0	2	3516	-1789.7	-1989.0	-2.86	3050.95	1
327.07	0	3054.3	61.6	0.45	0.0	-0.27	0.0	2	3556	-1792.5	-1987.5	-2.77	3054.34	1
327.23	0	3057.3	61.9	0.44	0.0	-0.31	0.0	2	3585	-1794.8	-1986.0	-2.49	3057.31	1
327.38	0	3060.2	62.1	0.43	0.0	-0.35	0.0	2	3617	-1797.0	-1984.5	-2.13	3060.2	1
327.57	0	3063.4	62.5	0.43	0.0	-0.38	0.0	2	3626	-1799.4	-1982.4	-1.76	3063.4	1
327.72	0	3066.3	62.6	0.36	0.0	-0.42	0.0	2	3624	-1801.4	-1980.5	-1.43	3066.26	1
327.88	0	3069.2	62.5	0.34	0.0	-0.44	0.0	2	3616	-1803.2	-1978.5	-0.98	3069.17	1
328.06	0	3072.3	62.5	0.38	0.0	-0.43	0.0	2	3624	-1805.1	-1976.0	-0.41	3072.29	1
328.22	0	3075.0	62.2	0.38	0.0	-0.39	0.0	2	3674	-1806.6	-1973.7	-0.02	3075.01	1
328.38	0	3077.7	62.5	0.38	0.0	-0.39	0.0	2	3591	-1807.8	-1971.3	0.26	3077.68	1
328.54	0	3080.4	62.5	0.38	0.0	-0.38	0.0	2	3614	-1808.9	-1968.7	0.7	3080.42	1
328.72	0	3083.4	62.6	0.41	0.0	-0.35	0.0	2	3636	-1810.0	-1965.7	1.35	3083.43	1
328.88	0	3086.2	62.6	0.41	0.0	-0.35	0.0	2	3674	-1810.6	-1963.1	1.67	3086.18	1
329.04	0	3088.9	63.0	0.41	0.0	-0.34	0.0	2	3630	-1811.1	-1960.3	1.81	3088.9	1
329.22	0	3092.0	63.4	0.46	0.0	-0.16	0.0	2	3697	-1811.5	-1957.2	1.88	3092.01	1
329.37	0	3094.8	64.0	0.47	0.0	-0.1	0.0	2	3699	-1811.7	-1954.4	1.95	3094.77	1
329.53	0	3097.7	64.7	0.48	0.0	0.0	0.0	2	3739	-1811.8	-1951.5	1.84	3097.68	1
329.72	0	3100.9	65.4	0.48	0.0	0.28	0.0	2	3791	-1811.9	-1948.3	1.82	3100.87	1
329.87	0	3103.8	65.9	0.43	0.0	0.28	0.0	2	3819	-1812.2	-1945.4	1.9	3103.8	1
330.03	0	3106.8	66.3	0.41	0.0	0.28	0.0	2	3847	-1812.6	-1942.6	2.0	3106.84	1
330.21	0	3110.3	65.3	0.0	0.0	0.12	0.0	2	3676	-1813.3	-1939.3	2.1	3110.28	1
330.37	0	3113.1	64.3	0.0	0.0	0.14	0.0	2	3626	-1814.0	-1936.5	2.3	3113.06	1
330.53	0	3116.2	63.3	0.0	0.0	0.29	0.0	2	3567	-1814.8	-1933.8	2.31	3116.21	1
330.72	0	3120.0	61.6	0.0	0.0	0.49	0.0	2	3529	-1815.9	-1930.8	1.77	3119.98	1
330.87	0	3122.7	60.5	0.0	0.0	0.61	0.0	2	3430	-1817.1	-1928.5	1.2	3122.75	1
331.02	0	3125.3	59.2	0.0	0.0	0.61	0.0	2	3364	-1818.4	-1926.3	0.75	3125.29	1
331.21	0	3128.3	57.3	0.0	0.0	1.0	0.0	2	3277	-1820.1	-1923.9	0.42	3128.32	1
331.36	0	3130.7	55.5	0.0	0.0	1.0	0.0	2	3179	-1821.8	-1922.1	0.16	3130.71	1
331.52	0	3133.1	53.8	0.0	0.0	1.0	0.0	2	3097	-1823.5	-1920.5	-0.13	3133.07	1
331.7	0	3135.6	51.9	0.0	0.0	1.0	0.0	2	2968	-1825.7	-1919.0	-0.4	3135.64	1
331.85	0	3137.8	50.3	0.0	0.0	1.0	0.0	2	2889	-1827.7	-1918.0	-0.81	3137.79	1
332.01	0	3139.8	49.0	0.0	0.0	0.73	0.0	2	2793	-1829.6	-1917.2	-1.13	3139.81	1
332.19	0	3142.3	47.5	0.0	0.0	0.71	0.0	2	2743	-1832.0	-1916.6	-1.2	3142.31	1
332.34	0	3144.3	46.4	0.19	0.0	0.71	0.0	2	2667	-1834.0	-1916.3	-0.97	3144.26	1
332.5	0	3146.2	46.1	0.48	0.0	0.32	0.0	2	2660	-1835.9	-1916.2	-0.58	3146.21	1
332.68	0	3148.4	46.5	0.62	0.0	0.01	0.0	2	2669	-1838.2	-1916.2	-0.5	3148.39	1
332.83	0	3150.4	46.9	0.63	0.0	0.1	0.0	2	2693	-1840.2	-1916.2	-0.47	3150.38	1
332.98	0	3152.4	47.3	0.63	0.0	0.01	0.0	2	2715	-1842.2	-1916.3	-0.43	3152.39	1
333.17	0	3154.8	47.8	0.63	0.0	0.01	0.0	2	2742	-1844.7	-1916.3	-0.36	3154.81	1
333.32	0	3156.8	48.2	0.63	0.0	0.01	0.0	2	2761	-1846.7	-1916.4	-0.26	3156.84	1
333.47	0	3158.9	48.6	0.63	0.0	0.04	0.0	2	2787	-1848.8	-1916.4	-0.12	3158.91	1
333.65	0	3161.4	49.0	0.63	0.0	0.1	0.0	2	2812	-1851.2	-1916.5	0.15	3161.37	1
333.81	0	3163.4	49.4	0.64	0.0	0.02	0.0	2	2836	-1853.3	-1916.7	0.41	3163.44	1
333.96	0	3165.5	49.8	0.63	0.0	0.06	0.0	2	2858	-1855.4	-1916.8	0.68	3165.54	1
334.14	0	3168.0	50.2	0.62	0.0	0.1	0.0	2	2885	-1857.9	-1917.0	1.04	3168.03	1
334.29	0	3170.1	50.6	0.62	0.0	0.0	0.0	2	2908	-1860.1	-1917.2	1.35	3170.14	1
334.45	0	3172.3	51.1	0.62	0.0	-0.06	0.0	2	2934	-1862.3	-1917.3	1.66	3172.33	1
334.63	0	3174.9	51.5	0.58	0.0	-0.09	0.0	2	2959	-1864.8	-1917.5	1.99	3174.86	1
334.78	0	3177.0	51.9	0.58	0.0	-0.17	0.0	2	2986	-1867.0	-1917.6	2.22	3177.03	1
334.93	0	3179.2	52.3	0.58	0.0	-0.12	0.0	2	3009	-1869.2	-1917.7	2.41	3179.23	1
335.11	0	3181.9	52.8	0.58	0.0	-0.08	0.0	2	3038	-1871.8	-1917.7	2.57	3181.87	1
335.27	0	3184.1	53.3	0.57	0.0	-0.2	0.0	2	3064	-1874.1	-1917.7	2.67	3184.12	1
335.43	0	3186.5	53.7	0.55	0.0	-0.12	0.0	2	3087	-1876.4	-1917.6	2.71	3186.47	1
335.6	0	3189.2	54.2	0.58	0.0	-0.03	0.0	2	3121	-1879.1	-1917.5	2.7	3189.17	1
335.76	0	3191.4	54.8	0.58	0.0	-0.0	0.0	2	3152	-1881.4	-1917.3	2.67	3191.45	1
335.91	0	3193.8	55.3	0.58	0.0	-0.0	0.0	2	3186	-1883.7	-1917.1	2.64	3193.79	1
336.09	0	3196.6	56.0	0.56	0.0	-0.0	0.0	2	3222	-1886.5	-1917.0	2.6	3196.59	1
336.24	0	3199.0	56.6	0.56	0.0	-0.04	0.0	2	3259	-1888.9	-1916.8	2.56	3198.96	1
336.39	0	3201.4	57.2	0.56	0.0	-0.06	0.0	2	3295	-1891.3	-1916.6	2.52	3201.37	1
336.57	0	3204.2	57.9	0.56	0.0	-0.06	0.0	2	3340	-1894.1	-1916.4	2.43	3204.22	1
336.72	0	3206.7	58.6	0.56	0.0	-0.05	0.0	2	3380	-1896.6	-1916.1	2.33	3206.67	1
336.88	0	3209.2	59.3	0.56	0.0	-0.04	0.0	2	3423	-1899.1	-1915.9	2.2	3209.18	1
337.06	0	3212.1	60.1	0.56	0.0	-0.0	0.0	2	3478	-1902.0	-1915.5	2.02	3212.15	1
337.21	0	3214.7	60.9	0.56	0.0	0.0	0.0	2	3523	-1904.6	-1915.2	1.86	3214.7	1
337.36	0	3217.3	61.7	0.56	0.0	0.0	0.0	2	3577	-1907.2	-1914.9	1.7	3217.3	1
337.52	0	3220.0	62.6	0.56	0.0	0.05	0.0	2	3624	-1909.8	-1914.6	1.54	3220.0	1
337.7	0	3223.1	63.6	0.56	0.0	0.09	0.0	2	3687	-1912.9	-1914.3	1.39	3223.1	1
337.85	0	3225.8	64.6	0.56	0.0	0.08	0.0	2	3743	-1915.6	-1914.1	1.3	3225.81	1
338.0	0	3228.6	65.5	0.56	0.0	0.01	0.0	2	3801	-1918.4	-1913.9	1.24	3228.6	1
338.18	0	3231.8	66.7	0.56	0.0	0.01	0.0	2	3872	-1921.6	-1913.7	1.2	3231.84	1
338.33	0	3234.7	67.8	0.58	0.0	0.01	0.0	2	3938	-1924.5	-1913.5	1.17	3234.66	1
338.48	0	3237.6	69.0	0.6	0.0	0.0	0.0	2	4024	-1927.4	-1913.3	1.15	3237.56	1
338.66	0	3241.1	70.6	0.62	0.0	0.0	0.0	2	4120	-1930.9	-1913.1	1.13	3241.08	1
338.82	0	3244.1	72.0	0.62	0.0	0.0	0.0	2	4211	-1933.9	-1912.9	1.11	3244.09	1
338.97	0	3247.2	73.5	0.62	0.0	0.0	0.0	2	4302	-1936.9	-1912.7	1.09	3247.16	1
339.15	0	3250.9	75.3	0.62	0.0	0.0	0.0	2	4415	-1940.6	-1912.5	1.07	3250.86	1
339.3	0	3254.1	76.9	0.62	0.0	0.0	0.0	2	4515	-1943.8	-1912.3	1.06	3254.06	1
339.45	0	3257.4	78.7	0.62	0.0	-0.01	0.0	2	4614	-1947.1	-1912.1	1.05	3257.37	1
339.63	0	3261.4	80.7	0.62	0.0	-0.04	0.0	2	4751	-1951.1	-1911.9	1.03	3261.38	1
339.79	0	3264.8	82.5	0.55	0.0	-0.05	0.0	2	4834	-1954.6	-1911.7	0.97	3264.84	1
339.94	0	3268.4	83.7	0.37	0.0	-0.08	0.0	2	4846	-1958.1	-1911.4	0.88	3268.37	1
340.12	0	3272.6	83.7	0.15	0.0	-0.18	0.0	2	4768	-1962.3	-1911.0	0.67	3272.61	1
340.27	0	3276.1	82.9	0.0	0.0	-0.2	0.0	2	4663	-1965.8	-1910.5	0.38	3276.1	1
340.42	0	3279.6	81.7	0.0	0.0	-0.1	0.0	2	4588	-1969.2	-1909.9	-0.1	3279.57	1
340.6	0	3283.6	80.4	0.0	0.0	-0.0	0.0	2	4504	-1973.2	-1909.1	-0.65	3283.58	1
340.75	0	3286.9	79.3	0.0	0.0	-0.0	0.0	2	4450	-1976.5	-1908.3	-1.1	3286.9	1
340.91	0	3290.3	78.2	0.0	0.0	-0.0	0.0	2	4394	-1979.7	-1907.6	-1.5	3290.25	1
341.09	0	3294.3	76.9	0.0	0.0	-0.26	0.0	2	4324	-1983.5	-1906.7	-2.02	3294.25	1
341.24	0	3297.8	75.7	0.0	0.0	-0.26	0.0	2	4258	-1986.6	-1905.8	-2.24	3297.78	1
341.39	0	3301.2	74.5	0.0	0.0	-0.24	0.0	2	4200	-1989.7	-1904.8	-2.12	3301.21	1
341.57	0	3304.6	73.1	0.0	0.0	-0.26	0.0	2	4114	-1993.1	-1903.4	-2.26	3304.62	1
341.73	0	3307.8	71.9	0.0	0.0	-0.27	0.0	2	4053	-1995.9	-1902.1	-2.59	3307.8	1
341.88	0	3311.4	70.7	0.0	0.0	-0.27	0.0	2	3988	-1998.5	-1900.7	-2.52	3311.41	1
342.06	0	3315.3	70.1	0.23	0.0	-0.27	0.0	2	4019	-2001.5	-1898.8	-2.4	3315.26	1
342.21	0	3318.2	69.8	0.23	0.0	-0.29	0.0	2	4001	-2003.9	-1897.0	-2.21	3318.23	1
342.37	0	3321.4	69.5	0.23	0.0	-0.3	0.0	2	3988	-2006.2	-1895.2	-2.03	3321.4	1
342.53	0	3324.4	69.1	0.23	0.0	-0.31	0.0	2	3964	-2008.5	-1893.1	-1.9	3324.44	1
342.7	0	3328.0	68.8	0.25	0.0	-0.33	0.0	2	3953	-2010.8	-1890.6	-1.72	3328.03	1
342.86	0	3331.2	68.5	0.27	0.0	-0.33	0.0	2	3945	-2012.7	-1888.4	-1.63	3331.18	1
343.01	0	3334.1	68.3	0.27	0.0	-0.33	0.0	2	3930	-2014.4	-1886.0	-1.39	3334.14	1
343.19	0	3337.7	68.0	0.28	0.0	-0.33	0.0	2	3926	-2016.2	-1883.1	-1.05	3337.74	1
343.34	0	3340.6	67.8	0.29	0.0	-0.37	0.0	2	3907	-2017.5	-1880.6	-0.6	3340.59	1
343.5	0	3343.5	67.7	0.3	0.0	-0.35	0.0	2	3905	-2018.6	-1877.9	-0.46	3343.46	1
343.68	0	3347.0	67.8	0.36	0.0	-0.26	0.0	2	3924	-2019.7	-1874.7	-0.43	3346.96	1
343.83	0	3349.9	68.0	0.38	0.0	-0.25	0.0	2	3944	-2020.5	-1871.9	-0.19	3349.86	1
343.98	0	3352.7	68.3	0.38	0.0	-0.25	0.0	2	3938	-2021.1	-1869.1	0.05	3352.72	1
344.16	0	3356.1	68.6	0.41	0.0	-0.24	0.0	2	4007	-2021.7	-1865.7	0.15	3356.12	1
344.31	0	3359.0	69.2	0.45	0.0	-0.22	0.0	2	4004	-2022.0	-1862.9	0.28	3359.01	1
344.47	0	3362.0	69.8	0.45	0.0	-0.16	0.0	2	4059	-2022.1	-1859.9	0.32	3361.97	1
344.65	0	3365.5	71.0	0.51	0.0	0.0	0.0	2	4115	-2022.2	-1856.3	0.25	3365.51	1
344.8	0	3368.5	72.1	0.55	0.0	0.02	0.0	2	4178	-2022.1	-1853.3	0.14	3368.52	1
344.95	0	3371.6	73.2	0.55	0.0	0.13	0.0	2	4272	-2022.1	-1850.3	0.02	3371.58	1
345.13	0	3375.2	74.5	0.55	0.0	0.12	0.0	2	4394	-2022.2	-1846.6	-0.06	3375.24	1
345.28	0	3378.4	75.9	0.55	0.0	0.1	0.0	2	4425	-2022.3	-1843.5	-0.06	3378.4	1
345.43	0	3381.6	77.1	0.55	0.0	0.12	0.0	2	4535	-2022.5	-1840.2	0.05	3381.64	1
345.61	0	3385.5	78.7	0.55	0.0	0.14	0.0	2	4595	-2022.9	-1836.4	0.37	3385.52	1
345.76	0	3388.9	80.0	0.55	0.0	0.13	0.0	2	4721	-2023.3	-1833.1	0.72	3388.86	1
345.92	0	3392.4	81.4	0.55	0.0	0.13	0.0	2	4797	-2023.9	-1829.7	1.0	3392.43	1
346.1	0	3396.5	83.2	0.55	0.0	0.09	0.0	2	4877	-2024.7	-1825.6	1.0	3396.53	1
346.25	0	3400.1	84.6	0.55	0.0	0.1	0.0	2	4982	-2025.5	-1822.1	1.23	3400.14	1
346.4	0	3403.9	86.2	0.55	0.0	0.1	0.0	2	5048	-2026.4	-1818.6	1.32	3403.86	1
346.58	0	3408.4	87.7	0.52	0.0	0.28	0.0	2	5253	-2027.6	-1814.5	1.28	3408.43	1
346.73	0	3412.1	89.0	0.49	0.0	0.37	0.0	2	5230	-2028.9	-1811.0	0.83	3412.11	1
346.89	0	3415.9	89.9	0.49	0.0	0.32	0.0	2	5336	-2030.3	-1807.5	0.57	3415.88	1
347.07	0	3420.4	90.9	0.36	0.0	0.4	0.84	2	5366	-2032.3	-1803.4	0.14	3420.43	1
347.22	0	3424.3	90.2	0.17	0.0	0.36	1.0	3	5523	-2034.3	-1800.1	0.0	3424.27	1
347.37	0	3428.0	89.0	0.0	0.0	0.34	1.0	3	5096	-2036.4	-1797.0	-0.4	3428.04	1
347.53	0	3431.8	89.3	0.25	0.0	0.36	0.02	3	3943	-2038.8	-1794.0	-0.71	3431.83	1
347.7	0	3436.1	88.4	0.3	0.0	0.4	0.0	3	3925	-2041.8	-1790.9	-1.09	3436.07	1
347.85	0	3439.8	87.8	0.32	0.0	0.32	0.0	3	3894	-2044.6	-1788.4	-1.1	3439.8	1
348.0	0	3443.3	87.2	0.32	0.0	0.32	0.0	3	3892	-2047.5	-1786.1	-1.31	3443.31	1
348.19	0	3447.7	86.7	0.32	0.0	0.26	0.0	3	3824	-2051.1	-1783.7	-1.37	3447.69	1
348.34	0	3451.3	86.4	0.34	0.0	0.1	0.0	3	3829	-2054.3	-1781.9	-1.16	3451.31	1
348.49	0	3454.9	86.5	0.43	0.0	0.01	0.0	3	3828	-2057.5	-1780.3	-0.77	3454.94	1
348.67	0	3459.3	87.0	0.48	0.0	-0.11	0.0	3	3849	-2061.5	-1778.5	-0.15	3459.27	1
348.82	0	3462.9	87.4	0.51	0.0	-0.16	0.0	3	3876	-2064.9	-1777.0	0.36	3462.91	1
348.97	0	3466.6	87.9	0.51	0.0	-0.16	0.0	3	3902	-2068.2	-1775.4	0.79	3466.56	1
349.16	0	3471.0	88.5	0.51	0.0	-0.08	0.0	3	3927	-2072.2	-1773.3	1.21	3471.02	1
349.31	0	3474.7	89.0	0.51	0.0	-0.08	0.0	3	3948	-2075.4	-1771.5	1.45	3474.74	1
349.46	0	3478.5	89.6	0.56	0.0	-0.13	0.0	3	3985	-2078.6	-1769.6	1.6	3478.49	1
349.64	0	3483.0	90.5	0.62	0.0	-0.0	0.0	3	4040	-2082.5	-1767.2	1.64	3483.01	1
349.79	0	3486.8	91.4	0.62	0.0	-0.0	0.0	3	4077	-2085.7	-1765.1	1.61	3486.81	1
349.94	0	3490.7	92.4	0.63	0.0	0.0	0.0	3	4126	-2088.8	-1763.0	1.54	3490.65	1
350.12	0	3495.3	93.7	0.65	0.0	0.02	0.0	3	4186	-2092.7	-1760.4	1.45	3495.28	1
350.27	0	3499.2	94.8	0.66	0.0	0.02	0.0	3	4248	-2095.9	-1758.2	1.37	3499.2	1
350.42	0	3503.1	95.8	0.69	0.0	0.02	0.0	3	4402	-2099.2	-1756.0	1.32	3503.14	1
350.57	0	3507.2	97.4	0.69	0.0	0.0	0.0	3	4352	-2102.6	-1753.8	1.29	3507.22	1
350.74	0	3512.0	98.8	0.69	0.0	0.0	0.0	3	4451	-2106.6	-1751.2	1.27	3511.98	1
350.89	0	3516.1	100.2	0.69	0.0	0.0	0.0	3	4505	-2110.1	-1749.0	1.27	3516.08	1
351.04	0	3520.2	101.5	0.69	0.0	0.0	0.0	3	4570	-2113.6	-1746.7	1.27	3520.23	1
351.22	0	3525.3	103.2	0.69	0.0	0.0	0.0	3	4647	-2117.8	-1744.0	1.28	3525.28	1
351.37	0	3529.6	104.6	0.69	0.0	0.0	0.0	3	4717	-2121.4	-1741.7	1.29	3529.56	1
351.52	0	3533.9	106.1	0.69	0.0	0.0	0.0	3	4785	-2125.1	-1739.3	1.31	3533.91	1
351.69	0	3539.2	107.4	0.69	0.0	-0.0	0.0	3	5089	-2129.5	-1736.5	1.34	3539.18	1
351.84	0	3543.6	108.8	0.69	0.0	-0.02	0.0	3	4835	-2133.3	-1734.1	1.36	3543.59	1
351.99	0	3548.1	110.1	0.69	0.0	-0.04	0.0	3	4984	-2137.1	-1731.7	1.37	3548.1	1
352.14	0	3552.7	111.7	0.69	0.0	-0.03	0.0	3	5067	-2141.0	-1729.2	1.38	3552.73	1
352.31	0	3558.2	113.6	0.69	0.0	-0.0	0.03	3	5140	-2145.5	-1726.2	1.37	3558.18	1
352.46	0	3562.9	115.2	0.69	0.0	0.0	0.62	3	5220	-2149.4	-1723.6	1.32	3562.89	1
352.61	0	3567.6	115.0	0.62	0.0	0.0	1.0	3	6605	-2153.4	-1720.9	1.25	3567.63	1
352.79	0	3573.2	114.4	0.48	0.0	0.0	1.0	4	8280	-2158.0	-1717.8	1.16	3573.24	1
352.93	0	3577.9	113.8	0.47	0.0	0.0	1.0	4	9309	-2161.9	-1715.2	1.08	3577.88	1
353.08	0	3582.5	113.3	0.47	0.0	0.0	1.0	4	9562	-2165.7	-1712.7	1.01	3582.5	1
353.25	0	3588.0	114.5	0.47	0.0	0.0	0.19	4	8137	-2170.3	-1709.6	0.94	3587.98	1
353.4	0	3592.7	118.2	0.52	0.0	0.0	0.0	4	4422	-2174.2	-1707.0	0.88	3592.7	1
353.55	0	3597.5	118.8	0.52	0.0	0.0	0.0	4	4354	-2178.3	-1704.4	0.83	3597.54	1
353.69	0	3602.3	118.9	0.19	0.0	0.0	0.0	4	4295	-2182.2	-1701.7	0.79	3602.32	1
353.86	0	3608.0	117.8	0.0	0.0	-0.04	0.0	4	4209	-2187.0	-1698.6	0.65	3608.04	1
354.01	0	3612.7	117.0	0.26	0.0	0.0	0.0	4	4229	-2190.9	-1696.0	0.52	3612.71	1
354.15	0	3617.4	117.0	0.45	0.0	-0.02	0.0	4	4267	-2194.8	-1693.4	0.37	3617.4	1
354.32	0	3623.0	117.2	0.47	0.0	0.06	0.0	4	4281	-2199.5	-1690.3	0.17	3623.01	1
354.47	0	3627.7	117.5	0.47	0.0	0.01	0.0	4	4291	-2203.4	-1687.7	0.04	3627.7	1
354.61	0	3632.4	117.7	0.47	0.0	0.01	0.0	4	4300	-2207.3	-1685.0	0.02	3632.44	1
354.76	0	3637.1	118.0	0.48	0.0	0.0	0.0	4	4314	-2211.2	-1682.5	0.01	3637.12	1
354.93	0	3642.8	118.3	0.48	0.0	-0.02	0.0	4	4326	-2216.0	-1679.4	0.01	3642.78	1
355.07	0	3647.6	118.6	0.51	0.0	-0.02	0.0	4	4341	-2220.0	-1676.7	0.02	3647.59	1
355.22	0	3652.4	119.0	0.53	0.0	0.01	0.0	4	4361	-2224.0	-1674.1	0.02	3652.37	1
355.39	0	3658.1	119.5	0.53	0.0	0.01	0.0	4	4380	-2228.7	-1671.0	0.02	3658.07	1
355.54	0	3662.8	119.9	0.53	0.0	0.01	0.0	4	4396	-2232.7	-1668.4	0.03	3662.84	1
355.68	0	3667.7	120.3	0.53	0.0	0.01	0.0	4	4411	-2236.8	-1665.7	0.05	3667.67	1
355.82	0	3672.4	120.8	0.53	0.0	0.01	0.0	4	4430	-2240.8	-1663.1	0.07	3672.45	1
356.0	0	3678.3	121.3	0.53	0.0	0.01	0.0	4	4447	-2245.7	-1660.0	0.12	3678.26	1
356.14	0	3683.1	121.7	0.53	0.0	0.01	0.0	4	4464	-2249.8	-1657.4	0.17	3683.11	1
356.28	0	3688.0	122.2	0.53	0.0	-0.02	0.0	4	4481	-2253.9	-1654.7	0.23	3687.99	1
356.46	0	3693.8	122.7	0.53	0.0	-0.04	0.0	4	4495	-2258.8	-1651.6	0.31	3693.84	1
356.6	0	3698.8	123.1	0.53	0.0	-0.0	0.0	4	4547	-2262.9	-1648.9	0.18	3698.79	1
356.74	0	3703.7	123.6	0.53	0.0	0.0	0.0	4	4535	-2267.1	-1646.2	-0.13	3703.74	1
356.89	0	3708.7	124.0	0.53	0.0	0.0	0.0	4	4551	-2271.2	-1643.6	-0.15	3708.66	1
357.06	0	3714.6	124.6	0.53	0.0	0.0	0.0	4	4576	-2276.2	-1640.3	0.2	3714.6	1
357.2	0	3719.6	125.1	0.53	0.0	0.0	0.0	4	4575	-2280.4	-1637.6	0.08	3719.59	1
357.34	0	3724.6	125.5	0.53	0.0	0.0	0.0	4	4627	-2284.5	-1634.9	-0.09	3724.56	1
357.52	0	3730.6	126.1	0.53	0.0	0.0	0.0	4	4623	-2289.6	-1631.7	-0.26	3730.59	1
357.66	0	3735.6	126.6	0.53	0.0	0.0	0.0	4	4631	-2293.8	-1629.0	-0.22	3735.61	1
357.8	0	3740.6	126.9	0.53	0.0	0.0	0.0	4	4683	-2298.1	-1626.3	0.09	3740.62	1
357.94	0	3745.6	127.5	0.53	0.0	-0.02	0.0	4	4671	-2302.3	-1623.6	0.12	3745.63	1
358.11	0	3751.6	128.0	0.53	0.0	-0.06	0.0	4	4713	-2307.4	-1620.4	0.15	3751.64	1
358.25	0	3756.6	128.5	0.53	0.0	-0.07	0.0	4	4712	-2311.5	-1617.7	0.11	3756.59	1
358.39	0	3761.6	128.8	0.53	0.0	-0.07	0.0	4	4745	-2315.7	-1614.9	0.1	3761.62	1
358.53	0	3766.7	129.3	0.53	0.0	-0.07	0.0	4	4755	-2319.8	-1612.0	0.12	3766.67	1
358.7	0	3772.7	129.6	0.53	0.0	-0.07	0.0	4	4847	-2324.7	-1608.5	0.06	3772.65	1
358.84	0	3777.7	130.1	0.53	0.0	-0.06	0.0	4	4764	-2328.7	-1605.4	-0.04	3777.71	1
358.98	0	3782.8	130.5	0.53	0.0	-0.0	0.0	4	4803	-2332.6	-1602.2	-0.14	3782.76	1
359.15	0	3789.0	130.9	0.53	0.0	-0.0	0.0	4	4925	-2337.4	-1598.2	-0.24	3788.98	1
359.29	0	3794.0	131.6	0.53	0.0	-0.0	0.0	4	4811	-2341.2	-1595.0	-0.33	3794.01	1
359.43	0	3799.1	132.0	0.53	0.0	-0.0	0.0	4	4857	-2345.1	-1591.7	-0.37	3799.11	1
359.57	0	3804.2	132.5	0.52	0.0	-0.0	0.0	4	4873	-2348.9	-1588.3	-0.27	3804.18	1
359.74	0	3810.5	133.2	0.53	0.0	-0.0	0.0	4	4866	-2353.7	-1584.2	-0.11	3810.47	1
359.88	0	3815.6	133.6	0.52	0.0	-0.0	0.0	4	4907	-2357.6	-1580.8	0.06	3815.62	1
360.02	0	3820.8	134.0	0.52	0.0	-0.08	0.0	4	4932	-2361.5	-1577.4	0.29	3820.82	1
360.16	0	3826.1	134.5	0.53	0.0	-0.17	0.0	4	4954	-2365.4	-1573.9	0.61	3826.09	1
360.32	0	3832.3	134.9	0.53	0.0	-0.06	0.0	4	4977	-2370.0	-1569.7	0.96	3832.29	1
360.46	0	3837.5	135.0	0.53	0.0	-0.0	0.0	4	5149	-2373.7	-1566.0	1.17	3837.5	1
360.6	0	3842.7	135.8	0.53	0.0	0.06	0.0	4	4972	-2377.4	-1562.3	1.27	3842.73	1
360.77	0	3849.1	136.3	0.53	0.0	0.01	0.0	4	5026	-2381.7	-1557.7	1.22	3849.08	1
360.91	0	3854.2	136.8	0.53	0.0	0.01	0.0	4	5033	-2385.2	-1553.9	1.21	3854.22	1
361.04	0	3859.5	137.3	0.53	0.0	0.0	0.0	4	5052	-2388.8	-1550.1	1.24	3859.47	1
361.18	0	3864.7	137.7	0.53	0.0	-0.01	0.0	4	5068	-2392.4	-1546.3	1.31	3864.67	1
361.35	0	3871.1	138.0	0.53	0.0	-0.02	0.0	4	5245	-2396.8	-1541.6	1.38	3871.09	1
361.49	0	3876.4	138.7	0.53	0.0	-0.02	0.0	4	5066	-2400.5	-1537.8	1.43	3876.42	1
361.62	0	3881.7	139.1	0.53	0.0	-0.02	0.0	4	5122	-2404.1	-1533.9	1.46	3881.73	1
361.76	0	3887.0	139.6	0.53	0.0	-0.02	0.0	4	5142	-2407.8	-1530.0	1.48	3887.03	1
361.93	0	3893.4	140.2	0.53	0.0	0.01	0.0	4	5158	-2412.1	-1525.3	1.46	3893.44	1
362.06	0	3898.7	140.3	0.53	0.0	0.01	0.0	4	5338	-2415.7	-1521.4	1.43	3898.74	1
362.2	0	3904.1	141.3	0.53	0.0	0.01	0.0	4	5171	-2419.3	-1517.4	1.38	3904.14	1
362.37	0	3910.7	141.8	0.53	0.0	0.01	0.0	4	5230	-2423.8	-1512.6	1.31	3910.72	1
362.5	0	3916.1	142.3	0.53	0.0	0.01	0.0	4	5244	-2427.4	-1508.6	1.26	3916.07	1
362.64	0	3921.5	142.8	0.53	0.0	-0.02	0.0	4	5258	-2431.0	-1504.6	1.22	3921.48	1
362.77	0	3926.8	143.3	0.53	0.0	-0.04	0.0	4	5286	-2434.6	-1500.7	1.17	3926.85	1
362.94	0	3933.5	143.9	0.53	0.0	-0.04	0.0	4	5298	-2439.1	-1495.8	1.07	3933.46	1
363.08	0	3938.9	144.4	0.53	0.0	-0.0	0.0	4	5318	-2442.7	-1491.6	0.93	3938.94	1
363.22	0	3944.5	144.9	0.53	0.0	0.0	0.0	4	5331	-2446.3	-1487.5	0.76	3944.46	1
363.35	0	3949.9	145.4	0.53	0.0	0.0	0.0	4	5373	-2449.9	-1483.4	0.56	3949.93	1
363.52	0	3956.7	146.0	0.53	0.0	-0.02	0.0	4	5403	-2454.3	-1478.2	0.3	3956.69	1
363.65	0	3962.2	146.5	0.53	0.0	-0.02	0.0	4	5436	-2457.9	-1474.0	0.08	3962.19	1
363.79	0	3967.7	147.0	0.53	0.0	-0.02	0.0	4	5434	-2461.5	-1469.8	-0.17	3967.72	1
363.93	0	3973.3	147.6	0.53	0.0	-0.04	0.0	4	5403	-2465.1	-1465.5	-0.44	3973.32	1
364.09	0	3980.1	148.2	0.53	0.0	-0.0	0.0	4	5439	-2469.4	-1460.3	-0.83	3980.08	1
364.23	0	3985.6	148.6	0.53	0.0	-0.0	0.0	4	5507	-2473.0	-1456.0	-1.2	3985.65	1
364.36	0	3991.3	149.2	0.53	0.0	0.0	0.0	4	5494	-2476.5	-1451.6	-1.62	3991.3	1
364.53	0	3998.2	149.8	0.53	0.0	0.06	0.0	4	5521	-2480.8	-1446.2	-2.18	3998.15	1
364.66	0	4003.8	150.2	0.53	0.0	0.07	0.0	4	5544	-2484.3	-1441.8	-2.63	4003.78	1
364.8	0	4009.5	150.7	0.53	0.0	0.05	0.0	4	5572	-2487.9	-1437.3	-3.04	4009.52	1
364.94	0	4015.2	151.2	0.53	0.0	0.06	0.0	4	5594	-2491.5	-1432.9	-3.37	4015.21	1
365.1	0	4022.1	151.6	0.48	0.0	0.01	0.0	4	5588	-2496.0	-1427.6	-3.64	4022.11	1
365.24	0	4027.8	151.9	0.49	0.0	0.0	0.0	4	5598	-2499.8	-1423.4	-3.75	4027.81	1
365.38	0	4033.6	152.3	0.49	0.0	0.0	0.0	4	5593	-2503.8	-1419.1	-3.77	4033.62	1
365.51	0	4039.3	152.6	0.47	0.0	0.05	0.0	4	5624	-2507.7	-1415.0	-3.74	4039.34	1
365.68	0	4046.4	152.9	0.45	0.0	0.05	0.0	4	5615	-2512.6	-1409.9	-3.63	4046.41	1
365.81	0	4052.3	153.0	0.41	0.0	0.01	0.0	4	5611	-2516.7	-1405.7	-3.46	4052.26	1
365.95	0	4058.1	153.0	0.32	0.0	-0.04	0.0	4	5575	-2520.9	-1401.5	-3.23	4058.13	1
366.09	0	4064.0	152.4	0.0	0.0	-0.06	0.0	4	5444	-2525.0	-1397.4	-2.95	4064.0	1
366.26	0	4070.9	150.8	0.0	0.0	0.0	0.0	4	5377	-2530.0	-1392.6	-2.63	4070.89	1
366.39	0	4076.6	149.5	0.0	0.0	-0.04	0.0	4	5335	-2534.0	-1388.6	-2.37	4076.58	1
366.53	0	4082.3	148.2	0.0	0.0	-0.04	0.0	4	5288	-2538.1	-1384.6	-2.15	4082.28	1
366.7	0	4089.2	146.7	0.0	0.0	-0.02	0.0	4	5237	-2542.9	-1379.7	-1.96	4089.15	1
366.84	0	4094.7	145.4	0.0	0.0	0.01	0.0	4	5185	-2546.8	-1375.7	-1.87	4094.72	1
366.97	0	4100.3	144.2	0.0	0.0	0.01	0.0	4	5142	-2550.6	-1371.7	-1.8	4100.27	1
367.11	0	4105.7	142.9	0.0	0.0	-0.05	0.0	4	5111	-2554.4	-1367.8	-1.68	4105.7	1
367.27	0	4112.3	141.5	0.0	0.0	-0.11	0.0	4	5034	-2558.9	-1363.0	-1.56	4112.26	1
367.41	0	4117.6	140.2	0.0	0.0	-0.15	0.0	4	5005	-2562.5	-1359.1	-1.54	4117.6	1
367.55	0	4123.0	138.8	0.0	0.0	-0.08	0.0	4	4953	-2566.0	-1355.0	-1.63	4122.97	1
367.68	0	4128.4	137.5	0.0	0.0	-0.11	0.0	4	4904	-2569.3	-1351.0	-1.54	4128.39	1
367.85	0	4134.8	135.7	0.0	0.0	-0.33	0.0	4	4843	-2573.1	-1345.9	-0.97	4134.8	1
367.99	0	4139.9	134.0	0.0	0.0	-0.35	0.0	4	4787	-2576.1	-1341.8	-0.51	4139.89	1
368.12	0	4144.9	132.2	0.0	0.0	-0.35	0.0	4	4708	-2578.7	-1337.5	-0.24	4144.91	1
368.26	0	4150.0	130.3	0.0	0.0	-0.53	0.0	4	4640	-2581.3	-1333.1	0.12	4149.95	1
368.43	0	4155.9	127.9	0.0	0.0	-0.52	0.0	4	4554	-2583.9	-1327.8	0.54	4155.87	1
368.57	0	4160.6	125.9	0.0	0.0	-0.57	0.0	4	4481	-2585.9	-1323.4	0.86	4160.62	1
368.7	0	4165.4	123.9	0.0	0.0	-0.49	0.0	4	4407	-2587.6	-1319.0	1.31	4165.4	1
368.87	0	4171.1	121.6	0.0	0.0	-0.24	0.0	4	4325	-2589.4	-1313.4	1.75	4171.08	1
369.01	0	4175.7	120.0	0.0	0.0	-0.12	0.0	4	4266	-2590.6	-1309.0	1.94	4175.66	1
369.15	0	4180.3	118.4	0.0	0.0	-0.1	0.0	4	4216	-2591.5	-1304.5	1.96	4180.27	1
369.29	0	4184.9	117.0	0.0	0.0	-0.0	0.0	4	4162	-2592.2	-1299.9	1.74	4184.94	1
369.46	0	4190.4	115.6	0.0	0.0	0.06	0.0	4	4121	-2592.8	-1294.4	1.34	4190.4	1
369.6	0	4194.7	114.7	0.0	0.0	0.08	0.0	4	4095	-2593.2	-1290.0	1.04	4194.73	1
369.74	0	4199.1	114.0	0.18	0.0	0.01	0.0	4	4106	-2593.5	-1285.7	0.74	4199.06	1
369.87	0	4203.4	113.5	0.21	0.0	0.01	0.0	4	4094	-2593.9	-1281.4	0.47	4203.35	1
370.04	0	4208.5	113.1	0.28	0.0	0.02	0.0	4	4091	-2594.4	-1276.2	0.17	4208.55	1
370.18	0	4212.8	113.0	0.35	0.0	-0.02	0.0	4	4098	-2594.8	-1272.0	-0.05	4212.82	1
370.31	0	4217.1	113.0	0.46	0.0	-0.06	0.0	4	4120	-2595.2	-1267.7	-0.24	4217.11	1
370.45	0	4221.5	113.2	0.46	0.0	-0.08	0.0	4	4132	-2595.6	-1263.3	-0.44	4221.51	1
370.62	0	4226.6	113.3	0.46	0.0	-0.08	0.0	4	4143	-2596.0	-1258.2	-0.75	4226.63	1
370.75	0	4230.9	113.5	0.46	0.0	-0.02	0.0	4	4148	-2596.2	-1253.9	-1.1	4230.91	1
370.89	0	4235.2	113.7	0.46	0.0	-0.01	0.0	4	4162	-2596.4	-1249.6	-1.48	4235.2	1
371.05	0	4240.4	113.9	0.46	0.0	-0.0	0.0	4	4145	-2596.5	-1244.4	-1.96	4240.4	1
371.19	0	4244.9	114.1	0.51	0.0	0.0	0.0	4	4175	-2596.6	-1240.0	-2.19	4244.94	1
371.33	0	4249.6	114.5	0.55	0.0	-0.02	0.0	4	4196	-2596.6	-1235.5	-2.32	4249.57	1
371.47	0	4254.0	114.9	0.56	0.0	-0.12	0.0	4	4215	-2596.6	-1231.1	-2.25	4253.96	1
371.64	0	4259.5	115.4	0.58	0.0	-0.13	0.0	4	4248	-2596.5	-1225.7	-2.08	4259.5	1
371.78	0	4264.0	115.8	0.58	0.0	-0.14	0.0	4	4269	-2596.3	-1221.2	-1.92	4264.05	1
371.92	0	4268.6	116.2	0.58	0.0	-0.08	0.0	4	4285	-2596.0	-1216.7	-1.72	4268.58	1
372.06	0	4273.1	116.5	0.58	0.0	-0.08	0.0	4	4302	-2595.5	-1212.2	-1.78	4273.07	1
372.23	0	4278.7	117.0	0.58	0.0	-0.08	0.0	4	4290	-2594.7	-1206.8	-1.37	4278.74	1
372.37	0	4283.3	117.4	0.58	0.0	-0.08	0.0	4	4316	-2593.9	-1202.4	-1.06	4283.28	1
372.5	0	4287.8	117.8	0.58	0.0	-0.12	0.0	4	4338	-2593.0	-1198.0	-0.69	4287.81	1
372.64	0	4292.4	118.2	0.58	0.0	-0.18	0.0	4	4375	-2592.0	-1193.5	-0.12	4292.39	1
372.81	0	4297.8	118.2	0.51	0.0	-0.24	0.0	4	4365	-2590.6	-1188.2	0.51	4297.82	1
372.95	0	4302.4	118.1	0.51	0.0	-0.24	0.0	4	4360	-2589.2	-1183.8	0.86	4302.42	1
373.09	0	4307.0	118.1	0.51	0.0	-0.08	0.0	4	4361	-2587.5	-1179.6	1.07	4306.97	1
373.26	0	4312.6	118.3	0.48	0.0	0.14	0.0	4	4340	-2585.3	-1174.4	0.71	4312.62	1
373.4	0	4317.2	118.5	0.43	0.0	0.07	0.0	4	4321	-2583.4	-1170.3	0.4	4317.16	1
373.54	0	4321.7	118.6	0.41	0.0	0.02	0.0	4	4323	-2581.4	-1166.1	0.12	4321.74	1
373.68	0	4326.4	118.7	0.41	0.0	0.05	0.0	4	4320	-2579.5	-1161.9	-0.09	4326.37	1
373.85	0	4332.0	118.7	0.41	0.0	0.09	0.0	4	4338	-2577.2	-1156.8	-0.23	4331.96	1
373.99	0	4336.6	118.8	0.41	0.0	0.09	0.0	4	4334	-2575.4	-1152.6	-0.25	4336.57	1
374.13	0	4341.2	118.9	0.46	0.0	0.01	0.0	4	4344	-2573.6	-1148.3	-0.21	4341.2	1
374.27	0	4345.8	119.2	0.56	0.0	0.01	0.0	4	4378	-2571.9	-1144.0	-0.11	4345.78	1
374.44	0	4351.4	119.8	0.58	0.0	0.01	0.0	4	4405	-2570.0	-1138.7	0.07	4351.45	1
374.58	0	4356.1	120.4	0.58	0.0	0.01	0.0	4	4425	-2568.3	-1134.3	0.25	4356.13	1
374.72	0	4360.8	120.9	0.58	0.0	0.01	0.0	4	4446	-2566.7	-1129.9	0.45	4360.83	1
374.86	0	4365.7	121.5	0.58	0.0	0.01	0.0	4	4458	-2565.1	-1125.3	0.68	4365.68	1
375.03	0	4371.3	122.1	0.58	0.0	0.0	0.0	4	4519	-2563.2	-1120.0	0.97	4371.35	1
375.17	0	4376.1	122.8	0.58	0.0	0.01	0.0	4	4514	-2561.6	-1115.5	1.23	4376.12	1
375.31	0	4381.0	123.4	0.58	0.0	0.01	0.0	4	4534	-2560.0	-1110.9	1.5	4380.97	1
375.48	0	4386.8	124.0	0.55	0.0	0.01	0.0	4	4551	-2558.2	-1105.4	1.72	4386.85	1
375.63	0	4391.9	124.5	0.55	0.0	0.01	0.0	4	4585	-2556.5	-1100.6	2.07	4391.9	1
375.77	0	4396.8	125.0	0.55	0.0	0.02	0.0	4	4580	-2554.9	-1095.9	2.23	4396.84	1
375.91	0	4401.9	125.5	0.55	0.0	0.09	0.0	4	4625	-2553.4	-1091.3	2.12	4401.89	1
376.08	0	4407.9	126.1	0.55	0.0	0.02	0.0	4	4638	-2551.6	-1085.6	1.96	4407.88	1
376.23	0	4412.9	126.5	0.55	0.0	0.1	0.0	4	4655	-2550.2	-1080.8	1.92	4412.87	1
376.37	0	4417.9	127.0	0.55	0.0	0.1	0.0	4	4693	-2548.8	-1076.0	1.85	4417.87	1
376.51	0	4422.9	127.4	0.55	0.0	0.06	0.0	4	4702	-2547.6	-1071.2	1.77	4422.94	1
376.68	0	4429.1	128.0	0.55	0.0	0.03	0.0	4	4729	-2546.3	-1065.2	1.7	4429.08	1
376.82	0	4434.2	128.5	0.55	0.0	0.01	0.0	4	4731	-2545.3	-1060.3	1.83	4434.16	1
376.96	0	4439.2	129.0	0.55	0.0	0.01	0.0	4	4741	-2544.4	-1055.5	1.6	4439.16	1
377.13	0	4445.1	129.6	0.55	0.0	0.0	0.0	4	4761	-2543.3	-1049.6	1.33	4445.14	1
377.27	0	4450.2	130.2	0.55	0.0	0.0	0.0	4	4785	-2542.5	-1044.5	1.19	4450.25	1
377.41	0	4455.4	130.7	0.55	0.0	0.0	0.0	4	4809	-2541.6	-1039.4	1.02	4455.42	1
377.55	0	4460.5	131.2	0.55	0.0	0.0	0.0	4	4851	-2540.8	-1034.4	0.83	4460.53	1
377.72	0	4466.7	131.9	0.55	0.0	0.04	0.0	4	4844	-2539.8	-1028.3	0.62	4466.73	1
377.86	0	4471.8	132.4	0.53	0.0	0.04	0.0	4	4870	-2539.0	-1023.2	0.47	4471.84	1
378.0	0	4477.1	132.7	0.53	0.0	0.01	0.0	4	4962	-2538.2	-1018.1	0.35	4477.05	1
378.14	0	4482.2	133.4	0.53	0.0	0.0	0.0	4	4881	-2537.4	-1012.9	0.27	4482.24	1
378.31	0	4488.6	133.9	0.52	0.0	-0.02	0.0	4	4929	-2536.6	-1006.6	0.23	4488.62	1
378.46	0	4494.0	134.4	0.51	0.0	-0.04	0.0	4	4939	-2535.9	-1001.3	0.19	4493.95	1
378.6	0	4499.2	134.8	0.51	0.0	-0.04	0.0	4	4952	-2535.1	-996.1	0.12	4499.2	1
378.74	0	4504.5	135.2	0.51	0.0	-0.04	0.0	4	4970	-2534.3	-990.8	-0.01	4504.53	1
378.91	0	4510.8	135.7	0.51	0.0	0.0	0.0	4	4987	-2533.3	-984.7	-0.23	4510.78	1
379.05	0	4516.1	136.1	0.51	0.0	0.05	0.0	4	5001	-2532.4	-979.4	-0.47	4516.12	1
379.19	0	4521.5	136.5	0.51	0.0	0.21	0.0	4	5022	-2531.5	-974.1	-0.7	4521.54	1
379.36	0	4527.9	136.8	0.51	0.0	0.06	0.0	4	5051	-2530.5	-967.8	-0.84	4527.86	1
379.5	0	4533.2	137.2	0.51	0.0	0.01	0.0	4	5056	-2529.9	-962.5	-0.82	4533.19	1
379.64	0	4538.5	137.5	0.51	0.0	0.01	0.0	4	5076	-2529.4	-957.2	-0.67	4538.52	1
379.78	0	4543.9	137.9	0.48	0.0	0.01	0.0	4	5064	-2528.9	-951.9	-0.42	4543.85	1
379.94	0	4550.3	138.3	0.47	0.0	0.01	0.0	4	5071	-2528.5	-945.5	-0.03	4550.29	1
380.08	0	4555.6	138.6	0.46	0.0	-0.0	0.0	4	5085	-2528.2	-940.1	0.34	4555.65	1
380.23	0	4561.1	138.8	0.38	0.0	-0.12	0.0	4	5053	-2527.9	-934.6	0.73	4561.12	1
380.36	0	4566.4	138.7	0.34	0.0	-0.04	0.0	4	5054	-2527.6	-929.3	1.09	4566.42	1
380.53	0	4572.8	138.5	0.33	0.0	-0.0	0.0	4	5058	-2527.1	-922.9	1.44	4572.84	1
380.67	0	4578.2	138.4	0.33	0.0	-0.04	0.0	4	5018	-2526.7	-917.6	1.6	4578.19	1
380.81	0	4583.5	138.1	0.33	0.0	-0.06	0.0	4	5038	-2526.2	-912.4	1.64	4583.49	1
380.95	0	4588.9	138.0	0.31	0.0	-0.0	0.0	4	5017	-2525.6	-907.0	1.6	4588.89	1
381.11	0	4595.2	137.7	0.31	0.0	0.0	0.0	4	5001	-2525.0	-900.8	1.49	4595.15	1
381.25	0	4600.5	137.5	0.31	0.0	0.06	0.0	4	4994	-2524.4	-895.5	1.31	4600.47	1
381.39	0	4605.8	137.3	0.31	0.0	0.1	0.0	4	4996	-2523.9	-890.2	1.09	4605.77	1
381.56	0	4612.2	136.9	0.31	0.0	0.06	0.0	4	4981	-2523.3	-883.9	0.8	4612.2	1
381.7	0	4617.5	136.7	0.31	0.0	0.03	0.0	4	4964	-2522.9	-878.6	0.61	4617.5	1
381.83	0	4622.8	136.4	0.31	0.0	0.03	0.0	4	4980	-2522.7	-873.3	0.5	4622.76	1
381.97	0	4628.0	136.2	0.31	0.0	0.01	0.0	4	4944	-2522.5	-868.1	0.46	4628.01	1
382.14	0	4634.4	135.9	0.31	0.0	0.01	0.0	4	4926	-2522.4	-861.6	0.5	4634.43	1
382.28	0	4639.6	135.7	0.31	0.0	0.01	0.0	4	4954	-2522.3	-856.5	0.56	4639.56	1
382.42	0	4644.8	135.5	0.31	0.0	-0.0	0.0	4	4918	-2522.2	-851.3	0.64	4644.78	1
382.55	0	4649.9	135.3	0.31	0.0	-0.0	0.0	4	4907	-2522.2	-846.2	0.73	4649.89	1
382.72	0	4656.2	135.0	0.31	0.0	-0.02	0.0	4	4920	-2522.1	-839.9	0.84	4656.19	1
382.86	0	4661.3	134.9	0.31	0.0	-0.02	0.0	4	4899	-2522.1	-834.7	0.92	4661.34	1
383.0	0	4666.5	134.7	0.31	0.0	-0.02	0.0	4	4889	-2522.0	-829.6	0.97	4666.45	1
383.13	0	4671.5	134.5	0.31	0.0	-0.02	0.0	4	4877	-2521.9	-824.6	0.99	4671.5	1
383.3	0	4677.8	134.2	0.31	0.0	-0.02	0.0	4	4877	-2521.7	-818.3	0.99	4677.76	1
383.43	0	4682.8	134.0	0.31	0.0	-0.02	0.0	4	4867	-2521.5	-813.3	0.99	4682.79	1
383.57	0	4687.8	133.8	0.31	0.0	-0.02	0.0	4	4854	-2521.4	-808.2	0.96	4687.84	1
383.7	0	4692.8	133.6	0.31	0.0	0.01	0.0	4	4864	-2521.1	-803.2	0.91	4692.83	1
383.87	0	4699.0	133.4	0.31	0.0	0.05	0.0	4	4842	-2520.9	-797.1	0.88	4699.03	1
384.0	0	4704.0	133.2	0.31	0.0	0.06	0.0	4	4836	-2520.7	-792.1	0.88	4704.0	1
384.14	0	4709.0	133.0	0.31	0.0	0.01	0.0	4	4823	-2520.5	-787.1	0.94	4709.01	1
384.27	0	4713.9	132.8	0.31	0.0	0.01	0.0	4	4825	-2520.4	-782.2	1.03	4713.92	1
384.44	0	4720.0	132.5	0.31	0.0	0.01	0.0	4	4812	-2520.4	-776.1	1.2	4720.0	1
384.57	0	4725.0	132.4	0.31	0.0	0.01	0.0	4	4804	-2520.4	-771.1	1.27	4725.02	1
384.71	0	4729.9	132.2	0.31	0.0	-0.01	0.0	4	4801	-2520.4	-766.2	1.18	4729.9	1
384.84	0	4734.7	132.0	0.31	0.0	-0.04	0.0	4	4793	-2520.3	-761.4	1.09	4734.73	1
385.0	0	4740.7	131.7	0.31	0.0	-0.04	0.0	4	4783	-2520.3	-755.4	0.94	4740.72	1
385.13	0	4745.5	131.6	0.31	0.0	-0.0	0.0	4	4774	-2520.2	-750.6	0.78	4745.51	1
385.26	0	4750.3	131.4	0.31	0.0	-0.0	0.0	4	4768	-2520.2	-745.9	0.63	4750.27	1
385.39	0	4755.0	131.2	0.34	0.0	0.0	0.0	4	4771	-2520.0	-741.1	0.49	4754.99	1
385.55	0	4760.9	131.1	0.38	0.0	0.17	0.0	4	4782	-2519.9	-735.3	0.22	4760.86	1
385.68	0	4765.6	131.0	0.38	0.0	0.2	0.0	4	4789	-2519.8	-730.6	-0.03	4765.56	1
385.81	0	4770.3	130.8	0.38	0.0	0.15	0.0	4	4788	-2519.9	-725.9	-0.42	4770.27	1
385.94	0	4774.9	130.6	0.38	0.0	0.18	0.0	4	4789	-2520.1	-721.2	-0.65	4774.91	1
386.1	0	4780.7	130.1	0.38	0.0	0.22	0.0	4	4773	-2520.7	-715.4	-0.71	4780.73	1
386.23	0	4785.3	129.8	0.38	0.0	0.01	0.0	4	4759	-2521.3	-710.8	-0.55	4785.34	1
386.36	0	4790.0	129.5	0.38	0.0	0.0	0.0	4	4737	-2522.0	-706.2	-0.22	4790.01	1
386.49	0	4794.6	129.4	0.38	0.0	-0.06	0.0	4	4724	-2523.0	-701.7	0.26	4794.61	1
386.65	0	4800.4	129.4	0.38	0.0	-0.08	0.0	4	4715	-2524.2	-696.1	0.8	4800.36	1
386.78	0	4804.9	129.4	0.38	0.0	-0.06	0.0	4	4718	-2525.3	-691.6	1.09	4804.94	1
386.9	0	4809.6	129.4	0.38	0.0	-0.0	0.0	4	4719	-2526.3	-687.1	1.35	4809.56	1
387.03	0	4814.2	129.4	0.38	0.0	-0.05	0.0	4	4718	-2527.3	-682.6	1.56	4814.17	1
387.16	0	4818.9	129.4	0.38	0.0	-0.06	0.0	4	4720	-2528.2	-678.0	1.71	4818.85	1
387.32	0	4824.5	129.4	0.38	0.0	0.06	0.0	4	4716	-2529.2	-672.5	1.84	4824.5	1
387.45	0	4829.1	129.4	0.38	0.0	0.06	0.0	4	4716	-2530.1	-667.9	1.92	4829.09	1
387.58	0	4833.8	129.4	0.38	0.0	0.09	0.0	4	4718	-2530.9	-663.4	1.87	4833.81	1
387.7	0	4838.4	129.3	0.38	0.0	0.14	0.0	4	4728	-2531.9	-659.0	1.77	4838.38	1
387.86	0	4844.1	129.3	0.4	0.0	-0.06	0.0	4	4724	-2533.2	-653.4	1.78	4844.09	1
387.99	0	4848.7	129.3	0.38	0.0	-0.08	0.0	4	4758	-2534.2	-648.9	1.85	4848.67	1
388.12	0	4853.3	129.5	0.4	0.0	-0.04	0.0	4	4701	-2535.3	-644.5	1.92	4853.26	1
388.24	0	4857.8	129.5	0.41	0.0	0.0	0.0	4	4725	-2536.4	-640.0	1.97	4857.85	1
388.4	0	4863.6	129.6	0.43	0.0	0.1	0.0	4	4739	-2537.7	-634.4	2.02	4863.6	1
388.53	0	4868.3	129.8	0.43	0.0	0.02	0.0	4	4745	-2538.9	-630.0	1.87	4868.32	1
388.66	0	4872.9	129.9	0.47	0.0	0.02	0.0	4	4760	-2540.0	-625.5	1.73	4872.91	1
388.79	0	4877.5	130.2	0.52	0.0	0.01	0.0	4	4783	-2541.2	-621.1	1.63	4877.47	1
388.91	0	4882.1	130.7	0.58	0.0	0.01	0.0	4	4818	-2542.4	-616.6	1.57	4882.1	1
389.07	0	4887.8	131.5	0.62	0.0	0.02	0.0	4	4858	-2544.0	-611.2	1.54	4887.79	1
389.2	0	4892.5	132.2	0.63	0.0	0.02	0.0	4	4888	-2545.3	-606.7	1.54	4892.45	1
389.32	0	4897.1	132.9	0.63	0.0	0.05	0.0	4	4921	-2546.6	-602.2	1.57	4897.13	1
389.45	0	4901.9	133.6	0.63	0.0	0.09	0.0	4	4949	-2548.0	-597.8	1.35	4901.91	1
389.61	0	4907.9	134.5	0.63	0.0	0.11	0.0	4	4988	-2549.9	-592.1	1.09	4907.89	1
389.74	0	4912.7	135.2	0.63	0.0	0.07	0.0	4	5021	-2551.4	-587.6	0.98	4912.65	1
389.87	0	4917.5	135.8	0.63	0.0	0.02	0.0	4	5047	-2553.1	-583.1	0.97	4917.46	1
389.99	0	4922.3	136.6	0.63	0.0	0.01	0.0	4	5065	-2554.9	-578.6	1.06	4922.26	1
390.15	0	4928.3	137.5	0.63	0.0	0.01	0.0	4	5098	-2557.2	-573.0	1.27	4928.34	1
390.28	0	4933.2	137.3	0.63	0.0	0.01	0.0	4	5282	-2559.1	-568.5	1.41	4933.24	1
390.41	0	4938.1	138.3	0.63	0.0	0.0	0.0	4	5079	-2561.1	-564.1	1.46	4938.13	1
390.53	0	4943.1	139.0	0.63	0.0	0.0	0.0	4	5160	-2563.1	-559.6	1.41	4943.07	1
390.66	0	4947.9	139.8	0.63	0.0	0.0	0.0	4	5191	-2565.1	-555.2	1.31	4947.92	1
390.82	0	4954.1	140.6	0.56	0.0	0.07	0.0	4	5188	-2567.7	-549.6	1.32	4954.07	1
390.95	0	4959.1	141.1	0.55	0.0	0.06	0.0	4	5207	-2569.8	-545.0	1.28	4959.1	1
391.07	0	4964.1	141.6	0.55	0.0	0.01	0.0	4	5227	-2571.9	-540.5	1.26	4964.1	1
391.2	0	4969.1	142.1	0.51	0.0	0.0	0.0	4	5232	-2574.1	-536.0	1.33	4969.09	1
391.36	0	4975.5	142.6	0.46	0.0	-0.01	0.0	4	5202	-2576.9	-530.4	1.26	4975.46	1
391.48	0	4980.4	142.8	0.46	0.0	-0.01	0.0	4	5223	-2579.1	-525.9	1.11	4980.43	1
391.61	0	4985.5	143.0	0.46	0.0	-0.01	0.0	4	5249	-2581.4	-521.4	1.0	4985.51	1
391.74	0	4990.5	143.2	0.46	0.0	-0.01	0.0	4	5250	-2583.7	-516.9	0.95	4990.52	1
391.87	0	4995.8	143.4	0.46	0.0	-0.01	0.0	4	5293	-2586.1	-512.2	0.88	4995.82	1
392.03	0	5002.0	143.8	0.46	0.0	-0.01	0.0	4	5254	-2588.9	-506.6	0.75	5002.03	1
392.16	0	5007.1	144.0	0.46	0.0	-0.01	0.0	4	5281	-2591.1	-502.0	0.6	5007.14	1
392.28	0	5012.2	144.3	0.46	0.0	0.01	0.0	4	5292	-2593.3	-497.5	0.44	5012.18	1
392.41	0	5017.2	144.5	0.46	0.0	0.01	0.0	4	5298	-2595.5	-492.9	0.27	5017.23	1
392.57	0	5023.6	144.8	0.46	0.0	0.01	0.0	4	5310	-2598.3	-487.2	0.04	5023.62	1
392.69	0	5028.7	145.1	0.46	0.0	0.01	0.0	4	5318	-2600.5	-482.6	-0.13	5028.7	1
392.82	0	5033.8	145.3	0.43	0.0	-0.02	0.0	4	5321	-2602.7	-478.0	-0.3	5033.84	1
392.95	0	5038.9	145.4	0.36	0.0	-0.02	0.0	4	5295	-2604.9	-473.4	-0.47	5038.92	1
393.1	0	5045.3	145.3	0.35	0.0	-0.0	0.0	4	5296	-2607.7	-467.7	-0.69	5045.27	1
393.23	0	5050.3	145.1	0.3	0.0	0.0	0.0	4	5274	-2609.8	-463.2	-0.89	5050.28	1
393.36	0	5055.4	144.8	0.21	0.0	0.04	0.0	4	5235	-2612.1	-458.5	-1.09	5055.43	1
393.48	0	5060.4	144.3	0.21	0.0	0.01	0.0	4	5210	-2614.2	-454.0	-1.28	5060.43	1
393.61	0	5065.4	143.8	0.2	0.0	0.0	0.0	4	5192	-2616.4	-449.5	-1.44	5065.44	1
393.76	0	5071.7	142.9	0.0	0.0	0.0	0.0	4	5108	-2619.2	-443.8	-1.63	5071.74	1
393.89	0	5076.7	141.8	0.0	0.0	-0.02	0.0	4	5062	-2621.4	-439.4	-1.77	5076.69	1
394.02	0	5081.6	140.7	0.0	0.0	-0.02	0.0	4	5032	-2623.5	-434.9	-1.9	5081.64	1
394.14	0	5086.5	139.7	0.0	0.0	-0.04	0.0	4	4971	-2625.7	-430.6	-2.03	5086.54	1
394.3	0	5092.7	138.3	0.0	0.0	-0.09	0.0	4	4943	-2628.3	-425.1	-2.14	5092.67	1
394.42	0	5097.5	137.6	0.21	0.0	-0.09	0.0	4	4979	-2630.4	-420.7	-2.21	5097.47	1
394.55	0	5102.4	137.1	0.23	0.0	-0.02	0.0	4	4959	-2632.3	-416.3	-2.21	5102.42	1
394.68	0	5107.3	136.7	0.25	0.0	-0.0	0.0	4	4952	-2634.2	-411.9	-2.07	5107.32	1
394.81	0	5112.3	136.3	0.25	0.0	0.02	0.0	4	4935	-2636.1	-407.3	-1.84	5112.28	1
394.96	0	5117.9	135.9	0.25	0.0	0.02	0.0	4	4916	-2638.2	-402.1	-1.57	5117.93	1
395.08	0	5122.7	135.6	0.32	0.0	0.0	0.0	4	4922	-2639.9	-397.6	-1.35	5122.69	1
395.21	0	5127.4	135.5	0.38	0.0	0.0	0.0	4	4937	-2641.7	-393.3	-1.12	5127.39	1
395.33	0	5132.1	135.5	0.41	0.0	0.0	0.0	4	4948	-2643.4	-388.9	-0.89	5132.12	1
395.49	0	5138.0	135.6	0.41	0.0	0.0	0.0	4	4954	-2645.6	-383.4	-0.58	5137.99	1
395.61	0	5142.7	135.8	0.41	0.0	0.0	0.0	4	4959	-2647.4	-379.0	-0.33	5142.71	1
395.74	0	5147.5	135.9	0.41	0.0	0.0	0.0	4	4964	-2649.2	-374.6	-0.06	5147.54	1
395.87	0	5152.3	136.0	0.41	0.0	0.0	0.0	4	4967	-2651.0	-370.2	0.2	5152.27	1
396.0	0	5157.2	136.1	0.41	0.0	0.0	0.0	4	4972	-2652.9	-365.6	0.48	5157.17	1
396.15	0	5162.9	136.2	0.41	0.0	-0.02	0.0	4	4977	-2655.1	-360.3	0.82	5162.95	1
396.28	0	5167.7	136.3	0.41	0.0	-0.06	0.0	4	4981	-2656.9	-355.9	1.09	5167.7	1
396.4	0	5172.4	136.4	0.42	0.0	-0.06	0.0	4	4989	-2658.7	-351.5	1.33	5172.42	1
396.53	0	5177.2	136.5	0.43	0.0	-0.06	0.0	4	5006	-2660.4	-347.1	1.53	5177.16	1
396.69	0	5183.2	136.7	0.43	0.0	-0.06	0.0	4	4992	-2662.5	-341.5	1.69	5183.17	1
396.81	0	5187.9	136.8	0.43	0.0	-0.05	0.0	4	5008	-2664.1	-337.0	1.73	5187.89	1
396.93	0	5192.7	136.9	0.43	0.0	-0.02	0.0	4	5015	-2665.6	-332.5	1.71	5192.65	1
397.06	0	5197.4	137.1	0.43	0.0	-0.0	0.0	4	5016	-2667.1	-328.0	1.63	5197.42	1
397.19	0	5202.3	137.3	0.43	0.0	0.0	0.0	4	5020	-2668.6	-323.3	1.51	5202.29	1
397.34	0	5208.1	137.4	0.44	0.0	0.0	0.0	4	5028	-2670.3	-317.7	1.34	5208.13	1
397.47	0	5212.9	137.6	0.45	0.0	0.0	0.0	4	5041	-2671.7	-313.1	1.19	5212.93	1
397.59	0	5217.8	137.9	0.47	0.0	0.0	0.0	4	5055	-2673.1	-308.5	1.04	5217.75	1
397.72	0	5222.5	138.2	0.47	0.0	0.0	0.0	4	5065	-2674.6	-304.0	0.9	5222.53	1
397.87	0	5228.6	138.5	0.47	0.0	0.0	0.0	4	5078	-2676.3	-298.2	0.72	5228.55	1
398.0	0	5233.3	138.8	0.47	0.0	0.0	0.0	4	5089	-2677.8	-293.7	0.6	5233.33	1
398.12	0	5238.1	139.1	0.47	0.0	0.0	0.0	4	5099	-2679.2	-289.1	0.47	5238.13	1
398.25	0	5242.9	139.3	0.47	0.0	0.0	0.0	4	5109	-2680.7	-284.5	0.36	5242.9	1
398.37	0	5247.7	139.5	0.47	0.0	0.0	0.0	4	5167	-2682.1	-279.9	0.26	5247.74	1
398.52	0	5253.7	139.9	0.4	0.0	0.06	0.0	4	5102	-2683.9	-274.3	0.14	5253.68	1
398.65	0	5258.5	139.8	0.36	0.0	0.08	0.0	4	5132	-2685.4	-269.7	0.09	5258.47	1
398.77	0	5263.3	139.8	0.36	0.0	0.07	0.0	4	5094	-2687.0	-265.2	0.09	5263.27	1
398.89	0	5268.0	139.7	0.36	0.0	0.08	0.0	4	5099	-2688.6	-260.7	0.16	5268.02	1
399.05	0	5274.0	139.5	0.34	0.0	0.1	0.0	4	5091	-2690.8	-255.1	0.35	5274.02	1
399.17	0	5278.7	139.3	0.23	0.0	0.01	0.0	4	5046	-2692.5	-250.7	0.63	5278.72	1
399.29	0	5283.5	138.5	0.0	0.0	0.0	0.0	4	4938	-2694.4	-246.3	0.98	5283.54	1
399.42	0	5288.2	137.4	0.0	0.0	-0.04	0.0	4	4904	-2696.3	-242.0	1.34	5288.24	1
399.54	0	5292.9	136.4	0.0	0.0	-0.04	0.0	4	4869	-2698.2	-237.7	1.72	5292.88	1
399.7	0	5298.9	135.1	0.0	0.0	-0.02	0.0	4	4822	-2700.6	-232.3	1.61	5298.93	1
399.82	0	5303.4	134.1	0.0	0.0	0.0	0.0	4	4792	-2702.4	-228.1	1.77	5303.39	1
399.94	0	5308.0	133.1	0.0	0.0	0.0	0.0	4	4748	-2704.2	-223.9	1.9	5307.97	1
400.06	0	5312.5	132.1	0.0	0.0	0.06	0.0	4	4717	-2705.9	-219.8	1.98	5312.49	1
400.19	0	5317.4	131.1	0.0	0.0	0.07	0.0	4	4689	-2707.7	-215.6	2.03	5317.35	1
400.34	0	5322.8	129.9	0.0	0.0	0.05	0.0	4	4631	-2709.9	-210.5	1.45	5322.84	1
400.46	0	5327.2	128.9	0.0	0.0	0.05	0.0	4	4603	-2711.7	-206.5	1.08	5327.23	1
400.59	0	5331.6	127.9	0.0	0.0	0.06	0.0	4	4569	-2713.6	-202.5	0.79	5331.63	1
400.71	0	5335.9	127.0	0.0	0.0	0.06	0.0	4	4526	-2715.5	-198.6	0.58	5335.92	1
400.87	0	5341.3	125.7	0.0	0.0	0.1	0.0	4	4490	-2718.0	-193.8	0.67	5341.34	1
400.98	0	5345.6	124.8	0.0	0.0	0.1	0.0	4	4458	-2720.0	-190.1	0.79	5345.6	1
401.11	0	5349.8	123.8	0.0	0.0	0.01	0.0	4	4427	-2722.1	-186.5	0.58	5349.77	1
401.23	0	5354.0	122.9	0.0	0.0	0.01	0.0	4	4376	-2724.2	-182.9	0.32	5354.0	1
401.35	0	5358.0	122.0	0.0	0.0	0.01	0.0	4	4357	-2726.3	-179.4	0.05	5358.05	1
401.5	0	5363.3	120.9	0.0	0.0	0.1	0.0	4	4321	-2729.0	-174.9	-0.24	5363.27	1
401.62	0	5367.3	120.0	0.0	0.0	0.1	0.0	4	4286	-2731.2	-171.6	-0.4	5367.26	1
401.74	0	5371.2	119.2	0.19	0.0	0.1	0.0	4	4298	-2733.4	-168.2	-0.5	5371.24	1
401.86	0	5375.2	118.8	0.23	0.0	0.12	0.0	4	4293	-2735.7	-165.0	-0.84	5375.16	1
401.98	0	5379.2	118.4	0.27	0.0	0.12	0.0	4	4294	-2738.1	-161.8	-1.1	5379.16	1
402.13	0	5384.0	118.0	0.32	0.0	0.05	0.0	4	4286	-2741.1	-157.9	-1.28	5384.04	1
402.25	0	5388.0	117.8	0.34	0.0	0.01	0.0	4	4281	-2743.6	-154.9	-1.32	5388.0	1
402.38	0	5391.9	117.7	0.36	0.0	0.01	0.0	4	4281	-2746.1	-151.8	-1.32	5391.93	1
402.5	0	5395.9	117.7	0.36	0.0	0.01	0.0	4	4276	-2748.7	-148.9	-1.33	5395.89	1
402.65	0	5400.9	117.7	0.41	0.0	0.01	0.0	4	4289	-2752.1	-145.1	-1.31	5400.92	1
402.77	0	5404.9	117.8	0.41	0.0	0.01	0.0	4	4291	-2754.7	-142.1	-1.28	5404.86	1
402.89	0	5408.9	117.8	0.41	0.0	0.09	0.0	4	4293	-2757.4	-139.2	-1.23	5408.86	1
403.01	0	5412.7	117.9	0.43	0.0	0.1	0.0	4	4312	-2760.0	-136.3	-1.31	5412.69	1
403.13	0	5416.6	117.9	0.43	0.0	0.14	0.0	4	4310	-2762.7	-133.4	-1.46	5416.6	1
403.29	0	5421.6	117.9	0.43	0.0	0.18	0.0	4	4314	-2766.3	-129.9	-1.52	5421.65	1
403.4	0	5425.5	117.8	0.43	0.0	0.13	0.0	4	4322	-2769.1	-127.2	-1.43	5425.5	1
403.52	0	5429.4	117.8	0.43	0.0	0.08	0.0	4	4313	-2772.0	-124.6	-1.22	5429.41	1
403.64	0	5433.2	117.8	0.43	0.0	0.02	0.0	4	4304	-2775.0	-122.2	-1.13	5433.19	1
403.76	0	5437.0	117.8	0.43	0.0	0.01	0.0	4	4304	-2778.0	-119.8	-1.04	5437.02	1
403.91	0	5442.0	117.9	0.44	0.0	0.14	0.0	4	4306	-2782.0	-116.8	-0.8	5442.05	1
404.03	0	5445.9	117.9	0.43	0.0	0.14	0.0	4	4306	-2785.2	-114.5	-0.53	5445.9	1
404.15	0	5449.9	117.9	0.43	0.0	0.09	0.0	4	4316	-2788.5	-112.3	-0.16	5449.87	1
404.27	0	5453.7	118.0	0.43	0.0	0.01	0.0	4	4311	-2791.7	-110.2	-0.07	5453.69	1
404.39	0	5457.6	118.1	0.45	0.0	0.01	0.0	4	4316	-2795.0	-108.1	0.08	5457.59	1
404.54	0	5462.6	118.3	0.47	0.0	0.01	0.0	4	4319	-2799.3	-105.6	0.33	5462.57	1
404.66	0	5466.5	118.5	0.47	0.0	0.01	0.0	4	4330	-2802.7	-103.6	0.56	5466.46	1
404.78	0	5470.4	118.7	0.51	0.0	0.0	0.0	4	4346	-2806.0	-101.7	0.77	5470.35	1
404.9	0	5474.2	119.0	0.51	0.0	-0.02	0.0	4	4358	-2809.4	-99.8	0.98	5474.24	1
405.02	0	5478.2	119.3	0.51	0.0	-0.02	0.0	4	4367	-2812.9	-97.8	1.21	5478.25	1
405.16	0	5483.1	119.7	0.52	0.0	0.01	0.0	4	4388	-2817.2	-95.3	1.52	5483.14	1
405.28	0	5487.2	120.1	0.55	0.0	0.01	0.0	4	4403	-2820.6	-93.4	1.62	5487.23	1
405.4	0	5491.2	120.5	0.55	0.0	0.01	0.0	4	4419	-2824.1	-91.4	1.57	5491.2	1
405.52	0	5495.2	120.9	0.57	0.0	0.04	0.0	4	4443	-2827.5	-89.5	1.49	5495.18	1
405.67	0	5500.3	121.4	0.57	0.0	0.12	0.0	4	4468	-2832.0	-87.0	1.32	5500.33	1
405.79	0	5504.3	121.8	0.57	0.0	0.14	0.0	4	4485	-2835.5	-85.1	1.19	5504.31	1
405.91	0	5508.3	122.2	0.57	0.0	0.06	0.0	4	4512	-2839.1	-83.3	1.13	5508.31	1
406.03	0	5512.4	122.7	0.57	0.0	0.01	0.0	4	4521	-2842.7	-81.5	1.13	5512.37	1
406.14	0	5516.4	123.1	0.57	0.0	0.01	0.0	4	4526	-2846.3	-79.8	1.12	5516.37	1
406.3	0	5521.6	123.7	0.57	0.0	0.01	0.0	4	4555	-2851.1	-77.7	1.12	5521.61	1
406.41	0	5525.7	124.2	0.57	0.0	-0.0	0.0	4	4569	-2854.8	-76.0	1.11	5525.67	1
406.53	0	5529.8	124.6	0.57	0.0	0.06	0.0	4	4584	-2858.5	-74.4	1.1	5529.77	1
406.65	0	5533.8	125.1	0.57	0.0	0.06	0.0	4	4608	-2862.3	-72.8	1.14	5533.84	1
406.77	0	5537.9	125.6	0.57	0.0	0.01	0.0	4	4623	-2866.0	-71.3	1.2	5537.89	1
406.92	0	5543.2	126.2	0.57	0.0	0.0	0.0	4	4647	-2871.0	-69.3	1.31	5543.21	1
407.04	0	5547.4	126.7	0.57	0.0	-0.01	0.0	4	4658	-2874.8	-67.7	1.42	5547.39	1
407.16	0	5551.6	127.2	0.57	0.0	-0.01	0.0	4	4689	-2878.8	-66.2	1.55	5551.6	1
407.27	0	5555.7	127.7	0.57	0.0	-0.04	0.0	4	4701	-2882.6	-64.7	1.67	5555.75	1
407.39	0	5560.0	128.2	0.54	0.0	-0.06	0.0	4	4712	-2886.6	-63.1	1.78	5560.0	1
407.54	0	5565.3	128.5	0.46	0.0	-0.02	0.0	4	4704	-2891.5	-61.1	1.88	5565.35	1
407.66	0	5569.4	128.7	0.42	0.0	-0.02	0.0	4	4700	-2895.3	-59.5	1.92	5569.44	1
407.77	0	5573.6	128.8	0.42	0.0	-0.02	0.0	4	4703	-2899.1	-57.9	1.92	5573.58	1
407.89	0	5577.7	128.9	0.4	0.0	-0.02	0.0	4	4700	-2902.9	-56.2	1.9	5577.68	1
408.0	0	5581.8	128.9	0.38	0.0	-0.02	0.0	4	4695	-2906.6	-54.6	1.86	5581.8	1
408.15	0	5587.2	128.8	0.3	0.0	0.01	0.0	4	4674	-2911.5	-52.4	1.77	5587.17	1
408.27	0	5591.3	128.6	0.27	0.0	0.01	0.0	4	4655	-2915.3	-50.7	1.66	5591.31	1
408.39	0	5595.5	128.3	0.27	0.0	0.01	0.0	4	4646	-2919.1	-49.0	1.55	5595.47	1
408.5	0	5599.6	128.1	0.27	0.0	0.01	0.0	4	4635	-2922.8	-47.3	1.44	5599.57	1
408.62	0	5603.7	127.8	0.27	0.0	0.01	0.0	4	4629	-2926.6	-45.6	1.33	5603.74	1
408.76	0	5608.9	127.5	0.27	0.0	-0.06	0.0	4	4612	-2931.4	-43.5	1.23	5608.88	1
408.88	0	5613.0	127.2	0.21	0.0	-0.09	0.0	4	4597	-2935.1	-41.8	1.25	5612.98	1
409.0	0	5617.1	126.5	0.0	0.0	-0.16	0.0	4	4520	-2938.8	-40.0	1.25	5617.08	1
409.11	0	5621.1	125.4	0.0	0.0	-0.26	0.0	4	4485	-2942.4	-38.3	1.19	5621.1	1
409.26	0	5626.2	123.9	0.0	0.0	-0.3	0.0	4	4432	-2947.0	-35.8	1.01	5626.22	1
409.38	0	5630.1	122.7	0.0	0.0	-0.3	0.0	4	4382	-2950.4	-33.9	0.78	5630.1	1
409.49	0	5634.0	121.4	0.0	0.0	-0.34	0.0	4	4332	-2953.7	-31.8	0.54	5634.02	1
409.61	0	5637.8	119.8	0.0	0.0	-0.57	0.0	4	4276	-2956.9	-29.5	0.42	5637.83	1
409.72	0	5641.7	118.2	0.0	0.0	-0.5	0.0	4	4214	-2959.9	-27.2	0.4	5641.72	1
409.87	0	5646.5	116.2	0.0	0.0	-0.53	0.0	4	4132	-2963.6	-24.0	0.67	5646.49	1
409.99	0	5650.0	114.5	0.0	0.0	-0.75	0.0	4	4072	-2966.3	-21.6	0.93	5650.01	1
410.1	0	5653.7	112.7	0.16	0.0	-0.85	0.0	4	4030	-2968.9	-18.9	1.38	5653.67	1
410.22	0	5657.1	111.1	0.17	0.0	-0.92	0.0	4	4019	-2971.2	-16.2	1.79	5657.1	1
410.33	0	5660.6	109.5	0.16	0.0	-1.0	0.0	4	3978	-2973.5	-13.5	2.19	5660.61	1
410.48	0	5664.9	107.4	0.0	0.0	-1.0	0.0	4	3834	-2976.1	-9.8	2.76	5664.9	1
410.6	0	5668.0	105.7	0.0	0.0	-1.0	0.0	4	3740	-2978.0	-7.0	3.12	5668.04	1
410.71	0	5671.4	103.9	0.0	0.0	-1.0	0.0	4	3713	-2979.7	-4.1	3.53	5671.38	1
410.83	0	5674.2	102.6	0.0	0.0	-1.0	0.0	4	3621	-2981.2	-1.1	3.89	5674.23	1
410.95	0	5677.4	100.9	0.0	0.0	-1.0	0.0	4	3636	-2982.6	1.8	4.43	5677.42	1
411.1	0	5681.1	98.9	0.0	0.0	-1.0	0.0	4	3555	-2984.2	5.7	5.08	5681.11	1
411.21	0	5684.2	97.3	0.0	0.0	-1.0	0.0	4	3488	-2985.2	8.7	5.57	5684.2	1
411.33	0	5687.3	95.8	0.0	0.0	-1.0	0.0	4	3426	-2986.1	11.6	5.89	5687.3	1
411.44	0	5690.3	94.2	0.0	0.0	-1.0	0.0	4	3372	-2986.8	14.6	6.02	5690.32	1
411.56	0	5692.3	92.8	0.0	0.0	-1.0	0.0	4	3305	-2987.4	17.5	6.23	5692.3	1
411.71	0	5696.1	90.5	0.0	0.0	-1.0	0.0	4	3249	-2987.9	21.3	6.62	5696.11	1
411.82	0	5698.3	89.0	0.0	0.0	-1.0	0.0	4	3191	-2988.0	24.2	6.79	5698.35	1
411.94	0	5701.2	87.6	0.0	0.0	-1.0	0.0	4	3138	-2988.1	27.0	7.03	5701.18	1
412.06	0	5704.0	86.0	0.0	0.0	-1.0	0.0	4	3096	-2988.0	29.8	7.1	5703.99	1
412.17	0	5706.3	84.5	0.0	0.0	-1.0	0.0	4	3044	-2987.7	32.5	7.15	5706.28	1
412.32	0	5709.7	82.7	0.0	0.0	-1.0	0.0	4	2981	-2987.1	36.0	6.96	5709.74	1
412.44	0	5710.9	81.3	0.0	0.0	-1.0	0.0	4	2934	-2986.5	38.5	7.0	5710.86	1
412.55	0	5713.4	79.8	0.0	0.0	-1.0	0.0	4	2881	-2985.8	41.0	7.15	5713.45	1
412.67	0	5716.0	78.4	0.0	0.0	-1.0	0.0	4	2832	-2984.9	43.4	7.14	5716.0	1
412.79	0	5717.8	76.9	0.0	0.0	-1.0	0.0	4	2779	-2983.9	45.7	7.13	5717.8	1
412.93	0	5720.9	75.2	0.0	0.0	-0.76	0.0	4	2717	-2982.5	48.5	7.04	5720.89	1
413.05	0	5723.3	74.2	0.0	0.0	-0.45	0.0	4	2680	-2981.2	50.5	6.8	5723.28	1
413.17	0	5725.1	73.4	0.0	0.0	-0.31	0.0	4	2633	-2979.8	52.5	6.59	5725.06	1
413.28	0	5727.4	72.8	0.0	0.0	-0.19	0.0	4	2612	-2978.4	54.3	6.27	5727.38	1
413.43	0	5729.8	72.0	0.0	0.0	-0.05	0.0	4	2593	-2976.4	56.6	5.8	5729.75	1
413.55	0	5732.0	71.6	0.21	0.0	0.0	0.0	4	2577	-2974.8	58.2	5.56	5731.97	1
413.66	0	5734.3	71.4	0.21	0.0	0.02	0.0	4	2567	-2973.1	59.9	5.28	5734.28	1
413.78	0	5736.4	71.1	0.21	0.0	-0.03	0.0	4	2557	-2971.5	61.5	5.0	5736.42	1
413.89	0	5738.7	70.8	0.25	0.0	-0.23	0.0	4	2553	-2969.9	63.1	4.75	5738.67	1
414.04	0	5741.5	70.4	0.25	0.0	-0.23	0.0	4	2543	-2967.8	65.0	4.35	5741.45	1
414.15	0	5743.1	70.1	0.25	0.0	-0.24	0.0	4	2533	-2966.1	66.4	4.13	5743.15	1
414.27	0	5745.4	69.7	0.16	0.0	-0.24	0.0	4	2514	-2964.3	67.8	3.95	5745.41	1
414.39	0	5747.6	69.2	0.0	0.0	-0.24	0.0	4	2488	-2962.5	69.2	3.67	5747.63	1
414.5	0	5749.2	68.6	0.0	0.0	-0.24	0.0	4	2471	-2960.7	70.4	3.5	5749.18	1
414.65	0	5752.0	68.2	0.25	0.0	0.0	0.0	4	2451	-2958.3	72.0	3.52	5752.04	1
414.77	0	5754.2	68.0	0.27	0.0	-0.0	0.0	4	2449	-2956.4	73.1	3.5	5754.22	1
414.89	0	5756.8	67.8	0.28	0.0	-0.16	0.0	4	2443	-2954.5	74.3	3.37	5756.75	1
415.0	0	5758.9	67.5	0.28	0.0	-0.07	0.0	4	2435	-2952.6	75.4	3.09	5758.93	1
415.12	0	5761.1	67.4	0.3	0.0	-0.0	0.0	4	2428	-2950.7	76.4	2.79	5761.08	1
415.27	0	5763.8	67.1	0.32	0.0	0.0	0.0	4	2422	-2948.3	77.8	2.42	5763.75	1
415.39	0	5765.9	67.0	0.32	0.0	-0.0	0.0	4	2415	-2946.3	78.9	2.18	5765.93	1
415.5	0	5767.8	66.8	0.32	0.0	-0.03	0.0	4	2411	-2944.4	79.9	2.14	5767.8	1
415.62	0	5770.0	66.7	0.32	0.0	-0.16	0.0	4	2407	-2942.5	80.9	2.21	5769.96	1
415.74	0	5772.1	66.4	0.29	0.0	-0.23	0.0	4	2400	-2940.6	82.0	2.28	5772.07	1
415.89	0	5774.7	66.1	0.29	0.0	-0.1	0.0	4	2387	-2938.1	83.2	2.33	5774.75	1
416.0	0	5777.0	66.0	0.32	0.0	0.0	0.0	4	2380	-2936.2	84.0	2.36	5777.0	1
416.12	0	5779.2	65.8	0.32	0.0	0.02	0.0	4	2374	-2934.2	84.9	2.27	5779.23	1
416.24	0	5781.3	65.7	0.32	0.0	-0.0	0.0	4	2369	-2932.3	85.8	2.15	5781.3	1
416.39	0	5784.0	65.5	0.33	0.0	-0.07	0.0	4	2363	-2929.8	86.9	2.01	5784.02	1
416.5	0	5786.1	65.4	0.33	0.0	-0.0	0.0	4	2358	-2927.9	87.7	1.89	5786.13	1
416.62	0	5788.2	65.2	0.33	0.0	0.0	0.0	4	2352	-2925.9	88.6	1.79	5788.23	1
416.74	0	5790.3	65.0	0.33	0.0	0.0	0.0	4	2360	-2923.9	89.4	1.73	5790.34	1
416.88	0	5793.0	64.8	0.33	0.0	0.0	0.0	4	2379	-2921.6	90.4	1.58	5792.98	1
417.04	0	5795.7	64.7	0.33	0.0	0.02	0.0	4	2362	-2919.0	91.5	1.41	5795.72	1
417.15	0	5797.8	64.4	0.33	0.0	0.02	0.0	4	2391	-2917.1	92.3	1.29	5797.79	1
417.27	0	5799.9	64.4	0.33	0.0	0.02	0.0	4	2336	-2915.2	93.2	1.16	5799.92	1
417.39	0	5802.0	64.2	0.33	0.0	-0.0	0.0	4	2366	-2913.3	94.0	1.04	5801.99	1
417.5	0	5804.0	64.0	0.28	0.0	-0.02	0.0	4	2382	-2911.4	94.8	0.91	5804.05	1
417.65	0	5806.8	63.7	0.21	0.0	-0.02	0.0	4	2370	-2908.9	95.9	0.75	5806.76	1
417.77	0	5808.8	63.5	0.2	0.0	-0.03	0.0	4	2347	-2907.0	96.7	0.63	5808.8	1
417.89	0	5810.9	63.3	0.2	0.0	-0.03	0.0	4	2321	-2905.1	97.5	0.51	5810.89	1
418.01	0	5812.9	63.1	0.16	0.0	-0.04	0.0	4	2291	-2903.2	98.3	0.38	5812.93	1
418.12	0	5815.0	62.9	0.0	0.0	-0.04	0.0	4	2198	-2901.3	99.1	0.26	5814.97	1
418.28	0	5817.8	62.6	0.0	0.0	-0.03	0.0	4	2062	-2898.7	100.2	0.08	5817.77	1
418.4	0	5819.8	62.4	0.0	0.0	-0.02	0.0	4	1969	-2896.9	101.0	-0.04	5819.8	1
418.52	0	5821.8	62.2	0.0	0.0	-0.0	0.0	4	1880	-2895.0	101.8	-0.17	5821.83	1
418.64	0	5823.8	62.0	0.0	0.0	-0.0	0.0	4	1796	-2893.2	102.6	-0.29	5823.84	1
418.75	0	5825.8	61.8	0.0	0.0	-0.0	0.0	4	1715	-2891.3	103.4	-0.41	5825.84	1
418.9	0	5828.4	60.3	0.0	0.0	-0.0	0.0	4	2168	-2888.9	104.4	-0.64	5828.4	1
419.02	0	5830.3	60.1	0.0	0.0	0.0	0.0	4	2104	-2887.1	105.1	-0.84	5830.31	1
419.14	0	5832.3	59.9	0.0	0.0	0.0	0.0	4	2007	-2885.3	105.8	-1.05	5832.29	1
419.25	0	5834.2	59.7	0.0	0.0	0.0	0.0	4	1917	-2883.5	106.4	-1.25	5834.21	1
419.37	0	5836.1	59.5	0.0	0.0	0.0	0.0	4	1831	-2881.7	107.1	-1.45	5836.13	1
419.52	0	5838.6	59.2	0.0	0.0	0.0	0.0	4	1725	-2879.3	108.0	-1.71	5838.6	1
419.64	0	5840.5	59.0	0.0	0.0	0.0	0.0	4	1648	-2877.5	108.7	-1.9	5840.5	1
419.76	0	5842.4	58.8	0.0	0.0	0.0	0.0	4	1573	-2875.7	109.4	-2.1	5842.42	1
419.87	0	5844.3	58.6	0.0	0.0	0.0	0.0	4	1503	-2874.0	110.0	-2.3	5844.31	1
419.99	0	5846.3	58.4	0.0	0.0	0.0	0.0	4	1433	-2872.1	110.7	-2.51	5846.26	1
420.14	0	5848.6	58.2	0.0	0.0	0.0	0.0	4	1352	-2869.9	111.6	-2.76	5848.64	1
420.26	0	5850.5	58.0	0.0	0.0	0.0	0.0	4	1290	-2868.1	112.3	-2.96	5850.54	1
420.38	0	5852.4	57.8	0.0	0.0	0.0	0.0	4	1232	-2866.3	112.9	-3.16	5852.42	1
420.49	0	5854.3	57.6	0.0	0.0	0.0	0.0	4	1177	-2864.6	113.6	-3.36	5854.27	1
420.64	0	5856.7	57.3	0.0	0.0	0.0	0.0	4	1109	-2862.3	114.5	-3.61	5856.66	1
420.76	0	5858.5	56.1	0.0	0.0	0.0	0.0	4	1622	-2860.6	115.1	-3.8	5858.49	1
420.88	0	5860.3	55.0	0.0	0.0	0.0	0.0	4	1958	-2858.9	115.8	-4.0	5860.31	1
421.0	0	5862.1	54.8	0.0	0.0	0.0	0.0	4	1870	-2857.3	116.4	-4.21	5862.08	1
421.11	0	5863.8	54.6	0.0	0.0	0.0	0.0	4	1786	-2855.6	117.0	-4.41	5863.85	1
421.27	0	5866.1	54.4	0.0	0.0	0.0	0.0	4	1682	-2853.4	117.8	-4.68	5866.14	1
421.38	0	5867.9	54.2	0.0	0.0	0.0	0.0	4	1605	-2851.8	118.4	-4.89	5867.9	1
421.5	0	5869.7	54.0	0.0	0.0	0.0	0.0	4	1533	-2850.1	119.0	-5.09	5869.66	1
421.62	0	5871.4	53.8	0.0	0.0	0.0	0.0	4	1463	-2848.4	119.6	-5.3	5871.4	1
421.73	0	5873.1	53.6	0.0	0.0	0.0	0.0	4	1398	-2846.8	120.2	-5.5	5873.12	1
421.88	0	5875.3	53.4	0.0	0.0	0.0	0.0	4	1318	-2844.7	121.0	-5.75	5875.34	1
422.0	0	5877.1	53.2	0.0	0.0	0.0	0.0	4	1257	-2843.1	121.6	-5.96	5877.08	1
422.12	0	5878.8	53.0	0.0	0.0	0.0	0.0	4	1200	-2841.4	122.2	-6.16	5878.82	1
422.24	0	5880.5	52.4	0.0	0.0	0.0	0.0	4	1350	-2839.8	122.8	-6.36	5880.54	1
422.39	0	5882.7	51.1	0.0	0.0	0.0	0.0	4	1790	-2837.8	123.5	-6.62	5882.65	1
422.51	0	5884.3	50.7	0.0	0.0	0.0	0.0	4	1816	-2836.2	124.1	-6.83	5884.29	1
422.62	0	5885.9	50.4	0.0	0.0	0.0	0.0	4	1812	-2834.7	124.6	-7.04	5885.88	1
422.74	0	5887.5	50.2	0.0	0.0	0.0	0.0	4	1736	-2833.1	125.2	-7.26	5887.52	1
422.86	0	5889.2	49.8	0.0	0.0	0.0	0.0	4	1759	-2831.6	125.7	-7.46	5889.2	1
423.01	0	5891.3	49.4	0.0	0.0	0.0	0.0	4	1733	-2829.6	126.4	-7.72	5891.3	1
423.16	0	5893.3	49.1	0.0	0.0	0.0	0.0	4	1713	-2827.7	127.1	-7.96	5893.32	1
423.28	0	5894.9	48.9	0.0	0.0	0.0	0.0	4	1634	-2826.2	127.7	-8.16	5894.93	1
423.37	0	5896.1	48.5	0.0	0.0	0.0	0.0	4	1690	-2825.1	128.1	-8.3	5896.1	1
423.47	0	5897.4	48.2	0.0	0.0	0.0	0.0	4	1720	-2823.8	128.5	-8.46	5897.43	1
423.57	0	5898.7	47.9	0.0	0.0	0.0	0.0	4	1714	-2822.5	129.0	-8.63	5898.68	1
423.67	0	5900.0	47.7	0.0	0.0	0.0	0.0	4	1683	-2821.3	129.4	-8.8	5899.99	1
423.78	0	5901.5	47.4	0.0	0.0	0.0	0.0	4	1697	-2819.8	130.0	-9.01	5901.52	0
423.9	0	5903.1	47.2	0.0	0.0	0.0	0.0	4	1627	-2818.4	130.5	-9.19	5903.11	0
424.0	0	5904.4	47.1	0.0	0.0	0.0	0.0	4	1564	-2817.2	130.9	-9.35	5904.41	0
424.1	0	5905.7	46.9	0.0	0.0	0.0	0.0	4	1503	-2816.0	131.4	-9.51	5905.71	0
424.2	0	5907.0	46.3	0.0	0.0	0.0	0.0	4	1664	-2814.7	131.8	-9.66	5907.0	0
424.3	0	5908.3	46.1	0.0	0.0	0.0	0.0	4	1652	-2813.5	132.2	-9.81	5908.27	0
424.4	0	5909.5	45.9	0.0	0.0	0.0	0.0	4	1593	-2812.3	132.7	-9.95	5909.54	0
424.5	0	5910.9	45.8	0.0	0.0	0.0	0.0	4	1531	-2811.1	133.1	-10.09	5910.89	0
424.6	0	5912.2	45.3	0.0	0.0	0.0	0.0	4	1628	-2809.9	133.6	-10.22	5912.17	0
424.7	0	5913.4	45.1	0.0	0.0	0.0	0.0	4	1617	-2808.8	134.0	-10.35	5913.42	0
424.8	0	5914.6	44.8	0.0	0.0	0.0	0.0	4	1607	-2807.6	134.4	-10.49	5914.57	0
424.9	0	5915.8	44.6	0.0	0.0	0.0	0.0	4	1599	-2806.4	134.9	-10.63	5915.8	0
425.0	0	5917.0	44.4	0.0	0.0	0.0	0.0	4	1591	-2805.3	135.3	-10.76	5917.03	0
425.1	0	5918.3	44.1	0.0	0.0	0.0	0.0	4	1582	-2804.1	135.7	-10.9	5918.25	0
425.2	0	5919.5	43.9	0.0	0.0	0.0	0.0	4	1573	-2803.0	136.2	-11.03	5919.46	0
425.33	0	5921.0	43.6	0.0	0.0	0.0	0.0	4	1562	-2801.5	136.7	-11.2	5921.0	0
425.4	0	5921.9	43.4	0.0	0.0	0.0	0.0	4	1556	-2800.7	137.0	-11.3	5921.89	0
425.5	0	5923.0	43.1	0.0	0.0	0.0	0.0	4	1547	-2799.6	137.4	-11.44	5923.01	0
425.6	0	5924.2	42.9	0.0	0.0	0.0	0.0	4	1539	-2798.4	137.9	-11.57	5924.2	0
425.7	0	5925.6	42.7	0.0	0.0	0.0	0.0	4	1531	-2797.3	138.3	-11.69	5925.62	0
425.8	0	5926.6	42.4	0.0	0.0	0.0	0.0	4	1522	-2796.2	138.7	-11.8	5926.62	0
