# watglen_racer telemetry — Lotus 49 @ watglen
# t	lap	lapdist	kmh	thr	brk	steer	clu	gear	rpm	x	z	lat	along	ontrack
0.16	0	0.0	0.0	0.0	0.0	0.0	0.0	1	1954	-50.2	762.7	0.0	0.0	1
0.29	0	0.0	0.0	0.0	0.0	0.0	0.0	1	1953	-50.2	762.7	0.0	0.0	1
0.39	0	0.0	0.0	0.0	0.0	0.0	0.0	1	1953	-50.2	762.7	0.0	0.0	1
0.49	0	0.0	0.0	0.0	0.0	0.0	0.0	1	1953	-50.2	762.7	0.0	0.0	1
0.59	0	0.0	0.0	0.0	0.0	0.0	0.0	1	1953	-50.2	762.7	0.0	0.0	1
0.69	0	0.0	0.0	0.0	0.0	0.0	0.0	1	1953	-50.2	762.7	0.0	0.0	1
0.79	0	0.0	0.0	0.0	0.0	0.0	0.0	1	1953	-50.2	762.7	0.0	0.0	1
0.89	0	0.0	0.0	0.0	0.0	0.0	0.0	1	1953	-50.2	762.7	0.0	0.0	1
0.99	0	0.0	0.0	0.0	0.0	0.0	0.0	1	1953	-50.2	762.7	0.0	0.0	1
1.09	0	0.0	0.0	0.0	0.0	0.0	0.0	1	1953	-50.2	762.7	0.0	0.0	1
1.21	0	0.0	0.0	0.0	0.0	0.0	0.0	1	1953	-50.2	762.7	0.0	0.0	1
1.29	0	0.0	0.0	0.0	0.0	0.0	0.0	1	1953	-50.2	762.7	0.0	0.0	1
1.39	0	0.0	0.0	0.0	0.0	0.0	0.0	1	1953	-50.2	762.7	0.0	0.0	1
1.49	0	0.0	0.0	0.0	0.0	0.0	0.0	1	1953	-50.2	762.7	0.0	0.0	1
1.59	0	0.0	0.0	0.0	0.0	0.0	0.0	1	1953	-50.2	762.7	0.0	0.0	1
1.69	0	0.0	0.0	0.0	0.0	0.0	0.0	1	1953	-50.2	762.7	0.0	0.0	1
1.79	0	0.0	0.0	0.0	0.0	0.0	0.0	1	1953	-50.2	762.7	0.0	0.0	1
1.89	0	0.0	0.0	0.0	0.0	0.0	0.0	1	1953	-50.2	762.7	0.0	0.0	1
1.99	0	0.0	0.0	0.0	0.0	0.0	0.0	1	1953	-50.2	762.7	0.0	0.0	1
2.1	0	0.0	0.0	0.0	0.0	0.0	0.0	1	1953	-50.2	762.7	0.0	0.0	1
2.2	0	0.0	0.0	0.0	0.0	0.0	0.0	1	1953	-50.2	762.7	0.0	0.0	1
2.3	0	0.0	0.0	0.0	0.0	0.0	0.0	1	1953	-50.2	762.7	0.0	0.0	1
2.4	0	0.0	0.0	0.0	0.0	0.0	0.0	1	1953	-50.2	762.7	0.0	0.0	1
2.5	0	0.0	0.0	0.0	0.0	0.0	0.0	1	1953	-50.2	762.7	0.0	0.0	1
2.6	0	0.0	0.0	0.0	0.0	0.0	0.0	1	1953	-50.2	762.7	0.0	0.0	1
2.7	0	0.0	0.0	0.0	0.0	0.0	0.0	1	1953	-50.2	762.7	0.0	0.0	1
2.8	0	0.0	0.0	0.0	0.0	0.0	0.0	1	1953	-50.2	762.7	0.0	0.0	1
2.9	0	0.0	0.0	0.0	0.0	0.0	0.0	1	1953	-50.2	762.7	0.0	0.0	1
3.0	0	0.0	0.0	0.0	0.0	0.0	0.0	1	1953	-50.2	762.7	0.0	0.0	1
3.1	0	0.0	0.0	0.0	0.0	0.0	0.0	1	1953	-50.2	762.7	0.0	0.0	1
3.2	0	0.0	0.0	0.0	0.0	0.0	0.0	1	1953	-50.2	762.7	0.0	0.0	1
3.3	0	0.0	0.0	0.0	0.0	0.0	0.0	1	1953	-50.2	762.7	0.0	0.0	1
3.4	0	0.0	0.0	0.0	0.0	0.0	0.0	1	1953	-50.2	762.7	0.0	0.0	1
3.5	0	0.0	0.0	0.0	0.0	0.0	0.0	1	1953	-50.2	762.7	0.0	0.0	1
3.6	0	0.0	0.0	0.0	0.0	0.0	0.0	1	1953	-50.2	762.7	0.0	0.0	1
3.71	0	0.0	0.0	0.0	0.0	0.0	0.0	1	1953	-50.2	762.7	0.0	0.0	1
3.81	0	0.0	0.0	0.0	0.0	0.0	0.0	1	1953	-50.2	762.7	0.0	0.0	1
3.91	0	0.0	0.0	0.0	0.0	0.0	0.0	1	1953	-50.2	762.7	0.0	0.0	1
4.01	0	0.0	0.0	0.0	0.0	0.0	0.0	1	1953	-50.2	762.7	0.0	0.0	1
4.11	0	0.0	0.0	0.0	0.0	0.0	0.0	1	1953	-50.2	762.7	0.0	0.0	1
4.21	0	0.0	0.0	0.0	0.0	0.0	0.0	1	1953	-50.2	762.7	0.0	0.0	1
4.31	0	0.0	0.0	0.0	0.0	0.0	0.0	1	1953	-50.2	762.7	0.0	0.0	1
4.41	0	0.0	0.0	0.0	0.0	0.0	0.0	1	1953	-50.2	762.7	0.0	0.0	1
4.51	0	0.0	0.0	0.0	0.0	0.0	0.0	1	1953	-50.2	762.7	0.0	0.0	1
4.61	0	0.0	0.0	0.0	0.0	0.0	0.0	1	1953	-50.2	762.7	0.0	0.0	1
4.71	0	0.0	0.0	0.0	0.0	0.0	0.0	1	1953	-50.2	762.7	0.0	0.0	1
4.81	0	0.0	0.0	0.0	0.0	0.0	0.0	1	1953	-50.2	762.7	0.0	0.0	1
4.91	0	0.0	0.0	0.0	0.0	0.0	0.0	1	1953	-50.2	762.7	0.0	0.0	1
5.01	0	0.0	0.0	0.0	0.0	0.0	0.0	1	1953	-50.2	762.7	0.0	0.0	1
5.11	0	0.0	0.0	0.0	0.0	0.0	0.0	1	1953	-50.2	762.7	0.0	0.0	1
5.21	0	0.0	0.0	0.0	0.0	0.0	0.0	1	1953	-50.2	762.7	0.0	0.0	1
5.31	0	0.0	0.0	0.0	0.0	0.0	0.0	1	1953	-50.2	762.7	0.0	0.0	1
5.41	0	0.0	0.0	0.0	0.0	0.0	0.0	1	1953	-50.2	762.7	0.0	0.0	1
5.51	0	0.0	0.0	0.0	0.0	0.0	0.0	1	1953	-50.2	762.7	0.0	0.0	1
5.61	0	0.0	0.0	0.0	0.0	0.0	0.0	1	1953	-50.2	762.7	0.0	0.0	1
5.71	0	0.0	0.0	0.0	0.0	0.0	0.0	1	1953	-50.2	762.7	0.0	0.0	1
5.82	0	0.0	0.0	0.0	0.0	0.0	0.0	1	1953	-50.2	762.7	0.0	0.0	1
5.91	0	0.0	0.0	0.0	0.0	0.0	0.0	1	1953	-50.2	762.7	0.0	0.0	1
6.01	0	0.0	0.0	0.0	0.0	0.0	0.0	1	1953	-50.2	762.7	0.0	0.0	1
6.11	0	0.0	0.0	0.0	0.0	0.0	0.0	1	1953	-50.2	762.7	0.0	0.0	1
6.21	0	0.0	0.0	0.0	0.0	0.0	0.0	1	1953	-50.2	762.7	0.0	0.0	1
6.31	0	0.0	0.0	0.0	0.0	0.0	0.0	1	1953	-50.2	762.7	0.0	0.0	1
6.43	0	0.0	0.0	0.0	0.0	0.0	0.0	1	1953	-50.2	762.7	0.0	0.0	1
6.51	0	0.0	0.0	0.0	0.0	0.0	0.0	1	1953	-50.2	762.7	0.0	0.0	1
6.61	0	0.0	0.0	0.0	0.0	0.0	0.0	1	1953	-50.2	762.7	0.0	0.0	1
6.71	0	0.0	0.0	0.0	0.0	0.0	0.0	1	1953	-50.2	762.7	0.0	0.0	1
6.85	0	0.0	0.0	0.0	0.0	0.0	0.0	1	1953	-50.2	762.7	0.0	0.0	1
6.95	0	0.0	0.0	0.0	0.0	0.0	0.0	1	1953	-50.2	762.7	0.0	0.0	1
7.05	0	0.0	0.0	0.0	0.0	0.0	0.0	1	1953	-50.2	762.7	0.0	0.0	1
7.15	0	0.0	0.0	0.0	0.0	0.0	0.0	1	1953	-50.2	762.7	0.0	0.0	1
7.26	0	0.0	0.0	0.0	0.0	0.0	0.0	1	1953	-50.2	762.7	0.0	0.0	1
7.38	0	0.0	0.0	0.0	0.0	0.0	0.0	1	1953	-50.2	762.7	0.0	0.0	1
7.48	0	0.0	0.0	0.0	0.0	0.0	0.0	1	1953	-50.2	762.7	0.0	0.0	1
7.58	0	0.0	0.0	0.0	0.0	0.0	0.0	1	1953	-50.2	762.7	0.0	0.0	1
7.68	0	0.0	0.0	0.0	0.0	0.0	0.0	1	1953	-50.2	762.7	0.0	0.0	1
7.78	0	0.0	0.0	0.0	0.0	0.0	0.0	1	1953	-50.2	762.7	0.0	0.0	1
7.88	0	0.0	0.0	0.0	0.0	0.0	0.0	1	1953	-50.2	762.7	0.0	0.0	1
7.98	0	0.0	0.0	0.0	0.0	0.0	0.0	1	1953	-50.2	762.7	0.0	0.0	1
8.08	0	0.0	0.0	0.0	0.0	0.0	0.0	1	1953	-50.2	762.7	0.0	0.0	1
8.18	0	0.0	0.0	0.0	0.0	0.0	0.0	1	1953	-50.2	762.7	0.0	0.0	1
8.28	0	0.0	0.0	0.0	0.0	0.0	0.0	1	1953	-50.2	762.7	0.0	0.0	1
8.38	0	0.0	0.0	0.0	0.0	0.0	0.0	1	1953	-50.2	762.7	0.0	0.0	1
8.48	0	0.0	0.0	0.0	0.0	0.0	0.0	1	1953	-50.2	762.7	0.0	0.0	1
8.58	0	0.0	0.0	0.0	0.0	0.0	0.0	1	1953	-50.2	762.7	0.0	0.0	1
8.68	0	0.0	0.0	0.0	0.0	0.0	0.0	1	1953	-50.2	762.7	0.0	0.0	1
8.78	0	0.0	0.0	0.0	0.0	0.0	0.0	1	1953	-50.2	762.7	0.0	0.0	1
8.88	0	0.0	0.0	0.0	0.0	0.0	0.0	1	1953	-50.2	762.7	0.0	0.0	1
8.98	0	0.0	0.0	0.0	0.0	0.0	0.0	1	1953	-50.2	762.7	0.0	0.0	1
9.08	0	0.0	0.0	0.0	0.0	0.0	0.0	1	1953	-50.2	762.7	0.0	0.0	1
9.18	0	0.0	0.0	0.0	0.0	0.0	0.0	1	1953	-50.2	762.7	0.0	0.0	1
9.28	0	0.0	0.0	0.0	0.0	0.0	0.0	1	1953	-50.2	762.7	0.0	0.0	1
9.38	0	0.0	0.0	0.0	0.0	0.0	0.0	1	1953	-50.2	762.7	0.0	0.0	1
9.48	0	0.0	0.0	0.0	0.0	0.0	0.0	1	1953	-50.2	762.7	0.0	0.0	1
9.58	0	0.0	0.0	0.0	0.0	0.0	0.0	1	1953	-50.2	762.7	0.0	0.0	1
9.68	0	0.0	0.0	0.0	0.0	0.0	0.0	1	1953	-50.2	762.7	0.0	0.0	1
9.78	0	0.0	0.0	0.0	0.0	0.0	0.0	1	1953	-50.2	762.7	0.0	0.0	1
9.88	0	0.0	0.0	0.0	0.0	0.0	0.0	1	1953	-50.2	762.7	0.0	0.0	1
9.98	0	0.0	0.0	0.0	0.0	0.0	0.0	1	1953	-50.2	762.7	0.0	0.0	1
10.08	0	0.0	0.0	0.0	0.0	0.0	0.0	1	1953	-50.2	762.7	0.0	0.0	1
10.18	0	0.0	0.0	0.0	0.0	0.0	0.0	1	1953	-50.2	762.7	0.0	0.0	1
10.28	0	0.0	0.0	0.0	0.0	0.0	0.0	1	1953	-50.2	762.7	0.0	0.0	1
10.38	0	0.0	0.0	0.0	0.0	0.0	0.0	1	1953	-50.2	762.7	0.0	0.0	1
10.48	0	0.0	0.0	0.0	0.0	0.0	0.0	1	1953	-50.2	762.7	0.0	0.0	1
10.58	0	0.0	0.0	0.0	0.0	0.0	0.0	1	1953	-50.2	762.7	0.0	0.0	1
10.68	0	0.0	0.0	0.0	0.0	0.0	0.0	1	1953	-50.2	762.7	0.0	0.0	1
10.78	0	0.0	0.0	0.0	0.0	0.0	0.0	1	1953	-50.2	762.7	0.0	0.0	1
10.88	0	0.0	0.0	0.0	0.0	0.0	0.0	1	1953	-50.2	762.7	0.0	0.0	1
10.99	0	0.0	0.0	0.0	0.0	0.0	0.0	1	1953	-50.2	762.7	0.0	0.0	1
11.1	0	0.0	0.0	0.0	0.0	0.0	0.0	1	1953	-50.2	762.7	0.0	0.0	1
11.19	0	0.0	0.0	0.0	0.0	0.0	0.0	1	1953	-50.2	762.7	0.0	0.0	1
11.3	0	0.0	0.0	0.0	0.0	0.0	0.0	1	1953	-50.2	762.7	0.0	0.0	1
11.39	0	0.0	0.0	0.0	0.0	0.0	0.0	1	1953	-50.2	762.7	0.0	0.0	1
11.49	0	0.0	0.0	0.0	0.0	0.0	0.0	1	1953	-50.2	762.7	0.0	0.0	1
11.59	0	0.0	0.0	0.0	0.0	0.0	0.0	1	1953	-50.2	762.7	0.0	0.0	1
11.69	0	0.0	0.0	0.0	0.0	0.0	0.0	1	1953	-50.2	762.7	0.0	0.0	1
11.79	0	0.0	0.0	0.0	0.0	0.0	0.0	1	1953	-50.2	762.7	0.0	0.0	1
11.89	0	0.0	0.0	0.0	0.0	0.0	0.0	1	1953	-50.2	762.7	0.0	0.0	1
11.99	0	0.0	0.0	0.0	0.0	0.0	0.0	1	1953	-50.2	762.7	0.0	0.0	1
12.1	0	0.0	0.0	0.0	0.0	0.0	0.0	1	1953	-50.2	762.7	0.0	0.0	1
12.2	0	0.0	0.0	0.0	0.0	0.0	0.0	1	1953	-50.2	762.7	0.0	0.0	1
12.3	0	0.0	0.0	0.0	0.0	0.0	0.0	1	1953	-50.2	762.7	0.0	0.0	1
12.4	0	0.0	0.0	0.0	0.0	0.0	0.0	1	1953	-50.2	762.7	0.0	0.0	1
12.5	0	0.0	0.0	0.0	0.0	0.0	0.0	1	1953	-50.2	762.7	0.0	0.0	1
12.6	0	0.0	0.0	0.0	0.0	0.0	0.0	1	1953	-50.2	762.7	0.0	0.0	1
12.7	0	0.0	0.0	0.0	0.0	0.0	0.0	1	1953	-50.2	762.7	0.0	0.0	1
12.8	0	0.0	0.0	0.0	0.0	0.0	0.0	1	1953	-50.2	762.7	0.0	0.0	1
12.91	0	0.0	0.0	0.0	0.0	0.0	0.0	1	1953	-50.2	762.7	0.01	0.0	1
13.0	0	0.0	0.0	0.0	0.0	0.0	0.0	1	1953	-50.2	762.7	0.01	0.0	1
13.1	0	0.0	0.0	0.0	0.0	0.0	0.0	1	1953	-50.2	762.7	0.01	0.0	1
13.2	0	0.0	0.0	0.0	0.0	0.0	0.0	1	1953	-50.2	762.7	0.01	0.0	1
13.3	0	0.0	0.0	0.0	0.0	0.0	0.0	1	1953	-50.2	762.7	0.01	0.0	1
13.4	0	0.0	0.0	0.0	0.0	0.0	0.0	1	1953	-50.2	762.7	0.01	0.0	1
13.5	0	0.0	0.0	0.0	0.0	0.0	0.0	1	1953	-50.2	762.7	0.01	0.0	1
13.6	0	0.0	0.0	0.0	0.0	0.0	0.0	1	1953	-50.2	762.7	0.01	0.0	1
13.7	0	0.0	0.0	0.0	0.0	0.0	0.0	1	1953	-50.2	762.7	0.01	0.0	1
13.8	0	0.0	0.0	0.0	0.0	0.0	0.0	1	1953	-50.2	762.7	0.01	0.0	1
13.91	0	0.0	0.0	0.0	0.0	0.0	0.0	1	1953	-50.2	762.7	0.01	0.0	1
14.01	0	0.0	0.0	0.0	0.0	0.0	0.0	1	1953	-50.2	762.7	0.01	0.0	1
14.13	0	0.0	0.0	0.0	0.0	0.0	0.0	1	1953	-50.2	762.7	0.01	0.0	1
14.23	0	0.0	0.0	0.0	0.0	0.0	0.0	1	1953	-50.2	762.7	0.01	0.0	1
14.33	0	0.0	0.0	0.0	0.0	0.0	0.0	1	1953	-50.2	762.7	0.01	0.0	1
14.43	0	0.0	0.0	0.0	0.0	0.0	0.0	1	1953	-50.2	762.7	0.01	0.0	1
14.53	0	0.0	0.0	0.0	0.0	0.0	0.0	1	1953	-50.2	762.7	0.01	0.0	1
14.63	0	0.0	0.0	0.0	0.0	0.0	0.0	1	1953	-50.2	762.7	0.01	0.0	1
14.73	0	0.0	0.0	0.0	0.0	0.0	0.0	1	1953	-50.2	762.7	0.01	0.0	1
14.83	0	0.0	0.0	0.0	0.0	0.0	0.0	1	1953	-50.2	762.7	0.01	0.0	1
14.93	0	0.0	0.0	0.0	0.0	0.0	0.0	1	1953	-50.2	762.7	0.01	0.0	1
15.03	0	0.0	0.0	0.0	0.0	0.0	0.0	1	1953	-50.2	762.7	0.01	0.0	1
15.14	0	0.0	0.0	0.0	0.0	0.0	0.0	1	1953	-50.2	762.7	0.01	0.0	1
15.23	0	0.0	0.0	0.0	0.0	0.0	0.0	1	1953	-50.2	762.7	0.01	0.0	1
15.33	0	0.0	0.0	0.0	0.0	0.0	0.0	1	1953	-50.2	762.7	0.01	0.0	1
15.43	0	0.0	0.0	0.0	0.0	0.0	0.0	1	1953	-50.2	762.7	0.01	0.0	1
15.53	0	0.0	0.0	0.0	0.0	0.0	0.0	1	1953	-50.2	762.7	0.01	0.0	1
15.63	0	0.0	0.0	0.0	0.0	0.0	0.0	1	1953	-50.2	762.7	0.01	0.0	1
15.73	0	0.0	0.0	0.0	0.0	0.0	0.0	1	1953	-50.2	762.7	0.01	0.0	1
15.83	0	0.0	0.0	0.0	0.0	0.0	0.0	1	1953	-50.2	762.7	0.01	0.0	1
15.93	0	0.0	0.0	0.0	0.0	0.0	0.0	1	1953	-50.2	762.7	0.01	0.0	1
16.03	0	0.0	0.0	0.0	0.0	0.0	0.0	1	1953	-50.2	762.7	0.01	0.0	1
16.13	0	0.0	0.0	0.0	0.0	0.0	0.0	1	1953	-50.2	762.7	0.01	0.0	1
16.23	0	0.0	0.0	0.0	0.0	0.0	0.0	1	1953	-50.2	762.7	0.01	0.0	1
16.33	0	0.0	0.0	0.0	0.0	0.0	0.0	1	1953	-50.2	762.7	0.01	0.0	1
16.43	0	0.0	0.0	0.0	0.0	0.0	0.0	1	1953	-50.2	762.7	0.01	0.0	1
16.53	0	0.0	0.0	0.0	0.0	0.0	0.0	1	1953	-50.2	762.7	0.01	0.0	1
16.63	0	0.0	0.0	0.0	0.0	0.0	0.0	1	1953	-50.2	762.7	0.01	0.0	1
16.73	0	0.0	0.0	0.0	0.0	0.0	0.0	1	1953	-50.2	762.7	0.01	0.0	1
16.86	0	0.0	0.0	0.0	0.0	0.0	0.0	1	1953	-50.2	762.7	0.01	0.0	1
16.96	0	0.0	0.0	0.0	0.0	0.0	0.0	1	1953	-50.2	762.7	0.01	0.0	1
17.06	0	0.0	0.0	0.0	0.0	0.0	0.0	1	1953	-50.2	762.7	0.01	0.0	1
17.16	0	0.0	0.0	0.0	0.0	0.0	0.0	1	1953	-50.2	762.7	0.01	0.0	1
17.26	0	0.0	0.0	0.0	0.0	0.0	0.0	1	1953	-50.2	762.7	0.01	0.0	1
17.36	0	0.0	0.0	0.0	0.0	0.0	0.0	1	1953	-50.2	762.7	0.01	0.0	1
17.46	0	0.0	0.0	0.0	0.0	0.0	0.0	1	1953	-50.2	762.7	0.01	0.0	1
17.56	0	0.0	0.0	0.0	0.0	0.0	0.0	1	1953	-50.2	762.7	0.01	0.0	1
17.66	0	0.0	0.0	0.0	0.0	0.0	0.0	1	1953	-50.2	762.7	0.01	0.0	1
17.76	0	0.0	0.0	0.0	0.0	0.0	0.0	1	1953	-50.2	762.7	0.01	0.0	1
17.86	0	0.0	0.0	0.0	0.0	0.0	0.0	1	1953	-50.2	762.7	0.01	0.0	1
17.96	0	0.0	0.0	0.0	0.0	0.0	0.0	1	1953	-50.2	762.7	0.01	0.0	1
18.06	0	0.0	0.0	0.0	0.0	0.0	0.0	1	1953	-50.2	762.7	0.01	0.0	1
18.16	0	0.0	0.0	0.0	0.0	0.0	0.0	1	1953	-50.2	762.7	0.01	0.0	1
18.26	0	0.0	0.0	0.0	0.0	0.0	0.0	1	1953	-50.2	762.7	0.01	0.0	1
18.36	0	0.0	0.0	0.0	0.0	0.0	0.0	1	1953	-50.2	762.7	0.01	0.0	1
18.46	0	0.0	0.0	0.0	0.0	0.0	0.0	1	1953	-50.2	762.7	0.01	0.0	1
18.56	0	0.0	0.0	0.0	0.0	0.0	0.0	1	1953	-50.2	762.7	0.01	0.0	1
18.66	0	0.0	0.0	0.0	0.0	0.0	0.0	1	1953	-50.2	762.7	0.01	0.0	1
18.76	0	0.0	0.0	0.0	0.0	0.0	0.0	1	1953	-50.2	762.7	0.01	0.0	1
18.86	0	0.0	0.0	0.0	0.0	0.0	0.0	1	1953	-50.2	762.7	0.01	0.0	1
18.96	0	0.0	0.0	0.0	0.0	0.0	0.0	1	1953	-50.2	762.7	0.01	0.0	1
19.06	0	0.0	0.0	0.0	0.0	0.0	0.0	1	1953	-50.2	762.7	0.01	0.0	1
19.16	0	0.0	0.0	0.0	0.0	0.0	0.0	1	1953	-50.2	762.7	0.01	0.0	1
19.26	0	0.0	0.0	0.0	0.0	0.0	0.0	1	1953	-50.2	762.7	0.01	0.0	1
19.36	0	0.0	0.0	0.0	0.0	0.0	0.0	1	1953	-50.2	762.7	0.01	0.0	1
19.46	0	0.0	0.0	0.0	0.0	0.0	0.0	1	1953	-50.2	762.7	0.01	0.0	1
19.56	0	0.0	0.0	0.0	0.0	0.0	0.0	1	1953	-50.2	762.7	0.01	0.0	1
19.66	0	0.0	0.0	0.0	0.0	0.0	0.0	1	1953	-50.2	762.7	0.01	0.0	1
19.77	0	0.0	0.0	0.0	0.0	0.0	0.0	1	1953	-50.2	762.7	0.01	0.0	1
19.86	0	0.0	0.0	0.0	0.0	0.0	0.0	1	1953	-50.2	762.7	0.01	0.0	1
19.96	0	0.0	0.0	0.0	0.0	0.0	0.0	1	1953	-50.2	762.7	0.01	0.0	1
20.06	0	0.0	0.0	0.0	0.0	0.0	0.0	1	1953	-50.2	762.7	0.01	0.0	1
20.16	0	0.0	0.0	0.0	0.0	0.0	0.0	1	1953	-50.2	762.7	0.01	0.0	1
20.26	0	0.0	0.0	0.0	0.0	0.0	0.0	1	1953	-50.2	762.7	0.01	0.0	1
20.36	0	0.0	0.0	0.0	0.0	0.0	0.0	1	1953	-50.2	762.7	0.01	0.0	1
20.46	0	0.0	0.0	0.0	0.0	0.0	0.0	1	1953	-50.2	762.7	0.01	0.0	1
20.56	0	0.0	0.0	0.0	0.0	0.0	0.0	1	1953	-50.2	762.7	0.01	0.0	1
20.66	0	0.0	0.0	0.0	0.0	0.0	0.0	1	1953	-50.2	762.7	0.01	0.0	1
20.76	0	0.0	0.0	0.0	0.0	0.0	0.0	1	1953	-50.2	762.7	0.01	0.0	1
20.86	0	0.0	0.0	0.0	0.0	0.0	0.0	1	1953	-50.2	762.7	0.01	0.0	1
20.96	0	0.0	0.0	0.0	0.0	0.0	0.0	1	1953	-50.2	762.7	0.01	0.0	1
21.06	0	0.0	0.0	0.0	0.0	0.0	0.0	1	1953	-50.2	762.7	0.01	0.0	1
21.16	0	0.0	0.0	0.0	0.0	0.0	0.0	1	1953	-50.2	762.7	0.01	0.0	1
21.26	0	0.0	0.0	0.0	0.0	0.0	0.0	1	1953	-50.2	762.7	0.01	0.0	1
21.36	0	0.0	0.0	0.0	0.0	0.0	0.0	1	1953	-50.2	762.7	0.01	0.0	1
21.46	0	0.0	0.0	0.0	0.0	0.0	0.0	1	1953	-50.2	762.7	0.01	0.0	1
21.56	0	0.0	0.0	0.0	0.0	0.0	0.0	1	1953	-50.2	762.7	0.01	0.0	1
21.66	0	0.0	0.0	0.0	0.0	0.0	0.0	1	1953	-50.2	762.7	0.01	0.0	1
21.76	0	0.0	0.0	0.0	0.0	0.0	0.0	1	1953	-50.2	762.7	0.01	0.0	1
21.86	0	0.0	0.0	0.0	0.0	0.0	0.0	1	1953	-50.2	762.7	0.01	0.0	1
21.96	0	0.0	0.0	0.0	0.0	0.0	0.0	1	1953	-50.2	762.7	0.01	0.0	1
22.06	0	0.0	0.0	0.0	0.0	0.0	0.0	1	1953	-50.2	762.7	0.01	0.0	1
22.16	0	0.0	0.0	0.0	0.0	0.0	0.0	1	1953	-50.2	762.7	0.01	0.0	1
22.28	0	0.0	0.0	0.0	0.0	0.0	0.0	1	1953	-50.2	762.7	0.01	0.0	1
22.38	0	0.0	0.0	0.0	0.0	0.0	0.0	1	1953	-50.2	762.7	0.01	0.0	1
22.48	0	0.0	0.0	0.0	0.0	0.0	0.0	1	1953	-50.2	762.7	0.01	0.0	1
22.58	0	0.0	0.0	0.0	0.0	0.0	0.0	1	1953	-50.2	762.7	0.01	0.0	1
22.68	0	0.0	0.0	0.0	0.0	0.0	0.0	1	1953	-50.2	762.7	0.01	0.0	1
22.78	0	0.0	0.0	0.0	0.0	0.0	0.0	1	1953	-50.2	762.7	0.01	0.0	1
22.88	0	0.0	0.0	0.0	0.0	0.0	0.0	1	1953	-50.2	762.7	0.01	0.0	1
22.99	0	0.0	0.0	0.0	0.0	0.0	0.0	1	1953	-50.2	762.7	0.01	0.0	1
23.09	0	0.0	0.0	0.0	0.0	0.0	0.0	1	1953	-50.2	762.7	0.01	0.0	1
23.19	0	0.0	0.0	0.0	0.0	0.0	0.0	1	1953	-50.2	762.7	0.01	0.0	1
23.29	0	0.0	0.0	0.0	0.0	0.0	0.0	1	1953	-50.2	762.7	0.01	0.0	1
23.39	0	0.0	0.0	0.0	0.0	0.0	0.0	1	1953	-50.2	762.7	0.01	0.0	1
23.49	0	0.0	0.0	0.0	0.0	0.0	0.0	1	1953	-50.2	762.7	0.01	0.0	1
23.59	0	0.0	0.0	0.0	0.0	0.0	0.0	1	1953	-50.2	762.7	0.01	0.0	1
23.69	0	0.0	0.0	0.0	0.0	0.0	0.0	1	1953	-50.2	762.7	0.01	0.0	1
23.79	0	0.0	0.0	0.0	0.0	0.0	0.0	1	1953	-50.2	762.7	0.01	0.0	1
23.89	0	0.0	0.0	0.0	0.0	0.0	0.0	1	1953	-50.2	762.7	0.01	0.0	1
23.99	0	0.0	0.0	0.0	0.0	0.0	0.0	1	1953	-50.2	762.7	0.01	0.0	1
24.09	0	0.0	0.0	0.0	0.0	0.0	0.0	1	1953	-50.2	762.7	0.01	0.0	1
24.19	0	0.0	0.0	0.0	0.0	0.0	0.0	1	1953	-50.2	762.7	0.01	0.0	1
24.3	0	0.0	0.0	0.0	0.0	0.0	0.0	1	1953	-50.2	762.7	0.01	0.0	1
24.4	0	0.0	0.0	0.0	0.0	0.0	0.0	1	1953	-50.2	762.7	0.01	0.0	1
24.5	0	0.0	0.0	0.0	0.0	0.0	0.0	1	1953	-50.2	762.7	0.01	0.0	1
24.6	0	0.0	0.0	0.0	0.0	0.0	0.0	1	1953	-50.2	762.7	0.01	0.0	1
24.7	0	0.0	0.0	0.0	0.0	0.0	0.0	1	1953	-50.2	762.7	0.01	0.0	1
24.8	0	0.0	0.0	0.0	0.0	0.0	0.0	1	1953	-50.2	762.7	0.01	0.0	1
24.9	0	0.0	0.0	0.0	0.0	0.0	0.0	1	1953	-50.2	762.7	0.01	0.0	1
25.0	0	0.0	0.0	0.0	0.0	0.0	0.0	1	1953	-50.2	762.7	0.01	0.0	1
25.1	0	0.0	0.0	0.0	0.0	0.0	0.0	1	1953	-50.2	762.7	0.01	0.0	1
25.2	0	0.0	0.0	0.0	0.0	0.0	0.0	1	1953	-50.2	762.7	0.01	0.0	1
25.3	0	0.0	0.0	0.0	0.0	0.0	0.0	1	1953	-50.2	762.7	0.01	0.0	1
25.4	0	0.0	0.0	0.0	0.0	0.0	0.0	1	1953	-50.2	762.7	0.01	0.0	1
25.5	0	0.0	0.0	0.0	0.0	0.0	0.0	1	1953	-50.2	762.7	0.01	0.0	1
25.6	0	0.0	0.0	0.0	0.0	0.0	0.0	1	1953	-50.2	762.7	0.01	0.0	1
25.7	0	0.0	0.0	0.0	0.0	0.0	0.0	1	1953	-50.2	762.7	0.01	0.0	1
25.8	0	0.0	0.0	0.0	0.0	0.0	0.0	1	1953	-50.2	762.7	0.01	0.0	1
25.9	0	0.0	0.0	0.0	0.0	0.0	0.0	1	1953	-50.2	762.7	0.01	0.0	1
26.0	0	0.0	0.0	0.0	0.0	0.0	0.0	1	1953	-50.2	762.7	0.01	0.0	1
26.1	0	0.0	0.0	0.0	0.0	0.0	0.0	1	1953	-50.2	762.7	0.01	0.0	1
26.2	0	0.0	0.0	0.0	0.0	0.0	0.0	1	1953	-50.2	762.7	0.01	0.0	1
26.3	0	0.0	0.0	0.0	0.0	0.0	0.0	1	1953	-50.2	762.7	0.01	0.0	1
26.4	0	0.0	0.0	0.0	0.0	0.0	0.0	1	1953	-50.2	762.7	0.01	0.0	1
26.5	0	0.0	0.0	0.0	0.0	0.0	0.0	1	1953	-50.2	762.7	0.01	0.0	1
26.6	0	0.0	0.0	0.0	0.0	0.0	0.0	1	1953	-50.2	762.7	0.01	0.0	1
26.7	0	0.0	0.0	0.0	0.0	0.0	0.0	1	1953	-50.2	762.7	0.01	0.0	1
26.81	0	0.0	0.0	0.0	0.0	0.0	0.0	1	1953	-50.2	762.7	0.01	0.0	1
26.91	0	0.0	0.0	0.0	0.0	0.0	0.0	1	1953	-50.2	762.7	0.01	0.0	1
27.01	0	0.0	0.0	0.0	0.0	0.0	0.0	1	1953	-50.2	762.7	0.01	0.0	1
27.11	0	0.0	0.0	0.0	0.0	0.0	0.0	1	1953	-50.2	762.7	0.01	0.0	1
27.21	0	0.0	0.0	0.0	0.0	0.0	0.0	1	1953	-50.2	762.7	0.01	0.0	1
27.31	0	0.0	0.0	0.0	0.0	0.0	0.0	1	1953	-50.2	762.7	0.01	0.0	1
27.41	0	0.0	0.0	0.0	0.0	0.0	0.0	1	1953	-50.2	762.7	0.01	0.0	1
27.51	0	0.0	0.0	0.0	0.0	0.0	0.0	1	1953	-50.2	762.7	0.01	0.0	1
27.61	0	0.0	0.0	0.0	0.0	0.0	0.0	1	1953	-50.2	762.7	0.01	0.0	1
27.71	0	0.0	0.0	0.0	0.0	0.0	0.0	1	1953	-50.2	762.7	0.01	0.0	1
27.81	0	0.0	0.0	0.0	0.0	0.0	0.0	1	1953	-50.2	762.7	0.01	0.0	1
27.91	0	0.0	0.0	0.0	0.0	0.0	0.0	1	1953	-50.2	762.7	0.01	0.0	1
28.01	0	0.0	0.0	0.0	0.0	0.0	0.0	1	1953	-50.2	762.7	0.01	0.0	1
28.11	0	0.0	0.0	0.0	0.0	0.0	0.0	1	1953	-50.2	762.7	0.01	0.0	1
28.21	0	0.0	0.0	0.0	0.0	0.0	0.0	1	1953	-50.2	762.7	0.01	0.0	1
28.31	0	0.0	0.0	0.0	0.0	0.0	0.0	1	1953	-50.2	762.7	0.01	0.0	1
28.41	0	0.0	0.0	0.0	0.0	0.0	0.0	1	1953	-50.2	762.7	0.01	0.0	1
28.51	0	0.0	0.0	0.0	0.0	0.0	0.0	1	1953	-50.2	762.7	0.01	0.0	1
28.61	0	0.0	0.0	0.0	0.0	0.0	0.0	1	1953	-50.2	762.7	0.01	0.0	1
28.72	0	0.0	0.0	0.0	0.0	0.0	0.0	1	1953	-50.2	762.7	0.01	0.0	1
28.82	0	0.0	0.0	0.0	0.0	0.0	0.0	1	1953	-50.2	762.7	0.01	0.0	1
28.91	0	0.0	0.0	0.0	0.0	0.0	0.0	1	1953	-50.2	762.7	0.01	0.0	1
29.02	0	0.0	0.0	0.0	0.0	0.0	0.0	1	1953	-50.2	762.7	0.01	0.0	1
29.11	0	0.0	0.0	0.0	0.0	0.0	0.0	1	1953	-50.2	762.7	0.01	0.0	1
29.21	0	0.0	0.0	0.0	0.0	0.0	0.0	1	1953	-50.2	762.7	0.01	0.0	1
29.31	0	0.0	0.0	0.0	0.0	0.0	0.0	1	1953	-50.2	762.7	0.01	0.0	1
29.42	0	0.0	0.0	0.0	0.0	0.0	0.0	1	1953	-50.2	762.7	0.01	0.0	1
29.52	0	0.0	0.0	0.0	0.0	0.0	0.0	1	1953	-50.2	762.7	0.01	0.0	1
29.62	0	0.0	0.0	0.0	0.0	0.0	0.0	1	1953	-50.2	762.7	0.01	0.0	1
29.73	0	0.0	0.0	0.0	0.0	0.0	0.0	1	1953	-50.2	762.7	0.01	0.0	1
29.83	0	0.0	0.0	0.0	0.0	0.0	0.0	1	1953	-50.2	762.7	0.01	0.0	1
29.93	0	0.0	0.0	0.0	0.0	0.0	0.0	1	1953	-50.2	762.7	0.01	0.0	1
30.03	0	0.0	0.0	0.0	0.0	0.0	0.0	1	1953	-50.2	762.7	0.01	0.0	1
30.13	0	0.0	0.0	0.0	0.0	0.0	0.0	1	1953	-50.2	762.7	0.01	0.0	1
30.23	0	0.0	0.0	0.0	0.0	0.0	0.0	1	1953	-50.2	762.7	0.01	0.0	1
30.33	0	0.0	0.0	0.0	0.0	0.0	0.0	1	1953	-50.2	762.7	0.01	0.0	1
30.43	0	0.0	0.0	0.0	0.0	0.0	0.0	1	1953	-50.2	762.7	0.01	0.0	1
30.53	0	0.0	0.0	0.0	0.0	0.0	0.0	1	1953	-50.2	762.7	0.01	0.0	1
30.63	0	0.0	0.0	0.0	0.0	0.0	0.0	1	1953	-50.2	762.7	0.01	0.0	1
30.73	0	0.0	0.0	0.0	0.0	0.0	0.0	1	1953	-50.2	762.7	0.01	0.0	1
30.83	0	0.0	0.0	0.0	0.0	0.0	0.0	1	1953	-50.2	762.7	0.01	0.0	1
30.93	0	0.0	0.0	0.0	0.0	0.0	0.0	1	1953	-50.2	762.7	0.01	0.0	1
31.03	0	0.0	0.0	0.0	0.0	0.0	0.0	1	1953	-50.2	762.7	0.01	0.0	1
31.13	0	0.0	0.0	0.0	0.0	0.0	0.0	1	1953	-50.2	762.7	0.01	0.0	1
31.23	0	0.0	0.0	0.0	0.0	0.0	0.0	1	1953	-50.2	762.7	0.01	0.0	1
31.33	0	0.0	0.0	0.0	0.0	0.0	0.0	1	1953	-50.2	762.7	0.01	0.0	1
31.44	0	0.0	0.0	0.0	0.0	0.0	0.0	1	1953	-50.2	762.7	0.01	0.0	1
31.54	0	0.0	0.0	0.0	0.0	0.0	0.0	1	1953	-50.2	762.7	0.01	0.0	1
31.64	0	0.0	0.0	0.0	0.0	0.0	0.0	1	1953	-50.2	762.7	0.01	0.0	1
31.74	0	0.0	0.0	0.0	0.0	0.0	0.0	1	1953	-50.2	762.7	0.01	0.0	1
31.84	0	0.0	0.0	0.0	0.0	0.0	0.0	1	1953	-50.2	762.7	0.01	0.0	1
31.94	0	0.0	0.0	0.0	0.0	0.0	0.0	1	1953	-50.2	762.7	0.01	0.0	1
32.04	0	0.0	0.0	0.0	0.0	0.0	0.0	1	1953	-50.2	762.7	0.01	0.0	1
32.14	0	0.0	0.0	0.0	0.0	0.0	0.0	1	1953	-50.2	762.7	0.01	0.0	1
32.24	0	0.0	0.0	0.0	0.0	0.0	0.0	1	1953	-50.2	762.7	0.01	0.0	1
32.34	0	0.0	0.0	0.0	0.0	0.0	0.0	1	1953	-50.2	762.7	0.01	0.0	1
32.44	0	0.0	0.0	0.0	0.0	0.0	0.0	1	1953	-50.2	762.7	0.01	0.0	1
32.54	0	0.0	0.0	0.0	0.0	0.0	0.0	1	1953	-50.2	762.7	0.01	0.0	1
32.64	0	0.0	0.0	0.0	0.0	0.0	0.0	1	1953	-50.2	762.7	0.01	0.0	1
32.74	0	0.0	0.0	0.0	0.0	0.0	0.0	1	1953	-50.2	762.7	0.01	0.0	1
32.84	0	0.0	0.0	0.0	0.0	0.0	0.0	1	1953	-50.2	762.7	0.01	0.0	1
32.94	0	0.0	0.0	0.0	0.0	0.0	0.0	1	1953	-50.2	762.7	0.01	0.0	1
33.04	0	0.0	0.0	0.0	0.0	0.0	0.0	1	1953	-50.2	762.7	0.01	0.0	1
33.14	0	0.0	0.0	0.0	0.0	0.0	0.0	1	1953	-50.2	762.7	0.01	0.0	1
33.24	0	0.0	0.0	0.0	0.0	0.0	0.0	1	1953	-50.2	762.7	0.01	0.0	1
33.34	0	0.0	0.0	0.0	0.0	0.0	0.0	1	1953	-50.2	762.7	0.01	0.0	1
33.45	0	0.0	0.0	0.0	0.0	0.0	0.0	1	1953	-50.2	762.7	0.01	0.0	1
33.55	0	0.0	0.0	0.0	0.0	0.0	0.0	1	1953	-50.2	762.7	0.01	0.0	1
33.65	0	0.0	0.0	0.0	0.0	0.0	0.0	1	1953	-50.2	762.7	0.01	0.0	1
33.75	0	0.0	0.0	0.0	0.0	0.0	0.0	1	1953	-50.2	762.7	0.01	0.0	1
33.85	0	0.0	0.0	0.0	0.0	0.0	0.0	1	1953	-50.2	762.7	0.01	0.0	1
33.95	0	0.0	0.0	0.0	0.0	0.0	0.0	1	1953	-50.2	762.7	0.01	0.0	1
34.05	0	0.0	0.0	0.0	0.0	0.0	0.0	1	1953	-50.2	762.7	0.01	0.0	1
34.15	0	0.0	0.0	0.0	0.0	0.0	0.0	1	1953	-50.2	762.7	0.01	0.0	1
34.25	0	0.0	0.0	0.0	0.0	0.0	0.0	1	1953	-50.2	762.7	0.01	0.0	1
34.35	0	0.0	0.0	0.0	0.0	0.0	0.0	1	1953	-50.2	762.7	0.01	0.0	1
34.45	0	0.0	0.0	0.0	0.0	0.0	0.0	1	1953	-50.2	762.7	0.01	0.0	1
34.55	0	0.0	0.0	0.0	0.0	0.0	0.0	1	1953	-50.2	762.7	0.01	0.0	1
34.65	0	0.0	0.0	0.0	0.0	0.0	0.0	1	1953	-50.2	762.7	0.01	0.0	1
34.75	0	0.0	0.0	0.0	0.0	0.0	0.0	1	1953	-50.2	762.7	0.01	0.0	1
34.86	0	0.0	0.0	0.0	0.0	0.0	0.0	1	1953	-50.2	762.7	0.01	0.0	1
34.95	0	0.0	0.0	0.0	0.0	0.0	0.0	1	1953	-50.2	762.7	0.01	0.0	1
35.05	0	0.0	0.0	0.0	0.0	0.0	0.0	1	1953	-50.2	762.7	0.01	0.0	1
35.15	0	0.0	0.0	0.0	0.0	0.0	0.0	1	1953	-50.2	762.7	0.01	0.0	1
35.25	0	0.0	0.0	0.0	0.0	0.0	0.0	1	1953	-50.2	762.7	0.01	0.0	1
35.35	0	0.0	0.0	0.0	0.0	0.0	0.0	1	1953	-50.2	762.7	0.01	0.0	1
35.45	0	0.0	0.0	0.0	0.0	0.0	0.0	1	1953	-50.2	762.7	0.01	0.0	1
35.55	0	0.0	0.0	0.0	0.0	0.0	0.0	1	1953	-50.2	762.7	0.01	0.0	1
35.65	0	0.0	0.0	0.0	0.0	0.0	0.0	1	1953	-50.2	762.7	0.01	0.0	1
35.75	0	0.0	0.0	0.0	0.0	0.0	0.0	1	1953	-50.2	762.7	0.01	0.0	1
35.85	0	0.0	0.0	0.0	0.0	0.0	0.0	1	1953	-50.2	762.7	0.01	0.0	1
35.95	0	0.0	0.0	0.0	0.0	0.0	0.0	1	1953	-50.2	762.7	0.01	0.0	1
36.05	0	0.0	0.0	0.0	0.0	0.0	0.0	1	1953	-50.2	762.7	0.01	0.0	1
36.15	0	0.0	0.0	0.0	0.0	0.0	0.0	1	1953	-50.2	762.7	0.01	0.0	1
36.25	0	0.0	0.0	0.0	0.0	0.0	0.0	1	1953	-50.2	762.7	0.01	0.0	1
36.35	0	0.0	0.0	0.0	0.0	0.0	0.0	1	1953	-50.2	762.7	0.01	0.0	1
36.45	0	0.0	0.0	0.0	0.0	0.0	0.0	1	1953	-50.2	762.7	0.01	0.0	1
36.55	0	0.0	0.0	0.0	0.0	0.0	0.0	1	1953	-50.2	762.7	0.01	0.0	1
36.65	0	0.0	0.0	0.0	0.0	0.0	0.0	1	1953	-50.2	762.7	0.01	0.0	1
36.75	0	0.0	0.0	0.0	0.0	0.0	0.0	1	1953	-50.2	762.7	0.01	0.0	1
36.88	0	0.0	0.0	0.0	0.0	0.0	0.0	1	1953	-50.2	762.7	0.01	0.0	1
36.98	0	0.0	0.0	0.0	0.0	0.0	0.0	1	1953	-50.2	762.7	0.01	0.0	1
37.08	0	0.0	0.0	0.0	0.0	0.0	0.0	1	1953	-50.2	762.7	0.01	0.0	1
37.18	0	0.0	0.0	0.0	0.0	0.0	0.0	1	1953	-50.2	762.7	0.01	0.0	1
37.28	0	0.0	0.0	0.0	0.0	0.0	0.0	1	1953	-50.2	762.7	0.01	0.0	1
37.38	0	0.0	0.0	0.0	0.0	0.0	0.0	1	1953	-50.2	762.7	0.01	0.0	1
37.48	0	0.0	0.0	0.0	0.0	0.0	0.0	1	1953	-50.2	762.7	0.01	0.0	1
37.58	0	0.0	0.0	0.0	0.0	0.0	0.0	1	1953	-50.2	762.7	0.01	0.0	1
37.7	0	0.0	0.0	0.0	0.0	0.0	0.0	1	1953	-50.2	762.7	0.01	0.0	1
37.8	0	0.0	0.0	0.0	0.0	0.0	0.0	1	1953	-50.2	762.7	0.01	0.0	1
37.9	0	0.0	0.0	0.0	0.0	0.0	0.0	1	1953	-50.2	762.7	0.01	0.0	1
38.0	0	0.0	0.0	0.0	0.0	0.0	0.0	1	1953	-50.2	762.7	0.01	0.0	1
38.1	0	0.0	0.0	0.0	0.0	0.0	0.0	1	1953	-50.2	762.7	0.01	0.0	1
38.2	0	0.0	0.0	0.0	0.0	0.0	0.0	1	1953	-50.2	762.7	0.01	0.0	1
38.3	0	0.0	0.0	0.0	0.0	0.0	0.0	1	1953	-50.2	762.7	0.01	0.0	1
38.4	0	0.0	0.0	0.0	0.0	0.0	0.0	1	1953	-50.2	762.7	0.01	0.0	1
38.5	0	0.0	0.0	0.0	0.0	0.0	0.0	1	1953	-50.2	762.7	0.01	0.0	1
38.6	0	0.0	0.0	0.0	0.0	0.0	0.0	1	1953	-50.2	762.7	0.02	0.0	1
38.7	0	0.0	0.0	0.0	0.0	0.0	0.0	1	1953	-50.2	762.7	0.02	0.0	1
38.8	0	0.0	0.0	0.0	0.0	0.0	0.0	1	1953	-50.2	762.7	0.02	0.0	1
38.9	0	0.0	0.0	0.0	0.0	0.0	0.0	1	1953	-50.2	762.7	0.02	0.0	1
39.0	0	0.0	0.0	0.0	0.0	0.0	0.0	1	1953	-50.2	762.7	0.02	0.0	1
39.1	0	0.0	0.0	0.0	0.0	0.0	0.0	1	1953	-50.2	762.7	0.02	0.0	1
39.2	0	0.0	0.0	0.0	0.0	0.0	0.0	1	1953	-50.2	762.7	0.02	0.0	1
39.3	0	0.0	0.0	0.0	0.0	0.0	0.0	1	1953	-50.2	762.7	0.02	0.0	1
39.4	0	0.0	0.0	0.0	0.0	0.0	0.0	1	1953	-50.2	762.7	0.02	0.0	1
39.5	0	0.0	0.0	0.0	0.0	0.0	0.0	1	1953	-50.2	762.7	0.02	0.0	1
39.6	0	0.0	0.0	0.0	0.0	0.0	0.0	1	1953	-50.2	762.7	0.02	0.0	1
39.7	0	0.0	0.0	0.0	0.0	0.0	0.0	1	1953	-50.2	762.7	0.02	0.0	1
39.8	0	0.0	0.0	0.0	0.0	0.0	0.0	1	1953	-50.2	762.7	0.02	0.0	1
39.9	0	0.0	0.0	0.0	0.0	0.0	0.0	1	1953	-50.2	762.7	0.02	0.0	1
40.0	0	0.0	0.0	0.0	0.0	0.0	0.0	1	1953	-50.2	762.7	0.02	0.0	1
40.1	0	0.0	0.0	0.0	0.0	0.0	0.0	1	1953	-50.2	762.7	0.02	0.0	1
40.2	0	0.0	0.0	0.0	0.0	0.0	0.0	1	1953	-50.2	762.7	0.02	0.0	1
40.31	0	0.0	0.0	0.0	0.0	0.0	0.0	1	1953	-50.2	762.7	0.02	0.0	1
40.4	0	0.0	0.0	0.0	0.0	0.0	0.0	1	1953	-50.2	762.7	0.02	0.0	1
40.53	0	0.0	0.0	0.0	0.0	0.0	0.0	1	1953	-50.2	762.7	0.02	0.0	1
40.63	0	0.0	0.0	0.0	0.0	0.0	0.0	1	1953	-50.2	762.7	0.02	0.0	1
40.73	0	0.0	0.0	0.0	0.0	0.0	0.0	1	1953	-50.2	762.7	0.02	0.0	1
40.83	0	0.0	0.0	0.0	0.0	0.0	0.0	1	1953	-50.2	762.7	0.02	0.0	1
40.93	0	0.0	0.0	0.0	0.0	0.0	0.0	1	1953	-50.2	762.7	0.02	0.0	1
41.03	0	0.0	0.0	0.0	0.0	0.0	0.0	1	1953	-50.2	762.7	0.02	0.0	1
41.13	0	0.0	0.0	0.0	0.0	0.0	0.0	1	1953	-50.2	762.7	0.02	0.0	1
41.23	0	0.0	0.0	0.0	0.0	0.0	0.0	1	1953	-50.2	762.7	0.02	0.0	1
41.33	0	0.0	0.0	0.0	0.0	0.0	0.0	1	1953	-50.2	762.7	0.02	0.0	1
41.43	0	0.0	0.0	0.0	0.0	0.0	0.0	1	1953	-50.2	762.7	0.02	0.0	1
41.53	0	0.0	0.0	0.0	0.0	0.0	0.0	1	1953	-50.2	762.7	0.02	0.0	1
41.63	0	0.0	0.0	0.0	0.0	0.0	0.0	1	1953	-50.2	762.7	0.02	0.0	1
41.73	0	0.0	0.0	0.0	0.0	0.0	0.0	1	1953	-50.2	762.7	0.02	0.0	1
41.83	0	0.0	0.0	0.0	0.0	0.0	0.0	1	1953	-50.2	762.7	0.02	0.0	1
41.93	0	0.0	0.0	0.0	0.0	0.0	0.0	1	1953	-50.2	762.7	0.02	0.0	1
42.03	0	0.0	0.0	0.0	0.0	0.0	0.0	1	1953	-50.2	762.7	0.02	0.0	1
42.13	0	0.0	0.0	0.0	0.0	0.0	0.0	1	1953	-50.2	762.7	0.02	0.0	1
42.23	0	0.0	0.0	0.0	0.0	0.0	0.0	1	1953	-50.2	762.7	0.02	0.0	1
42.33	0	0.0	0.0	0.0	0.0	0.0	0.0	1	1953	-50.2	762.7	0.02	0.0	1
42.43	0	0.0	0.0	0.0	0.0	0.0	0.0	1	1953	-50.2	762.7	0.02	0.0	1
42.53	0	0.0	0.0	0.0	0.0	0.0	0.0	1	1953	-50.2	762.7	0.02	0.0	1
42.63	0	0.0	0.0	0.0	0.0	0.0	0.0	1	1953	-50.2	762.7	0.02	0.0	1
42.73	0	0.0	0.0	0.0	0.0	0.0	0.0	1	1953	-50.2	762.7	0.02	0.0	1
42.83	0	0.0	0.0	0.0	0.0	0.0	0.0	1	1953	-50.2	762.7	0.02	0.0	1
42.93	0	0.0	0.0	0.0	0.0	0.0	0.0	1	1953	-50.2	762.7	0.02	0.0	1
43.03	0	0.0	0.0	0.0	0.0	0.0	0.0	1	1953	-50.2	762.7	0.02	0.0	1
43.13	0	0.0	0.0	0.0	0.0	0.0	0.0	1	1953	-50.2	762.7	0.02	0.0	1
43.23	0	0.0	0.0	0.0	0.0	0.0	0.0	1	1953	-50.2	762.7	0.02	0.0	1
43.33	0	0.0	0.0	0.0	0.0	0.0	0.0	1	1953	-50.2	762.7	0.02	0.0	1
43.43	0	0.0	0.0	0.0	0.0	0.0	0.0	1	1953	-50.2	762.7	0.02	0.0	1
43.53	0	0.0	0.0	0.0	0.0	0.0	0.0	1	1953	-50.2	762.7	0.02	0.0	1
43.63	0	0.0	0.0	0.0	0.0	0.0	0.0	1	1953	-50.2	762.7	0.02	0.0	1
43.73	0	0.0	0.0	0.0	0.0	0.0	0.0	1	1953	-50.2	762.7	0.02	0.0	1
43.83	0	0.0	0.0	0.0	0.0	0.0	0.0	1	1953	-50.2	762.7	0.02	0.0	1
43.93	0	0.0	0.0	0.0	0.0	0.0	0.0	1	1953	-50.2	762.7	0.02	0.0	1
44.03	0	0.0	0.0	0.0	0.0	0.0	0.0	1	1953	-50.2	762.7	0.02	0.0	1
44.13	0	0.0	0.0	0.0	0.0	0.0	0.0	1	1953	-50.2	762.7	0.02	0.0	1
44.23	0	0.0	0.0	0.0	0.0	0.0	0.0	1	1953	-50.2	762.7	0.02	0.0	1
44.33	0	0.0	0.0	0.0	0.0	0.0	0.0	1	1953	-50.2	762.7	0.02	0.0	1
44.43	0	0.0	0.0	0.0	0.0	0.0	0.0	1	1953	-50.2	762.7	0.02	0.0	1
44.53	0	0.0	0.0	0.0	0.0	0.0	0.0	1	1953	-50.2	762.7	0.02	0.0	1
44.63	0	0.0	0.0	0.0	0.0	0.0	0.0	1	1953	-50.2	762.7	0.02	0.0	1
44.73	0	0.0	0.0	0.0	0.0	0.0	0.0	1	1953	-50.2	762.7	0.02	0.0	1
44.83	0	0.0	0.0	0.0	0.0	0.0	0.0	1	1953	-50.2	762.7	0.02	0.0	1
44.93	0	0.0	0.0	0.0	0.0	0.0	0.0	1	1953	-50.2	762.7	0.02	0.0	1
45.03	0	0.0	0.0	0.0	0.0	0.0	0.0	1	1953	-50.2	762.7	0.02	0.0	1
45.13	0	0.0	0.0	0.0	0.0	0.0	0.0	1	1953	-50.2	762.7	0.02	0.0	1
45.23	0	0.0	0.0	0.0	0.0	0.0	0.0	1	1953	-50.2	762.7	0.02	0.0	1
45.33	0	0.0	0.0	0.0	0.0	0.0	0.0	1	1953	-50.2	762.7	0.02	0.0	1
45.43	0	0.0	0.0	0.0	0.0	0.0	0.0	1	1953	-50.2	762.7	0.02	0.0	1
45.53	0	0.0	0.0	0.0	0.0	0.0	0.0	1	1953	-50.2	762.7	0.02	0.0	1
45.63	0	0.0	0.0	0.0	0.0	0.0	0.0	1	1953	-50.2	762.7	0.02	0.0	1
45.73	0	0.0	0.0	0.0	0.0	0.0	0.0	1	1953	-50.2	762.7	0.02	0.0	1
45.83	0	0.0	0.0	0.0	0.0	0.0	0.0	1	1953	-50.2	762.7	0.02	0.0	1
45.95	0	0.0	0.0	0.0	0.0	0.0	0.0	1	1953	-50.2	762.7	0.02	0.0	1
46.03	0	0.0	0.0	0.0	0.0	0.0	0.0	1	1953	-50.2	762.7	0.02	0.0	1
46.13	0	0.0	0.0	0.0	0.0	0.0	0.0	1	1953	-50.2	762.7	0.02	0.0	1
46.23	0	0.0	0.0	0.0	0.0	0.0	0.0	1	1953	-50.2	762.7	0.02	0.0	1
46.33	0	0.0	0.0	0.0	0.0	0.0	0.0	1	1953	-50.2	762.7	0.02	0.0	1
46.43	0	0.0	0.0	0.0	0.0	0.0	0.0	1	1953	-50.2	762.7	0.02	0.0	1
46.53	0	0.0	0.0	0.0	0.0	0.0	0.0	1	1953	-50.2	762.7	0.02	0.0	1
46.63	0	0.0	0.0	0.0	0.0	0.0	0.0	1	1953	-50.2	762.7	0.02	0.0	1
46.73	0	0.0	0.0	0.0	0.0	0.0	0.0	1	1953	-50.2	762.7	0.02	0.0	1
46.86	0	0.0	0.0	0.0	0.0	0.0	0.0	1	1953	-50.2	762.7	0.02	0.0	1
46.96	0	0.0	0.0	0.0	0.0	0.0	0.0	1	1953	-50.2	762.7	0.02	0.0	1
47.06	0	0.0	0.0	0.0	0.0	0.0	0.0	1	1953	-50.2	762.7	0.02	0.0	1
47.17	0	0.0	0.0	0.0	0.0	0.0	0.0	1	1953	-50.2	762.7	0.02	0.0	1
47.26	0	0.0	0.0	0.0	0.0	0.0	0.0	1	1953	-50.2	762.7	0.02	0.0	1
47.36	0	0.0	0.0	0.0	0.0	0.0	0.0	1	1953	-50.2	762.7	0.02	0.0	1
47.46	0	0.0	0.0	0.0	0.0	0.0	0.0	1	1953	-50.2	762.7	0.02	0.0	1
47.56	0	0.0	0.0	0.0	0.0	0.0	0.0	1	1953	-50.2	762.7	0.02	0.0	1
47.67	0	0.0	0.0	0.0	0.0	0.0	0.0	1	1953	-50.2	762.7	0.02	0.0	1
47.77	0	0.0	0.0	0.0	0.0	0.0	0.0	1	1953	-50.2	762.7	0.02	0.0	1
47.86	0	0.0	0.0	0.0	0.0	0.0	0.0	1	1953	-50.2	762.7	0.02	0.0	1
47.97	0	0.0	0.0	0.0	0.0	0.0	0.0	1	1953	-50.2	762.7	0.02	0.0	1
48.06	0	0.0	0.0	0.0	0.0	0.0	0.0	1	1953	-50.2	762.7	0.02	0.0	1
48.17	0	0.0	0.0	0.0	0.0	0.0	0.0	1	1953	-50.2	762.7	0.02	0.0	1
48.28	0	0.0	0.0	0.0	0.0	0.0	0.0	1	1953	-50.2	762.7	0.02	0.0	1
48.38	0	0.0	0.0	0.0	0.0	0.0	0.0	1	1953	-50.2	762.7	0.02	0.0	1
48.49	0	0.0	0.0	0.0	0.0	0.0	0.0	1	1953	-50.2	762.7	0.02	0.0	1
48.59	0	0.0	0.0	0.0	0.0	0.0	0.0	1	1953	-50.2	762.7	0.02	0.0	1
48.69	0	0.0	0.0	0.0	0.0	0.0	0.0	1	1953	-50.2	762.7	0.02	0.0	1
48.79	0	0.0	0.0	0.0	0.0	0.0	0.0	1	1953	-50.2	762.7	0.02	0.0	1
48.91	0	0.0	0.0	0.0	0.0	0.0	0.0	1	1953	-50.2	762.7	0.02	0.0	1
48.99	0	0.0	0.0	0.0	0.0	0.0	0.0	1	1953	-50.2	762.7	0.02	0.0	1
49.09	0	0.0	0.0	0.0	0.0	0.0	0.0	1	1953	-50.2	762.7	0.02	0.0	1
49.19	0	0.0	0.0	0.0	0.0	0.0	0.0	1	1953	-50.2	762.7	0.02	0.0	1
49.29	0	0.0	0.0	0.0	0.0	0.0	0.0	1	1953	-50.2	762.7	0.02	0.0	1
49.39	0	0.0	0.0	0.0	0.0	0.0	0.0	1	1953	-50.2	762.7	0.02	0.0	1
49.49	0	0.0	0.0	0.0	0.0	0.0	0.0	1	1953	-50.2	762.7	0.02	0.0	1
49.6	0	0.0	0.0	0.0	0.0	0.0	0.0	1	1953	-50.2	762.7	0.02	0.0	1
49.7	0	0.0	0.0	0.0	0.0	0.0	0.0	1	1953	-50.2	762.7	0.02	0.0	1
49.8	0	0.0	0.0	0.0	0.0	0.0	0.0	1	1953	-50.2	762.7	0.02	0.0	1
49.9	0	0.0	0.0	0.0	0.0	0.0	0.0	1	1953	-50.2	762.7	0.02	0.0	1
50.0	0	0.0	0.0	0.0	0.0	0.0	0.0	1	1953	-50.2	762.7	0.02	0.0	1
50.1	0	0.0	0.0	0.0	0.0	0.0	0.0	1	1953	-50.2	762.7	0.02	0.0	1
50.2	0	0.0	0.0	0.0	0.0	0.0	0.0	1	1953	-50.2	762.7	0.02	0.0	1
50.3	0	0.0	0.0	0.0	0.0	0.0	0.0	1	1953	-50.2	762.7	0.02	0.0	1
50.4	0	0.0	0.0	0.0	0.0	0.0	0.0	1	1953	-50.2	762.7	0.02	0.0	1
50.5	0	0.0	0.0	0.0	0.0	0.0	0.0	1	1953	-50.2	762.7	0.02	0.0	1
50.6	0	0.0	0.0	0.0	0.0	0.0	0.0	1	1953	-50.2	762.7	0.02	0.0	1
50.7	0	0.0	0.0	0.0	0.0	0.0	0.0	1	1953	-50.2	762.7	0.02	0.0	1
50.8	0	0.0	0.0	0.0	0.0	0.0	0.0	1	1953	-50.2	762.7	0.02	0.0	1
50.9	0	0.0	0.0	0.0	0.0	0.0	0.0	1	1953	-50.2	762.7	0.02	0.0	1
51.0	0	0.0	0.0	0.0	0.0	0.0	0.0	1	1953	-50.2	762.7	0.02	0.0	1
51.1	0	0.0	0.0	0.0	0.0	0.0	0.0	1	1953	-50.2	762.7	0.02	0.0	1
51.2	0	0.0	0.0	0.0	0.0	0.0	0.0	1	1953	-50.2	762.7	0.02	0.0	1
51.3	0	0.0	0.0	0.0	0.0	0.0	0.0	1	1953	-50.2	762.7	0.02	0.0	1
51.4	0	0.0	0.0	0.0	0.0	0.0	0.0	1	1953	-50.2	762.7	0.02	0.0	1
51.5	0	0.0	0.0	0.0	0.0	0.0	0.0	1	1953	-50.2	762.7	0.02	0.0	1
51.6	0	0.0	0.0	0.0	0.0	0.0	0.0	1	1953	-50.2	762.7	0.02	0.0	1
51.7	0	0.0	0.0	0.0	0.0	0.0	0.0	1	1953	-50.2	762.7	0.02	0.0	1
51.8	0	0.0	0.0	0.0	0.0	0.0	0.0	1	1953	-50.2	762.7	0.02	0.0	1
51.9	0	0.0	0.0	0.0	0.0	0.0	0.0	1	1953	-50.2	762.7	0.02	0.0	1
52.0	0	0.0	0.0	0.0	0.0	0.0	0.0	1	1953	-50.2	762.7	0.02	0.0	1
52.1	0	0.0	0.0	0.0	0.0	0.0	0.0	1	1953	-50.2	762.7	0.02	0.0	1
52.2	0	0.0	0.0	0.0	0.0	0.0	0.0	1	1953	-50.2	762.7	0.02	0.0	1
52.3	0	0.0	0.0	0.0	0.0	0.0	0.0	1	1953	-50.2	762.7	0.02	0.0	1
52.4	0	0.0	0.0	0.0	0.0	0.0	0.0	1	1953	-50.2	762.7	0.02	0.0	1
52.5	0	0.0	0.0	0.0	0.0	0.0	0.0	1	1953	-50.2	762.7	0.02	0.0	1
52.6	0	0.0	0.0	0.0	0.0	0.0	0.0	1	1953	-50.2	762.7	0.02	0.0	1
52.7	0	0.0	0.0	0.0	0.0	0.0	0.0	1	1953	-50.2	762.7	0.02	0.0	1
52.8	0	0.0	0.0	0.0	0.0	0.0	0.0	1	1953	-50.2	762.7	0.02	0.0	1
52.91	0	0.0	0.0	0.0	0.0	0.0	0.0	1	1953	-50.2	762.7	0.02	0.0	1
53.01	0	0.0	0.0	0.0	0.0	0.0	0.0	1	1953	-50.2	762.7	0.02	0.0	1
53.11	0	0.0	0.0	0.0	0.0	0.0	0.0	1	1953	-50.2	762.7	0.02	0.0	1
53.21	0	0.0	0.0	0.0	0.0	0.0	0.0	1	1953	-50.2	762.7	0.02	0.0	1
53.31	0	0.0	0.0	0.0	0.0	0.0	0.0	1	1953	-50.2	762.7	0.02	0.0	1
53.41	0	0.0	0.0	0.0	0.0	0.0	0.0	1	1953	-50.2	762.7	0.02	0.0	1
53.51	0	0.0	0.0	0.0	0.0	0.0	0.0	1	1953	-50.2	762.7	0.02	0.0	1
53.61	0	0.0	0.0	0.0	0.0	0.0	0.0	1	1953	-50.2	762.7	0.02	0.0	1
53.71	0	0.0	0.0	0.0	0.0	0.0	0.0	1	1953	-50.2	762.7	0.02	0.0	1
53.81	0	0.0	0.0	0.0	0.0	0.0	0.0	1	1953	-50.2	762.7	0.02	0.0	1
53.91	0	0.0	0.0	0.0	0.0	0.0	0.0	1	1953	-50.2	762.7	0.02	0.0	1
54.01	0	0.0	0.0	0.0	0.0	0.0	0.0	1	1953	-50.2	762.7	0.02	0.0	1
54.11	0	0.0	0.0	0.0	0.0	0.0	0.0	1	1953	-50.2	762.7	0.02	0.0	1
54.21	0	0.0	0.0	0.0	0.0	0.0	0.0	1	1953	-50.2	762.7	0.02	0.0	1
54.31	0	0.0	0.0	0.0	0.0	0.0	0.0	1	1953	-50.2	762.7	0.02	0.0	1
54.41	0	0.0	0.0	0.0	0.0	0.0	0.0	1	1953	-50.2	762.7	0.02	0.0	1
54.51	0	0.0	0.0	0.0	0.0	0.0	0.0	1	1953	-50.2	762.7	0.02	0.0	1
54.61	0	0.0	0.0	0.0	0.0	0.0	0.0	1	1953	-50.2	762.7	0.02	0.0	1
54.71	0	0.0	0.0	0.0	0.0	0.0	0.0	1	1953	-50.2	762.7	0.02	0.0	1
54.81	0	0.0	0.0	0.0	0.0	0.0	0.0	1	1953	-50.2	762.7	0.02	0.0	1
54.91	0	0.0	0.0	0.0	0.0	0.0	0.0	1	1953	-50.2	762.7	0.02	0.0	1
55.01	0	0.0	0.0	0.0	0.0	0.0	0.0	1	1953	-50.2	762.7	0.02	0.0	1
55.11	0	0.0	0.0	0.0	0.0	0.0	0.0	1	1953	-50.2	762.7	0.02	0.0	1
55.21	0	0.0	0.0	0.0	0.0	0.0	0.0	1	1953	-50.2	762.7	0.02	0.0	1
55.31	0	0.0	0.0	0.0	0.0	0.0	0.0	1	1953	-50.2	762.7	0.02	0.0	1
55.41	0	0.0	0.0	0.0	0.0	0.0	0.0	1	1953	-50.2	762.7	0.02	0.0	1
55.53	0	0.0	0.0	0.0	0.0	0.0	0.0	1	1953	-50.2	762.7	0.02	0.0	1
55.64	0	0.0	0.0	0.0	0.0	0.0	0.0	1	1953	-50.2	762.7	0.02	0.0	1
55.74	0	0.0	0.0	0.0	0.0	0.0	0.0	1	1953	-50.2	762.7	0.02	0.0	1
55.84	0	0.0	0.0	0.0	0.0	0.0	0.0	1	1953	-50.2	762.7	0.02	0.0	1
55.94	0	0.0	0.0	0.0	0.0	0.0	0.0	1	1953	-50.2	762.7	0.02	0.0	1
56.04	0	0.0	0.0	0.0	0.0	0.0	0.0	1	1953	-50.2	762.7	0.02	0.0	1
56.14	0	0.0	0.0	0.0	0.0	0.0	0.0	1	1953	-50.2	762.7	0.02	0.0	1
56.24	0	0.0	0.0	0.0	0.0	0.0	0.0	1	1953	-50.2	762.7	0.02	0.0	1
56.34	0	0.0	0.0	0.0	0.0	0.0	0.0	1	1953	-50.2	762.7	0.02	0.0	1
56.44	0	0.0	0.0	0.0	0.0	0.0	0.0	1	1953	-50.2	762.7	0.02	0.0	1
56.54	0	0.0	0.0	0.0	0.0	0.0	0.0	1	1953	-50.2	762.7	0.02	0.0	1
56.64	0	0.0	0.0	0.0	0.0	0.0	0.0	1	1953	-50.2	762.7	0.02	0.0	1
56.74	0	0.0	0.0	0.0	0.0	0.0	0.0	1	1953	-50.2	762.7	0.02	0.0	1
56.88	0	0.0	0.0	0.0	0.0	0.0	0.0	1	1953	-50.2	762.7	0.02	0.0	1
56.98	0	0.0	0.0	0.0	0.0	0.0	0.0	1	1953	-50.2	762.7	0.02	0.0	1
57.08	0	0.0	0.0	0.0	0.0	0.0	0.0	1	1953	-50.2	762.7	0.02	0.0	1
57.18	0	0.0	0.0	0.0	0.0	0.0	0.0	1	1953	-50.2	762.7	0.02	0.0	1
57.28	0	0.0	0.0	0.0	0.0	0.0	0.0	1	1953	-50.2	762.7	0.02	0.0	1
57.38	0	0.0	0.0	0.0	0.0	0.0	0.0	1	1953	-50.2	762.7	0.02	0.0	1
57.48	0	0.0	0.0	0.0	0.0	0.0	0.0	1	1953	-50.2	762.7	0.02	0.0	1
57.58	0	0.0	0.0	0.0	0.0	0.0	0.0	1	1953	-50.2	762.7	0.02	0.0	1
57.68	0	0.0	0.0	0.0	0.0	0.0	0.0	1	1953	-50.2	762.7	0.02	0.0	1
57.78	0	0.0	0.0	0.0	0.0	0.0	0.0	1	1953	-50.2	762.7	0.02	0.0	1
57.88	0	0.0	0.0	0.0	0.0	0.0	0.0	1	1953	-50.2	762.7	0.02	0.0	1
57.98	0	0.0	0.0	0.0	0.0	0.0	0.0	1	1953	-50.2	762.7	0.02	0.0	1
58.08	0	0.0	0.0	0.0	0.0	0.0	0.0	1	1953	-50.2	762.7	0.02	0.0	1
58.18	0	0.0	0.0	0.0	0.0	0.0	0.0	1	1953	-50.2	762.7	0.02	0.0	1
58.28	0	0.0	0.0	0.0	0.0	0.0	0.0	1	1953	-50.2	762.7	0.02	0.0	1
58.38	0	0.0	0.0	0.0	0.0	0.0	0.0	1	1953	-50.2	762.7	0.02	0.0	1
58.48	0	0.0	0.0	0.0	0.0	0.0	0.0	1	1953	-50.2	762.7	0.02	0.0	1
58.58	0	0.0	0.0	0.0	0.0	0.0	0.0	1	1953	-50.2	762.7	0.02	0.0	1
58.68	0	0.0	0.0	0.0	0.0	0.0	0.0	1	1953	-50.2	762.7	0.02	0.0	1
58.78	0	0.0	0.0	0.0	0.0	0.0	0.0	1	1953	-50.2	762.7	0.02	0.0	1
58.88	0	0.0	0.0	0.0	0.0	0.0	0.0	1	1953	-50.2	762.7	0.02	0.0	1
58.98	0	0.0	0.0	0.0	0.0	0.0	0.0	1	1953	-50.2	762.7	0.02	0.0	1
59.08	0	0.0	0.0	0.0	0.0	0.0	0.0	1	1953	-50.2	762.7	0.02	0.0	1
59.18	0	0.0	0.0	0.0	0.0	0.0	0.0	1	1953	-50.2	762.7	0.02	0.0	1
59.28	0	0.0	0.0	0.0	0.0	0.0	0.0	1	1953	-50.2	762.7	0.02	0.0	1
59.38	0	0.0	0.0	0.0	0.0	0.0	0.0	1	1953	-50.2	762.7	0.02	0.0	1
59.48	0	0.0	0.0	0.0	0.0	0.0	0.0	1	1953	-50.2	762.7	0.02	0.0	1
59.58	0	0.0	0.0	0.0	0.0	0.0	0.0	1	1953	-50.2	762.7	0.02	0.0	1
59.68	0	0.0	0.0	0.0	0.0	0.0	0.0	1	1953	-50.2	762.7	0.02	0.0	1
59.78	0	0.0	0.0	0.0	0.0	0.0	0.0	1	1953	-50.2	762.7	0.02	0.0	1
59.88	0	0.0	0.0	0.0	0.0	0.0	0.0	1	1953	-50.2	762.7	0.02	0.0	1
59.98	0	0.0	0.0	0.0	0.0	0.0	0.0	1	1953	-50.2	762.7	0.02	0.0	1
60.08	0	0.0	0.0	0.0	0.0	0.0	0.0	1	1953	-50.2	762.7	0.02	0.0	1
60.18	0	0.0	0.0	0.0	0.0	0.0	0.0	1	1953	-50.2	762.7	0.02	0.0	1
60.28	0	0.0	0.0	0.0	0.0	0.0	0.0	1	1953	-50.2	762.7	0.02	0.0	1
60.38	0	0.0	0.0	0.0	0.0	0.0	0.0	1	1953	-50.2	762.7	0.02	0.0	1
60.48	0	0.0	0.0	0.0	0.0	0.0	0.0	1	1953	-50.2	762.7	0.02	0.0	1
60.58	0	0.0	0.0	0.0	0.0	0.0	0.0	1	1953	-50.2	762.7	0.02	0.0	1
60.68	0	0.0	0.0	0.0	0.0	0.0	0.0	1	1953	-50.2	762.7	0.02	0.0	1
60.78	0	0.0	0.0	0.0	0.0	0.0	0.0	1	1953	-50.2	762.7	0.02	0.0	1
60.88	0	0.0	0.0	0.0	0.0	0.0	0.0	1	1953	-50.2	762.7	0.02	0.0	1
60.98	0	0.0	0.0	0.0	0.0	0.0	0.0	1	1953	-50.2	762.7	0.02	0.0	1
61.08	0	0.0	0.0	0.0	0.0	0.0	0.0	1	1953	-50.2	762.7	0.02	0.0	1
61.18	0	0.0	0.0	0.0	0.0	0.0	0.0	1	1953	-50.2	762.7	0.02	0.0	1
61.28	0	0.0	0.0	0.0	0.0	0.0	0.0	1	1953	-50.2	762.7	0.02	0.0	1
61.38	0	0.0	0.0	0.0	0.0	0.0	0.0	1	1953	-50.2	762.7	0.02	0.0	1
61.48	0	0.0	0.0	0.0	0.0	0.0	0.0	1	1953	-50.2	762.7	0.02	0.0	1
61.58	0	0.0	0.0	0.0	0.0	0.0	0.0	1	1953	-50.2	762.7	0.02	0.0	1
61.68	0	0.0	0.0	0.0	0.0	0.0	0.0	1	1953	-50.2	762.7	0.02	0.0	1
61.78	0	0.0	0.0	0.0	0.0	0.0	0.0	1	1953	-50.2	762.7	0.02	0.0	1
61.88	0	0.0	0.0	0.0	0.0	0.0	0.0	1	1953	-50.2	762.7	0.02	0.0	1
61.98	0	0.0	0.0	0.0	0.0	0.0	0.0	1	1953	-50.2	762.7	0.02	0.0	1
62.08	0	0.0	0.0	0.0	0.0	0.0	0.0	1	1953	-50.2	762.7	0.02	0.0	1
62.18	0	0.0	0.0	0.0	0.0	0.0	0.0	1	1953	-50.2	762.7	0.02	0.0	1
62.28	0	0.0	0.0	0.0	0.0	0.0	0.0	1	1953	-50.2	762.7	0.02	0.0	1
62.38	0	0.0	0.0	0.0	0.0	0.0	0.0	1	1953	-50.2	762.7	0.02	0.0	1
62.48	0	0.0	0.0	0.0	0.0	0.0	0.0	1	1953	-50.2	762.7	0.02	0.0	1
62.58	0	0.0	0.0	0.0	0.0	0.0	0.0	1	1953	-50.2	762.7	0.02	0.0	1
62.68	0	0.0	0.0	0.0	0.0	0.0	0.0	1	1953	-50.2	762.7	0.02	0.0	1
62.78	0	0.0	0.0	0.0	0.0	0.0	0.0	1	1953	-50.2	762.7	0.02	0.0	1
62.88	0	0.0	0.0	0.0	0.0	0.0	0.0	1	1953	-50.2	762.7	0.02	0.0	1
62.98	0	0.0	0.0	0.0	0.0	0.0	0.0	1	1953	-50.2	762.7	0.02	0.0	1
63.08	0	0.0	0.0	0.0	0.0	0.0	0.0	1	1953	-50.2	762.7	0.02	0.0	1
63.18	0	0.0	0.0	0.0	0.0	0.0	0.0	1	1953	-50.2	762.7	0.02	0.0	1
63.28	0	0.0	0.0	0.0	0.0	0.0	0.0	1	1953	-50.2	762.7	0.02	0.0	1
63.38	0	0.0	0.0	0.0	0.0	0.0	0.0	1	1953	-50.2	762.7	0.02	0.0	1
63.48	0	0.0	0.0	0.0	0.0	0.0	0.0	1	1953	-50.2	762.7	0.02	0.0	1
63.58	0	0.0	0.0	0.0	0.0	0.0	0.0	1	1953	-50.2	762.7	0.02	0.0	1
63.68	0	0.0	0.0	0.0	0.0	0.0	0.0	1	1953	-50.2	762.7	0.02	0.0	1
63.78	0	0.0	0.0	0.0	0.0	0.0	0.0	1	1953	-50.2	762.7	0.02	0.0	1
63.88	0	0.0	0.0	0.0	0.0	0.0	0.0	1	1953	-50.2	762.7	0.02	0.0	1
64.0	0	0.0	0.0	0.0	0.0	0.0	0.0	1	1953	-50.2	762.7	0.02	0.0	1
64.11	0	0.0	0.0	0.0	0.0	0.0	0.0	1	1953	-50.2	762.7	0.02	0.0	1
64.21	0	0.0	0.0	0.0	0.0	0.0	0.0	1	1953	-50.2	762.7	0.03	0.0	1
64.31	0	0.0	0.0	0.0	0.0	0.0	0.0	1	1953	-50.2	762.7	0.03	0.0	1
64.41	0	0.0	0.0	0.0	0.0	0.0	0.0	1	1953	-50.2	762.7	0.03	0.0	1
64.51	0	0.0	0.0	0.0	0.0	0.0	0.0	1	1953	-50.2	762.7	0.03	0.0	1
64.61	0	0.0	0.0	0.0	0.0	0.0	0.0	1	1953	-50.2	762.7	0.03	0.0	1
64.71	0	0.0	0.0	0.0	0.0	0.0	0.0	1	1953	-50.2	762.7	0.03	0.0	1
64.81	0	0.0	0.0	0.0	0.0	0.0	0.0	1	1953	-50.2	762.7	0.03	0.0	1
64.91	0	0.0	0.0	0.0	0.0	0.0	0.0	1	1953	-50.2	762.7	0.03	0.0	1
65.01	0	0.0	0.0	0.0	0.0	0.0	0.0	1	1953	-50.2	762.7	0.03	0.0	1
65.11	0	0.0	0.0	0.0	0.0	0.0	0.0	1	1953	-50.2	762.7	0.03	0.0	1
65.21	0	0.0	0.0	0.0	0.0	0.0	0.0	1	1953	-50.2	762.7	0.03	0.0	1
65.31	0	0.0	0.0	0.0	0.0	0.0	0.0	1	1953	-50.2	762.7	0.03	0.0	1
65.41	0	0.0	0.0	0.0	0.0	0.0	0.0	1	1953	-50.2	762.7	0.03	0.0	1
65.51	0	0.0	0.0	0.0	0.0	0.0	0.0	1	1953	-50.2	762.7	0.03	0.0	1
65.61	0	0.0	0.0	0.0	0.0	0.0	0.0	1	1953	-50.2	762.7	0.03	0.0	1
65.71	0	0.0	0.0	0.0	0.0	0.0	0.0	1	1953	-50.2	762.7	0.03	0.0	1
65.81	0	0.0	0.0	0.0	0.0	0.0	0.0	1	1953	-50.2	762.7	0.03	0.0	1
65.91	0	0.0	0.0	0.0	0.0	0.0	0.0	1	1953	-50.2	762.7	0.03	0.0	1
66.01	0	0.0	0.0	0.0	0.0	0.0	0.0	1	1953	-50.2	762.7	0.03	0.0	1
66.11	0	0.0	0.0	0.0	0.0	0.0	0.0	1	1953	-50.2	762.7	0.03	0.0	1
66.21	0	0.0	0.0	0.0	0.0	0.0	0.0	1	1953	-50.2	762.7	0.03	0.0	1
66.31	0	0.0	0.0	0.0	0.0	0.0	0.0	1	1953	-50.2	762.7	0.03	0.0	1
66.41	0	0.0	0.0	0.0	0.0	0.0	0.0	1	1953	-50.2	762.7	0.03	0.0	1
66.51	0	0.0	0.0	0.0	0.0	0.0	0.0	1	1953	-50.2	762.7	0.03	0.0	1
66.61	0	0.0	0.0	0.0	0.0	0.0	0.0	1	1953	-50.2	762.7	0.03	0.0	1
66.71	0	0.0	0.0	0.0	0.0	0.0	0.0	1	1953	-50.2	762.7	0.03	0.0	1
66.81	0	0.0	0.0	0.0	0.0	0.0	0.0	1	1953	-50.2	762.7	0.03	0.0	1
66.91	0	0.0	0.0	0.0	0.0	0.0	0.0	1	1953	-50.2	762.7	0.03	0.0	1
67.01	0	0.0	0.0	0.0	0.0	0.0	0.0	1	1953	-50.2	762.7	0.03	0.0	1
67.11	0	0.0	0.0	0.0	0.0	0.0	0.0	1	1953	-50.2	762.7	0.03	0.0	1
67.21	0	0.0	0.0	0.0	0.0	0.0	0.0	1	1953	-50.2	762.7	0.03	0.0	1
67.31	0	0.0	0.0	0.0	0.0	0.0	0.0	1	1953	-50.2	762.7	0.03	0.0	1
67.41	0	0.0	0.0	0.0	0.0	0.0	0.0	1	1953	-50.2	762.7	0.03	0.0	1
67.51	0	0.0	0.0	0.0	0.0	0.0	0.0	1	1953	-50.2	762.7	0.03	0.0	1
67.61	0	0.0	0.0	0.0	0.0	0.0	0.0	1	1953	-50.2	762.7	0.03	0.0	1
67.71	0	0.0	0.0	0.0	0.0	0.0	0.0	1	1953	-50.2	762.7	0.03	0.0	1
67.85	0	0.0	0.0	0.0	0.0	0.0	0.0	1	1953	-50.2	762.7	0.03	0.0	1
67.95	0	0.0	0.0	0.0	0.0	0.0	0.0	1	1953	-50.2	762.7	0.03	0.0	1
68.05	0	0.0	0.0	0.0	0.0	0.0	0.0	1	1953	-50.2	762.7	0.03	0.0	1
68.15	0	0.0	0.0	0.0	0.0	0.0	0.0	1	1953	-50.2	762.7	0.03	0.0	1
68.25	0	0.0	0.0	0.0	0.0	0.0	0.0	1	1953	-50.2	762.7	0.03	0.0	1
68.35	0	0.0	0.0	0.0	0.0	0.0	0.0	1	1953	-50.2	762.7	0.03	0.0	1
68.45	0	0.0	0.0	0.0	0.0	0.0	0.0	1	1953	-50.2	762.7	0.03	0.0	1
68.55	0	0.0	0.0	0.0	0.0	0.0	0.0	1	1953	-50.2	762.7	0.03	0.0	1
68.65	0	0.0	0.0	0.0	0.0	0.0	0.0	1	1953	-50.2	762.7	0.03	0.0	1
68.75	0	0.0	0.0	0.0	0.0	0.0	0.0	1	1953	-50.2	762.7	0.03	0.0	1
68.85	0	0.0	0.0	0.0	0.0	0.0	0.0	1	1953	-50.2	762.7	0.03	0.0	1
68.95	0	0.0	0.0	0.0	0.0	0.0	0.0	1	1953	-50.2	762.7	0.03	0.0	1
69.05	0	0.0	0.0	0.0	0.0	0.0	0.0	1	1953	-50.2	762.7	0.03	0.0	1
69.15	0	0.0	0.0	0.0	0.0	0.0	0.0	1	1953	-50.2	762.7	0.03	0.0	1
69.25	0	0.0	0.0	0.0	0.0	0.0	0.0	1	1953	-50.2	762.7	0.03	0.0	1
69.35	0	0.0	0.0	0.0	0.0	0.0	0.0	1	1953	-50.2	762.7	0.03	0.0	1
69.45	0	0.0	0.0	0.0	0.0	0.0	0.0	1	1953	-50.2	762.7	0.03	0.0	1
69.55	0	0.0	0.0	0.0	0.0	0.0	0.0	1	1953	-50.2	762.7	0.03	0.0	1
69.65	0	0.0	0.0	0.0	0.0	0.0	0.0	1	1953	-50.2	762.7	0.03	0.0	1
69.75	0	0.0	0.0	0.0	0.0	0.0	0.0	1	1953	-50.2	762.7	0.03	0.0	1
69.85	0	0.0	0.0	0.0	0.0	0.0	0.0	1	1953	-50.2	762.7	0.03	0.0	1
69.95	0	0.0	0.0	0.0	0.0	0.0	0.0	1	1953	-50.2	762.7	0.03	0.0	1
70.05	0	0.0	0.0	0.0	0.0	0.0	0.0	1	1953	-50.2	762.7	0.03	0.0	1
70.15	0	0.0	0.0	0.0	0.0	0.0	0.0	1	1953	-50.2	762.7	0.03	0.0	1
70.25	0	0.0	0.0	0.0	0.0	0.0	0.0	1	1953	-50.2	762.7	0.03	0.0	1
70.35	0	0.0	0.0	0.0	0.0	0.0	0.0	1	1953	-50.2	762.7	0.03	0.0	1
70.45	0	0.0	0.0	0.0	0.0	0.0	0.0	1	1953	-50.2	762.7	0.03	0.0	1
70.55	0	0.0	0.0	0.0	0.0	0.0	0.0	1	1953	-50.2	762.7	0.03	0.0	1
70.65	0	0.0	0.0	0.0	0.0	0.0	0.0	1	1953	-50.2	762.7	0.03	0.0	1
70.76	0	0.0	0.0	0.0	0.0	0.0	0.0	1	1953	-50.2	762.7	0.03	0.0	1
70.86	0	0.0	0.0	0.0	0.0	0.0	0.0	1	1953	-50.2	762.7	0.03	0.0	1
70.96	0	0.0	0.0	0.0	0.0	0.0	0.0	1	1953	-50.2	762.7	0.03	0.0	1
71.06	0	0.0	0.0	0.0	0.0	0.0	0.0	1	1953	-50.2	762.7	0.03	0.0	1
71.16	0	0.0	0.0	0.0	0.0	0.0	0.0	1	1953	-50.2	762.7	0.03	0.0	1
71.26	0	0.0	0.0	0.0	0.0	0.0	0.0	1	1953	-50.2	762.7	0.03	0.0	1
71.36	0	0.0	0.0	0.0	0.0	0.0	0.0	1	1953	-50.2	762.7	0.03	0.0	1
71.46	0	0.0	0.0	0.0	0.0	0.0	0.0	1	1953	-50.2	762.7	0.03	0.0	1
71.56	0	0.0	0.0	0.0	0.0	0.0	0.0	1	1953	-50.2	762.7	0.03	0.0	1
71.66	0	0.0	0.0	0.0	0.0	0.0	0.0	1	1953	-50.2	762.7	0.03	0.0	1
71.76	0	0.0	0.0	0.0	0.0	0.0	0.0	1	1953	-50.2	762.7	0.03	0.0	1
71.88	0	0.0	0.0	0.0	0.0	0.0	0.0	1	1953	-50.2	762.7	0.03	0.0	1
71.98	0	0.0	0.0	0.0	0.0	0.0	0.0	1	1953	-50.2	762.7	0.03	0.0	1
72.08	0	0.0	0.0	0.0	0.0	0.0	0.0	1	1953	-50.2	762.7	0.03	0.0	1
72.18	0	0.0	0.0	0.0	0.0	0.0	0.0	1	1953	-50.2	762.7	0.03	0.0	1
72.28	0	0.0	0.0	0.0	0.0	0.0	0.0	1	1953	-50.2	762.7	0.03	0.0	1
72.38	0	0.0	0.0	0.0	0.0	0.0	0.0	1	1953	-50.2	762.7	0.03	0.0	1
72.48	0	0.0	0.0	0.0	0.0	0.0	0.0	1	1953	-50.2	762.7	0.03	0.0	1
72.58	0	0.0	0.0	0.0	0.0	0.0	0.0	1	1953	-50.2	762.7	0.03	0.0	1
72.68	0	0.0	0.0	0.0	0.0	0.0	0.0	1	1953	-50.2	762.7	0.03	0.0	1
72.78	0	0.0	0.0	0.0	0.0	0.0	0.0	1	1953	-50.2	762.7	0.03	0.0	1
72.88	0	0.0	0.0	0.0	0.0	0.0	0.0	1	1953	-50.2	762.7	0.03	0.0	1
72.98	0	0.0	0.0	0.0	0.0	0.0	0.0	1	1953	-50.2	762.7	0.03	0.0	1
73.08	0	0.0	0.0	0.0	0.0	0.0	0.0	1	1953	-50.2	762.7	0.03	0.0	1
73.18	0	0.0	0.0	0.0	0.0	0.0	0.0	1	1953	-50.2	762.7	0.03	0.0	1
73.28	0	0.0	0.0	0.0	0.0	0.0	0.0	1	1953	-50.2	762.7	0.03	0.0	1
73.38	0	0.0	0.0	0.0	0.0	0.0	0.0	1	1953	-50.2	762.7	0.03	0.0	1
73.48	0	0.0	0.0	0.0	0.0	0.0	0.0	1	1953	-50.2	762.7	0.03	0.0	1
73.58	0	0.0	0.0	0.0	0.0	0.0	0.0	1	1953	-50.2	762.7	0.03	0.0	1
73.68	0	0.0	0.0	0.0	0.0	0.0	0.0	1	1953	-50.2	762.7	0.03	0.0	1
73.78	0	0.0	0.0	0.0	0.0	0.0	0.0	1	1953	-50.2	762.7	0.03	0.0	1
73.88	0	0.0	0.0	0.0	0.0	0.0	0.0	1	1953	-50.2	762.7	0.03	0.0	1
73.98	0	0.0	0.0	0.0	0.0	0.0	0.0	1	1953	-50.2	762.7	0.03	0.0	1
74.1	0	0.0	0.0	0.0	0.0	0.0	0.0	1	1953	-50.2	762.7	0.03	0.0	1
74.18	0	0.0	0.0	0.0	0.0	0.0	0.0	1	1953	-50.2	762.7	0.03	0.0	1
74.28	0	0.0	0.0	0.0	0.0	0.0	0.0	1	1953	-50.2	762.7	0.03	0.0	1
74.38	0	0.0	0.0	0.0	0.0	0.0	0.0	1	1953	-50.2	762.7	0.03	0.0	1
74.48	0	0.0	0.0	0.0	0.0	0.0	0.0	1	1953	-50.2	762.7	0.03	0.0	1
74.58	0	0.0	0.0	0.0	0.0	0.0	0.0	1	1953	-50.2	762.7	0.03	0.0	1
74.68	0	0.0	0.0	0.0	0.0	0.0	0.0	1	1953	-50.2	762.7	0.03	0.0	1
74.78	0	0.0	0.0	0.0	0.0	0.0	0.0	1	1953	-50.2	762.7	0.03	0.0	1
74.88	0	0.0	0.0	0.0	0.0	0.0	0.0	1	1953	-50.2	762.7	0.03	0.0	1
74.98	0	0.0	0.0	0.0	0.0	0.0	0.0	1	1953	-50.2	762.7	0.03	0.0	1
75.08	0	0.0	0.0	0.0	0.0	0.0	0.0	1	1953	-50.2	762.7	0.03	0.0	1
75.18	0	0.0	0.0	0.0	0.0	0.0	0.0	1	1953	-50.2	762.7	0.03	0.0	1
75.28	0	0.0	0.0	0.0	0.0	0.0	0.0	1	1953	-50.2	762.7	0.03	0.0	1
75.38	0	0.0	0.0	0.0	0.0	0.0	0.0	1	1953	-50.2	762.7	0.03	0.0	1
75.48	0	0.0	0.0	0.0	0.0	0.0	0.0	1	1953	-50.2	762.7	0.03	0.0	1
75.58	0	0.0	0.0	0.0	0.0	0.0	0.0	1	1953	-50.2	762.7	0.03	0.0	1
75.68	0	0.0	0.0	0.0	0.0	0.0	0.0	1	1953	-50.2	762.7	0.03	0.0	1
75.78	0	0.0	0.0	0.0	0.0	0.0	0.0	1	1953	-50.2	762.7	0.03	0.0	1
75.88	0	0.0	0.0	0.0	0.0	0.0	0.0	1	1953	-50.2	762.7	0.03	0.0	1
75.98	0	0.0	0.0	0.0	0.0	0.0	0.0	1	1953	-50.2	762.7	0.03	0.0	1
76.08	0	0.0	0.0	0.0	0.0	0.0	0.0	1	1953	-50.2	762.7	0.03	0.0	1
76.18	0	0.0	0.0	0.0	0.0	0.0	0.0	1	1953	-50.2	762.7	0.03	0.0	1
76.28	0	0.0	0.0	0.0	0.0	0.0	0.0	1	1953	-50.2	762.7	0.03	0.0	1
76.38	0	0.0	0.0	0.0	0.0	0.0	0.0	1	1953	-50.2	762.7	0.03	0.0	1
76.48	0	0.0	0.0	0.0	0.0	0.0	0.0	1	1953	-50.2	762.7	0.03	0.0	1
76.58	0	0.0	0.0	0.0	0.0	0.0	0.0	1	1953	-50.2	762.7	0.03	0.0	1
76.68	0	0.0	0.0	0.0	0.0	0.0	0.0	1	1953	-50.2	762.7	0.03	0.0	1
76.78	0	0.0	0.0	0.0	0.0	0.0	0.0	1	1953	-50.2	762.7	0.03	0.0	1
76.88	0	0.0	0.0	0.0	0.0	0.0	0.0	1	1953	-50.2	762.7	0.03	0.0	1
76.98	0	0.0	0.0	0.0	0.0	0.0	0.0	1	1953	-50.2	762.7	0.03	0.0	1
77.08	0	0.0	0.0	0.0	0.0	0.0	0.0	1	1953	-50.2	762.7	0.03	0.0	1
77.18	0	0.0	0.0	0.0	0.0	0.0	0.0	1	1953	-50.2	762.7	0.03	0.0	1
77.28	0	0.0	0.0	0.0	0.0	0.0	0.0	1	1953	-50.2	762.7	0.03	0.0	1
77.38	0	0.0	0.0	0.0	0.0	0.0	0.0	1	1953	-50.2	762.7	0.03	0.0	1
77.48	0	0.0	0.0	0.0	0.0	0.0	0.0	1	1953	-50.2	762.7	0.03	0.0	1
77.58	0	0.0	0.0	0.0	0.0	0.0	0.0	1	1953	-50.2	762.7	0.03	0.0	1
77.68	0	0.0	0.0	0.0	0.0	0.0	0.0	1	1953	-50.2	762.7	0.03	0.0	1
77.78	0	0.0	0.0	0.0	0.0	0.0	0.0	1	1953	-50.2	762.7	0.03	0.0	1
77.91	0	0.0	0.0	0.0	0.0	0.0	0.0	1	1953	-50.2	762.7	0.03	0.0	1
78.02	0	0.0	0.0	0.0	0.0	0.0	0.0	1	1953	-50.2	762.7	0.03	0.0	1
78.11	0	0.0	0.0	0.0	0.0	0.0	0.0	1	1953	-50.2	762.7	0.03	0.0	1
78.21	0	0.0	0.0	0.0	0.0	0.0	0.0	1	1953	-50.2	762.7	0.03	0.0	1
78.31	0	0.0	0.0	0.0	0.0	0.0	0.0	1	1953	-50.2	762.7	0.03	0.0	1
78.42	0	0.0	0.0	0.0	0.0	0.0	0.0	1	1953	-50.2	762.7	0.03	0.0	1
78.51	0	0.0	0.0	0.0	0.0	0.0	0.0	1	1953	-50.2	762.7	0.03	0.0	1
78.61	0	0.0	0.0	0.0	0.0	0.0	0.0	1	1953	-50.2	762.7	0.03	0.0	1
78.71	0	0.0	0.0	0.0	0.0	0.0	0.0	1	1953	-50.2	762.7	0.03	0.0	1
78.81	0	0.0	0.0	0.0	0.0	0.0	0.0	1	1953	-50.2	762.7	0.03	0.0	1
78.91	0	0.0	0.0	0.0	0.0	0.0	0.0	1	1953	-50.2	762.7	0.03	0.0	1
79.01	0	0.0	0.0	0.0	0.0	0.0	0.0	1	1953	-50.2	762.7	0.03	0.0	1
79.11	0	0.0	0.0	0.0	0.0	0.0	0.0	1	1953	-50.2	762.7	0.03	0.0	1
79.21	0	0.0	0.0	0.0	0.0	0.0	0.0	1	1953	-50.2	762.7	0.03	0.0	1
79.31	0	0.0	0.0	0.0	0.0	0.0	0.0	1	1953	-50.2	762.7	0.03	0.0	1
79.41	0	0.0	0.0	0.0	0.0	0.0	0.0	1	1953	-50.2	762.7	0.03	0.0	1
79.51	0	0.0	0.0	0.0	0.0	0.0	0.0	1	1953	-50.2	762.7	0.03	0.0	1
79.61	0	0.0	0.0	0.0	0.0	0.0	0.0	1	1953	-50.2	762.7	0.03	0.0	1
79.71	0	0.0	0.0	0.0	0.0	0.0	0.0	1	1953	-50.2	762.7	0.03	0.0	1
79.81	0	0.0	0.0	0.0	0.0	0.0	0.0	1	1953	-50.2	762.7	0.03	0.0	1
79.91	0	0.0	0.0	0.0	0.0	0.0	0.0	1	1953	-50.2	762.7	0.03	0.0	1
80.01	0	0.0	0.0	0.0	0.0	0.0	0.0	1	1953	-50.2	762.7	0.03	0.0	1
80.11	0	0.0	0.0	0.0	0.0	0.0	0.0	1	1953	-50.2	762.7	0.03	0.0	1
80.21	0	0.0	0.0	0.0	0.0	0.0	0.0	1	1953	-50.2	762.7	0.03	0.0	1
80.31	0	0.0	0.0	0.0	0.0	0.0	0.0	1	1953	-50.2	762.7	0.03	0.0	1
80.41	0	0.0	0.0	0.0	0.0	0.0	0.0	1	1953	-50.2	762.7	0.03	0.0	1
80.51	0	0.0	0.0	0.0	0.0	0.0	0.0	1	1953	-50.2	762.7	0.03	0.0	1
80.61	0	0.0	0.0	0.0	0.0	0.0	0.0	1	1953	-50.2	762.7	0.03	0.0	1
80.71	0	0.0	0.0	0.0	0.0	0.0	0.0	1	1953	-50.2	762.7	0.03	0.0	1
80.81	0	0.0	0.0	0.0	0.0	0.0	0.0	1	1953	-50.2	762.7	0.03	0.0	1
80.93	0	0.0	0.0	0.0	0.0	0.0	0.0	1	1953	-50.2	762.7	0.03	0.0	1
81.04	0	0.0	0.0	0.0	0.0	0.0	0.0	1	1953	-50.2	762.7	0.03	0.0	1
81.14	0	0.0	0.0	0.0	0.0	0.0	0.0	1	1953	-50.2	762.7	0.03	0.0	1
81.24	0	0.0	0.0	0.0	0.0	0.0	0.0	1	1953	-50.2	762.7	0.03	0.0	1
81.34	0	0.0	0.0	0.0	0.0	0.0	0.0	1	1953	-50.2	762.7	0.03	0.0	1
81.44	0	0.0	0.0	0.0	0.0	0.0	0.0	1	1953	-50.2	762.7	0.03	0.0	1
81.54	0	0.0	0.0	0.0	0.0	0.0	0.0	1	1953	-50.2	762.7	0.03	0.0	1
81.64	0	0.0	0.0	0.0	0.0	0.0	0.0	1	1953	-50.2	762.7	0.03	0.0	1
81.74	0	0.0	0.0	0.0	0.0	0.0	0.0	1	1953	-50.2	762.7	0.03	0.0	1
81.84	0	0.0	0.0	0.0	0.0	0.0	0.0	1	1953	-50.2	762.7	0.03	0.0	1
81.94	0	0.0	0.0	0.0	0.0	0.0	0.0	1	1953	-50.2	762.7	0.03	0.0	1
82.04	0	0.0	0.0	0.0	0.0	0.0	0.0	1	1953	-50.2	762.7	0.03	0.0	1
82.14	0	0.0	0.0	0.0	0.0	0.0	0.0	1	1953	-50.2	762.7	0.03	0.0	1
82.24	0	0.0	0.0	0.0	0.0	0.0	0.0	1	1953	-50.2	762.7	0.03	0.0	1
82.34	0	0.0	0.0	0.0	0.0	0.0	0.0	1	1953	-50.2	762.7	0.03	0.0	1
82.44	0	0.0	0.0	0.0	0.0	0.0	0.0	1	1953	-50.2	762.7	0.03	0.0	1
82.54	0	0.0	0.0	0.0	0.0	0.0	0.0	1	1953	-50.2	762.7	0.03	0.0	1
82.64	0	0.0	0.0	0.0	0.0	0.0	0.0	1	1953	-50.2	762.7	0.03	0.0	1
82.74	0	0.0	0.0	0.0	0.0	0.0	0.0	1	1953	-50.2	762.7	0.03	0.0	1
82.84	0	0.0	0.0	0.0	0.0	0.0	0.0	1	1953	-50.2	762.7	0.03	0.0	1
82.95	0	0.0	0.0	0.0	0.0	0.0	0.0	1	1953	-50.2	762.7	0.03	0.0	1
83.05	0	0.0	0.0	0.0	0.0	0.0	0.0	1	1953	-50.2	762.7	0.03	0.0	1
83.15	0	0.0	0.0	0.0	0.0	0.0	0.0	1	1953	-50.2	762.7	0.03	0.0	1
83.25	0	0.0	0.0	0.0	0.0	0.0	0.0	1	1953	-50.2	762.7	0.03	0.0	1
83.35	0	0.0	0.0	0.0	0.0	0.0	0.0	1	1953	-50.2	762.7	0.03	0.0	1
83.45	0	0.0	0.0	0.0	0.0	0.0	0.0	1	1953	-50.2	762.7	0.03	0.0	1
83.55	0	0.0	0.0	0.0	0.0	0.0	0.0	1	1953	-50.2	762.7	0.03	0.0	1
83.65	0	0.0	0.0	0.0	0.0	0.0	0.0	1	1953	-50.2	762.7	0.03	0.0	1
83.75	0	0.0	0.0	0.0	0.0	0.0	0.0	1	1953	-50.2	762.7	0.03	0.0	1
83.85	0	0.0	0.0	0.0	0.0	0.0	0.0	1	1953	-50.2	762.7	0.03	0.0	1
83.95	0	0.0	0.0	0.0	0.0	0.0	0.0	1	1953	-50.2	762.7	0.03	0.0	1
84.05	0	0.0	0.0	0.0	0.0	0.0	0.0	1	1953	-50.2	762.7	0.03	0.0	1
84.15	0	0.0	0.0	0.0	0.0	0.0	0.0	1	1953	-50.2	762.7	0.03	0.0	1
84.25	0	0.0	0.0	0.0	0.0	0.0	0.0	1	1953	-50.2	762.7	0.03	0.0	1
84.35	0	0.0	0.0	0.0	0.0	0.0	0.0	1	1953	-50.2	762.7	0.03	0.0	1
84.45	0	0.0	0.0	0.0	0.0	0.0	0.0	1	1953	-50.2	762.7	0.03	0.0	1
84.55	0	0.0	0.0	0.0	0.0	0.0	0.0	1	1953	-50.2	762.7	0.03	0.0	1
84.65	0	0.0	0.0	0.0	0.0	0.0	0.0	1	1953	-50.2	762.7	0.03	0.0	1
84.75	0	0.0	0.0	0.0	0.0	0.0	0.0	1	1953	-50.2	762.7	0.03	0.0	1
84.85	0	0.0	0.0	0.0	0.0	0.0	0.0	1	1953	-50.2	762.7	0.03	0.0	1
84.95	0	0.0	0.0	0.0	0.0	0.0	0.0	1	1953	-50.2	762.7	0.03	0.0	1
85.05	0	0.0	0.0	0.0	0.0	0.0	0.0	1	1953	-50.2	762.7	0.03	0.0	1
85.15	0	0.0	0.0	0.0	0.0	0.0	0.0	1	1953	-50.2	762.7	0.03	0.0	1
85.25	0	0.0	0.0	0.0	0.0	0.0	0.0	1	1953	-50.2	762.7	0.03	0.0	1
85.35	0	0.0	0.0	0.0	0.0	0.0	0.0	1	1953	-50.2	762.7	0.03	0.0	1
85.45	0	0.0	0.0	0.0	0.0	0.0	0.0	1	1953	-50.2	762.7	0.03	0.0	1
85.55	0	0.0	0.0	0.0	0.0	0.0	0.0	1	1953	-50.2	762.7	0.03	0.0	1
85.65	0	0.0	0.0	0.0	0.0	0.0	0.0	1	1953	-50.2	762.7	0.03	0.0	1
85.75	0	0.0	0.0	0.0	0.0	0.0	0.0	1	1953	-50.2	762.7	0.03	0.0	1
85.85	0	0.0	0.0	0.0	0.0	0.0	0.0	1	1953	-50.2	762.7	0.03	0.0	1
85.95	0	0.0	0.0	0.0	0.0	0.0	0.0	1	1953	-50.2	762.7	0.03	0.0	1
86.05	0	0.0	0.0	0.0	0.0	0.0	0.0	1	1953	-50.2	762.7	0.03	0.0	1
86.15	0	0.0	0.0	0.0	0.0	0.0	0.0	1	1953	-50.2	762.7	0.03	0.0	1
86.25	0	0.0	0.0	0.0	0.0	0.0	0.0	1	1953	-50.2	762.7	0.03	0.0	1
86.35	0	0.0	0.0	0.0	0.0	0.0	0.0	1	1953	-50.2	762.7	0.03	0.0	1
86.45	0	0.0	0.0	0.0	0.0	0.0	0.0	1	1953	-50.2	762.7	0.03	0.0	1
86.55	0	0.0	0.0	0.0	0.0	0.0	0.0	1	1953	-50.2	762.7	0.03	0.0	1
86.65	0	0.0	0.0	0.0	0.0	0.0	0.0	1	1953	-50.2	762.7	0.03	0.0	1
86.75	0	0.0	0.0	0.0	0.0	0.0	0.0	1	1953	-50.2	762.7	0.03	0.0	1
86.85	0	0.0	0.0	0.0	0.0	0.0	0.0	1	1953	-50.2	762.7	0.03	0.0	1
86.95	0	0.0	0.0	0.0	0.0	0.0	0.0	1	1953	-50.2	762.7	0.03	0.0	1
87.05	0	0.0	0.0	0.0	0.0	0.0	0.0	1	1953	-50.2	762.7	0.03	0.0	1
87.15	0	0.0	0.0	0.0	0.0	0.0	0.0	1	1953	-50.2	762.7	0.03	0.0	1
87.25	0	0.0	0.0	0.0	0.0	0.0	0.0	1	1953	-50.2	762.7	0.03	0.0	1
87.35	0	0.0	0.0	0.0	0.0	0.0	0.0	1	1953	-50.2	762.7	0.03	0.0	1
87.45	0	0.0	0.0	0.0	0.0	0.0	0.0	1	1953	-50.2	762.7	0.03	0.0	1
87.55	0	0.0	0.0	0.0	0.0	0.0	0.0	1	1953	-50.2	762.7	0.03	0.0	1
87.65	0	0.0	0.0	0.0	0.0	0.0	0.0	1	1953	-50.2	762.7	0.03	0.0	1
87.75	0	0.0	0.0	0.0	0.0	0.0	0.0	1	1953	-50.2	762.7	0.03	0.0	1
87.88	0	0.0	0.0	0.0	0.0	0.0	0.0	1	1953	-50.2	762.7	0.03	0.0	1
87.99	0	0.0	0.0	0.0	0.0	0.0	0.0	1	1953	-50.2	762.7	0.03	0.0	1
88.08	0	0.0	0.0	0.0	0.0	0.0	0.0	1	1953	-50.2	762.7	0.03	0.0	1
88.18	0	0.0	0.0	0.0	0.0	0.0	0.0	1	1953	-50.2	762.7	0.03	0.0	1
88.28	0	0.0	0.0	0.0	0.0	0.0	0.0	1	1953	-50.2	762.7	0.03	0.0	1
88.38	0	0.0	0.0	0.0	0.0	0.0	0.0	1	1953	-50.2	762.7	0.03	0.0	1
88.48	0	0.0	0.0	0.0	0.0	0.0	0.0	1	1953	-50.2	762.7	0.03	0.0	1
88.58	0	0.0	0.0	0.0	0.0	0.0	0.0	1	1953	-50.2	762.7	0.03	0.0	1
88.68	0	0.0	0.0	0.0	0.0	0.0	0.0	1	1953	-50.2	762.7	0.03	0.0	1
88.79	0	0.0	0.0	0.0	0.0	0.0	0.0	1	1953	-50.2	762.7	0.03	0.0	1
88.91	0	0.0	0.0	0.0	0.0	0.0	0.0	1	1953	-50.2	762.7	0.03	0.0	1
89.01	0	0.0	0.0	0.0	0.0	0.0	0.0	1	1953	-50.2	762.7	0.03	0.0	1
89.11	0	0.0	0.0	0.0	0.0	0.0	0.0	1	1953	-50.2	762.7	0.03	0.0	1
89.21	0	0.0	0.0	0.0	0.0	0.0	0.0	1	1953	-50.2	762.7	0.03	0.0	1
89.31	0	0.0	0.0	0.0	0.0	0.0	0.0	1	1953	-50.2	762.7	0.03	0.0	1
89.41	0	0.0	0.0	0.0	0.0	0.0	0.0	1	1953	-50.2	762.7	0.03	0.0	1
89.51	0	0.0	0.0	0.0	0.0	0.0	0.0	1	1953	-50.2	762.7	0.03	0.0	1
89.61	0	0.0	0.0	0.0	0.0	0.0	0.0	1	1953	-50.2	762.7	0.03	0.0	1
89.71	0	0.0	0.0	0.0	0.0	0.0	0.0	1	1953	-50.2	762.7	0.03	0.0	1
89.81	0	0.0	0.0	0.0	0.0	0.0	0.0	1	1953	-50.2	762.7	0.03	0.0	1
89.91	0	0.0	0.0	0.0	0.0	0.0	0.0	1	1953	-50.2	762.7	0.04	0.0	1
90.01	0	0.0	0.0	0.0	0.0	0.0	0.0	1	1953	-50.2	762.7	0.04	0.0	1
90.11	0	0.0	0.0	0.0	0.0	0.0	0.0	1	1953	-50.2	762.7	0.04	0.0	1
90.21	0	0.0	0.0	0.0	0.0	0.0	0.0	1	1953	-50.2	762.7	0.04	0.0	1
90.31	0	0.0	0.0	0.0	0.0	0.0	0.0	1	1953	-50.2	762.7	0.04	0.0	1
90.41	0	0.0	0.0	0.0	0.0	0.0	0.0	1	1953	-50.2	762.7	0.04	0.0	1
90.51	0	0.0	0.0	0.0	0.0	0.0	0.0	1	1953	-50.2	762.7	0.04	0.0	1
90.61	0	0.0	0.0	0.0	0.0	0.0	0.0	1	1953	-50.2	762.7	0.04	0.0	1
90.71	0	0.0	0.0	0.0	0.0	0.0	0.0	1	1953	-50.2	762.7	0.04	0.0	1
90.81	0	0.0	0.0	0.0	0.0	0.0	0.0	1	1953	-50.2	762.7	0.04	0.0	1
90.91	0	0.0	0.0	0.0	0.0	0.0	0.0	1	1953	-50.2	762.7	0.04	0.0	1
91.01	0	0.0	0.0	0.0	0.0	0.0	0.0	1	1953	-50.2	762.7	0.04	0.0	1
91.11	0	0.0	0.0	0.0	0.0	0.0	0.0	1	1953	-50.2	762.7	0.04	0.0	1
91.21	0	0.0	0.0	0.0	0.0	0.0	0.0	1	1953	-50.2	762.7	0.04	0.0	1
91.31	0	0.0	0.0	0.0	0.0	0.0	0.0	1	1953	-50.2	762.7	0.04	0.0	1
91.41	0	0.0	0.0	0.0	0.0	0.0	0.0	1	1953	-50.2	762.7	0.04	0.0	1
91.51	0	0.0	0.0	0.0	0.0	0.0	0.0	1	1953	-50.2	762.7	0.04	0.0	1
91.61	0	0.0	0.0	0.0	0.0	0.0	0.0	1	1953	-50.2	762.7	0.04	0.0	1
91.71	0	0.0	0.0	0.0	0.0	0.0	0.0	1	1953	-50.2	762.7	0.04	0.0	1
91.81	0	0.0	0.0	0.0	0.0	0.0	0.0	1	1953	-50.2	762.7	0.04	0.0	1
91.91	0	0.0	0.0	0.0	0.0	0.0	0.0	1	1953	-50.2	762.7	0.04	0.0	1
92.01	0	0.0	0.0	0.0	0.0	0.0	0.0	1	1953	-50.2	762.7	0.04	0.0	1
92.11	0	0.0	0.0	0.0	0.0	0.0	0.0	1	1953	-50.2	762.7	0.04	0.0	1
92.21	0	0.0	0.0	0.0	0.0	0.0	0.0	1	1953	-50.2	762.7	0.04	0.0	1
92.31	0	0.0	0.0	0.0	0.0	0.0	0.0	1	1953	-50.2	762.7	0.04	0.0	1
92.41	0	0.0	0.0	0.0	0.0	0.0	0.0	1	1953	-50.2	762.7	0.04	0.0	1
92.51	0	0.0	0.0	0.0	0.0	0.0	0.0	1	1953	-50.2	762.7	0.04	0.0	1
92.61	0	0.0	0.0	0.0	0.0	0.0	0.0	1	1953	-50.2	762.7	0.04	0.0	1
92.71	0	0.0	0.0	0.0	0.0	0.0	0.0	1	1953	-50.2	762.7	0.04	0.0	1
92.81	0	0.0	0.0	0.0	0.0	0.0	0.0	1	1953	-50.2	762.7	0.04	0.0	1
92.91	0	0.0	0.0	0.0	0.0	0.0	0.0	1	1953	-50.2	762.7	0.04	0.0	1
93.01	0	0.0	0.0	0.0	0.0	0.0	0.0	1	1953	-50.2	762.7	0.04	0.0	1
93.11	0	0.0	0.0	0.0	0.0	0.0	0.0	1	1953	-50.2	762.7	0.04	0.0	1
93.21	0	0.0	0.0	0.0	0.0	0.0	0.0	1	1953	-50.2	762.7	0.04	0.0	1
93.31	0	0.0	0.0	0.0	0.0	0.0	0.0	1	1953	-50.2	762.7	0.04	0.0	1
93.41	0	0.0	0.0	0.0	0.0	0.0	0.0	1	1953	-50.2	762.7	0.04	0.0	1
93.51	0	0.0	0.0	0.0	0.0	0.0	0.0	1	1953	-50.2	762.7	0.04	0.0	1
93.61	0	0.0	0.0	0.0	0.0	0.0	0.0	1	1953	-50.2	762.7	0.04	0.0	1
93.71	0	0.0	0.0	0.0	0.0	0.0	0.0	1	1953	-50.2	762.7	0.04	0.0	1
93.81	0	0.0	0.0	0.0	0.0	0.0	0.0	1	1953	-50.2	762.7	0.04	0.0	1
93.91	0	0.0	0.0	0.0	0.0	0.0	0.0	1	1953	-50.2	762.7	0.04	0.0	1
94.01	0	0.0	0.0	0.0	0.0	0.0	0.0	1	1953	-50.2	762.7	0.04	0.0	1
94.11	0	0.0	0.0	0.0	0.0	0.0	0.0	1	1953	-50.2	762.7	0.04	0.0	1
94.21	0	0.0	0.0	0.0	0.0	0.0	0.0	1	1953	-50.2	762.7	0.04	0.0	1
94.31	0	0.0	0.0	0.0	0.0	0.0	0.0	1	1953	-50.2	762.7	0.04	0.0	1
94.41	0	0.0	0.0	0.0	0.0	0.0	0.0	1	1953	-50.2	762.7	0.04	0.0	1
94.51	0	0.0	0.0	0.0	0.0	0.0	0.0	1	1953	-50.2	762.7	0.04	0.0	1
94.61	0	0.0	0.0	0.0	0.0	0.0	0.0	1	1953	-50.2	762.7	0.04	0.0	1
94.71	0	0.0	0.0	0.0	0.0	0.0	0.0	1	1953	-50.2	762.7	0.04	0.0	1
94.81	0	0.0	0.0	0.0	0.0	0.0	0.0	1	1953	-50.2	762.7	0.04	0.0	1
94.91	0	0.0	0.0	0.0	0.0	0.0	0.0	1	1953	-50.2	762.7	0.04	0.0	1
95.01	0	0.0	0.0	0.0	0.0	0.0	0.0	1	1953	-50.2	762.7	0.04	0.0	1
95.11	0	0.0	0.0	0.0	0.0	0.0	0.0	1	1953	-50.2	762.7	0.04	0.0	1
95.22	0	0.0	0.0	0.0	0.0	0.0	0.0	1	1953	-50.2	762.7	0.04	0.0	1
95.31	0	0.0	0.0	0.0	0.0	0.0	0.0	1	1953	-50.2	762.7	0.04	0.0	1
95.41	0	0.0	0.0	0.0	0.0	0.0	0.0	1	1953	-50.2	762.7	0.04	0.0	1
95.51	0	0.0	0.0	0.0	0.0	0.0	0.0	1	1953	-50.2	762.7	0.04	0.0	1
95.61	0	0.0	0.0	0.0	0.0	0.0	0.0	1	1953	-50.2	762.7	0.04	0.0	1
95.71	0	0.0	0.0	0.0	0.0	0.0	0.0	1	1953	-50.2	762.7	0.04	0.0	1
95.81	0	0.0	0.0	0.0	0.0	0.0	0.0	1	1953	-50.2	762.7	0.04	0.0	1
95.91	0	0.0	0.0	0.0	0.0	0.0	0.0	1	1953	-50.2	762.7	0.04	0.0	1
96.03	0	0.0	0.0	0.0	0.0	0.0	0.0	1	1953	-50.2	762.7	0.04	0.0	1
96.14	0	0.0	0.0	0.0	0.0	0.0	0.0	1	1953	-50.2	762.7	0.04	0.0	1
96.24	0	0.0	0.0	0.0	0.0	0.0	0.0	1	1953	-50.2	762.7	0.04	0.0	1
96.34	0	0.0	0.0	0.0	0.0	0.0	0.0	1	1953	-50.2	762.7	0.04	0.0	1
96.44	0	0.0	0.0	0.0	0.0	0.0	0.0	1	1953	-50.2	762.7	0.04	0.0	1
96.54	0	0.0	0.0	0.0	0.0	0.0	0.0	1	1953	-50.2	762.7	0.04	0.0	1
96.64	0	0.0	0.0	0.0	0.0	0.0	0.0	1	1953	-50.2	762.7	0.04	0.0	1
96.74	0	0.0	0.0	0.0	0.0	0.0	0.0	1	1953	-50.2	762.7	0.04	0.0	1
96.84	0	0.0	0.0	0.0	0.0	0.0	0.0	1	1953	-50.2	762.7	0.04	0.0	1
96.94	0	0.0	0.0	0.0	0.0	0.0	0.0	1	1953	-50.2	762.7	0.04	0.0	1
97.04	0	0.0	0.0	0.0	0.0	0.0	0.0	1	1953	-50.2	762.7	0.04	0.0	1
97.14	0	0.0	0.0	0.0	0.0	0.0	0.0	1	1953	-50.2	762.7	0.04	0.0	1
97.24	0	0.0	0.0	0.0	0.0	0.0	0.0	1	1953	-50.2	762.7	0.04	0.0	1
97.34	0	0.0	0.0	0.0	0.0	0.0	0.0	1	1953	-50.2	762.7	0.04	0.0	1
97.44	0	0.0	0.0	0.0	0.0	0.0	0.0	1	1953	-50.2	762.7	0.04	0.0	1
97.54	0	0.0	0.0	0.0	0.0	0.0	0.0	1	1953	-50.2	762.7	0.04	0.0	1
97.64	0	0.0	0.0	0.0	0.0	0.0	0.0	1	1953	-50.2	762.7	0.04	0.0	1
97.74	0	0.0	0.0	0.0	0.0	0.0	0.0	1	1953	-50.2	762.7	0.04	0.0	1
97.88	0	0.0	0.0	0.0	0.0	0.0	0.0	1	1953	-50.2	762.7	0.04	0.0	1
97.98	0	0.0	0.0	0.0	0.0	0.0	0.0	1	1953	-50.2	762.7	0.04	0.0	1
98.08	0	0.0	0.0	0.0	0.0	0.0	0.0	1	1953	-50.2	762.7	0.04	0.0	1
98.18	0	0.0	0.0	0.0	0.0	0.0	0.0	1	1953	-50.2	762.7	0.04	0.0	1
98.28	0	0.0	0.0	0.0	0.0	0.0	0.0	1	1953	-50.2	762.7	0.04	0.0	1
98.38	0	0.0	0.0	0.0	0.0	0.0	0.0	1	1953	-50.2	762.7	0.04	0.0	1
98.48	0	0.0	0.0	0.0	0.0	0.0	0.0	1	1953	-50.2	762.7	0.04	0.0	1
98.58	0	0.0	0.0	0.0	0.0	0.0	0.0	1	1953	-50.2	762.7	0.04	0.0	1
98.68	0	0.0	0.0	0.0	0.0	0.0	0.0	1	1953	-50.2	762.7	0.04	0.0	1
98.78	0	0.0	0.0	0.0	0.0	0.0	0.0	1	1953	-50.2	762.7	0.04	0.0	1
98.88	0	0.0	0.0	0.0	0.0	0.0	0.0	1	1953	-50.2	762.7	0.04	0.0	1
98.98	0	0.0	0.0	0.0	0.0	0.0	0.0	1	1953	-50.2	762.7	0.04	0.0	1
99.08	0	0.0	0.0	0.0	0.0	0.0	0.0	1	1953	-50.2	762.7	0.04	0.0	1
99.18	0	0.0	0.0	0.0	0.0	0.0	0.0	1	1953	-50.2	762.7	0.04	0.0	1
99.28	0	0.0	0.0	0.0	0.0	0.0	0.0	1	1953	-50.2	762.7	0.04	0.0	1
99.38	0	0.0	0.0	0.0	0.0	0.0	0.0	1	1953	-50.2	762.7	0.04	0.0	1
99.48	0	0.0	0.0	0.0	0.0	0.0	0.0	1	1953	-50.2	762.7	0.04	0.0	1
99.58	0	0.0	0.0	0.0	0.0	0.0	0.0	1	1953	-50.2	762.7	0.04	0.0	1
99.68	0	0.0	0.0	0.0	0.0	0.0	0.0	1	1953	-50.2	762.7	0.04	0.0	1
99.78	0	0.0	0.0	0.0	0.0	0.0	0.0	1	1953	-50.2	762.7	0.04	0.0	1
99.88	0	0.0	0.0	0.0	0.0	0.0	0.0	1	1953	-50.2	762.7	0.04	0.0	1
99.98	0	0.0	0.0	0.0	0.0	0.0	0.0	1	1953	-50.2	762.7	0.04	0.0	1
100.08	0	0.0	0.0	0.0	0.0	0.0	0.0	1	1953	-50.2	762.7	0.04	0.0	1
100.18	0	0.0	0.0	0.0	0.0	0.0	0.0	1	1953	-50.2	762.7	0.04	0.0	1
100.28	0	0.0	0.0	0.0	0.0	0.0	0.0	1	1953	-50.2	762.7	0.04	0.0	1
100.38	0	0.0	0.0	0.0	0.0	0.0	0.0	1	1953	-50.2	762.7	0.04	0.0	1
100.48	0	0.0	0.0	0.0	0.0	0.0	0.0	1	1953	-50.2	762.7	0.04	0.0	1
100.58	0	0.0	0.0	0.0	0.0	0.0	0.0	1	1953	-50.2	762.7	0.04	0.0	1
100.68	0	0.0	0.0	0.0	0.0	0.0	0.0	1	1953	-50.2	762.7	0.04	0.0	1
100.78	0	0.0	0.0	0.0	0.0	0.0	0.0	1	1953	-50.2	762.7	0.04	0.0	1
100.88	0	0.0	0.0	0.0	0.0	0.0	0.0	1	1953	-50.2	762.7	0.04	0.0	1
100.98	0	0.0	0.0	0.0	0.0	0.0	0.0	1	1953	-50.2	762.7	0.04	0.0	1
101.08	0	0.0	0.0	0.0	0.0	0.0	0.0	1	1953	-50.2	762.7	0.04	0.0	1
101.18	0	0.0	0.0	0.0	0.0	0.0	0.0	1	1953	-50.2	762.7	0.04	0.0	1
101.28	0	0.0	0.0	0.0	0.0	0.0	0.0	1	1953	-50.2	762.7	0.04	0.0	1
101.38	0	0.0	0.0	0.0	0.0	0.0	0.0	1	1953	-50.2	762.7	0.04	0.0	1
101.48	0	0.0	0.0	0.0	0.0	0.0	0.0	1	1953	-50.2	762.7	0.04	0.0	1
101.58	0	0.0	0.0	0.0	0.0	0.0	0.0	1	1953	-50.2	762.7	0.04	0.0	1
101.68	0	0.0	0.0	0.0	0.0	0.0	0.0	1	1953	-50.2	762.7	0.04	0.0	1
101.78	0	0.0	0.0	0.0	0.0	0.0	0.0	1	1953	-50.2	762.7	0.04	0.0	1
101.88	0	0.0	0.0	0.0	0.0	0.0	0.0	1	1953	-50.2	762.7	0.04	0.0	1
101.98	0	0.0	0.0	0.0	0.0	0.0	0.0	1	1953	-50.2	762.7	0.04	0.0	1
102.08	0	0.0	0.0	0.0	0.0	0.0	0.0	1	1953	-50.2	762.7	0.04	0.0	1
102.18	0	0.0	0.0	0.0	0.0	0.0	0.0	1	1953	-50.2	762.7	0.04	0.0	1
102.28	0	0.0	0.0	0.0	0.0	0.0	0.0	1	1953	-50.2	762.7	0.04	0.0	1
102.38	0	0.0	0.0	0.0	0.0	0.0	0.0	1	1953	-50.2	762.7	0.04	0.0	1
102.48	0	0.0	0.0	0.0	0.0	0.0	0.0	1	1953	-50.2	762.7	0.04	0.0	1
102.58	0	0.0	0.0	0.0	0.0	0.0	0.0	1	1953	-50.2	762.7	0.04	0.0	1
102.7	0	0.0	0.0	0.0	0.0	0.0	0.0	1	1953	-50.2	762.7	0.04	0.0	1
102.78	0	0.0	0.0	0.0	0.0	0.0	0.0	1	1953	-50.2	762.7	0.04	0.0	1
102.88	0	0.0	0.0	0.0	0.0	0.0	0.0	1	1953	-50.2	762.7	0.04	0.0	1
102.98	0	0.0	0.0	0.0	0.0	0.0	0.0	1	1953	-50.2	762.7	0.04	0.0	1
103.08	0	0.0	0.0	0.0	0.0	0.0	0.0	1	1953	-50.2	762.7	0.04	0.0	1
103.18	0	0.0	0.0	0.0	0.0	0.0	0.0	1	1953	-50.2	762.7	0.04	0.0	1
103.28	0	0.0	0.0	0.0	0.0	0.0	0.0	1	1953	-50.2	762.7	0.04	0.0	1
103.38	0	0.0	0.0	0.0	0.0	0.0	0.0	1	1953	-50.2	762.7	0.04	0.0	1
103.48	0	0.0	0.0	0.0	0.0	0.0	0.0	1	1953	-50.2	762.7	0.04	0.0	1
103.58	0	0.0	0.0	0.0	0.0	0.0	0.0	1	1953	-50.2	762.7	0.04	0.0	1
103.68	0	0.0	0.0	0.0	0.0	0.0	0.0	1	1953	-50.2	762.7	0.04	0.0	1
103.78	0	0.0	0.0	0.0	0.0	0.0	0.0	1	1953	-50.2	762.7	0.04	0.0	1
103.88	0	0.0	0.0	0.0	0.0	0.0	0.0	1	1953	-50.2	762.7	0.04	0.0	1
103.98	0	0.0	0.0	0.0	0.0	0.0	0.0	1	1953	-50.2	762.7	0.04	0.0	1
104.08	0	0.0	0.0	0.0	0.0	0.0	0.0	1	1953	-50.2	762.7	0.04	0.0	1
104.18	0	0.0	0.0	0.0	0.0	0.0	0.0	1	1953	-50.2	762.7	0.04	0.0	1
104.28	0	0.0	0.0	0.0	0.0	0.0	0.0	1	1953	-50.2	762.7	0.04	0.0	1
104.38	0	0.0	0.0	0.0	0.0	0.0	0.0	1	1953	-50.2	762.7	0.04	0.0	1
104.5	0	0.0	0.0	0.0	0.0	0.0	0.0	1	1953	-50.2	762.7	0.04	0.0	1
104.59	0	0.0	0.0	0.0	0.0	0.0	0.0	1	1953	-50.2	762.7	0.04	0.0	1
104.71	0	0.0	0.0	0.0	0.0	0.0	0.0	1	1953	-50.2	762.7	0.04	0.0	1
104.81	0	0.0	0.0	0.0	0.0	0.0	0.0	1	1953	-50.2	762.7	0.04	0.0	1
104.91	0	0.0	0.0	0.0	0.0	0.0	0.0	1	1953	-50.2	762.7	0.04	0.0	1
105.01	0	0.0	0.0	0.0	0.0	0.0	0.0	1	1953	-50.2	762.7	0.04	0.0	1
105.11	0	0.0	0.0	0.0	0.0	0.0	0.0	1	1953	-50.2	762.7	0.04	0.0	1
105.21	0	0.0	0.0	0.0	0.0	0.0	0.0	1	1953	-50.2	762.7	0.04	0.0	1
105.31	0	0.0	0.0	0.0	0.0	0.0	0.0	1	1953	-50.2	762.7	0.04	0.0	1
105.41	0	0.0	0.0	0.0	0.0	0.0	0.0	1	1953	-50.2	762.7	0.04	0.0	1
105.51	0	0.0	0.0	0.0	0.0	0.0	0.0	1	1953	-50.2	762.7	0.04	0.0	1
105.61	0	0.0	0.0	0.0	0.0	0.0	0.0	1	1953	-50.2	762.7	0.04	0.0	1
105.71	0	0.0	0.0	0.0	0.0	0.0	0.0	1	1953	-50.2	762.7	0.04	0.0	1
105.81	0	0.0	0.0	0.0	0.0	0.0	0.0	1	1953	-50.2	762.7	0.04	0.0	1
105.91	0	0.0	0.0	0.0	0.0	0.0	0.0	1	1953	-50.2	762.7	0.04	0.0	1
106.01	0	0.0	0.0	0.0	0.0	0.0	0.0	1	1953	-50.2	762.7	0.04	0.0	1
106.11	0	0.0	0.0	0.0	0.0	0.0	0.0	1	1953	-50.2	762.7	0.04	0.0	1
106.21	0	0.0	0.0	0.0	0.0	0.0	0.0	1	1953	-50.2	762.7	0.04	0.0	1
106.31	0	0.0	0.0	0.0	0.0	0.0	0.0	1	1953	-50.2	762.7	0.04	0.0	1
106.41	0	0.0	0.0	0.0	0.0	0.0	0.0	1	1953	-50.2	762.7	0.04	0.0	1
106.53	0	0.0	0.0	0.0	0.0	0.0	0.0	1	1953	-50.2	762.7	0.04	0.0	1
106.61	0	0.0	0.0	0.0	0.0	0.0	0.0	1	1953	-50.2	762.7	0.04	0.0	1
106.71	0	0.0	0.0	0.0	0.0	0.0	0.0	1	1953	-50.2	762.7	0.04	0.0	1
106.81	0	0.0	0.0	0.0	0.0	0.0	0.0	1	1953	-50.2	762.7	0.04	0.0	1
106.91	0	0.0	0.0	0.0	0.0	0.0	0.0	1	1953	-50.2	762.7	0.04	0.0	1
107.01	0	0.0	0.0	0.0	0.0	0.0	0.0	1	1953	-50.2	762.7	0.04	0.0	1
107.11	0	0.0	0.0	0.0	0.0	0.0	0.0	1	1953	-50.2	762.7	0.04	0.0	1
107.21	0	0.0	0.0	0.0	0.0	0.0	0.0	1	1953	-50.2	762.7	0.04	0.0	1
107.31	0	0.0	0.0	0.0	0.0	0.0	0.0	1	1953	-50.2	762.7	0.04	0.0	1
107.41	0	0.0	0.0	0.0	0.0	0.0	0.0	1	1953	-50.2	762.7	0.04	0.0	1
107.51	0	0.0	0.0	0.0	0.0	0.0	0.0	1	1953	-50.2	762.7	0.04	0.0	1
107.61	0	0.0	0.0	0.0	0.0	0.0	0.0	1	1953	-50.2	762.7	0.04	0.0	1
107.71	0	0.0	0.0	0.0	0.0	0.0	0.0	1	1953	-50.2	762.7	0.04	0.0	1
107.85	0	0.0	0.0	0.0	0.0	0.0	0.0	1	1953	-50.2	762.7	0.04	0.0	1
107.95	0	0.0	0.0	0.0	0.0	0.0	0.0	1	1953	-50.2	762.7	0.04	0.0	1
108.05	0	0.0	0.0	0.0	0.0	0.0	0.0	1	1953	-50.2	762.7	0.04	0.0	1
108.15	0	0.0	0.0	0.0	0.0	0.0	0.0	1	1953	-50.2	762.7	0.04	0.0	1
108.25	0	0.0	0.0	0.0	0.0	0.0	0.0	1	1953	-50.2	762.7	0.04	0.0	1
108.35	0	0.0	0.0	0.0	0.0	0.0	0.0	1	1953	-50.2	762.7	0.04	0.0	1
108.45	0	0.0	0.0	0.0	0.0	0.0	0.0	1	1953	-50.2	762.7	0.04	0.0	1
108.55	0	0.0	0.0	0.0	0.0	0.0	0.0	1	1953	-50.2	762.7	0.04	0.0	1
108.65	0	0.0	0.0	0.0	0.0	0.0	0.0	1	1953	-50.2	762.7	0.04	0.0	1
108.75	0	0.0	0.0	0.0	0.0	0.0	0.0	1	1953	-50.2	762.7	0.04	0.0	1
108.85	0	0.0	0.0	0.0	0.0	0.0	0.0	1	1953	-50.2	762.7	0.04	0.0	1
108.95	0	0.0	0.0	0.0	0.0	0.0	0.0	1	1953	-50.2	762.7	0.04	0.0	1
109.05	0	0.0	0.0	0.0	0.0	0.0	0.0	1	1953	-50.2	762.7	0.04	0.0	1
109.15	0	0.0	0.0	0.0	0.0	0.0	0.0	1	1953	-50.2	762.7	0.04	0.0	1
109.25	0	0.0	0.0	0.0	0.0	0.0	0.0	1	1953	-50.2	762.7	0.04	0.0	1
109.35	0	0.0	0.0	0.0	0.0	0.0	0.0	1	1953	-50.2	762.7	0.04	0.0	1
109.45	0	0.0	0.0	0.0	0.0	0.0	0.0	1	1953	-50.2	762.7	0.04	0.0	1
109.55	0	0.0	0.0	0.0	0.0	0.0	0.0	1	1953	-50.2	762.7	0.04	0.0	1
109.65	0	0.0	0.0	0.0	0.0	0.0	0.0	1	1953	-50.2	762.7	0.04	0.0	1
109.75	0	0.0	0.0	0.0	0.0	0.0	0.0	1	1953	-50.2	762.7	0.04	0.0	1
109.85	0	0.0	0.0	0.0	0.0	0.0	0.0	1	1953	-50.2	762.7	0.04	0.0	1
109.95	0	0.0	0.0	0.0	0.0	0.0	0.0	1	1953	-50.2	762.7	0.04	0.0	1
110.05	0	0.0	0.0	0.0	0.0	0.0	0.0	1	1953	-50.2	762.7	0.04	0.0	1
110.15	0	0.0	0.0	0.0	0.0	0.0	0.0	1	1953	-50.2	762.7	0.04	0.0	1
110.25	0	0.0	0.0	0.0	0.0	0.0	0.0	1	1953	-50.2	762.7	0.04	0.0	1
110.35	0	0.0	0.0	0.0	0.0	0.0	0.0	1	1953	-50.2	762.7	0.04	0.0	1
110.46	0	0.0	0.0	0.0	0.0	0.0	0.0	1	1953	-50.2	762.7	0.04	0.0	1
110.56	0	0.0	0.0	0.0	0.0	0.0	0.0	1	1953	-50.2	762.7	0.04	0.0	1
110.66	0	0.0	0.0	0.0	0.0	0.0	0.0	1	1953	-50.2	762.7	0.04	0.0	1
110.76	0	0.0	0.0	0.0	0.0	0.0	0.0	1	1953	-50.2	762.7	0.04	0.0	1
110.86	0	0.0	0.0	0.0	0.0	0.0	0.0	1	1953	-50.2	762.7	0.04	0.0	1
110.96	0	0.0	0.0	0.0	0.0	0.0	0.0	1	1953	-50.2	762.7	0.04	0.0	1
111.06	0	0.0	0.0	0.0	0.0	0.0	0.0	1	1953	-50.2	762.7	0.04	0.0	1
111.16	0	0.0	0.0	0.0	0.0	0.0	0.0	1	1953	-50.2	762.7	0.04	0.0	1
111.26	0	0.0	0.0	0.0	0.0	0.0	0.0	1	1953	-50.2	762.7	0.04	0.0	1
111.36	0	0.0	0.0	0.0	0.0	0.0	0.0	1	1953	-50.2	762.7	0.04	0.0	1
111.46	0	0.0	0.0	0.0	0.0	0.0	0.0	1	1953	-50.2	762.7	0.04	0.0	1
111.56	0	0.0	0.0	0.0	0.0	0.0	0.0	1	1953	-50.2	762.7	0.04	0.0	1
111.66	0	0.0	0.0	0.0	0.0	0.0	0.0	1	1953	-50.2	762.7	0.04	0.0	1
111.76	0	0.0	0.0	0.0	0.0	0.0	0.0	1	1953	-50.2	762.7	0.04	0.0	1
111.86	0	0.0	0.0	0.0	0.0	0.0	0.0	1	1953	-50.2	762.7	0.04	0.0	1
111.96	0	0.0	0.0	0.0	0.0	0.0	0.0	1	1953	-50.2	762.7	0.04	0.0	1
112.06	0	0.0	0.0	0.0	0.0	0.0	0.0	1	1953	-50.2	762.7	0.04	0.0	1
112.16	0	0.0	0.0	0.0	0.0	0.0	0.0	1	1953	-50.2	762.7	0.04	0.0	1
112.26	0	0.0	0.0	0.0	0.0	0.0	0.0	1	1953	-50.2	762.7	0.04	0.0	1
112.36	0	0.0	0.0	0.0	0.0	0.0	0.0	1	1953	-50.2	762.7	0.04	0.0	1
112.46	0	0.0	0.0	0.0	0.0	0.0	0.0	1	1953	-50.2	762.7	0.04	0.0	1
112.56	0	0.0	0.0	0.0	0.0	0.0	0.0	1	1953	-50.2	762.7	0.04	0.0	1
112.66	0	0.0	0.0	0.0	0.0	0.0	0.0	1	1953	-50.2	762.7	0.04	0.0	1
112.76	0	0.0	0.0	0.0	0.0	0.0	0.0	1	1953	-50.2	762.7	0.04	0.0	1
112.87	0	0.0	0.0	0.0	0.0	0.0	0.0	1	1953	-50.2	762.7	0.04	0.0	1
112.99	0	0.0	0.0	0.0	0.0	0.0	0.0	1	1953	-50.2	762.7	0.04	0.0	1
113.09	0	0.0	0.0	0.0	0.0	0.0	0.0	1	1953	-50.2	762.7	0.04	0.0	1
113.19	0	0.0	0.0	0.0	0.0	0.0	0.0	1	1953	-50.2	762.7	0.04	0.0	1
113.29	0	0.0	0.0	0.0	0.0	0.0	0.0	1	1953	-50.2	762.7	0.04	0.0	1
113.39	0	0.0	0.0	0.0	0.0	0.0	0.0	1	1953	-50.2	762.7	0.04	0.0	1
113.49	0	0.0	0.0	0.0	0.0	0.0	0.0	1	1953	-50.2	762.7	0.04	0.0	1
113.59	0	0.0	0.0	0.0	0.0	0.0	0.0	1	1953	-50.2	762.7	0.04	0.0	1
113.69	0	0.0	0.0	0.0	0.0	0.0	0.0	1	1953	-50.2	762.7	0.04	0.0	1
113.79	0	0.0	0.0	0.0	0.0	0.0	0.0	1	1953	-50.2	762.7	0.04	0.0	1
113.89	0	0.0	0.0	0.0	0.0	0.0	0.0	1	1953	-50.2	762.7	0.04	0.0	1
113.99	0	0.0	0.0	0.0	0.0	0.0	0.0	1	1953	-50.2	762.7	0.04	0.0	1
114.09	0	0.0	0.0	0.0	0.0	0.0	0.0	1	1953	-50.2	762.7	0.04	0.0	1
114.19	0	0.0	0.0	0.0	0.0	0.0	0.0	1	1953	-50.2	762.7	0.04	0.0	1
114.3	0	0.0	0.0	0.0	0.0	0.0	0.0	1	1953	-50.2	762.7	0.04	0.0	1
114.4	0	0.0	0.0	0.0	0.0	0.0	0.0	1	1953	-50.2	762.7	0.04	0.0	1
114.5	0	0.0	0.0	0.0	0.0	0.0	0.0	1	1953	-50.2	762.7	0.04	0.0	1
114.6	0	0.0	0.0	0.0	0.0	0.0	0.0	1	1953	-50.2	762.7	0.04	0.0	1
114.7	0	0.0	0.0	0.0	0.0	0.0	0.0	1	1953	-50.2	762.7	0.04	0.0	1
114.8	0	0.0	0.0	0.0	0.0	0.0	0.0	1	1953	-50.2	762.7	0.04	0.0	1
114.89	0	0.0	0.0	0.0	0.0	0.0	0.0	1	1953	-50.2	762.7	0.04	0.0	1
115.0	0	0.0	0.0	0.0	0.0	0.0	0.0	1	1953	-50.2	762.7	0.04	0.0	1
115.1	0	0.0	0.0	0.0	0.0	0.0	0.0	1	1953	-50.2	762.7	0.04	0.0	1
115.2	0	0.0	0.0	0.0	0.0	0.0	0.0	1	1953	-50.2	762.7	0.04	0.0	1
115.3	0	0.0	0.0	0.0	0.0	0.0	0.0	1	1953	-50.2	762.7	0.04	0.0	1
115.4	0	0.0	0.0	0.0	0.0	0.0	0.0	1	1953	-50.2	762.7	0.04	0.0	1
115.5	0	0.0	0.0	0.0	0.0	0.0	0.0	1	1953	-50.2	762.7	0.04	0.0	1
115.6	0	0.0	0.0	0.0	0.0	0.0	0.0	1	1953	-50.2	762.7	0.04	0.0	1
115.7	0	0.0	0.0	0.0	0.0	0.0	0.0	1	1953	-50.2	762.7	0.05	0.0	1
115.8	0	0.0	0.0	0.0	0.0	0.0	0.0	1	1953	-50.2	762.7	0.05	0.0	1
115.9	0	0.0	0.0	0.0	0.0	0.0	0.0	1	1953	-50.2	762.7	0.05	0.0	1
116.0	0	0.0	0.0	0.0	0.0	0.0	0.0	1	1953	-50.2	762.7	0.05	0.0	1
116.1	0	0.0	0.0	0.0	0.0	0.0	0.0	1	1953	-50.2	762.7	0.05	0.0	1
116.2	0	0.0	0.0	0.0	0.0	0.0	0.0	1	1953	-50.2	762.7	0.05	0.0	1
116.3	0	0.0	0.0	0.0	0.0	0.0	0.0	1	1953	-50.2	762.7	0.05	0.0	1
116.4	0	0.0	0.0	0.0	0.0	0.0	0.0	1	1953	-50.2	762.7	0.05	0.0	1
116.5	0	0.0	0.0	0.0	0.0	0.0	0.0	1	1953	-50.2	762.7	0.05	0.0	1
116.6	0	0.0	0.0	0.0	0.0	0.0	0.0	1	1953	-50.2	762.7	0.05	0.0	1
116.7	0	0.0	0.0	0.0	0.0	0.0	0.0	1	1953	-50.2	762.7	0.05	0.0	1
116.8	0	0.0	0.0	0.0	0.0	0.0	0.0	1	1953	-50.2	762.7	0.05	0.0	1
116.9	0	0.0	0.0	0.0	0.0	0.0	0.0	1	1953	-50.2	762.7	0.05	0.0	1
117.0	0	0.0	0.0	0.0	0.0	0.0	0.0	1	1953	-50.2	762.7	0.05	0.0	1
117.1	0	0.0	0.0	0.0	0.0	0.0	0.0	1	1953	-50.2	762.7	0.05	0.0	1
117.2	0	0.0	0.0	0.0	0.0	0.0	0.0	1	1953	-50.2	762.7	0.05	0.0	1
117.3	0	0.0	0.0	0.0	0.0	0.0	0.0	1	1953	-50.2	762.7	0.05	0.0	1
117.4	0	0.0	0.0	0.0	0.0	0.0	0.0	1	1953	-50.2	762.7	0.05	0.0	1
117.5	0	0.0	0.0	0.0	0.0	0.0	0.0	1	1953	-50.2	762.7	0.05	0.0	1
117.6	0	0.0	0.0	0.0	0.0	0.0	0.0	1	1953	-50.2	762.7	0.05	0.0	1
117.7	0	0.0	0.0	0.0	0.0	0.0	0.0	1	1953	-50.2	762.7	0.05	0.0	1
117.83	0	0.0	0.0	0.0	0.0	0.0	0.0	1	1953	-50.2	762.7	0.05	0.0	1
117.93	0	0.0	0.0	0.0	0.0	0.0	0.0	1	1953	-50.2	762.7	0.05	0.0	1
118.03	0	0.0	0.0	0.0	0.0	0.0	0.0	1	1953	-50.2	762.7	0.05	0.0	1
118.13	0	0.0	0.0	0.0	0.0	0.0	0.0	1	1953	-50.2	762.7	0.05	0.0	1
118.23	0	0.0	0.0	0.0	0.0	0.0	0.0	1	1953	-50.2	762.7	0.05	0.0	1
118.34	0	0.0	0.0	0.0	0.0	0.0	0.0	1	1953	-50.2	762.7	0.05	0.0	1
118.45	0	0.0	0.0	0.0	0.0	0.0	0.0	1	1953	-50.2	762.7	0.05	0.0	1
118.55	0	0.0	0.0	0.0	0.0	0.0	0.0	1	1953	-50.2	762.7	0.05	0.0	1
118.65	0	0.0	0.0	0.0	0.0	0.0	0.0	1	1953	-50.2	762.7	0.05	0.0	1
118.75	0	0.0	0.0	0.0	0.0	0.0	0.0	1	1953	-50.2	762.7	0.05	0.0	1
118.85	0	0.0	0.0	0.0	0.0	0.0	0.0	1	1953	-50.2	762.7	0.05	0.0	1
118.95	0	0.0	0.0	0.0	0.0	0.0	0.0	1	1953	-50.2	762.7	0.05	0.0	1
119.05	0	0.0	0.0	0.0	0.0	0.0	0.0	1	1953	-50.2	762.7	0.05	0.0	1
119.15	0	0.0	0.0	0.0	0.0	0.0	0.0	1	1953	-50.2	762.7	0.05	0.0	1
119.25	0	0.0	0.0	0.0	0.0	0.0	0.0	1	1953	-50.2	762.7	0.05	0.0	1
119.35	0	0.0	0.0	0.0	0.0	0.0	0.0	1	1953	-50.2	762.7	0.05	0.0	1
119.45	0	0.0	0.0	0.0	0.0	0.0	0.0	1	1953	-50.2	762.7	0.05	0.0	1
119.55	0	0.0	0.0	0.0	0.0	0.0	0.0	1	1953	-50.2	762.7	0.05	0.0	1
119.65	0	0.0	0.0	0.0	0.0	0.0	0.0	1	1953	-50.2	762.7	0.05	0.0	1
119.75	0	0.0	0.0	0.0	0.0	0.0	0.0	1	1953	-50.2	762.7	0.05	0.0	1
119.85	0	0.0	0.0	0.0	0.0	0.0	0.0	1	1953	-50.2	762.7	0.05	0.0	1
119.95	0	0.0	0.0	0.0	0.0	0.0	0.0	1	1953	-50.2	762.7	0.05	0.0	1
120.05	0	0.0	0.0	0.0	0.0	0.0	0.0	1	1953	-50.2	762.7	0.05	0.0	1
120.15	0	0.0	0.0	0.0	0.0	0.0	0.0	1	1953	-50.2	762.7	0.05	0.0	1
120.25	0	0.0	0.0	0.0	0.0	0.0	0.0	1	1953	-50.2	762.7	0.05	0.0	1
120.35	0	0.0	0.0	0.0	0.0	0.0	0.0	1	1953	-50.2	762.7	0.05	0.0	1
120.45	0	0.0	0.0	0.0	0.0	0.0	0.0	1	1953	-50.2	762.7	0.05	0.0	1
120.55	0	0.0	0.0	0.0	0.0	0.0	0.0	1	1953	-50.2	762.7	0.05	0.0	1
120.65	0	0.0	0.0	0.0	0.0	0.0	0.0	1	1953	-50.2	762.7	0.05	0.0	1
120.75	0	0.0	0.0	0.0	0.0	0.0	0.0	1	1953	-50.2	762.7	0.05	0.0	1
120.86	0	0.0	0.0	0.0	0.0	0.0	0.0	1	1953	-50.2	762.7	0.05	0.0	1
120.98	0	0.0	0.0	0.0	0.0	0.0	0.0	1	1953	-50.2	762.7	0.05	0.0	1
121.08	0	0.0	0.0	0.0	0.0	0.0	0.0	1	1953	-50.2	762.7	0.05	0.0	1
121.18	0	0.0	0.0	0.0	0.0	0.0	0.0	1	1953	-50.2	762.7	0.05	0.0	1
121.28	0	0.0	0.0	0.0	0.0	0.0	0.0	1	1953	-50.2	762.7	0.05	0.0	1
121.38	0	0.0	0.0	0.0	0.0	0.0	0.0	1	1953	-50.2	762.7	0.05	0.0	1
121.48	0	0.0	0.0	0.0	0.0	0.0	0.0	1	1953	-50.2	762.7	0.05	0.0	1
121.58	0	0.0	0.0	0.0	0.0	0.0	0.0	1	1953	-50.2	762.7	0.05	0.0	1
121.68	0	0.0	0.0	0.0	0.0	0.0	0.0	1	1953	-50.2	762.7	0.05	0.0	1
121.78	0	0.0	0.0	0.0	0.0	0.0	0.0	1	1953	-50.2	762.7	0.05	0.0	1
121.88	0	0.0	0.0	0.0	0.0	0.0	0.0	1	1953	-50.2	762.7	0.05	0.0	1
121.98	0	0.0	0.0	0.0	0.0	0.0	0.0	1	1953	-50.2	762.7	0.05	0.0	1
122.08	0	0.0	0.0	0.0	0.0	0.0	0.0	1	1953	-50.2	762.7	0.05	0.0	1
122.17	0	0.0	0.0	0.0	0.0	0.0	0.0	1	1953	-50.2	762.7	0.05	0.0	1
122.28	0	0.0	0.0	0.0	0.0	0.0	0.0	1	1953	-50.2	762.7	0.05	0.0	1
122.4	0	0.0	0.0	0.0	0.0	0.0	0.0	1	1953	-50.2	762.7	0.05	0.0	1
122.48	0	0.0	0.0	0.0	0.0	0.0	0.0	1	1953	-50.2	762.7	0.05	0.0	1
122.58	0	0.0	0.0	0.0	0.0	0.0	0.0	1	1953	-50.2	762.7	0.05	0.0	1
122.68	0	0.0	0.0	0.0	0.0	0.0	0.0	1	1953	-50.2	762.7	0.05	0.0	1
122.78	0	0.0	0.0	0.0	0.0	0.0	0.0	1	1953	-50.2	762.7	0.05	0.0	1
122.88	0	0.0	0.0	0.0	0.0	0.0	0.0	1	1953	-50.2	762.7	0.05	0.0	1
122.98	0	0.0	0.0	0.0	0.0	0.0	0.0	1	1953	-50.2	762.7	0.05	0.0	1
123.08	0	0.0	0.0	0.0	0.0	0.0	0.0	1	1953	-50.2	762.7	0.05	0.0	1
123.18	0	0.0	0.0	0.0	0.0	0.0	0.0	1	1953	-50.2	762.7	0.05	0.0	1
123.28	0	0.0	0.0	0.0	0.0	0.0	0.0	1	1953	-50.2	762.7	0.05	0.0	1
123.38	0	0.0	0.0	0.0	0.0	0.0	0.0	1	1953	-50.2	762.7	0.05	0.0	1
123.48	0	0.0	0.0	0.0	0.0	0.0	0.0	1	1953	-50.2	762.7	0.05	0.0	1
123.58	0	0.0	0.0	0.0	0.0	0.0	0.0	1	1953	-50.2	762.7	0.05	0.0	1
123.68	0	0.0	0.0	0.0	0.0	0.0	0.0	1	1953	-50.2	762.7	0.05	0.0	1
123.78	0	0.0	0.0	0.0	0.0	0.0	0.0	1	1953	-50.2	762.7	0.05	0.0	1
123.88	0	0.0	0.0	0.0	0.0	0.0	0.0	1	1953	-50.2	762.7	0.05	0.0	1
123.98	0	0.0	0.0	0.0	0.0	0.0	0.0	1	1953	-50.2	762.7	0.05	0.0	1
124.08	0	0.0	0.0	0.0	0.0	0.0	0.0	1	1953	-50.2	762.7	0.05	0.0	1
124.18	0	0.0	0.0	0.0	0.0	0.0	0.0	1	1953	-50.2	762.7	0.05	0.0	1
124.28	0	0.0	0.0	0.0	0.0	0.0	0.0	1	1953	-50.2	762.7	0.05	0.0	1
124.38	0	0.0	0.0	0.0	0.0	0.0	0.0	1	1953	-50.2	762.7	0.05	0.0	1
124.48	0	0.0	0.0	0.0	0.0	0.0	0.0	1	1953	-50.2	762.7	0.05	0.0	1
124.58	0	0.0	0.0	0.0	0.0	0.0	0.0	1	1953	-50.2	762.7	0.05	0.0	1
124.68	0	0.0	0.0	0.0	0.0	0.0	0.0	1	1953	-50.2	762.7	0.05	0.0	1
124.78	0	0.0	0.0	0.0	0.0	0.0	0.0	1	1953	-50.2	762.7	0.05	0.0	1
124.88	0	0.0	0.0	0.0	0.0	0.0	0.0	1	1953	-50.2	762.7	0.05	0.0	1
124.98	0	0.0	0.0	0.0	0.0	0.0	0.0	1	1953	-50.2	762.7	0.05	0.0	1
125.08	0	0.0	0.0	0.0	0.0	0.0	0.0	1	1953	-50.2	762.7	0.05	0.0	1
125.18	0	0.0	0.0	0.0	0.0	0.0	0.0	1	1953	-50.2	762.7	0.05	0.0	1
125.28	0	0.0	0.0	0.0	0.0	0.0	0.0	1	1953	-50.2	762.7	0.05	0.0	1
125.38	0	0.0	0.0	0.0	0.0	0.0	0.0	1	1953	-50.2	762.7	0.05	0.0	1
125.48	0	0.0	0.0	0.0	0.0	0.0	0.0	1	1953	-50.2	762.7	0.05	0.0	1
125.58	0	0.0	0.0	0.0	0.0	0.0	0.0	1	1953	-50.2	762.7	0.05	0.0	1
125.68	0	0.0	0.0	0.0	0.0	0.0	0.0	1	1953	-50.2	762.7	0.05	0.0	1
125.78	0	0.0	0.0	0.0	0.0	0.0	0.0	1	1953	-50.2	762.7	0.05	0.0	1
125.88	0	0.0	0.0	0.0	0.0	0.0	0.0	1	1953	-50.2	762.7	0.05	0.0	1
125.98	0	0.0	0.0	0.0	0.0	0.0	0.0	1	1953	-50.2	762.7	0.05	0.0	1
126.08	0	0.0	0.0	0.0	0.0	0.0	0.0	1	1953	-50.2	762.7	0.05	0.0	1
126.18	0	0.0	0.0	0.0	0.0	0.0	0.0	1	1953	-50.2	762.7	0.05	0.0	1
126.28	0	0.0	0.0	0.0	0.0	0.0	0.0	1	1953	-50.2	762.7	0.05	0.0	1
126.38	0	0.0	0.0	0.0	0.0	0.0	0.0	1	1953	-50.2	762.7	0.05	0.0	1
126.5	0	0.0	0.0	0.0	0.0	0.0	0.0	1	1953	-50.2	762.7	0.05	0.0	1
126.6	0	0.0	0.0	0.0	0.0	0.0	0.0	1	1953	-50.2	762.7	0.05	0.0	1
126.7	0	0.0	0.0	0.0	0.0	0.0	0.0	1	1953	-50.2	762.7	0.05	0.0	1
126.8	0	0.0	0.0	0.0	0.0	0.0	0.0	1	1953	-50.2	762.7	0.05	0.0	1
126.9	0	0.0	0.0	0.0	0.0	0.0	0.0	1	1953	-50.2	762.7	0.05	0.0	1
127.0	0	0.0	0.0	0.0	0.0	0.0	0.0	1	1953	-50.2	762.7	0.05	0.0	1
127.1	0	0.0	0.0	0.0	0.0	0.0	0.0	1	1953	-50.2	762.7	0.05	0.0	1
127.2	0	0.0	0.0	0.0	0.0	0.0	0.0	1	1953	-50.2	762.7	0.05	0.0	1
127.3	0	0.0	0.0	0.0	0.0	0.0	0.0	1	1953	-50.2	762.7	0.05	0.0	1
127.4	0	0.0	0.0	0.0	0.0	0.0	0.0	1	1953	-50.2	762.7	0.05	0.0	1
127.5	0	0.0	0.0	0.0	0.0	0.0	0.0	1	1953	-50.2	762.7	0.05	0.0	1
127.6	0	0.0	0.0	0.0	0.0	0.0	0.0	1	1953	-50.2	762.7	0.05	0.0	1
127.7	0	0.0	0.0	0.0	0.0	0.0	0.0	1	1953	-50.2	762.7	0.05	0.0	1
127.81	0	0.0	0.0	0.0	0.0	0.0	0.0	1	1953	-50.2	762.7	0.05	0.0	1
127.91	0	0.0	0.0	0.0	0.0	0.0	0.0	1	1953	-50.2	762.7	0.05	0.0	1
128.01	0	0.0	0.0	0.0	0.0	0.0	0.0	1	1953	-50.2	762.7	0.05	0.0	1
128.13	0	0.0	0.0	0.0	0.0	0.0	0.0	1	1953	-50.2	762.7	0.05	0.0	1
128.23	0	0.0	0.0	0.0	0.0	0.0	0.0	1	1953	-50.2	762.7	0.05	0.0	1
128.33	0	0.0	0.0	0.0	0.0	0.0	0.0	1	1953	-50.2	762.7	0.05	0.0	1
128.43	0	0.0	0.0	0.0	0.0	0.0	0.0	1	1953	-50.2	762.7	0.05	0.0	1
128.53	0	0.0	0.0	0.0	0.0	0.0	0.0	1	1953	-50.2	762.7	0.05	0.0	1
128.63	0	0.0	0.0	0.0	0.0	0.0	0.0	1	1953	-50.2	762.7	0.05	0.0	1
128.73	0	0.0	0.0	0.0	0.0	0.0	0.0	1	1953	-50.2	762.7	0.05	0.0	1
128.83	0	0.0	0.0	0.0	0.0	0.0	0.0	1	1953	-50.2	762.7	0.05	0.0	1
128.93	0	0.0	0.0	0.0	0.0	0.0	0.0	1	1953	-50.2	762.7	0.05	0.0	1
129.03	0	0.0	0.0	0.0	0.0	0.0	0.0	1	1953	-50.2	762.7	0.05	0.0	1
129.13	0	0.0	0.0	0.0	0.0	0.0	0.0	1	1953	-50.2	762.7	0.05	0.0	1
129.23	0	0.0	0.0	0.0	0.0	0.0	0.0	1	1953	-50.2	762.7	0.05	0.0	1
129.33	0	0.0	0.0	0.0	0.0	0.0	0.0	1	1953	-50.2	762.7	0.05	0.0	1
129.43	0	0.0	0.0	0.0	0.0	0.0	0.0	1	1953	-50.2	762.7	0.05	0.0	1
129.53	0	0.0	0.0	0.0	0.0	0.0	0.0	1	1953	-50.2	762.7	0.05	0.0	1
129.63	0	0.0	0.0	0.0	0.0	0.0	0.0	1	1953	-50.2	762.7	0.05	0.0	1
129.73	0	0.0	0.0	0.0	0.0	0.0	0.0	1	1953	-50.2	762.7	0.05	0.0	1
129.83	0	0.0	0.0	0.0	0.0	0.0	0.0	1	1953	-50.2	762.7	0.05	0.0	1
129.93	0	0.0	0.0	0.0	0.0	0.0	0.0	1	1953	-50.2	762.7	0.05	0.0	1
130.03	0	0.0	0.0	0.0	0.0	0.0	0.0	1	1953	-50.2	762.7	0.05	0.0	1
130.13	0	0.0	0.0	0.0	0.0	0.0	0.0	1	1953	-50.2	762.7	0.05	0.0	1
130.23	0	0.0	0.0	0.0	0.0	0.0	0.0	1	1953	-50.2	762.7	0.05	0.0	1
130.33	0	0.0	0.0	0.0	0.0	0.0	0.0	1	1953	-50.2	762.7	0.05	0.0	1
130.43	0	0.0	0.0	0.0	0.0	0.0	0.0	1	1953	-50.2	762.7	0.05	0.0	1
130.53	0	0.0	0.0	0.0	0.0	0.0	0.0	1	1953	-50.2	762.7	0.05	0.0	1
130.65	0	0.0	0.0	0.0	0.0	0.0	0.0	1	1953	-50.2	762.7	0.05	0.0	1
130.75	0	0.0	0.0	0.0	0.0	0.0	0.0	1	1953	-50.2	762.7	0.05	0.0	1
130.85	0	0.0	0.0	0.0	0.0	0.0	0.0	1	1953	-50.2	762.7	0.05	0.0	1
130.95	0	0.0	0.0	0.0	0.0	0.0	0.0	1	1953	-50.2	762.7	0.05	0.0	1
131.05	0	0.0	0.0	0.0	0.0	0.0	0.0	1	1953	-50.2	762.7	0.05	0.0	1
131.15	0	0.0	0.0	0.0	0.0	0.0	0.0	1	1953	-50.2	762.7	0.05	0.0	1
131.25	0	0.0	0.0	0.0	0.0	0.0	0.0	1	1953	-50.2	762.7	0.05	0.0	1
131.35	0	0.0	0.0	0.0	0.0	0.0	0.0	1	1953	-50.2	762.7	0.05	0.0	1
131.45	0	0.0	0.0	0.0	0.0	0.0	0.0	1	1953	-50.2	762.7	0.05	0.0	1
131.55	0	0.0	0.0	0.0	0.0	0.0	0.0	1	1953	-50.2	762.7	0.05	0.0	1
131.65	0	0.0	0.0	0.0	0.0	0.0	0.0	1	1953	-50.2	762.7	0.05	0.0	1
131.75	0	0.0	0.0	0.0	0.0	0.0	0.0	1	1953	-50.2	762.7	0.05	0.0	1
131.85	0	0.0	0.0	0.0	0.0	0.0	0.0	1	1953	-50.2	762.7	0.05	0.0	1
131.95	0	0.0	0.0	0.0	0.0	0.0	0.0	1	1953	-50.2	762.7	0.05	0.0	1
132.05	0	0.0	0.0	0.0	0.0	0.0	0.0	1	1953	-50.2	762.7	0.05	0.0	1
132.15	0	0.0	0.0	0.0	0.0	0.0	0.0	1	1953	-50.2	762.7	0.05	0.0	1
132.25	0	0.0	0.0	0.0	0.0	0.0	0.0	1	1953	-50.2	762.7	0.05	0.0	1
132.35	0	0.0	0.0	0.0	0.0	0.0	0.0	1	1953	-50.2	762.7	0.05	0.0	1
132.45	0	0.0	0.0	0.0	0.0	0.0	0.0	1	1953	-50.2	762.7	0.05	0.0	1
132.55	0	0.0	0.0	0.0	0.0	0.0	0.0	1	1953	-50.2	762.7	0.05	0.0	1
132.65	0	0.0	0.0	0.0	0.0	0.0	0.0	1	1953	-50.2	762.7	0.05	0.0	1
132.75	0	0.0	0.0	0.0	0.0	0.0	0.0	1	1953	-50.2	762.7	0.05	0.0	1
132.85	0	0.0	0.0	0.0	0.0	0.0	0.0	1	1953	-50.2	762.7	0.05	0.0	1
132.95	0	0.0	0.0	0.0	0.0	0.0	0.0	1	1953	-50.2	762.7	0.05	0.0	1
133.05	0	0.0	0.0	0.0	0.0	0.0	0.0	1	1953	-50.2	762.7	0.05	0.0	1
133.15	0	0.0	0.0	0.0	0.0	0.0	0.0	1	1953	-50.2	762.7	0.05	0.0	1
133.25	0	0.0	0.0	0.0	0.0	0.0	0.0	1	1953	-50.2	762.7	0.05	0.0	1
133.35	0	0.0	0.0	0.0	0.0	0.0	0.0	1	1953	-50.2	762.7	0.05	0.0	1
133.45	0	0.0	0.0	0.0	0.0	0.0	0.0	1	1953	-50.2	762.7	0.05	0.0	1
133.55	0	0.0	0.0	0.0	0.0	0.0	0.0	1	1953	-50.2	762.7	0.05	0.0	1
133.65	0	0.0	0.0	0.0	0.0	0.0	0.0	1	1953	-50.2	762.7	0.05	0.0	1
133.75	0	0.0	0.0	0.0	0.0	0.0	0.0	1	1953	-50.2	762.7	0.05	0.0	1
133.85	0	0.0	0.0	0.0	0.0	0.0	0.0	1	1953	-50.2	762.7	0.05	0.0	1
133.95	0	0.0	0.0	0.0	0.0	0.0	0.0	1	1953	-50.2	762.7	0.05	0.0	1
134.05	0	0.0	0.0	0.0	0.0	0.0	0.0	1	1953	-50.2	762.7	0.05	0.0	1
134.15	0	0.0	0.0	0.0	0.0	0.0	0.0	1	1953	-50.2	762.7	0.05	0.0	1
134.25	0	0.0	0.0	0.0	0.0	0.0	0.0	1	1953	-50.2	762.7	0.05	0.0	1
134.35	0	0.0	0.0	0.0	0.0	0.0	0.0	1	1953	-50.2	762.7	0.05	0.0	1
134.45	0	0.0	0.0	0.0	0.0	0.0	0.0	1	1953	-50.2	762.7	0.05	0.0	1
134.55	0	0.0	0.0	0.0	0.0	0.0	0.0	1	1953	-50.2	762.7	0.05	0.0	1
134.65	0	0.0	0.0	0.0	0.0	0.0	0.0	1	1953	-50.2	762.7	0.05	0.0	1
134.75	0	0.0	0.0	0.0	0.0	0.0	0.0	1	1953	-50.2	762.7	0.05	0.0	1
134.86	0	0.0	0.0	0.0	0.0	0.0	0.0	1	1953	-50.2	762.7	0.05	0.0	1
134.96	0	0.0	0.0	0.0	0.0	0.0	0.0	1	1953	-50.2	762.7	0.05	0.0	1
135.06	0	0.0	0.0	0.0	0.0	0.0	0.0	1	1953	-50.2	762.7	0.05	0.0	1
135.16	0	0.0	0.0	0.0	0.0	0.0	0.0	1	1953	-50.2	762.7	0.05	0.0	1
135.26	0	0.0	0.0	0.0	0.0	0.0	0.0	1	1953	-50.2	762.7	0.05	0.0	1
135.38	0	0.0	0.0	0.0	0.0	0.0	0.0	1	1953	-50.2	762.7	0.05	0.0	1
135.49	0	0.0	0.0	0.0	0.0	0.0	0.0	1	1953	-50.2	762.7	0.05	0.0	1
135.59	0	0.0	0.0	0.0	0.0	0.0	0.0	1	1953	-50.2	762.7	0.05	0.0	1
135.69	0	0.0	0.0	0.0	0.0	0.0	0.0	1	1953	-50.2	762.7	0.05	0.0	1
135.79	0	0.0	0.0	0.0	0.0	0.0	0.0	1	1953	-50.2	762.7	0.05	0.0	1
135.89	0	0.0	0.0	0.0	0.0	0.0	0.0	1	1953	-50.2	762.7	0.05	0.0	1
135.99	0	0.0	0.0	0.0	0.0	0.0	0.0	1	1953	-50.2	762.7	0.05	0.0	1
136.09	0	0.0	0.0	0.0	0.0	0.0	0.0	1	1953	-50.2	762.7	0.05	0.0	1
136.19	0	0.0	0.0	0.0	0.0	0.0	0.0	1	1953	-50.2	762.7	0.05	0.0	1
136.29	0	0.0	0.0	0.0	0.0	0.0	0.0	1	1953	-50.2	762.7	0.05	0.0	1
136.39	0	0.0	0.0	0.0	0.0	0.0	0.0	1	1953	-50.2	762.7	0.05	0.0	1
136.49	0	0.0	0.0	0.0	0.0	0.0	0.0	1	1953	-50.2	762.7	0.05	0.0	1
136.59	0	0.0	0.0	0.0	0.0	0.0	0.0	1	1953	-50.2	762.7	0.05	0.0	1
136.69	0	0.0	0.0	0.0	0.0	0.0	0.0	1	1953	-50.2	762.7	0.05	0.0	1
136.79	0	0.0	0.0	0.0	0.0	0.0	0.0	1	1953	-50.2	762.7	0.05	0.0	1
136.89	0	0.0	0.0	0.0	0.0	0.0	0.0	1	1953	-50.2	762.7	0.05	0.0	1
136.99	0	0.0	0.0	0.0	0.0	0.0	0.0	1	1953	-50.2	762.7	0.05	0.0	1
137.09	0	0.0	0.0	0.0	0.0	0.0	0.0	1	1953	-50.2	762.7	0.05	0.0	1
137.19	0	0.0	0.0	0.0	0.0	0.0	0.0	1	1953	-50.2	762.7	0.05	0.0	1
137.29	0	0.0	0.0	0.0	0.0	0.0	0.0	1	1953	-50.2	762.7	0.05	0.0	1
137.39	0	0.0	0.0	0.0	0.0	0.0	0.0	1	1953	-50.2	762.7	0.05	0.0	1
137.49	0	0.0	0.0	0.0	0.0	0.0	0.0	1	1953	-50.2	762.7	0.05	0.0	1
137.6	0	0.0	0.0	0.0	0.0	0.0	0.0	1	1953	-50.2	762.7	0.05	0.0	1
137.7	0	0.0	0.0	0.0	0.0	0.0	0.0	1	1953	-50.2	762.7	0.05	0.0	1
137.82	0	0.0	0.0	0.0	0.0	0.0	0.0	1	1953	-50.2	762.7	0.05	0.0	1
137.93	0	0.0	0.0	0.0	0.0	0.0	0.0	1	1953	-50.2	762.7	0.05	0.0	1
138.03	0	0.0	0.0	0.0	0.0	0.0	0.0	1	1953	-50.2	762.7	0.05	0.0	1
138.13	0	0.0	0.0	0.0	0.0	0.0	0.0	1	1953	-50.2	762.7	0.05	0.0	1
138.23	0	0.0	0.0	0.0	0.0	0.0	0.0	1	1953	-50.2	762.7	0.05	0.0	1
138.33	0	0.0	0.0	0.0	0.0	0.0	0.0	1	1953	-50.2	762.7	0.05	0.0	1
138.43	0	0.0	0.0	0.0	0.0	0.0	0.0	1	1953	-50.2	762.7	0.05	0.0	1
138.53	0	0.0	0.0	0.0	0.0	0.0	0.0	1	1953	-50.2	762.7	0.05	0.0	1
138.63	0	0.0	0.0	0.0	0.0	0.0	0.0	1	1953	-50.2	762.7	0.05	0.0	1
138.73	0	0.0	0.0	0.0	0.0	0.0	0.0	1	1953	-50.2	762.7	0.05	0.0	1
138.83	0	0.0	0.0	0.0	0.0	0.0	0.0	1	1953	-50.2	762.7	0.05	0.0	1
138.93	0	0.0	0.0	0.0	0.0	0.0	0.0	1	1953	-50.2	762.7	0.05	0.0	1
139.03	0	0.0	0.0	0.0	0.0	0.0	0.0	1	1953	-50.2	762.7	0.05	0.0	1
139.15	0	0.0	0.0	0.0	0.0	0.0	0.0	1	1953	-50.2	762.7	0.05	0.0	1
139.25	0	0.0	0.0	0.0	0.0	0.0	0.0	1	1953	-50.2	762.7	0.05	0.0	1
139.35	0	0.0	0.0	0.0	0.0	0.0	0.0	1	1953	-50.2	762.7	0.05	0.0	1
139.45	0	0.0	0.0	0.0	0.0	0.0	0.0	1	1953	-50.2	762.7	0.05	0.0	1
139.55	0	0.0	0.0	0.0	0.0	0.0	0.0	1	1953	-50.2	762.7	0.05	0.0	1
139.65	0	0.0	0.0	0.0	0.0	0.0	0.0	1	1953	-50.2	762.7	0.05	0.0	1
139.75	0	0.0	0.0	0.0	0.0	0.0	0.0	1	1953	-50.2	762.7	0.05	0.0	1
139.85	0	0.0	0.0	0.0	0.0	0.0	0.0	1	1953	-50.2	762.7	0.05	0.0	1
139.95	0	0.0	0.0	0.0	0.0	0.0	0.0	1	1953	-50.2	762.7	0.05	0.0	1
140.05	0	0.0	0.0	0.0	0.0	0.0	0.0	1	1953	-50.2	762.7	0.05	0.0	1
140.15	0	0.0	0.0	0.0	0.0	0.0	0.0	1	1953	-50.2	762.7	0.05	0.0	1
140.25	0	0.0	0.0	0.0	0.0	0.0	0.0	1	1953	-50.2	762.7	0.05	0.0	1
140.35	0	0.0	0.0	0.0	0.0	0.0	0.0	1	1953	-50.2	762.7	0.05	0.0	1
140.45	0	0.0	0.0	0.0	0.0	0.0	0.0	1	1953	-50.2	762.7	0.05	0.0	1
140.55	0	0.0	0.0	0.0	0.0	0.0	0.0	1	1953	-50.2	762.7	0.05	0.0	1
140.65	0	0.0	0.0	0.0	0.0	0.0	0.0	1	1953	-50.2	762.7	0.05	0.0	1
140.75	0	0.0	0.0	0.0	0.0	0.0	0.0	1	1953	-50.2	762.7	0.05	0.0	1
140.85	0	0.0	0.0	0.0	0.0	0.0	0.0	1	1953	-50.2	762.7	0.05	0.0	1
140.95	0	0.0	0.0	0.0	0.0	0.0	0.0	1	1953	-50.2	762.7	0.05	0.0	1
141.05	0	0.0	0.0	0.0	0.0	0.0	0.0	1	1953	-50.2	762.7	0.05	0.0	1
141.15	0	0.0	0.0	0.0	0.0	0.0	0.0	1	1953	-50.2	762.7	0.05	0.0	1
141.25	0	0.0	0.0	0.0	0.0	0.0	0.0	1	1953	-50.2	762.7	0.05	0.0	1
141.35	0	0.0	0.0	0.0	0.0	0.0	0.0	1	1953	-50.2	762.7	0.05	0.0	1
141.45	0	0.0	0.0	0.0	0.0	0.0	0.0	1	1953	-50.2	762.7	0.06	0.0	1
141.55	0	0.0	0.0	0.0	0.0	0.0	0.0	1	1953	-50.2	762.7	0.06	0.0	1
141.65	0	0.0	0.0	0.0	0.0	0.0	0.0	1	1953	-50.2	762.7	0.06	0.0	1
141.75	0	0.0	0.0	0.0	0.0	0.0	0.0	1	1953	-50.2	762.7	0.06	0.0	1
141.85	0	0.0	0.0	0.0	0.0	0.0	0.0	1	1953	-50.2	762.7	0.06	0.0	1
141.95	0	0.0	0.0	0.0	0.0	0.0	0.0	1	1953	-50.2	762.7	0.06	0.0	1
142.05	0	0.0	0.0	0.0	0.0	0.0	0.0	1	1953	-50.2	762.7	0.06	0.0	1
142.15	0	0.0	0.0	0.0	0.0	0.0	0.0	1	1953	-50.2	762.7	0.06	0.0	1
142.25	0	0.0	0.0	0.0	0.0	0.0	0.0	1	1953	-50.2	762.7	0.06	0.0	1
142.35	0	0.0	0.0	0.0	0.0	0.0	0.0	1	1953	-50.2	762.7	0.06	0.0	1
142.45	0	0.0	0.0	0.0	0.0	0.0	0.0	1	1953	-50.2	762.7	0.06	0.0	1
142.56	0	0.0	0.0	0.0	0.0	0.0	0.0	1	1953	-50.2	762.7	0.06	0.0	1
142.66	0	0.0	0.0	0.0	0.0	0.0	0.0	1	1953	-50.2	762.7	0.06	0.0	1
142.78	0	0.0	0.0	0.0	0.0	0.0	0.0	1	1953	-50.2	762.7	0.06	0.0	1
142.88	0	0.0	0.0	0.0	0.0	0.0	0.0	1	1953	-50.2	762.7	0.06	0.0	1
142.98	0	0.0	0.0	0.0	0.0	0.0	0.0	1	1953	-50.2	762.7	0.06	0.0	1
143.07	0	0.0	0.0	0.0	0.0	0.0	0.0	1	1953	-50.2	762.7	0.06	0.0	1
143.17	0	0.0	0.0	0.0	0.0	0.0	0.0	1	1953	-50.2	762.7	0.06	0.0	1
143.27	0	0.0	0.0	0.0	0.0	0.0	0.0	1	1953	-50.2	762.7	0.06	0.0	1
143.37	0	0.0	0.0	0.0	0.0	0.0	0.0	1	1953	-50.2	762.7	0.06	0.0	1
143.48	0	0.0	0.0	0.0	0.0	0.0	0.0	1	1953	-50.2	762.7	0.06	0.0	1
143.57	0	0.0	0.0	0.0	0.0	0.0	0.0	1	1953	-50.2	762.7	0.06	0.0	1
143.67	0	0.0	0.0	0.0	0.0	0.0	0.0	1	1953	-50.2	762.7	0.06	0.0	1
143.78	0	0.0	0.0	0.0	0.0	0.0	0.0	1	1953	-50.2	762.7	0.06	0.0	1
143.88	0	0.0	0.0	0.0	0.0	0.0	0.0	1	1953	-50.2	762.7	0.06	0.0	1
143.97	0	0.0	0.0	0.0	0.0	0.0	0.0	1	1953	-50.2	762.7	0.06	0.0	1
144.07	0	0.0	0.0	0.0	0.0	0.0	0.0	1	1953	-50.2	762.7	0.06	0.0	1
144.17	0	0.0	0.0	0.0	0.0	0.0	0.0	1	1953	-50.2	762.7	0.06	0.0	1
144.28	0	0.0	0.0	0.0	0.0	0.0	0.0	1	1953	-50.2	762.7	0.06	0.0	1
144.37	0	0.0	0.0	0.0	0.0	0.0	0.0	1	1953	-50.2	762.7	0.06	0.0	1
144.47	0	0.0	0.0	0.0	0.0	0.0	0.0	1	1953	-50.2	762.7	0.06	0.0	1
144.57	0	0.0	0.0	0.0	0.0	0.0	0.0	1	1953	-50.2	762.7	0.06	0.0	1
144.68	0	0.0	0.0	0.0	0.0	0.0	0.0	1	1953	-50.2	762.7	0.06	0.0	1
144.78	0	0.0	0.0	0.0	0.0	0.0	0.0	1	1953	-50.2	762.7	0.06	0.0	1
144.88	0	0.0	0.0	0.0	0.0	0.0	0.0	1	1953	-50.2	762.7	0.06	0.0	1
144.98	0	0.0	0.0	0.0	0.0	0.0	0.0	1	1953	-50.2	762.7	0.06	0.0	1
145.08	0	0.0	0.0	0.0	0.0	0.0	0.0	1	1953	-50.2	762.7	0.06	0.0	1
145.18	0	0.0	0.0	0.0	0.0	0.0	0.0	1	1953	-50.2	762.7	0.06	0.0	1
145.28	0	0.0	0.0	0.0	0.0	0.0	0.0	1	1953	-50.2	762.7	0.06	0.0	1
145.38	0	0.0	0.0	0.0	0.0	0.0	0.0	1	1953	-50.2	762.7	0.06	0.0	1
145.48	0	0.0	0.0	0.0	0.0	0.0	0.0	1	1953	-50.2	762.7	0.06	0.0	1
145.58	0	0.0	0.0	0.0	0.0	0.0	0.0	1	1953	-50.2	762.7	0.06	0.0	1
145.68	0	0.0	0.0	0.0	0.0	0.0	0.0	1	1953	-50.2	762.7	0.06	0.0	1
145.78	0	0.0	0.0	0.0	0.0	0.0	0.0	1	1953	-50.2	762.7	0.06	0.0	1
145.88	0	0.0	0.0	0.0	0.0	0.0	0.0	1	1953	-50.2	762.7	0.06	0.0	1
145.98	0	0.0	0.0	0.0	0.0	0.0	0.0	1	1953	-50.2	762.7	0.06	0.0	1
146.08	0	0.0	0.0	0.0	0.0	0.0	0.0	1	1953	-50.2	762.7	0.06	0.0	1
146.18	0	0.0	0.0	0.0	0.0	0.0	0.0	1	1953	-50.2	762.7	0.06	0.0	1
146.28	0	0.0	0.0	0.0	0.0	0.0	0.0	1	1953	-50.2	762.7	0.06	0.0	1
146.38	0	0.0	0.0	0.0	0.0	0.0	0.0	1	1953	-50.2	762.7	0.06	0.0	1
146.48	0	0.0	0.0	0.0	0.0	0.0	0.0	1	1953	-50.2	762.7	0.06	0.0	1
146.58	0	0.0	0.0	0.0	0.0	0.0	0.0	1	1953	-50.2	762.7	0.06	0.0	1
146.68	0	0.0	0.0	0.0	0.0	0.0	0.0	1	1953	-50.2	762.7	0.06	0.0	1
146.78	0	0.0	0.0	0.0	0.0	0.0	0.0	1	1953	-50.2	762.7	0.06	0.0	1
146.88	0	0.0	0.0	0.0	0.0	0.0	0.0	1	1953	-50.2	762.7	0.06	0.0	1
146.98	0	0.0	0.0	0.0	0.0	0.0	0.0	1	1953	-50.2	762.7	0.06	0.0	1
147.08	0	0.0	0.0	0.0	0.0	0.0	0.0	1	1953	-50.2	762.7	0.06	0.0	1
147.18	0	0.0	0.0	0.0	0.0	0.0	0.0	1	1953	-50.2	762.7	0.06	0.0	1
147.28	0	0.0	0.0	0.0	0.0	0.0	0.0	1	1953	-50.2	762.7	0.06	0.0	1
147.38	0	0.0	0.0	0.0	0.0	0.0	0.0	1	1953	-50.2	762.7	0.06	0.0	1
147.48	0	0.0	0.0	0.0	0.0	0.0	0.0	1	1953	-50.2	762.7	0.06	0.0	1
147.58	0	0.0	0.0	0.0	0.0	0.0	0.0	1	1953	-50.2	762.7	0.06	0.0	1
147.68	0	0.0	0.0	0.0	0.0	0.0	0.0	1	1953	-50.2	762.7	0.06	0.0	1
147.8	0	0.0	0.0	0.0	0.0	0.0	0.0	1	1953	-50.2	762.7	0.06	0.0	1
147.9	0	0.0	0.0	0.0	0.0	0.0	0.0	1	1953	-50.2	762.7	0.06	0.0	1
148.0	0	0.0	0.0	0.0	0.0	0.0	0.0	1	1953	-50.2	762.7	0.06	0.0	1
148.1	0	0.0	0.0	0.0	0.0	0.0	0.0	1	1953	-50.2	762.7	0.06	0.0	1
148.2	0	0.0	0.0	0.0	0.0	0.0	0.0	1	1953	-50.2	762.7	0.06	0.0	1
148.3	0	0.0	0.0	0.0	0.0	0.0	0.0	1	1953	-50.2	762.7	0.06	0.0	1
148.4	0	0.0	0.0	0.0	0.0	0.0	0.0	1	1953	-50.2	762.7	0.06	0.0	1
148.5	0	0.0	0.0	0.0	0.0	0.0	0.0	1	1953	-50.2	762.7	0.06	0.0	1
148.6	0	0.0	0.0	0.0	0.0	0.0	0.0	1	1953	-50.2	762.7	0.06	0.0	1
148.7	0	0.0	0.0	0.0	0.0	0.0	0.0	1	1953	-50.2	762.7	0.06	0.0	1
148.82	0	0.0	0.0	0.0	0.0	0.0	0.0	1	1953	-50.2	762.7	0.06	0.0	1
148.93	0	0.0	0.0	0.0	0.0	0.0	0.0	1	1953	-50.2	762.7	0.06	0.0	1
149.03	0	0.0	0.0	0.0	0.0	0.0	0.0	1	1953	-50.2	762.7	0.06	0.0	1
149.13	0	0.0	0.0	0.0	0.0	0.0	0.0	1	1953	-50.2	762.7	0.06	0.0	1
149.23	0	0.0	0.0	0.0	0.0	0.0	0.0	1	1953	-50.2	762.7	0.06	0.0	1
149.33	0	0.0	0.0	0.0	0.0	0.0	0.0	1	1953	-50.2	762.7	0.06	0.0	1
149.43	0	0.0	0.0	0.0	0.0	0.0	0.0	1	1953	-50.2	762.7	0.06	0.0	1
149.53	0	0.0	0.0	0.0	0.0	0.0	0.0	1	1953	-50.2	762.7	0.06	0.0	1
149.63	0	0.0	0.0	0.0	0.0	0.0	0.0	1	1953	-50.2	762.7	0.06	0.0	1
149.73	0	0.0	0.0	0.0	0.0	0.0	0.0	1	1953	-50.2	762.7	0.06	0.0	1
149.83	0	0.0	0.0	0.0	0.0	0.0	0.0	1	1953	-50.2	762.7	0.06	0.0	1
149.93	0	0.0	0.0	0.0	0.0	0.0	0.0	1	1953	-50.2	762.7	0.06	0.0	1
150.03	0	0.0	0.0	0.0	0.0	0.0	0.0	1	1953	-50.2	762.7	0.06	0.0	1
150.13	0	0.0	0.0	0.0	0.0	0.0	0.0	1	1953	-50.2	762.7	0.06	0.0	1
150.23	0	0.0	0.0	0.0	0.0	0.0	0.0	1	1953	-50.2	762.7	0.06	0.0	1
150.33	0	0.0	0.0	0.0	0.0	0.0	0.0	1	1953	-50.2	762.7	0.06	0.0	1
150.43	0	0.0	0.0	0.0	0.0	0.0	0.0	1	1953	-50.2	762.7	0.06	0.0	1
150.53	0	0.0	0.0	0.0	0.0	0.0	0.0	1	1953	-50.2	762.7	0.06	0.0	1
150.63	0	0.0	0.0	0.0	0.0	0.0	0.0	1	1953	-50.2	762.7	0.06	0.0	1
150.73	0	0.0	0.0	0.0	0.0	0.0	0.0	1	1953	-50.2	762.7	0.06	0.0	1
150.83	0	0.0	0.0	0.0	0.0	0.0	0.0	1	1953	-50.2	762.7	0.06	0.0	1
150.93	0	0.0	0.0	0.0	0.0	0.0	0.0	1	1953	-50.2	762.7	0.06	0.0	1
151.03	0	0.0	0.0	0.0	0.0	0.0	0.0	1	1953	-50.2	762.7	0.06	0.0	1
151.13	0	0.0	0.0	0.0	0.0	0.0	0.0	1	1953	-50.2	762.7	0.06	0.0	1
151.23	0	0.0	0.0	0.0	0.0	0.0	0.0	1	1953	-50.2	762.7	0.06	0.0	1
151.33	0	0.0	0.0	0.0	0.0	0.0	0.0	1	1953	-50.2	762.7	0.06	0.0	1
151.43	0	0.0	0.0	0.0	0.0	0.0	0.0	1	1953	-50.2	762.7	0.06	0.0	1
151.53	0	0.0	0.0	0.0	0.0	0.0	0.0	1	1953	-50.2	762.7	0.06	0.0	1
151.63	0	0.0	0.0	0.0	0.0	0.0	0.0	1	1953	-50.2	762.7	0.06	0.0	1
151.73	0	0.0	0.0	0.0	0.0	0.0	0.0	1	1953	-50.2	762.7	0.06	0.0	1
151.83	0	0.0	0.0	0.0	0.0	0.0	0.0	1	1953	-50.2	762.7	0.06	0.0	1
151.93	0	0.0	0.0	0.0	0.0	0.0	0.0	1	1953	-50.2	762.7	0.06	0.0	1
152.03	0	0.0	0.0	0.0	0.0	0.0	0.0	1	1953	-50.2	762.7	0.06	0.0	1
152.13	0	0.0	0.0	0.0	0.0	0.0	0.0	1	1953	-50.2	762.7	0.06	0.0	1
152.23	0	0.0	0.0	0.0	0.0	0.0	0.0	1	1953	-50.2	762.7	0.06	0.0	1
152.33	0	0.0	0.0	0.0	0.0	0.0	0.0	1	1953	-50.2	762.7	0.06	0.0	1
152.43	0	0.0	0.0	0.0	0.0	0.0	0.0	1	1953	-50.2	762.7	0.06	0.0	1
152.53	0	0.0	0.0	0.0	0.0	0.0	0.0	1	1953	-50.2	762.7	0.06	0.0	1
152.63	0	0.0	0.0	0.0	0.0	0.0	0.0	1	1953	-50.2	762.7	0.06	0.0	1
152.73	0	0.0	0.0	0.0	0.0	0.0	0.0	1	1953	-50.2	762.7	0.06	0.0	1
152.83	0	0.0	0.0	0.0	0.0	0.0	0.0	1	1953	-50.2	762.7	0.06	0.0	1
152.93	0	0.0	0.0	0.0	0.0	0.0	0.0	1	1953	-50.2	762.7	0.06	0.0	1
153.03	0	0.0	0.0	0.0	0.0	0.0	0.0	1	1953	-50.2	762.7	0.06	0.0	1
153.13	0	0.0	0.0	0.0	0.0	0.0	0.0	1	1953	-50.2	762.7	0.06	0.0	1
153.23	0	0.0	0.0	0.0	0.0	0.0	0.0	1	1953	-50.2	762.7	0.06	0.0	1
153.33	0	0.0	0.0	0.0	0.0	0.0	0.0	1	1953	-50.2	762.7	0.06	0.0	1
153.43	0	0.0	0.0	0.0	0.0	0.0	0.0	1	1953	-50.2	762.7	0.06	0.0	1
153.53	0	0.0	0.0	0.0	0.0	0.0	0.0	1	1953	-50.2	762.7	0.06	0.0	1
153.63	0	0.0	0.0	0.0	0.0	0.0	0.0	1	1953	-50.2	762.7	0.06	0.0	1
153.73	0	0.0	0.0	0.0	0.0	0.0	0.0	1	1953	-50.2	762.7	0.06	0.0	1
153.83	0	0.0	0.0	0.0	0.0	0.0	0.0	1	1953	-50.2	762.7	0.06	0.0	1
153.93	0	0.0	0.0	0.0	0.0	0.0	0.0	1	1953	-50.2	762.7	0.06	0.0	1
154.03	0	0.0	0.0	0.0	0.0	0.0	0.0	1	1953	-50.2	762.7	0.06	0.0	1
154.13	0	0.0	0.0	0.0	0.0	0.0	0.0	1	1953	-50.2	762.7	0.06	0.0	1
154.23	0	0.0	0.0	0.0	0.0	0.0	0.0	1	1953	-50.2	762.7	0.06	0.0	1
154.33	0	0.0	0.0	0.0	0.0	0.0	0.0	1	1953	-50.2	762.7	0.06	0.0	1
154.43	0	0.0	0.0	0.0	0.0	0.0	0.0	1	1953	-50.2	762.7	0.06	0.0	1
154.53	0	0.0	0.0	0.0	0.0	0.0	0.0	1	1953	-50.2	762.7	0.06	0.0	1
154.63	0	0.0	0.0	0.0	0.0	0.0	0.0	1	1953	-50.2	762.7	0.06	0.0	1
154.73	0	0.0	0.0	0.0	0.0	0.0	0.0	1	1953	-50.2	762.7	0.06	0.0	1
154.83	0	0.0	0.0	0.0	0.0	0.0	0.0	1	1953	-50.2	762.7	0.06	0.0	1
154.93	0	0.0	0.0	0.0	0.0	0.0	0.0	1	1953	-50.2	762.7	0.06	0.0	1
155.03	0	0.0	0.0	0.0	0.0	0.0	0.0	1	1953	-50.2	762.7	0.06	0.0	1
155.13	0	0.0	0.0	0.0	0.0	0.0	0.0	1	1953	-50.2	762.7	0.06	0.0	1
155.23	0	0.0	0.0	0.0	0.0	0.0	0.0	1	1953	-50.2	762.7	0.06	0.0	1
155.33	0	0.0	0.0	0.0	0.0	0.0	0.0	1	1953	-50.2	762.7	0.06	0.0	1
155.43	0	0.0	0.0	0.0	0.0	0.0	0.0	1	1953	-50.2	762.7	0.06	0.0	1
155.53	0	0.0	0.0	0.0	0.0	0.0	0.0	1	1953	-50.2	762.7	0.06	0.0	1
155.63	0	0.0	0.0	0.0	0.0	0.0	0.0	1	1953	-50.2	762.7	0.06	0.0	1
155.73	0	0.0	0.0	0.0	0.0	0.0	0.0	1	1953	-50.2	762.7	0.06	0.0	1
155.83	0	0.0	0.0	0.0	0.0	0.0	0.0	1	1953	-50.2	762.7	0.06	0.0	1
155.93	0	0.0	0.0	0.0	0.0	0.0	0.0	1	1953	-50.2	762.7	0.06	0.0	1
156.03	0	0.0	0.0	0.0	0.0	0.0	0.0	1	1953	-50.2	762.7	0.06	0.0	1
156.13	0	0.0	0.0	0.0	0.0	0.0	0.0	1	1953	-50.2	762.7	0.06	0.0	1
156.23	0	0.0	0.0	0.0	0.0	0.0	0.0	1	1953	-50.2	762.7	0.06	0.0	1
156.33	0	0.0	0.0	0.0	0.0	0.0	0.0	1	1953	-50.2	762.7	0.06	0.0	1
156.43	0	0.0	0.0	0.0	0.0	0.0	0.0	1	1953	-50.2	762.7	0.06	0.0	1
156.55	0	0.0	0.0	0.0	0.0	0.0	0.0	1	1953	-50.2	762.7	0.06	0.0	1
156.65	0	0.0	0.0	0.0	0.0	0.0	0.0	1	1953	-50.2	762.7	0.06	0.0	1
156.75	0	0.0	0.0	0.0	0.0	0.0	0.0	1	1953	-50.2	762.7	0.06	0.0	1
156.85	0	0.0	0.0	0.0	0.0	0.0	0.0	1	1953	-50.2	762.7	0.06	0.0	1
156.95	0	0.0	0.0	0.0	0.0	0.0	0.0	1	1953	-50.2	762.7	0.06	0.0	1
157.05	0	0.0	0.0	0.0	0.0	0.0	0.0	1	1953	-50.2	762.7	0.06	0.0	1
157.15	0	0.0	0.0	0.0	0.0	0.0	0.0	1	1953	-50.2	762.7	0.06	0.0	1
157.25	0	0.0	0.0	0.0	0.0	0.0	0.0	1	1953	-50.2	762.7	0.06	0.0	1
157.35	0	0.0	0.0	0.0	0.0	0.0	0.0	1	1953	-50.2	762.7	0.06	0.0	1
157.45	0	0.0	0.0	0.0	0.0	0.0	0.0	1	1953	-50.2	762.7	0.06	0.0	1
157.55	0	0.0	0.0	0.0	0.0	0.0	0.0	1	1953	-50.2	762.7	0.06	0.0	1
157.65	0	0.0	0.0	0.0	0.0	0.0	0.0	1	1953	-50.2	762.7	0.06	0.0	1
157.75	0	0.0	0.0	0.0	0.0	0.0	0.0	1	1953	-50.2	762.7	0.06	0.0	1
157.85	0	0.0	0.0	0.0	0.0	0.0	0.0	1	1953	-50.2	762.7	0.06	0.0	1
157.95	0	0.0	0.0	0.0	0.0	0.0	0.0	1	1953	-50.2	762.7	0.06	0.0	1
158.05	0	0.0	0.0	0.0	0.0	0.0	0.0	1	1953	-50.2	762.7	0.06	0.0	1
158.15	0	0.0	0.0	0.0	0.0	0.0	0.0	1	1953	-50.2	762.7	0.06	0.0	1
158.25	0	0.0	0.0	0.0	0.0	0.0	0.0	1	1953	-50.2	762.7	0.06	0.0	1
158.35	0	0.0	0.0	0.0	0.0	0.0	0.0	1	1953	-50.2	762.7	0.06	0.0	1
158.45	0	0.0	0.0	0.0	0.0	0.0	0.0	1	1953	-50.2	762.7	0.06	0.0	1
158.55	0	0.0	0.0	0.0	0.0	0.0	0.0	1	1953	-50.2	762.7	0.06	0.0	1
158.65	0	0.0	0.0	0.0	0.0	0.0	0.0	1	1953	-50.2	762.7	0.06	0.0	1
158.75	0	0.0	0.0	0.0	0.0	0.0	0.0	1	1953	-50.2	762.7	0.06	0.0	1
158.9	0	0.0	0.0	0.0	0.0	0.0	0.0	1	1953	-50.2	762.7	0.06	0.0	1
158.99	0	0.0	0.0	0.0	0.0	0.0	0.0	1	1953	-50.2	762.7	0.06	0.0	1
159.1	0	0.0	0.0	0.0	0.0	0.0	0.0	1	1953	-50.2	762.7	0.06	0.0	1
159.2	0	0.0	0.0	0.0	0.0	0.0	0.0	1	1953	-50.2	762.7	0.06	0.0	1
159.3	0	0.0	0.0	0.0	0.0	0.0	0.0	1	1953	-50.2	762.7	0.06	0.0	1
159.4	0	0.0	0.0	0.0	0.0	0.0	0.0	1	1953	-50.2	762.7	0.06	0.0	1
159.5	0	0.0	0.0	0.0	0.0	0.0	0.0	1	1953	-50.2	762.7	0.06	0.0	1
159.6	0	0.0	0.0	0.0	0.0	0.0	0.0	1	1953	-50.2	762.7	0.06	0.0	1
159.7	0	0.0	0.0	0.0	0.0	0.0	0.0	1	1953	-50.2	762.7	0.06	0.0	1
159.8	0	0.0	0.0	0.0	0.0	0.0	0.0	1	1953	-50.2	762.7	0.06	0.0	1
159.9	0	0.0	0.0	0.0	0.0	0.0	0.0	1	1953	-50.2	762.7	0.06	0.0	1
160.0	0	0.0	0.0	0.0	0.0	0.0	0.0	1	1953	-50.2	762.7	0.06	0.0	1
160.1	0	0.0	0.0	0.0	0.0	0.0	0.0	1	1953	-50.2	762.7	0.06	0.0	1
160.2	0	0.0	0.0	0.0	0.0	0.0	0.0	1	1953	-50.2	762.7	0.06	0.0	1
160.3	0	0.0	0.0	0.0	0.0	0.0	0.0	1	1953	-50.2	762.7	0.06	0.0	1
160.4	0	0.0	0.0	0.0	0.0	0.0	0.0	1	1953	-50.2	762.7	0.06	0.0	1
160.5	0	0.0	0.0	0.0	0.0	0.0	0.0	1	1953	-50.2	762.7	0.06	0.0	1
160.6	0	0.0	0.0	0.0	0.0	0.0	0.0	1	1953	-50.2	762.7	0.06	0.0	1
160.7	0	0.0	0.0	0.0	0.0	0.0	0.0	1	1953	-50.2	762.7	0.06	0.0	1
160.8	0	0.0	0.0	0.0	0.0	0.0	0.0	1	1953	-50.2	762.7	0.06	0.0	1
160.91	0	0.0	0.0	0.0	0.0	0.0	0.0	1	1953	-50.2	762.7	0.06	0.0	1
161.01	0	0.0	0.0	0.0	0.0	0.0	0.0	1	1953	-50.2	762.7	0.06	0.0	1
161.11	0	0.0	0.0	0.0	0.0	0.0	0.0	1	1953	-50.2	762.7	0.06	0.0	1
161.21	0	0.0	0.0	0.0	0.0	0.0	0.0	1	1953	-50.2	762.7	0.06	0.0	1
161.31	0	0.0	0.0	0.0	0.0	0.0	0.0	1	1953	-50.2	762.7	0.06	0.0	1
161.41	0	0.0	0.0	0.0	0.0	0.0	0.0	1	1953	-50.2	762.7	0.06	0.0	1
161.51	0	0.0	0.0	0.0	0.0	0.0	0.0	1	1953	-50.2	762.7	0.06	0.0	1
161.61	0	0.0	0.0	0.0	0.0	0.0	0.0	1	1953	-50.2	762.7	0.06	0.0	1
161.71	0	0.0	0.0	0.0	0.0	0.0	0.0	1	1953	-50.2	762.7	0.06	0.0	1
161.81	0	0.0	0.0	0.0	0.0	0.0	0.0	1	1953	-50.2	762.7	0.06	0.0	1
161.91	0	0.0	0.0	0.0	0.0	0.0	0.0	1	1953	-50.2	762.7	0.06	0.0	1
162.01	0	0.0	0.0	0.0	0.0	0.0	0.0	1	1953	-50.2	762.7	0.06	0.0	1
162.11	0	0.0	0.0	0.0	0.0	0.0	0.0	1	1953	-50.2	762.7	0.06	0.0	1
162.21	0	0.0	0.0	0.0	0.0	0.0	0.0	1	1953	-50.2	762.7	0.06	0.0	1
162.31	0	0.0	0.0	0.0	0.0	0.0	0.0	1	1953	-50.2	762.7	0.06	0.0	1
162.41	0	0.0	0.0	0.0	0.0	0.0	0.0	1	1953	-50.2	762.7	0.06	0.0	1
162.51	0	0.0	0.0	0.0	0.0	0.0	0.0	1	1953	-50.2	762.7	0.06	0.0	1
162.61	0	0.0	0.0	0.0	0.0	0.0	0.0	1	1953	-50.2	762.7	0.06	0.0	1
162.71	0	0.0	0.0	0.0	0.0	0.0	0.0	1	1953	-50.2	762.7	0.06	0.0	1
162.81	0	0.0	0.0	0.0	0.0	0.0	0.0	1	1953	-50.2	762.7	0.06	0.0	1
162.91	0	0.0	0.0	0.0	0.0	0.0	0.0	1	1953	-50.2	762.7	0.06	0.0	1
163.01	0	0.0	0.0	0.0	0.0	0.0	0.0	1	1953	-50.2	762.7	0.06	0.0	1
163.11	0	0.0	0.0	0.0	0.0	0.0	0.0	1	1953	-50.2	762.7	0.06	0.0	1
163.21	0	0.0	0.0	0.0	0.0	0.0	0.0	1	1953	-50.2	762.7	0.06	0.0	1
163.31	0	0.0	0.0	0.0	0.0	0.0	0.0	1	1953	-50.2	762.7	0.06	0.0	1
163.41	0	0.0	0.0	0.0	0.0	0.0	0.0	1	1953	-50.2	762.7	0.06	0.0	1
163.51	0	0.0	0.0	0.0	0.0	0.0	0.0	1	1953	-50.2	762.7	0.06	0.0	1
163.61	0	0.0	0.0	0.0	0.0	0.0	0.0	1	1953	-50.2	762.7	0.06	0.0	1
163.71	0	0.0	0.0	0.0	0.0	0.0	0.0	1	1953	-50.2	762.7	0.06	0.0	1
163.81	0	0.0	0.0	0.0	0.0	0.0	0.0	1	1953	-50.2	762.7	0.06	0.0	1
163.91	0	0.0	0.0	0.0	0.0	0.0	0.0	1	1953	-50.2	762.7	0.06	0.0	1
164.01	0	0.0	0.0	0.0	0.0	0.0	0.0	1	1953	-50.2	762.7	0.06	0.0	1
164.11	0	0.0	0.0	0.0	0.0	0.0	0.0	1	1953	-50.2	762.7	0.06	0.0	1
164.21	0	0.0	0.0	0.0	0.0	0.0	0.0	1	1953	-50.2	762.7	0.06	0.0	1
164.31	0	0.0	0.0	0.0	0.0	0.0	0.0	1	1953	-50.2	762.7	0.06	0.0	1
164.41	0	0.0	0.0	0.0	0.0	0.0	0.0	1	1953	-50.2	762.7	0.06	0.0	1
164.51	0	0.0	0.0	0.0	0.0	0.0	0.0	1	1953	-50.2	762.7	0.06	0.0	1
164.61	0	0.0	0.0	0.0	0.0	0.0	0.0	1	1953	-50.2	762.7	0.06	0.0	1
164.71	0	0.0	0.0	0.0	0.0	0.0	0.0	1	1953	-50.2	762.7	0.06	0.0	1
164.81	0	0.0	0.0	0.0	0.0	0.0	0.0	1	1953	-50.2	762.7	0.06	0.0	1
164.91	0	0.0	0.0	0.0	0.0	0.0	0.0	1	1953	-50.2	762.7	0.06	0.0	1
165.01	0	0.0	0.0	0.0	0.0	0.0	0.0	1	1953	-50.2	762.7	0.06	0.0	1
165.11	0	0.0	0.0	0.0	0.0	0.0	0.0	1	1953	-50.2	762.7	0.06	0.0	1
165.21	0	0.0	0.0	0.0	0.0	0.0	0.0	1	1953	-50.2	762.7	0.06	0.0	1
165.31	0	0.0	0.0	0.0	0.0	0.0	0.0	1	1953	-50.2	762.7	0.06	0.0	1
165.43	0	0.0	0.0	0.0	0.0	0.0	0.0	1	1953	-50.2	762.7	0.06	0.0	1
165.53	0	0.0	0.0	0.0	0.0	0.0	0.0	1	1953	-50.2	762.7	0.06	0.0	1
165.63	0	0.0	0.0	0.0	0.0	0.0	0.0	1	1953	-50.2	762.7	0.06	0.0	1
165.73	0	0.0	0.0	0.0	0.0	0.0	0.0	1	1953	-50.2	762.7	0.06	0.0	1
165.83	0	0.0	0.0	0.0	0.0	0.0	0.0	1	1953	-50.2	762.7	0.06	0.0	1
165.93	0	0.0	0.0	0.0	0.0	0.0	0.0	1	1953	-50.2	762.7	0.06	0.0	1
166.03	0	0.0	0.0	0.0	0.0	0.0	0.0	1	1953	-50.2	762.7	0.06	0.0	1
166.13	0	0.0	0.0	0.0	0.0	0.0	0.0	1	1953	-50.2	762.7	0.06	0.0	1
166.23	0	0.0	0.0	0.0	0.0	0.0	0.0	1	1953	-50.2	762.7	0.06	0.0	1
166.33	0	0.0	0.0	0.0	0.0	0.0	0.0	1	1953	-50.2	762.7	0.06	0.0	1
166.43	0	0.0	0.0	0.0	0.0	0.0	0.0	1	1953	-50.2	762.7	0.06	0.0	1
166.53	0	0.0	0.0	0.0	0.0	0.0	0.0	1	1953	-50.2	762.7	0.06	0.0	1
166.63	0	0.0	0.0	0.0	0.0	0.0	0.0	1	1953	-50.2	762.7	0.06	0.0	1
166.73	0	0.0	0.0	0.0	0.0	0.0	0.0	1	1953	-50.2	762.7	0.06	0.0	1
166.83	0	0.0	0.0	0.0	0.0	0.0	0.0	1	1953	-50.2	762.7	0.06	0.0	1
166.93	0	0.0	0.0	0.0	0.0	0.0	0.0	1	1953	-50.2	762.7	0.06	0.0	1
167.03	0	0.0	0.0	0.0	0.0	0.0	0.0	1	1953	-50.2	762.7	0.06	0.0	1
167.13	0	0.0	0.0	0.0	0.0	0.0	0.0	1	1953	-50.2	762.7	0.07	0.0	1
167.23	0	0.0	0.0	0.0	0.0	0.0	0.0	1	1953	-50.2	762.7	0.07	0.0	1
167.33	0	0.0	0.0	0.0	0.0	0.0	0.0	1	1953	-50.2	762.7	0.07	0.0	1
167.43	0	0.0	0.0	0.0	0.0	0.0	0.0	1	1953	-50.2	762.7	0.07	0.0	1
167.53	0	0.0	0.0	0.0	0.0	0.0	0.0	1	1953	-50.2	762.7	0.07	0.0	1
167.63	0	0.0	0.0	0.0	0.0	0.0	0.0	1	1953	-50.2	762.7	0.07	0.0	1
167.73	0	0.0	0.0	0.0	0.0	0.0	0.0	1	1953	-50.2	762.7	0.07	0.0	1
167.83	0	0.0	0.0	0.0	0.0	0.0	0.0	1	1953	-50.2	762.7	0.07	0.0	1
167.93	0	0.0	0.0	0.0	0.0	0.0	0.0	1	1953	-50.2	762.7	0.07	0.0	1
168.04	0	0.0	0.0	0.0	0.0	0.0	0.0	1	1953	-50.2	762.7	0.07	0.0	1
168.14	0	0.0	0.0	0.0	0.0	0.0	0.0	1	1953	-50.2	762.7	0.07	0.0	1
168.24	0	0.0	0.0	0.0	0.0	0.0	0.0	1	1953	-50.2	762.7	0.07	0.0	1
168.34	0	0.0	0.0	0.0	0.0	0.0	0.0	1	1953	-50.2	762.7	0.07	0.0	1
168.44	0	0.0	0.0	0.0	0.0	0.0	0.0	1	1953	-50.2	762.7	0.07	0.0	1
168.54	0	0.0	0.0	0.0	0.0	0.0	0.0	1	1953	-50.2	762.7	0.07	0.0	1
168.64	0	0.0	0.0	0.0	0.0	0.0	0.0	1	1953	-50.2	762.7	0.07	0.0	1
168.74	0	0.0	0.0	0.0	0.0	0.0	0.0	1	1953	-50.2	762.7	0.07	0.0	1
168.84	0	0.0	0.0	0.0	0.0	0.0	0.0	1	1953	-50.2	762.7	0.07	0.0	1
168.94	0	0.0	0.0	0.0	0.0	0.0	0.0	1	1953	-50.2	762.7	0.07	0.0	1
169.04	0	0.0	0.0	0.0	0.0	0.0	0.0	1	1953	-50.2	762.7	0.07	0.0	1
169.14	0	0.0	0.0	0.0	0.0	0.0	0.0	1	1953	-50.2	762.7	0.07	0.0	1
169.24	0	0.0	0.0	0.0	0.0	0.0	0.0	1	1953	-50.2	762.7	0.07	0.0	1
169.34	0	0.0	0.0	0.0	0.0	0.0	0.0	1	1953	-50.2	762.7	0.07	0.0	1
169.44	0	0.0	0.0	0.0	0.0	0.0	0.0	1	1953	-50.2	762.7	0.07	0.0	1
169.54	0	0.0	0.0	0.0	0.0	0.0	0.0	1	1953	-50.2	762.7	0.07	0.0	1
169.64	0	0.0	0.0	0.0	0.0	0.0	0.0	1	1953	-50.2	762.7	0.07	0.0	1
169.74	0	0.0	0.0	0.0	0.0	0.0	0.0	1	1953	-50.2	762.7	0.07	0.0	1
169.88	0	0.0	0.0	0.0	0.0	0.0	0.0	1	1953	-50.2	762.7	0.07	0.0	1
169.99	0	0.0	0.0	0.0	0.0	0.0	0.0	1	1953	-50.2	762.7	0.07	0.0	1
170.09	0	0.0	0.0	0.0	0.0	0.0	0.0	1	1953	-50.2	762.7	0.07	0.0	1
170.19	0	0.0	0.0	0.0	0.0	0.0	0.0	1	1953	-50.2	762.7	0.07	0.0	1
170.29	0	0.0	0.0	0.0	0.0	0.0	0.0	1	1953	-50.2	762.7	0.07	0.0	1
170.39	0	0.0	0.0	0.0	0.0	0.0	0.0	1	1953	-50.2	762.7	0.07	0.0	1
170.49	0	0.0	0.0	0.0	0.0	0.0	0.0	1	1953	-50.2	762.7	0.07	0.0	1
170.59	0	0.0	0.0	0.0	0.0	0.0	0.0	1	1953	-50.2	762.7	0.07	0.0	1
170.69	0	0.0	0.0	0.0	0.0	0.0	0.0	1	1953	-50.2	762.7	0.07	0.0	1
170.79	0	0.0	0.0	0.0	0.0	0.0	0.0	1	1953	-50.2	762.7	0.07	0.0	1
170.89	0	0.0	0.0	0.0	0.0	0.0	0.0	1	1953	-50.2	762.7	0.07	0.0	1
171.0	0	0.0	0.0	0.0	0.0	0.0	0.0	1	1953	-50.2	762.7	0.07	0.0	1
171.1	0	0.0	0.0	0.0	0.0	0.0	0.0	1	1953	-50.2	762.7	0.07	0.0	1
171.2	0	0.0	0.0	0.0	0.0	0.0	0.0	1	1953	-50.2	762.7	0.07	0.0	1
171.3	0	0.0	0.0	0.0	0.0	0.0	0.0	1	1953	-50.2	762.7	0.07	0.0	1
171.4	0	0.0	0.0	0.0	0.0	0.0	0.0	1	1953	-50.2	762.7	0.07	0.0	1
171.5	0	0.0	0.0	0.0	0.0	0.0	0.0	1	1953	-50.2	762.7	0.07	0.0	1
171.6	0	0.0	0.0	0.0	0.0	0.0	0.0	1	1953	-50.2	762.7	0.07	0.0	1
171.7	0	0.0	0.0	0.0	0.0	0.0	0.0	1	1953	-50.2	762.7	0.07	0.0	1
171.8	0	0.0	0.0	0.0	0.0	0.0	0.0	1	1953	-50.2	762.7	0.07	0.0	1
171.9	0	0.0	0.0	0.0	0.0	0.0	0.0	1	1953	-50.2	762.7	0.07	0.0	1
172.0	0	0.0	0.0	0.0	0.0	0.0	0.0	1	1953	-50.2	762.7	0.07	0.0	1
172.1	0	0.0	0.0	0.0	0.0	0.0	0.0	1	1953	-50.2	762.7	0.07	0.0	1
172.2	0	0.0	0.0	0.0	0.0	0.0	0.0	1	1953	-50.2	762.7	0.07	0.0	1
172.3	0	0.0	0.0	0.0	0.0	0.0	0.0	1	1953	-50.2	762.7	0.07	0.0	1
172.4	0	0.0	0.0	0.0	0.0	0.0	0.0	1	1953	-50.2	762.7	0.07	0.0	1
172.5	0	0.0	0.0	0.0	0.0	0.0	0.0	1	1953	-50.2	762.7	0.07	0.0	1
172.6	0	0.0	0.0	0.0	0.0	0.0	0.0	1	1953	-50.2	762.7	0.07	0.0	1
172.7	0	0.0	0.0	0.0	0.0	0.0	0.0	1	1953	-50.2	762.7	0.07	0.0	1
172.8	0	0.0	0.0	0.0	0.0	0.0	0.0	1	1953	-50.2	762.7	0.07	0.0	1
172.9	0	0.0	0.0	0.0	0.0	0.0	0.0	1	1953	-50.2	762.7	0.07	0.0	1
173.0	0	0.0	0.0	0.0	0.0	0.0	0.0	1	1953	-50.2	762.7	0.07	0.0	1
173.1	0	0.0	0.0	0.0	0.0	0.0	0.0	1	1953	-50.2	762.7	0.07	0.0	1
173.2	0	0.0	0.0	0.0	0.0	0.04	0.0	1	1953	-50.2	762.7	0.07	0.0	1
173.3	0	0.0	0.0	0.0	0.0	0.01	0.0	1	1953	-50.2	762.7	0.07	0.0	1
173.4	0	0.0	0.0	0.0	0.0	0.01	0.0	1	1953	-50.2	762.7	0.07	0.0	1
173.5	0	0.0	0.0	0.0	0.0	0.01	0.0	1	1953	-50.2	762.7	0.07	0.0	1
173.6	0	0.0	0.0	0.0	0.0	0.01	0.0	1	1953	-50.2	762.7	0.07	0.0	1
173.7	0	0.0	0.0	0.0	0.0	0.01	0.0	1	1953	-50.2	762.7	0.07	0.0	1
173.8	0	0.0	0.0	0.0	0.0	0.01	0.0	1	1953	-50.2	762.7	0.07	0.0	1
173.9	0	0.0	0.0	0.0	0.0	0.01	0.0	1	1953	-50.2	762.7	0.07	0.0	1
174.0	0	0.0	0.0	0.0	0.0	0.01	0.0	1	1953	-50.2	762.7	0.07	0.0	1
174.1	0	0.0	0.0	0.0	0.0	0.01	0.0	1	1953	-50.2	762.7	0.07	0.0	1
174.2	0	0.0	0.0	0.0	0.0	0.01	0.0	1	1953	-50.2	762.7	0.07	0.0	1
174.3	0	0.0	0.0	0.0	0.0	0.01	0.0	1	1953	-50.2	762.7	0.07	0.0	1
174.4	0	0.0	0.0	0.0	0.0	0.01	0.0	1	1953	-50.2	762.7	0.07	0.0	1
174.51	0	0.0	0.0	0.0	0.0	0.01	0.0	1	1953	-50.2	762.7	0.07	0.0	1
174.61	0	0.0	0.0	0.0	0.0	0.0	0.0	1	1953	-50.2	762.7	0.07	0.0	1
174.71	0	0.0	0.0	0.0	0.0	0.0	0.0	1	1953	-50.2	762.7	0.07	0.0	1
174.81	0	0.0	0.0	0.0	0.0	0.0	0.0	1	1953	-50.2	762.7	0.07	0.0	1
174.91	0	0.0	0.0	0.0	0.0	0.0	0.0	1	1953	-50.2	762.7	0.07	0.0	1
175.01	0	0.0	0.0	0.0	0.0	0.0	0.0	1	1953	-50.2	762.7	0.07	0.0	1
175.11	0	0.0	0.0	0.0	0.0	0.0	0.0	1	1953	-50.2	762.7	0.07	0.0	1
175.21	0	0.0	1.0	0.0	0.0	0.0	0.0	1	1418	-50.2	762.7	0.07	0.0	1
175.31	0	0.1	3.3	0.0	0.0	0.0	0.0	1	61	-50.2	762.7	0.08	0.06	1
175.41	0	0.1	0.7	0.0	0.0	0.0	0.0	1	23	-50.1	762.7	0.08	0.12	1
175.51	0	0.1	0.1	0.0	0.0	0.0	0.0	1	3	-50.1	762.7	0.08	0.12	1
175.61	0	0.1	0.0	0.0	0.0	0.0	0.0	1	0	-50.1	762.7	0.08	0.12	1
175.73	0	0.1	0.0	0.0	0.0	0.0	0.0	1	0	-50.1	762.7	0.08	0.12	1
175.84	0	0.1	0.0	0.0	0.0	0.0	0.0	1	0	-50.1	762.7	0.08	0.12	1
175.96	0	0.1	0.0	0.0	0.0	0.0	0.0	1	0	-50.1	762.7	0.08	0.12	1
176.06	0	0.1	0.0	0.12	0.0	0.0	0.0	1	0	-50.1	762.7	0.08	0.12	1
176.16	0	0.1	0.0	0.28	0.0	-0.0	0.0	1	0	-50.1	762.7	0.08	0.12	1
176.26	0	0.1	0.0	0.0	0.0	0.02	0.0	1	0	-50.1	762.7	0.08	0.12	1
176.36	0	0.1	0.0	0.0	0.09	-0.01	0.0	1	0	-50.1	762.7	0.08	0.12	1
176.46	0	0.1	0.0	0.0	0.09	0.01	0.0	1	0	-50.1	762.7	0.08	0.12	1
176.56	0	0.1	0.0	0.0	0.0	0.01	0.0	1	0	-50.1	762.7	0.08	0.12	1
176.66	0	0.1	0.0	0.27	0.0	0.01	0.0	1	0	-50.1	762.7	0.08	0.12	1
176.76	0	0.1	0.0	0.79	0.0	0.06	0.0	1	0	-50.1	762.7	0.08	0.12	1
176.86	0	0.1	0.0	0.99	0.0	0.1	0.0	1	0	-50.1	762.7	0.08	0.12	1
176.96	0	0.1	0.0	1.0	0.0	0.05	0.0	1	0	-50.1	762.7	0.09	0.12	1
177.06	0	0.1	0.1	1.0	0.0	0.14	0.0	1	0	-50.1	762.7	0.09	0.12	1
177.16	0	0.1	0.1	1.0	0.0	0.14	0.0	1	0	-50.1	762.7	0.09	0.12	1
177.26	0	0.1	0.1	1.0	0.0	0.14	0.0	1	0	-50.1	762.7	0.09	0.12	1
177.36	0	0.1	0.1	1.0	0.0	0.14	0.0	1	0	-50.1	762.7	0.09	0.12	1
177.46	0	0.1	0.1	1.0	0.0	0.14	0.0	1	0	-50.1	762.7	0.09	0.12	1
177.56	0	0.1	0.1	1.0	0.0	0.14	0.0	1	0	-50.1	762.7	0.1	0.12	1
177.66	0	0.1	0.1	1.0	0.0	0.1	0.0	1	0	-50.1	762.7	0.1	0.12	1
177.76	0	0.1	0.1	1.0	0.0	0.11	0.0	1	0	-50.1	762.7	0.1	0.12	1
177.86	0	0.1	0.1	0.97	0.0	0.09	0.0	1	0	-50.1	762.7	0.1	0.12	1
177.96	0	0.1	0.0	0.97	0.0	0.07	0.0	1	0	-50.1	762.7	0.1	0.11	1
178.06	0	0.1	0.0	0.95	0.0	0.07	0.0	1	0	-50.1	762.7	0.1	0.11	1
178.16	0	0.1	0.0	0.92	0.0	0.07	0.0	1	0	-50.1	762.7	0.1	0.11	1
178.26	0	0.1	0.0	0.89	0.0	0.05	0.0	1	0	-50.1	762.7	0.1	0.11	1
178.36	0	0.1	0.0	0.84	0.0	0.05	0.0	1	0	-50.1	762.7	0.1	0.11	1
178.46	0	0.1	0.0	0.74	0.0	0.06	0.0	1	0	-50.1	762.7	0.1	0.11	1
178.56	0	0.1	0.0	0.62	0.0	0.03	0.0	1	0	-50.1	762.7	0.11	0.11	1
178.66	0	0.1	0.0	0.52	0.0	0.01	0.0	1	0	-50.1	762.7	0.11	0.11	1
178.76	0	0.1	0.0	0.4	0.0	0.01	0.0	1	0	-50.1	762.7	0.11	0.11	1
178.87	0	0.1	0.0	0.29	0.0	0.0	0.0	1	0	-50.1	762.7	0.11	0.11	1
178.97	0	0.1	0.0	0.2	0.0	0.0	0.0	1	0	-50.1	762.7	0.11	0.11	1
179.08	0	0.1	0.0	0.14	0.0	0.0	0.0	1	0	-50.1	762.7	0.11	0.11	1
179.18	0	0.1	0.0	0.09	0.0	0.0	0.0	1	0	-50.1	762.7	0.11	0.11	1
179.28	0	0.1	0.0	0.09	0.0	0.0	0.0	1	0	-50.1	762.7	0.11	0.11	1
179.38	0	0.1	0.0	0.07	0.0	0.0	0.0	1	0	-50.1	762.7	0.11	0.11	1
179.48	0	0.1	0.0	0.07	0.0	0.0	0.0	1	0	-50.1	762.7	0.11	0.11	1
179.62	0	0.1	0.0	0.0	0.0	0.0	0.0	1	0	-50.1	762.7	0.11	0.11	1
179.72	0	0.1	0.0	0.0	0.0	0.0	0.0	1	0	-50.1	762.7	0.11	0.11	1
179.82	0	0.1	0.0	0.0	0.0	0.0	0.0	1	0	-50.1	762.7	0.11	0.11	1
179.92	0	0.1	0.0	0.0	0.0	0.0	0.0	1	0	-50.1	762.7	0.11	0.11	1
180.02	0	0.1	0.0	0.0	0.0	0.0	0.0	1	0	-50.1	762.7	0.11	0.11	1
180.12	0	0.1	0.0	0.0	0.0	0.0	0.0	1	0	-50.1	762.7	0.11	0.11	1
180.22	0	0.1	0.0	0.0	0.0	0.0	0.0	1	0	-50.1	762.7	0.11	0.11	1
180.32	0	0.1	0.0	0.0	0.0	0.0	0.0	1	0	-50.1	762.7	0.11	0.11	1
180.42	0	0.1	0.0	0.0	0.0	0.0	0.0	1	0	-50.1	762.7	0.11	0.11	1
180.52	0	0.1	0.0	0.0	0.0	0.0	0.0	1	0	-50.1	762.7	0.11	0.11	1
180.62	0	0.1	0.0	0.0	0.0	0.0	0.0	1	0	-50.1	762.7	0.11	0.11	1
180.72	0	0.1	0.0	0.0	0.0	0.0	0.0	1	0	-50.1	762.7	0.11	0.11	1
180.82	0	0.1	0.0	0.0	0.0	0.0	0.0	1	0	-50.1	762.7	0.11	0.11	1
180.92	0	0.1	0.0	0.0	0.0	0.0	0.0	1	0	-50.1	762.7	0.11	0.11	1
181.02	0	0.1	0.0	0.0	0.0	0.0	0.0	1	0	-50.1	762.7	0.11	0.11	1
181.12	0	0.1	0.0	0.0	0.0	0.0	0.0	1	0	-50.1	762.7	0.11	0.11	1
181.22	0	0.1	0.0	0.0	0.0	0.0	0.0	1	0	-50.1	762.7	0.11	0.11	1
181.32	0	0.1	0.0	0.0	0.0	0.0	0.0	1	0	-50.1	762.7	0.11	0.11	1
181.42	0	0.1	0.0	0.0	0.0	0.0	0.0	1	0	-50.1	762.7	0.11	0.11	1
181.52	0	0.1	0.0	0.0	0.0	0.0	0.0	1	0	-50.1	762.7	0.11	0.11	1
181.62	0	0.1	0.0	0.0	0.0	0.0	0.0	1	0	-50.1	762.7	0.11	0.11	1
181.72	0	0.1	0.0	0.0	0.0	0.0	0.0	1	0	-50.1	762.7	0.11	0.11	1
181.82	0	0.1	0.0	0.0	0.0	0.0	0.0	1	0	-50.1	762.7	0.11	0.11	1
181.92	0	0.1	0.0	0.0	0.0	0.0	0.0	1	0	-50.1	762.7	0.11	0.11	1
182.02	0	0.1	0.0	0.0	0.0	0.0	0.0	1	0	-50.1	762.7	0.11	0.11	1
182.12	0	0.1	0.0	0.0	0.0	0.0	0.0	1	0	-50.1	762.7	0.11	0.11	1
182.22	0	0.1	0.0	0.0	0.0	0.0	0.0	1	0	-50.1	762.7	0.11	0.11	1
182.32	0	0.1	0.0	0.0	0.0	0.0	0.0	1	0	-50.1	762.7	0.11	0.11	1
182.42	0	0.1	0.0	0.0	0.0	0.0	0.0	1	0	-50.1	762.7	0.11	0.11	1
182.52	0	0.1	0.0	0.0	0.0	0.0	0.0	1	0	-50.1	762.7	0.11	0.11	1
182.62	0	0.1	0.0	0.0	0.0	0.0	0.0	1	0	-50.1	762.7	0.11	0.11	1
182.72	0	0.1	0.0	0.0	0.0	0.0	0.0	1	0	-50.1	762.7	0.11	0.11	1
182.82	0	0.1	0.0	0.0	0.0	0.0	0.0	1	0	-50.1	762.7	0.11	0.11	1
182.92	0	0.1	0.0	0.0	0.0	0.0	0.0	1	0	-50.1	762.7	0.11	0.11	1
183.02	0	0.1	0.0	0.0	0.0	0.0	0.0	1	0	-50.1	762.7	0.11	0.11	1
183.12	0	0.1	0.0	0.0	0.0	0.0	0.0	1	0	-50.1	762.7	0.11	0.11	1
183.22	0	0.1	0.0	0.0	0.0	0.0	0.0	1	0	-50.1	762.7	0.11	0.11	1
183.32	0	0.1	0.0	0.0	0.0	0.0	0.0	1	0	-50.1	762.7	0.11	0.11	1
183.43	0	0.1	0.0	0.0	0.0	0.0	0.0	1	0	-50.1	762.7	0.11	0.11	1
183.53	0	0.1	0.0	0.0	0.0	0.0	0.0	1	0	-50.1	762.7	0.11	0.11	1
183.67	0	0.1	0.0	0.0	0.0	0.0	0.0	1	0	-50.1	762.7	0.11	0.11	1
183.74	0	0.1	0.0	0.0	0.0	0.0	0.0	1	0	-50.1	762.7	0.11	0.11	1
183.84	0	0.1	0.0	0.0	0.0	0.0	0.0	1	0	-50.1	762.7	0.11	0.11	1
183.94	0	0.1	0.0	0.0	0.0	0.0	0.0	1	0	-50.1	762.7	0.11	0.11	1
184.04	0	0.1	0.0	0.0	0.0	0.0	0.0	1	0	-50.1	762.7	0.11	0.11	1
184.14	0	0.1	0.0	0.0	0.0	0.0	0.0	1	0	-50.1	762.7	0.11	0.11	1
184.24	0	0.1	0.0	0.0	0.0	0.0	0.0	1	0	-50.1	762.7	0.11	0.11	1
184.34	0	0.1	0.0	0.0	0.0	0.0	0.0	1	0	-50.1	762.7	0.11	0.11	1
184.44	0	0.1	0.0	0.0	0.0	0.0	0.0	1	0	-50.1	762.7	0.11	0.11	1
184.54	0	0.1	0.0	0.0	0.0	0.0	0.0	1	0	-50.1	762.7	0.11	0.11	1
184.64	0	0.1	0.0	0.0	0.0	0.0	0.0	1	0	-50.1	762.7	0.11	0.11	1
184.74	0	0.1	0.0	0.0	0.0	0.0	0.0	1	0	-50.1	762.7	0.11	0.11	1
184.84	0	0.1	0.0	0.0	0.0	0.0	0.0	1	0	-50.1	762.7	0.11	0.11	1
184.94	0	0.1	0.0	0.0	0.0	-0.02	0.0	1	0	-50.1	762.7	0.11	0.11	1
185.04	0	0.1	0.0	0.0	0.0	-0.02	0.0	1	0	-50.1	762.7	0.11	0.11	1
185.14	0	0.1	0.0	0.0	0.0	-0.02	0.0	1	0	-50.1	762.7	0.11	0.11	1
185.24	0	0.1	0.0	0.0	0.0	-0.02	0.0	1	0	-50.1	762.7	0.11	0.11	1
185.34	0	0.1	0.0	0.0	0.0	-0.02	0.06	1	0	-50.1	762.7	0.11	0.11	1
185.44	0	0.1	0.0	0.0	0.0	-0.02	0.7	1	2000	-50.1	762.7	0.11	0.11	1
185.54	0	0.1	0.2	0.0	0.0	-0.02	1.0	1	1944	-50.1	762.7	0.11	0.12	1
185.64	0	0.1	0.2	0.0	0.0	-0.02	1.0	1	1953	-50.1	762.7	0.11	0.12	1
185.74	0	0.1	0.2	0.0	0.0	-0.02	1.0	1	1953	-50.1	762.7	0.11	0.13	1
185.84	0	0.1	0.1	0.0	0.0	0.0	1.0	1	1953	-50.1	762.7	0.11	0.13	1
185.94	0	0.1	0.1	0.0	0.0	0.0	1.0	1	1953	-50.1	762.7	0.11	0.13	1
186.04	0	0.1	0.1	0.0	0.0	0.0	1.0	1	1953	-50.1	762.7	0.11	0.14	1
186.14	0	0.1	0.1	0.0	0.0	0.0	1.0	1	1953	-50.1	762.7	0.11	0.14	1
186.24	0	0.1	0.1	0.0	0.0	0.0	1.0	1	1953	-50.1	762.7	0.11	0.14	1
186.34	0	0.1	0.0	0.0	0.0	0.0	1.0	1	1953	-50.1	762.7	0.11	0.14	1
186.44	0	0.1	0.0	0.0	0.0	0.0	1.0	1	1953	-50.1	762.7	0.11	0.14	1
186.54	0	0.1	0.0	0.0	0.0	0.0	1.0	1	1953	-50.1	762.7	0.11	0.14	1
186.64	0	0.1	0.0	0.0	0.0	0.02	1.0	1	1953	-50.1	762.7	0.11	0.14	1
186.74	0	0.1	0.5	0.24	0.0	0.05	0.0	1	1833	-50.1	762.7	0.11	0.15	1
186.84	0	0.2	2.5	0.67	0.0	0.1	0.0	1	1664	-50.0	762.7	0.12	0.19	1
186.94	0	0.3	4.4	0.93	0.0	0.02	0.0	1	1710	-49.9	762.7	0.13	0.29	1
187.04	0	0.4	6.4	0.74	0.0	0.06	0.0	1	1692	-49.8	762.7	0.15	0.44	1
187.14	0	0.6	8.1	0.33	0.0	0.08	0.0	1	1625	-49.6	762.7	0.17	0.64	1
187.24	0	0.9	9.2	0.0	0.0	0.01	1.0	1	1667	-49.3	762.7	0.2	0.88	1
187.34	0	1.1	9.1	0.0	0.0	0.01	1.0	1	1932	-49.1	762.7	0.23	1.13	1
187.44	0	1.4	9.0	0.0	0.0	0.01	1.0	1	1952	-48.8	762.7	0.26	1.38	1
187.54	0	1.6	9.4	0.1	0.0	0.01	0.0	1	1730	-48.6	762.7	0.29	1.63	1
187.64	0	1.9	11.2	0.58	0.0	0.06	0.0	1	1651	-48.3	762.7	0.33	1.92	1
187.74	0	2.2	12.9	0.71	0.0	0.01	0.0	1	1675	-48.0	762.6	0.37	2.25	1
187.84	0	2.6	14.7	0.74	0.0	0.0	0.0	1	1682	-47.6	762.6	0.41	2.63	1
187.94	0	3.1	16.6	0.75	0.0	0.0	0.0	1	1684	-47.1	762.6	0.46	3.06	1
188.04	0	3.5	18.4	0.75	0.0	0.0	0.0	1	1684	-46.7	762.6	0.52	3.55	1
188.14	0	4.1	20.3	0.75	0.0	0.0	0.0	1	1684	-46.1	762.5	0.59	4.08	1
188.26	0	4.7	22.2	0.71	0.0	0.0	0.0	1	1715	-45.5	762.5	0.67	4.74	1
188.37	0	5.4	23.7	0.69	0.0	0.02	0.0	1	1811	-44.8	762.5	0.75	5.44	1
188.47	0	6.1	24.8	0.69	0.0	0.02	0.0	1	1874	-44.1	762.4	0.83	6.11	1
188.57	0	6.8	25.6	0.69	0.0	0.02	0.0	1	1925	-43.4	762.4	0.92	6.8	1
188.67	0	7.5	26.2	0.69	0.0	-0.0	0.0	1	1966	-42.7	762.4	1.01	7.52	1
188.77	0	8.2	26.8	0.76	0.0	-0.0	0.0	1	2008	-41.9	762.3	1.1	8.25	1
188.87	0	9.1	27.4	0.8	0.0	-0.01	0.0	1	2053	-41.2	762.3	1.18	9.05	1
188.97	0	9.8	28.0	0.8	0.0	-0.01	0.0	1	2099	-40.4	762.3	1.23	9.82	1
189.07	0	10.6	28.6	0.8	0.0	-0.03	0.0	1	2145	-39.6	762.2	1.28	10.61	1
189.17	0	11.4	29.2	0.8	0.0	-0.04	0.0	1	2190	-38.8	762.2	1.33	11.41	1
189.27	0	12.2	29.8	0.78	0.0	-0.09	0.0	1	2233	-38.0	762.1	1.38	12.22	1
189.37	0	13.1	30.3	0.79	0.0	-0.13	0.0	1	2276	-37.2	762.1	1.41	13.06	1
189.47	0	13.9	30.9	0.75	0.0	-0.17	0.0	1	2318	-36.3	762.0	1.44	13.91	1
189.6	0	15.1	31.6	0.71	0.0	-0.17	0.0	1	2365	-35.2	761.9	1.47	15.07	1
189.7	0	15.9	32.1	0.71	0.0	-0.12	0.0	1	2399	-34.3	761.8	1.47	15.95	1
189.8	0	16.8	32.5	0.71	0.0	-0.12	0.0	1	2435	-33.4	761.7	1.47	16.85	1
189.9	0	17.7	33.0	0.71	0.0	-0.1	0.0	1	2471	-32.5	761.6	1.47	17.71	1
190.0	0	18.5	33.5	0.71	0.0	-0.08	0.0	1	2506	-31.6	761.5	1.55	18.53	1
190.13	0	19.7	34.1	0.71	0.0	-0.07	0.0	1	2551	-30.4	761.3	1.65	19.73	1
190.23	0	20.7	34.6	0.71	0.0	-0.1	0.0	1	2587	-29.5	761.2	1.72	20.68	1
190.33	0	21.6	35.1	0.71	0.0	-0.14	0.0	1	2622	-28.5	761.0	1.78	21.65	1
190.43	0	22.6	35.5	0.71	0.0	-0.16	0.0	1	2657	-27.5	760.9	1.84	22.63	1
190.53	0	23.6	36.0	0.74	0.0	-0.16	0.0	1	2695	-26.5	760.7	1.88	23.62	1
190.63	0	24.6	36.5	0.76	0.0	-0.16	0.0	1	2736	-25.6	760.5	1.91	24.63	1
190.73	0	25.6	37.0	0.8	0.0	-0.16	0.0	1	2777	-24.6	760.3	1.92	25.65	1
190.83	0	26.6	37.6	0.84	0.0	-0.16	0.0	1	2825	-23.5	760.1	1.92	26.64	1
190.93	0	27.7	38.3	0.88	0.0	-0.16	0.0	1	2879	-22.5	759.8	1.93	27.69	1
191.03	0	28.8	39.0	0.88	0.0	-0.16	0.0	1	2938	-21.5	759.6	1.93	28.77	1
191.13	0	29.9	39.8	0.88	0.0	-0.16	0.0	1	3004	-20.4	759.3	1.91	29.86	1
191.23	0	31.0	40.6	0.9	0.0	-0.16	0.0	1	3079	-19.3	759.0	1.88	30.98	1
191.33	0	32.1	41.6	0.9	0.0	-0.16	0.0	1	3164	-18.3	758.7	1.83	32.12	1
191.43	0	33.3	42.8	0.91	0.0	-0.14	0.0	1	3257	-17.1	758.3	1.76	33.29	1
191.53	0	34.5	44.0	0.91	0.0	-0.12	0.0	1	3363	-16.0	758.0	1.68	34.49	1
191.63	0	35.7	45.4	0.91	0.0	-0.09	0.0	1	3483	-14.8	757.6	1.58	35.7	1
191.73	0	37.0	46.9	0.91	0.0	-0.07	0.0	1	3610	-13.6	757.2	1.49	36.98	1
191.83	0	38.3	48.5	0.91	0.0	-0.05	0.0	1	3749	-12.3	756.7	1.38	38.3	1
191.93	0	39.7	50.3	0.91	0.0	-0.05	0.0	1	3913	-11.0	756.2	1.25	39.72	1
192.03	0	41.1	52.3	0.91	0.0	-0.0	0.0	1	4087	-9.7	755.8	1.12	41.14	1
192.13	0	42.6	54.1	0.64	0.0	-0.0	0.0	1	4144	-8.3	755.2	0.97	42.61	1
192.23	0	44.1	55.2	0.44	0.0	0.01	0.0	1	4159	-6.8	754.7	0.83	44.12	1
192.33	0	45.6	55.5	0.12	0.0	0.01	0.18	1	4092	-5.4	754.2	0.71	45.64	1
192.43	0	47.2	55.0	0.0	0.0	0.0	0.63	1	3999	-4.0	753.7	0.6	47.17	1
192.53	0	48.7	54.3	0.0	0.0	0.0	0.91	1	3956	-2.5	753.2	0.49	48.68	1
192.63	0	50.2	53.7	0.0	0.0	0.0	0.94	1	3891	-1.1	752.6	0.39	50.18	1
192.73	0	51.7	53.5	0.0	0.0	-0.02	1.0	1	3673	0.3	752.1	0.28	51.67	1
192.83	0	53.1	53.3	0.0	0.0	-0.02	1.0	2	3447	1.7	751.6	0.22	53.14	1
192.94	0	54.8	53.2	0.0	0.0	-0.02	1.0	2	3211	3.2	751.1	0.17	54.79	1
193.04	0	56.2	53.0	0.0	0.0	-0.02	0.86	2	2994	4.6	750.6	0.14	56.24	1
193.14	0	57.7	52.6	0.0	0.0	-0.02	0.32	2	2965	6.0	750.1	0.09	57.71	1
193.24	0	59.2	52.1	0.0	0.0	-0.03	0.0	2	2938	7.3	749.6	0.05	59.17	1
193.34	0	60.6	51.8	0.25	0.0	-0.07	0.0	2	2941	8.7	749.1	0.03	60.6	1
193.44	0	62.0	51.8	0.48	0.0	-0.09	0.0	2	2961	10.0	748.5	0.1	62.04	1
193.54	0	63.5	52.0	0.6	0.0	-0.12	0.0	2	2987	11.4	748.0	0.14	63.49	1
193.64	0	64.9	52.3	0.66	0.0	-0.12	0.0	2	3013	12.7	747.5	0.17	64.93	1
193.74	0	66.4	52.7	0.73	0.0	-0.12	0.0	2	3047	14.1	746.9	0.18	66.39	1
193.84	0	67.9	53.2	0.77	0.0	-0.03	0.0	2	3083	15.4	746.3	0.18	67.86	1
193.94	0	69.3	53.8	0.76	0.0	-0.0	0.0	2	3119	16.8	745.7	0.24	69.33	1
194.04	0	70.8	54.5	0.76	0.0	-0.0	0.0	2	3157	18.1	745.1	0.31	70.84	1
194.14	0	72.4	55.2	0.82	0.0	-0.0	0.0	2	3206	19.5	744.5	0.39	72.36	1
194.24	0	73.9	56.0	0.88	0.0	-0.1	0.0	2	3267	20.9	743.8	0.46	73.9	1
194.34	0	75.5	56.9	0.93	0.0	-0.16	0.0	2	3337	22.4	743.2	0.51	75.47	1
194.44	0	77.1	58.0	0.93	0.0	-0.1	0.0	2	3406	23.8	742.5	0.57	77.05	1
194.54	0	78.7	59.1	0.93	0.0	-0.1	0.0	2	3479	25.3	741.8	0.61	78.68	1
194.64	0	80.3	60.3	0.93	0.0	-0.1	0.0	2	3556	26.7	741.0	0.63	80.34	1
194.74	0	82.0	61.5	0.93	0.0	-0.1	0.0	2	3638	28.2	740.3	0.62	82.03	1
194.84	0	83.7	62.9	0.93	0.0	-0.05	0.0	2	3725	29.8	739.4	0.6	83.73	1
194.94	0	85.5	64.2	0.93	0.0	-0.05	0.0	2	3869	31.3	738.6	0.69	85.48	1
195.04	0	87.3	65.8	0.93	0.0	-0.05	0.0	2	3922	32.9	737.7	0.77	87.29	1
195.14	0	89.1	67.5	0.93	0.0	-0.05	0.0	2	3982	34.5	736.8	0.83	89.14	1
195.24	0	91.0	69.1	0.93	0.0	-0.05	0.0	2	4118	36.1	735.8	0.88	91.04	1
195.34	0	93.0	70.7	0.93	0.0	-0.14	0.0	2	4257	37.8	734.8	0.91	92.97	1
195.44	0	95.0	72.5	0.93	0.0	-0.14	0.0	2	4395	39.5	733.8	0.92	94.96	1
195.54	0	97.0	74.5	0.93	0.0	-0.17	0.0	2	4490	41.2	732.7	0.89	97.01	1
195.64	0	99.1	76.3	0.93	0.0	-0.17	0.0	2	4640	42.9	731.5	0.82	99.09	1
195.74	0	101.2	78.3	0.93	0.0	-0.17	0.0	2	4794	44.7	730.2	0.73	101.19	1
195.84	0	103.4	80.4	0.93	0.0	-0.17	0.0	2	4950	46.5	728.9	0.72	103.39	1
195.94	0	105.6	82.6	0.93	0.0	-0.05	0.0	2	5122	48.2	727.5	0.64	105.65	1
196.04	0	108.0	84.9	0.93	0.0	-0.03	0.0	2	5291	50.0	726.0	0.51	107.98	1
196.14	0	110.4	87.3	0.93	0.0	-0.0	0.0	2	5461	51.8	724.5	0.32	110.37	1
196.24	0	112.8	89.8	0.87	0.0	0.02	0.0	2	5617	53.7	722.8	0.09	112.82	1
196.34	0	115.3	92.1	0.73	0.0	0.1	0.0	2	5618	55.5	721.1	-0.19	115.33	1
196.44	0	117.9	94.1	0.71	0.0	0.1	0.0	2	5606	57.4	719.4	-0.43	117.95	1
196.54	0	120.6	95.7	0.69	0.0	0.05	0.0	2	5759	59.4	717.6	-0.45	120.6	1
196.64	0	123.3	97.5	0.69	0.0	0.01	0.0	2	5873	61.3	715.7	-0.45	123.27	1
196.74	0	126.0	99.4	0.73	0.0	0.0	0.0	2	5987	63.4	713.9	-0.43	126.0	1
196.84	0	128.8	100.7	0.74	0.0	-0.03	0.0	2	6197	65.5	712.1	-0.4	128.79	1
196.94	0	131.6	102.9	0.74	0.0	-0.05	0.0	2	6105	67.6	710.2	-0.36	131.61	1
197.04	0	134.5	104.8	0.74	0.0	-0.07	0.0	2	6280	69.7	708.3	-0.29	134.54	1
197.14	0	137.5	106.6	0.74	0.0	-0.1	0.0	2	6472	71.9	706.3	0.03	137.45	1
197.24	0	140.4	108.5	0.75	0.0	-0.14	0.0	2	6586	74.1	704.3	0.34	140.43	1
197.34	0	143.5	110.3	0.75	0.0	-0.17	0.0	2	6699	76.4	702.2	0.6	143.45	1
197.44	0	146.5	112.0	0.75	0.0	-0.21	0.0	2	6803	78.6	700.1	0.8	146.53	1
197.57	0	150.4	113.7	0.75	0.0	-0.21	0.0	2	6912	81.2	697.3	0.92	150.4	1
197.66	0	153.2	114.9	0.75	0.0	-0.07	0.0	2	6979	83.2	695.1	1.09	153.23	1
197.76	0	156.4	116.0	0.72	0.0	-0.09	0.0	2	7039	85.3	692.7	1.25	156.42	1
197.86	0	159.7	117.0	0.72	0.0	-0.1	0.0	2	7097	87.3	690.1	1.31	159.68	1
197.96	0	162.9	118.0	0.72	0.0	-0.05	0.0	2	7153	89.2	687.5	1.26	162.94	1
198.06	0	166.2	118.9	0.72	0.0	-0.09	0.0	2	7209	91.1	684.8	1.1	166.23	1
198.16	0	169.4	119.9	0.72	0.0	-0.0	0.0	2	7279	92.9	682.0	0.97	169.44	1
198.26	0	172.8	119.9	0.72	0.0	-0.0	0.0	2	7246	94.6	679.1	0.96	172.78	1
198.36	0	176.1	121.1	0.72	0.0	0.0	0.0	2	7315	96.2	676.2	0.84	176.11	1
198.46	0	179.5	122.2	0.72	0.0	0.0	0.0	2	7398	97.8	673.2	0.58	179.49	1
198.56	0	182.9	123.3	0.69	0.0	0.03	0.0	2	7465	99.2	670.1	0.23	182.88	1
198.66	0	186.3	124.7	0.47	0.0	0.27	0.0	2	7465	100.6	667.0	-0.09	186.31	1
198.76	0	189.8	125.4	0.09	0.0	0.01	0.0	2	7150	102.0	663.8	-0.27	189.78	1
198.86	0	193.3	124.6	0.0	0.0	0.0	0.0	2	6964	103.4	660.6	-0.46	193.25	1
198.96	0	196.7	123.6	0.21	0.0	-0.03	0.0	2	7003	104.8	657.5	-0.65	196.69	1
199.06	0	200.1	123.6	0.4	0.0	-0.19	0.0	2	7158	106.2	654.3	-0.83	200.12	1
199.16	0	203.6	124.2	0.48	0.0	-0.24	0.0	2	7298	107.5	651.2	-0.91	203.63	1
199.26	0	207.1	125.0	0.51	0.0	-0.23	0.0	2	7403	108.8	647.9	-0.91	207.09	1
199.36	0	210.6	125.7	0.51	0.0	-0.13	0.0	2	7509	110.0	644.7	-0.98	210.56	1
199.46	0	214.1	126.0	0.52	0.0	0.0	0.0	2	7651	111.2	641.4	-1.14	214.08	1
199.59	0	218.7	126.8	0.56	0.0	0.02	0.0	2	7537	112.6	636.9	-1.49	218.73	1
199.71	0	223.0	128.0	0.58	0.0	0.02	0.0	2	7699	113.7	633.0	-1.54	222.96	1
199.82	0	227.0	129.5	0.58	0.0	0.2	0.0	2	7803	114.6	629.1	-1.63	226.98	1
199.94	0	231.2	131.3	0.58	0.0	0.11	0.0	2	7853	115.6	625.0	-1.75	231.16	1
200.04	0	234.8	132.8	0.58	0.0	0.0	0.0	2	7921	116.5	621.5	-1.85	234.82	1
200.14	0	238.7	134.0	0.32	0.0	-0.03	0.03	2	7826	117.4	617.9	-1.72	238.68	1
200.24	0	242.4	133.7	0.0	0.0	0.0	0.84	2	7499	118.3	614.3	-1.45	242.4	1
200.34	0	246.1	133.2	0.0	0.0	-0.02	1.0	2	7046	119.2	610.7	-1.15	246.09	1
200.43	0	249.8	132.7	0.0	0.0	-0.03	1.0	2	6612	120.2	607.1	-0.86	249.77	1
200.54	0	253.5	132.3	0.0	0.0	-0.05	0.91	3	6145	121.1	603.6	-0.56	253.46	1
200.63	0	257.1	132.1	0.0	0.0	-0.05	0.36	3	5687	122.0	600.0	-0.18	257.11	1
200.73	0	260.7	131.0	0.0	0.0	-0.0	0.0	3	5670	122.9	596.5	0.17	260.74	1
200.84	0	264.4	130.2	0.11	0.0	-0.0	0.0	3	5653	123.7	592.9	0.53	264.36	1
200.94	0	268.0	129.9	0.34	0.0	-0.04	0.0	3	5723	124.5	589.4	0.87	267.99	1
201.04	0	271.6	130.3	0.54	0.0	-0.04	0.0	3	5826	125.3	585.9	1.09	271.6	1
201.14	0	275.3	131.0	0.62	0.0	-0.17	0.0	3	5945	126.1	582.2	1.32	275.28	1
201.24	0	278.9	131.7	0.62	0.0	-0.23	0.0	3	6079	126.9	578.6	1.66	278.92	1
201.34	0	282.6	132.5	0.58	0.0	-0.23	0.0	3	6058	127.6	575.0	1.92	282.57	1
201.44	0	286.3	133.1	0.59	0.0	-0.14	0.0	3	6106	128.1	571.4	2.07	286.26	1
201.54	0	290.0	133.7	0.58	0.0	0.0	0.0	3	6162	128.6	567.7	2.1	290.0	1
201.64	0	293.7	133.6	0.58	0.0	0.09	0.0	3	6194	129.0	564.0	1.99	293.71	1
201.74	0	297.4	134.1	0.55	0.0	0.2	0.0	3	6114	129.2	560.3	1.77	297.42	1
201.84	0	301.1	134.6	0.53	0.0	0.17	0.0	3	6120	129.4	556.6	1.43	301.14	1
201.94	0	304.9	135.3	0.53	0.0	0.27	0.0	3	6112	129.4	552.8	0.97	304.88	1
202.04	0	308.6	135.9	0.46	0.0	0.28	0.0	3	6096	129.5	549.1	0.44	308.61	1
202.14	0	312.5	136.0	0.32	0.0	0.24	0.0	3	6048	129.5	545.2	-0.05	312.45	1
202.24	0	316.2	135.9	0.32	0.0	0.01	0.0	3	6055	129.7	541.4	-0.44	316.21	1
202.34	0	320.0	135.9	0.46	0.0	0.01	0.0	3	6115	129.9	537.7	-0.61	320.01	1
202.44	0	323.8	136.2	0.51	0.0	0.01	0.0	3	6174	130.2	533.9	-0.59	323.79	1
202.54	0	327.5	136.5	0.51	0.0	0.06	0.0	3	6221	130.7	530.1	-0.65	327.54	1
202.64	0	331.3	137.0	0.52	0.0	0.28	0.0	3	6212	131.2	526.4	-0.69	331.33	1
202.74	0	335.1	137.3	0.52	0.0	0.22	0.0	3	6229	131.9	522.6	-0.61	335.15	1
202.84	0	339.0	137.7	0.52	0.0	0.18	0.0	3	6269	132.7	518.9	-0.42	338.95	1
202.94	0	342.8	138.1	0.55	0.0	0.16	0.0	3	6307	133.6	515.1	-0.28	342.77	1
203.04	0	346.6	138.6	0.56	0.0	0.12	0.0	3	6345	134.6	511.4	-0.13	346.61	1
203.14	0	350.5	139.1	0.56	0.0	0.25	0.0	3	6388	135.7	507.7	0.13	350.48	1
203.24	0	354.3	139.5	0.6	0.0	0.18	0.0	3	6450	136.9	504.0	0.52	354.35	1
203.34	0	358.3	140.0	0.62	0.0	0.02	0.0	3	6476	138.2	500.4	0.78	358.27	1
203.44	0	362.2	140.5	0.62	0.0	-0.07	0.0	3	6495	139.7	496.8	1.04	362.15	1
203.54	0	366.1	140.8	0.62	0.0	-0.04	0.0	3	6521	141.2	493.2	1.41	366.07	1
203.64	0	369.9	141.1	0.62	0.0	-0.0	0.0	3	6503	142.9	489.6	1.88	369.94	1
203.74	0	374.0	141.5	0.58	0.0	-0.1	0.0	3	6529	144.7	486.1	2.28	373.99	1
203.84	0	377.9	142.1	0.55	0.0	-0.16	0.0	3	6552	146.6	482.7	2.71	377.9	1
203.94	0	381.8	142.7	0.47	0.0	-0.19	0.0	3	6496	148.6	479.3	3.24	381.83	1
204.04	0	385.7	143.2	0.32	0.0	-0.14	0.0	3	6358	150.6	475.9	3.85	385.75	1
204.14	0	390.1	143.0	0.16	0.0	-0.12	0.0	3	6263	152.7	472.5	4.22	390.06	1
204.24	0	394.0	142.4	0.12	0.0	-0.03	0.0	3	6207	154.8	469.1	4.51	394.01	1
204.34	0	398.0	141.8	0.12	0.0	-0.0	0.0	3	6165	156.8	465.7	4.75	397.95	1
204.44	0	402.4	141.2	0.2	0.0	0.0	0.0	3	6164	158.8	462.3	4.93	402.37	1
204.54	0	406.3	140.8	0.25	0.0	0.09	0.0	3	6207	160.7	458.9	4.71	406.3	1
204.64	0	410.2	140.8	0.32	0.0	0.14	0.0	3	6200	162.7	455.5	4.48	410.18	1
204.74	0	414.1	140.7	0.34	0.0	0.1	0.0	3	6288	164.6	452.1	4.27	414.1	1
204.84	0	418.3	140.8	0.36	0.0	0.22	0.0	3	6241	166.6	448.8	4.04	418.34	1
204.94	0	422.2	140.8	0.38	0.0	0.1	0.0	3	6282	168.7	445.5	3.64	422.22	1
205.04	0	426.1	140.9	0.38	0.0	0.05	0.0	3	6289	170.8	442.2	3.3	426.13	1
205.14	0	430.1	141.1	0.38	0.0	0.0	0.0	3	6288	173.0	438.9	3.05	430.05	1
205.24	0	434.1	141.2	0.38	0.0	0.09	0.0	3	6286	175.3	435.7	2.81	434.08	1
205.34	0	438.0	141.4	0.4	0.0	0.08	0.0	3	6290	177.6	432.5	2.54	438.0	1
205.44	0	441.9	141.3	0.41	0.0	0.12	0.0	3	6413	180.0	429.4	2.34	441.92	1
205.54	0	445.9	141.7	0.43	0.0	0.26	0.0	3	6349	182.4	426.3	2.22	445.87	1
205.64	0	450.0	141.8	0.45	0.0	0.25	0.0	3	6350	184.9	423.3	2.03	450.0	1
205.74	0	454.0	142.1	0.45	0.0	0.18	0.0	3	6366	187.6	420.3	1.73	453.99	1
205.84	0	457.9	142.3	0.47	0.0	0.02	0.0	3	6418	190.2	417.5	1.53	457.87	1
205.94	0	461.8	142.7	0.47	0.0	0.04	0.0	3	6456	193.0	414.6	1.4	461.82	1
206.04	0	465.9	143.1	0.47	0.0	0.1	0.0	3	6426	195.8	411.9	1.16	465.91	1
206.14	0	469.9	143.4	0.47	0.0	0.06	0.0	3	6497	198.7	409.1	0.87	469.87	1
206.24	0	473.9	143.9	0.47	0.0	0.01	0.0	3	6464	201.7	406.4	0.66	473.85	1
206.34	0	477.9	144.4	0.47	0.0	-0.01	0.0	3	6481	204.7	403.8	0.53	477.87	1
206.44	0	481.9	144.9	0.47	0.0	-0.0	0.0	3	6489	207.8	401.2	0.33	481.89	1
206.54	0	485.9	145.4	0.47	0.0	-0.05	0.0	3	6515	210.9	398.6	0.12	485.92	1
206.64	0	490.0	145.9	0.47	0.0	-0.02	0.0	3	6528	214.0	396.1	-0.0	489.96	1
206.74	0	494.0	146.4	0.47	0.0	-0.0	0.0	3	6550	217.1	393.5	-0.04	494.02	1
206.84	0	498.1	146.9	0.47	0.0	-0.07	0.0	3	6580	220.3	390.9	-0.05	498.09	1
206.95	0	502.7	147.5	0.47	0.0	-0.07	0.0	3	6592	223.8	388.0	0.13	502.67	1
207.06	0	507.0	148.0	0.47	0.0	-0.1	0.0	3	6641	227.1	385.2	0.26	506.96	1
207.16	0	511.1	148.4	0.47	0.0	-0.1	0.0	3	6660	230.2	382.5	0.43	511.08	1
207.26	0	515.2	148.8	0.47	0.0	-0.0	0.0	3	6700	233.3	379.8	0.53	515.22	1
207.36	0	519.4	149.3	0.47	0.0	-0.04	0.0	3	6710	236.3	377.0	0.44	519.38	1
207.46	0	523.5	149.8	0.47	0.0	0.0	0.0	3	6728	239.3	374.1	0.25	523.54	1
207.56	0	527.7	150.2	0.48	0.0	0.0	0.0	3	6761	242.3	371.2	0.25	527.68	1
207.66	0	531.9	150.9	0.51	0.0	-0.02	0.0	3	6766	245.3	368.2	0.35	531.87	1
207.76	0	536.1	151.5	0.52	0.0	-0.02	0.0	3	6814	248.2	365.2	0.41	536.06	1
207.86	0	540.3	152.2	0.52	0.0	-0.07	0.0	3	6854	251.1	362.2	0.43	540.28	1
207.96	0	544.5	152.9	0.52	0.0	-0.1	0.0	3	6887	254.0	359.1	0.43	544.52	1
208.06	0	548.8	153.5	0.55	0.0	-0.12	0.0	3	6937	256.9	356.0	0.38	548.77	1
208.16	0	553.1	154.2	0.55	0.0	-0.1	0.0	3	6981	259.8	352.8	0.27	553.05	1
208.26	0	557.3	154.9	0.56	0.0	-0.05	0.0	3	7040	262.6	349.5	0.09	557.33	1
208.36	0	561.6	155.6	0.56	0.0	-0.07	0.0	3	7083	265.4	346.3	-0.17	561.64	1
208.46	0	566.0	156.3	0.56	0.0	-0.0	0.0	3	7115	268.1	342.9	-0.5	565.97	1
208.56	0	570.3	157.0	0.56	0.0	0.0	0.0	3	7140	270.8	339.5	-0.91	570.29	1
208.66	0	574.8	157.8	0.58	0.0	0.0	0.0	3	7170	273.4	336.0	-0.89	574.79	1
208.76	0	579.2	158.7	0.58	0.0	0.0	0.0	3	7205	276.1	332.4	-0.84	579.2	1
208.86	0	583.6	159.5	0.58	0.0	0.0	0.0	3	7236	278.6	328.9	-0.84	583.6	1
208.96	0	588.1	160.5	0.6	0.0	-0.03	0.0	3	7298	281.2	325.2	-0.89	588.06	1
209.06	0	592.5	161.5	0.6	0.0	-0.05	0.0	3	7314	283.7	321.5	-0.97	592.52	1
209.16	0	597.0	162.3	0.6	0.0	-0.05	0.0	3	7380	286.3	317.8	-1.08	597.02	1
209.26	0	601.5	163.3	0.63	0.0	-0.0	0.0	3	7446	288.8	314.1	-1.23	601.54	1
209.37	0	606.6	164.5	0.64	0.0	-0.0	0.0	3	7509	291.6	309.9	-1.44	606.58	1
209.47	0	611.2	165.5	0.64	0.0	-0.0	0.0	3	7555	294.0	306.0	-1.67	611.15	1
209.58	0	616.3	166.7	0.64	0.0	-0.0	0.0	3	7614	296.8	301.7	-1.96	616.28	1
209.68	0	621.2	167.8	0.64	0.0	-0.0	0.0	3	7655	299.3	297.7	-1.66	621.18	1
209.78	0	625.9	168.9	0.64	0.0	-0.0	0.0	3	7704	301.7	293.8	-1.32	625.85	1
209.88	0	630.5	169.9	0.64	0.0	-0.05	0.0	3	7749	304.2	289.8	-1.0	630.54	1
209.98	0	635.3	171.0	0.66	0.0	-0.09	0.0	3	7800	306.7	285.7	-0.7	635.27	1
210.08	0	640.0	172.0	0.66	0.0	-0.09	0.0	3	7877	309.1	281.6	-0.43	640.02	1
210.18	0	644.8	173.0	0.66	0.0	-0.09	0.0	3	7939	311.5	277.5	-0.22	644.81	1
210.28	0	649.6	174.0	0.66	0.0	-0.09	0.0	3	8000	313.9	273.3	-0.07	649.64	1
210.38	0	654.5	174.9	0.66	0.0	-0.07	0.0	3	8078	316.2	269.0	-0.01	654.48	1
210.48	0	659.4	175.7	0.66	0.0	-0.05	0.0	3	8143	318.4	264.7	-0.03	659.36	1
210.58	0	664.2	176.4	0.65	0.0	-0.03	0.0	3	8171	320.6	260.3	0.1	664.24	1
210.68	0	669.1	177.1	0.66	0.0	-0.02	0.0	3	8196	322.7	255.9	0.57	669.13	1
210.78	0	674.0	177.6	0.66	0.0	-0.05	0.0	3	8216	324.7	251.3	0.95	674.05	1
210.88	0	679.0	178.0	0.66	0.0	-0.0	0.0	3	8238	326.5	246.8	1.21	678.97	1
210.98	0	683.9	178.4	0.66	0.0	-0.0	0.0	3	8255	328.3	242.2	1.36	683.92	1
211.08	0	688.9	178.8	0.64	0.0	-0.0	0.0	3	8263	330.0	237.5	1.4	688.89	1
211.18	0	693.8	179.1	0.65	0.0	-0.0	0.0	3	8286	331.6	232.8	1.32	693.85	1
211.29	0	699.1	179.5	0.64	0.0	-0.0	0.0	3	8297	333.2	227.8	1.12	699.05	1
211.39	0	704.0	179.7	0.64	0.0	-0.0	0.0	3	8309	334.5	223.0	0.81	704.03	1
211.49	0	708.9	180.0	0.65	0.0	-0.0	0.0	3	8322	335.8	218.2	0.49	708.94	1
211.59	0	714.0	180.3	0.61	0.0	0.0	0.13	3	8323	336.9	213.3	0.61	713.95	1
211.69	0	718.9	180.3	0.28	0.0	0.09	0.7	3	8134	338.0	208.5	0.61	718.92	1
211.79	0	723.9	179.7	0.0	0.0	0.01	0.73	4	7448	338.9	203.5	0.5	723.94	1
211.89	0	728.9	179.4	0.0	0.0	0.01	0.7	4	6484	339.7	198.6	0.27	728.91	1
211.99	0	733.9	178.2	0.06	0.0	0.01	0.46	4	6341	340.4	193.7	-0.06	733.86	1
212.09	0	738.8	177.0	0.07	0.0	0.03	0.06	4	6316	341.0	188.8	-0.47	738.79	1
212.19	0	743.7	176.0	0.16	0.0	0.09	0.0	4	6323	341.6	184.0	-0.95	743.66	1
212.29	0	748.7	175.4	0.27	0.0	0.1	0.0	4	6363	342.1	178.9	-1.47	748.73	1
212.39	0	753.6	174.9	0.3	0.0	0.1	0.0	4	6368	342.7	174.0	-1.94	753.59	1
212.49	0	758.5	174.5	0.34	0.0	0.01	0.0	4	6387	343.3	169.2	-2.14	758.52	1
212.59	0	763.4	174.3	0.38	0.0	-0.1	0.0	4	6373	343.9	164.4	-2.25	763.37	1
212.69	0	768.3	174.2	0.4	0.0	-0.2	0.0	4	6382	344.6	159.6	-2.2	768.26	1
212.79	0	773.2	174.1	0.4	0.0	-0.2	0.0	4	6389	345.3	154.9	-2.14	773.19	1
212.89	0	778.0	173.9	0.41	0.0	-0.17	0.0	4	6413	346.0	150.1	-1.94	778.02	1
212.99	0	783.0	173.7	0.41	0.0	0.0	0.0	4	6419	346.5	145.3	-1.8	782.95	1
213.09	0	787.8	173.5	0.41	0.0	0.06	0.0	4	6411	347.0	140.5	-1.49	787.77	1
213.19	0	792.6	173.3	0.41	0.0	0.14	0.0	4	6391	347.3	135.7	-1.27	792.59	1
213.3	0	797.6	173.3	0.41	0.0	0.13	0.0	4	6366	347.6	130.6	-1.06	797.63	1
213.4	0	802.4	173.3	0.41	0.0	0.07	0.0	4	6355	347.9	125.8	-0.92	802.45	1
213.5	0	807.3	173.3	0.43	0.0	0.01	0.0	4	6359	348.1	121.0	-0.78	807.25	1
213.6	0	812.1	173.4	0.51	0.0	0.01	0.0	4	6404	348.3	116.2	-0.62	812.08	1
213.7	0	816.9	173.7	0.58	0.0	0.01	0.0	4	6454	348.6	111.4	-0.42	816.88	1
213.8	0	821.7	174.3	0.63	0.0	0.0	0.0	4	6502	349.0	106.6	-0.17	821.71	1
213.9	0	826.6	174.9	0.63	0.0	0.0	0.0	4	6526	349.3	101.7	0.11	826.57	1
214.0	0	831.4	175.5	0.63	0.0	0.0	0.0	4	6544	349.7	96.9	0.42	831.41	1
214.1	0	836.3	176.1	0.63	0.0	0.0	0.0	4	6583	350.1	92.0	0.77	836.28	1
214.2	0	841.2	176.8	0.63	0.0	-0.07	0.0	4	6591	350.6	87.1	1.14	841.17	1
214.3	0	846.3	177.5	0.63	0.0	-0.05	0.0	4	6626	351.0	82.0	1.52	846.31	1
214.4	0	851.2	178.1	0.63	0.0	-0.07	0.0	4	6649	351.4	77.1	1.91	851.22	1
214.5	0	856.2	178.7	0.63	0.0	-0.03	0.0	4	6646	351.8	72.1	2.26	856.16	1
214.6	0	861.1	179.2	0.63	0.0	-0.0	0.0	4	6720	352.1	67.2	2.56	861.11	1
214.7	0	866.1	179.8	0.63	0.0	0.0	0.0	4	6736	352.4	62.2	2.86	866.06	1
214.8	0	871.1	180.4	0.63	0.0	0.0	0.0	4	6752	352.6	57.2	3.12	871.06	1
214.9	0	876.1	181.0	0.63	0.0	-0.03	0.0	4	6763	352.8	52.2	3.34	876.08	1
215.0	0	881.1	181.6	0.61	0.0	-0.05	0.0	4	6762	352.9	47.2	3.48	881.1	1
215.1	0	886.2	182.1	0.61	0.0	-0.0	0.0	4	6792	353.0	42.1	3.56	886.19	1
215.2	0	891.3	182.6	0.61	0.0	-0.0	0.0	4	6808	353.0	37.0	3.61	891.25	1
215.3	0	896.5	183.1	0.61	0.0	-0.0	0.0	4	6825	353.1	31.8	3.62	896.54	1
215.4	0	901.7	183.7	0.61	0.0	0.0	0.0	4	6843	353.0	26.6	3.6	901.65	1
215.5	0	906.8	184.2	0.61	0.0	0.0	0.0	4	6861	353.0	21.5	3.55	906.75	1
215.6	0	911.9	184.7	0.61	0.0	0.0	0.0	4	6880	352.9	16.4	3.49	911.86	1
215.7	0	917.0	185.2	0.63	0.0	0.0	0.0	4	6909	352.8	11.3	3.41	917.01	1
215.8	0	922.2	185.8	0.63	0.0	0.0	0.0	4	6938	352.8	6.1	3.32	922.16	1
215.9	0	927.3	186.5	0.66	0.0	0.0	0.0	4	6974	352.7	1.0	3.23	927.33	1
216.0	0	932.5	187.2	0.67	0.0	0.0	0.0	4	7011	352.6	-4.2	3.14	932.52	1
216.1	0	937.7	187.9	0.69	0.0	0.0	0.0	4	7049	352.5	-9.4	3.04	937.73	1
216.2	0	943.0	188.7	0.69	0.0	0.02	0.0	4	7082	352.4	-14.7	2.95	942.96	1
216.31	0	948.4	189.5	0.71	0.0	0.02	0.0	4	7119	352.3	-20.1	2.87	948.36	1
216.42	0	954.4	190.4	0.71	0.0	0.02	0.0	4	7162	352.2	-26.1	2.79	954.4	1
216.52	0	959.7	191.2	0.72	0.0	0.02	0.0	4	7201	352.2	-31.4	2.74	959.71	1
216.62	0	965.0	192.1	0.72	0.0	0.02	0.0	4	7240	352.1	-36.7	2.71	964.98	1
216.74	0	971.1	193.0	0.72	0.0	-0.0	0.0	4	7286	352.2	-42.8	2.72	971.12	1
216.84	0	976.5	193.9	0.72	0.0	-0.03	0.0	4	7315	352.2	-48.2	2.77	976.49	1
216.94	0	981.9	194.7	0.72	0.0	-0.03	0.0	4	7342	352.3	-53.6	2.84	981.9	1
217.04	0	987.3	195.6	0.72	0.0	-0.03	0.0	4	7371	352.4	-59.0	2.93	987.31	1
217.14	0	992.8	196.5	0.72	0.0	-0.03	0.0	4	7402	352.5	-64.5	3.03	992.77	1
217.24	0	998.2	197.3	0.72	0.0	-0.05	0.0	4	7414	352.6	-69.9	3.13	998.22	1
217.34	0	1003.7	198.1	0.72	0.0	-0.0	0.0	4	7486	352.6	-75.4	3.2	1003.7	1
217.44	0	1009.2	198.9	0.72	0.0	-0.0	0.0	4	7501	352.7	-80.9	3.24	1009.23	1
217.54	0	1014.8	199.7	0.72	0.0	0.0	0.0	4	7528	352.7	-86.5	3.24	1014.76	1
217.64	0	1020.3	200.5	0.72	0.0	0.0	0.0	4	7575	352.6	-92.0	3.2	1020.32	1
217.74	0	1025.9	201.3	0.72	0.0	0.0	0.0	4	7611	352.6	-97.6	3.13	1025.91	1
217.84	0	1031.5	202.2	0.72	0.0	0.0	0.0	4	7618	352.5	-103.2	3.03	1031.49	1
217.94	0	1037.2	202.9	0.72	0.0	0.0	0.0	4	7657	352.3	-108.9	2.9	1037.15	1
218.04	0	1042.8	203.8	0.72	0.0	0.0	0.04	4	7682	352.2	-114.5	2.76	1042.77	1
218.14	0	1048.4	204.4	0.6	0.0	0.0	0.75	4	7761	352.0	-120.2	2.61	1048.45	1
218.24	0	1054.1	203.9	0.45	0.0	0.0	0.93	4	8310	351.9	-125.8	2.45	1054.11	1
218.34	0	1059.9	203.2	0.34	0.0	0.02	0.93	4	8590	351.7	-131.7	2.29	1059.95	1
218.44	0	1065.6	202.4	0.23	0.0	0.01	1.0	5	8740	351.6	-137.3	2.14	1065.59	1
218.54	0	1071.2	201.5	0.21	0.0	0.01	0.89	5	8710	351.4	-142.9	2.01	1071.18	1
218.64	0	1076.8	201.6	0.27	0.0	0.01	0.17	5	7490	351.3	-148.5	1.89	1076.77	1
218.74	0	1082.4	202.5	0.35	0.0	0.01	0.0	5	6229	351.2	-154.1	1.79	1082.39	1
218.84	0	1088.0	202.1	0.45	0.0	0.01	0.0	5	6221	351.1	-159.7	1.72	1088.01	1
218.94	0	1093.6	201.9	0.52	0.0	0.01	0.0	5	6249	351.1	-165.3	1.67	1093.61	1
219.04	0	1099.2	201.9	0.58	0.0	0.01	0.0	5	6279	351.1	-170.9	1.64	1099.23	1
219.14	0	1104.8	202.0	0.58	0.0	-0.0	0.0	5	6273	351.1	-176.5	1.63	1104.83	1
219.24	0	1110.5	202.1	0.6	0.0	-0.0	0.0	5	6286	351.1	-182.2	1.64	1110.45	1
219.34	0	1116.1	202.2	0.6	0.0	-0.0	0.0	5	6290	351.1	-187.9	1.66	1116.14	1
219.44	0	1121.7	202.2	0.6	0.0	-0.0	0.0	5	6333	351.1	-193.5	1.7	1121.74	1
219.57	0	1129.3	202.6	0.65	0.0	-0.0	0.0	5	6318	351.2	-201.0	1.76	1129.27	1
219.67	0	1134.9	202.8	0.67	0.0	-0.02	0.0	5	6353	351.2	-206.6	1.81	1134.89	1
219.77	0	1140.5	203.1	0.67	0.0	-0.02	0.0	5	6352	351.3	-212.2	1.85	1140.54	1
219.87	0	1146.2	203.4	0.67	0.0	-0.02	0.0	5	6359	351.3	-217.9	1.88	1146.17	1
219.97	0	1151.8	203.7	0.67	0.0	0.01	0.0	5	6356	351.3	-223.5	1.89	1151.84	1
220.07	0	1157.5	204.0	0.67	0.0	0.02	0.0	5	6391	351.3	-229.2	1.89	1157.49	1
220.17	0	1163.2	204.3	0.67	0.0	0.02	0.0	5	6392	351.3	-234.9	1.87	1163.15	1
220.27	0	1168.8	204.6	0.69	0.0	0.05	0.0	5	6403	351.3	-240.6	1.84	1168.84	1
220.37	0	1174.6	204.9	0.69	0.0	0.05	0.0	5	6415	351.3	-246.3	1.83	1174.55	1
220.47	0	1180.2	205.2	0.69	0.0	0.01	0.0	5	6431	351.3	-252.0	1.84	1180.25	1
220.57	0	1186.0	205.5	0.69	0.0	0.0	0.0	5	6443	351.3	-257.7	1.88	1185.96	1
220.67	0	1191.7	205.8	0.69	0.0	0.0	0.0	5	6453	351.4	-263.4	1.97	1191.66	1
220.77	0	1197.4	206.1	0.69	0.0	-0.02	0.0	5	6460	351.5	-269.1	2.09	1197.39	1
220.87	0	1203.1	206.4	0.69	0.0	-0.02	0.0	5	6467	351.7	-274.8	2.24	1203.12	1
220.97	0	1208.9	206.8	0.69	0.0	-0.02	0.0	5	6475	351.8	-280.6	2.41	1208.86	1
221.07	0	1214.6	207.1	0.69	0.0	-0.02	0.0	5	6484	352.0	-286.3	2.59	1214.61	1
221.19	0	1221.1	207.4	0.69	0.0	-0.02	0.0	5	6497	352.2	-292.8	2.78	1221.11	1
221.29	0	1226.9	207.7	0.69	0.0	-0.0	0.0	5	6509	352.4	-298.6	2.93	1226.88	1
221.39	0	1232.6	208.0	0.69	0.0	-0.0	0.0	5	6520	352.5	-304.4	3.06	1232.65	1
221.49	0	1238.4	208.4	0.69	0.0	-0.0	0.0	5	6507	352.6	-310.1	3.16	1238.43	1
221.59	0	1244.2	208.6	0.69	0.0	0.0	0.0	5	6558	352.7	-315.9	3.24	1244.23	1
221.69	0	1250.0	208.9	0.69	0.0	0.0	0.0	5	6558	352.7	-321.7	3.3	1250.02	1
221.79	0	1255.8	209.2	0.69	0.0	0.0	0.0	5	6576	352.8	-327.5	3.34	1255.83	1
221.89	0	1261.7	209.6	0.66	0.0	-0.05	0.0	5	6535	352.8	-333.4	3.37	1261.65	1
221.99	0	1267.5	209.8	0.66	0.0	-0.01	0.0	5	6550	352.8	-339.2	3.39	1267.48	1
222.09	0	1273.3	210.0	0.66	0.0	-0.0	0.0	5	6568	352.8	-345.0	3.39	1273.32	1
222.19	0	1279.1	210.2	0.66	0.0	-0.0	0.0	5	6575	352.8	-350.8	3.36	1279.13	1
222.29	0	1285.0	210.4	0.66	0.0	0.0	0.0	5	6579	352.7	-356.7	3.31	1285.0	1
222.39	0	1290.9	210.6	0.64	0.0	0.0	0.0	5	6584	352.7	-362.6	3.23	1290.88	1
222.49	0	1296.7	210.8	0.64	0.0	0.0	0.0	5	6599	352.6	-368.4	3.14	1296.74	1
222.59	0	1302.6	211.0	0.62	0.0	0.0	0.0	5	6580	352.5	-374.3	3.03	1302.59	1
222.69	0	1308.4	211.1	0.56	0.0	0.0	0.0	5	6559	352.3	-380.2	2.91	1308.45	1
222.79	0	1314.3	211.1	0.52	0.0	0.0	0.0	5	6542	352.2	-386.0	2.8	1314.33	1
222.89	0	1320.2	210.9	0.45	0.0	0.0	0.0	5	6508	352.1	-391.9	2.68	1320.17	1
222.99	0	1326.0	210.6	0.41	0.0	0.02	0.0	5	6481	352.0	-397.7	2.56	1326.02	1
223.09	0	1331.9	210.1	0.33	0.0	0.03	0.0	5	6432	351.9	-403.6	2.45	1331.86	1
223.19	0	1337.7	209.5	0.22	0.0	0.03	0.0	5	6377	351.8	-409.4	2.35	1337.69	1
223.29	0	1343.5	208.5	0.07	0.0	0.01	0.0	5	6287	351.7	-415.2	2.28	1343.5	1
223.39	0	1349.3	207.1	0.0	0.0	0.0	0.0	5	6212	351.6	-421.0	2.22	1349.3	1
223.49	0	1355.0	205.8	0.0	0.0	-0.01	0.0	5	6170	351.6	-426.7	2.19	1355.02	1
223.59	0	1360.7	204.4	0.0	0.0	-0.05	0.0	5	6131	351.6	-432.4	2.17	1360.72	1
223.69	0	1366.4	203.1	0.0	0.07	-0.05	0.0	5	6079	351.5	-438.1	2.15	1366.37	1
223.79	0	1372.0	201.2	0.0	0.11	-0.05	0.0	5	5991	351.5	-443.7	2.1	1371.99	1
223.89	0	1377.5	199.0	0.0	0.13	-0.0	0.0	5	5910	351.4	-449.3	2.02	1377.55	1
223.99	0	1383.0	196.9	0.0	0.13	0.0	0.0	5	5845	351.3	-454.7	1.91	1383.04	1
224.09	0	1388.5	194.6	0.0	0.16	0.0	0.0	5	5765	351.1	-460.2	1.77	1388.48	1
224.19	0	1393.8	192.2	0.0	0.18	0.03	0.0	5	5689	351.0	-465.6	1.6	1393.85	1
224.29	0	1399.1	189.7	0.0	0.2	0.01	0.0	5	5603	350.8	-470.9	1.43	1399.14	1
224.39	0	1404.4	187.0	0.0	0.22	0.01	0.0	5	5511	350.6	-476.1	1.26	1404.41	1
224.49	0	1409.5	184.1	0.0	0.26	0.0	0.0	5	5407	350.5	-481.3	1.11	1409.55	1
224.59	0	1414.6	181.1	0.0	0.28	0.0	0.0	5	5303	350.3	-486.3	0.97	1414.63	1
224.69	0	1419.6	178.0	0.0	0.28	0.0	0.0	5	5210	350.2	-491.3	0.84	1419.6	1
224.79	0	1424.5	174.9	0.0	0.28	0.0	0.0	5	5140	350.1	-496.2	0.73	1424.5	1
224.89	0	1429.3	172.0	0.0	0.28	0.0	0.0	5	5024	350.0	-501.0	0.64	1429.33	1
224.99	0	1434.1	169.0	0.0	0.28	0.03	0.0	5	4946	349.9	-505.8	0.55	1434.05	1
225.09	0	1438.7	166.0	0.0	0.28	0.03	0.0	5	4867	349.8	-510.4	0.47	1438.71	1
225.19	0	1443.3	163.0	0.0	0.28	0.03	0.0	5	4778	349.7	-515.0	0.4	1443.28	1
225.29	0	1447.8	160.1	0.0	0.28	0.01	0.0	5	4691	349.7	-519.5	0.34	1447.76	1
225.39	0	1452.2	157.3	0.0	0.26	0.0	0.0	5	4617	349.6	-523.9	0.31	1452.18	1
225.49	0	1456.5	154.5	0.0	0.26	0.0	0.0	5	4540	349.6	-528.2	0.29	1456.5	1
225.59	0	1460.8	151.9	0.0	0.24	0.0	0.0	5	4470	349.6	-532.5	0.26	1460.76	1
225.69	0	1464.9	149.3	0.0	0.23	-0.01	0.0	5	4402	349.6	-536.6	0.21	1464.9	1
225.79	0	1469.0	146.9	0.0	0.21	-0.05	0.0	5	4340	349.6	-540.7	0.16	1468.97	1
225.9	0	1473.5	144.3	0.0	0.21	-0.0	0.0	5	4265	349.6	-545.2	0.09	1473.51	1
226.0	0	1477.5	142.0	0.0	0.21	-0.0	0.0	5	4196	349.6	-549.3	0.01	1477.55	1
226.1	0	1481.5	139.7	0.0	0.21	0.0	0.0	5	4129	349.6	-553.2	-0.12	1481.47	1
226.2	0	1485.3	137.5	0.0	0.21	0.0	0.0	5	4063	349.5	-557.0	-0.28	1485.32	1
226.3	0	1489.1	135.2	0.0	0.21	0.0	0.0	5	3998	349.5	-560.8	-0.44	1489.09	1
226.4	0	1492.8	133.0	0.0	0.21	0.0	0.0	5	3933	349.4	-564.5	-0.6	1492.81	1
226.5	0	1496.5	130.8	0.0	0.21	0.0	0.0	5	3868	349.3	-568.2	-0.76	1496.48	1
226.6	0	1500.1	128.6	0.0	0.21	0.0	0.0	5	3804	349.3	-571.8	-0.9	1500.08	1
226.7	0	1503.6	126.5	0.0	0.2	0.0	0.0	5	3748	349.2	-575.3	-1.03	1503.62	1
226.8	0	1507.1	124.5	0.0	0.2	0.0	0.0	5	3688	349.2	-578.8	-1.14	1507.1	1
226.9	0	1510.5	122.4	0.0	0.2	0.0	0.0	5	3628	349.1	-582.3	-1.23	1510.53	1
227.0	0	1513.9	120.4	0.0	0.2	0.0	0.0	5	3568	349.1	-585.6	-1.31	1513.9	1
227.1	0	1517.2	118.4	0.0	0.18	0.0	0.0	5	3512	349.0	-588.9	-1.37	1517.22	1
227.2	0	1520.9	116.5	0.0	0.18	0.0	0.0	5	3463	349.0	-592.2	-0.22	1520.91	1
227.3	0	1523.7	114.7	0.0	0.18	0.0	0.0	5	3401	349.0	-595.4	1.01	1523.73	1
227.4	0	1527.9	112.8	0.0	0.18	0.0	0.0	5	3347	348.9	-598.6	0.52	1527.86	1
227.5	0	1530.8	110.9	0.0	0.18	0.0	0.0	5	3301	348.9	-601.7	0.74	1530.81	1
227.6	0	1534.6	109.1	0.0	0.18	0.0	0.2	5	3233	348.9	-604.8	0.82	1534.62	1
227.7	0	1537.3	107.3	0.0	0.18	0.0	0.96	5	3185	348.8	-607.8	-0.54	1537.28	1
227.8	0	1541.3	105.7	0.0	0.16	0.0	1.0	5	2988	348.8	-610.8	-1.68	1541.26	1
227.9	0	1544.0	104.2	0.0	0.16	0.0	1.0	4	2805	348.8	-613.7	-1.05	1544.02	1
228.0	0	1546.8	102.8	0.0	0.16	0.0	1.0	4	2631	348.8	-616.5	-0.61	1546.77	1
228.1	0	1549.6	101.3	0.0	0.16	0.0	1.0	4	2469	348.8	-619.4	-0.56	1549.61	1
228.2	0	1552.4	99.9	0.0	0.16	0.0	1.0	3	2316	348.7	-622.2	-0.7	1552.36	1
228.3	0	1555.1	98.4	0.0	0.16	0.0	1.0	3	2174	348.7	-624.9	-0.74	1555.15	1
228.4	0	1557.9	96.7	0.0	0.14	0.0	0.75	3	2267	348.7	-627.7	-0.75	1557.88	1
228.5	0	1560.5	93.8	0.0	0.14	0.01	0.03	3	3343	348.7	-630.3	-0.76	1560.52	1
228.6	0	1563.1	91.2	0.0	0.13	0.02	0.0	3	3765	348.7	-632.9	-0.76	1563.09	1
228.7	0	1565.6	89.5	0.0	0.11	0.05	0.0	3	3834	348.7	-635.4	-0.82	1565.57	1
228.8	0	1568.0	88.3	0.0	0.0	0.09	0.0	3	3817	348.7	-637.8	-0.86	1568.05	1
228.9	0	1570.5	87.7	0.0	0.0	0.01	0.0	3	3796	348.8	-640.3	-0.88	1570.49	1
229.0	0	1573.0	87.2	0.06	0.0	0.01	0.0	3	3780	348.8	-642.7	-0.76	1572.97	1
229.1	0	1575.4	86.8	0.25	0.0	0.06	0.0	3	3794	348.9	-645.1	-0.62	1575.38	1
229.2	0	1577.8	86.8	0.43	0.0	0.06	0.0	3	3824	349.0	-647.5	-0.47	1577.78	1
229.3	0	1580.2	87.1	0.52	0.0	0.03	0.0	3	3860	349.1	-650.0	-0.25	1580.2	1
229.4	0	1582.6	87.5	0.56	0.0	0.01	0.0	3	3884	349.2	-652.4	-0.02	1582.61	1
229.53	0	1585.6	88.0	0.56	0.0	0.01	0.0	3	3909	349.4	-655.4	0.29	1585.58	1
229.64	0	1588.3	88.5	0.56	0.0	0.01	0.0	3	3933	349.5	-658.1	0.55	1588.3	1
229.74	0	1590.7	89.0	0.58	0.0	0.0	0.0	3	3955	349.7	-660.5	0.79	1590.75	1
229.84	0	1593.2	89.5	0.58	0.0	-0.07	0.0	3	3980	349.8	-663.0	1.03	1593.21	1
229.94	0	1595.7	89.9	0.58	0.0	-0.24	0.0	3	4017	350.0	-665.5	1.27	1595.69	1
230.04	0	1598.2	90.4	0.49	0.0	-0.26	0.0	3	3998	350.1	-668.0	1.46	1598.18	1
230.14	0	1600.6	90.5	0.45	0.0	-0.28	0.0	3	4028	350.1	-670.5	1.6	1600.62	1
230.24	0	1603.1	90.5	0.45	0.0	-0.28	0.0	3	4041	350.0	-673.0	1.76	1603.13	1
230.34	0	1605.6	90.6	0.45	0.0	-0.23	0.0	3	4043	349.9	-675.5	1.82	1605.65	1
230.44	0	1608.0	90.7	0.45	0.0	-0.23	0.0	3	4046	349.6	-678.0	1.83	1608.01	1
230.54	0	1610.5	90.8	0.45	0.0	-0.23	0.0	3	4046	349.3	-680.5	1.91	1610.53	1
230.64	0	1613.1	90.8	0.49	0.0	-0.21	0.0	3	4064	348.8	-683.0	1.9	1613.05	1
230.75	0	1615.8	91.1	0.56	0.0	-0.2	0.0	3	4091	348.2	-685.8	1.81	1615.83	1
230.85	0	1618.4	91.5	0.58	0.0	-0.16	0.0	3	4092	347.6	-688.3	1.74	1618.37	1
230.95	0	1620.9	92.0	0.63	0.0	-0.1	0.0	3	4128	346.8	-690.7	1.58	1620.9	1
231.05	0	1623.4	92.5	0.63	0.0	-0.1	0.0	3	4147	346.0	-693.1	1.36	1623.42	1
231.15	0	1626.0	93.2	0.63	0.0	-0.1	0.0	3	4171	345.2	-695.6	1.09	1626.01	1
231.25	0	1628.6	93.7	0.63	0.0	-0.09	0.0	3	4239	344.2	-698.0	0.77	1628.58	1
231.35	0	1631.1	94.3	0.63	0.0	-0.07	0.0	3	4296	343.2	-700.4	0.58	1631.1	1
231.45	0	1633.7	95.1	0.63	0.0	-0.1	0.0	3	4304	342.2	-702.9	0.54	1633.73	1
231.55	0	1636.4	95.8	0.63	0.0	-0.16	0.0	3	4267	341.1	-705.3	0.44	1636.38	1
231.65	0	1639.0	96.4	0.63	0.0	-0.12	0.0	3	4323	340.0	-707.7	0.27	1639.05	1
231.75	0	1641.7	97.1	0.63	0.0	-0.0	0.0	3	4364	338.8	-710.1	0.07	1641.72	1
231.85	0	1644.4	97.9	0.63	0.0	-0.03	0.0	3	4392	337.5	-712.5	-0.17	1644.42	1
231.95	0	1647.1	98.6	0.63	0.0	-0.07	0.0	3	4416	336.2	-714.9	-0.44	1647.14	1
232.05	0	1649.9	99.4	0.63	0.0	-0.05	0.0	3	4458	334.9	-717.3	-0.74	1649.86	1
232.15	0	1652.8	100.1	0.63	0.0	-0.09	0.0	3	4490	333.6	-719.7	-0.79	1652.78	1
232.25	0	1655.6	100.9	0.63	0.0	-0.07	0.0	3	4533	332.2	-722.1	-0.68	1655.57	1
232.35	0	1658.4	101.6	0.63	0.0	-0.09	0.0	3	4566	330.7	-724.6	-0.6	1658.38	1
232.45	0	1661.2	102.4	0.63	0.0	-0.1	0.0	3	4607	329.2	-727.0	-0.56	1661.23	1
232.55	0	1664.1	103.2	0.63	0.0	-0.1	0.0	3	4640	327.7	-729.4	-0.57	1664.09	1
232.65	0	1667.0	103.6	0.63	0.0	-0.1	0.0	3	4840	326.1	-731.8	-0.63	1666.98	1
232.75	0	1669.8	104.7	0.63	0.0	-0.11	0.0	3	4671	324.5	-734.2	-0.75	1669.84	1
232.85	0	1672.9	105.4	0.63	0.0	-0.11	0.0	3	4728	322.7	-736.5	-0.8	1672.93	1
232.95	0	1675.9	106.1	0.63	0.0	-0.14	0.0	3	4787	321.0	-738.9	-0.49	1675.86	1
233.05	0	1678.8	106.9	0.63	0.0	-0.1	0.0	3	4828	319.1	-741.2	-0.23	1678.8	1
233.15	0	1681.8	107.7	0.63	0.0	-0.12	0.0	3	4861	317.2	-743.5	-0.03	1681.78	1
233.25	0	1684.8	108.5	0.6	0.0	-0.19	0.0	3	4888	315.2	-745.8	0.12	1684.82	1
233.35	0	1687.8	109.1	0.6	0.0	-0.19	0.0	3	4928	313.2	-748.0	0.19	1687.79	1
233.45	0	1690.8	109.7	0.58	0.0	-0.23	0.0	3	4960	311.1	-750.2	0.17	1690.84	1
233.56	0	1694.2	110.2	0.57	0.0	-0.28	0.0	3	4999	308.7	-752.6	0.25	1694.23	1
233.66	0	1697.3	110.6	0.57	0.0	-0.26	0.0	3	5030	306.4	-754.6	0.56	1697.28	1
233.76	0	1700.4	110.9	0.57	0.0	-0.22	0.0	3	5121	304.1	-756.6	0.75	1700.35	1
233.86	0	1703.4	110.7	0.57	0.0	-0.2	0.0	3	5089	301.7	-758.5	0.84	1703.42	1
233.96	0	1706.5	111.0	0.59	0.0	-0.14	0.0	3	5064	299.2	-760.3	0.79	1706.51	1
234.06	0	1709.6	111.2	0.62	0.0	-0.1	0.0	3	5134	296.6	-762.0	0.61	1709.58	1
234.16	0	1712.7	111.5	0.62	0.0	-0.03	0.0	3	5154	293.9	-763.6	0.32	1712.66	1
234.26	0	1715.7	112.0	0.63	0.0	-0.03	0.0	3	5175	291.2	-765.1	0.15	1715.74	1
234.36	0	1718.8	112.4	0.63	0.0	-0.17	0.0	3	5188	288.5	-766.5	0.09	1718.85	1
234.46	0	1722.0	113.0	0.63	0.0	-0.17	0.0	3	5206	285.6	-767.9	-0.1	1721.98	1
234.56	0	1725.1	113.5	0.63	0.0	-0.17	0.0	3	5238	282.7	-769.0	-0.4	1725.1	1
234.66	0	1728.2	114.2	0.63	0.0	-0.09	0.0	3	5271	279.7	-770.1	-0.82	1728.24	1
234.76	0	1731.4	114.9	0.63	0.0	-0.06	0.0	3	5284	276.7	-771.1	-1.36	1731.38	1
234.86	0	1734.5	115.5	0.63	0.0	-0.05	0.0	3	5340	273.6	-772.0	-2.01	1734.51	1
234.96	0	1737.6	115.4	0.63	0.0	-0.03	0.0	3	5302	270.5	-772.8	-2.72	1737.61	1
235.06	0	1740.7	116.1	0.63	0.0	0.02	0.0	3	5269	267.4	-773.5	-3.34	1740.71	1
235.16	0	1745.7	116.9	0.63	0.0	0.12	0.0	3	5314	264.2	-774.1	-3.16	1745.74	1
235.26	0	1749.0	117.8	0.63	0.0	0.09	0.0	3	5345	261.0	-774.6	-2.64	1748.98	1
235.36	0	1752.2	118.8	0.63	0.0	0.09	0.0	3	5378	257.7	-775.1	-2.13	1752.23	1
235.46	0	1755.5	119.8	0.63	0.0	0.06	0.0	3	5416	254.5	-775.6	-1.62	1755.5	1
235.58	0	1759.4	120.9	0.63	0.0	0.02	0.0	3	5470	250.6	-776.2	-0.97	1759.35	1
235.68	0	1762.6	121.9	0.63	0.0	-0.04	0.0	3	5513	247.3	-776.7	-0.62	1762.6	1
235.78	0	1766.0	122.8	0.63	0.0	-0.2	0.0	3	5618	243.9	-777.3	-0.44	1766.0	1
235.88	0	1769.4	123.5	0.63	0.0	-0.21	0.0	3	5585	240.6	-777.9	-0.24	1769.41	1
235.98	0	1772.9	124.5	0.63	0.0	-0.21	0.0	3	5602	237.2	-778.4	-0.09	1772.85	1
236.08	0	1776.3	125.2	0.63	0.0	-0.16	0.0	3	5709	233.7	-778.8	0.29	1776.31	1
236.18	0	1779.6	126.0	0.63	0.0	-0.16	0.0	3	5779	230.2	-779.1	0.76	1779.65	1
236.28	0	1783.0	126.9	0.6	0.0	-0.21	0.0	3	5820	226.7	-779.4	1.63	1783.04	1
236.38	0	1787.3	127.5	0.56	0.0	-0.24	0.0	3	5847	223.2	-779.6	1.82	1787.3	1
236.48	0	1790.8	127.9	0.55	0.0	-0.35	0.0	3	5853	219.7	-779.6	1.21	1790.79	1
236.58	0	1794.3	128.1	0.55	0.0	-0.27	0.0	3	5885	216.0	-779.6	0.74	1794.28	1
236.68	0	1797.8	127.8	0.55	0.0	-0.26	0.0	3	5928	212.5	-779.4	0.22	1797.78	1
236.78	0	1801.3	127.6	0.52	0.0	-0.26	0.0	3	5841	209.0	-779.1	-0.17	1801.31	1
236.88	0	1804.9	127.3	0.53	0.0	-0.25	0.0	3	5821	205.4	-778.6	-0.31	1804.89	1
236.98	0	1808.5	126.8	0.53	0.0	-0.23	0.0	3	5796	202.0	-778.1	-0.23	1808.49	1
237.08	0	1811.9	126.2	0.62	0.0	-0.08	0.0	3	5771	198.5	-777.4	0.37	1811.95	1
237.18	0	1815.3	125.7	0.63	0.0	-0.08	0.0	3	5736	195.1	-776.6	1.0	1815.34	1
237.28	0	1818.8	125.0	0.63	0.0	-0.17	0.0	3	5693	191.8	-775.7	1.57	1818.82	1
237.38	0	1822.3	124.1	0.63	0.0	-0.19	0.0	3	5659	188.5	-774.6	1.92	1822.27	1
237.48	0	1825.5	122.8	0.63	0.0	-0.16	0.0	3	5496	185.2	-773.5	2.33	1825.48	1
237.58	0	1828.9	121.8	0.63	0.0	-0.09	0.0	3	5423	182.0	-772.2	2.73	1828.89	1
237.68	0	1832.2	120.7	0.63	0.0	-0.0	0.0	3	5372	179.0	-770.9	2.99	1832.24	1
237.78	0	1835.6	119.5	0.63	0.0	0.02	0.0	3	5314	176.0	-769.4	3.13	1835.58	1
237.88	0	1838.9	118.2	0.59	0.0	0.05	0.0	3	5247	173.1	-767.8	3.13	1838.86	1
237.98	0	1842.1	117.0	0.55	0.0	0.01	0.0	3	5175	170.2	-766.2	3.01	1842.14	1
238.08	0	1845.4	115.7	0.55	0.0	0.03	0.0	3	5111	167.5	-764.5	2.77	1845.36	1
238.18	0	1848.1	114.3	0.53	0.0	0.01	0.0	3	5043	164.9	-762.6	2.69	1848.06	1
238.28	0	1851.2	113.0	0.53	0.0	0.06	0.0	3	4979	162.4	-760.7	2.78	1851.22	1
238.38	0	1854.3	111.7	0.44	0.0	0.18	0.0	3	4904	160.0	-758.7	2.75	1854.35	1
238.48	0	1857.4	110.4	0.28	0.0	0.24	0.0	3	4787	157.7	-756.7	2.59	1857.42	1
238.58	0	1860.5	109.0	0.21	0.0	0.29	0.0	3	4700	155.5	-754.6	2.31	1860.47	1
238.68	0	1863.4	107.6	0.21	0.0	0.4	0.0	3	4584	153.4	-752.4	1.93	1863.45	1
238.78	0	1866.4	105.9	0.21	0.0	0.53	0.0	3	4391	151.4	-750.2	1.42	1866.37	1
238.88	0	1869.2	104.3	0.21	0.0	0.52	0.0	3	4312	149.6	-747.9	0.81	1869.22	1
238.98	0	1872.0	102.7	0.21	0.0	0.52	0.0	3	4256	147.9	-745.6	0.4	1871.95	1
239.08	0	1874.8	101.2	0.21	0.0	0.48	0.0	3	4200	146.3	-743.3	0.13	1874.77	1
239.18	0	1877.5	99.6	0.21	0.0	0.44	0.0	3	4148	144.8	-740.9	-0.25	1877.53	1
239.28	0	1880.2	98.1	0.21	0.0	0.49	0.0	3	4105	143.5	-738.5	-0.75	1880.23	1
239.38	0	1882.9	96.7	0.21	0.0	0.53	0.0	3	4059	142.3	-736.0	-1.36	1882.87	1
239.48	0	1885.4	95.3	0.21	0.0	0.53	0.0	3	4017	141.2	-733.6	-2.06	1885.42	1
239.62	0	1888.7	93.7	0.21	0.0	0.53	0.0	3	3973	140.0	-730.3	-3.19	1888.75	1
239.71	0	1891.1	92.7	0.21	0.0	0.49	0.0	3	3958	139.2	-727.9	-4.11	1891.09	1
239.81	0	1894.5	91.7	0.16	0.0	0.45	0.0	3	3935	138.6	-725.4	-5.25	1894.54	1
239.91	0	1897.0	90.7	0.06	0.0	0.34	0.0	3	3872	138.1	-722.9	-5.93	1896.98	1
240.01	0	1899.4	89.9	0.0	0.0	0.28	0.0	3	3773	137.7	-720.5	-6.72	1899.35	1
240.11	0	1901.7	89.5	0.0	0.0	0.21	0.0	3	3607	137.4	-718.0	-7.54	1901.7	1
240.26	0	1905.1	88.5	0.0	0.0	0.14	0.0	3	3569	136.9	-714.5	-8.69	1905.05	1
240.36	0	1907.4	87.3	0.0	0.0	0.14	0.0	3	3682	136.4	-712.1	-9.41	1907.38	0
240.46	0	1909.7	86.3	0.0	0.0	0.14	0.0	3	3685	135.9	-709.7	-10.02	1909.71	0
240.56	0	1912.0	85.6	0.0	0.0	0.12	0.0	3	3625	135.4	-707.4	-10.53	1912.02	0
240.66	0	1914.3	84.8	0.0	0.0	0.09	0.0	3	3617	134.7	-705.1	-10.98	1914.34	0
240.76	0	1918.8	84.0	0.0	0.0	0.07	0.0	3	3608	134.0	-702.9	-11.47	1918.8	0
240.86	0	1921.1	83.3	0.0	0.0	0.07	0.0	3	3593	133.3	-700.7	-11.39	1921.11	0
240.96	0	1923.4	82.7	0.0	0.0	0.07	0.0	3	3559	132.5	-698.5	-11.25	1923.42	0
241.06	0	1925.7	82.1	0.0	0.0	0.07	0.0	3	3550	131.7	-696.4	-11.07	1925.7	0
241.16	0	1928.0	81.6	0.0	0.0	0.07	0.0	3	3532	130.8	-694.3	-10.85	1927.97	0
241.26	0	1930.2	81.0	0.0	0.0	0.07	0.0	3	3502	129.9	-692.2	-10.6	1930.21	0
241.36	0	1932.4	80.5	0.0	0.0	0.07	0.0	3	3480	129.0	-690.1	-10.34	1932.44	0
241.46	0	1934.6	79.9	0.0	0.0	0.07	0.0	3	3464	128.1	-688.1	-10.04	1934.65	0
241.56	0	1936.8	79.4	0.0	0.0	0.07	0.0	3	3441	127.2	-686.1	-9.73	1936.85	0
241.66	0	1939.0	78.9	0.0	0.0	0.05	0.0	3	3414	126.3	-684.1	-9.39	1939.01	0
241.76	0	1942.1	78.5	0.0	0.0	0.05	0.0	3	3352	125.3	-682.1	-9.0	1942.06	1
241.86	0	1944.2	77.8	0.0	0.0	0.03	0.0	3	3376	124.4	-680.2	-8.42	1944.16	1
241.96	0	1946.2	77.3	0.0	0.0	0.03	0.0	3	3348	123.4	-678.3	-7.83	1946.22	1
242.06	0	1948.3	76.8	0.0	0.0	0.03	0.0	3	3324	122.4	-676.4	-7.23	1948.28	1
242.16	0	1950.3	76.3	0.0	0.0	0.03	0.0	3	3309	121.4	-674.5	-6.63	1950.33	1
242.26	0	1952.3	75.9	0.0	0.0	0.03	0.0	3	3268	120.4	-672.6	-6.03	1952.35	1
242.36	0	1954.4	75.4	0.0	0.0	0.03	0.0	3	3245	119.4	-670.7	-5.4	1954.4	1
242.46	0	1956.4	74.8	0.0	0.0	0.03	0.0	3	3246	118.4	-668.9	-4.78	1956.38	1
242.56	0	1958.4	74.5	0.0	0.0	0.01	0.0	3	3172	117.4	-667.1	-4.16	1958.36	1
242.66	0	1960.3	73.9	0.0	0.0	-0.01	0.0	3	3203	116.5	-665.3	-3.53	1960.33	1
242.76	0	1962.3	73.4	0.0	0.0	-0.05	0.0	3	3180	115.5	-663.5	-2.91	1962.27	1
242.86	0	1964.2	72.9	0.0	0.0	-0.07	0.0	3	3157	114.5	-661.7	-2.3	1964.22	1
242.96	0	1966.1	72.5	0.0	0.0	-0.09	0.0	3	3133	113.6	-659.9	-1.72	1966.14	1
243.06	0	1968.1	72.0	0.0	0.0	-0.1	0.0	3	3117	112.6	-658.1	-1.16	1968.06	1
243.16	0	1970.0	71.5	0.0	0.0	-0.1	0.0	3	3090	111.7	-656.3	-0.64	1969.98	1
243.26	0	1971.9	71.0	0.0	0.0	-0.1	0.0	3	3078	110.9	-654.6	-0.15	1971.9	1
243.36	0	1973.8	70.5	0.0	0.0	-0.07	0.0	3	3053	110.0	-652.8	0.31	1973.83	1
243.46	0	1975.7	70.1	0.0	0.0	-0.07	0.0	3	3036	109.2	-651.0	0.74	1975.74	1
243.56	0	1977.6	69.6	0.0	0.0	-0.07	0.0	3	3013	108.5	-649.2	1.15	1977.63	1
243.66	0	1979.5	69.1	0.0	0.0	-0.05	0.0	3	2995	107.7	-647.4	1.53	1979.52	1
243.76	0	1981.4	68.7	0.0	0.0	-0.03	0.0	3	2977	107.0	-645.7	1.9	1981.4	1
243.86	0	1983.3	68.2	0.0	0.0	-0.07	0.0	3	2954	106.3	-643.9	2.25	1983.27	1
243.98	0	1985.4	67.7	0.0	0.0	-0.07	0.0	3	2935	105.5	-641.8	2.64	1985.44	1
244.08	0	1987.3	67.3	0.0	0.0	-0.09	0.0	3	2912	104.8	-640.1	2.95	1987.28	1
244.18	0	1989.1	66.8	0.0	0.0	-0.12	0.0	3	2896	104.1	-638.3	3.23	1989.13	1
244.28	0	1991.0	66.3	0.0	0.0	-0.12	0.0	3	2883	103.5	-636.6	3.49	1990.96	1
244.38	0	1992.8	65.9	0.0	0.0	-0.12	0.0	3	2857	102.9	-634.9	3.72	1992.83	1
244.48	0	1994.6	65.5	0.0	0.0	-0.14	0.0	3	2800	102.4	-633.1	3.89	1994.65	1
244.58	0	1996.4	65.0	0.0	0.0	-0.12	0.0	3	2822	101.9	-631.4	4.03	1996.45	1
244.68	0	1998.3	64.6	0.0	0.0	-0.07	0.0	3	2798	101.4	-629.6	4.14	1998.25	1
244.78	0	2000.0	64.2	0.0	0.0	-0.07	0.0	3	2778	100.9	-627.9	4.22	2000.04	1
244.88	0	2001.8	63.7	0.0	0.0	-0.06	0.0	3	2761	100.5	-626.2	4.28	2001.8	1
245.0	0	2003.9	63.2	0.0	0.0	-0.07	0.0	3	2741	100.0	-624.1	4.33	2003.91	1
245.1	0	2005.7	62.8	0.0	0.0	-0.07	0.0	3	2720	99.6	-622.4	4.35	2005.66	1
245.2	0	2007.4	62.4	0.0	0.0	-0.07	0.0	3	2705	99.3	-620.7	4.36	2007.4	1
245.3	0	2009.1	62.0	0.0	0.0	-0.07	0.0	3	2687	98.9	-619.0	4.35	2009.13	1
245.4	0	2010.8	61.6	0.0	0.0	-0.07	0.0	3	2670	98.6	-617.4	4.32	2010.85	1
245.5	0	2012.6	61.2	0.0	0.0	-0.07	0.0	3	2652	98.3	-615.7	4.28	2012.55	1
245.6	0	2014.2	60.8	0.0	0.0	-0.07	0.0	3	2634	98.0	-614.0	4.22	2014.24	1
245.69	0	2015.9	60.4	0.0	0.0	-0.07	0.0	3	2617	97.7	-612.4	4.15	2015.92	1
245.8	0	2017.6	60.0	0.0	0.0	-0.05	0.0	3	2600	97.4	-610.7	4.06	2017.6	1
245.9	0	2019.2	59.6	0.09	0.0	-0.0	0.0	3	2590	97.2	-609.1	3.98	2019.18	1
246.0	0	2020.8	59.4	0.19	0.0	0.0	0.0	3	2585	96.9	-607.4	3.91	2020.83	1
246.1	0	2022.5	59.2	0.26	0.0	0.0	0.0	3	2582	96.7	-605.8	3.85	2022.47	1
246.2	0	2024.1	59.1	0.36	0.0	0.02	0.0	3	2582	96.4	-604.2	3.79	2024.11	1
246.3	0	2025.8	59.0	0.45	0.0	0.03	0.0	3	2587	96.2	-602.6	3.73	2025.76	1
246.4	0	2027.4	59.1	0.48	0.0	0.03	0.0	3	2589	95.9	-600.9	3.68	2027.41	1
246.5	0	2029.0	59.1	0.48	0.0	0.03	0.0	3	2591	95.6	-599.3	3.63	2029.04	1
246.6	0	2030.7	59.1	0.49	0.0	0.03	0.0	3	2592	95.4	-597.7	3.59	2030.68	1
246.7	0	2032.3	59.2	0.51	0.0	0.01	0.0	3	2595	95.1	-596.1	3.56	2032.33	1
246.8	0	2034.0	59.2	0.55	0.0	0.0	0.0	3	2600	94.8	-594.5	3.52	2033.97	1
246.9	0	2035.6	59.3	0.56	0.0	-0.02	0.0	3	2605	94.5	-592.8	3.49	2035.62	1
247.0	0	2037.3	59.4	0.58	0.0	-0.02	0.0	3	2610	94.2	-591.2	3.46	2037.27	1
247.1	0	2038.9	59.5	0.58	0.0	-0.02	0.0	3	2615	94.0	-589.6	3.42	2038.91	1
247.2	0	2040.6	59.6	0.58	0.0	-0.02	0.0	3	2620	93.7	-587.9	3.38	2040.57	1
247.3	0	2042.2	59.8	0.62	0.0	-0.02	0.0	3	2628	93.4	-586.3	3.34	2042.23	1
247.4	0	2043.9	59.9	0.62	0.0	-0.02	0.0	3	2634	93.1	-584.7	3.29	2043.89	1
247.5	0	2045.5	60.0	0.63	0.0	-0.02	0.0	3	2641	92.9	-583.0	3.25	2045.54	1
247.6	0	2047.2	60.2	0.63	0.0	-0.02	0.0	3	2647	92.6	-581.4	3.21	2047.2	1
247.7	0	2048.9	60.3	0.63	0.0	0.01	0.0	3	2654	92.4	-579.7	3.16	2048.88	1
247.8	0	2050.6	60.5	0.6	0.0	0.01	0.0	3	2659	92.1	-578.1	3.12	2050.56	1
247.9	0	2052.2	60.6	0.52	0.0	0.01	0.0	3	2658	91.8	-576.4	3.08	2052.24	1
248.0	0	2053.9	60.6	0.48	0.0	0.04	0.0	3	2657	91.6	-574.7	3.03	2053.92	1
248.1	0	2055.6	60.6	0.47	0.0	0.04	0.0	3	2657	91.3	-573.1	3.0	2055.61	1
248.2	0	2057.3	60.6	0.36	0.0	0.06	0.0	3	2651	91.0	-571.4	2.97	2057.29	1
248.32	0	2059.5	60.3	0.0	0.0	0.01	0.0	3	2614	90.6	-569.3	2.96	2059.45	1
248.42	0	2061.1	59.9	0.0	0.0	0.01	0.0	3	2597	90.3	-567.6	2.95	2061.12	1
248.53	0	2062.8	59.5	0.0	0.0	0.0	0.0	3	2580	90.0	-566.0	2.95	2062.79	1
248.62	0	2064.4	59.2	0.0	0.0	0.0	0.0	3	2564	89.7	-564.4	2.94	2064.43	1
248.72	0	2066.1	58.8	0.0	0.0	0.0	0.0	3	2547	89.4	-562.8	2.94	2066.07	1
248.83	0	2067.7	58.4	0.0	0.0	0.0	0.0	3	2531	89.1	-561.2	2.94	2067.7	1
248.92	0	2069.3	58.0	0.0	0.0	0.0	0.0	3	2514	88.8	-559.6	2.93	2069.31	1
249.03	0	2070.9	57.6	0.0	0.0	0.0	0.0	3	2498	88.5	-558.0	2.93	2070.94	1
249.14	0	2072.8	57.2	0.0	0.0	0.0	0.0	3	2480	88.2	-556.2	2.92	2072.79	1
249.24	0	2074.4	56.8	0.0	0.0	0.0	0.0	3	2464	87.9	-554.6	2.91	2074.38	1
249.34	0	2076.0	56.5	0.0	0.0	0.0	0.0	3	2448	87.6	-553.1	2.9	2075.96	1
249.44	0	2077.5	56.1	0.0	0.0	0.0	0.0	3	2432	87.3	-551.5	2.89	2077.52	1
249.54	0	2079.1	55.7	0.0	0.0	0.0	0.0	3	2416	87.0	-550.0	2.88	2079.07	1
249.64	0	2080.6	55.4	0.0	0.0	-0.02	0.0	3	2401	86.8	-548.5	2.87	2080.62	1
249.74	0	2082.2	55.0	0.0	0.0	-0.03	0.0	3	2385	86.5	-547.0	2.86	2082.15	1
249.84	0	2083.7	54.7	0.0	0.0	-0.03	0.0	3	2370	86.2	-545.5	2.85	2083.67	1
249.95	0	2085.3	54.3	0.0	0.0	-0.04	0.0	3	2353	85.9	-543.9	2.82	2085.31	1
250.05	0	2086.8	53.9	0.0	0.0	-0.05	0.0	3	2338	85.6	-542.4	2.8	2086.81	1
250.15	0	2088.3	53.6	0.0	0.0	-0.05	0.0	3	2323	85.4	-540.9	2.76	2088.32	1
250.25	0	2089.8	53.2	0.0	0.0	-0.02	0.0	3	2308	85.2	-539.5	2.72	2089.79	1
250.35	0	2091.3	52.9	0.0	0.0	-0.0	0.0	3	2292	84.9	-538.0	2.67	2091.3	1
250.45	0	2092.8	52.5	0.0	0.0	0.0	0.0	3	2277	84.7	-536.5	2.62	2092.76	1
250.55	0	2094.2	52.2	0.0	0.0	0.0	0.0	3	2263	84.5	-535.1	2.57	2094.21	1
250.65	0	2095.7	51.8	0.0	0.0	0.0	0.0	3	2248	84.2	-533.7	2.53	2095.66	1
250.75	0	2097.1	51.5	0.0	0.0	-0.02	0.0	3	2233	84.0	-532.3	2.48	2097.09	1
250.85	0	2098.5	51.1	0.0	0.07	-0.0	0.0	3	2210	83.8	-530.8	2.44	2098.51	1
250.95	0	2099.9	50.0	0.0	0.14	0.0	0.0	3	2151	83.6	-529.5	2.39	2099.92	1
251.05	0	2101.3	48.4	0.0	0.27	-0.04	0.0	3	2063	83.3	-528.1	2.34	2101.29	1
251.15	0	2102.6	45.3	0.0	0.54	-0.1	0.0	3	1876	83.2	-526.8	2.29	2102.6	1
251.25	0	2103.8	40.8	0.0	0.74	-0.14	0.0	3	1568	83.0	-525.6	2.23	2103.79	1
251.35	0	2104.9	35.7	0.0	0.91	-0.1	0.0	3	1025	82.8	-524.6	2.16	2104.86	1
251.45	0	2105.8	30.5	0.0	1.0	-0.06	0.0	3	21	82.7	-523.7	2.1	2105.78	1
251.55	0	2106.6	25.4	0.0	1.0	-0.07	0.0	3	13	82.6	-522.9	2.06	2106.55	1
251.65	0	2107.2	20.3	0.0	1.0	-0.05	0.03	3	13	82.5	-522.3	2.02	2107.19	1
251.75	0	2107.7	15.2	0.0	1.0	-0.08	0.07	3	13	82.5	-521.8	1.99	2107.68	1
251.85	0	2108.0	10.1	0.0	1.0	-0.1	0.08	3	13	82.4	-521.4	1.97	2108.03	1
251.95	0	2108.2	5.0	0.0	1.0	-0.1	0.08	3	13	82.4	-521.2	1.96	2108.24	1
252.05	0	2108.3	0.3	0.0	1.0	-0.1	0.08	3	6	82.4	-521.1	1.96	2108.31	1
252.15	0	2108.3	0.0	0.0	1.0	-0.1	0.08	3	0	82.4	-521.1	1.96	2108.31	1
252.25	0	2108.3	0.0	0.0	1.0	-0.1	0.08	3	0	82.4	-521.1	1.96	2108.31	1
252.35	0	2108.3	0.0	0.0	0.91	-0.06	0.08	3	0	82.4	-521.1	1.96	2108.31	1
252.45	0	2108.3	0.0	0.0	0.57	-0.0	0.08	3	0	82.4	-521.1	1.96	2108.31	1
252.55	0	2108.3	0.0	0.0	0.19	0.02	0.08	3	0	82.4	-521.1	1.96	2108.31	1
252.65	0	2108.3	0.0	0.0	0.09	0.0	0.08	3	0	82.4	-521.1	1.96	2108.31	1
252.75	0	2108.3	0.0	0.0	0.09	0.0	0.08	3	0	82.4	-521.1	1.96	2108.31	1
252.85	0	2108.3	0.0	0.0	0.09	0.0	0.13	3	0	82.4	-521.1	1.96	2108.31	1
252.95	0	2108.3	0.0	0.0	0.0	0.0	0.14	3	0	82.4	-521.1	1.96	2108.31	1
253.05	0	2108.3	0.0	0.0	0.0	0.0	0.15	3	0	82.4	-521.1	1.96	2108.31	1
253.15	0	2108.3	0.0	0.0	0.0	0.0	0.15	3	0	82.4	-521.1	1.96	2108.31	1
253.25	0	2108.3	0.0	0.0	0.0	0.0	0.15	3	0	82.4	-521.1	1.96	2108.31	1
253.35	0	2108.3	0.0	0.0	0.0	0.0	0.2	3	0	82.4	-521.1	1.96	2108.31	1
253.45	0	2108.3	0.3	0.0	0.0	0.0	0.58	3	1819	82.4	-521.1	1.96	2108.31	1
253.55	0	2108.3	1.1	0.0	0.0	0.0	0.87	3	1604	82.4	-521.1	1.95	2108.33	1
253.65	0	2108.4	1.2	0.0	0.0	0.0	1.0	3	1888	82.4	-521.1	1.95	2108.37	1
253.75	0	2108.4	1.1	0.0	0.0	0.0	1.0	3	1949	82.4	-521.1	1.95	2108.4	1
253.85	0	2108.4	1.1	0.0	0.0	0.0	1.0	3	1953	82.4	-521.0	1.94	2108.43	1
253.95	0	2108.5	1.0	0.0	0.0	0.0	1.0	3	1953	82.4	-521.0	1.94	2108.46	1
254.05	0	2108.5	0.9	0.0	0.0	0.0	1.0	3	1953	82.4	-521.0	1.94	2108.48	1
254.15	0	2108.5	0.8	0.0	0.0	0.0	1.0	3	1953	82.4	-520.9	1.94	2108.51	1
254.25	0	2108.5	0.7	0.0	0.0	0.0	1.0	3	1953	82.4	-520.9	1.93	2108.53	1
254.35	0	2108.5	0.6	0.0	0.0	0.0	1.0	3	1953	82.4	-520.9	1.93	2108.55	1
254.45	0	2108.6	0.6	0.0	0.0	0.0	1.0	3	1953	82.4	-520.9	1.93	2108.56	1
254.55	0	2108.6	0.5	0.0	0.0	0.0	1.0	3	1953	82.4	-520.9	1.93	2108.58	1
254.65	0	2108.6	0.4	0.0	0.0	0.0	1.0	3	1953	82.4	-520.9	1.93	2108.59	1
254.75	0	2108.6	0.4	0.0	0.0	0.0	1.0	3	1953	82.4	-520.8	1.93	2108.6	1
254.87	0	2108.6	0.3	0.0	0.0	0.0	1.0	3	1953	82.4	-520.8	1.92	2108.61	1
254.97	0	2108.6	0.3	0.0	0.0	0.0	1.0	3	1953	82.4	-520.8	1.92	2108.62	1
255.07	0	2108.6	0.2	0.0	0.0	0.0	1.0	3	1953	82.4	-520.8	1.92	2108.63	1
255.17	0	2108.6	0.2	0.0	0.0	0.0	1.0	3	1953	82.4	-520.8	1.92	2108.63	1
255.27	0	2108.6	0.1	0.0	0.0	0.0	1.0	3	1953	82.4	-520.8	1.92	2108.64	1
255.37	0	2108.6	0.1	0.0	0.0	0.0	1.0	3	1953	82.4	-520.8	1.92	2108.64	1
255.47	0	2108.6	0.1	0.0	0.0	0.0	1.0	3	1953	82.4	-520.8	1.92	2108.64	1
