# watglen_racer telemetry — Lotus 49 @ watglen
# t	lap	lapdist	kmh	thr	brk	steer	clu	gear	rpm	x	z	lat	along	ontrack
0.18	0	0.0	0.0	0.0	0.0	0.01	0.0	1	1953	-50.2	762.7	0.0	0.0	1
0.3	0	0.0	0.0	0.0	0.0	0.01	0.0	1	1953	-50.2	762.7	0.0	0.0	1
0.38	0	0.0	0.0	0.0	0.0	0.01	0.0	1	1953	-50.2	762.7	0.0	0.0	1
0.48	0	0.0	0.0	0.0	0.0	0.01	0.0	1	1953	-50.2	762.7	0.0	0.0	1
0.58	0	0.0	0.0	0.0	0.0	0.01	0.0	1	1953	-50.2	762.7	0.0	0.0	1
0.68	0	0.0	0.0	0.0	0.0	0.01	0.0	1	1953	-50.2	762.7	0.0	0.0	1
0.78	0	0.0	0.0	0.0	0.0	0.01	0.0	1	1953	-50.2	762.7	0.0	0.0	1
0.88	0	0.0	0.0	0.0	0.0	0.01	0.0	1	1953	-50.2	762.7	0.0	0.0	1
0.98	0	0.0	0.0	0.0	0.0	0.01	0.0	1	1953	-50.2	762.7	0.0	0.0	1
1.08	0	0.0	0.0	0.0	0.0	0.01	0.0	1	1953	-50.2	762.7	0.0	0.0	1
1.18	0	0.0	0.0	0.0	0.0	0.01	0.0	1	1953	-50.2	762.7	0.0	0.0	1
1.28	0	0.0	0.0	0.0	0.0	0.01	0.0	1	1953	-50.2	762.7	0.0	0.0	1
1.38	0	0.0	0.0	0.0	0.0	0.01	0.0	1	1953	-50.2	762.7	0.0	0.0	1
1.48	0	0.0	0.0	0.0	0.0	0.01	0.0	1	1953	-50.2	762.7	0.0	0.0	1
1.58	0	0.0	0.0	0.0	0.0	0.01	0.0	1	1953	-50.2	762.7	0.0	0.0	1
1.68	0	0.0	0.0	0.0	0.0	0.01	0.0	1	1953	-50.2	762.7	0.0	0.0	1
1.78	0	0.0	0.0	0.0	0.0	0.01	0.0	1	1953	-50.2	762.7	0.0	0.0	1
1.88	0	0.0	0.0	0.0	0.0	0.01	0.0	1	1953	-50.2	762.7	0.0	0.0	1
1.98	0	0.0	0.0	0.0	0.0	0.01	0.0	1	1953	-50.2	762.7	0.0	0.0	1
2.08	0	0.0	0.0	0.0	0.0	0.01	0.0	1	1953	-50.2	762.7	0.0	0.0	1
2.19	0	0.0	0.0	0.0	0.0	0.01	0.0	1	1953	-50.2	762.7	0.0	0.0	1
2.29	0	0.0	0.0	0.0	0.0	0.01	0.0	1	1953	-50.2	762.7	0.0	0.0	1
2.39	0	0.0	0.0	0.0	0.0	0.01	0.0	1	1953	-50.2	762.7	0.0	0.0	1
2.49	0	0.0	0.0	0.0	0.0	0.01	0.0	1	1953	-50.2	762.7	0.0	0.0	1
2.59	0	0.0	0.0	0.0	0.0	0.01	0.0	1	1953	-50.2	762.7	0.0	0.0	1
2.69	0	0.0	0.0	0.0	0.0	0.01	0.0	1	1953	-50.2	762.7	0.0	0.0	1
2.79	0	0.0	0.0	0.0	0.0	0.01	0.0	1	1953	-50.2	762.7	0.0	0.0	1
2.89	0	0.0	0.0	0.0	0.0	0.01	0.0	1	1953	-50.2	762.7	0.0	0.0	1
2.99	0	0.0	0.0	0.0	0.0	0.01	0.0	1	1953	-50.2	762.7	0.0	0.0	1
3.11	0	0.0	0.0	0.0	0.0	0.01	0.0	1	1953	-50.2	762.7	0.0	0.0	1
3.21	0	0.0	0.0	0.0	0.0	0.01	0.0	1	1953	-50.2	762.7	0.0	0.0	1
3.31	0	0.0	0.0	0.0	0.0	0.01	0.0	1	1953	-50.2	762.7	0.0	0.0	1
3.41	0	0.0	0.0	0.0	0.0	0.01	0.0	1	1953	-50.2	762.7	0.0	0.0	1
3.51	0	0.0	0.0	0.0	0.0	0.01	0.0	1	1953	-50.2	762.7	0.0	0.0	1
3.61	0	0.0	0.0	0.0	0.0	0.01	0.0	1	1953	-50.2	762.7	0.0	0.0	1
3.71	0	0.0	0.0	0.0	0.0	0.01	0.0	1	1953	-50.2	762.7	0.0	0.0	1
3.81	0	0.0	0.0	0.0	0.0	0.01	0.0	1	1953	-50.2	762.7	0.0	0.0	1
3.91	0	0.0	0.0	0.0	0.0	0.01	0.0	1	1953	-50.2	762.7	0.0	0.0	1
4.01	0	0.0	0.0	0.0	0.0	0.01	0.0	1	1953	-50.2	762.7	0.0	0.0	1
4.11	0	0.0	0.0	0.0	0.0	0.01	0.0	1	1953	-50.2	762.7	0.0	0.0	1
4.22	0	0.0	0.0	0.0	0.0	0.01	0.0	1	1953	-50.2	762.7	0.0	0.0	1
4.32	0	0.0	0.0	0.0	0.0	0.01	0.0	1	1953	-50.2	762.7	0.0	0.0	1
4.42	0	0.0	0.0	0.0	0.0	0.01	0.0	1	1953	-50.2	762.7	0.0	0.0	1
4.52	0	0.0	0.0	0.0	0.0	0.01	0.0	1	1953	-50.2	762.7	0.0	0.0	1
4.62	0	0.0	0.0	0.0	0.0	0.01	0.0	1	1953	-50.2	762.7	0.0	0.0	1
4.72	0	0.0	0.0	0.0	0.0	0.01	0.0	1	1953	-50.2	762.7	0.0	0.0	1
4.82	0	0.0	0.0	0.0	0.0	0.01	0.0	1	1953	-50.2	762.7	0.0	0.0	1
4.92	0	0.0	0.0	0.0	0.0	0.01	0.0	1	1953	-50.2	762.7	0.0	0.0	1
5.02	0	0.0	0.0	0.0	0.0	0.01	0.0	1	1953	-50.2	762.7	0.0	0.0	1
5.12	0	0.0	0.0	0.0	0.0	0.01	0.0	1	1953	-50.2	762.7	0.0	0.0	1
5.22	0	0.0	0.0	0.0	0.0	0.01	0.0	1	1953	-50.2	762.7	0.0	0.0	1
5.32	0	0.0	0.0	0.0	0.0	0.01	0.0	1	1953	-50.2	762.7	0.0	0.0	1
5.42	0	0.0	0.0	0.0	0.0	0.01	0.0	1	1953	-50.2	762.7	0.0	0.0	1
5.52	0	0.0	0.0	0.0	0.0	0.01	0.0	1	1953	-50.2	762.7	0.01	0.0	1
5.62	0	0.0	0.0	0.0	0.0	0.01	0.0	1	1953	-50.2	762.7	0.01	0.0	1
5.72	0	0.0	0.0	0.0	0.0	0.01	0.0	1	1953	-50.2	762.7	0.01	0.0	1
5.82	0	0.0	0.0	0.0	0.0	0.01	0.0	1	1953	-50.2	762.7	0.01	0.0	1
5.92	0	0.0	0.0	0.0	0.0	0.01	0.0	1	1953	-50.2	762.7	0.01	0.0	1
6.02	0	0.0	0.0	0.0	0.0	0.01	0.0	1	1953	-50.2	762.7	0.01	0.0	1
6.12	0	0.0	0.0	0.0	0.0	0.01	0.0	1	1953	-50.2	762.7	0.01	0.0	1
6.23	0	0.0	0.0	0.0	0.0	0.01	0.0	1	1953	-50.2	762.7	0.01	0.0	1
6.32	0	0.0	0.0	0.0	0.0	0.01	0.0	1	1953	-50.2	762.7	0.01	0.0	1
6.42	0	0.0	0.0	0.0	0.0	0.01	0.0	1	1953	-50.2	762.7	0.01	0.0	1
6.52	0	0.0	0.0	0.0	0.0	0.01	0.0	1	1953	-50.2	762.7	0.01	0.0	1
6.62	0	0.0	0.0	0.0	0.0	0.01	0.0	1	1953	-50.2	762.7	0.01	0.0	1
6.72	0	0.0	0.0	0.0	0.0	0.01	0.0	1	1953	-50.2	762.7	0.01	0.0	1
6.82	0	0.0	0.0	0.0	0.0	0.01	0.0	1	1953	-50.2	762.7	0.01	0.0	1
6.92	0	0.0	0.0	0.0	0.0	0.01	0.0	1	1953	-50.2	762.7	0.01	0.0	1
7.02	0	0.0	0.0	0.0	0.0	0.01	0.0	1	1953	-50.2	762.7	0.01	0.0	1
7.12	0	0.0	0.0	0.0	0.0	0.01	0.0	1	1953	-50.2	762.7	0.01	0.0	1
7.22	0	0.0	0.0	0.0	0.0	0.01	0.0	1	1953	-50.2	762.7	0.01	0.0	1
7.33	0	0.0	0.0	0.0	0.0	0.01	0.0	1	1953	-50.2	762.7	0.01	0.0	1
7.43	0	0.0	0.0	0.0	0.0	0.01	0.0	1	1953	-50.2	762.7	0.01	0.0	1
7.53	0	0.0	0.0	0.0	0.0	0.01	0.0	1	1953	-50.2	762.7	0.01	0.0	1
7.63	0	0.0	0.0	0.0	0.0	0.01	0.0	1	1953	-50.2	762.7	0.01	0.0	1
7.73	0	0.0	0.0	0.0	0.0	0.01	0.0	1	1953	-50.2	762.7	0.01	0.0	1
7.83	0	0.0	0.0	0.0	0.0	0.01	0.0	1	1953	-50.2	762.7	0.01	0.0	1
7.93	0	0.0	0.0	0.0	0.0	0.01	0.0	1	1953	-50.2	762.7	0.01	0.0	1
8.03	0	0.0	0.0	0.0	0.0	0.01	0.0	1	1953	-50.2	762.7	0.01	0.0	1
8.13	0	0.0	0.0	0.0	0.0	0.01	0.0	1	1953	-50.2	762.7	0.01	0.0	1
8.23	0	0.0	0.0	0.0	0.0	0.01	0.0	1	1953	-50.2	762.7	0.01	0.0	1
8.33	0	0.0	0.0	0.0	0.0	0.01	0.0	1	1953	-50.2	762.7	0.01	0.0	1
8.43	0	0.0	0.0	0.0	0.0	0.01	0.0	1	1953	-50.2	762.7	0.01	0.0	1
8.53	0	0.0	0.0	0.0	0.0	0.01	0.0	1	1953	-50.2	762.7	0.01	0.0	1
8.63	0	0.0	0.0	0.0	0.0	0.01	0.0	1	1953	-50.2	762.7	0.01	0.0	1
8.73	0	0.0	0.0	0.0	0.0	0.01	0.0	1	1953	-50.2	762.7	0.01	0.0	1
8.83	0	0.0	0.0	0.0	0.0	0.01	0.0	1	1953	-50.2	762.7	0.01	0.0	1
8.93	0	0.0	0.0	0.0	0.0	0.01	0.0	1	1953	-50.2	762.7	0.01	0.0	1
9.03	0	0.0	0.0	0.0	0.0	0.01	0.0	1	1953	-50.2	762.7	0.01	0.0	1
9.13	0	0.0	0.0	0.0	0.0	0.01	0.0	1	1953	-50.2	762.7	0.01	0.0	1
9.23	0	0.0	0.0	0.0	0.0	0.01	0.0	1	1953	-50.2	762.7	0.01	0.0	1
9.33	0	0.0	0.0	0.0	0.0	0.01	0.0	1	1953	-50.2	762.7	0.01	0.0	1
9.43	0	0.0	0.0	0.0	0.0	0.01	0.0	1	1953	-50.2	762.7	0.01	0.0	1
9.53	0	0.0	0.0	0.0	0.0	0.01	0.0	1	1953	-50.2	762.7	0.01	0.0	1
9.63	0	0.0	0.0	0.0	0.0	0.01	0.0	1	1953	-50.2	762.7	0.01	0.0	1
9.73	0	0.0	0.0	0.0	0.0	0.01	0.0	1	1953	-50.2	762.7	0.01	0.0	1
9.83	0	0.0	0.0	0.0	0.0	0.01	0.0	1	1953	-50.2	762.7	0.01	0.0	1
9.93	0	0.0	0.0	0.0	0.0	0.01	0.0	1	1953	-50.2	762.7	0.01	0.0	1
10.03	0	0.0	0.0	0.0	0.0	0.01	0.0	1	1953	-50.2	762.7	0.01	0.0	1
10.13	0	0.0	0.0	0.0	0.0	0.01	0.0	1	1953	-50.2	762.7	0.01	0.0	1
10.22	0	0.0	0.0	0.0	0.0	0.01	0.0	1	1953	-50.2	762.7	0.01	0.0	1
10.33	0	0.0	0.0	0.0	0.0	0.01	0.0	1	1953	-50.2	762.7	0.01	0.0	1
10.43	0	0.0	0.0	0.0	0.0	0.01	0.0	1	1953	-50.2	762.7	0.01	0.0	1
10.53	0	0.0	0.0	0.0	0.0	0.01	0.0	1	1953	-50.2	762.7	0.01	0.0	1
10.63	0	0.0	0.0	0.0	0.0	0.01	0.0	1	1953	-50.2	762.7	0.01	0.0	1
10.73	0	0.0	0.0	0.0	0.0	0.01	0.0	1	1953	-50.2	762.7	0.01	0.0	1
10.83	0	0.0	0.0	0.0	0.0	0.01	0.0	1	1953	-50.2	762.7	0.01	0.0	1
10.93	0	0.0	0.0	0.0	0.0	0.01	0.0	1	1953	-50.2	762.7	0.01	0.0	1
11.03	0	0.0	0.0	0.0	0.0	0.01	0.0	1	1953	-50.2	762.7	0.01	0.0	1
11.13	0	0.0	0.0	0.0	0.0	0.01	0.0	1	1953	-50.2	762.7	0.01	0.0	1
11.23	0	0.0	0.0	0.0	0.0	0.01	0.0	1	1953	-50.2	762.7	0.01	0.0	1
11.33	0	0.0	0.0	0.0	0.0	0.01	0.0	1	1953	-50.2	762.7	0.01	0.0	1
11.43	0	0.0	0.0	0.0	0.0	0.01	0.0	1	1953	-50.2	762.7	0.01	0.0	1
11.53	0	0.0	0.0	0.0	0.0	0.01	0.0	1	1953	-50.2	762.7	0.01	0.0	1
11.63	0	0.0	0.0	0.0	0.0	0.01	0.0	1	1953	-50.2	762.7	0.01	0.0	1
11.73	0	0.0	0.0	0.0	0.0	0.01	0.0	1	1953	-50.2	762.7	0.01	0.0	1
11.83	0	0.0	0.0	0.0	0.0	0.01	0.0	1	1953	-50.2	762.7	0.01	0.0	1
11.93	0	0.0	0.0	0.0	0.0	0.01	0.0	1	1953	-50.2	762.7	0.01	0.0	1
12.03	0	0.0	0.0	0.0	0.0	0.01	0.0	1	1953	-50.2	762.7	0.01	0.0	1
12.13	0	0.0	0.0	0.0	0.0	0.01	0.0	1	1953	-50.2	762.7	0.01	0.0	1
12.23	0	0.0	0.0	0.0	0.0	0.01	0.0	1	1953	-50.2	762.7	0.01	0.0	1
12.33	0	0.0	0.0	0.0	0.0	0.01	0.0	1	1953	-50.2	762.7	0.01	0.0	1
12.43	0	0.0	0.0	0.0	0.0	0.01	0.0	1	1953	-50.2	762.7	0.01	0.0	1
12.53	0	0.0	0.0	0.0	0.0	0.01	0.0	1	1953	-50.2	762.7	0.01	0.0	1
12.63	0	0.0	0.0	0.0	0.0	0.01	0.0	1	1953	-50.2	762.7	0.01	0.0	1
12.73	0	0.0	0.0	0.0	0.0	0.01	0.0	1	1953	-50.2	762.7	0.01	0.0	1
12.83	0	0.0	0.0	0.0	0.0	0.01	0.0	1	1953	-50.2	762.7	0.01	0.0	1
12.93	0	0.0	0.0	0.0	0.0	0.01	0.0	1	1953	-50.2	762.7	0.01	0.0	1
13.03	0	0.0	0.0	0.0	0.0	0.01	0.0	1	1953	-50.2	762.7	0.01	0.0	1
13.13	0	0.0	0.0	0.0	0.0	0.01	0.0	1	1953	-50.2	762.7	0.01	0.0	1
13.23	0	0.0	0.0	0.0	0.0	0.01	0.0	1	1953	-50.2	762.7	0.01	0.0	1
13.33	0	0.0	0.0	0.0	0.0	0.01	0.0	1	1953	-50.2	762.7	0.01	0.0	1
13.43	0	0.0	0.0	0.0	0.0	0.01	0.0	1	1953	-50.2	762.7	0.01	0.0	1
13.53	0	0.0	0.0	0.0	0.0	0.01	0.0	1	1953	-50.2	762.7	0.01	0.0	1
13.63	0	0.0	0.0	0.0	0.0	0.01	0.0	1	1953	-50.2	762.7	0.01	0.0	1
13.73	0	0.0	0.0	0.0	0.0	0.01	0.0	1	1953	-50.2	762.7	0.01	0.0	1
13.83	0	0.0	0.0	0.0	0.0	0.01	0.0	1	1953	-50.2	762.7	0.01	0.0	1
13.93	0	0.0	0.0	0.0	0.0	0.01	0.0	1	1953	-50.2	762.7	0.01	0.0	1
14.03	0	0.0	0.0	0.0	0.0	0.01	0.0	1	1953	-50.2	762.7	0.01	0.0	1
14.13	0	0.0	0.0	0.0	0.0	0.01	0.0	1	1953	-50.2	762.7	0.01	0.0	1
14.23	0	0.0	0.0	0.0	0.0	0.01	0.0	1	1953	-50.2	762.7	0.01	0.0	1
14.34	0	0.0	0.0	0.0	0.0	0.01	0.0	1	1953	-50.2	762.7	0.01	0.0	1
14.44	0	0.0	0.0	0.0	0.0	0.01	0.0	1	1953	-50.2	762.7	0.01	0.0	1
14.54	0	0.0	0.0	0.0	0.0	0.01	0.0	1	1953	-50.2	762.7	0.01	0.0	1
14.64	0	0.0	0.0	0.0	0.0	0.01	0.0	1	1953	-50.2	762.7	0.01	0.0	1
14.74	0	0.0	0.0	0.0	0.0	0.01	0.0	1	1953	-50.2	762.7	0.01	0.0	1
14.84	0	0.0	0.0	0.0	0.0	0.01	0.0	1	1953	-50.2	762.7	0.01	0.0	1
14.94	0	0.0	0.0	0.0	0.0	0.01	0.0	1	1953	-50.2	762.7	0.01	0.0	1
15.04	0	0.0	0.0	0.0	0.0	0.01	0.0	1	1953	-50.2	762.7	0.01	0.0	1
15.14	0	0.0	0.0	0.0	0.0	0.01	0.0	1	1953	-50.2	762.7	0.01	0.0	1
15.24	0	0.0	0.0	0.0	0.0	0.01	0.0	1	1953	-50.2	762.7	0.01	0.0	1
15.34	0	0.0	0.0	0.0	0.0	0.01	0.0	1	1953	-50.2	762.7	0.01	0.0	1
15.44	0	0.0	0.0	0.0	0.0	0.01	0.0	1	1953	-50.2	762.7	0.01	0.0	1
15.54	0	0.0	0.0	0.0	0.0	0.01	0.0	1	1953	-50.2	762.7	0.01	0.0	1
15.64	0	0.0	0.0	0.0	0.0	0.01	0.0	1	1953	-50.2	762.7	0.01	0.0	1
15.74	0	0.0	0.0	0.0	0.0	0.01	0.0	1	1953	-50.2	762.7	0.01	0.0	1
15.84	0	0.0	0.0	0.0	0.0	0.01	0.0	1	1953	-50.2	762.7	0.01	0.0	1
15.94	0	0.0	0.0	0.0	0.0	0.01	0.0	1	1953	-50.2	762.7	0.01	0.0	1
16.04	0	0.0	0.0	0.0	0.0	0.01	0.0	1	1953	-50.2	762.7	0.01	0.0	1
16.14	0	0.0	0.0	0.0	0.0	0.01	0.0	1	1953	-50.2	762.7	0.01	0.0	1
16.24	0	0.0	0.0	0.0	0.0	0.01	0.0	1	1953	-50.2	762.7	0.01	0.0	1
16.34	0	0.0	0.0	0.0	0.0	0.01	0.0	1	1953	-50.2	762.7	0.01	0.0	1
16.44	0	0.0	0.0	0.0	0.0	0.01	0.0	1	1953	-50.2	762.7	0.01	0.0	1
16.54	0	0.0	0.0	0.0	0.0	0.01	0.0	1	1953	-50.2	762.7	0.02	0.0	1
16.64	0	0.0	0.0	0.0	0.0	0.01	0.0	1	1953	-50.2	762.7	0.02	0.0	1
16.74	0	0.0	0.0	0.0	0.0	0.01	0.0	1	1953	-50.2	762.7	0.02	0.0	1
16.84	0	0.0	0.0	0.0	0.0	0.01	0.0	1	1953	-50.2	762.7	0.02	0.0	1
16.94	0	0.0	0.0	0.0	0.0	0.01	0.0	1	1953	-50.2	762.7	0.02	0.0	1
17.04	0	0.0	0.0	0.0	0.0	0.01	0.0	1	1953	-50.2	762.7	0.02	0.0	1
17.14	0	0.0	0.0	0.0	0.0	0.01	0.0	1	1953	-50.2	762.7	0.02	0.0	1
17.24	0	0.0	0.0	0.0	0.0	0.01	0.0	1	1953	-50.2	762.7	0.02	0.0	1
17.35	0	0.0	0.0	0.0	0.0	0.01	0.0	1	1953	-50.2	762.7	0.02	0.0	1
17.45	0	0.0	0.0	0.0	0.0	0.01	0.0	1	1953	-50.2	762.7	0.02	0.0	1
17.55	0	0.0	0.0	0.0	0.0	0.01	0.0	1	1953	-50.2	762.7	0.02	0.0	1
17.65	0	0.0	0.0	0.0	0.0	0.01	0.0	1	1953	-50.2	762.7	0.02	0.0	1
17.75	0	0.0	0.0	0.0	0.0	0.01	0.0	1	1953	-50.2	762.7	0.02	0.0	1
17.85	0	0.0	0.0	0.0	0.0	0.01	0.0	1	1953	-50.2	762.7	0.02	0.0	1
17.95	0	0.0	0.0	0.0	0.0	0.01	0.0	1	1953	-50.2	762.7	0.02	0.0	1
18.05	0	0.0	0.0	0.0	0.0	0.01	0.0	1	1953	-50.2	762.7	0.02	0.0	1
18.15	0	0.0	0.0	0.0	0.0	0.01	0.0	1	1953	-50.2	762.7	0.02	0.0	1
18.25	0	0.0	0.0	0.0	0.0	0.01	0.0	1	1953	-50.2	762.7	0.02	0.0	1
18.35	0	0.0	0.0	0.0	0.0	0.01	0.0	1	1953	-50.2	762.7	0.02	0.0	1
18.45	0	0.0	0.0	0.0	0.0	0.01	0.0	1	1953	-50.2	762.7	0.02	0.0	1
18.55	0	0.0	0.0	0.0	0.0	0.01	0.0	1	1953	-50.2	762.7	0.02	0.0	1
18.65	0	0.0	0.0	0.0	0.0	0.01	0.0	1	1953	-50.2	762.7	0.02	0.0	1
18.75	0	0.0	0.0	0.0	0.0	0.01	0.0	1	1953	-50.2	762.7	0.02	0.0	1
18.85	0	0.0	0.0	0.0	0.0	0.01	0.0	1	1953	-50.2	762.7	0.02	0.0	1
18.99	0	0.0	0.0	0.0	0.0	0.01	0.0	1	1953	-50.2	762.7	0.02	0.0	1
19.06	0	0.0	0.0	0.0	0.0	0.01	0.0	1	1953	-50.2	762.7	0.02	0.0	1
19.16	0	0.0	0.0	0.0	0.0	0.01	0.0	1	1953	-50.2	762.7	0.02	0.0	1
19.26	0	0.0	0.0	0.0	0.0	0.01	0.0	1	1953	-50.2	762.7	0.02	0.0	1
19.36	0	0.0	0.0	0.0	0.0	0.01	0.0	1	1953	-50.2	762.7	0.02	0.0	1
19.46	0	0.0	0.0	0.0	0.0	0.01	0.0	1	1953	-50.2	762.7	0.02	0.0	1
19.56	0	0.0	0.0	0.0	0.0	0.01	0.0	1	1953	-50.2	762.7	0.02	0.0	1
19.66	0	0.0	0.0	0.0	0.0	0.01	0.0	1	1953	-50.2	762.7	0.02	0.0	1
19.76	0	0.0	0.0	0.0	0.0	0.01	0.0	1	1953	-50.2	762.7	0.02	0.0	1
19.86	0	0.0	0.0	0.0	0.0	0.01	0.0	1	1953	-50.2	762.7	0.02	0.0	1
19.96	0	0.0	0.0	0.0	0.0	0.01	0.0	1	1953	-50.2	762.7	0.02	0.0	1
20.06	0	0.0	0.0	0.0	0.0	0.01	0.0	1	1953	-50.2	762.7	0.02	0.0	1
20.16	0	0.0	0.0	0.0	0.0	0.01	0.0	1	1953	-50.2	762.7	0.02	0.0	1
20.26	0	0.0	0.0	0.0	0.0	0.01	0.0	1	1953	-50.2	762.7	0.02	0.0	1
20.36	0	0.0	0.0	0.0	0.0	0.01	0.0	1	1953	-50.2	762.7	0.02	0.0	1
20.46	0	0.0	0.0	0.0	0.0	0.01	0.0	1	1953	-50.2	762.7	0.02	0.0	1
20.56	0	0.0	0.0	0.0	0.0	0.01	0.0	1	1953	-50.2	762.7	0.02	0.0	1
20.66	0	0.0	0.0	0.0	0.0	0.01	0.0	1	1953	-50.2	762.7	0.02	0.0	1
20.76	0	0.0	0.0	0.0	0.0	0.01	0.0	1	1953	-50.2	762.7	0.02	0.0	1
20.86	0	0.0	0.0	0.0	0.0	0.01	0.0	1	1953	-50.2	762.7	0.02	0.0	1
20.96	0	0.0	0.0	0.0	0.0	0.01	0.0	1	1953	-50.2	762.7	0.02	0.0	1
21.06	0	0.0	0.0	0.0	0.0	0.01	0.0	1	1953	-50.2	762.7	0.02	0.0	1
21.16	0	0.0	0.0	0.0	0.0	0.01	0.0	1	1953	-50.2	762.7	0.02	0.0	1
21.26	0	0.0	0.0	0.0	0.0	0.01	0.0	1	1953	-50.2	762.7	0.02	0.0	1
21.36	0	0.0	0.0	0.0	0.0	0.01	0.0	1	1953	-50.2	762.7	0.02	0.0	1
21.46	0	0.0	0.0	0.0	0.0	0.01	0.0	1	1953	-50.2	762.7	0.02	0.0	1
21.56	0	0.0	0.0	0.0	0.0	0.01	0.0	1	1953	-50.2	762.7	0.02	0.0	1
21.66	0	0.0	0.0	0.0	0.0	0.01	0.0	1	1953	-50.2	762.7	0.02	0.0	1
21.76	0	0.0	0.0	0.0	0.0	0.01	0.0	1	1953	-50.2	762.7	0.02	0.0	1
21.86	0	0.0	0.0	0.0	0.0	0.01	0.0	1	1953	-50.2	762.7	0.02	0.0	1
21.96	0	0.0	0.0	0.0	0.0	0.01	0.0	1	1953	-50.2	762.7	0.02	0.0	1
22.06	0	0.0	0.0	0.0	0.0	0.01	0.0	1	1953	-50.2	762.7	0.02	0.0	1
22.16	0	0.0	0.0	0.0	0.0	0.01	0.0	1	1953	-50.2	762.7	0.02	0.0	1
22.26	0	0.0	0.0	0.0	0.0	0.01	0.0	1	1953	-50.2	762.7	0.02	0.0	1
22.36	0	0.0	0.0	0.0	0.0	0.01	0.0	1	1953	-50.2	762.7	0.02	0.0	1
22.46	0	0.0	0.0	0.0	0.0	0.01	0.0	1	1953	-50.2	762.7	0.02	0.0	1
22.56	0	0.0	0.0	0.0	0.0	0.01	0.0	1	1953	-50.2	762.7	0.02	0.0	1
22.66	0	0.0	0.0	0.0	0.0	0.01	0.0	1	1953	-50.2	762.7	0.02	0.0	1
22.76	0	0.0	0.0	0.0	0.0	0.01	0.0	1	1953	-50.2	762.7	0.02	0.0	1
22.88	0	0.0	0.0	0.0	0.0	0.01	0.0	1	1953	-50.2	762.7	0.02	0.0	1
22.98	0	0.0	0.0	0.0	0.0	0.01	0.0	1	1953	-50.2	762.7	0.02	0.0	1
23.08	0	0.0	0.0	0.0	0.0	0.01	0.0	1	1953	-50.2	762.7	0.02	0.0	1
23.18	0	0.0	0.0	0.0	0.0	0.01	0.0	1	1953	-50.2	762.7	0.02	0.0	1
23.28	0	0.0	0.0	0.0	0.0	0.01	0.0	1	1953	-50.2	762.7	0.02	0.0	1
23.38	0	0.0	0.0	0.0	0.0	0.01	0.0	1	1953	-50.2	762.7	0.02	0.0	1
23.48	0	0.0	0.0	0.0	0.0	0.01	0.0	1	1953	-50.2	762.7	0.02	0.0	1
23.58	0	0.0	0.0	0.0	0.0	0.01	0.0	1	1953	-50.2	762.7	0.02	0.0	1
23.68	0	0.0	0.0	0.0	0.0	0.01	0.0	1	1953	-50.2	762.7	0.02	0.0	1
23.78	0	0.0	0.0	0.0	0.0	0.01	0.0	1	1953	-50.2	762.7	0.02	0.0	1
23.88	0	0.0	0.0	0.0	0.0	0.01	0.0	1	1953	-50.2	762.7	0.02	0.0	1
23.98	0	0.0	0.0	0.0	0.0	0.01	0.0	1	1953	-50.2	762.7	0.02	0.0	1
24.08	0	0.0	0.0	0.0	0.0	0.01	0.0	1	1953	-50.2	762.7	0.02	0.0	1
24.18	0	0.0	0.0	0.0	0.0	0.01	0.0	1	1953	-50.2	762.7	0.02	0.0	1
24.28	0	0.0	0.0	0.0	0.0	0.01	0.0	1	1953	-50.2	762.7	0.02	0.0	1
24.38	0	0.0	0.0	0.0	0.0	0.01	0.0	1	1953	-50.2	762.7	0.02	0.0	1
24.48	0	0.0	0.0	0.0	0.0	0.01	0.0	1	1953	-50.2	762.7	0.02	0.0	1
24.58	0	0.0	0.0	0.0	0.0	0.01	0.0	1	1953	-50.2	762.7	0.02	0.0	1
24.68	0	0.0	0.0	0.0	0.0	0.01	0.0	1	1953	-50.2	762.7	0.02	0.0	1
24.78	0	0.0	0.0	0.0	0.0	0.01	0.0	1	1953	-50.2	762.7	0.02	0.0	1
24.88	0	0.0	0.0	0.0	0.0	0.01	0.0	1	1953	-50.2	762.7	0.02	0.0	1
24.98	0	0.0	0.0	0.0	0.0	0.01	0.0	1	1953	-50.2	762.7	0.02	0.0	1
25.08	0	0.0	0.0	0.0	0.0	0.01	0.0	1	1953	-50.2	762.7	0.02	0.0	1
25.18	0	0.0	0.0	0.0	0.0	0.01	0.0	1	1953	-50.2	762.7	0.02	0.0	1
25.28	0	0.0	0.0	0.0	0.0	0.01	0.0	1	1953	-50.2	762.7	0.02	0.0	1
25.38	0	0.0	0.0	0.0	0.0	0.01	0.0	1	1953	-50.2	762.7	0.02	0.0	1
25.48	0	0.0	0.0	0.0	0.0	0.01	0.0	1	1953	-50.2	762.7	0.02	0.0	1
25.58	0	0.0	0.0	0.0	0.0	0.01	0.0	1	1953	-50.2	762.7	0.02	0.0	1
25.68	0	0.0	0.0	0.0	0.0	0.01	0.0	1	1953	-50.2	762.7	0.02	0.0	1
25.78	0	0.0	0.0	0.0	0.0	0.01	0.0	1	1953	-50.2	762.7	0.02	0.0	1
25.88	0	0.0	0.0	0.0	0.0	0.01	0.0	1	1953	-50.2	762.7	0.02	0.0	1
25.98	0	0.0	0.0	0.0	0.0	0.01	0.0	1	1953	-50.2	762.7	0.02	0.0	1
26.08	0	0.0	0.0	0.0	0.0	0.01	0.0	1	1953	-50.2	762.7	0.02	0.0	1
26.18	0	0.0	0.0	0.0	0.0	0.01	0.0	1	1953	-50.2	762.7	0.02	0.0	1
26.28	0	0.0	0.0	0.0	0.0	0.01	0.0	1	1953	-50.2	762.7	0.02	0.0	1
26.38	0	0.0	0.0	0.0	0.0	0.01	0.0	1	1953	-50.2	762.7	0.02	0.0	1
26.48	0	0.0	0.0	0.0	0.0	0.01	0.0	1	1953	-50.2	762.7	0.02	0.0	1
26.58	0	0.0	0.0	0.0	0.0	0.01	0.0	1	1953	-50.2	762.7	0.02	0.0	1
26.68	0	0.0	0.0	0.0	0.0	0.01	0.0	1	1953	-50.2	762.7	0.02	0.0	1
26.78	0	0.0	0.0	0.0	0.0	0.01	0.0	1	1953	-50.2	762.7	0.02	0.0	1
26.88	0	0.0	0.0	0.0	0.0	0.01	0.0	1	1953	-50.2	762.7	0.02	0.0	1
26.98	0	0.0	0.0	0.0	0.0	0.01	0.0	1	1953	-50.2	762.7	0.02	0.0	1
27.08	0	0.0	0.0	0.0	0.0	0.01	0.0	1	1953	-50.2	762.7	0.02	0.0	1
27.18	0	0.0	0.0	0.0	0.0	0.01	0.0	1	1953	-50.2	762.7	0.02	0.0	1
27.28	0	0.0	0.0	0.0	0.0	0.01	0.0	1	1953	-50.2	762.7	0.02	0.0	1
27.38	0	0.0	0.0	0.0	0.0	0.01	0.0	1	1953	-50.2	762.7	0.02	0.0	1
27.48	0	0.0	0.0	0.0	0.0	0.01	0.0	1	1953	-50.2	762.7	0.02	0.0	1
27.58	0	0.0	0.0	0.0	0.0	0.01	0.0	1	1953	-50.2	762.7	0.03	0.0	1
27.68	0	0.0	0.0	0.0	0.0	0.01	0.0	1	1953	-50.2	762.7	0.03	0.0	1
27.78	0	0.0	0.0	0.0	0.0	0.01	0.0	1	1953	-50.2	762.7	0.03	0.0	1
27.88	0	0.0	0.0	0.0	0.0	0.01	0.0	1	1953	-50.2	762.7	0.03	0.0	1
27.99	0	0.0	0.0	0.0	0.0	0.01	0.0	1	1953	-50.2	762.7	0.03	0.0	1
28.09	0	0.0	0.0	0.0	0.0	0.01	0.0	1	1953	-50.2	762.7	0.03	0.0	1
28.19	0	0.0	0.0	0.0	0.0	0.01	0.0	1	1953	-50.2	762.7	0.03	0.0	1
28.29	0	0.0	0.0	0.0	0.0	0.01	0.0	1	1953	-50.2	762.7	0.03	0.0	1
28.39	0	0.0	0.0	0.0	0.0	0.01	0.0	1	1953	-50.2	762.7	0.03	0.0	1
28.49	0	0.0	0.0	0.0	0.0	0.01	0.0	1	1953	-50.2	762.7	0.03	0.0	1
28.59	0	0.0	0.0	0.0	0.0	0.01	0.0	1	1953	-50.2	762.7	0.03	0.0	1
28.7	0	0.0	0.0	0.0	0.0	0.01	0.0	1	1953	-50.2	762.7	0.03	0.0	1
28.8	0	0.0	0.0	0.0	0.0	0.01	0.0	1	1953	-50.2	762.7	0.03	0.0	1
28.89	0	0.0	0.0	0.0	0.0	0.01	0.0	1	1953	-50.2	762.7	0.03	0.0	1
28.99	0	0.0	0.0	0.0	0.0	0.01	0.0	1	1953	-50.2	762.7	0.03	0.0	1
29.09	0	0.0	0.0	0.0	0.0	0.01	0.0	1	1953	-50.2	762.7	0.03	0.0	1
29.19	0	0.0	0.0	0.0	0.0	0.01	0.0	1	1953	-50.2	762.7	0.03	0.0	1
29.29	0	0.0	0.0	0.0	0.0	0.01	0.0	1	1953	-50.2	762.7	0.03	0.0	1
29.39	0	0.0	0.0	0.0	0.0	0.01	0.0	1	1953	-50.2	762.7	0.03	0.0	1
29.5	0	0.0	0.0	0.0	0.0	0.01	0.0	1	1953	-50.2	762.7	0.03	0.0	1
29.6	0	0.0	0.0	0.0	0.0	0.01	0.0	1	1953	-50.2	762.7	0.03	0.0	1
29.7	0	0.0	0.0	0.0	0.0	0.01	0.0	1	1953	-50.2	762.7	0.03	0.0	1
29.8	0	0.0	0.0	0.0	0.0	0.01	0.0	1	1953	-50.2	762.7	0.03	0.0	1
29.9	0	0.0	0.0	0.0	0.0	0.01	0.0	1	1953	-50.2	762.7	0.03	0.0	1
30.0	0	0.0	0.0	0.0	0.0	0.01	0.0	1	1953	-50.2	762.7	0.03	0.0	1
30.1	0	0.0	0.0	0.0	0.0	0.01	0.0	1	1953	-50.2	762.7	0.03	0.0	1
30.2	0	0.0	0.0	0.0	0.0	0.01	0.0	1	1953	-50.2	762.7	0.03	0.0	1
30.3	0	0.0	0.0	0.0	0.0	0.01	0.0	1	1953	-50.2	762.7	0.03	0.0	1
30.4	0	0.0	0.0	0.0	0.0	0.01	0.0	1	1953	-50.2	762.7	0.03	0.0	1
30.5	0	0.0	0.0	0.0	0.0	0.01	0.0	1	1953	-50.2	762.7	0.03	0.0	1
30.6	0	0.0	0.0	0.0	0.0	0.01	0.0	1	1953	-50.2	762.7	0.03	0.0	1
30.7	0	0.0	0.0	0.0	0.0	0.01	0.0	1	1953	-50.2	762.7	0.03	0.0	1
30.8	0	0.0	0.0	0.0	0.0	0.01	0.0	1	1953	-50.2	762.7	0.03	0.0	1
30.9	0	0.0	0.0	0.0	0.0	0.01	0.0	1	1953	-50.2	762.7	0.03	0.0	1
31.0	0	0.0	0.0	0.0	0.0	0.01	0.0	1	1953	-50.2	762.7	0.03	0.0	1
31.1	0	0.0	0.0	0.0	0.0	0.01	0.0	1	1953	-50.2	762.7	0.03	0.0	1
31.2	0	0.0	0.0	0.0	0.0	0.01	0.0	1	1953	-50.2	762.7	0.03	0.0	1
31.3	0	0.0	0.0	0.0	0.0	0.01	0.0	1	1953	-50.2	762.7	0.03	0.0	1
31.4	0	0.0	0.0	0.0	0.0	0.01	0.0	1	1953	-50.2	762.7	0.03	0.0	1
31.5	0	0.0	0.0	0.0	0.0	0.01	0.0	1	1953	-50.2	762.7	0.03	0.0	1
31.6	0	0.0	0.0	0.0	0.0	0.01	0.0	1	1953	-50.2	762.7	0.03	0.0	1
31.7	0	0.0	0.0	0.0	0.0	0.01	0.0	1	1953	-50.2	762.7	0.03	0.0	1
31.8	0	0.0	0.0	0.0	0.0	0.01	0.0	1	1953	-50.2	762.7	0.03	0.0	1
31.9	0	0.0	0.0	0.0	0.0	0.01	0.0	1	1953	-50.2	762.7	0.03	0.0	1
32.0	0	0.0	0.0	0.0	0.0	0.01	0.0	1	1953	-50.2	762.7	0.03	0.0	1
32.1	0	0.0	0.0	0.0	0.0	0.01	0.0	1	1953	-50.2	762.7	0.03	0.0	1
32.21	0	0.0	0.0	0.0	0.0	0.01	0.0	1	1953	-50.2	762.7	0.03	0.0	1
32.31	0	0.0	0.0	0.0	0.0	0.01	0.0	1	1953	-50.2	762.7	0.03	0.0	1
32.41	0	0.0	0.0	0.0	0.0	0.01	0.0	1	1953	-50.2	762.7	0.03	0.0	1
32.51	0	0.0	0.0	0.0	0.0	0.01	0.0	1	1953	-50.2	762.7	0.03	0.0	1
32.61	0	0.0	0.0	0.0	0.0	0.01	0.0	1	1953	-50.2	762.7	0.03	0.0	1
32.71	0	0.0	0.0	0.0	0.0	0.01	0.0	1	1953	-50.2	762.7	0.03	0.0	1
32.81	0	0.0	0.0	0.0	0.0	0.01	0.0	1	1953	-50.2	762.7	0.03	0.0	1
32.92	0	0.0	0.0	0.0	0.0	0.01	0.0	1	1953	-50.2	762.7	0.03	0.0	1
33.02	0	0.0	0.0	0.0	0.0	0.01	0.0	1	1953	-50.2	762.7	0.03	0.0	1
33.12	0	0.0	0.0	0.0	0.0	0.01	0.0	1	1953	-50.2	762.7	0.03	0.0	1
33.22	0	0.0	0.0	0.0	0.0	0.01	0.0	1	1953	-50.2	762.7	0.03	0.0	1
33.32	0	0.0	0.0	0.0	0.0	0.01	0.0	1	1953	-50.2	762.7	0.03	0.0	1
33.42	0	0.0	0.0	0.0	0.0	0.01	0.0	1	1953	-50.2	762.7	0.03	0.0	1
33.52	0	0.0	0.0	0.0	0.0	0.01	0.0	1	1953	-50.2	762.7	0.03	0.0	1
33.62	0	0.0	0.0	0.0	0.0	0.01	0.0	1	1953	-50.2	762.7	0.03	0.0	1
33.72	0	0.0	0.0	0.0	0.0	0.01	0.0	1	1953	-50.2	762.7	0.03	0.0	1
33.82	0	0.0	0.0	0.0	0.0	0.01	0.0	1	1953	-50.2	762.7	0.03	0.0	1
33.92	0	0.0	0.0	0.0	0.0	0.01	0.0	1	1953	-50.2	762.7	0.03	0.0	1
34.02	0	0.0	0.0	0.0	0.0	0.01	0.0	1	1953	-50.2	762.7	0.03	0.0	1
34.12	0	0.0	0.0	0.0	0.0	0.01	0.0	1	1953	-50.2	762.7	0.03	0.0	1
34.22	0	0.0	0.0	0.0	0.0	0.01	0.0	1	1953	-50.2	762.7	0.03	0.0	1
34.32	0	0.0	0.0	0.0	0.0	0.01	0.0	1	1953	-50.2	762.7	0.03	0.0	1
34.42	0	0.0	0.0	0.0	0.0	0.01	0.0	1	1953	-50.2	762.7	0.03	0.0	1
34.52	0	0.0	0.0	0.0	0.0	0.01	0.0	1	1953	-50.2	762.7	0.03	0.0	1
34.62	0	0.0	0.0	0.0	0.0	0.01	0.0	1	1953	-50.2	762.7	0.03	0.0	1
34.72	0	0.0	0.0	0.0	0.0	0.01	0.0	1	1953	-50.2	762.7	0.03	0.0	1
34.82	0	0.0	0.0	0.0	0.0	0.01	0.0	1	1953	-50.2	762.7	0.03	0.0	1
34.92	0	0.0	0.0	0.0	0.0	0.01	0.0	1	1953	-50.2	762.7	0.03	0.0	1
35.02	0	0.0	0.0	0.0	0.0	0.01	0.0	1	1953	-50.2	762.7	0.03	0.0	1
35.12	0	0.0	0.0	0.0	0.0	0.01	0.0	1	1953	-50.2	762.7	0.03	0.0	1
35.22	0	0.0	0.0	0.0	0.0	0.01	0.0	1	1953	-50.2	762.7	0.03	0.0	1
35.32	0	0.0	0.0	0.0	0.0	0.01	0.0	1	1953	-50.2	762.7	0.03	0.0	1
35.42	0	0.0	0.0	0.0	0.0	0.01	0.0	1	1953	-50.2	762.7	0.03	0.0	1
35.52	0	0.0	0.0	0.0	0.0	0.01	0.0	1	1953	-50.2	762.7	0.03	0.0	1
35.62	0	0.0	0.0	0.0	0.0	0.01	0.0	1	1953	-50.2	762.7	0.03	0.0	1
35.72	0	0.0	0.0	0.0	0.0	0.01	0.0	1	1953	-50.2	762.7	0.03	0.0	1
35.82	0	0.0	0.0	0.0	0.0	0.01	0.0	1	1953	-50.2	762.7	0.03	0.0	1
35.92	0	0.0	0.0	0.0	0.0	0.01	0.0	1	1953	-50.2	762.7	0.03	0.0	1
36.02	0	0.0	0.0	0.0	0.0	0.01	0.0	1	1953	-50.2	762.7	0.03	0.0	1
36.12	0	0.0	0.0	0.0	0.0	0.01	0.0	1	1953	-50.2	762.7	0.03	0.0	1
36.22	0	0.0	0.0	0.0	0.0	0.01	0.0	1	1953	-50.2	762.7	0.03	0.0	1
36.32	0	0.0	0.0	0.0	0.0	0.01	0.0	1	1953	-50.2	762.7	0.03	0.0	1
36.42	0	0.0	0.0	0.0	0.0	0.01	0.0	1	1953	-50.2	762.7	0.03	0.0	1
36.53	0	0.0	0.0	0.0	0.0	0.01	0.0	1	1953	-50.2	762.7	0.03	0.0	1
36.63	0	0.0	0.0	0.0	0.0	0.01	0.0	1	1953	-50.2	762.7	0.03	0.0	1
36.73	0	0.0	0.0	0.0	0.0	0.01	0.0	1	1953	-50.2	762.7	0.03	0.0	1
36.83	0	0.0	0.0	0.0	0.0	0.01	0.0	1	1953	-50.2	762.7	0.03	0.0	1
36.93	0	0.0	0.0	0.0	0.0	0.01	0.0	1	1953	-50.2	762.7	0.03	0.0	1
37.03	0	0.0	0.0	0.0	0.0	0.01	0.0	1	1953	-50.2	762.7	0.03	0.0	1
37.13	0	0.0	0.0	0.0	0.0	0.01	0.0	1	1953	-50.2	762.7	0.03	0.0	1
37.23	0	0.0	0.0	0.0	0.0	0.01	0.0	1	1953	-50.2	762.7	0.03	0.0	1
37.33	0	0.0	0.0	0.0	0.0	0.01	0.0	1	1953	-50.2	762.7	0.03	0.0	1
37.43	0	0.0	0.0	0.0	0.0	0.01	0.0	1	1953	-50.2	762.7	0.03	0.0	1
37.53	0	0.0	0.0	0.0	0.0	0.01	0.0	1	1953	-50.2	762.7	0.03	0.0	1
37.63	0	0.0	0.0	0.0	0.0	0.01	0.0	1	1953	-50.2	762.7	0.03	0.0	1
37.73	0	0.0	0.0	0.0	0.0	0.01	0.0	1	1953	-50.2	762.7	0.03	0.0	1
37.83	0	0.0	0.0	0.0	0.0	0.01	0.0	1	1953	-50.2	762.7	0.03	0.0	1
37.93	0	0.0	0.0	0.0	0.0	0.01	0.0	1	1953	-50.2	762.7	0.03	0.0	1
38.03	0	0.0	0.0	0.0	0.0	0.01	0.0	1	1953	-50.2	762.7	0.03	0.0	1
38.13	0	0.0	0.0	0.0	0.0	0.01	0.0	1	1953	-50.2	762.7	0.03	0.0	1
38.23	0	0.0	0.0	0.0	0.0	0.01	0.0	1	1953	-50.2	762.7	0.03	0.0	1
38.33	0	0.0	0.0	0.0	0.0	0.01	0.0	1	1953	-50.2	762.7	0.03	0.0	1
38.43	0	0.0	0.0	0.0	0.0	0.01	0.0	1	1953	-50.2	762.7	0.03	0.0	1
38.54	0	0.0	0.0	0.0	0.0	0.01	0.0	1	1953	-50.2	762.7	0.03	0.0	1
38.64	0	0.0	0.0	0.0	0.0	0.01	0.0	1	1953	-50.2	762.7	0.04	0.0	1
38.74	0	0.0	0.0	0.0	0.0	0.01	0.0	1	1953	-50.2	762.7	0.04	0.0	1
38.84	0	0.0	0.0	0.0	0.0	0.01	0.0	1	1953	-50.2	762.7	0.04	0.0	1
38.94	0	0.0	0.0	0.0	0.0	0.01	0.0	1	1953	-50.2	762.7	0.04	0.0	1
39.04	0	0.0	0.0	0.0	0.0	0.01	0.0	1	1953	-50.2	762.7	0.04	0.0	1
39.14	0	0.0	0.0	0.0	0.0	0.01	0.0	1	1953	-50.2	762.7	0.04	0.0	1
39.24	0	0.0	0.0	0.0	0.0	0.01	0.0	1	1953	-50.2	762.7	0.04	0.0	1
39.34	0	0.0	0.0	0.0	0.0	0.01	0.0	1	1953	-50.2	762.7	0.04	0.0	1
39.44	0	0.0	0.0	0.0	0.0	0.01	0.0	1	1953	-50.2	762.7	0.04	0.0	1
39.54	0	0.0	0.0	0.0	0.0	0.01	0.0	1	1953	-50.2	762.7	0.04	0.0	1
39.64	0	0.0	0.0	0.0	0.0	0.01	0.0	1	1953	-50.2	762.7	0.04	0.0	1
39.74	0	0.0	0.0	0.0	0.0	0.01	0.0	1	1953	-50.2	762.7	0.04	0.0	1
39.84	0	0.0	0.0	0.0	0.0	0.01	0.0	1	1953	-50.2	762.7	0.04	0.0	1
39.94	0	0.0	0.0	0.0	0.0	0.01	0.0	1	1953	-50.2	762.7	0.04	0.0	1
40.04	0	0.0	0.0	0.0	0.0	0.01	0.0	1	1953	-50.2	762.7	0.04	0.0	1
40.14	0	0.0	0.0	0.0	0.0	0.01	0.0	1	1953	-50.2	762.7	0.04	0.0	1
40.24	0	0.0	0.0	0.0	0.0	0.01	0.0	1	1953	-50.2	762.7	0.04	0.0	1
40.34	0	0.0	0.0	0.0	0.0	0.01	0.0	1	1953	-50.2	762.7	0.04	0.0	1
40.44	0	0.0	0.0	0.0	0.0	0.01	0.0	1	1953	-50.2	762.7	0.04	0.0	1
40.54	0	0.0	0.0	0.0	0.0	0.01	0.0	1	1953	-50.2	762.7	0.04	0.0	1
40.64	0	0.0	0.0	0.0	0.0	0.01	0.0	1	1953	-50.2	762.7	0.04	0.0	1
40.74	0	0.0	0.0	0.0	0.0	0.01	0.0	1	1953	-50.2	762.7	0.04	0.0	1
40.84	0	0.0	0.0	0.0	0.0	0.01	0.0	1	1953	-50.2	762.7	0.04	0.0	1
40.94	0	0.0	0.0	0.0	0.0	0.01	0.0	1	1953	-50.2	762.7	0.04	0.0	1
41.04	0	0.0	0.0	0.0	0.0	0.01	0.0	1	1953	-50.2	762.7	0.04	0.0	1
41.14	0	0.0	0.0	0.0	0.0	0.01	0.0	1	1953	-50.2	762.7	0.04	0.0	1
41.24	0	0.0	0.0	0.0	0.0	0.01	0.0	1	1953	-50.2	762.7	0.04	0.0	1
41.34	0	0.0	0.0	0.0	0.0	0.01	0.0	1	1953	-50.2	762.7	0.04	0.0	1
41.44	0	0.0	0.0	0.0	0.0	0.01	0.0	1	1953	-50.2	762.7	0.04	0.0	1
41.54	0	0.0	0.0	0.0	0.0	0.01	0.0	1	1953	-50.2	762.7	0.04	0.0	1
41.64	0	0.0	0.0	0.0	0.0	0.01	0.0	1	1953	-50.2	762.7	0.04	0.0	1
41.74	0	0.0	0.0	0.0	0.0	0.01	0.0	1	1953	-50.2	762.7	0.04	0.0	1
41.84	0	0.0	0.0	0.0	0.0	0.01	0.0	1	1953	-50.2	762.7	0.04	0.0	1
41.94	0	0.0	0.0	0.0	0.0	0.01	0.0	1	1953	-50.2	762.7	0.04	0.0	1
42.04	0	0.0	0.0	0.0	0.0	0.01	0.0	1	1953	-50.2	762.7	0.04	0.0	1
42.14	0	0.0	0.0	0.0	0.0	0.01	0.0	1	1953	-50.2	762.7	0.04	0.0	1
42.24	0	0.0	0.0	0.0	0.0	0.01	0.0	1	1953	-50.2	762.7	0.04	0.0	1
42.34	0	0.0	0.0	0.0	0.0	0.01	0.0	1	1953	-50.2	762.7	0.04	0.0	1
42.44	0	0.0	0.0	0.0	0.0	0.01	0.0	1	1953	-50.2	762.7	0.04	0.0	1
42.54	0	0.0	0.0	0.0	0.0	0.01	0.0	1	1953	-50.2	762.7	0.04	0.0	1
42.64	0	0.0	0.0	0.0	0.0	0.01	0.0	1	1953	-50.2	762.7	0.04	0.0	1
42.74	0	0.0	0.0	0.0	0.0	0.01	0.0	1	1953	-50.2	762.7	0.04	0.0	1
42.86	0	0.0	0.0	0.0	0.0	0.01	0.0	1	1953	-50.2	762.7	0.04	0.0	1
42.95	0	0.0	0.0	0.0	0.0	0.01	0.0	1	1953	-50.2	762.7	0.04	0.0	1
43.05	0	0.0	0.0	0.0	0.0	0.01	0.0	1	1953	-50.2	762.7	0.04	0.0	1
43.15	0	0.0	0.0	0.0	0.0	0.01	0.0	1	1953	-50.2	762.7	0.04	0.0	1
43.25	0	0.0	0.0	0.0	0.0	0.01	0.0	1	1953	-50.2	762.7	0.04	0.0	1
43.35	0	0.0	0.0	0.0	0.0	0.01	0.0	1	1953	-50.2	762.7	0.04	0.0	1
43.45	0	0.0	0.0	0.0	0.0	0.01	0.0	1	1953	-50.2	762.7	0.04	0.0	1
43.55	0	0.0	0.0	0.0	0.0	0.01	0.0	1	1953	-50.2	762.7	0.04	0.0	1
43.65	0	0.0	0.0	0.0	0.0	0.01	0.0	1	1953	-50.2	762.7	0.04	0.0	1
43.75	0	0.0	0.0	0.0	0.0	0.01	0.0	1	1953	-50.2	762.7	0.04	0.0	1
43.85	0	0.0	0.0	0.0	0.0	0.01	0.0	1	1953	-50.2	762.7	0.04	0.0	1
43.95	0	0.0	0.0	0.0	0.0	0.01	0.0	1	1953	-50.2	762.7	0.04	0.0	1
44.05	0	0.0	0.0	0.0	0.0	0.01	0.0	1	1953	-50.2	762.7	0.04	0.0	1
44.15	0	0.0	0.0	0.0	0.0	0.01	0.0	1	1953	-50.2	762.7	0.04	0.0	1
44.25	0	0.0	0.0	0.0	0.0	0.01	0.0	1	1953	-50.2	762.7	0.04	0.0	1
44.35	0	0.0	0.0	0.0	0.0	0.01	0.0	1	1953	-50.2	762.7	0.04	0.0	1
44.45	0	0.0	0.0	0.0	0.0	0.01	0.0	1	1953	-50.2	762.7	0.04	0.0	1
44.55	0	0.0	0.0	0.0	0.0	0.01	0.0	1	1953	-50.2	762.7	0.04	0.0	1
44.66	0	0.0	0.0	0.0	0.0	0.01	0.0	1	1953	-50.2	762.7	0.04	0.0	1
44.74	0	0.0	0.0	0.0	0.0	0.01	0.0	1	1953	-50.2	762.7	0.04	0.0	1
44.84	0	0.0	0.0	0.0	0.0	0.01	0.0	1	1953	-50.2	762.7	0.04	0.0	1
44.94	0	0.0	0.0	0.0	0.0	0.01	0.0	1	1953	-50.2	762.7	0.04	0.0	1
45.04	0	0.0	0.0	0.0	0.0	0.01	0.0	1	1953	-50.2	762.7	0.04	0.0	1
45.14	0	0.0	0.0	0.0	0.0	0.01	0.0	1	1953	-50.2	762.7	0.04	0.0	1
45.24	0	0.0	0.0	0.0	0.0	0.01	0.0	1	1953	-50.2	762.7	0.04	0.0	1
45.34	0	0.0	0.0	0.0	0.0	0.01	0.0	1	1953	-50.2	762.7	0.04	0.0	1
45.44	0	0.0	0.0	0.0	0.0	0.01	0.0	1	1953	-50.2	762.7	0.04	0.0	1
45.54	0	0.0	0.0	0.0	0.0	0.01	0.0	1	1953	-50.2	762.7	0.04	0.0	1
45.64	0	0.0	0.0	0.0	0.0	0.01	0.0	1	1953	-50.2	762.7	0.04	0.0	1
45.74	0	0.0	0.0	0.0	0.0	0.01	0.0	1	1953	-50.2	762.7	0.04	0.0	1
45.84	0	0.0	0.0	0.0	0.0	0.01	0.0	1	1953	-50.2	762.7	0.04	0.0	1
45.94	0	0.0	0.0	0.0	0.0	0.01	0.0	1	1953	-50.2	762.7	0.04	0.0	1
46.04	0	0.0	0.0	0.0	0.0	0.01	0.0	1	1953	-50.2	762.7	0.04	0.0	1
46.14	0	0.0	0.0	0.0	0.0	0.01	0.0	1	1953	-50.2	762.7	0.04	0.0	1
46.24	0	0.0	0.0	0.0	0.0	0.01	0.0	1	1953	-50.2	762.7	0.04	0.0	1
46.34	0	0.0	0.0	0.0	0.0	0.01	0.0	1	1953	-50.2	762.7	0.04	0.0	1
46.44	0	0.0	0.0	0.0	0.0	0.01	0.0	1	1953	-50.2	762.7	0.04	0.0	1
46.54	0	0.0	0.0	0.0	0.0	0.01	0.0	1	1953	-50.2	762.7	0.04	0.0	1
46.64	0	0.0	0.0	0.0	0.0	0.01	0.0	1	1953	-50.2	762.7	0.04	0.0	1
46.74	0	0.0	0.0	0.0	0.0	0.01	0.0	1	1953	-50.2	762.7	0.04	0.0	1
46.84	0	0.0	0.0	0.0	0.0	0.01	0.0	1	1953	-50.2	762.7	0.04	0.0	1
46.94	0	0.0	0.0	0.0	0.0	0.01	0.0	1	1953	-50.2	762.7	0.04	0.0	1
47.04	0	0.0	0.0	0.0	0.0	0.01	0.0	1	1953	-50.2	762.7	0.04	0.0	1
47.14	0	0.0	0.0	0.0	0.0	0.01	0.0	1	1953	-50.2	762.7	0.04	0.0	1
47.24	0	0.0	0.0	0.0	0.0	0.01	0.0	1	1953	-50.2	762.7	0.04	0.0	1
47.34	0	0.0	0.0	0.0	0.0	0.01	0.0	1	1953	-50.2	762.7	0.04	0.0	1
47.44	0	0.0	0.0	0.0	0.0	0.01	0.0	1	1953	-50.2	762.7	0.04	0.0	1
47.54	0	0.0	0.0	0.0	0.0	0.01	0.0	1	1953	-50.2	762.7	0.04	0.0	1
47.64	0	0.0	0.0	0.0	0.0	0.01	0.0	1	1953	-50.2	762.7	0.04	0.0	1
47.74	0	0.0	0.0	0.0	0.0	0.01	0.0	1	1953	-50.2	762.7	0.04	0.0	1
47.84	0	0.0	0.0	0.0	0.0	0.01	0.0	1	1953	-50.2	762.7	0.04	0.0	1
47.94	0	0.0	0.0	0.0	0.0	0.01	0.0	1	1953	-50.2	762.7	0.04	0.0	1
48.04	0	0.0	0.0	0.0	0.0	0.01	0.0	1	1953	-50.2	762.7	0.04	0.0	1
48.14	0	0.0	0.0	0.0	0.0	0.01	0.0	1	1953	-50.2	762.7	0.04	0.0	1
48.24	0	0.0	0.0	0.0	0.0	0.01	0.0	1	1953	-50.2	762.7	0.04	0.0	1
48.34	0	0.0	0.0	0.0	0.0	0.01	0.0	1	1953	-50.2	762.7	0.04	0.0	1
48.44	0	0.0	0.0	0.0	0.0	0.01	0.0	1	1953	-50.2	762.7	0.04	0.0	1
48.54	0	0.0	0.0	0.0	0.0	0.01	0.0	1	1953	-50.2	762.7	0.04	0.0	1
48.64	0	0.0	0.0	0.0	0.0	0.01	0.0	1	1953	-50.2	762.7	0.04	0.0	1
48.74	0	0.0	0.0	0.0	0.0	0.01	0.0	1	1953	-50.2	762.7	0.04	0.0	1
48.84	0	0.0	0.0	0.0	0.0	0.01	0.0	1	1953	-50.2	762.7	0.04	0.0	1
48.94	0	0.0	0.0	0.0	0.0	0.01	0.0	1	1953	-50.2	762.7	0.04	0.0	1
49.04	0	0.0	0.0	0.0	0.0	0.01	0.0	1	1953	-50.2	762.7	0.04	0.0	1
49.14	0	0.0	0.0	0.0	0.0	0.01	0.0	1	1953	-50.2	762.7	0.04	0.0	1
49.24	0	0.0	0.0	0.0	0.0	0.01	0.0	1	1953	-50.2	762.7	0.04	0.0	1
49.34	0	0.0	0.0	0.0	0.0	0.01	0.0	1	1953	-50.2	762.7	0.04	0.0	1
49.44	0	0.0	0.0	0.0	0.0	0.01	0.0	1	1953	-50.2	762.7	0.04	0.0	1
49.54	0	0.0	0.0	0.0	0.0	0.01	0.0	1	1953	-50.2	762.7	0.04	0.0	1
49.64	0	0.0	0.0	0.0	0.0	0.01	0.0	1	1953	-50.2	762.7	0.05	0.0	1
49.74	0	0.0	0.0	0.0	0.0	0.01	0.0	1	1953	-50.2	762.7	0.05	0.0	1
49.84	0	0.0	0.0	0.0	0.0	0.01	0.0	1	1953	-50.2	762.7	0.05	0.0	1
49.94	0	0.0	0.0	0.0	0.0	0.01	0.0	1	1953	-50.2	762.7	0.05	0.0	1
50.04	0	0.0	0.0	0.0	0.0	0.01	0.0	1	1953	-50.2	762.7	0.05	0.0	1
50.14	0	0.0	0.0	0.0	0.0	0.01	0.0	1	1953	-50.2	762.7	0.05	0.0	1
50.24	0	0.0	0.0	0.0	0.0	0.01	0.0	1	1953	-50.2	762.7	0.05	0.0	1
50.34	0	0.0	0.0	0.0	0.0	0.01	0.0	1	1953	-50.2	762.7	0.05	0.0	1
50.44	0	0.0	0.0	0.0	0.0	0.01	0.0	1	1953	-50.2	762.7	0.05	0.0	1
50.54	0	0.0	0.0	0.0	0.0	0.01	0.0	1	1953	-50.2	762.7	0.05	0.0	1
50.64	0	0.0	0.0	0.0	0.0	0.01	0.0	1	1953	-50.2	762.7	0.05	0.0	1
50.74	0	0.0	0.0	0.0	0.0	0.01	0.0	1	1953	-50.2	762.7	0.05	0.0	1
50.84	0	0.0	0.0	0.0	0.0	0.01	0.0	1	1953	-50.2	762.7	0.05	0.0	1
50.94	0	0.0	0.0	0.0	0.0	0.01	0.0	1	1953	-50.2	762.7	0.05	0.0	1
51.04	0	0.0	0.0	0.0	0.0	0.01	0.0	1	1953	-50.2	762.7	0.05	0.0	1
51.14	0	0.0	0.0	0.0	0.0	0.01	0.0	1	1953	-50.2	762.7	0.05	0.0	1
51.24	0	0.0	0.0	0.0	0.0	0.01	0.0	1	1953	-50.2	762.7	0.05	0.0	1
51.34	0	0.0	0.0	0.0	0.0	0.01	0.0	1	1953	-50.2	762.7	0.05	0.0	1
51.44	0	0.0	0.0	0.0	0.0	0.01	0.0	1	1953	-50.2	762.7	0.05	0.0	1
51.54	0	0.0	0.0	0.0	0.0	0.01	0.0	1	1953	-50.2	762.7	0.05	0.0	1
51.64	0	0.0	0.0	0.0	0.0	0.01	0.0	1	1953	-50.2	762.7	0.05	0.0	1
51.74	0	0.0	0.0	0.0	0.0	0.01	0.0	1	1953	-50.2	762.7	0.05	0.0	1
51.84	0	0.0	0.0	0.0	0.0	0.01	0.0	1	1953	-50.2	762.7	0.05	0.0	1
51.94	0	0.0	0.0	0.0	0.0	0.01	0.0	1	1953	-50.2	762.7	0.05	0.0	1
52.04	0	0.0	0.0	0.0	0.0	0.01	0.0	1	1953	-50.2	762.7	0.05	0.0	1
52.14	0	0.0	0.0	0.0	0.0	0.01	0.0	1	1953	-50.2	762.7	0.05	0.0	1
52.24	0	0.0	0.0	0.0	0.0	0.01	0.0	1	1953	-50.2	762.7	0.05	0.0	1
52.34	0	0.0	0.0	0.0	0.0	0.01	0.0	1	1953	-50.2	762.7	0.05	0.0	1
52.44	0	0.0	0.0	0.0	0.0	0.01	0.0	1	1953	-50.2	762.7	0.05	0.0	1
52.54	0	0.0	0.0	0.0	0.0	0.01	0.0	1	1953	-50.2	762.7	0.05	0.0	1
52.64	0	0.0	0.0	0.0	0.0	0.01	0.0	1	1953	-50.2	762.7	0.05	0.0	1
52.74	0	0.0	0.0	0.0	0.0	0.01	0.0	1	1953	-50.2	762.7	0.05	0.0	1
52.86	0	0.0	0.0	0.0	0.0	0.01	0.0	1	1953	-50.2	762.7	0.05	0.0	1
52.96	0	0.0	0.0	0.0	0.0	0.01	0.0	1	1953	-50.2	762.7	0.05	0.0	1
53.06	0	0.0	0.0	0.0	0.0	0.01	0.0	1	1953	-50.2	762.7	0.05	0.0	1
53.16	0	0.0	0.0	0.0	0.0	0.01	0.0	1	1953	-50.2	762.7	0.05	0.0	1
53.26	0	0.0	0.0	0.0	0.0	0.01	0.0	1	1953	-50.2	762.7	0.05	0.0	1
53.36	0	0.0	0.0	0.0	0.0	0.01	0.0	1	1953	-50.2	762.7	0.05	0.0	1
53.46	0	0.0	0.0	0.0	0.0	0.01	0.0	1	1953	-50.2	762.7	0.05	0.0	1
53.56	0	0.0	0.0	0.0	0.0	0.01	0.0	1	1953	-50.2	762.7	0.05	0.0	1
53.66	0	0.0	0.0	0.0	0.0	0.01	0.0	1	1953	-50.2	762.7	0.05	0.0	1
53.76	0	0.0	0.0	0.0	0.0	0.01	0.0	1	1953	-50.2	762.7	0.05	0.0	1
53.86	0	0.0	0.0	0.0	0.0	0.01	0.0	1	1953	-50.2	762.7	0.05	0.0	1
53.96	0	0.0	0.0	0.0	0.0	0.01	0.0	1	1953	-50.2	762.7	0.05	0.0	1
54.06	0	0.0	0.0	0.0	0.0	0.01	0.0	1	1953	-50.2	762.7	0.05	0.0	1
54.16	0	0.0	0.0	0.0	0.0	0.01	0.0	1	1953	-50.2	762.7	0.05	0.0	1
54.26	0	0.0	0.0	0.0	0.0	0.01	0.0	1	1953	-50.2	762.7	0.05	0.0	1
54.36	0	0.0	0.0	0.0	0.0	0.01	0.0	1	1953	-50.2	762.7	0.05	0.0	1
54.46	0	0.0	0.0	0.0	0.0	0.01	0.0	1	1953	-50.2	762.7	0.05	0.0	1
54.56	0	0.0	0.0	0.0	0.0	0.01	0.0	1	1953	-50.2	762.7	0.05	0.0	1
54.66	0	0.0	0.0	0.0	0.0	0.01	0.0	1	1953	-50.2	762.7	0.05	0.0	1
54.76	0	0.0	0.0	0.0	0.0	0.01	0.0	1	1953	-50.2	762.7	0.05	0.0	1
54.86	0	0.0	0.0	0.0	0.0	0.01	0.0	1	1953	-50.2	762.7	0.05	0.0	1
54.96	0	0.0	0.0	0.0	0.0	0.01	0.0	1	1953	-50.2	762.7	0.05	0.0	1
55.06	0	0.0	0.0	0.0	0.0	0.01	0.0	1	1953	-50.2	762.7	0.05	0.0	1
55.16	0	0.0	0.0	0.0	0.0	0.01	0.0	1	1953	-50.2	762.7	0.05	0.0	1
55.26	0	0.0	0.0	0.0	0.0	0.01	0.0	1	1953	-50.2	762.7	0.05	0.0	1
55.36	0	0.0	0.0	0.0	0.0	0.01	0.0	1	1953	-50.2	762.7	0.05	0.0	1
55.46	0	0.0	0.0	0.0	0.0	0.01	0.0	1	1953	-50.2	762.7	0.05	0.0	1
55.56	0	0.0	0.0	0.0	0.0	0.01	0.0	1	1953	-50.2	762.7	0.05	0.0	1
55.66	0	0.0	0.0	0.0	0.0	0.01	0.0	1	1953	-50.2	762.7	0.05	0.0	1
55.76	0	0.0	0.0	0.0	0.0	0.01	0.0	1	1953	-50.2	762.7	0.05	0.0	1
55.86	0	0.0	0.0	0.0	0.0	0.01	0.0	1	1953	-50.2	762.7	0.05	0.0	1
55.96	0	0.0	0.0	0.0	0.0	0.01	0.0	1	1953	-50.2	762.7	0.05	0.0	1
56.06	0	0.0	0.0	0.0	0.0	0.01	0.0	1	1953	-50.2	762.7	0.05	0.0	1
56.16	0	0.0	0.0	0.0	0.0	0.01	0.0	1	1953	-50.2	762.7	0.05	0.0	1
56.26	0	0.0	0.0	0.0	0.0	0.01	0.0	1	1953	-50.2	762.7	0.05	0.0	1
56.36	0	0.0	0.0	0.0	0.0	0.01	0.0	1	1953	-50.2	762.7	0.05	0.0	1
56.46	0	0.0	0.0	0.0	0.0	0.01	0.0	1	1953	-50.2	762.7	0.05	0.0	1
56.56	0	0.0	0.0	0.0	0.0	0.01	0.0	1	1953	-50.2	762.7	0.05	0.0	1
56.66	0	0.0	0.0	0.0	0.0	0.01	0.0	1	1953	-50.2	762.7	0.05	0.0	1
56.76	0	0.0	0.0	0.0	0.0	0.01	0.0	1	1953	-50.2	762.7	0.05	0.0	1
56.86	0	0.0	0.0	0.0	0.0	0.01	0.0	1	1953	-50.2	762.7	0.05	0.0	1
56.96	0	0.0	0.0	0.0	0.0	0.01	0.0	1	1953	-50.2	762.7	0.05	0.0	1
57.06	0	0.0	0.0	0.0	0.0	0.01	0.0	1	1953	-50.2	762.7	0.05	0.0	1
57.16	0	0.0	0.0	0.0	0.0	0.01	0.0	1	1953	-50.2	762.7	0.05	0.0	1
57.26	0	0.0	0.0	0.0	0.0	0.01	0.0	1	1953	-50.2	762.7	0.05	0.0	1
57.36	0	0.0	0.0	0.0	0.0	0.01	0.0	1	1953	-50.2	762.7	0.05	0.0	1
57.46	0	0.0	0.0	0.0	0.0	0.01	0.0	1	1953	-50.2	762.7	0.05	0.0	1
57.56	0	0.0	0.0	0.0	0.0	0.01	0.0	1	1953	-50.2	762.7	0.05	0.0	1
57.66	0	0.0	0.0	0.0	0.0	0.01	0.0	1	1953	-50.2	762.7	0.05	0.0	1
57.76	0	0.0	0.0	0.0	0.0	0.01	0.0	1	1953	-50.2	762.7	0.05	0.0	1
57.86	0	0.0	0.0	0.0	0.0	0.01	0.0	1	1953	-50.2	762.7	0.05	0.0	1
57.96	0	0.0	0.0	0.0	0.0	0.01	0.0	1	1953	-50.2	762.7	0.05	0.0	1
58.06	0	0.0	0.0	0.0	0.0	0.01	0.0	1	1953	-50.2	762.7	0.05	0.0	1
58.16	0	0.0	0.0	0.0	0.0	0.01	0.0	1	1953	-50.2	762.7	0.05	0.0	1
58.26	0	0.0	0.0	0.0	0.0	0.01	0.0	1	1953	-50.2	762.7	0.05	0.0	1
58.36	0	0.0	0.0	0.0	0.0	0.01	0.0	1	1953	-50.2	762.7	0.05	0.0	1
58.46	0	0.0	0.0	0.0	0.0	0.01	0.0	1	1953	-50.2	762.7	0.05	0.0	1
58.56	0	0.0	0.0	0.0	0.0	0.01	0.0	1	1953	-50.2	762.7	0.05	0.0	1
58.66	0	0.0	0.0	0.0	0.0	0.01	0.0	1	1953	-50.2	762.7	0.05	0.0	1
58.76	0	0.0	0.0	0.0	0.0	0.01	0.0	1	1953	-50.2	762.7	0.05	0.0	1
58.86	0	0.0	0.0	0.0	0.0	0.01	0.0	1	1953	-50.2	762.7	0.05	0.0	1
58.96	0	0.0	0.0	0.0	0.0	0.01	0.0	1	1953	-50.2	762.7	0.05	0.0	1
59.06	0	0.0	0.0	0.0	0.0	0.01	0.0	1	1953	-50.2	762.7	0.05	0.0	1
59.16	0	0.0	0.0	0.0	0.0	0.01	0.0	1	1953	-50.2	762.7	0.05	0.0	1
59.26	0	0.0	0.0	0.0	0.0	0.01	0.0	1	1953	-50.2	762.7	0.05	0.0	1
59.36	0	0.0	0.0	0.0	0.0	0.01	0.0	1	1953	-50.2	762.7	0.05	0.0	1
59.46	0	0.0	0.0	0.0	0.0	0.01	0.0	1	1953	-50.2	762.7	0.05	0.0	1
59.56	0	0.0	0.0	0.0	0.0	0.01	0.0	1	1953	-50.2	762.7	0.05	0.0	1
59.66	0	0.0	0.0	0.0	0.0	0.01	0.0	1	1953	-50.2	762.7	0.05	0.0	1
59.77	0	0.0	0.0	0.0	0.0	0.01	0.0	1	1953	-50.2	762.7	0.05	0.0	1
59.87	0	0.0	0.0	0.0	0.0	0.01	0.0	1	1953	-50.2	762.7	0.05	0.0	1
59.97	0	0.0	0.0	0.0	0.0	0.01	0.0	1	1953	-50.2	762.7	0.05	0.0	1
60.07	0	0.0	0.0	0.0	0.0	0.01	0.0	1	1953	-50.2	762.7	0.05	0.0	1
60.17	0	0.0	0.0	0.0	0.0	0.01	0.0	1	1953	-50.2	762.7	0.05	0.0	1
60.27	0	0.0	0.0	0.0	0.0	0.01	0.0	1	1953	-50.2	762.7	0.05	0.0	1
60.37	0	0.0	0.0	0.0	0.0	0.01	0.0	1	1953	-50.2	762.7	0.05	0.0	1
60.47	0	0.0	0.0	0.0	0.0	0.01	0.0	1	1953	-50.2	762.7	0.05	0.0	1
60.57	0	0.0	0.0	0.0	0.0	0.01	0.0	1	1953	-50.2	762.7	0.05	0.0	1
60.67	0	0.0	0.0	0.0	0.0	0.01	0.0	1	1953	-50.2	762.7	0.05	0.0	1
60.77	0	0.0	0.0	0.0	0.0	0.01	0.0	1	1953	-50.2	762.7	0.06	0.0	1
60.87	0	0.0	0.0	0.0	0.0	0.01	0.0	1	1953	-50.2	762.7	0.06	0.0	1
60.97	0	0.0	0.0	0.0	0.0	0.01	0.0	1	1953	-50.2	762.7	0.06	0.0	1
61.07	0	0.0	0.0	0.0	0.0	0.01	0.0	1	1953	-50.2	762.7	0.06	0.0	1
61.17	0	0.0	0.0	0.0	0.0	0.01	0.0	1	1953	-50.2	762.7	0.06	0.0	1
61.27	0	0.0	0.0	0.0	0.0	0.01	0.0	1	1953	-50.2	762.7	0.06	0.0	1
61.37	0	0.0	0.0	0.0	0.0	0.01	0.0	1	1953	-50.2	762.7	0.06	0.0	1
61.47	0	0.0	0.0	0.0	0.0	0.01	0.0	1	1953	-50.2	762.7	0.06	0.0	1
61.57	0	0.0	0.0	0.0	0.0	0.01	0.0	1	1953	-50.2	762.7	0.06	0.0	1
61.67	0	0.0	0.0	0.0	0.0	0.01	0.0	1	1953	-50.2	762.7	0.06	0.0	1
61.77	0	0.0	0.0	0.0	0.0	0.01	0.0	1	1953	-50.2	762.7	0.06	0.0	1
61.87	0	0.0	0.0	0.0	0.0	0.01	0.0	1	1953	-50.2	762.7	0.06	0.0	1
61.97	0	0.0	0.0	0.0	0.0	0.01	0.0	1	1953	-50.2	762.7	0.06	0.0	1
62.07	0	0.0	0.0	0.0	0.0	0.01	0.0	1	1953	-50.2	762.7	0.06	0.0	1
62.17	0	0.0	0.0	0.0	0.0	0.01	0.0	1	1953	-50.2	762.7	0.06	0.0	1
62.27	0	0.0	0.0	0.0	0.0	0.01	0.0	1	1953	-50.2	762.7	0.06	0.0	1
62.37	0	0.0	0.0	0.0	0.0	0.01	0.0	1	1953	-50.2	762.7	0.06	0.0	1
62.47	0	0.0	0.0	0.0	0.0	0.01	0.0	1	1953	-50.2	762.7	0.06	0.0	1
62.57	0	0.0	0.0	0.0	0.0	0.01	0.0	1	1953	-50.2	762.7	0.06	0.0	1
62.67	0	0.0	0.0	0.0	0.0	0.01	0.0	1	1953	-50.2	762.7	0.06	0.0	1
62.77	0	0.0	0.0	0.0	0.0	0.01	0.0	1	1953	-50.2	762.7	0.06	0.0	1
62.88	0	0.0	0.0	0.0	0.0	0.01	0.0	1	1953	-50.2	762.7	0.06	0.0	1
62.98	0	0.0	0.0	0.0	0.0	0.01	0.0	1	1953	-50.2	762.7	0.06	0.0	1
63.08	0	0.0	0.0	0.0	0.0	0.01	0.0	1	1953	-50.2	762.7	0.06	0.0	1
63.18	0	0.0	0.0	0.0	0.0	0.01	0.0	1	1953	-50.2	762.7	0.06	0.0	1
63.28	0	0.0	0.0	0.0	0.0	0.01	0.0	1	1953	-50.2	762.7	0.06	0.0	1
63.38	0	0.0	0.0	0.0	0.0	0.01	0.0	1	1953	-50.2	762.7	0.06	0.0	1
63.48	0	0.0	0.0	0.0	0.0	0.01	0.0	1	1953	-50.2	762.7	0.06	0.0	1
63.58	0	0.0	0.0	0.0	0.0	0.01	0.0	1	1953	-50.2	762.7	0.06	0.0	1
63.68	0	0.0	0.0	0.0	0.0	0.01	0.0	1	1953	-50.2	762.7	0.06	0.0	1
63.78	0	0.0	0.0	0.0	0.0	0.01	0.0	1	1953	-50.2	762.7	0.06	0.0	1
63.88	0	0.0	0.0	0.0	0.0	0.01	0.0	1	1953	-50.2	762.7	0.06	0.0	1
63.98	0	0.0	0.0	0.0	0.0	0.01	0.0	1	1953	-50.2	762.7	0.06	0.0	1
64.08	0	0.0	0.0	0.0	0.0	0.01	0.0	1	1953	-50.2	762.7	0.06	0.0	1
64.18	0	0.0	0.0	0.0	0.0	0.01	0.0	1	1953	-50.2	762.7	0.06	0.0	1
64.28	0	0.0	0.0	0.0	0.0	0.01	0.0	1	1953	-50.2	762.7	0.06	0.0	1
64.38	0	0.0	0.0	0.0	0.0	0.01	0.0	1	1953	-50.2	762.7	0.06	0.0	1
64.48	0	0.0	0.0	0.0	0.0	0.01	0.0	1	1953	-50.2	762.7	0.06	0.0	1
64.58	0	0.0	0.0	0.0	0.0	0.01	0.0	1	1953	-50.2	762.7	0.06	0.0	1
64.68	0	0.0	0.0	0.0	0.0	0.01	0.0	1	1953	-50.2	762.7	0.06	0.0	1
64.78	0	0.0	0.0	0.0	0.0	0.01	0.0	1	1953	-50.2	762.7	0.06	0.0	1
64.88	0	0.0	0.0	0.0	0.0	0.01	0.0	1	1953	-50.2	762.7	0.06	0.0	1
64.98	0	0.0	0.0	0.0	0.0	0.01	0.0	1	1953	-50.2	762.7	0.06	0.0	1
65.08	0	0.0	0.0	0.0	0.0	0.01	0.0	1	1953	-50.2	762.7	0.06	0.0	1
65.18	0	0.0	0.0	0.0	0.0	0.01	0.0	1	1953	-50.2	762.7	0.06	0.0	1
65.28	0	0.0	0.0	0.0	0.0	0.01	0.0	1	1953	-50.2	762.7	0.06	0.0	1
65.38	0	0.0	0.0	0.0	0.0	0.01	0.0	1	1953	-50.2	762.7	0.06	0.0	1
65.48	0	0.0	0.0	0.0	0.0	0.01	0.0	1	1953	-50.2	762.7	0.06	0.0	1
65.58	0	0.0	0.0	0.0	0.0	0.01	0.0	1	1953	-50.2	762.7	0.06	0.0	1
65.68	0	0.0	0.0	0.0	0.0	0.01	0.0	1	1953	-50.2	762.7	0.06	0.0	1
65.79	0	0.0	0.0	0.0	0.0	0.01	0.0	1	1953	-50.2	762.7	0.06	0.0	1
65.89	0	0.0	0.0	0.0	0.0	0.01	0.0	1	1953	-50.2	762.7	0.06	0.0	1
65.99	0	0.0	0.0	0.0	0.0	0.01	0.0	1	1953	-50.2	762.7	0.06	0.0	1
66.09	0	0.0	0.0	0.0	0.0	0.01	0.0	1	1953	-50.2	762.7	0.06	0.0	1
66.19	0	0.0	0.0	0.0	0.0	0.01	0.0	1	1953	-50.2	762.7	0.06	0.0	1
66.29	0	0.0	0.0	0.0	0.0	0.01	0.0	1	1953	-50.2	762.7	0.06	0.0	1
66.39	0	0.0	0.0	0.0	0.0	0.01	0.0	1	1953	-50.2	762.7	0.06	0.0	1
66.49	0	0.0	0.0	0.0	0.0	0.01	0.0	1	1953	-50.2	762.7	0.06	0.0	1
66.59	0	0.0	0.0	0.0	0.0	0.01	0.0	1	1953	-50.2	762.7	0.06	0.0	1
66.69	0	0.0	0.0	0.0	0.0	0.01	0.0	1	1953	-50.2	762.7	0.06	0.0	1
66.79	0	0.0	0.0	0.0	0.0	0.01	0.0	1	1953	-50.2	762.7	0.06	0.0	1
66.89	0	0.0	0.0	0.0	0.0	0.01	0.0	1	1953	-50.2	762.7	0.06	0.0	1
66.99	0	0.0	0.0	0.0	0.0	0.01	0.0	1	1953	-50.2	762.7	0.06	0.0	1
67.09	0	0.0	0.0	0.0	0.0	0.01	0.0	1	1953	-50.2	762.7	0.06	0.0	1
67.19	0	0.0	0.0	0.0	0.0	0.01	0.0	1	1953	-50.2	762.7	0.06	0.0	1
67.29	0	0.0	0.0	0.0	0.0	0.01	0.0	1	1953	-50.2	762.7	0.06	0.0	1
67.39	0	0.0	0.0	0.0	0.0	0.01	0.0	1	1953	-50.2	762.7	0.06	0.0	1
67.49	0	0.0	0.0	0.0	0.0	0.01	0.0	1	1953	-50.2	762.7	0.06	0.0	1
67.59	0	0.0	0.0	0.0	0.0	0.01	0.0	1	1953	-50.2	762.7	0.06	0.0	1
67.69	0	0.0	0.0	0.0	0.0	0.01	0.0	1	1953	-50.2	762.7	0.06	0.0	1
67.79	0	0.0	0.0	0.0	0.0	0.01	0.0	1	1953	-50.2	762.7	0.06	0.0	1
67.9	0	0.0	0.0	0.0	0.0	0.01	0.0	1	1953	-50.2	762.7	0.06	0.0	1
68.0	0	0.0	0.0	0.0	0.0	0.01	0.0	1	1953	-50.2	762.7	0.06	0.0	1
68.1	0	0.0	0.0	0.0	0.0	0.01	0.0	1	1953	-50.2	762.7	0.06	0.0	1
68.2	0	0.0	0.0	0.0	0.0	0.01	0.0	1	1953	-50.2	762.7	0.06	0.0	1
68.3	0	0.0	0.0	0.0	0.0	0.01	0.0	1	1953	-50.2	762.7	0.06	0.0	1
68.4	0	0.0	0.0	0.0	0.0	0.01	0.0	1	1953	-50.2	762.7	0.06	0.0	1
68.5	0	0.0	0.0	0.0	0.0	0.01	0.0	1	1953	-50.2	762.7	0.06	0.0	1
68.6	0	0.0	0.0	0.0	0.0	0.01	0.0	1	1953	-50.2	762.7	0.06	0.0	1
68.7	0	0.0	0.0	0.0	0.0	0.01	0.0	1	1953	-50.2	762.7	0.06	0.0	1
68.8	0	0.0	0.0	0.0	0.0	0.01	0.0	1	1953	-50.2	762.7	0.06	0.0	1
68.9	0	0.0	0.0	0.0	0.0	0.01	0.0	1	1953	-50.2	762.7	0.06	0.0	1
69.0	0	0.0	0.0	0.0	0.0	0.01	0.0	1	1953	-50.2	762.7	0.06	0.0	1
69.1	0	0.0	0.0	0.0	0.0	0.01	0.0	1	1953	-50.2	762.7	0.06	0.0	1
69.2	0	0.0	0.0	0.0	0.0	0.01	0.0	1	1953	-50.2	762.7	0.06	0.0	1
69.3	0	0.0	0.0	0.0	0.0	0.01	0.0	1	1953	-50.2	762.7	0.06	0.0	1
69.44	0	0.0	0.0	0.0	0.0	0.01	0.0	1	1953	-50.2	762.7	0.06	0.0	1
69.5	0	0.0	0.0	0.0	0.0	0.01	0.0	1	1953	-50.2	762.7	0.06	0.0	1
69.6	0	0.0	0.0	0.0	0.0	0.01	0.0	1	1953	-50.2	762.7	0.06	0.0	1
69.7	0	0.0	0.0	0.0	0.0	0.01	0.0	1	1953	-50.2	762.7	0.06	0.0	1
69.8	0	0.0	0.0	0.0	0.0	0.01	0.0	1	1953	-50.2	762.7	0.06	0.0	1
69.91	0	0.0	0.0	0.0	0.0	0.01	0.0	1	1953	-50.2	762.7	0.06	0.0	1
70.01	0	0.0	0.0	0.0	0.0	0.01	0.0	1	1953	-50.2	762.7	0.06	0.0	1
70.11	0	0.0	0.0	0.0	0.0	0.01	0.0	1	1953	-50.2	762.7	0.06	0.0	1
70.21	0	0.0	0.0	0.0	0.0	0.01	0.0	1	1953	-50.2	762.7	0.06	0.0	1
70.31	0	0.0	0.0	0.0	0.0	0.01	0.0	1	1953	-50.2	762.7	0.06	0.0	1
70.41	0	0.0	0.0	0.0	0.0	0.01	0.0	1	1953	-50.2	762.7	0.06	0.0	1
70.51	0	0.0	0.0	0.0	0.0	0.01	0.0	1	1953	-50.2	762.7	0.06	0.0	1
70.61	0	0.0	0.0	0.0	0.0	0.01	0.0	1	1953	-50.2	762.7	0.06	0.0	1
70.71	0	0.0	0.0	0.0	0.0	0.01	0.0	1	1953	-50.2	762.7	0.06	0.0	1
70.81	0	0.0	0.0	0.0	0.0	0.01	0.0	1	1953	-50.2	762.7	0.06	0.0	1
70.91	0	0.0	0.0	0.0	0.0	0.01	0.0	1	1953	-50.2	762.7	0.06	0.0	1
71.01	0	0.0	0.0	0.0	0.0	0.01	0.0	1	1953	-50.2	762.7	0.06	0.0	1
71.11	0	0.0	0.0	0.0	0.0	0.01	0.0	1	1953	-50.2	762.7	0.06	0.0	1
71.21	0	0.0	0.0	0.0	0.0	0.01	0.0	1	1953	-50.2	762.7	0.06	0.0	1
71.31	0	0.0	0.0	0.0	0.0	0.01	0.0	1	1953	-50.2	762.7	0.06	0.0	1
71.41	0	0.0	0.0	0.0	0.0	0.01	0.0	1	1953	-50.2	762.7	0.06	0.0	1
71.51	0	0.0	0.0	0.0	0.0	0.01	0.0	1	1953	-50.2	762.7	0.06	0.0	1
71.61	0	0.0	0.0	0.0	0.0	0.01	0.0	1	1953	-50.2	762.7	0.06	0.0	1
71.71	0	0.0	0.0	0.0	0.0	0.01	0.0	1	1953	-50.2	762.7	0.06	0.0	1
71.81	0	0.0	0.0	0.0	0.0	0.01	0.0	1	1953	-50.2	762.7	0.07	0.0	1
71.91	0	0.0	0.0	0.0	0.0	0.01	0.0	1	1953	-50.2	762.7	0.07	0.0	1
72.01	0	0.0	0.0	0.0	0.0	0.01	0.0	1	1953	-50.2	762.7	0.07	0.0	1
72.11	0	0.0	0.0	0.0	0.0	0.01	0.0	1	1953	-50.2	762.7	0.07	0.0	1
72.21	0	0.0	0.0	0.0	0.0	0.01	0.0	1	1953	-50.2	762.7	0.07	0.0	1
72.31	0	0.0	0.0	0.0	0.0	0.01	0.0	1	1953	-50.2	762.7	0.07	0.0	1
72.41	0	0.0	0.0	0.0	0.0	0.01	0.0	1	1953	-50.2	762.7	0.07	0.0	1
72.51	0	0.0	0.0	0.0	0.0	0.01	0.0	1	1953	-50.2	762.7	0.07	0.0	1
72.61	0	0.0	0.0	0.0	0.0	0.01	0.0	1	1953	-50.2	762.7	0.07	0.0	1
72.71	0	0.0	0.0	0.0	0.0	0.01	0.0	1	1953	-50.2	762.7	0.07	0.0	1
72.82	0	0.0	0.0	0.0	0.0	0.01	0.0	1	1953	-50.2	762.7	0.07	0.0	1
72.92	0	0.0	0.0	0.0	0.0	0.01	0.0	1	1953	-50.2	762.7	0.07	0.0	1
73.02	0	0.0	0.0	0.0	0.0	0.01	0.0	1	1953	-50.2	762.7	0.07	0.0	1
73.12	0	0.0	0.0	0.0	0.0	0.01	0.0	1	1953	-50.2	762.7	0.07	0.0	1
73.22	0	0.0	0.0	0.0	0.0	0.01	0.0	1	1953	-50.2	762.7	0.07	0.0	1
73.32	0	0.0	0.0	0.0	0.0	0.01	0.0	1	1953	-50.2	762.7	0.07	0.0	1
73.42	0	0.0	0.0	0.0	0.0	0.01	0.0	1	1953	-50.2	762.7	0.07	0.0	1
73.52	0	0.0	0.0	0.0	0.0	0.01	0.0	1	1953	-50.2	762.7	0.07	0.0	1
73.62	0	0.0	0.0	0.0	0.0	0.01	0.0	1	1953	-50.2	762.7	0.07	0.0	1
73.72	0	0.0	0.0	0.0	0.0	0.01	0.0	1	1953	-50.2	762.7	0.07	0.0	1
73.82	0	0.0	0.0	0.0	0.0	0.01	0.0	1	1953	-50.2	762.7	0.07	0.0	1
73.92	0	0.0	0.0	0.0	0.0	0.01	0.0	1	1953	-50.2	762.7	0.07	0.0	1
74.02	0	0.0	0.0	0.0	0.0	0.01	0.0	1	1953	-50.2	762.7	0.07	0.0	1
74.12	0	0.0	0.0	0.0	0.0	0.01	0.0	1	1953	-50.2	762.7	0.07	0.0	1
74.22	0	0.0	0.0	0.0	0.0	0.01	0.0	1	1953	-50.2	762.7	0.07	0.0	1
74.32	0	0.0	0.0	0.0	0.0	0.01	0.0	1	1953	-50.2	762.7	0.07	0.0	1
74.42	0	0.0	0.0	0.0	0.0	0.01	0.0	1	1953	-50.2	762.7	0.07	0.0	1
74.52	0	0.0	0.0	0.0	0.0	0.01	0.0	1	1953	-50.2	762.7	0.07	0.0	1
74.62	0	0.0	0.0	0.0	0.0	0.01	0.0	1	1953	-50.2	762.7	0.07	0.0	1
74.72	0	0.0	0.0	0.0	0.0	0.01	0.0	1	1953	-50.2	762.7	0.07	0.0	1
74.82	0	0.0	0.0	0.0	0.0	0.01	0.0	1	1953	-50.2	762.7	0.07	0.0	1
74.92	0	0.0	0.0	0.0	0.0	0.01	0.0	1	1953	-50.2	762.7	0.07	0.0	1
75.02	0	0.0	0.0	0.0	0.0	0.01	0.0	1	1953	-50.2	762.7	0.07	0.0	1
75.12	0	0.0	0.0	0.0	0.0	0.01	0.0	1	1953	-50.2	762.7	0.07	0.0	1
75.22	0	0.0	0.0	0.0	0.0	0.01	0.0	1	1953	-50.2	762.7	0.07	0.0	1
75.32	0	0.0	0.0	0.0	0.0	0.01	0.0	1	1953	-50.2	762.7	0.07	0.0	1
75.42	0	0.0	0.0	0.0	0.0	0.01	0.0	1	1953	-50.2	762.7	0.07	0.0	1
75.52	0	0.0	0.0	0.0	0.0	0.01	0.0	1	1953	-50.2	762.7	0.07	0.0	1
75.62	0	0.0	0.0	0.0	0.0	0.01	0.0	1	1953	-50.2	762.7	0.07	0.0	1
75.72	0	0.0	0.0	0.0	0.0	0.01	0.0	1	1953	-50.2	762.7	0.07	0.0	1
75.82	0	0.0	0.0	0.0	0.0	0.01	0.0	1	1953	-50.2	762.7	0.07	0.0	1
75.92	0	0.0	0.0	0.0	0.0	0.01	0.0	1	1953	-50.2	762.7	0.07	0.0	1
76.02	0	0.0	0.0	0.0	0.0	0.01	0.0	1	1953	-50.2	762.7	0.07	0.0	1
76.12	0	0.0	0.0	0.0	0.0	0.01	0.0	1	1953	-50.2	762.7	0.07	0.0	1
76.22	0	0.0	0.0	0.0	0.0	0.01	0.0	1	1953	-50.2	762.7	0.07	0.0	1
76.32	0	0.0	0.0	0.0	0.0	0.01	0.0	1	1953	-50.2	762.7	0.07	0.0	1
76.42	0	0.0	0.0	0.0	0.0	0.01	0.0	1	1953	-50.2	762.7	0.07	0.0	1
76.52	0	0.0	0.0	0.0	0.0	0.01	0.0	1	1953	-50.2	762.7	0.07	0.0	1
76.62	0	0.0	0.0	0.0	0.0	0.01	0.0	1	1953	-50.2	762.7	0.07	0.0	1
76.72	0	0.0	0.0	0.0	0.0	0.01	0.0	1	1953	-50.2	762.7	0.07	0.0	1
76.82	0	0.0	0.0	0.0	0.0	0.01	0.0	1	1953	-50.2	762.7	0.07	0.0	1
76.92	0	0.0	0.0	0.0	0.0	0.01	0.0	1	1953	-50.2	762.7	0.07	0.0	1
77.02	0	0.0	0.0	0.0	0.0	0.01	0.0	1	1953	-50.2	762.7	0.07	0.0	1
77.12	0	0.0	0.0	0.0	0.0	0.01	0.0	1	1953	-50.2	762.7	0.07	0.0	1
77.22	0	0.0	0.0	0.0	0.0	0.01	0.0	1	1953	-50.2	762.7	0.07	0.0	1
77.34	0	0.0	0.0	0.0	0.0	0.01	0.0	1	1953	-50.2	762.7	0.07	0.0	1
77.44	0	0.0	0.0	0.0	0.0	0.01	0.0	1	1953	-50.2	762.7	0.07	0.0	1
77.54	0	0.0	0.0	0.0	0.0	0.01	0.0	1	1953	-50.2	762.7	0.07	0.0	1
77.64	0	0.0	0.0	0.0	0.0	0.01	0.0	1	1953	-50.2	762.7	0.07	0.0	1
77.74	0	0.0	0.0	0.0	0.0	0.01	0.0	1	1953	-50.2	762.7	0.07	0.0	1
77.84	0	0.0	0.0	0.0	0.0	0.01	0.0	1	1953	-50.2	762.7	0.07	0.0	1
77.94	0	0.0	0.0	0.0	0.0	0.01	0.0	1	1953	-50.2	762.7	0.07	0.0	1
78.04	0	0.0	0.0	0.0	0.0	0.01	0.0	1	1953	-50.2	762.7	0.07	0.0	1
78.14	0	0.0	0.0	0.0	0.0	0.01	0.0	1	1953	-50.2	762.7	0.07	0.0	1
78.24	0	0.0	0.0	0.0	0.0	0.01	0.0	1	1953	-50.2	762.7	0.07	0.0	1
78.34	0	0.0	0.0	0.0	0.0	0.01	0.0	1	1953	-50.2	762.7	0.07	0.0	1
78.44	0	0.0	0.0	0.0	0.0	0.01	0.0	1	1953	-50.2	762.7	0.07	0.0	1
78.54	0	0.0	0.0	0.0	0.0	0.01	0.0	1	1953	-50.2	762.7	0.07	0.0	1
78.64	0	0.0	0.0	0.0	0.0	0.01	0.0	1	1953	-50.2	762.7	0.07	0.0	1
78.74	0	0.0	0.0	0.0	0.0	0.01	0.0	1	1953	-50.2	762.7	0.07	0.0	1
78.84	0	0.0	0.0	0.0	0.0	0.01	0.0	1	1953	-50.2	762.7	0.07	0.0	1
78.94	0	0.0	0.0	0.0	0.0	0.01	0.0	1	1953	-50.2	762.7	0.07	0.0	1
79.04	0	0.0	0.0	0.0	0.0	0.01	0.0	1	1953	-50.2	762.7	0.07	0.0	1
79.14	0	0.0	0.0	0.0	0.0	0.01	0.0	1	1953	-50.2	762.7	0.07	0.0	1
79.24	0	0.0	0.0	0.0	0.0	0.01	0.0	1	1953	-50.2	762.7	0.07	0.0	1
79.34	0	0.0	0.0	0.0	0.0	0.01	0.0	1	1953	-50.2	762.7	0.07	0.0	1
79.44	0	0.0	0.0	0.0	0.0	0.01	0.0	1	1953	-50.2	762.7	0.07	0.0	1
79.54	0	0.0	0.0	0.0	0.0	0.01	0.0	1	1953	-50.2	762.7	0.07	0.0	1
79.64	0	0.0	0.0	0.0	0.0	0.01	0.0	1	1953	-50.2	762.7	0.07	0.0	1
79.74	0	0.0	0.0	0.0	0.0	0.01	0.0	1	1953	-50.2	762.7	0.07	0.0	1
79.84	0	0.0	0.0	0.0	0.0	0.01	0.0	1	1953	-50.2	762.7	0.07	0.0	1
79.94	0	0.0	0.0	0.0	0.0	0.01	0.0	1	1953	-50.2	762.7	0.07	0.0	1
80.04	0	0.0	0.0	0.0	0.0	0.01	0.0	1	1953	-50.2	762.7	0.07	0.0	1
80.14	0	0.0	0.0	0.0	0.0	0.01	0.0	1	1953	-50.2	762.7	0.07	0.0	1
80.24	0	0.0	0.0	0.0	0.0	0.01	0.0	1	1953	-50.2	762.7	0.07	0.0	1
80.34	0	0.0	0.0	0.0	0.0	0.01	0.0	1	1953	-50.2	762.7	0.07	0.0	1
80.44	0	0.0	0.0	0.0	0.0	0.01	0.0	1	1953	-50.2	762.7	0.07	0.0	1
80.54	0	0.0	0.0	0.0	0.0	0.01	0.0	1	1953	-50.2	762.7	0.07	0.0	1
80.64	0	0.0	0.0	0.0	0.0	0.01	0.0	1	1953	-50.2	762.7	0.07	0.0	1
80.74	0	0.0	0.0	0.0	0.0	0.01	0.0	1	1953	-50.2	762.7	0.07	0.0	1
80.84	0	0.0	0.0	0.0	0.0	0.01	0.0	1	1953	-50.2	762.7	0.07	0.0	1
80.94	0	0.0	0.0	0.0	0.0	0.01	0.0	1	1953	-50.2	762.7	0.07	0.0	1
81.04	0	0.0	0.0	0.0	0.0	0.01	0.0	1	1953	-50.2	762.7	0.07	0.0	1
81.14	0	0.0	0.0	0.0	0.0	0.01	0.0	1	1953	-50.2	762.7	0.07	0.0	1
81.24	0	0.0	0.0	0.0	0.0	0.01	0.0	1	1953	-50.2	762.7	0.07	0.0	1
81.34	0	0.0	0.0	0.0	0.0	0.01	0.0	1	1953	-50.2	762.7	0.07	0.0	1
81.44	0	0.0	0.0	0.0	0.0	0.01	0.0	1	1953	-50.2	762.7	0.07	0.0	1
81.54	0	0.0	0.0	0.0	0.0	0.01	0.0	1	1953	-50.2	762.7	0.07	0.0	1
81.64	0	0.0	0.0	0.0	0.0	0.01	0.0	1	1953	-50.2	762.7	0.07	0.0	1
81.74	0	0.0	0.0	0.0	0.0	0.01	0.0	1	1953	-50.2	762.7	0.07	0.0	1
81.85	0	0.0	0.0	0.0	0.0	0.01	0.0	1	1953	-50.2	762.7	0.07	0.0	1
81.95	0	0.0	0.0	0.0	0.0	0.01	0.0	1	1953	-50.2	762.7	0.07	0.0	1
82.05	0	0.0	0.0	0.0	0.0	0.01	0.0	1	1953	-50.2	762.7	0.07	0.0	1
82.15	0	0.0	0.0	0.0	0.0	0.01	0.0	1	1953	-50.2	762.7	0.07	0.0	1
82.25	0	0.0	0.0	0.0	0.0	0.01	0.0	1	1953	-50.2	762.7	0.07	0.0	1
82.35	0	0.0	0.0	0.0	0.0	0.01	0.0	1	1953	-50.2	762.7	0.07	0.0	1
82.45	0	0.0	0.0	0.0	0.0	0.01	0.0	1	1953	-50.2	762.7	0.07	0.0	1
82.55	0	0.0	0.0	0.0	0.0	0.01	0.0	1	1953	-50.2	762.7	0.07	0.0	1
82.65	0	0.0	0.0	0.0	0.0	0.01	0.0	1	1953	-50.2	762.7	0.07	0.0	1
82.76	0	0.0	0.0	0.0	0.0	0.01	0.0	1	1953	-50.2	762.7	0.07	0.0	1
82.86	0	0.0	0.0	0.0	0.0	0.01	0.0	1	1953	-50.2	762.7	0.08	0.0	1
82.96	0	0.0	0.0	0.0	0.0	0.01	0.0	1	1953	-50.2	762.7	0.08	0.0	1
83.06	0	0.0	0.0	0.0	0.0	0.01	0.0	1	1953	-50.2	762.7	0.08	0.0	1
83.16	0	0.0	0.0	0.0	0.0	0.01	0.0	1	1953	-50.2	762.7	0.08	0.0	1
83.26	0	0.0	0.0	0.0	0.0	0.01	0.0	1	1953	-50.2	762.7	0.08	0.0	1
83.36	0	0.0	0.0	0.0	0.0	0.01	0.0	1	1953	-50.2	762.7	0.08	0.0	1
83.46	0	0.0	0.0	0.0	0.0	0.01	0.0	1	1953	-50.2	762.7	0.08	0.0	1
83.56	0	0.0	0.0	0.0	0.0	0.01	0.0	1	1953	-50.2	762.7	0.08	0.0	1
83.66	0	0.0	0.0	0.0	0.0	0.01	0.0	1	1953	-50.2	762.7	0.08	0.0	1
83.76	0	0.0	0.0	0.0	0.0	0.01	0.0	1	1953	-50.2	762.7	0.08	0.0	1
83.86	0	0.0	0.0	0.0	0.0	0.01	0.0	1	1953	-50.2	762.7	0.08	0.0	1
83.97	0	0.0	0.0	0.0	0.0	0.01	0.0	1	1953	-50.2	762.7	0.08	0.0	1
84.06	0	0.0	0.0	0.0	0.0	0.01	0.0	1	1953	-50.2	762.7	0.08	0.0	1
84.17	0	0.0	0.0	0.0	0.0	0.01	0.0	1	1953	-50.2	762.7	0.08	0.0	1
84.26	0	0.0	0.0	0.0	0.0	0.01	0.0	1	1953	-50.2	762.7	0.08	0.0	1
84.36	0	0.0	0.0	0.0	0.0	0.01	0.0	1	1953	-50.2	762.7	0.08	0.0	1
84.47	0	0.0	0.0	0.0	0.0	0.01	0.0	1	1953	-50.2	762.7	0.08	0.0	1
84.57	0	0.0	0.0	0.0	0.0	0.01	0.0	1	1953	-50.2	762.7	0.08	0.0	1
84.67	0	0.0	0.0	0.0	0.0	0.01	0.0	1	1953	-50.2	762.7	0.08	0.0	1
84.77	0	0.0	0.0	0.0	0.0	0.01	0.0	1	1953	-50.2	762.7	0.08	0.0	1
84.86	0	0.0	0.0	0.0	0.0	0.01	0.0	1	1953	-50.2	762.7	0.08	0.0	1
84.97	0	0.0	0.0	0.0	0.0	0.01	0.0	1	1953	-50.2	762.7	0.08	0.0	1
85.07	0	0.0	0.0	0.0	0.0	0.01	0.0	1	1953	-50.2	762.7	0.08	0.0	1
85.17	0	0.0	0.0	0.0	0.0	0.01	0.0	1	1953	-50.2	762.7	0.08	0.0	1
85.27	0	0.0	0.0	0.0	0.0	0.01	0.0	1	1953	-50.2	762.7	0.08	0.0	1
85.37	0	0.0	0.0	0.0	0.0	0.01	0.0	1	1953	-50.2	762.7	0.08	0.0	1
85.47	0	0.0	0.0	0.0	0.0	0.01	0.0	1	1953	-50.2	762.7	0.08	0.0	1
85.57	0	0.0	0.0	0.0	0.0	0.01	0.0	1	1953	-50.2	762.7	0.08	0.0	1
85.67	0	0.0	0.0	0.0	0.0	0.01	0.0	1	1953	-50.2	762.7	0.08	0.0	1
85.77	0	0.0	0.0	0.0	0.0	0.01	0.0	1	1953	-50.2	762.7	0.08	0.0	1
85.87	0	0.0	0.0	0.0	0.0	0.01	0.0	1	1953	-50.2	762.7	0.08	0.0	1
85.97	0	0.0	0.0	0.0	0.0	0.01	0.0	1	1953	-50.2	762.7	0.08	0.0	1
86.07	0	0.0	0.0	0.0	0.0	0.01	0.0	1	1953	-50.2	762.7	0.08	0.0	1
86.17	0	0.0	0.0	0.0	0.0	0.01	0.0	1	1953	-50.2	762.7	0.08	0.0	1
86.27	0	0.0	0.0	0.0	0.0	0.01	0.0	1	1953	-50.2	762.7	0.08	0.0	1
86.37	0	0.0	0.0	0.0	0.0	0.01	0.0	1	1953	-50.2	762.7	0.08	0.0	1
86.47	0	0.0	0.0	0.0	0.0	0.01	0.0	1	1953	-50.2	762.7	0.08	0.0	1
86.57	0	0.0	0.0	0.0	0.0	0.01	0.0	1	1953	-50.2	762.7	0.08	0.0	1
86.67	0	0.0	0.0	0.0	0.0	0.01	0.0	1	1953	-50.2	762.7	0.08	0.0	1
86.77	0	0.0	0.0	0.0	0.0	0.01	0.0	1	1953	-50.2	762.7	0.08	0.0	1
86.87	0	0.0	0.0	0.0	0.0	0.01	0.0	1	1953	-50.2	762.7	0.08	0.0	1
86.98	0	0.0	0.0	0.0	0.0	0.01	0.0	1	1953	-50.2	762.7	0.08	0.0	1
87.08	0	0.0	0.0	0.0	0.0	0.01	0.0	1	1953	-50.2	762.7	0.08	0.0	1
87.18	0	0.0	0.0	0.0	0.0	0.01	0.0	1	1953	-50.2	762.7	0.08	0.0	1
87.28	0	0.0	0.0	0.0	0.0	0.01	0.0	1	1953	-50.2	762.7	0.08	0.0	1
87.38	0	0.0	0.0	0.0	0.0	0.01	0.0	1	1953	-50.2	762.7	0.08	0.0	1
87.48	0	0.0	0.0	0.0	0.0	0.01	0.0	1	1953	-50.2	762.7	0.08	0.0	1
87.58	0	0.0	0.0	0.0	0.0	0.01	0.0	1	1953	-50.2	762.7	0.08	0.0	1
87.68	0	0.0	0.0	0.0	0.0	0.01	0.0	1	1953	-50.2	762.7	0.08	0.0	1
87.78	0	0.0	0.0	0.0	0.0	0.01	0.0	1	1953	-50.2	762.7	0.08	0.0	1
87.88	0	0.0	0.0	0.0	0.0	0.01	0.0	1	1953	-50.2	762.7	0.08	0.0	1
87.98	0	0.0	0.0	0.0	0.0	0.01	0.0	1	1953	-50.2	762.7	0.08	0.0	1
88.08	0	0.0	0.0	0.0	0.0	0.01	0.0	1	1953	-50.2	762.7	0.08	0.0	1
88.18	0	0.0	0.0	0.0	0.0	0.01	0.0	1	1953	-50.2	762.7	0.08	0.0	1
88.28	0	0.0	0.0	0.0	0.0	0.01	0.0	1	1953	-50.2	762.7	0.08	0.0	1
88.38	0	0.0	0.0	0.0	0.0	0.01	0.0	1	1953	-50.2	762.7	0.08	0.0	1
88.48	0	0.0	0.0	0.0	0.0	0.01	0.0	1	1953	-50.2	762.7	0.08	0.0	1
88.58	0	0.0	0.0	0.0	0.0	0.01	0.0	1	1953	-50.2	762.7	0.08	0.0	1
88.68	0	0.0	0.0	0.0	0.0	0.01	0.0	1	1953	-50.2	762.7	0.08	0.0	1
88.78	0	0.0	0.0	0.0	0.0	0.01	0.0	1	1953	-50.2	762.7	0.08	0.0	1
88.88	0	0.0	0.0	0.0	0.0	0.01	0.0	1	1953	-50.2	762.7	0.08	0.0	1
88.99	0	0.0	0.0	0.0	0.0	0.01	0.0	1	1953	-50.2	762.7	0.08	0.0	1
89.09	0	0.0	0.0	0.0	0.0	0.01	0.0	1	1953	-50.2	762.7	0.08	0.0	1
89.19	0	0.0	0.0	0.0	0.0	0.01	0.0	1	1953	-50.2	762.7	0.08	0.0	1
89.29	0	0.0	0.0	0.0	0.0	0.01	0.0	1	1953	-50.2	762.7	0.08	0.0	1
89.39	0	0.0	0.0	0.0	0.0	0.01	0.0	1	1953	-50.2	762.7	0.08	0.0	1
89.49	0	0.0	0.0	0.0	0.0	0.01	0.0	1	1953	-50.2	762.7	0.08	0.0	1
89.59	0	0.0	0.0	0.0	0.0	0.01	0.0	1	1953	-50.2	762.7	0.08	0.0	1
89.69	0	0.0	0.0	0.0	0.0	0.01	0.0	1	1953	-50.2	762.7	0.08	0.0	1
89.79	0	0.0	0.0	0.0	0.0	0.01	0.0	1	1953	-50.2	762.7	0.08	0.0	1
89.89	0	0.0	0.0	0.0	0.0	0.01	0.0	1	1953	-50.2	762.7	0.08	0.0	1
89.99	0	0.0	0.0	0.0	0.0	0.01	0.0	1	1953	-50.2	762.7	0.08	0.0	1
90.09	0	0.0	0.0	0.0	0.0	0.01	0.0	1	1953	-50.2	762.7	0.08	0.0	1
90.19	0	0.0	0.0	0.0	0.0	0.01	0.0	1	1953	-50.2	762.7	0.08	0.0	1
90.29	0	0.0	0.0	0.0	0.0	0.01	0.0	1	1953	-50.2	762.7	0.08	0.0	1
90.39	0	0.0	0.0	0.0	0.0	0.01	0.0	1	1953	-50.2	762.7	0.08	0.0	1
90.49	0	0.0	0.0	0.0	0.0	0.01	0.0	1	1953	-50.2	762.7	0.08	0.0	1
90.59	0	0.0	0.0	0.0	0.0	0.01	0.0	1	1953	-50.2	762.7	0.08	0.0	1
90.69	0	0.0	0.0	0.0	0.0	0.01	0.0	1	1953	-50.2	762.7	0.08	0.0	1
90.79	0	0.0	0.0	0.0	0.0	0.01	0.0	1	1953	-50.2	762.7	0.08	0.0	1
90.89	0	0.0	0.0	0.0	0.0	0.01	0.0	1	1953	-50.2	762.7	0.08	0.0	1
90.99	0	0.0	0.0	0.0	0.0	0.01	0.0	1	1953	-50.2	762.7	0.08	0.0	1
91.09	0	0.0	0.0	0.0	0.0	0.01	0.0	1	1953	-50.2	762.7	0.08	0.0	1
91.19	0	0.0	0.0	0.0	0.0	0.01	0.0	1	1953	-50.2	762.7	0.08	0.0	1
91.29	0	0.0	0.0	0.0	0.0	0.01	0.0	1	1953	-50.2	762.7	0.08	0.0	1
91.39	0	0.0	0.0	0.0	0.0	0.01	0.0	1	1953	-50.2	762.7	0.08	0.0	1
91.49	0	0.0	0.0	0.0	0.0	0.01	0.0	1	1953	-50.2	762.7	0.08	0.0	1
91.59	0	0.0	0.0	0.0	0.0	0.01	0.0	1	1953	-50.2	762.7	0.08	0.0	1
91.69	0	0.0	0.0	0.0	0.0	0.01	0.0	1	1953	-50.2	762.7	0.08	0.0	1
91.79	0	0.0	0.0	0.0	0.0	0.01	0.0	1	1953	-50.2	762.7	0.08	0.0	1
91.89	0	0.0	0.0	0.0	0.0	0.01	0.0	1	1953	-50.2	762.7	0.08	0.0	1
91.99	0	0.0	0.0	0.0	0.0	0.01	0.0	1	1953	-50.2	762.7	0.08	0.0	1
92.09	0	0.0	0.0	0.0	0.0	0.01	0.0	1	1953	-50.2	762.7	0.08	0.0	1
92.19	0	0.0	0.0	0.0	0.0	0.01	0.0	1	1953	-50.2	762.7	0.08	0.0	1
92.29	0	0.0	0.0	0.0	0.0	0.01	0.0	1	1953	-50.2	762.7	0.08	0.0	1
92.39	0	0.0	0.0	0.0	0.0	0.01	0.0	1	1953	-50.2	762.7	0.08	0.0	1
92.49	0	0.0	0.0	0.0	0.0	0.01	0.0	1	1953	-50.2	762.7	0.08	0.0	1
92.59	0	0.0	0.0	0.0	0.0	0.01	0.0	1	1953	-50.2	762.7	0.08	0.0	1
92.69	0	0.0	0.0	0.0	0.0	0.01	0.0	1	1953	-50.2	762.7	0.08	0.0	1
92.79	0	0.0	0.0	0.0	0.0	0.01	0.0	1	1953	-50.2	762.7	0.08	0.0	1
92.89	0	0.0	0.0	0.0	0.0	0.01	0.0	1	1953	-50.2	762.7	0.08	0.0	1
92.99	0	0.0	0.0	0.0	0.0	0.01	0.0	1	1953	-50.2	762.7	0.08	0.0	1
93.09	0	0.0	0.0	0.0	0.0	0.01	0.0	1	1953	-50.2	762.7	0.08	0.0	1
93.19	0	0.0	0.0	0.0	0.0	0.01	0.0	1	1953	-50.2	762.7	0.08	0.0	1
93.29	0	0.0	0.0	0.0	0.0	0.01	0.0	1	1953	-50.2	762.7	0.08	0.0	1
93.39	0	0.0	0.0	0.0	0.0	0.01	0.0	1	1953	-50.2	762.7	0.08	0.0	1
93.49	0	0.0	0.0	0.0	0.0	0.01	0.0	1	1953	-50.2	762.7	0.08	0.0	1
93.59	0	0.0	0.0	0.0	0.0	0.01	0.0	1	1953	-50.2	762.7	0.08	0.0	1
93.69	0	0.0	0.0	0.0	0.0	0.01	0.0	1	1953	-50.2	762.7	0.08	0.0	1
93.79	0	0.0	0.0	0.0	0.0	0.01	0.0	1	1953	-50.2	762.7	0.08	0.0	1
93.89	0	0.0	0.0	0.0	0.0	0.01	0.0	1	1953	-50.2	762.7	0.09	0.0	1
93.99	0	0.0	0.0	0.0	0.0	0.01	0.0	1	1953	-50.2	762.7	0.09	0.0	1
94.1	0	0.0	0.0	0.0	0.0	0.01	0.0	1	1953	-50.2	762.7	0.09	0.0	1
94.2	0	0.0	0.0	0.0	0.0	0.01	0.0	1	1953	-50.2	762.7	0.09	0.0	1
94.3	0	0.0	0.0	0.0	0.0	0.01	0.0	1	1953	-50.2	762.7	0.09	0.0	1
94.39	0	0.0	0.0	0.0	0.0	0.01	0.0	1	1953	-50.2	762.7	0.09	0.0	1
94.49	0	0.0	0.0	0.0	0.0	0.01	0.0	1	1953	-50.2	762.7	0.09	0.0	1
94.59	0	0.0	0.0	0.0	0.0	0.01	0.0	1	1953	-50.2	762.7	0.09	0.0	1
94.69	0	0.0	0.0	0.0	0.0	0.01	0.0	1	1953	-50.2	762.7	0.09	0.0	1
94.79	0	0.0	0.0	0.0	0.0	0.01	0.0	1	1953	-50.2	762.7	0.09	0.0	1
94.89	0	0.0	0.0	0.0	0.0	0.01	0.0	1	1953	-50.2	762.7	0.09	0.0	1
94.99	0	0.0	0.0	0.0	0.0	0.01	0.0	1	1953	-50.2	762.7	0.09	0.0	1
95.09	0	0.0	0.0	0.0	0.0	0.01	0.0	1	1953	-50.2	762.7	0.09	0.0	1
95.19	0	0.0	0.0	0.0	0.0	0.01	0.0	1	1953	-50.2	762.7	0.09	0.0	1
95.29	0	0.0	0.0	0.0	0.0	0.01	0.0	1	1953	-50.2	762.7	0.09	0.0	1
95.39	0	0.0	0.0	0.0	0.0	0.01	0.0	1	1953	-50.2	762.7	0.09	0.0	1
95.49	0	0.0	0.0	0.0	0.0	0.01	0.0	1	1953	-50.2	762.7	0.09	0.0	1
95.59	0	0.0	0.0	0.0	0.0	0.01	0.0	1	1953	-50.2	762.7	0.09	0.0	1
95.69	0	0.0	0.0	0.0	0.0	0.01	0.0	1	1953	-50.2	762.7	0.09	0.0	1
95.79	0	0.0	0.0	0.0	0.0	0.01	0.0	1	1953	-50.2	762.7	0.09	0.0	1
95.89	0	0.0	0.0	0.0	0.0	0.01	0.0	1	1953	-50.2	762.7	0.09	0.0	1
95.99	0	0.0	0.0	0.0	0.0	0.01	0.0	1	1953	-50.2	762.7	0.09	0.0	1
96.09	0	0.0	0.0	0.0	0.0	0.01	0.0	1	1953	-50.2	762.7	0.09	0.0	1
96.19	0	0.0	0.0	0.0	0.0	0.01	0.0	1	1953	-50.2	762.7	0.09	0.0	1
96.29	0	0.0	0.0	0.0	0.0	0.01	0.0	1	1953	-50.2	762.7	0.09	0.0	1
96.39	0	0.0	0.0	0.0	0.0	0.01	0.0	1	1953	-50.2	762.7	0.09	0.0	1
96.49	0	0.0	0.0	0.0	0.0	0.01	0.0	1	1953	-50.2	762.7	0.09	0.0	1
96.59	0	0.0	0.0	0.0	0.0	0.01	0.0	1	1953	-50.2	762.7	0.09	0.0	1
96.69	0	0.0	0.0	0.0	0.0	0.01	0.0	1	1953	-50.2	762.7	0.09	0.0	1
96.79	0	0.0	0.0	0.0	0.0	0.01	0.0	1	1953	-50.2	762.7	0.09	0.0	1
96.89	0	0.0	0.0	0.0	0.0	0.01	0.0	1	1953	-50.2	762.7	0.09	0.0	1
96.99	0	0.0	0.0	0.0	0.0	0.01	0.0	1	1953	-50.2	762.7	0.09	0.0	1
97.09	0	0.0	0.0	0.0	0.0	0.01	0.0	1	1953	-50.2	762.7	0.09	0.0	1
97.19	0	0.0	0.0	0.0	0.0	0.01	0.0	1	1953	-50.2	762.7	0.09	0.0	1
97.29	0	0.0	0.0	0.0	0.0	0.01	0.0	1	1953	-50.2	762.7	0.09	0.0	1
97.39	0	0.0	0.0	0.0	0.0	0.01	0.0	1	1953	-50.2	762.7	0.09	0.0	1
97.49	0	0.0	0.0	0.0	0.0	0.01	0.0	1	1953	-50.2	762.7	0.09	0.0	1
97.59	0	0.0	0.0	0.0	0.0	0.01	0.0	1	1953	-50.2	762.7	0.09	0.0	1
97.69	0	0.0	0.0	0.0	0.0	0.01	0.0	1	1953	-50.2	762.7	0.09	0.0	1
97.79	0	0.0	0.0	0.0	0.0	0.01	0.0	1	1953	-50.2	762.7	0.09	0.0	1
97.89	0	0.0	0.0	0.0	0.0	0.01	0.0	1	1953	-50.2	762.7	0.09	0.0	1
97.99	0	0.0	0.0	0.0	0.0	0.01	0.0	1	1953	-50.2	762.7	0.09	0.0	1
98.09	0	0.0	0.0	0.0	0.0	0.01	0.0	1	1953	-50.2	762.7	0.09	0.0	1
98.19	0	0.0	0.0	0.0	0.0	0.01	0.0	1	1953	-50.2	762.7	0.09	0.0	1
98.29	0	0.0	0.0	0.0	0.0	0.01	0.0	1	1953	-50.2	762.7	0.09	0.0	1
98.39	0	0.0	0.0	0.0	0.0	0.01	0.0	1	1953	-50.2	762.7	0.09	0.0	1
98.49	0	0.0	0.0	0.0	0.0	0.01	0.0	1	1953	-50.2	762.7	0.09	0.0	1
98.59	0	0.0	0.0	0.0	0.0	0.01	0.0	1	1953	-50.2	762.7	0.09	0.0	1
98.69	0	0.0	0.0	0.0	0.0	0.01	0.0	1	1953	-50.2	762.7	0.09	0.0	1
98.79	0	0.0	0.0	0.0	0.0	0.01	0.0	1	1953	-50.2	762.7	0.09	0.0	1
98.89	0	0.0	0.0	0.0	0.0	0.01	0.0	1	1953	-50.2	762.7	0.09	0.0	1
98.99	0	0.0	0.0	0.0	0.0	0.01	0.0	1	1953	-50.2	762.7	0.09	0.0	1
99.09	0	0.0	0.0	0.0	0.0	0.01	0.0	1	1953	-50.2	762.7	0.09	0.0	1
99.19	0	0.0	0.0	0.0	0.0	0.01	0.0	1	1953	-50.2	762.7	0.09	0.0	1
99.29	0	0.0	0.0	0.0	0.0	0.01	0.0	1	1953	-50.2	762.7	0.09	0.0	1
99.39	0	0.0	0.0	0.0	0.0	0.01	0.0	1	1953	-50.2	762.7	0.09	0.0	1
99.49	0	0.0	0.0	0.0	0.0	0.01	0.0	1	1953	-50.2	762.7	0.09	0.0	1
99.59	0	0.0	0.0	0.0	0.0	0.01	0.0	1	1953	-50.2	762.7	0.09	0.0	1
99.69	0	0.0	0.0	0.0	0.0	0.01	0.0	1	1953	-50.2	762.7	0.09	0.0	1
99.79	0	0.0	0.0	0.0	0.0	0.01	0.0	1	1953	-50.2	762.7	0.09	0.0	1
99.89	0	0.0	0.0	0.0	0.0	0.01	0.0	1	1953	-50.2	762.7	0.09	0.0	1
99.99	0	0.0	0.0	0.0	0.0	0.01	0.0	1	1953	-50.2	762.7	0.09	0.0	1
100.09	0	0.0	0.0	0.0	0.0	0.01	0.0	1	1953	-50.2	762.7	0.09	0.0	1
100.19	0	0.0	0.0	0.0	0.0	0.01	0.0	1	1953	-50.2	762.7	0.09	0.0	1
100.29	0	0.0	0.0	0.0	0.0	0.01	0.0	1	1953	-50.2	762.7	0.09	0.0	1
100.39	0	0.0	0.0	0.0	0.0	0.01	0.0	1	1953	-50.2	762.7	0.09	0.0	1
100.49	0	0.0	0.0	0.0	0.0	0.01	0.0	1	1953	-50.2	762.7	0.09	0.0	1
100.59	0	0.0	0.0	0.0	0.0	0.01	0.0	1	1953	-50.2	762.7	0.09	0.0	1
100.69	0	0.0	0.0	0.0	0.0	0.01	0.0	1	1953	-50.2	762.7	0.09	0.0	1
100.79	0	0.0	0.0	0.0	0.0	0.01	0.0	1	1953	-50.2	762.7	0.09	0.0	1
100.89	0	0.0	0.0	0.0	0.0	0.01	0.0	1	1953	-50.2	762.7	0.09	0.0	1
100.99	0	0.0	0.0	0.0	0.0	0.01	0.0	1	1953	-50.2	762.7	0.09	0.0	1
101.09	0	0.0	0.0	0.0	0.0	0.01	0.0	1	1953	-50.2	762.7	0.09	0.0	1
101.19	0	0.0	0.0	0.0	0.0	0.01	0.0	1	1953	-50.2	762.7	0.09	0.0	1
101.29	0	0.0	0.0	0.0	0.0	0.01	0.0	1	1953	-50.2	762.7	0.09	0.0	1
101.39	0	0.0	0.0	0.0	0.0	0.01	0.0	1	1953	-50.2	762.7	0.09	0.0	1
101.49	0	0.0	0.0	0.0	0.0	0.01	0.0	1	1953	-50.2	762.7	0.09	0.0	1
101.59	0	0.0	0.0	0.0	0.0	0.01	0.0	1	1953	-50.2	762.7	0.09	0.0	1
101.69	0	0.0	0.0	0.0	0.0	0.01	0.0	1	1953	-50.2	762.7	0.09	0.0	1
101.79	0	0.0	0.0	0.0	0.0	0.01	0.0	1	1953	-50.2	762.7	0.09	0.0	1
101.89	0	0.0	0.0	0.0	0.0	0.01	0.0	1	1953	-50.2	762.7	0.09	0.0	1
101.99	0	0.0	0.0	0.0	0.0	0.01	0.0	1	1953	-50.2	762.7	0.09	0.0	1
102.09	0	0.0	0.0	0.0	0.0	0.01	0.0	1	1953	-50.2	762.7	0.09	0.0	1
102.19	0	0.0	0.0	0.0	0.0	0.01	0.0	1	1953	-50.2	762.7	0.09	0.0	1
102.29	0	0.0	0.0	0.0	0.0	0.01	0.0	1	1953	-50.2	762.7	0.09	0.0	1
102.39	0	0.0	0.0	0.0	0.0	0.01	0.0	1	1953	-50.2	762.7	0.09	0.0	1
102.49	0	0.0	0.0	0.0	0.0	0.01	0.0	1	1953	-50.2	762.7	0.09	0.0	1
102.59	0	0.0	0.0	0.0	0.0	0.01	0.0	1	1953	-50.2	762.7	0.09	0.0	1
102.71	0	0.0	0.0	0.0	0.0	0.01	0.0	1	1953	-50.2	762.7	0.09	0.0	1
102.8	0	0.0	0.0	0.0	0.0	0.01	0.0	1	1953	-50.2	762.8	0.09	0.0	1
102.9	0	0.0	0.0	0.0	0.0	0.01	0.0	1	1953	-50.2	762.8	0.09	0.0	1
103.0	0	0.0	0.0	0.0	0.0	0.01	0.0	1	1953	-50.2	762.8	0.09	0.0	1
103.1	0	0.0	0.0	0.0	0.0	0.01	0.0	1	1953	-50.2	762.8	0.09	0.0	1
103.2	0	0.0	0.0	0.0	0.0	0.01	0.0	1	1953	-50.2	762.8	0.09	0.0	1
103.3	0	0.0	0.0	0.0	0.0	0.01	0.0	1	1953	-50.2	762.8	0.09	0.0	1
103.4	0	0.0	0.0	0.0	0.0	0.01	0.0	1	1953	-50.2	762.8	0.09	0.0	1
103.5	0	0.0	0.0	0.0	0.0	0.01	0.0	1	1953	-50.2	762.8	0.09	0.0	1
103.6	0	0.0	0.0	0.0	0.0	0.01	0.0	1	1953	-50.2	762.8	0.09	0.0	1
103.7	0	0.0	0.0	0.0	0.0	0.01	0.0	1	1953	-50.2	762.8	0.09	0.0	1
103.8	0	0.0	0.0	0.0	0.0	0.01	0.0	1	1953	-50.2	762.8	0.09	0.0	1
103.9	0	0.0	0.0	0.0	0.0	0.01	0.0	1	1953	-50.2	762.8	0.09	0.0	1
104.0	0	0.0	0.0	0.0	0.0	0.01	0.0	1	1953	-50.2	762.8	0.09	0.0	1
104.1	0	0.0	0.0	0.0	0.0	0.01	0.0	1	1953	-50.2	762.8	0.09	0.0	1
104.2	0	0.0	0.0	0.0	0.0	0.01	0.0	1	1953	-50.2	762.8	0.09	0.0	1
104.3	0	0.0	0.0	0.0	0.0	0.01	0.0	1	1953	-50.2	762.8	0.09	0.0	1
104.4	0	0.0	0.0	0.0	0.0	0.01	0.0	1	1953	-50.2	762.8	0.09	0.0	1
104.5	0	0.0	0.0	0.0	0.0	0.01	0.0	1	1953	-50.2	762.8	0.09	0.0	1
104.6	0	0.0	0.0	0.0	0.0	0.01	0.0	1	1953	-50.2	762.8	0.09	0.0	1
104.7	0	0.0	0.0	0.0	0.0	0.01	0.0	1	1953	-50.2	762.8	0.09	0.0	1
104.8	0	0.0	0.0	0.0	0.0	0.01	0.0	1	1953	-50.2	762.8	0.09	0.0	1
104.9	0	0.0	0.0	0.0	0.0	0.01	0.0	1	1953	-50.2	762.8	0.09	0.0	1
105.0	0	0.0	0.0	0.0	0.0	0.01	0.0	1	1953	-50.2	762.8	0.1	0.0	1
105.1	0	0.0	0.0	0.0	0.0	0.01	0.0	1	1953	-50.2	762.8	0.1	0.0	1
105.2	0	0.0	0.0	0.0	0.0	0.01	0.0	1	1953	-50.2	762.8	0.1	0.0	1
105.3	0	0.0	0.0	0.0	0.0	0.01	0.0	1	1953	-50.2	762.8	0.1	0.0	1
105.4	0	0.0	0.0	0.0	0.0	0.01	0.0	1	1953	-50.2	762.8	0.1	0.0	1
105.5	0	0.0	0.0	0.0	0.0	0.01	0.0	1	1953	-50.2	762.8	0.1	0.0	1
105.6	0	0.0	0.0	0.0	0.0	0.01	0.0	1	1953	-50.2	762.8	0.1	0.0	1
105.7	0	0.0	0.0	0.0	0.0	0.01	0.0	1	1953	-50.2	762.8	0.1	0.0	1
105.8	0	0.0	0.0	0.0	0.0	0.01	0.0	1	1953	-50.2	762.8	0.1	0.0	1
105.9	0	0.0	0.0	0.0	0.0	0.01	0.0	1	1953	-50.2	762.8	0.1	0.0	1
106.0	0	0.0	0.0	0.0	0.0	0.01	0.0	1	1953	-50.2	762.8	0.1	0.0	1
106.1	0	0.0	0.0	0.0	0.0	0.01	0.0	1	1953	-50.2	762.8	0.1	0.0	1
106.2	0	0.0	0.0	0.0	0.0	0.01	0.0	1	1953	-50.2	762.8	0.1	0.0	1
106.3	0	0.0	0.0	0.0	0.0	0.01	0.0	1	1953	-50.2	762.8	0.1	0.0	1
106.4	0	0.0	0.0	0.0	0.0	0.01	0.0	1	1953	-50.2	762.8	0.1	0.0	1
106.5	0	0.0	0.0	0.0	0.0	0.01	0.0	1	1953	-50.2	762.8	0.1	0.0	1
106.6	0	0.0	0.0	0.0	0.0	0.01	0.0	1	1953	-50.2	762.8	0.1	0.0	1
106.7	0	0.0	0.0	0.0	0.0	0.01	0.0	1	1953	-50.2	762.8	0.1	0.0	1
106.8	0	0.0	0.0	0.0	0.0	0.01	0.0	1	1953	-50.2	762.8	0.1	0.0	1
106.9	0	0.0	0.0	0.0	0.0	0.01	0.0	1	1953	-50.2	762.8	0.1	0.0	1
107.0	0	0.0	0.0	0.0	0.0	0.01	0.0	1	1953	-50.2	762.8	0.1	0.0	1
107.1	0	0.0	0.0	0.0	0.0	0.01	0.0	1	1953	-50.2	762.8	0.1	0.0	1
107.2	0	0.0	0.0	0.0	0.0	0.01	0.0	1	1953	-50.2	762.8	0.1	0.0	1
107.3	0	0.0	0.0	0.0	0.0	0.01	0.0	1	1953	-50.2	762.8	0.1	0.0	1
107.4	0	0.0	0.0	0.0	0.0	0.01	0.0	1	1953	-50.2	762.8	0.1	0.0	1
107.5	0	0.0	0.0	0.0	0.0	0.01	0.0	1	1953	-50.2	762.8	0.1	0.0	1
107.6	0	0.0	0.0	0.0	0.0	0.01	0.0	1	1953	-50.2	762.8	0.1	0.0	1
107.7	0	0.0	0.0	0.0	0.0	0.01	0.0	1	1953	-50.2	762.8	0.1	0.0	1
107.8	0	0.0	0.0	0.0	0.0	0.01	0.0	1	1953	-50.2	762.8	0.1	0.0	1
107.9	0	0.0	0.0	0.0	0.0	0.01	0.0	1	1953	-50.2	762.8	0.1	0.0	1
108.0	0	0.0	0.0	0.0	0.0	0.01	0.0	1	1953	-50.2	762.8	0.1	0.0	1
108.1	0	0.0	0.0	0.0	0.0	0.01	0.0	1	1953	-50.2	762.8	0.1	0.0	1
108.2	0	0.0	0.0	0.0	0.0	0.01	0.0	1	1953	-50.2	762.8	0.1	0.0	1
108.3	0	0.0	0.0	0.0	0.0	0.01	0.0	1	1953	-50.2	762.8	0.1	0.0	1
108.4	0	0.0	0.0	0.0	0.0	0.01	0.0	1	1953	-50.2	762.8	0.1	0.0	1
108.5	0	0.0	0.0	0.0	0.0	0.01	0.0	1	1953	-50.2	762.8	0.1	0.0	1
108.6	0	0.0	0.0	0.0	0.0	0.01	0.0	1	1953	-50.2	762.8	0.1	0.0	1
108.7	0	0.0	0.0	0.0	0.0	0.01	0.0	1	1953	-50.2	762.8	0.1	0.0	1
108.8	0	0.0	0.0	0.0	0.0	0.01	0.0	1	1953	-50.2	762.8	0.1	0.0	1
108.9	0	0.0	0.0	0.0	0.0	0.01	0.0	1	1953	-50.2	762.8	0.1	0.0	1
109.0	0	0.0	0.0	0.0	0.0	0.01	0.0	1	1953	-50.2	762.8	0.1	0.0	1
109.1	0	0.0	0.0	0.0	0.0	0.01	0.0	1	1953	-50.2	762.8	0.1	0.0	1
109.2	0	0.0	0.0	0.0	0.0	0.01	0.0	1	1953	-50.2	762.8	0.1	0.0	1
109.3	0	0.0	0.0	0.0	0.0	0.01	0.0	1	1953	-50.2	762.8	0.1	0.0	1
109.4	0	0.0	0.0	0.0	0.0	0.01	0.0	1	1953	-50.2	762.8	0.1	0.0	1
109.5	0	0.0	0.0	0.0	0.0	0.01	0.0	1	1953	-50.2	762.8	0.1	0.0	1
109.6	0	0.0	0.0	0.0	0.0	0.01	0.0	1	1953	-50.2	762.8	0.1	0.0	1
109.7	0	0.0	0.0	0.0	0.0	0.01	0.0	1	1953	-50.2	762.8	0.1	0.0	1
109.8	0	0.0	0.0	0.0	0.0	0.01	0.0	1	1953	-50.2	762.8	0.1	0.0	1
109.9	0	0.0	0.0	0.0	0.0	0.01	0.0	1	1953	-50.2	762.8	0.1	0.0	1
110.0	0	0.0	0.0	0.0	0.0	0.01	0.0	1	1953	-50.2	762.8	0.1	0.0	1
110.1	0	0.0	0.0	0.0	0.0	0.01	0.0	1	1953	-50.2	762.8	0.1	0.0	1
110.2	0	0.0	0.0	0.0	0.0	0.01	0.0	1	1953	-50.2	762.8	0.1	0.0	1
110.3	0	0.0	0.0	0.0	0.0	0.01	0.0	1	1953	-50.2	762.8	0.1	0.0	1
110.4	0	0.0	0.0	0.0	0.0	0.01	0.0	1	1953	-50.2	762.8	0.1	0.0	1
110.5	0	0.0	0.0	0.0	0.0	0.01	0.0	1	1953	-50.2	762.8	0.1	0.0	1
110.6	0	0.0	0.0	0.0	0.0	0.01	0.0	1	1953	-50.2	762.8	0.1	0.0	1
110.7	0	0.0	0.0	0.0	0.0	0.01	0.0	1	1953	-50.2	762.8	0.1	0.0	1
110.8	0	0.0	0.0	0.0	0.0	0.01	0.0	1	1953	-50.2	762.8	0.1	0.0	1
110.9	0	0.0	0.0	0.0	0.0	0.01	0.0	1	1953	-50.2	762.8	0.1	0.0	1
111.0	0	0.0	0.0	0.0	0.0	0.01	0.0	1	1953	-50.2	762.8	0.1	0.0	1
111.1	0	0.0	0.0	0.0	0.0	0.01	0.0	1	1953	-50.2	762.8	0.1	0.0	1
111.2	0	0.0	0.0	0.0	0.0	0.01	0.0	1	1953	-50.2	762.8	0.1	0.0	1
111.3	0	0.0	0.0	0.0	0.0	0.01	0.0	1	1953	-50.2	762.8	0.1	0.0	1
111.4	0	0.0	0.0	0.0	0.0	0.01	0.0	1	1953	-50.2	762.8	0.1	0.0	1
111.5	0	0.0	0.0	0.0	0.0	0.01	0.0	1	1953	-50.2	762.8	0.1	0.0	1
111.6	0	0.0	0.0	0.0	0.0	0.01	0.0	1	1953	-50.2	762.8	0.1	0.0	1
111.7	0	0.0	0.0	0.0	0.0	0.01	0.0	1	1953	-50.2	762.8	0.1	0.0	1
111.8	0	0.0	0.0	0.0	0.0	0.01	0.0	1	1953	-50.2	762.8	0.1	0.0	1
111.9	0	0.0	0.0	0.0	0.0	0.01	0.0	1	1953	-50.2	762.8	0.1	0.0	1
112.0	0	0.0	0.0	0.0	0.0	0.01	0.0	1	1953	-50.2	762.8	0.1	0.0	1
112.1	0	0.0	0.0	0.0	0.0	0.01	0.0	1	1953	-50.2	762.8	0.1	0.0	1
112.2	0	0.0	0.0	0.0	0.0	0.01	0.0	1	1953	-50.2	762.8	0.1	0.0	1
112.3	0	0.0	0.0	0.0	0.0	0.01	0.0	1	1953	-50.2	762.8	0.1	0.0	1
112.4	0	0.0	0.0	0.0	0.0	0.01	0.0	1	1953	-50.2	762.8	0.1	0.0	1
112.5	0	0.0	0.0	0.0	0.0	0.01	0.0	1	1953	-50.2	762.8	0.1	0.0	1
112.6	0	0.0	0.0	0.0	0.0	0.01	0.0	1	1953	-50.2	762.8	0.1	0.0	1
112.72	0	0.0	0.0	0.0	0.0	0.01	0.0	1	1953	-50.2	762.8	0.1	0.0	1
112.82	0	0.0	0.0	0.0	0.0	0.01	0.0	1	1953	-50.2	762.8	0.1	0.0	1
112.92	0	0.0	0.0	0.0	0.0	0.01	0.0	1	1953	-50.2	762.8	0.1	0.0	1
113.02	0	0.0	0.0	0.0	0.0	0.01	0.0	1	1953	-50.2	762.8	0.1	0.0	1
113.12	0	0.0	0.0	0.0	0.0	0.01	0.0	1	1953	-50.2	762.8	0.1	0.0	1
113.22	0	0.0	0.0	0.0	0.0	0.01	0.0	1	1953	-50.2	762.8	0.1	0.0	1
113.32	0	0.0	0.0	0.0	0.0	0.01	0.0	1	1953	-50.2	762.8	0.1	0.0	1
113.42	0	0.0	0.0	0.0	0.0	0.01	0.0	1	1953	-50.2	762.8	0.1	0.0	1
113.52	0	0.0	0.0	0.0	0.0	0.01	0.0	1	1953	-50.2	762.8	0.1	0.0	1
113.62	0	0.0	0.0	0.0	0.0	0.01	0.0	1	1953	-50.2	762.8	0.1	0.0	1
113.72	0	0.0	0.0	0.0	0.0	0.01	0.0	1	1953	-50.2	762.8	0.1	0.0	1
113.82	0	0.0	0.0	0.0	0.0	0.01	0.0	1	1953	-50.2	762.8	0.1	0.0	1
113.92	0	0.0	0.0	0.0	0.0	0.01	0.0	1	1953	-50.2	762.8	0.1	0.0	1
114.02	0	0.0	0.0	0.0	0.0	0.01	0.0	1	1953	-50.2	762.8	0.1	0.0	1
114.12	0	0.0	0.0	0.0	0.0	0.01	0.0	1	1953	-50.2	762.8	0.1	0.0	1
114.22	0	0.0	0.0	0.0	0.0	0.01	0.0	1	1953	-50.2	762.8	0.1	0.0	1
114.32	0	0.0	0.0	0.0	0.0	0.01	0.0	1	1953	-50.2	762.8	0.1	0.0	1
114.42	0	0.0	0.0	0.0	0.0	0.01	0.0	1	1953	-50.2	762.8	0.1	0.0	1
114.52	0	0.0	0.0	0.0	0.0	0.01	0.0	1	1953	-50.2	762.8	0.1	0.0	1
114.62	0	0.0	0.0	0.0	0.0	0.01	0.0	1	1953	-50.2	762.8	0.1	0.0	1
114.72	0	0.0	0.0	0.0	0.0	0.01	0.0	1	1953	-50.2	762.8	0.1	0.0	1
114.82	0	0.0	0.0	0.0	0.0	0.01	0.0	1	1953	-50.2	762.8	0.1	0.0	1
114.92	0	0.0	0.0	0.0	0.0	0.01	0.0	1	1953	-50.2	762.8	0.1	0.0	1
115.02	0	0.0	0.0	0.0	0.0	0.01	0.0	1	1953	-50.2	762.8	0.1	0.0	1
115.12	0	0.0	0.0	0.0	0.0	0.01	0.0	1	1953	-50.2	762.8	0.1	0.0	1
115.22	0	0.0	0.0	0.0	0.0	0.01	0.0	1	1953	-50.2	762.8	0.1	0.0	1
115.32	0	0.0	0.0	0.0	0.0	0.01	0.0	1	1953	-50.2	762.8	0.1	0.0	1
115.42	0	0.0	0.0	0.0	0.0	0.01	0.0	1	1953	-50.2	762.8	0.1	0.0	1
115.52	0	0.0	0.0	0.0	0.0	0.01	0.0	1	1953	-50.2	762.8	0.1	0.0	1
115.62	0	0.0	0.0	0.0	0.0	0.01	0.0	1	1953	-50.2	762.8	0.1	0.0	1
115.72	0	0.0	0.0	0.0	0.0	0.01	0.0	1	1953	-50.2	762.8	0.1	0.0	1
115.82	0	0.0	0.0	0.0	0.0	0.01	0.0	1	1953	-50.2	762.8	0.1	0.0	1
115.92	0	0.0	0.0	0.0	0.0	0.01	0.0	1	1953	-50.2	762.8	0.1	0.0	1
116.02	0	0.0	0.0	0.0	0.0	0.01	0.0	1	1953	-50.2	762.8	0.1	0.0	1
116.12	0	0.0	0.0	0.0	0.0	0.01	0.0	1	1953	-50.2	762.8	0.11	0.0	1
116.22	0	0.0	0.0	0.0	0.0	0.01	0.0	1	1953	-50.2	762.8	0.11	0.0	1
116.32	0	0.0	0.0	0.0	0.0	0.01	0.0	1	1953	-50.2	762.8	0.11	0.0	1
116.42	0	0.0	0.0	0.0	0.0	0.01	0.0	1	1953	-50.2	762.8	0.11	0.0	1
116.52	0	0.0	0.0	0.0	0.0	0.01	0.0	1	1953	-50.2	762.8	0.11	0.0	1
116.62	0	0.0	0.0	0.0	0.0	0.01	0.0	1	1953	-50.2	762.8	0.11	0.0	1
116.72	0	0.0	0.0	0.0	0.0	0.01	0.0	1	1953	-50.2	762.8	0.11	0.0	1
116.82	0	0.0	0.0	0.0	0.0	0.01	0.0	1	1953	-50.2	762.8	0.11	0.0	1
116.92	0	0.0	0.0	0.0	0.0	0.01	0.0	1	1953	-50.2	762.8	0.11	0.0	1
117.02	0	0.0	0.0	0.0	0.0	0.01	0.0	1	1953	-50.2	762.8	0.11	0.0	1
117.12	0	0.0	0.0	0.0	0.0	0.01	0.0	1	1953	-50.2	762.8	0.11	0.0	1
117.22	0	0.0	0.0	0.0	0.0	0.01	0.0	1	1953	-50.2	762.8	0.11	0.0	1
117.32	0	0.0	0.0	0.0	0.0	0.01	0.0	1	1953	-50.2	762.8	0.11	0.0	1
117.42	0	0.0	0.0	0.0	0.0	0.01	0.0	1	1953	-50.2	762.8	0.11	0.0	1
117.52	0	0.0	0.0	0.0	0.0	0.01	0.0	1	1953	-50.2	762.8	0.11	0.0	1
117.62	0	0.0	0.0	0.0	0.0	0.01	0.0	1	1953	-50.2	762.8	0.11	0.0	1
117.72	0	0.0	0.0	0.0	0.0	0.01	0.0	1	1953	-50.2	762.8	0.11	0.0	1
117.82	0	0.0	0.0	0.0	0.0	0.01	0.0	1	1953	-50.2	762.8	0.11	0.0	1
117.92	0	0.0	0.0	0.0	0.0	0.01	0.0	1	1953	-50.2	762.8	0.11	0.0	1
118.02	0	0.0	0.0	0.0	0.0	0.01	0.0	1	1953	-50.2	762.8	0.11	0.0	1
118.12	0	0.0	0.0	0.0	0.0	0.01	0.0	1	1953	-50.2	762.8	0.11	0.0	1
118.22	0	0.0	0.0	0.0	0.0	0.01	0.0	1	1953	-50.2	762.8	0.11	0.0	1
118.32	0	0.0	0.0	0.0	0.0	0.01	0.0	1	1953	-50.2	762.8	0.11	0.0	1
118.42	0	0.0	0.0	0.0	0.0	0.01	0.0	1	1953	-50.2	762.8	0.11	0.0	1
118.52	0	0.0	0.0	0.0	0.0	0.01	0.0	1	1953	-50.2	762.8	0.11	0.0	1
118.62	0	0.0	0.0	0.0	0.0	0.01	0.0	1	1953	-50.2	762.8	0.11	0.0	1
118.72	0	0.0	0.0	0.0	0.0	0.01	0.0	1	1953	-50.2	762.8	0.11	0.0	1
118.82	0	0.0	0.0	0.0	0.0	0.01	0.0	1	1953	-50.2	762.8	0.11	0.0	1
118.92	0	0.0	0.0	0.0	0.0	0.01	0.0	1	1953	-50.2	762.8	0.11	0.0	1
119.05	0	0.0	0.0	0.0	0.0	0.01	0.0	1	1953	-50.2	762.8	0.11	0.0	1
119.11	0	0.0	0.0	0.0	0.0	0.01	0.0	1	1953	-50.2	762.8	0.11	0.0	1
119.21	0	0.0	0.0	0.0	0.0	0.01	0.0	1	1953	-50.2	762.8	0.11	0.0	1
119.31	0	0.0	0.0	0.0	0.0	0.01	0.0	1	1953	-50.2	762.8	0.11	0.0	1
119.41	0	0.0	0.0	0.0	0.0	0.01	0.0	1	1953	-50.2	762.8	0.11	0.0	1
119.51	0	0.0	0.0	0.0	0.0	0.01	0.0	1	1953	-50.2	762.8	0.11	0.0	1
119.61	0	0.0	0.0	0.0	0.0	0.01	0.0	1	1953	-50.2	762.8	0.11	0.0	1
119.71	0	0.0	0.0	0.0	0.0	0.01	0.0	1	1953	-50.2	762.8	0.11	0.0	1
119.81	0	0.0	0.0	0.0	0.0	0.01	0.0	1	1953	-50.2	762.8	0.11	0.0	1
119.91	0	0.0	0.0	0.0	0.0	0.01	0.0	1	1953	-50.2	762.8	0.11	0.0	1
120.01	0	0.0	0.0	0.0	0.0	0.01	0.0	1	1953	-50.2	762.8	0.11	0.0	1
120.11	0	0.0	0.0	0.0	0.0	0.01	0.0	1	1953	-50.2	762.8	0.11	0.0	1
120.21	0	0.0	0.0	0.0	0.0	0.01	0.0	1	1953	-50.2	762.8	0.11	0.0	1
120.32	0	0.0	0.0	0.0	0.0	0.01	0.0	1	1953	-50.2	762.8	0.11	0.0	1
120.42	0	0.0	0.0	0.0	0.0	0.01	0.0	1	1953	-50.2	762.8	0.11	0.0	1
120.52	0	0.0	0.0	0.0	0.0	0.01	0.0	1	1953	-50.2	762.8	0.11	0.0	1
120.62	0	0.0	0.0	0.0	0.0	0.01	0.0	1	1953	-50.2	762.8	0.11	0.0	1
120.72	0	0.0	0.0	0.0	0.0	0.01	0.0	1	1953	-50.2	762.8	0.11	0.0	1
120.82	0	0.0	0.0	0.0	0.0	0.01	0.0	1	1953	-50.2	762.8	0.11	0.0	1
120.92	0	0.0	0.0	0.0	0.0	0.01	0.0	1	1953	-50.2	762.8	0.11	0.0	1
121.02	0	0.0	0.0	0.0	0.0	0.01	0.0	1	1953	-50.2	762.8	0.11	0.0	1
121.12	0	0.0	0.0	0.0	0.0	0.01	0.0	1	1953	-50.2	762.8	0.11	0.0	1
121.22	0	0.0	0.0	0.0	0.0	0.01	0.0	1	1953	-50.2	762.8	0.11	0.0	1
121.33	0	0.0	0.0	0.0	0.0	0.01	0.0	1	1953	-50.2	762.8	0.11	0.0	1
121.43	0	0.0	0.0	0.0	0.0	0.01	0.0	1	1953	-50.2	762.8	0.11	0.0	1
121.53	0	0.0	0.0	0.0	0.0	0.01	0.0	1	1953	-50.2	762.8	0.11	0.0	1
121.63	0	0.0	0.0	0.0	0.0	0.01	0.0	1	1953	-50.2	762.8	0.11	0.0	1
121.73	0	0.0	0.0	0.0	0.0	0.01	0.0	1	1953	-50.2	762.8	0.11	0.0	1
121.83	0	0.0	0.0	0.0	0.0	0.01	0.0	1	1953	-50.2	762.8	0.11	0.0	1
121.93	0	0.0	0.0	0.0	0.0	0.01	0.0	1	1953	-50.2	762.8	0.11	0.0	1
122.03	0	0.0	0.0	0.0	0.0	0.01	0.0	1	1953	-50.2	762.8	0.11	0.0	1
122.13	0	0.0	0.0	0.0	0.0	0.01	0.0	1	1953	-50.2	762.8	0.11	0.0	1
122.23	0	0.0	0.0	0.0	0.0	0.01	0.0	1	1953	-50.2	762.8	0.11	0.0	1
122.33	0	0.0	0.0	0.0	0.0	0.01	0.0	1	1953	-50.2	762.8	0.11	0.0	1
122.43	0	0.0	0.0	0.0	0.0	0.01	0.0	1	1953	-50.2	762.8	0.11	0.0	1
122.53	0	0.0	0.0	0.0	0.0	0.01	0.0	1	1953	-50.2	762.8	0.11	0.0	1
122.64	0	0.0	0.0	0.0	0.0	0.01	0.0	1	1953	-50.2	762.8	0.11	0.0	1
122.74	0	0.0	0.0	0.0	0.0	0.01	0.0	1	1953	-50.2	762.8	0.11	0.0	1
122.84	0	0.0	0.0	0.0	0.0	0.01	0.0	1	1953	-50.2	762.8	0.11	0.0	1
122.94	0	0.0	0.0	0.0	0.0	0.01	0.0	1	1953	-50.2	762.8	0.11	0.0	1
123.04	0	0.0	0.0	0.0	0.0	0.01	0.0	1	1953	-50.2	762.8	0.11	0.0	1
123.14	0	0.0	0.0	0.0	0.0	0.01	0.0	1	1953	-50.2	762.8	0.11	0.0	1
123.24	0	0.0	0.0	0.0	0.0	0.01	0.0	1	1953	-50.2	762.8	0.11	0.0	1
123.35	0	0.0	0.0	0.0	0.0	0.01	0.0	1	1953	-50.2	762.8	0.11	0.0	1
123.45	0	0.0	0.0	0.0	0.0	0.01	0.0	1	1953	-50.2	762.8	0.11	0.0	1
123.55	0	0.0	0.0	0.0	0.0	0.01	0.0	1	1953	-50.2	762.8	0.11	0.0	1
123.65	0	0.0	0.0	0.0	0.0	0.01	0.0	1	1953	-50.2	762.8	0.11	0.0	1
123.75	0	0.0	0.0	0.0	0.0	0.01	0.0	1	1953	-50.2	762.8	0.11	0.0	1
123.85	0	0.0	0.0	0.0	0.0	0.01	0.0	1	1953	-50.2	762.8	0.11	0.0	1
123.95	0	0.0	0.0	0.0	0.0	0.01	0.0	1	1953	-50.2	762.8	0.11	0.0	1
124.05	0	0.0	0.0	0.0	0.0	0.01	0.0	1	1953	-50.2	762.8	0.11	0.0	1
124.15	0	0.0	0.0	0.0	0.0	0.01	0.0	1	1953	-50.2	762.8	0.11	0.0	1
124.25	0	0.0	0.0	0.0	0.0	0.01	0.0	1	1953	-50.2	762.8	0.11	0.0	1
124.35	0	0.0	0.0	0.0	0.0	0.01	0.0	1	1953	-50.2	762.8	0.11	0.0	1
124.45	0	0.0	0.0	0.0	0.0	0.01	0.0	1	1953	-50.2	762.8	0.11	0.0	1
124.55	0	0.0	0.0	0.0	0.0	0.01	0.0	1	1953	-50.2	762.8	0.11	0.0	1
124.65	0	0.0	0.0	0.0	0.0	0.01	0.0	1	1953	-50.2	762.8	0.11	0.0	1
124.75	0	0.0	0.0	0.0	0.0	0.01	0.0	1	1953	-50.2	762.8	0.11	0.0	1
124.85	0	0.0	0.0	0.0	0.0	0.01	0.0	1	1953	-50.2	762.8	0.11	0.0	1
124.95	0	0.0	0.0	0.0	0.0	0.01	0.0	1	1953	-50.2	762.8	0.11	0.0	1
125.05	0	0.0	0.0	0.0	0.0	0.01	0.0	1	1953	-50.2	762.8	0.11	0.0	1
125.15	0	0.0	0.0	0.0	0.0	0.01	0.0	1	1953	-50.2	762.8	0.11	0.0	1
125.25	0	0.0	0.0	0.0	0.0	0.01	0.0	1	1953	-50.2	762.8	0.11	0.0	1
125.35	0	0.0	0.0	0.0	0.0	0.01	0.0	1	1953	-50.2	762.8	0.11	0.0	1
125.45	0	0.0	0.0	0.0	0.0	0.01	0.0	1	1953	-50.2	762.8	0.11	0.0	1
125.55	0	0.0	0.0	0.0	0.0	0.01	0.0	1	1953	-50.2	762.8	0.11	0.0	1
125.65	0	0.0	0.0	0.0	0.0	0.01	0.0	1	1953	-50.2	762.8	0.11	0.0	1
125.75	0	0.0	0.0	0.0	0.0	0.01	0.0	1	1953	-50.2	762.8	0.11	0.0	1
125.85	0	0.0	0.0	0.0	0.0	0.01	0.0	1	1953	-50.2	762.8	0.11	0.0	1
125.95	0	0.0	0.0	0.0	0.0	0.01	0.0	1	1953	-50.2	762.8	0.11	0.0	1
126.05	0	0.0	0.0	0.0	0.0	0.01	0.0	1	1953	-50.2	762.8	0.11	0.0	1
126.15	0	0.0	0.0	0.0	0.0	0.01	0.0	1	1953	-50.2	762.8	0.11	0.0	1
126.25	0	0.0	0.0	0.0	0.0	0.01	0.0	1	1953	-50.2	762.8	0.11	0.0	1
126.35	0	0.0	0.0	0.0	0.0	0.01	0.0	1	1953	-50.2	762.8	0.11	0.0	1
126.45	0	0.0	0.0	0.0	0.0	0.01	0.0	1	1953	-50.2	762.8	0.11	0.0	1
126.55	0	0.0	0.0	0.0	0.0	0.01	0.0	1	1953	-50.2	762.8	0.11	0.0	1
126.65	0	0.0	0.0	0.0	0.0	0.01	0.0	1	1953	-50.2	762.8	0.11	0.0	1
126.75	0	0.0	0.0	0.0	0.0	0.01	0.0	1	1953	-50.2	762.8	0.11	0.0	1
126.85	0	0.0	0.0	0.0	0.0	0.01	0.0	1	1953	-50.2	762.8	0.11	0.0	1
126.95	0	0.0	0.0	0.0	0.0	0.01	0.0	1	1953	-50.2	762.8	0.11	0.0	1
127.05	0	0.0	0.0	0.0	0.0	0.01	0.0	1	1953	-50.2	762.8	0.11	0.0	1
127.15	0	0.0	0.0	0.0	0.0	0.01	0.0	1	1953	-50.2	762.8	0.11	0.0	1
127.25	0	0.0	0.0	0.0	0.0	0.01	0.0	1	1953	-50.2	762.8	0.12	0.0	1
127.35	0	0.0	0.0	0.0	0.0	0.01	0.0	1	1953	-50.2	762.8	0.12	0.0	1
127.45	0	0.0	0.0	0.0	0.0	0.01	0.0	1	1953	-50.2	762.8	0.12	0.0	1
127.55	0	0.0	0.0	0.0	0.0	0.01	0.0	1	1953	-50.2	762.8	0.12	0.0	1
127.65	0	0.0	0.0	0.0	0.0	0.01	0.0	1	1953	-50.2	762.8	0.12	0.0	1
127.75	0	0.0	0.0	0.0	0.0	0.01	0.0	1	1953	-50.2	762.8	0.12	0.0	1
127.85	0	0.0	0.0	0.0	0.0	0.01	0.0	1	1953	-50.2	762.8	0.12	0.0	1
127.95	0	0.0	0.0	0.0	0.0	0.01	0.0	1	1953	-50.2	762.8	0.12	0.0	1
128.05	0	0.0	0.0	0.0	0.0	0.01	0.0	1	1953	-50.2	762.8	0.12	0.0	1
128.15	0	0.0	0.0	0.0	0.0	0.01	0.0	1	1953	-50.2	762.8	0.12	0.0	1
128.25	0	0.0	0.0	0.0	0.0	0.01	0.0	1	1953	-50.2	762.8	0.12	0.0	1
128.35	0	0.0	0.0	0.0	0.0	0.01	0.0	1	1953	-50.2	762.8	0.12	0.0	1
128.45	0	0.0	0.0	0.0	0.0	0.01	0.0	1	1953	-50.2	762.8	0.12	0.0	1
128.55	0	0.0	0.0	0.0	0.0	0.01	0.0	1	1953	-50.2	762.8	0.12	0.0	1
128.65	0	0.0	0.0	0.0	0.0	0.01	0.0	1	1953	-50.2	762.8	0.12	0.0	1
128.75	0	0.0	0.0	0.0	0.0	0.01	0.0	1	1953	-50.2	762.8	0.12	0.0	1
128.85	0	0.0	0.0	0.0	0.0	0.01	0.0	1	1953	-50.2	762.8	0.12	0.0	1
128.95	0	0.0	0.0	0.0	0.0	0.01	0.0	1	1953	-50.2	762.8	0.12	0.0	1
129.05	0	0.0	0.0	0.0	0.0	0.01	0.0	1	1953	-50.2	762.8	0.12	0.0	1
129.15	0	0.0	0.0	0.0	0.0	0.01	0.0	1	1953	-50.2	762.8	0.12	0.0	1
129.25	0	0.0	0.0	0.0	0.0	0.01	0.0	1	1953	-50.2	762.8	0.12	0.0	1
129.35	0	0.0	0.0	0.0	0.0	0.01	0.0	1	1953	-50.2	762.8	0.12	0.0	1
129.45	0	0.0	0.0	0.0	0.0	0.01	0.0	1	1953	-50.2	762.8	0.12	0.0	1
129.55	0	0.0	0.0	0.0	0.0	0.01	0.0	1	1953	-50.2	762.8	0.12	0.0	1
129.65	0	0.0	0.0	0.0	0.0	0.01	0.0	1	1953	-50.2	762.8	0.12	0.0	1
129.75	0	0.0	0.0	0.0	0.0	0.01	0.0	1	1953	-50.2	762.8	0.12	0.0	1
129.85	0	0.0	0.0	0.0	0.0	0.01	0.0	1	1953	-50.2	762.8	0.12	0.0	1
129.95	0	0.0	0.0	0.0	0.0	0.01	0.0	1	1953	-50.2	762.8	0.12	0.0	1
130.05	0	0.0	0.0	0.0	0.0	0.01	0.0	1	1953	-50.2	762.8	0.12	0.0	1
130.15	0	0.0	0.0	0.0	0.0	0.01	0.0	1	1953	-50.2	762.8	0.12	0.0	1
130.25	0	0.0	0.0	0.0	0.0	0.01	0.0	1	1953	-50.2	762.8	0.12	0.0	1
130.35	0	0.0	0.0	0.0	0.0	0.01	0.0	1	1953	-50.2	762.8	0.12	0.0	1
130.45	0	0.0	0.0	0.0	0.0	0.01	0.0	1	1953	-50.2	762.8	0.12	0.0	1
130.55	0	0.0	0.0	0.0	0.0	0.01	0.0	1	1953	-50.2	762.8	0.12	0.0	1
130.65	0	0.0	0.0	0.0	0.0	0.01	0.0	1	1953	-50.2	762.8	0.12	0.0	1
130.75	0	0.0	0.0	0.0	0.0	0.01	0.0	1	1953	-50.2	762.8	0.12	0.0	1
130.85	0	0.0	0.0	0.0	0.0	0.01	0.0	1	1953	-50.2	762.8	0.12	0.0	1
130.95	0	0.0	0.0	0.0	0.0	0.01	0.0	1	1953	-50.2	762.8	0.12	0.0	1
131.05	0	0.0	0.0	0.0	0.0	0.01	0.0	1	1953	-50.2	762.8	0.12	0.0	1
131.15	0	0.0	0.0	0.0	0.0	0.01	0.0	1	1953	-50.2	762.8	0.12	0.0	1
131.25	0	0.0	0.0	0.0	0.0	0.01	0.0	1	1953	-50.2	762.8	0.12	0.0	1
131.35	0	0.0	0.0	0.0	0.0	0.01	0.0	1	1953	-50.2	762.8	0.12	0.0	1
131.47	0	0.0	0.0	0.0	0.0	0.01	0.0	1	1953	-50.2	762.8	0.12	0.0	1
131.56	0	0.0	0.0	0.0	0.0	0.01	0.0	1	1953	-50.2	762.8	0.12	0.0	1
131.66	0	0.0	0.0	0.0	0.0	0.01	0.0	1	1953	-50.2	762.8	0.12	0.0	1
131.76	0	0.0	0.0	0.0	0.0	0.01	0.0	1	1953	-50.2	762.8	0.12	0.0	1
131.86	0	0.0	0.0	0.0	0.0	0.01	0.0	1	1953	-50.2	762.8	0.12	0.0	1
131.96	0	0.0	0.0	0.0	0.0	0.01	0.0	1	1953	-50.2	762.8	0.12	0.0	1
132.06	0	0.0	0.0	0.0	0.0	0.01	0.0	1	1953	-50.2	762.8	0.12	0.0	1
132.16	0	0.0	0.0	0.0	0.0	0.01	0.0	1	1953	-50.2	762.8	0.12	0.0	1
132.26	0	0.0	0.0	0.0	0.0	0.01	0.0	1	1953	-50.2	762.8	0.12	0.0	1
132.36	0	0.0	0.0	0.0	0.0	0.01	0.0	1	1953	-50.2	762.8	0.12	0.0	1
132.46	0	0.0	0.0	0.0	0.0	0.01	0.0	1	1953	-50.2	762.8	0.12	0.0	1
132.58	0	0.0	0.0	0.0	0.0	0.01	0.0	1	1953	-50.2	762.8	0.12	0.0	1
132.68	0	0.0	0.0	0.0	0.0	0.01	0.0	1	1953	-50.2	762.8	0.12	0.0	1
132.78	0	0.0	0.0	0.0	0.0	0.01	0.0	1	1953	-50.2	762.8	0.12	0.0	1
132.88	0	0.0	0.0	0.0	0.0	0.01	0.0	1	1953	-50.2	762.8	0.12	0.0	1
132.98	0	0.0	0.0	0.0	0.0	0.01	0.0	1	1953	-50.2	762.8	0.12	0.0	1
133.08	0	0.0	0.0	0.0	0.0	0.01	0.0	1	1953	-50.2	762.8	0.12	0.0	1
133.18	0	0.0	0.0	0.0	0.0	0.01	0.0	1	1953	-50.2	762.8	0.12	0.0	1
133.28	0	0.0	0.0	0.0	0.0	0.01	0.0	1	1953	-50.2	762.8	0.12	0.0	1
133.38	0	0.0	0.0	0.0	0.0	0.01	0.0	1	1953	-50.2	762.8	0.12	0.0	1
133.48	0	0.0	0.0	0.0	0.0	0.01	0.0	1	1953	-50.2	762.8	0.12	0.0	1
133.58	0	0.0	0.0	0.0	0.0	0.01	0.0	1	1953	-50.2	762.8	0.12	0.0	1
133.68	0	0.0	0.0	0.0	0.0	0.01	0.0	1	1953	-50.2	762.8	0.12	0.0	1
133.78	0	0.0	0.0	0.0	0.0	0.01	0.0	1	1953	-50.2	762.8	0.12	0.0	1
133.88	0	0.0	0.0	0.0	0.0	0.01	0.0	1	1953	-50.2	762.8	0.12	0.0	1
133.98	0	0.0	0.0	0.0	0.0	0.01	0.0	1	1953	-50.2	762.8	0.12	0.0	1
134.08	0	0.0	0.0	0.0	0.0	0.01	0.0	1	1953	-50.2	762.8	0.12	0.0	1
134.18	0	0.0	0.0	0.0	0.0	0.01	0.0	1	1953	-50.2	762.8	0.12	0.0	1
134.28	0	0.0	0.0	0.0	0.0	0.01	0.0	1	1953	-50.2	762.8	0.12	0.0	1
134.38	0	0.0	0.0	0.0	0.0	0.01	0.0	1	1953	-50.2	762.8	0.12	0.0	1
134.48	0	0.0	0.0	0.0	0.0	0.01	0.0	1	1953	-50.2	762.8	0.12	0.0	1
134.58	0	0.0	0.0	0.0	0.0	0.01	0.0	1	1953	-50.2	762.8	0.12	0.0	1
134.68	0	0.0	0.0	0.0	0.0	0.01	0.0	1	1953	-50.2	762.8	0.12	0.0	1
134.78	0	0.0	0.0	0.0	0.0	0.01	0.0	1	1953	-50.2	762.8	0.12	0.0	1
134.88	0	0.0	0.0	0.0	0.0	0.01	0.0	1	1953	-50.2	762.8	0.12	0.0	1
134.98	0	0.0	0.0	0.0	0.0	0.01	0.0	1	1953	-50.2	762.8	0.12	0.0	1
135.08	0	0.0	0.0	0.0	0.0	0.01	0.0	1	1953	-50.2	762.8	0.12	0.0	1
135.18	0	0.0	0.0	0.0	0.0	0.01	0.0	1	1953	-50.2	762.8	0.12	0.0	1
135.28	0	0.0	0.0	0.0	0.0	0.01	0.0	1	1953	-50.2	762.8	0.12	0.0	1
135.38	0	0.0	0.0	0.0	0.0	0.01	0.0	1	1953	-50.2	762.8	0.12	0.0	1
135.48	0	0.0	0.0	0.0	0.0	0.01	0.0	1	1953	-50.2	762.8	0.12	0.0	1
135.58	0	0.0	0.0	0.0	0.0	0.01	0.0	1	1953	-50.2	762.8	0.12	0.0	1
135.68	0	0.0	0.0	0.0	0.0	0.01	0.0	1	1953	-50.2	762.8	0.12	0.0	1
135.78	0	0.0	0.0	0.0	0.0	0.01	0.0	1	1953	-50.2	762.8	0.12	0.0	1
135.88	0	0.0	0.0	0.0	0.0	0.01	0.0	1	1953	-50.2	762.8	0.12	0.0	1
135.98	0	0.0	0.0	0.0	0.0	0.01	0.0	1	1953	-50.2	762.8	0.12	0.0	1
136.08	0	0.0	0.0	0.0	0.0	0.01	0.0	1	1953	-50.2	762.8	0.12	0.0	1
136.18	0	0.0	0.0	0.0	0.0	0.01	0.0	1	1953	-50.2	762.8	0.12	0.0	1
136.28	0	0.0	0.0	0.0	0.0	0.01	0.0	1	1953	-50.2	762.8	0.12	0.0	1
136.38	0	0.0	0.0	0.0	0.0	0.01	0.0	1	1953	-50.2	762.8	0.12	0.0	1
136.48	0	0.0	0.0	0.0	0.0	0.01	0.0	1	1953	-50.2	762.8	0.12	0.0	1
136.58	0	0.0	0.0	0.0	0.0	0.01	0.0	1	1953	-50.2	762.8	0.12	0.0	1
136.68	0	0.0	0.0	0.0	0.0	0.01	0.0	1	1953	-50.2	762.8	0.12	0.0	1
136.78	0	0.0	0.0	0.0	0.0	0.01	0.0	1	1953	-50.2	762.8	0.12	0.0	1
136.88	0	0.0	0.0	0.0	0.0	0.01	0.0	1	1953	-50.2	762.8	0.12	0.0	1
136.98	0	0.0	0.0	0.0	0.0	0.01	0.0	1	1953	-50.2	762.8	0.12	0.0	1
137.08	0	0.0	0.0	0.0	0.0	0.01	0.0	1	1953	-50.2	762.8	0.12	0.0	1
137.18	0	0.0	0.0	0.0	0.0	0.01	0.0	1	1953	-50.2	762.8	0.12	0.0	1
137.28	0	0.0	0.0	0.0	0.0	0.01	0.0	1	1953	-50.2	762.8	0.12	0.0	1
137.38	0	0.0	0.0	0.0	0.0	0.01	0.0	1	1953	-50.2	762.8	0.12	0.0	1
137.48	0	0.0	0.0	0.0	0.0	0.01	0.0	1	1953	-50.2	762.8	0.12	0.0	1
137.58	0	0.0	0.0	0.0	0.0	0.01	0.0	1	1953	-50.2	762.8	0.12	0.0	1
137.68	0	0.0	0.0	0.0	0.0	0.01	0.0	1	1953	-50.2	762.8	0.12	0.0	1
137.78	0	0.0	0.0	0.0	0.0	0.01	0.0	1	1953	-50.2	762.8	0.12	0.0	1
137.88	0	0.0	0.0	0.0	0.0	0.01	0.0	1	1953	-50.2	762.8	0.12	0.0	1
137.98	0	0.0	0.0	0.0	0.0	0.01	0.0	1	1953	-50.2	762.8	0.12	0.0	1
138.08	0	0.0	0.0	0.0	0.0	0.01	0.0	1	1953	-50.2	762.8	0.12	0.0	1
138.18	0	0.0	0.0	0.0	0.0	0.01	0.0	1	1953	-50.2	762.8	0.12	0.0	1
138.28	0	0.0	0.0	0.0	0.0	0.01	0.0	1	1953	-50.2	762.8	0.12	0.0	1
138.38	0	0.0	0.0	0.0	0.0	0.01	0.0	1	1953	-50.2	762.8	0.13	0.0	1
138.49	0	0.0	0.0	0.0	0.0	0.01	0.0	1	1953	-50.2	762.8	0.13	0.0	1
138.59	0	0.0	0.0	0.0	0.0	0.01	0.0	1	1953	-50.2	762.8	0.13	0.0	1
138.69	0	0.0	0.0	0.0	0.0	0.01	0.0	1	1953	-50.2	762.8	0.13	0.0	1
138.79	0	0.0	0.0	0.0	0.0	0.01	0.0	1	1953	-50.2	762.8	0.13	0.0	1
138.89	0	0.0	0.0	0.0	0.0	0.01	0.0	1	1953	-50.2	762.8	0.13	0.0	1
138.99	0	0.0	0.0	0.0	0.0	0.01	0.0	1	1953	-50.2	762.8	0.13	0.0	1
139.09	0	0.0	0.0	0.0	0.0	0.01	0.0	1	1953	-50.2	762.8	0.13	0.0	1
139.19	0	0.0	0.0	0.0	0.0	0.01	0.0	1	1953	-50.2	762.8	0.13	0.0	1
139.29	0	0.0	0.0	0.0	0.0	0.01	0.0	1	1953	-50.2	762.8	0.13	0.0	1
139.39	0	0.0	0.0	0.0	0.0	0.01	0.0	1	1953	-50.2	762.8	0.13	0.0	1
139.49	0	0.0	0.0	0.0	0.0	0.01	0.0	1	1953	-50.2	762.8	0.13	0.0	1
139.59	0	0.0	0.0	0.0	0.0	0.01	0.0	1	1953	-50.2	762.8	0.13	0.0	1
139.69	0	0.0	0.0	0.0	0.0	0.01	0.0	1	1953	-50.2	762.8	0.13	0.0	1
139.79	0	0.0	0.0	0.0	0.0	0.01	0.0	1	1953	-50.2	762.8	0.13	0.0	1
139.89	0	0.0	0.0	0.0	0.0	0.01	0.0	1	1953	-50.2	762.8	0.13	0.0	1
139.99	0	0.0	0.0	0.0	0.0	0.01	0.0	1	1953	-50.2	762.8	0.13	0.0	1
140.09	0	0.0	0.0	0.0	0.0	0.01	0.0	1	1953	-50.2	762.8	0.13	0.0	1
140.19	0	0.0	0.0	0.0	0.0	0.01	0.0	1	1953	-50.2	762.8	0.13	0.0	1
140.29	0	0.0	0.0	0.0	0.0	0.01	0.0	1	1953	-50.2	762.8	0.13	0.0	1
140.39	0	0.0	0.0	0.0	0.0	0.01	0.0	1	1953	-50.2	762.8	0.13	0.0	1
140.49	0	0.0	0.0	0.0	0.0	0.01	0.0	1	1953	-50.2	762.8	0.13	0.0	1
140.59	0	0.0	0.0	0.0	0.0	0.01	0.0	1	1953	-50.2	762.8	0.13	0.0	1
140.69	0	0.0	0.0	0.0	0.0	0.01	0.0	1	1953	-50.2	762.8	0.13	0.0	1
140.79	0	0.0	0.0	0.0	0.0	0.01	0.0	1	1953	-50.2	762.8	0.13	0.0	1
140.89	0	0.0	0.0	0.0	0.0	0.01	0.0	1	1953	-50.2	762.8	0.13	0.0	1
140.99	0	0.0	0.0	0.0	0.0	0.01	0.0	1	1953	-50.2	762.8	0.13	0.0	1
141.09	0	0.0	0.0	0.0	0.0	0.01	0.0	1	1953	-50.2	762.8	0.13	0.0	1
141.19	0	0.0	0.0	0.0	0.0	0.01	0.0	1	1953	-50.2	762.8	0.13	0.0	1
141.29	0	0.0	0.0	0.0	0.0	0.01	0.0	1	1953	-50.2	762.8	0.13	0.0	1
141.39	0	0.0	0.0	0.0	0.0	0.01	0.0	1	1953	-50.2	762.8	0.13	0.0	1
141.49	0	0.0	0.0	0.0	0.0	0.01	0.0	1	1953	-50.2	762.8	0.13	0.0	1
141.59	0	0.0	0.0	0.0	0.0	0.01	0.0	1	1953	-50.2	762.8	0.13	0.0	1
141.69	0	0.0	0.0	0.0	0.0	0.01	0.0	1	1953	-50.2	762.8	0.13	0.0	1
141.79	0	0.0	0.0	0.0	0.0	0.01	0.0	1	1953	-50.2	762.8	0.13	0.0	1
141.89	0	0.0	0.0	0.0	0.0	0.01	0.0	1	1953	-50.2	762.8	0.13	0.0	1
141.99	0	0.0	0.0	0.0	0.0	0.01	0.0	1	1953	-50.2	762.8	0.13	0.0	1
142.09	0	0.0	0.0	0.0	0.0	0.01	0.0	1	1953	-50.2	762.8	0.13	0.0	1
142.19	0	0.0	0.0	0.0	0.0	0.01	0.0	1	1953	-50.2	762.8	0.13	0.0	1
142.29	0	0.0	0.0	0.0	0.0	0.01	0.0	1	1953	-50.2	762.8	0.13	0.0	1
142.39	0	0.0	0.0	0.0	0.0	0.01	0.0	1	1953	-50.2	762.8	0.13	0.0	1
142.49	0	0.0	0.0	0.0	0.0	0.01	0.0	1	1953	-50.2	762.8	0.13	0.0	1
142.61	0	0.0	0.0	0.0	0.0	0.01	0.0	1	1953	-50.2	762.8	0.13	0.0	1
142.71	0	0.0	0.0	0.0	0.0	0.01	0.0	1	1953	-50.2	762.8	0.13	0.0	1
142.81	0	0.0	0.0	0.0	0.0	0.01	0.0	1	1953	-50.2	762.8	0.13	0.0	1
142.91	0	0.0	0.0	0.0	0.0	0.01	0.0	1	1953	-50.2	762.8	0.13	0.0	1
143.01	0	0.0	0.0	0.0	0.0	0.01	0.0	1	1953	-50.2	762.8	0.13	0.0	1
143.11	0	0.0	0.0	0.0	0.0	0.01	0.0	1	1953	-50.2	762.8	0.13	0.0	1
143.21	0	0.0	0.0	0.0	0.0	0.01	0.0	1	1953	-50.2	762.8	0.13	0.0	1
143.31	0	0.0	0.0	0.0	0.0	0.01	0.0	1	1953	-50.2	762.8	0.13	0.0	1
143.41	0	0.0	0.0	0.0	0.0	0.01	0.0	1	1953	-50.2	762.8	0.13	0.0	1
143.51	0	0.0	0.0	0.0	0.0	0.01	0.0	1	1953	-50.2	762.8	0.13	0.0	1
143.61	0	0.0	0.0	0.0	0.0	0.01	0.0	1	1953	-50.2	762.8	0.13	0.0	1
143.71	0	0.0	0.0	0.0	0.0	0.01	0.0	1	1953	-50.2	762.8	0.13	0.0	1
143.81	0	0.0	0.0	0.0	0.0	0.01	0.0	1	1953	-50.2	762.8	0.13	0.0	1
143.92	0	0.0	0.0	0.0	0.0	0.01	0.0	1	1953	-50.2	762.8	0.13	0.0	1
144.01	0	0.0	0.0	0.0	0.0	0.01	0.0	1	1953	-50.2	762.8	0.13	0.0	1
144.11	0	0.0	0.0	0.0	0.0	0.01	0.0	1	1953	-50.2	762.8	0.13	0.0	1
144.21	0	0.0	0.0	0.0	0.0	0.01	0.0	1	1953	-50.2	762.8	0.13	0.0	1
144.31	0	0.0	0.0	0.0	0.0	0.01	0.0	1	1953	-50.2	762.8	0.13	0.0	1
144.41	0	0.0	0.0	0.0	0.0	0.01	0.0	1	1953	-50.2	762.8	0.13	0.0	1
144.51	0	0.0	0.0	0.0	0.0	0.01	0.0	1	1953	-50.2	762.8	0.13	0.0	1
144.61	0	0.0	0.0	0.0	0.0	0.01	0.0	1	1953	-50.2	762.8	0.13	0.0	1
144.71	0	0.0	0.0	0.0	0.0	0.01	0.0	1	1953	-50.2	762.8	0.13	0.0	1
144.81	0	0.0	0.0	0.0	0.0	0.01	0.0	1	1953	-50.2	762.8	0.13	0.0	1
144.91	0	0.0	0.0	0.0	0.0	0.01	0.0	1	1953	-50.2	762.8	0.13	0.0	1
145.01	0	0.0	0.0	0.0	0.0	0.01	0.0	1	1953	-50.2	762.8	0.13	0.0	1
145.11	0	0.0	0.0	0.0	0.0	0.01	0.0	1	1953	-50.2	762.8	0.13	0.0	1
145.21	0	0.0	0.0	0.0	0.0	0.01	0.0	1	1953	-50.2	762.8	0.13	0.0	1
145.31	0	0.0	0.0	0.0	0.0	0.01	0.0	1	1953	-50.2	762.8	0.13	0.0	1
145.41	0	0.0	0.0	0.0	0.0	0.01	0.0	1	1953	-50.2	762.8	0.13	0.0	1
145.51	0	0.0	0.0	0.0	0.0	0.01	0.0	1	1953	-50.2	762.8	0.13	0.0	1
145.61	0	0.0	0.0	0.0	0.0	0.01	0.0	1	1953	-50.2	762.8	0.13	0.0	1
145.71	0	0.0	0.0	0.0	0.0	0.01	0.0	1	1953	-50.2	762.8	0.13	0.0	1
145.81	0	0.0	0.0	0.0	0.0	0.01	0.0	1	1953	-50.2	762.8	0.13	0.0	1
145.91	0	0.0	0.0	0.0	0.0	0.01	0.0	1	1953	-50.2	762.8	0.13	0.0	1
146.01	0	0.0	0.0	0.0	0.0	0.01	0.0	1	1953	-50.2	762.8	0.13	0.0	1
146.11	0	0.0	0.0	0.0	0.0	0.01	0.0	1	1953	-50.2	762.8	0.13	0.0	1
146.21	0	0.0	0.0	0.0	0.0	0.01	0.0	1	1953	-50.2	762.8	0.13	0.0	1
146.31	0	0.0	0.0	0.0	0.0	0.01	0.0	1	1953	-50.2	762.8	0.13	0.0	1
146.41	0	0.0	0.0	0.0	0.0	0.01	0.0	1	1953	-50.2	762.8	0.13	0.0	1
146.52	0	0.0	0.0	0.0	0.0	0.01	0.0	1	1953	-50.2	762.8	0.13	0.0	1
146.62	0	0.0	0.0	0.0	0.0	0.01	0.0	1	1953	-50.2	762.8	0.13	0.0	1
146.71	0	0.0	0.0	0.0	0.0	0.01	0.0	1	1953	-50.2	762.8	0.13	0.0	1
146.81	0	0.0	0.0	0.0	0.0	0.01	0.0	1	1953	-50.2	762.8	0.13	0.0	1
146.91	0	0.0	0.0	0.0	0.0	0.01	0.0	1	1953	-50.2	762.8	0.13	0.0	1
147.01	0	0.0	0.0	0.0	0.0	0.01	0.0	1	1953	-50.2	762.8	0.13	0.0	1
147.11	0	0.0	0.0	0.0	0.0	0.01	0.0	1	1953	-50.2	762.8	0.13	0.0	1
147.21	0	0.0	0.0	0.0	0.0	0.01	0.0	1	1953	-50.2	762.8	0.13	0.0	1
147.31	0	0.0	0.0	0.0	0.0	0.01	0.0	1	1953	-50.2	762.8	0.13	0.0	1
147.41	0	0.0	0.0	0.0	0.0	0.01	0.0	1	1953	-50.2	762.8	0.13	0.0	1
147.51	0	0.0	0.0	0.0	0.0	0.01	0.0	1	1953	-50.2	762.8	0.13	0.0	1
147.61	0	0.0	0.0	0.0	0.0	0.01	0.0	1	1953	-50.2	762.8	0.13	0.0	1
147.71	0	0.0	0.0	0.0	0.0	0.01	0.0	1	1953	-50.2	762.8	0.13	0.0	1
147.81	0	0.0	0.0	0.0	0.0	0.01	0.0	1	1953	-50.2	762.8	0.13	0.0	1
147.91	0	0.0	0.0	0.0	0.0	0.01	0.0	1	1953	-50.2	762.8	0.13	0.0	1
148.01	0	0.0	0.0	0.0	0.0	0.01	0.0	1	1953	-50.2	762.8	0.13	0.0	1
148.11	0	0.0	0.0	0.0	0.0	0.01	0.0	1	1953	-50.2	762.8	0.13	0.0	1
148.21	0	0.0	0.0	0.0	0.0	0.01	0.0	1	1953	-50.2	762.8	0.13	0.0	1
148.31	0	0.0	0.0	0.0	0.0	0.01	0.0	1	1953	-50.2	762.8	0.13	0.0	1
148.41	0	0.0	0.0	0.0	0.0	0.01	0.0	1	1953	-50.2	762.8	0.13	0.0	1
148.51	0	0.0	0.0	0.0	0.0	0.01	0.0	1	1953	-50.2	762.8	0.13	0.0	1
148.61	0	0.0	0.0	0.0	0.0	0.01	0.0	1	1953	-50.2	762.8	0.13	0.0	1
148.71	0	0.0	0.0	0.0	0.0	0.01	0.0	1	1953	-50.2	762.8	0.13	0.0	1
148.81	0	0.0	0.0	0.0	0.0	0.01	0.0	1	1953	-50.2	762.8	0.13	0.0	1
148.91	0	0.0	0.0	0.0	0.0	0.01	0.0	1	1953	-50.2	762.8	0.13	0.0	1
149.01	0	0.0	0.0	0.0	0.0	0.01	0.0	1	1953	-50.2	762.8	0.13	0.0	1
149.11	0	0.0	0.0	0.0	0.0	0.01	0.0	1	1953	-50.2	762.8	0.13	0.0	1
149.21	0	0.0	0.0	0.0	0.0	0.01	0.0	1	1953	-50.2	762.8	0.13	0.0	1
149.31	0	0.0	0.0	0.0	0.0	0.01	0.0	1	1953	-50.2	762.8	0.13	0.0	1
149.41	0	0.0	0.0	0.0	0.0	0.01	0.0	1	1953	-50.2	762.8	0.13	0.0	1
149.51	0	0.0	0.0	0.0	0.0	0.01	0.0	1	1953	-50.2	762.8	0.14	0.0	1
149.62	0	0.0	0.0	0.0	0.0	0.01	0.0	1	1953	-50.2	762.8	0.14	0.0	1
149.72	0	0.0	0.0	0.0	0.0	0.01	0.0	1	1953	-50.2	762.8	0.14	0.0	1
149.81	0	0.0	0.0	0.0	0.0	0.01	0.0	1	1953	-50.2	762.8	0.14	0.0	1
149.91	0	0.0	0.0	0.0	0.0	0.01	0.0	1	1953	-50.2	762.8	0.14	0.0	1
150.01	0	0.0	0.0	0.0	0.0	0.01	0.0	1	1953	-50.2	762.8	0.14	0.0	1
150.12	0	0.0	0.0	0.0	0.0	0.01	0.0	1	1953	-50.2	762.8	0.14	0.0	1
150.21	0	0.0	0.0	0.0	0.0	0.01	0.0	1	1953	-50.2	762.8	0.14	0.0	1
150.31	0	0.0	0.0	0.0	0.0	0.01	0.0	1	1953	-50.2	762.8	0.14	0.0	1
150.41	0	0.0	0.0	0.0	0.0	0.01	0.0	1	1953	-50.2	762.8	0.14	0.0	1
150.51	0	0.0	0.0	0.0	0.0	0.01	0.0	1	1953	-50.2	762.8	0.14	0.0	1
150.62	0	0.0	0.0	0.0	0.0	0.01	0.0	1	1953	-50.2	762.8	0.14	0.0	1
150.72	0	0.0	0.0	0.0	0.0	0.01	0.0	1	1953	-50.2	762.8	0.14	0.0	1
150.82	0	0.0	0.0	0.0	0.0	0.01	0.0	1	1953	-50.2	762.8	0.14	0.0	1
150.92	0	0.0	0.0	0.0	0.0	0.01	0.0	1	1953	-50.2	762.8	0.14	0.0	1
151.02	0	0.0	0.0	0.0	0.0	0.01	0.0	1	1953	-50.2	762.8	0.14	0.0	1
151.12	0	0.0	0.0	0.0	0.0	0.01	0.0	1	1953	-50.2	762.8	0.14	0.0	1
151.22	0	0.0	0.0	0.0	0.0	0.01	0.0	1	1953	-50.2	762.8	0.14	0.0	1
151.32	0	0.0	0.0	0.0	0.0	0.01	0.0	1	1953	-50.2	762.8	0.14	0.0	1
151.42	0	0.0	0.0	0.0	0.0	0.01	0.0	1	1953	-50.2	762.8	0.14	0.0	1
151.52	0	0.0	0.0	0.0	0.0	0.01	0.0	1	1953	-50.2	762.8	0.14	0.0	1
151.62	0	0.0	0.0	0.0	0.0	0.01	0.0	1	1953	-50.2	762.8	0.14	0.0	1
151.71	0	0.0	0.0	0.0	0.0	0.01	0.0	1	1953	-50.2	762.8	0.14	0.0	1
151.81	0	0.0	0.0	0.0	0.0	0.01	0.0	1	1953	-50.2	762.8	0.14	0.0	1
151.91	0	0.0	0.0	0.0	0.0	0.01	0.0	1	1953	-50.2	762.8	0.14	0.0	1
152.01	0	0.0	0.0	0.0	0.0	0.01	0.0	1	1953	-50.2	762.8	0.14	0.0	1
152.11	0	0.0	0.0	0.0	0.0	0.01	0.0	1	1953	-50.2	762.8	0.14	0.0	1
152.21	0	0.0	0.0	0.0	0.0	0.01	0.0	1	1953	-50.2	762.8	0.14	0.0	1
152.31	0	0.0	0.0	0.0	0.0	0.01	0.0	1	1953	-50.2	762.8	0.14	0.0	1
152.41	0	0.0	0.0	0.0	0.0	0.01	0.0	1	1953	-50.2	762.8	0.14	0.0	1
152.51	0	0.0	0.0	0.0	0.0	0.01	0.0	1	1953	-50.2	762.8	0.14	0.0	1
152.63	0	0.0	0.0	0.0	0.0	0.01	0.0	1	1953	-50.2	762.8	0.14	0.0	1
152.73	0	0.0	0.0	0.0	0.0	0.01	0.0	1	1953	-50.2	762.8	0.14	0.0	1
152.83	0	0.0	0.0	0.0	0.0	0.01	0.0	1	1953	-50.2	762.8	0.14	0.0	1
152.93	0	0.0	0.0	0.0	0.0	0.01	0.0	1	1953	-50.2	762.8	0.14	0.0	1
153.03	0	0.0	0.0	0.0	0.0	0.01	0.0	1	1953	-50.2	762.8	0.14	0.0	1
153.13	0	0.0	0.0	0.0	0.0	0.01	0.0	1	1953	-50.2	762.8	0.14	0.0	1
153.23	0	0.0	0.0	0.0	0.0	0.01	0.0	1	1953	-50.2	762.8	0.14	0.0	1
153.33	0	0.0	0.0	0.0	0.0	0.01	0.0	1	1953	-50.2	762.8	0.14	0.0	1
153.43	0	0.0	0.0	0.0	0.0	0.01	0.0	1	1953	-50.2	762.8	0.14	0.0	1
153.53	0	0.0	0.0	0.0	0.0	0.01	0.0	1	1953	-50.2	762.8	0.14	0.0	1
153.63	0	0.0	0.0	0.0	0.0	0.01	0.0	1	1953	-50.2	762.8	0.14	0.0	1
153.73	0	0.0	0.0	0.0	0.0	0.01	0.0	1	1953	-50.2	762.8	0.14	0.0	1
153.83	0	0.0	0.0	0.0	0.0	0.01	0.0	1	1953	-50.2	762.8	0.14	0.0	1
153.93	0	0.0	0.0	0.0	0.0	0.01	0.0	1	1953	-50.2	762.8	0.14	0.0	1
154.03	0	0.0	0.0	0.0	0.0	0.01	0.0	1	1953	-50.2	762.8	0.14	0.0	1
154.13	0	0.0	0.0	0.0	0.0	0.01	0.0	1	1953	-50.2	762.8	0.14	0.0	1
154.23	0	0.0	0.0	0.0	0.0	0.01	0.0	1	1953	-50.2	762.8	0.14	0.0	1
154.33	0	0.0	0.0	0.0	0.0	0.01	0.0	1	1953	-50.2	762.8	0.14	0.0	1
154.43	0	0.0	0.0	0.0	0.0	0.01	0.0	1	1953	-50.2	762.8	0.14	0.0	1
154.53	0	0.0	0.0	0.0	0.0	0.01	0.0	1	1953	-50.2	762.8	0.14	0.0	1
154.63	0	0.0	0.0	0.0	0.0	0.01	0.0	1	1953	-50.2	762.8	0.14	0.0	1
154.73	0	0.0	0.0	0.0	0.0	0.01	0.0	1	1953	-50.2	762.8	0.14	0.0	1
154.83	0	0.0	0.0	0.0	0.0	0.01	0.0	1	1953	-50.2	762.8	0.14	0.0	1
154.93	0	0.0	0.0	0.0	0.0	0.01	0.0	1	1953	-50.2	762.8	0.14	0.0	1
155.03	0	0.0	0.0	0.0	0.0	0.01	0.0	1	1953	-50.2	762.8	0.14	0.0	1
155.13	0	0.0	0.0	0.0	0.0	0.01	0.0	1	1953	-50.2	762.8	0.14	0.0	1
155.23	0	0.0	0.0	0.0	0.0	0.01	0.0	1	1953	-50.2	762.8	0.14	0.0	1
155.33	0	0.0	0.0	0.0	0.0	0.01	0.0	1	1953	-50.2	762.8	0.14	0.0	1
155.43	0	0.0	0.0	0.0	0.0	0.01	0.0	1	1953	-50.2	762.8	0.14	0.0	1
155.53	0	0.0	0.0	0.0	0.0	0.01	0.0	1	1953	-50.2	762.8	0.14	0.0	1
155.63	0	0.0	0.0	0.0	0.0	0.01	0.0	1	1953	-50.2	762.8	0.14	0.0	1
155.73	0	0.0	0.0	0.0	0.0	0.01	0.0	1	1953	-50.2	762.8	0.14	0.0	1
155.83	0	0.0	0.0	0.0	0.0	0.01	0.0	1	1953	-50.2	762.8	0.14	0.0	1
155.93	0	0.0	0.0	0.0	0.0	0.01	0.0	1	1953	-50.2	762.8	0.14	0.0	1
156.03	0	0.0	0.0	0.0	0.0	0.01	0.0	1	1953	-50.2	762.8	0.14	0.0	1
156.13	0	0.0	0.0	0.0	0.0	0.01	0.0	1	1953	-50.2	762.8	0.14	0.0	1
156.23	0	0.0	0.0	0.0	0.0	0.01	0.0	1	1953	-50.2	762.8	0.14	0.0	1
156.34	0	0.0	0.0	0.0	0.0	0.01	0.0	1	1953	-50.2	762.8	0.14	0.0	1
156.44	0	0.0	0.0	0.0	0.0	0.01	0.0	1	1953	-50.2	762.8	0.14	0.0	1
156.54	0	0.0	0.0	0.0	0.0	0.01	0.0	1	1953	-50.2	762.8	0.14	0.0	1
156.64	0	0.0	0.0	0.0	0.0	0.01	0.0	1	1953	-50.2	762.8	0.14	0.0	1
156.74	0	0.0	0.0	0.0	0.0	0.01	0.0	1	1953	-50.2	762.8	0.14	0.0	1
156.84	0	0.0	0.0	0.0	0.0	0.01	0.0	1	1953	-50.2	762.8	0.14	0.0	1
156.94	0	0.0	0.0	0.0	0.0	0.01	0.0	1	1953	-50.2	762.8	0.14	0.0	1
157.04	0	0.0	0.0	0.0	0.0	0.01	0.0	1	1953	-50.2	762.8	0.14	0.0	1
157.14	0	0.0	0.0	0.0	0.0	0.01	0.0	1	1953	-50.2	762.8	0.14	0.0	1
157.24	0	0.0	0.0	0.0	0.0	0.01	0.0	1	1953	-50.2	762.8	0.14	0.0	1
157.34	0	0.0	0.0	0.0	0.0	0.01	0.0	1	1953	-50.2	762.8	0.14	0.0	1
157.44	0	0.0	0.0	0.0	0.0	0.01	0.0	1	1953	-50.2	762.8	0.14	0.0	1
157.54	0	0.0	0.0	0.0	0.0	0.01	0.0	1	1953	-50.2	762.8	0.14	0.0	1
157.64	0	0.0	0.0	0.0	0.0	0.01	0.0	1	1953	-50.2	762.8	0.14	0.0	1
157.74	0	0.0	0.0	0.0	0.0	0.01	0.0	1	1953	-50.2	762.8	0.14	0.0	1
157.84	0	0.0	0.0	0.0	0.0	0.01	0.0	1	1953	-50.2	762.8	0.14	0.0	1
157.94	0	0.0	0.0	0.0	0.0	0.01	0.0	1	1953	-50.2	762.8	0.14	0.0	1
158.04	0	0.0	0.0	0.0	0.0	0.01	0.0	1	1953	-50.2	762.8	0.14	0.0	1
158.14	0	0.0	0.0	0.0	0.0	0.01	0.0	1	1953	-50.2	762.8	0.14	0.0	1
158.24	0	0.0	0.0	0.0	0.0	0.01	0.0	1	1953	-50.2	762.8	0.14	0.0	1
158.34	0	0.0	0.0	0.0	0.0	0.01	0.0	1	1953	-50.2	762.8	0.14	0.0	1
158.44	0	0.0	0.0	0.0	0.0	0.01	0.0	1	1953	-50.2	762.8	0.14	0.0	1
158.54	0	0.0	0.0	0.0	0.0	0.01	0.0	1	1953	-50.2	762.8	0.14	0.0	1
158.64	0	0.0	0.0	0.0	0.0	0.01	0.0	1	1953	-50.2	762.8	0.14	0.0	1
158.74	0	0.0	0.0	0.0	0.0	0.01	0.0	1	1953	-50.2	762.8	0.14	0.0	1
158.84	0	0.0	0.0	0.0	0.0	0.01	0.0	1	1953	-50.2	762.8	0.14	0.0	1
158.94	0	0.0	0.0	0.0	0.0	0.01	0.0	1	1953	-50.2	762.8	0.14	0.0	1
159.04	0	0.0	0.0	0.0	0.0	0.01	0.0	1	1953	-50.2	762.8	0.14	0.0	1
159.14	0	0.0	0.0	0.0	0.0	0.01	0.0	1	1953	-50.2	762.8	0.14	0.0	1
159.24	0	0.0	0.0	0.0	0.0	0.01	0.0	1	1953	-50.2	762.8	0.14	0.0	1
159.34	0	0.0	0.0	0.0	0.0	0.01	0.0	1	1953	-50.2	762.8	0.14	0.0	1
159.44	0	0.0	0.0	0.0	0.0	0.01	0.0	1	1953	-50.2	762.8	0.14	0.0	1
159.54	0	0.0	0.0	0.0	0.0	0.01	0.0	1	1953	-50.2	762.8	0.14	0.0	1
159.64	0	0.0	0.0	0.0	0.0	0.01	0.0	1	1953	-50.2	762.8	0.14	0.0	1
159.74	0	0.0	0.0	0.0	0.0	0.01	0.0	1	1953	-50.2	762.8	0.14	0.0	1
159.84	0	0.0	0.0	0.0	0.0	0.01	0.0	1	1953	-50.2	762.8	0.14	0.0	1
159.94	0	0.0	0.0	0.0	0.0	0.01	0.0	1	1953	-50.2	762.8	0.14	0.0	1
160.04	0	0.0	0.0	0.0	0.0	0.01	0.0	1	1953	-50.2	762.8	0.14	0.0	1
160.14	0	0.0	0.0	0.0	0.0	0.01	0.0	1	1953	-50.2	762.8	0.14	0.0	1
160.24	0	0.0	0.0	0.0	0.0	0.01	0.0	1	1953	-50.2	762.8	0.14	0.0	1
160.34	0	0.0	0.0	0.0	0.0	0.01	0.0	1	1953	-50.2	762.8	0.14	0.0	1
160.44	0	0.0	0.0	0.0	0.0	0.01	0.0	1	1953	-50.2	762.8	0.14	0.0	1
160.54	0	0.0	0.0	0.0	0.0	0.01	0.0	1	1953	-50.2	762.8	0.14	0.0	1
160.64	0	0.0	0.0	0.0	0.0	0.01	0.0	1	1953	-50.2	762.8	0.15	0.0	1
160.74	0	0.0	0.0	0.0	0.0	0.01	0.0	1	1953	-50.2	762.8	0.15	0.0	1
160.84	0	0.0	0.0	0.0	0.0	0.01	0.0	1	1953	-50.2	762.8	0.15	0.0	1
160.94	0	0.0	0.0	0.0	0.0	0.01	0.0	1	1953	-50.2	762.8	0.15	0.0	1
161.04	0	0.0	0.0	0.0	0.0	0.01	0.0	1	1953	-50.2	762.8	0.15	0.0	1
161.14	0	0.0	0.0	0.0	0.0	0.01	0.0	1	1953	-50.2	762.8	0.15	0.0	1
161.24	0	0.0	0.0	0.0	0.0	0.01	0.0	1	1953	-50.2	762.8	0.15	0.0	1
161.34	0	0.0	0.0	0.0	0.0	0.01	0.0	1	1953	-50.2	762.8	0.15	0.0	1
161.44	0	0.0	0.0	0.0	0.0	0.01	0.0	1	1953	-50.2	762.8	0.15	0.0	1
161.54	0	0.0	0.0	0.0	0.0	0.01	0.0	1	1953	-50.2	762.8	0.15	0.0	1
161.64	0	0.0	0.0	0.0	0.0	0.01	0.0	1	1953	-50.2	762.8	0.15	0.0	1
161.74	0	0.0	0.0	0.0	0.0	0.01	0.0	1	1953	-50.2	762.8	0.15	0.0	1
161.84	0	0.0	0.0	0.0	0.0	0.01	0.0	1	1953	-50.2	762.8	0.15	0.0	1
161.94	0	0.0	0.0	0.0	0.0	0.01	0.0	1	1953	-50.2	762.8	0.15	0.0	1
162.04	0	0.0	0.0	0.0	0.0	0.01	0.0	1	1953	-50.2	762.8	0.15	0.0	1
162.14	0	0.0	0.0	0.0	0.0	0.01	0.0	1	1953	-50.2	762.8	0.15	0.0	1
162.24	0	0.0	0.0	0.0	0.0	0.01	0.0	1	1953	-50.2	762.8	0.15	0.0	1
162.34	0	0.0	0.0	0.0	0.0	0.01	0.0	1	1953	-50.2	762.8	0.15	0.0	1
162.44	0	0.0	0.0	0.0	0.0	0.01	0.0	1	1953	-50.2	762.8	0.15	0.0	1
162.56	0	0.0	0.0	0.0	0.0	0.01	0.0	1	1953	-50.2	762.8	0.15	0.0	1
162.66	0	0.0	0.0	0.0	0.0	0.01	0.0	1	1953	-50.2	762.8	0.15	0.0	1
162.76	0	0.0	0.0	0.0	0.0	0.01	0.0	1	1953	-50.2	762.8	0.15	0.0	1
162.86	0	0.0	0.0	0.0	0.0	0.01	0.0	1	1953	-50.2	762.8	0.15	0.0	1
162.96	0	0.0	0.0	0.0	0.0	0.01	0.0	1	1953	-50.2	762.8	0.15	0.0	1
163.06	0	0.0	0.0	0.0	0.0	0.01	0.0	1	1953	-50.2	762.8	0.15	0.0	1
163.16	0	0.0	0.0	0.0	0.0	0.01	0.0	1	1953	-50.2	762.8	0.15	0.0	1
163.26	0	0.0	0.0	0.0	0.0	0.01	0.0	1	1953	-50.2	762.8	0.15	0.0	1
163.36	0	0.0	0.0	0.0	0.0	0.01	0.0	1	1953	-50.2	762.8	0.15	0.0	1
163.46	0	0.0	0.0	0.0	0.0	0.01	0.0	1	1953	-50.2	762.8	0.15	0.0	1
163.56	0	0.0	0.0	0.0	0.0	0.01	0.0	1	1953	-50.2	762.8	0.15	0.0	1
163.66	0	0.0	0.0	0.0	0.0	0.01	0.0	1	1953	-50.2	762.8	0.15	0.0	1
163.76	0	0.0	0.0	0.0	0.0	0.01	0.0	1	1953	-50.2	762.8	0.15	0.0	1
163.86	0	0.0	0.0	0.0	0.0	0.01	0.0	1	1953	-50.2	762.8	0.15	0.0	1
163.96	0	0.0	0.0	0.0	0.0	0.01	0.0	1	1953	-50.2	762.8	0.15	0.0	1
164.06	0	0.0	0.0	0.0	0.0	0.01	0.0	1	1953	-50.2	762.8	0.15	0.0	1
164.16	0	0.0	0.0	0.0	0.0	0.01	0.0	1	1953	-50.2	762.8	0.15	0.0	1
164.26	0	0.0	0.0	0.0	0.0	0.01	0.0	1	1953	-50.2	762.8	0.15	0.0	1
164.36	0	0.0	0.0	0.0	0.0	0.01	0.0	1	1953	-50.2	762.8	0.15	0.0	1
164.46	0	0.0	0.0	0.0	0.0	0.01	0.0	1	1953	-50.2	762.8	0.15	0.0	1
164.56	0	0.0	0.0	0.0	0.0	0.01	0.0	1	1953	-50.2	762.8	0.15	0.0	1
164.66	0	0.0	0.0	0.0	0.0	0.01	0.0	1	1953	-50.2	762.8	0.15	0.0	1
164.76	0	0.0	0.0	0.0	0.0	0.01	0.0	1	1953	-50.2	762.8	0.15	0.0	1
164.86	0	0.0	0.0	0.0	0.0	0.01	0.0	1	1953	-50.2	762.8	0.15	0.0	1
164.96	0	0.0	0.0	0.0	0.0	0.01	0.0	1	1953	-50.2	762.8	0.15	0.0	1
165.06	0	0.0	0.0	0.0	0.0	0.01	0.0	1	1953	-50.2	762.8	0.15	0.0	1
165.16	0	0.0	0.0	0.0	0.0	0.01	0.0	1	1953	-50.2	762.8	0.15	0.0	1
165.26	0	0.0	0.0	0.0	0.0	0.01	0.0	1	1953	-50.2	762.8	0.15	0.0	1
165.36	0	0.0	0.0	0.0	0.0	0.01	0.0	1	1953	-50.2	762.8	0.15	0.0	1
165.46	0	0.0	0.0	0.0	0.0	0.01	0.0	1	1953	-50.2	762.8	0.15	0.0	1
165.56	0	0.0	0.0	0.0	0.0	0.01	0.0	1	1953	-50.2	762.8	0.15	0.0	1
165.66	0	0.0	0.0	0.0	0.0	0.01	0.0	1	1953	-50.2	762.8	0.15	0.0	1
165.76	0	0.0	0.0	0.0	0.0	0.01	0.0	1	1953	-50.2	762.8	0.15	0.0	1
165.86	0	0.0	0.0	0.0	0.0	0.01	0.0	1	1953	-50.2	762.8	0.15	0.0	1
165.96	0	0.0	0.0	0.0	0.0	0.01	0.0	1	1953	-50.2	762.8	0.15	0.0	1
166.06	0	0.0	0.0	0.0	0.0	0.01	0.0	1	1953	-50.2	762.8	0.15	0.0	1
166.16	0	0.0	0.0	0.0	0.0	0.01	0.0	1	1953	-50.2	762.8	0.15	0.0	1
166.26	0	0.0	0.0	0.0	0.0	0.01	0.0	1	1953	-50.2	762.8	0.15	0.0	1
166.36	0	0.0	0.0	0.0	0.0	0.01	0.0	1	1953	-50.2	762.8	0.15	0.0	1
166.46	0	0.0	0.0	0.0	0.0	0.01	0.0	1	1953	-50.2	762.8	0.15	0.0	1
166.56	0	0.0	0.0	0.0	0.0	0.01	0.0	1	1953	-50.2	762.8	0.15	0.0	1
166.66	0	0.0	0.0	0.0	0.0	0.01	0.0	1	1953	-50.2	762.8	0.15	0.0	1
166.76	0	0.0	0.0	0.0	0.0	0.01	0.0	1	1953	-50.2	762.8	0.15	0.0	1
166.86	0	0.0	0.0	0.0	0.0	0.01	0.0	1	1953	-50.2	762.8	0.15	0.0	1
166.96	0	0.0	0.0	0.0	0.0	0.01	0.0	1	1953	-50.2	762.8	0.15	0.0	1
167.06	0	0.0	0.0	0.0	0.0	0.01	0.0	1	1953	-50.2	762.8	0.15	0.0	1
167.16	0	0.0	0.0	0.0	0.0	0.01	0.0	1	1953	-50.2	762.8	0.15	0.0	1
167.26	0	0.0	0.0	0.0	0.0	0.01	0.0	1	1953	-50.2	762.8	0.15	0.0	1
167.36	0	0.0	0.0	0.0	0.0	0.01	0.0	1	1953	-50.2	762.8	0.15	0.0	1
167.46	0	0.0	0.0	0.0	0.0	0.01	0.0	1	1953	-50.2	762.8	0.15	0.0	1
167.56	0	0.0	0.0	0.0	0.0	0.01	0.0	1	1953	-50.2	762.8	0.15	0.0	1
167.66	0	0.0	0.0	0.0	0.0	0.01	0.0	1	1953	-50.2	762.8	0.15	0.0	1
167.76	0	0.0	0.0	0.0	0.0	0.01	0.0	1	1953	-50.2	762.8	0.15	0.0	1
167.86	0	0.0	0.0	0.0	0.0	0.01	0.0	1	1953	-50.2	762.8	0.15	0.0	1
167.96	0	0.0	0.0	0.0	0.0	0.01	0.0	1	1953	-50.2	762.8	0.15	0.0	1
168.06	0	0.0	0.0	0.0	0.0	0.01	0.0	1	1953	-50.2	762.8	0.15	0.0	1
168.16	0	0.0	0.0	0.0	0.0	0.01	0.0	1	1953	-50.2	762.8	0.15	0.0	1
168.26	0	0.0	0.0	0.0	0.0	0.01	0.0	1	1953	-50.2	762.8	0.15	0.0	1
168.36	0	0.0	0.0	0.0	0.0	0.01	0.0	1	1953	-50.2	762.8	0.15	0.0	1
168.46	0	0.0	0.0	0.0	0.0	0.01	0.0	1	1953	-50.2	762.8	0.15	0.0	1
168.56	0	0.0	0.0	0.0	0.0	0.01	0.0	1	1953	-50.2	762.8	0.15	0.0	1
168.69	0	0.0	0.0	0.0	0.0	0.01	0.0	1	1953	-50.2	762.8	0.15	0.0	1
168.77	0	0.0	0.0	0.0	0.0	0.01	0.0	1	1953	-50.2	762.8	0.15	0.0	1
168.87	0	0.0	0.0	0.0	0.0	0.01	0.0	1	1953	-50.2	762.8	0.15	0.0	1
168.97	0	0.0	0.0	0.0	0.0	0.01	0.0	1	1953	-50.2	762.8	0.15	0.0	1
169.07	0	0.0	0.0	0.0	0.0	0.01	0.0	1	1953	-50.2	762.8	0.15	0.0	1
169.17	0	0.0	0.0	0.0	0.0	0.01	0.0	1	1953	-50.2	762.8	0.15	0.0	1
169.27	0	0.0	0.0	0.0	0.0	0.01	0.0	1	1953	-50.2	762.8	0.15	0.0	1
169.37	0	0.0	0.0	0.0	0.0	0.01	0.0	1	1953	-50.2	762.8	0.15	0.0	1
169.47	0	0.0	0.0	0.0	0.0	0.01	0.0	1	1953	-50.2	762.8	0.15	0.0	1
169.56	0	0.0	0.0	0.0	0.0	0.01	0.0	1	1953	-50.2	762.8	0.15	0.0	1
169.66	0	0.0	0.0	0.0	0.0	0.01	0.0	1	1953	-50.2	762.8	0.15	0.0	1
169.77	0	0.0	0.0	0.0	0.0	0.01	0.0	1	1953	-50.2	762.8	0.15	0.0	1
169.87	0	0.0	0.0	0.0	0.0	0.01	0.0	1	1953	-50.2	762.8	0.15	0.0	1
169.96	0	0.0	0.0	0.0	0.0	0.01	0.0	1	1953	-50.2	762.8	0.15	0.0	1
170.06	0	0.0	0.0	0.0	0.0	0.01	0.0	1	1953	-50.2	762.8	0.15	0.0	1
170.16	0	0.0	0.0	0.0	0.0	0.01	0.0	1	1953	-50.2	762.8	0.15	0.0	1
170.27	0	0.0	0.0	0.0	0.0	0.01	0.0	1	1953	-50.2	762.8	0.15	0.0	1
170.36	0	0.0	0.0	0.0	0.0	0.01	0.0	1	1953	-50.2	762.8	0.15	0.0	1
170.46	0	0.0	0.0	0.0	0.0	0.01	0.0	1	1953	-50.2	762.8	0.15	0.0	1
170.56	0	0.0	0.0	0.0	0.0	0.01	0.0	1	1953	-50.2	762.8	0.15	0.0	1
170.66	0	0.0	0.0	0.0	0.0	0.01	0.0	1	1953	-50.2	762.8	0.15	0.0	1
170.76	0	0.0	0.0	0.0	0.0	0.01	0.0	1	1953	-50.2	762.8	0.15	0.0	1
170.86	0	0.0	0.0	0.0	0.0	0.01	0.0	1	1953	-50.2	762.8	0.15	0.0	1
170.96	0	0.0	0.0	0.0	0.0	0.01	0.0	1	1953	-50.2	762.8	0.15	0.0	1
171.06	0	0.0	0.0	0.0	0.0	0.01	0.0	1	1953	-50.2	762.8	0.15	0.0	1
171.16	0	0.0	0.0	0.0	0.0	0.01	0.0	1	1953	-50.2	762.8	0.15	0.0	1
171.26	0	0.0	0.0	0.0	0.0	0.01	0.0	1	1953	-50.2	762.8	0.15	0.0	1
171.36	0	0.0	0.0	0.0	0.0	0.01	0.0	1	1953	-50.2	762.8	0.15	0.0	1
171.46	0	0.0	0.0	0.0	0.0	0.01	0.0	1	1953	-50.2	762.8	0.15	0.0	1
171.56	0	0.0	0.0	0.0	0.0	0.01	0.0	1	1953	-50.2	762.8	0.15	0.0	1
171.66	0	0.0	0.0	0.0	0.0	0.01	0.0	1	1953	-50.2	762.8	0.15	0.0	1
171.76	0	0.0	0.0	0.0	0.0	0.01	0.0	1	1953	-50.2	762.8	0.16	0.0	1
171.86	0	0.0	0.0	0.0	0.0	0.01	0.0	1	1953	-50.2	762.8	0.16	0.0	1
171.96	0	0.0	0.0	0.0	0.0	0.01	0.0	1	1953	-50.2	762.8	0.16	0.0	1
172.06	0	0.0	0.0	0.0	0.0	0.01	0.0	1	1953	-50.2	762.8	0.16	0.0	1
172.16	0	0.0	0.0	0.0	0.0	0.01	0.0	1	1953	-50.2	762.8	0.16	0.0	1
172.26	0	0.0	0.0	0.0	0.0	0.01	0.0	1	1953	-50.2	762.8	0.16	0.0	1
172.38	0	0.0	0.0	0.0	0.0	0.01	0.0	1	1953	-50.2	762.8	0.16	0.0	1
172.48	0	0.0	0.0	0.0	0.0	0.01	0.0	1	1953	-50.2	762.8	0.16	0.0	1
172.58	0	0.0	0.0	0.0	0.0	0.01	0.0	1	1953	-50.2	762.8	0.16	0.0	1
172.68	0	0.0	0.0	0.0	0.0	0.01	0.0	1	1953	-50.2	762.8	0.16	0.0	1
172.78	0	0.0	0.0	0.0	0.0	0.01	0.0	1	1953	-50.2	762.8	0.16	0.0	1
172.88	0	0.0	0.0	0.0	0.0	0.01	0.0	1	1953	-50.2	762.8	0.16	0.0	1
172.98	0	0.0	0.0	0.0	0.0	0.01	0.0	1	1953	-50.2	762.8	0.16	0.0	1
173.08	0	0.0	0.0	0.0	0.0	0.01	0.0	1	1953	-50.2	762.8	0.16	0.0	1
173.18	0	0.0	0.0	0.0	0.0	0.01	0.0	1	1953	-50.2	762.8	0.16	0.0	1
173.28	0	0.0	0.0	0.0	0.0	0.01	0.0	1	1953	-50.2	762.8	0.16	0.0	1
173.38	0	0.0	0.0	0.0	0.0	0.01	0.0	1	1953	-50.2	762.8	0.16	0.0	1
173.48	0	0.0	0.0	0.0	0.0	0.01	0.0	1	1953	-50.2	762.8	0.16	0.0	1
173.58	0	0.0	0.0	0.0	0.0	0.01	0.0	1	1953	-50.2	762.8	0.16	0.0	1
173.68	0	0.0	0.0	0.0	0.0	0.01	0.0	1	1953	-50.2	762.8	0.16	0.0	1
173.78	0	0.0	0.0	0.0	0.0	0.01	0.0	1	1953	-50.2	762.8	0.16	0.0	1
173.88	0	0.0	0.0	0.0	0.0	0.01	0.0	1	1953	-50.2	762.8	0.16	0.0	1
173.98	0	0.0	0.0	0.0	0.0	0.01	0.0	1	1953	-50.2	762.8	0.16	0.0	1
174.08	0	0.0	0.0	0.0	0.0	0.01	0.0	1	1953	-50.2	762.8	0.16	0.0	1
174.18	0	0.0	0.0	0.0	0.0	0.01	0.0	1	1953	-50.2	762.8	0.16	0.0	1
174.28	0	0.0	0.0	0.0	0.0	0.01	0.0	1	1953	-50.2	762.8	0.16	0.0	1
174.38	0	0.0	0.0	0.0	0.0	0.01	0.0	1	1953	-50.2	762.8	0.16	0.0	1
174.48	0	0.0	0.0	0.0	0.0	0.01	0.0	1	1953	-50.2	762.8	0.16	0.0	1
174.58	0	0.0	0.0	0.0	0.0	0.01	0.0	1	1953	-50.2	762.8	0.16	0.0	1
174.68	0	0.0	0.0	0.0	0.0	0.01	0.0	1	1953	-50.2	762.8	0.16	0.0	1
174.78	0	0.0	0.0	0.0	0.0	0.01	0.0	1	1953	-50.2	762.8	0.16	0.0	1
174.88	0	0.0	0.0	0.0	0.0	0.01	0.0	1	1953	-50.2	762.8	0.16	0.0	1
174.98	0	0.0	0.0	0.0	0.0	0.01	0.0	1	1953	-50.2	762.8	0.16	0.0	1
175.08	0	0.0	0.0	0.0	0.0	0.01	0.0	1	1953	-50.2	762.8	0.16	0.0	1
175.18	0	0.0	0.0	0.0	0.0	0.01	0.0	1	1953	-50.2	762.8	0.16	0.0	1
175.28	0	0.0	0.0	0.0	0.0	0.01	0.0	1	1953	-50.2	762.8	0.16	0.0	1
175.38	0	0.0	0.0	0.0	0.0	0.01	0.0	1	1953	-50.2	762.8	0.16	0.0	1
175.48	0	0.0	0.0	0.0	0.0	0.01	0.0	1	1953	-50.2	762.8	0.16	0.0	1
175.58	0	0.0	0.0	0.0	0.0	0.01	0.0	1	1953	-50.2	762.8	0.16	0.0	1
175.68	0	0.0	0.0	0.0	0.0	0.01	0.0	1	1953	-50.2	762.8	0.16	0.0	1
175.78	0	0.0	0.0	0.0	0.0	0.01	0.0	1	1953	-50.2	762.8	0.16	0.0	1
175.88	0	0.0	0.0	0.0	0.0	0.01	0.0	1	1953	-50.2	762.8	0.16	0.0	1
175.98	0	0.0	0.0	0.0	0.0	0.01	0.0	1	1953	-50.2	762.8	0.16	0.0	1
176.08	0	0.0	0.0	0.0	0.0	0.01	0.0	1	1953	-50.2	762.8	0.16	0.0	1
176.18	0	0.0	0.0	0.0	0.0	0.01	0.0	1	1953	-50.2	762.8	0.16	0.0	1
176.28	0	0.0	0.0	0.0	0.0	0.01	0.0	1	1953	-50.2	762.8	0.16	0.0	1
176.38	0	0.0	0.0	0.0	0.0	0.01	0.0	1	1953	-50.2	762.8	0.16	0.0	1
176.48	0	0.0	0.0	0.0	0.0	0.01	0.0	1	1953	-50.2	762.8	0.16	0.0	1
176.58	0	0.0	0.0	0.0	0.0	0.01	0.0	1	1953	-50.2	762.8	0.16	0.0	1
176.68	0	0.0	0.0	0.0	0.0	0.01	0.0	1	1953	-50.2	762.8	0.16	0.0	1
176.78	0	0.0	0.0	0.0	0.0	0.01	0.0	1	1953	-50.2	762.8	0.16	0.0	1
176.88	0	0.0	0.0	0.0	0.0	0.01	0.0	1	1953	-50.2	762.8	0.16	0.0	1
176.98	0	0.0	0.0	0.0	0.0	0.01	0.0	1	1953	-50.2	762.8	0.16	0.0	1
177.08	0	0.0	0.0	0.0	0.0	0.01	0.0	1	1953	-50.2	762.8	0.16	0.0	1
177.18	0	0.0	0.0	0.0	0.0	0.01	0.0	1	1953	-50.2	762.8	0.16	0.0	1
177.28	0	0.0	0.0	0.0	0.0	0.01	0.0	1	1953	-50.2	762.8	0.16	0.0	1
177.38	0	0.0	0.0	0.0	0.0	0.01	0.0	1	1953	-50.2	762.8	0.16	0.0	1
177.48	0	0.0	0.0	0.0	0.0	0.01	0.0	1	1953	-50.2	762.8	0.16	0.0	1
177.58	0	0.0	0.0	0.0	0.0	0.01	0.0	1	1953	-50.2	762.8	0.16	0.0	1
177.68	0	0.0	0.0	0.0	0.0	0.01	0.0	1	1953	-50.2	762.8	0.16	0.0	1
177.78	0	0.0	0.0	0.0	0.0	0.01	0.0	1	1953	-50.2	762.8	0.16	0.0	1
177.88	0	0.0	0.0	0.0	0.0	0.01	0.0	1	1953	-50.2	762.8	0.16	0.0	1
177.98	0	0.0	0.0	0.0	0.0	0.01	0.0	1	1953	-50.2	762.8	0.16	0.0	1
178.08	0	0.0	0.0	0.0	0.0	0.01	0.0	1	1953	-50.2	762.8	0.16	0.0	1
178.18	0	0.0	0.0	0.0	0.0	0.01	0.0	1	1953	-50.2	762.8	0.16	0.0	1
178.28	0	0.0	0.0	0.0	0.0	0.01	0.0	1	1953	-50.2	762.8	0.16	0.0	1
178.4	0	0.0	0.0	0.0	0.0	0.01	0.0	1	1953	-50.2	762.8	0.16	0.0	1
178.51	0	0.0	0.0	0.0	0.0	0.01	0.0	1	1953	-50.2	762.8	0.16	0.0	1
178.61	0	0.0	0.0	0.0	0.0	0.01	0.0	1	1953	-50.2	762.8	0.16	0.0	1
178.71	0	0.0	0.0	0.0	0.0	0.01	0.0	1	1953	-50.2	762.8	0.16	0.0	1
178.81	0	0.0	0.0	0.0	0.0	0.01	0.0	1	1953	-50.2	762.8	0.16	0.0	1
178.91	0	0.0	0.0	0.0	0.0	0.01	0.0	1	1953	-50.2	762.8	0.16	0.0	1
179.01	0	0.0	0.0	0.0	0.0	0.01	0.0	1	1953	-50.2	762.8	0.16	0.0	1
179.11	0	0.0	0.0	0.0	0.0	0.01	0.0	1	1953	-50.2	762.8	0.16	0.0	1
179.21	0	0.0	0.0	0.0	0.0	0.01	0.0	1	1953	-50.2	762.8	0.16	0.0	1
179.31	0	0.0	0.0	0.0	0.0	0.01	0.0	1	1953	-50.2	762.8	0.16	0.0	1
179.41	0	0.0	0.0	0.0	0.0	0.01	0.0	1	1953	-50.2	762.8	0.16	0.0	1
179.51	0	0.0	0.0	0.0	0.0	0.01	0.0	1	1953	-50.2	762.8	0.16	0.0	1
179.67	0	0.0	0.0	0.0	0.0	0.01	0.0	1	1953	-50.2	762.8	0.16	0.0	1
179.97	0	0.0	0.0	0.0	0.0	0.01	0.0	1	1953	-50.2	762.8	0.16	0.0	1
180.08	0	0.0	0.0	0.0	0.0	0.01	0.0	1	1953	-50.2	762.8	0.16	0.0	1
180.18	0	0.0	0.0	0.0	0.0	0.01	0.0	1	1953	-50.2	762.8	0.16	0.0	1
180.28	0	0.0	0.0	0.0	0.0	0.01	0.0	1	1953	-50.2	762.8	0.16	0.0	1
180.38	0	0.0	0.0	0.0	0.0	0.01	0.0	1	1953	-50.2	762.8	0.16	0.0	1
180.48	0	0.0	0.0	0.0	0.0	0.01	0.0	1	1953	-50.2	762.8	0.16	0.0	1
180.58	0	0.0	0.0	0.0	0.0	0.01	0.0	1	1953	-50.2	762.8	0.16	0.0	1
180.68	0	0.0	0.0	0.0	0.0	0.01	0.0	1	1953	-50.2	762.8	0.16	0.0	1
180.78	0	0.0	0.0	0.0	0.0	0.01	0.0	1	1953	-50.2	762.8	0.16	0.0	1
180.88	0	0.0	0.0	0.0	0.0	0.01	0.0	1	1953	-50.2	762.8	0.16	0.0	1
180.98	0	0.0	0.0	0.0	0.0	0.01	0.0	1	1953	-50.2	762.8	0.16	0.0	1
181.08	0	0.0	0.0	0.0	0.0	0.01	0.0	1	1953	-50.2	762.8	0.16	0.0	1
181.18	0	0.0	0.0	0.0	0.0	0.01	0.0	1	1953	-50.2	762.8	0.16	0.0	1
181.28	0	0.0	0.0	0.0	0.0	0.01	0.0	1	1953	-50.2	762.8	0.16	0.0	1
181.39	0	0.0	0.0	0.0	0.0	0.01	0.0	1	1953	-50.2	762.8	0.16	0.0	1
181.48	0	0.0	0.0	0.0	0.0	0.01	0.0	1	1953	-50.2	762.8	0.16	0.0	1
181.58	0	0.0	0.0	0.0	0.0	0.01	0.0	1	1953	-50.2	762.8	0.16	0.0	1
181.68	0	0.0	0.0	0.0	0.0	0.01	0.0	1	1953	-50.2	762.8	0.16	0.0	1
181.78	0	0.0	0.0	0.0	0.0	0.01	0.0	1	1953	-50.2	762.8	0.16	0.0	1
181.88	0	0.0	0.0	0.0	0.0	0.01	0.0	1	1953	-50.2	762.8	0.16	0.0	1
181.98	0	0.0	0.0	0.0	0.0	0.01	0.0	1	1953	-50.2	762.8	0.16	0.0	1
182.08	0	0.0	0.0	0.0	0.0	0.01	0.0	1	1953	-50.2	762.8	0.16	0.0	1
182.18	0	0.0	0.0	0.0	0.0	0.01	0.0	1	1953	-50.2	762.8	0.16	0.0	1
182.28	0	0.0	0.0	0.0	0.0	0.01	0.0	1	1953	-50.2	762.8	0.16	0.0	1
182.38	0	0.0	0.0	0.0	0.0	0.01	0.0	1	1953	-50.2	762.8	0.16	0.0	1
182.48	0	0.0	0.0	0.0	0.0	0.01	0.0	1	1953	-50.2	762.8	0.16	0.0	1
182.58	0	0.0	0.0	0.0	0.0	0.01	0.0	1	1953	-50.2	762.8	0.16	0.0	1
182.68	0	0.0	0.0	0.0	0.0	0.01	0.0	1	1953	-50.2	762.8	0.16	0.0	1
182.78	0	0.0	0.0	0.0	0.0	0.01	1.0	1	1953	-50.2	762.8	0.16	0.0	1
182.88	0	0.0	0.0	0.0	0.0	0.02	1.0	1	1953	-50.2	762.8	0.17	0.0	1
182.98	0	0.0	0.0	0.0	0.0	0.02	1.0	1	1953	-50.2	762.8	0.17	0.0	1
183.08	0	0.0	0.0	0.0	0.0	0.02	1.0	1	1953	-50.2	762.8	0.17	0.0	1
183.18	0	0.0	0.0	0.0	0.0	0.02	1.0	1	1953	-50.2	762.8	0.17	0.0	1
183.28	0	0.0	0.0	0.0	0.0	0.02	1.0	1	1953	-50.2	762.8	0.17	0.0	1
183.38	0	0.0	0.0	0.0	0.0	0.02	1.0	1	1953	-50.2	762.8	0.17	0.0	1
183.48	0	0.0	0.0	0.0	0.0	0.02	1.0	1	1953	-50.2	762.8	0.17	0.0	1
183.58	0	0.0	0.0	0.0	0.0	0.02	1.0	1	1953	-50.2	762.8	0.17	0.0	1
183.68	0	0.0	0.0	0.0	0.0	0.0	1.0	1	1953	-50.2	762.8	0.17	0.0	1
183.78	0	0.0	0.0	0.0	0.0	0.0	1.0	1	1953	-50.2	762.8	0.17	0.0	1
183.88	0	0.0	0.0	0.0	0.0	0.0	1.0	1	1953	-50.2	762.8	0.17	0.0	1
183.98	0	0.0	0.0	0.0	0.0	0.01	1.0	1	1953	-50.2	762.8	0.17	0.0	1
184.08	0	0.0	0.0	0.0	0.0	0.01	1.0	1	1953	-50.2	762.8	0.17	0.0	1
184.18	0	0.0	0.0	0.0	0.0	0.01	1.0	1	1953	-50.2	762.8	0.17	0.0	1
184.28	0	0.0	0.0	0.0	0.0	0.01	1.0	1	1953	-50.2	762.8	0.17	0.0	1
184.38	0	0.0	0.0	0.0	0.0	0.01	1.0	1	1953	-50.2	762.8	0.17	0.0	1
184.48	0	0.0	0.0	0.0	0.0	0.01	1.0	1	1953	-50.2	762.8	0.17	0.0	1
184.58	0	0.0	0.0	0.0	0.0	0.01	1.0	1	1953	-50.2	762.8	0.17	0.0	1
184.68	0	0.0	0.0	0.0	0.0	0.01	1.0	1	1953	-50.2	762.8	0.17	0.0	1
184.78	0	0.0	0.0	0.0	0.0	0.01	1.0	1	1953	-50.2	762.8	0.17	0.0	1
184.88	0	0.0	0.0	0.0	0.0	0.01	1.0	1	1953	-50.2	762.8	0.17	0.0	1
184.98	0	0.0	0.0	0.0	0.0	0.01	1.0	1	1953	-50.2	762.8	0.17	0.0	1
185.08	0	0.0	0.3	0.26	0.0	0.14	0.0	1	1858	-50.2	762.8	0.17	0.0	1
185.18	0	0.0	2.2	0.63	0.0	0.2	0.0	1	1663	-50.2	762.8	0.18	0.01	1
185.28	0	0.1	4.0	0.87	0.0	0.24	0.0	1	1699	-50.1	762.8	0.2	0.1	1
185.38	0	0.2	6.0	0.81	0.0	0.21	0.0	1	1699	-50.0	762.8	0.22	0.23	1
185.48	0	0.4	7.8	0.44	0.0	0.07	0.0	1	1645	-49.8	762.8	0.26	0.42	1
185.58	0	0.7	8.8	0.0	0.0	0.01	1.0	1	1778	-49.6	762.8	0.3	0.65	1
185.68	0	0.9	8.7	0.0	0.0	0.0	1.0	1	1942	-49.3	762.8	0.34	0.89	1
185.78	0	1.1	9.0	0.15	0.0	0.0	0.0	1	1735	-49.1	762.8	0.38	1.13	1
185.88	0	1.4	10.8	0.48	0.0	0.0	0.0	1	1632	-48.8	762.8	0.43	1.4	1
186.0	0	1.8	12.7	0.63	0.0	0.02	0.0	1	1665	-48.4	762.8	0.5	1.78	1
186.1	0	2.1	14.4	0.63	0.0	-0.0	0.0	1	1665	-48.0	762.8	0.56	2.15	1
186.2	0	2.6	16.1	0.67	0.0	-0.0	0.0	1	1670	-47.6	762.8	0.63	2.57	1
186.3	0	3.0	17.9	0.73	0.0	-0.0	0.0	1	1680	-47.1	762.8	0.72	3.03	1
186.4	0	3.5	19.8	0.73	0.0	-0.02	0.0	1	1681	-46.6	762.8	0.81	3.55	1
186.5	0	4.1	21.6	0.73	0.0	-0.02	0.0	1	1682	-46.0	762.8	0.9	4.11	1
186.6	0	4.7	23.1	0.73	0.0	-0.02	0.0	1	1776	-45.4	762.8	1.01	4.73	1
186.7	0	5.4	24.3	0.69	0.0	-0.04	0.0	1	1845	-44.8	762.8	1.12	5.38	1
186.8	0	6.1	25.2	0.67	0.0	-0.04	0.0	1	1899	-44.1	762.8	1.23	6.05	1
186.9	0	6.8	25.9	0.66	0.0	-0.07	0.0	1	1942	-43.4	762.8	1.34	6.75	1
187.0	0	7.5	26.4	0.64	0.0	-0.13	0.0	1	1977	-42.6	762.8	1.45	7.47	1
187.1	0	8.2	26.8	0.62	0.0	-0.13	0.0	1	2004	-41.9	762.8	1.55	8.2	1
187.2	0	9.0	27.2	0.62	0.0	-0.13	0.0	1	2033	-41.1	762.8	1.64	9.03	1
187.3	0	9.8	27.6	0.62	0.0	-0.17	0.0	1	2061	-40.4	762.7	1.69	9.8	1
187.4	0	10.6	28.0	0.62	0.0	-0.17	0.0	1	2089	-39.6	762.7	1.73	10.57	1
187.5	0	11.3	28.3	0.6	0.0	-0.17	0.0	1	2114	-38.8	762.6	1.77	11.35	1
187.6	0	12.1	28.7	0.6	0.0	-0.17	0.0	1	2140	-38.0	762.6	1.79	12.14	1
187.7	0	12.9	29.0	0.6	0.0	-0.13	0.0	1	2165	-37.2	762.5	1.81	12.94	1
187.8	0	13.7	29.4	0.6	0.0	-0.14	0.0	1	2191	-36.4	762.4	1.82	13.75	1
187.9	0	14.6	29.7	0.6	0.0	-0.14	0.0	1	2217	-35.6	762.3	1.82	14.57	1
188.0	0	15.4	30.1	0.6	0.0	-0.12	0.0	1	2242	-34.8	762.2	1.82	15.4	1
188.1	0	16.2	30.4	0.6	0.0	-0.12	0.0	1	2268	-34.0	762.1	1.81	16.24	1
188.2	0	17.1	30.8	0.6	0.0	-0.12	0.0	1	2293	-33.1	762.0	1.79	17.09	1
188.3	0	17.8	31.1	0.6	0.0	-0.12	0.0	1	2319	-32.3	761.9	1.79	17.77	1
188.4	0	18.6	31.4	0.6	0.0	-0.12	0.0	1	2344	-31.4	761.7	1.85	18.63	1
188.5	0	19.5	31.8	0.6	0.0	-0.11	0.0	1	2369	-30.6	761.6	1.9	19.51	1
188.6	0	20.4	32.1	0.6	0.0	-0.11	0.0	1	2394	-29.7	761.4	1.94	20.39	1
188.7	0	21.3	32.5	0.6	0.0	-0.09	0.0	1	2419	-28.8	761.3	1.98	21.29	1
188.8	0	22.2	32.7	0.44	0.0	-0.0	0.0	1	2427	-27.9	761.1	2.02	22.19	1
188.9	0	23.1	32.6	0.0	0.0	0.0	0.27	1	2386	-27.0	761.0	2.06	23.1	1
189.0	0	24.0	32.2	0.0	0.0	-0.02	0.0	1	2354	-26.1	760.8	2.1	24.0	1
189.1	0	24.9	31.8	0.0	0.0	-0.02	0.0	1	2324	-25.3	760.7	2.13	24.89	1
189.2	0	25.8	31.4	0.0	0.0	0.0	0.0	1	2294	-24.4	760.5	2.17	25.77	1
189.3	0	26.6	31.0	0.31	0.0	-0.02	0.0	1	2290	-23.5	760.4	2.21	26.63	1
189.4	0	27.4	31.2	0.55	0.0	-0.05	0.0	1	2320	-22.7	760.2	2.26	27.45	1
189.5	0	28.3	31.5	0.58	0.0	-0.09	0.0	1	2345	-21.8	760.0	2.31	28.32	1
189.6	0	29.2	31.8	0.62	0.0	-0.09	0.0	1	2374	-21.0	759.9	2.35	29.19	1
189.7	0	30.1	32.2	0.66	0.0	-0.08	0.0	1	2404	-20.1	759.7	2.38	30.08	1
189.8	0	31.0	32.6	0.67	0.0	-0.08	0.0	1	2437	-19.2	759.5	2.41	30.98	1
189.9	0	31.9	33.1	0.67	0.0	-0.08	0.0	1	2468	-18.3	759.3	2.44	31.89	1
190.0	0	32.8	33.5	0.67	0.0	-0.11	0.0	1	2500	-17.4	759.1	2.45	32.82	1
190.1	0	33.8	33.9	0.67	0.0	-0.16	0.0	1	2531	-16.5	758.9	2.47	33.76	1
190.2	0	34.7	34.3	0.69	0.0	-0.17	0.0	1	2564	-15.6	758.7	2.46	34.7	1
190.3	0	35.6	34.7	0.69	0.0	-0.17	0.0	1	2596	-14.7	758.4	2.45	35.63	1
190.4	0	36.6	35.2	0.69	0.0	-0.17	0.0	1	2628	-13.7	758.2	2.44	36.6	1
190.5	0	37.6	35.6	0.69	0.0	-0.15	0.0	1	2660	-12.8	757.9	2.41	37.58	1
190.6	0	38.6	36.0	0.69	0.0	-0.13	0.0	1	2691	-11.8	757.6	2.37	38.58	1
190.7	0	39.6	36.4	0.69	0.0	-0.13	0.0	1	2723	-10.9	757.3	2.32	39.58	1
190.8	0	40.6	36.9	0.69	0.0	-0.08	0.0	1	2753	-9.9	757.0	2.27	40.6	1
190.9	0	41.6	37.3	0.69	0.0	-0.08	0.0	1	2785	-8.9	756.7	2.2	41.62	1
191.0	0	42.7	37.7	0.69	0.0	-0.08	0.0	1	2817	-7.9	756.3	2.13	42.67	1
191.1	0	43.7	38.1	0.69	0.0	-0.06	0.0	1	2848	-6.9	756.0	2.06	43.72	1
191.2	0	44.7	38.6	0.69	0.0	-0.08	0.0	1	2885	-5.9	755.7	1.98	44.74	1
191.3	0	45.8	39.0	0.69	0.0	-0.08	0.0	1	2922	-4.9	755.3	1.91	45.81	1
191.4	0	46.9	39.5	0.69	0.0	-0.08	0.0	1	2962	-3.9	754.9	1.83	46.9	1
191.5	0	48.0	40.1	0.69	0.0	-0.09	0.0	1	2998	-2.8	754.5	1.74	48.0	1
191.6	0	49.1	40.6	0.69	0.0	-0.11	0.0	1	3050	-1.8	754.1	1.65	49.12	1
191.7	0	50.3	41.3	0.69	0.0	-0.13	0.0	1	3101	-0.7	753.7	1.53	50.25	1
191.8	0	51.4	41.9	0.69	0.0	-0.16	0.0	1	3153	0.3	753.3	1.4	51.4	1
191.9	0	52.5	42.6	0.69	0.0	-0.17	0.0	1	3209	1.4	752.8	1.26	52.5	1
192.0	0	53.7	43.3	0.69	0.0	-0.15	0.0	1	3268	2.5	752.4	1.15	53.69	1
192.1	0	54.9	44.1	0.69	0.0	-0.12	0.0	1	3333	3.6	751.8	1.02	54.9	1
192.2	0	56.1	45.0	0.69	0.0	-0.08	0.0	1	3400	4.7	751.3	0.87	56.13	1
192.3	0	57.4	45.9	0.69	0.0	-0.04	0.0	1	3473	5.9	750.8	0.71	57.39	1
192.4	0	58.7	46.9	0.69	0.0	-0.04	0.0	1	3551	7.0	750.2	0.55	58.66	1
192.5	0	60.0	47.9	0.69	0.0	-0.04	0.0	1	3635	8.2	749.6	0.37	59.96	1
192.6	0	61.3	49.0	0.69	0.0	-0.03	0.0	1	3723	9.4	749.0	0.28	61.28	1
192.7	0	62.6	50.1	0.69	0.0	-0.04	0.0	1	3818	10.6	748.4	0.2	62.64	1
192.8	0	64.0	51.4	0.69	0.0	-0.04	0.0	1	3919	11.9	747.8	0.11	64.04	1
192.9	0	65.5	52.7	0.69	0.0	-0.04	0.0	1	4026	13.2	747.1	0.02	65.49	1
193.0	0	67.0	54.0	0.69	0.0	-0.04	0.0	1	4139	14.5	746.4	-0.09	66.96	1
193.1	0	68.5	55.5	0.66	0.0	-0.0	0.0	1	4253	15.8	745.7	-0.18	68.49	1
193.2	0	70.1	56.8	0.52	0.0	0.0	0.13	1	4310	17.2	745.0	-0.21	70.05	1
193.3	0	71.6	57.4	0.15	0.0	0.0	0.97	1	4253	18.6	744.2	-0.24	71.64	1
193.4	0	73.2	57.3	0.0	0.0	0.0	1.0	1	3990	20.0	743.5	-0.27	73.23	1
193.5	0	74.8	57.1	0.0	0.0	0.0	1.0	2	3745	21.4	742.8	-0.3	74.82	1
193.6	0	76.4	56.9	0.0	0.0	0.0	1.0	2	3512	22.8	742.0	-0.32	76.42	1
193.7	0	78.0	56.8	0.0	0.0	0.0	1.0	2	3297	24.2	741.3	-0.32	77.99	1
193.81	0	79.8	56.4	0.0	0.0	0.0	0.13	2	3178	25.8	740.5	-0.32	79.77	1
193.91	0	81.3	56.0	0.19	0.0	0.0	0.0	2	3171	27.2	739.7	-0.32	81.33	1
194.01	0	82.9	55.9	0.38	0.0	0.0	0.0	2	3191	28.6	739.0	-0.33	82.89	1
194.11	0	84.5	56.0	0.47	0.0	-0.01	0.0	2	3218	29.9	738.3	-0.27	84.47	1
194.21	0	86.0	56.3	0.51	0.0	-0.06	0.0	2	3237	31.3	737.6	-0.16	86.02	1
194.31	0	87.6	56.6	0.51	0.0	-0.08	0.0	2	3245	32.7	736.8	-0.06	87.59	1
194.41	0	89.2	56.9	0.52	0.0	-0.08	0.0	2	3272	34.1	736.1	0.03	89.16	1
194.51	0	90.7	57.2	0.54	0.0	-0.09	0.0	2	3298	35.5	735.3	0.1	90.75	1
194.61	0	92.3	57.6	0.56	0.0	-0.12	0.0	2	3326	36.9	734.5	0.16	92.34	1
194.71	0	93.9	58.0	0.56	0.0	-0.11	0.0	2	3351	38.2	733.7	0.2	93.94	1
194.81	0	95.6	58.5	0.57	0.0	-0.17	0.0	2	3379	39.6	732.8	0.21	95.56	1
194.91	0	97.2	58.9	0.58	0.0	-0.15	0.0	2	3409	41.0	732.0	0.2	97.19	1
195.01	0	98.8	59.4	0.58	0.0	-0.12	0.0	2	3434	42.4	731.1	0.15	98.83	1
195.11	0	100.5	59.9	0.58	0.0	-0.09	0.0	2	3466	43.7	730.1	0.08	100.49	1
195.21	0	102.2	60.4	0.58	0.0	-0.09	0.0	2	3525	45.1	729.2	0.11	102.15	1
195.31	0	103.8	61.0	0.58	0.0	-0.08	0.0	2	3525	46.5	728.2	0.13	103.84	1
195.41	0	105.5	61.5	0.58	0.0	-0.08	0.0	2	3561	47.8	727.2	0.13	105.54	1
195.52	0	107.3	62.1	0.58	0.0	-0.08	0.0	2	3599	49.2	726.1	0.11	107.27	1
195.61	0	109.0	62.7	0.58	0.0	-0.09	0.0	2	3634	50.6	725.1	0.07	108.99	1
195.71	0	110.7	63.3	0.58	0.0	-0.09	0.0	2	3670	52.0	724.0	0.01	110.74	1
195.81	0	112.5	63.9	0.58	0.0	-0.09	0.0	2	3709	53.3	722.9	-0.08	112.51	1
195.93	0	114.6	64.7	0.58	0.0	-0.09	0.0	2	3760	54.9	721.5	-0.2	114.58	1
196.03	0	116.4	65.3	0.58	0.0	-0.09	0.0	2	3800	56.3	720.4	-0.34	116.39	1
196.13	0	118.3	66.0	0.58	0.0	-0.06	0.0	2	3841	57.7	719.2	-0.42	118.25	1
196.23	0	120.1	66.7	0.58	0.0	-0.08	0.0	2	3882	59.0	717.9	-0.41	120.1	1
196.33	0	122.0	67.4	0.58	0.0	-0.07	0.0	2	3922	60.4	716.7	-0.42	121.96	1
196.43	0	123.8	68.2	0.57	0.0	-0.09	0.0	2	3964	61.8	715.4	-0.45	123.84	1
196.53	0	125.7	68.9	0.57	0.0	-0.11	0.0	2	4010	63.1	714.0	-0.5	125.75	1
196.63	0	127.7	69.5	0.57	0.0	-0.13	0.0	2	4087	64.5	712.7	-0.59	127.67	1
196.73	0	129.6	70.3	0.57	0.0	-0.13	0.0	2	4137	65.8	711.3	-0.71	129.6	1
196.83	0	131.6	71.2	0.57	0.0	-0.13	0.0	2	4127	67.2	709.8	-0.88	131.56	1
196.93	0	133.5	71.9	0.57	0.0	-0.08	0.0	2	4197	68.5	708.4	-1.09	133.54	1
197.03	0	135.7	72.7	0.57	0.0	-0.05	0.0	2	4253	69.8	706.8	-1.2	135.66	1
197.13	0	137.7	73.6	0.57	0.0	-0.04	0.0	2	4299	71.1	705.3	-1.26	137.69	1
197.23	0	139.7	74.5	0.57	0.0	-0.04	0.0	2	4348	72.4	703.7	-1.35	139.74	1
197.33	0	141.8	75.4	0.57	0.0	-0.04	0.0	2	4401	73.7	702.1	-1.45	141.82	1
197.43	0	143.9	76.3	0.57	0.0	-0.0	0.0	2	4457	75.1	700.4	-1.56	143.93	1
197.53	0	146.1	77.2	0.57	0.0	-0.0	0.0	2	4513	76.4	698.8	-1.69	146.06	1
197.63	0	148.2	78.2	0.57	0.0	-0.0	0.0	2	4571	77.7	697.1	-1.82	148.2	1
197.73	0	150.4	79.1	0.57	0.0	-0.0	0.0	2	4630	79.1	695.4	-1.96	150.39	1
197.83	0	152.8	80.1	0.56	0.0	-0.0	0.0	2	4691	80.4	693.6	-1.99	152.75	1
197.93	0	155.0	81.1	0.56	0.0	-0.04	0.0	2	4750	81.8	691.9	-1.96	154.99	1
198.03	0	157.3	82.1	0.55	0.0	-0.0	0.0	2	4809	83.2	690.1	-1.93	157.26	1
198.13	0	159.6	83.0	0.36	0.0	0.0	0.57	2	4801	84.6	688.3	-1.91	159.56	1
198.23	0	161.9	83.0	0.0	0.0	0.0	1.0	2	4630	86.1	686.4	-1.89	161.86	1
198.33	0	164.2	82.7	0.0	0.0	0.0	1.0	3	4345	87.5	684.6	-1.87	164.16	1
198.43	0	166.5	82.6	0.0	0.0	0.0	0.91	3	4034	88.9	682.8	-1.84	166.46	1
198.53	0	168.9	82.7	0.0	0.0	-0.06	0.21	3	3581	90.3	681.0	-1.76	168.95	1
198.63	0	171.2	82.2	0.0	0.0	-0.08	0.03	3	3540	91.7	679.2	-1.51	171.22	1
198.73	0	173.5	81.6	0.16	0.0	-0.2	0.0	3	3552	93.1	677.4	-1.28	173.49	1
198.83	0	175.7	81.3	0.21	0.0	-0.19	0.0	3	3549	94.4	675.5	-1.1	175.74	1
198.93	0	178.0	81.0	0.22	0.0	-0.08	0.0	3	3544	95.7	673.7	-0.95	177.99	1
199.03	0	180.2	80.9	0.25	0.0	-0.04	0.0	3	3537	96.9	671.9	-0.84	180.21	1
199.13	0	182.5	80.7	0.3	0.0	-0.04	0.0	3	3537	98.2	670.0	-0.75	182.47	1
199.23	0	184.7	80.7	0.32	0.0	-0.09	0.0	3	3536	99.4	668.1	-0.69	184.71	1
199.35	0	187.3	80.6	0.34	0.0	-0.17	0.0	3	3541	100.8	665.9	-0.47	187.34	1
199.45	0	189.6	80.5	0.36	0.0	-0.17	0.0	3	3543	101.9	664.0	-0.31	189.57	1
199.55	0	191.8	80.5	0.39	0.0	-0.2	0.0	3	3549	103.0	662.0	-0.19	191.81	1
199.65	0	194.0	80.5	0.41	0.0	-0.09	0.0	3	3555	104.1	660.1	-0.13	194.04	1
199.75	0	196.3	80.7	0.45	0.0	-0.05	0.0	3	3559	105.1	658.1	-0.11	196.28	1
199.85	0	198.5	80.8	0.46	0.0	-0.04	0.0	3	3565	106.1	656.1	-0.13	198.52	1
199.95	0	200.8	81.0	0.48	0.0	-0.03	0.0	3	3575	107.0	654.0	-0.18	200.76	1
200.05	0	203.0	81.2	0.48	0.0	-0.06	0.0	3	3586	108.0	652.0	-0.18	203.03	1
200.15	0	205.3	81.5	0.48	0.0	-0.09	0.0	3	3597	108.9	649.9	-0.09	205.29	1
200.25	0	207.6	81.7	0.48	0.0	-0.13	0.0	3	3608	109.8	647.8	-0.03	207.57	1
200.35	0	209.8	81.9	0.48	0.0	-0.13	0.0	3	3620	110.7	645.7	-0.0	209.83	1
200.45	0	212.1	82.1	0.48	0.0	-0.13	0.0	3	3636	111.5	643.6	-0.01	212.11	1
200.55	0	214.4	82.2	0.48	0.0	-0.09	0.0	3	3690	112.3	641.5	-0.07	214.39	1
200.65	0	216.7	82.5	0.49	0.0	-0.0	0.0	3	3630	113.1	639.3	-0.18	216.67	1
200.75	0	219.0	82.8	0.51	0.0	-0.0	0.0	3	3655	113.8	637.2	-0.33	218.96	1
200.85	0	221.3	83.0	0.51	0.0	-0.0	0.0	3	3676	114.5	635.0	-0.24	221.31	1
200.95	0	223.6	83.3	0.51	0.0	-0.0	0.0	3	3686	115.2	632.8	-0.13	223.61	1
201.05	0	226.0	83.6	0.47	0.0	-0.04	0.0	3	3692	115.9	630.5	-0.02	225.95	1
201.15	0	228.3	83.8	0.44	0.0	-0.09	0.0	3	3696	116.6	628.3	0.07	228.28	1
201.25	0	230.6	84.0	0.44	0.0	-0.09	0.0	3	3705	117.3	626.1	0.14	230.6	1
201.35	0	232.9	84.2	0.43	0.0	-0.08	0.0	3	3713	117.9	623.8	0.19	232.94	1
201.45	0	235.3	84.3	0.43	0.0	-0.09	0.0	3	3720	118.6	621.6	0.2	235.28	1
201.55	0	237.6	84.5	0.45	0.0	-0.04	0.0	3	3732	119.2	619.3	0.31	237.61	1
201.65	0	239.9	84.7	0.48	0.0	-0.02	0.0	3	3745	119.7	617.0	0.47	239.95	1
201.75	0	242.3	85.0	0.51	0.0	-0.02	0.0	3	3760	120.3	614.7	0.61	242.3	1
201.85	0	244.7	85.3	0.51	0.0	-0.02	0.0	3	3775	120.8	612.4	0.74	244.66	1
201.95	0	247.0	85.6	0.51	0.0	-0.02	0.0	3	3789	121.4	610.1	0.86	247.03	1
202.05	0	249.4	86.0	0.51	0.0	-0.06	0.0	3	3805	121.9	607.8	0.97	249.43	1
202.15	0	251.8	86.3	0.51	0.0	-0.06	0.0	3	3820	122.4	605.4	1.06	251.83	1
202.25	0	254.2	86.6	0.51	0.0	-0.06	0.0	3	3836	122.9	603.1	1.17	254.19	1
202.35	0	256.6	86.8	0.52	0.0	-0.06	0.0	3	3926	123.4	600.7	1.3	256.6	1
202.45	0	259.0	87.4	0.52	0.0	-0.04	0.0	3	3852	123.8	598.4	1.41	259.01	1
202.55	0	261.4	87.7	0.52	0.0	-0.03	0.0	3	3879	124.3	596.0	1.52	261.42	1
202.65	0	263.9	88.1	0.52	0.0	-0.04	0.0	3	3911	124.7	593.6	1.63	263.86	1
202.75	0	266.3	88.5	0.52	0.0	-0.04	0.0	3	3922	125.1	591.1	1.72	266.31	1
202.85	0	268.8	88.9	0.52	0.0	-0.03	0.0	3	3936	125.5	588.7	1.77	268.84	1
202.95	0	271.3	89.3	0.52	0.0	-0.04	0.0	3	3961	125.9	586.3	1.75	271.31	1
203.05	0	273.8	89.6	0.52	0.0	-0.04	0.0	3	3985	126.3	583.8	1.72	273.79	1
203.15	0	276.2	90.1	0.52	0.0	-0.02	0.0	3	4002	126.7	581.3	1.74	276.21	1
203.25	0	278.7	90.5	0.52	0.0	-0.04	0.0	3	4013	127.0	578.9	1.8	278.72	1
203.35	0	281.2	90.9	0.52	0.0	-0.04	0.0	3	4032	127.3	576.4	1.83	281.24	1
203.45	0	283.8	91.3	0.52	0.0	-0.02	0.0	3	4052	127.6	573.8	1.85	283.77	1
203.55	0	286.3	91.7	0.52	0.0	-0.0	0.0	3	4071	127.9	571.3	1.85	286.31	1
203.65	0	288.9	92.2	0.52	0.0	-0.0	0.0	3	4090	128.2	568.8	1.84	288.87	1
203.75	0	291.5	92.5	0.47	0.0	-0.0	0.0	3	4128	128.5	566.2	1.8	291.46	1
203.85	0	294.0	92.8	0.36	0.0	0.0	0.0	3	4099	128.8	563.7	1.74	294.03	1
203.95	0	296.6	92.9	0.32	0.0	0.0	0.0	3	4075	129.1	561.1	1.69	296.61	1
204.05	0	299.2	92.9	0.32	0.0	0.0	0.0	3	4083	129.3	558.6	1.64	299.18	1
204.15	0	301.8	93.0	0.32	0.0	0.0	0.0	3	4084	129.6	556.0	1.58	301.78	1
204.25	0	304.4	93.0	0.32	0.0	0.0	0.0	3	4088	129.9	553.4	1.52	304.38	1
204.35	0	307.0	93.0	0.32	0.0	0.02	0.0	3	4086	130.2	550.8	1.43	306.96	1
204.45	0	309.6	93.0	0.32	0.0	0.12	0.0	3	4090	130.5	548.3	1.35	309.55	1
204.55	0	312.1	93.0	0.33	0.0	0.14	0.0	3	4094	130.8	545.7	1.3	312.13	1
204.65	0	314.7	93.0	0.33	0.0	0.07	0.0	3	4093	131.2	543.1	1.3	314.72	1
204.75	0	317.3	93.1	0.33	0.0	0.05	0.0	3	4092	131.6	540.6	1.33	317.28	1
204.85	0	319.8	93.1	0.33	0.0	0.01	0.0	3	4092	132.0	538.0	1.51	319.8	1
204.95	0	322.4	93.1	0.33	0.0	0.01	0.0	3	4092	132.4	535.5	1.73	322.38	1
205.05	0	324.9	93.1	0.33	0.0	0.0	0.0	3	4093	132.9	533.0	1.97	324.94	1
205.15	0	327.7	93.2	0.34	0.0	0.0	0.0	3	4103	133.4	530.4	2.04	327.68	1
205.25	0	330.3	93.3	0.36	0.0	0.0	0.0	3	4105	133.8	527.9	2.11	330.26	1
205.35	0	332.9	93.4	0.36	0.0	0.0	0.0	3	4109	134.3	525.3	2.19	332.86	1
205.45	0	335.5	93.5	0.38	0.0	0.0	0.0	3	4121	134.8	522.8	2.27	335.46	1
205.55	0	338.1	93.7	0.41	0.0	0.0	0.0	3	4134	135.3	520.2	2.34	338.05	1
205.65	0	340.8	93.9	0.43	0.0	0.04	0.0	3	4151	135.8	517.6	2.41	340.82	1
205.75	0	343.4	94.2	0.47	0.0	0.09	0.0	3	4161	136.3	515.1	2.33	343.43	1
205.85	0	346.0	94.5	0.47	0.0	0.1	0.0	3	4191	136.8	512.5	2.27	346.05	1
205.97	0	349.1	94.9	0.48	0.0	0.14	0.0	3	4212	137.4	509.5	2.24	349.12	1
206.08	0	352.2	95.2	0.48	0.0	0.15	0.0	3	4232	138.1	506.5	2.27	352.16	1
206.18	0	354.8	95.5	0.49	0.0	0.15	0.0	3	4252	138.8	504.0	2.35	354.8	1
206.28	0	357.7	95.9	0.49	0.0	0.09	0.0	3	4268	139.5	501.4	2.33	357.68	1
206.38	0	360.4	96.3	0.49	0.0	0.05	0.0	3	4279	140.3	498.9	2.28	360.35	1
206.48	0	363.0	96.6	0.49	0.0	0.05	0.0	3	4294	141.1	496.3	2.28	363.03	1
206.58	0	365.7	97.0	0.49	0.0	0.03	0.0	3	4327	142.0	493.8	2.31	365.71	1
206.68	0	368.4	97.5	0.49	0.0	0.05	0.0	3	4325	142.9	491.2	2.38	368.42	1
206.78	0	371.3	97.9	0.49	0.0	0.09	0.0	3	4330	143.8	488.7	2.46	371.31	1
206.88	0	374.0	98.2	0.51	0.0	0.1	0.0	3	4372	144.8	486.1	2.39	374.03	1
206.98	0	376.8	98.7	0.51	0.0	0.1	0.0	3	4394	145.8	483.6	2.34	376.77	1
207.08	0	379.5	99.1	0.51	0.0	0.14	0.0	3	4415	146.8	481.1	2.34	379.51	1
207.18	0	382.3	99.5	0.51	0.0	0.14	0.0	3	4437	147.9	478.5	2.39	382.27	1
207.28	0	385.0	99.9	0.51	0.0	0.14	0.0	3	4459	149.1	476.0	2.5	385.04	1
207.38	0	388.0	100.3	0.51	0.0	0.09	0.0	3	4477	150.3	473.5	2.56	388.04	1
207.48	0	390.8	100.7	0.51	0.0	0.09	0.0	3	4494	151.6	471.0	2.56	390.82	1
207.58	0	393.6	101.2	0.51	0.0	0.01	0.0	3	4510	152.9	468.6	2.62	393.62	1
207.68	0	396.4	101.7	0.52	0.0	0.01	0.0	3	4532	154.3	466.1	2.72	396.44	1
207.78	0	399.3	102.2	0.52	0.0	0.0	0.0	3	4553	155.7	463.7	2.86	399.27	1
207.88	0	402.4	102.7	0.52	0.0	0.0	0.0	3	4576	157.2	461.2	2.98	402.41	1
207.98	0	405.3	103.1	0.52	0.0	0.0	0.0	3	4680	158.6	458.8	2.86	405.26	1
208.08	0	408.1	103.9	0.52	0.0	0.0	0.0	3	4597	160.1	456.3	2.75	408.14	1
208.18	0	411.0	104.4	0.52	0.0	0.09	0.0	3	4644	161.6	453.8	2.66	411.04	1
208.28	0	413.9	104.9	0.52	0.0	0.11	0.0	3	4694	163.1	451.3	2.58	413.93	1
208.38	0	416.9	105.4	0.52	0.0	0.16	0.0	3	4710	164.7	448.9	2.54	416.86	1
208.48	0	420.0	105.9	0.52	0.0	0.16	0.0	3	4736	166.3	446.4	2.33	420.0	1
208.58	0	422.9	106.3	0.52	0.0	0.14	0.0	3	4769	167.9	444.0	2.16	422.93	1
208.68	0	425.9	106.8	0.52	0.0	0.09	0.0	3	4790	169.7	441.6	2.05	425.9	1
208.78	0	428.9	107.3	0.52	0.0	0.09	0.0	3	4800	171.5	439.2	2.03	428.86	1
208.88	0	431.8	107.8	0.52	0.0	0.06	0.0	3	4848	173.3	436.9	2.07	431.85	1
208.98	0	434.9	108.4	0.52	0.0	0.06	0.0	3	4844	175.3	434.6	2.08	434.94	1
209.08	0	438.0	108.9	0.52	0.0	0.1	0.0	3	4884	177.2	432.3	2.11	437.96	1
209.18	0	441.0	109.3	0.52	0.0	0.14	0.0	3	4922	179.3	430.0	2.21	440.99	1
209.28	0	444.0	109.8	0.52	0.0	0.14	0.0	3	4981	181.4	427.8	2.38	444.03	1
209.38	0	447.1	110.4	0.52	0.0	0.14	0.0	3	4921	183.5	425.7	2.63	447.07	1
209.48	0	450.4	110.8	0.52	0.0	0.1	0.0	3	4969	185.8	423.6	2.76	450.42	1
209.58	0	453.5	111.4	0.52	0.0	0.05	0.0	3	5000	188.0	421.5	2.86	453.49	1
209.68	0	456.6	112.0	0.52	0.0	-0.02	0.0	3	5000	190.4	419.4	3.01	456.6	1
209.78	0	459.7	112.6	0.52	0.0	-0.04	0.0	3	5045	192.7	417.4	3.19	459.71	1
209.88	0	462.8	113.2	0.49	0.0	-0.06	0.0	3	5078	195.1	415.4	3.4	462.83	1
209.98	0	466.3	113.8	0.49	0.0	-0.06	0.0	3	5063	197.5	413.3	3.4	466.28	1
210.08	0	469.4	114.3	0.49	0.0	-0.05	0.0	3	5081	199.9	411.3	3.32	469.44	1
210.18	0	472.6	114.8	0.49	0.0	0.0	0.0	3	5145	202.3	409.2	3.23	472.62	1
210.28	0	475.8	115.4	0.49	0.0	0.0	0.0	3	5142	204.8	407.1	3.12	475.82	1
210.38	0	479.2	115.9	0.49	0.0	0.0	0.0	3	5164	207.2	405.0	2.99	479.16	1
210.48	0	482.4	116.5	0.49	0.0	-0.04	0.0	3	5188	209.6	402.9	2.73	482.37	1
210.58	0	485.6	116.9	0.47	0.0	-0.06	0.0	3	5220	212.0	400.7	2.44	485.6	1
210.68	0	488.8	117.4	0.47	0.0	-0.08	0.0	3	5234	214.4	398.5	2.16	488.77	1
210.78	0	492.0	117.9	0.47	0.0	-0.08	0.0	3	5257	216.8	396.3	1.95	492.04	1
210.88	0	495.3	118.4	0.47	0.0	-0.02	0.0	3	5276	219.2	394.1	1.69	495.3	1
210.98	0	498.5	118.8	0.47	0.0	-0.0	0.0	3	5303	221.6	391.8	1.47	498.49	1
211.08	0	501.8	119.3	0.47	0.0	-0.0	0.0	3	5320	224.0	389.5	1.34	501.81	1
211.18	0	505.1	119.9	0.51	0.0	-0.0	0.0	3	5353	226.3	387.2	1.19	505.12	1
211.28	0	508.4	120.5	0.47	0.0	0.0	0.0	3	5380	228.7	384.8	1.07	508.45	1
211.38	0	511.8	120.9	0.29	0.0	0.0	0.49	3	5329	231.1	382.4	0.98	511.79	1
211.48	0	515.1	120.6	0.0	0.0	0.0	1.0	3	5079	233.5	380.1	0.88	515.14	1
211.58	0	518.5	120.2	0.0	0.0	-0.02	1.0	3	4765	235.8	377.7	0.69	518.52	1
211.68	0	521.8	119.8	0.0	0.0	-0.01	0.91	4	4430	238.2	375.3	0.46	521.84	1
211.78	0	525.1	119.3	0.0	0.0	-0.06	0.11	4	4265	240.5	373.0	0.22	525.13	1
211.88	0	528.4	118.6	0.0	0.0	-0.06	0.0	4	4236	242.8	370.6	0.27	528.45	1
211.98	0	531.7	118.0	0.23	0.0	-0.06	0.0	4	4258	245.1	368.3	0.29	531.72	1
212.08	0	535.0	117.8	0.25	0.0	-0.06	0.0	4	4258	247.4	365.9	0.28	535.0	1
212.18	0	538.3	117.6	0.34	0.0	-0.02	0.0	4	4267	249.6	363.5	0.25	538.27	1
212.28	0	541.5	117.6	0.41	0.0	-0.0	0.0	4	4279	251.8	361.1	0.19	541.53	1
212.38	0	544.8	117.6	0.45	0.0	-0.0	0.0	4	4291	254.0	358.7	0.12	544.8	1
212.48	0	548.1	117.8	0.52	0.0	-0.0	0.0	4	4313	256.2	356.2	0.04	548.07	1
212.58	0	551.4	118.1	0.54	0.0	-0.0	0.0	4	4331	258.4	353.8	-0.05	551.36	1
212.68	0	554.6	118.4	0.54	0.0	-0.0	0.0	4	4342	260.6	351.3	-0.15	554.63	1
212.78	0	557.9	118.7	0.54	0.0	-0.08	0.0	4	4355	262.8	348.9	-0.25	557.92	1
212.88	0	561.2	119.0	0.54	0.0	-0.13	0.0	4	4369	264.9	346.4	-0.37	561.22	1
212.98	0	564.5	119.3	0.54	0.0	-0.13	0.0	4	4385	267.1	343.9	-0.54	564.52	1
213.08	0	567.8	119.5	0.56	0.0	-0.1	0.0	4	4403	269.2	341.3	-0.76	567.83	1
213.18	0	571.3	119.8	0.56	0.0	-0.0	0.0	4	4413	271.3	338.8	-1.01	571.29	1
213.28	0	574.6	120.2	0.56	0.0	0.0	0.0	4	4421	273.3	336.1	-0.89	574.61	1
213.38	0	578.0	120.5	0.56	0.0	0.0	0.0	4	4430	275.3	333.4	-0.82	577.96	1
213.48	0	581.3	120.9	0.56	0.0	0.0	0.0	4	4441	277.3	330.8	-0.78	581.31	1
213.58	0	584.7	121.2	0.56	0.0	0.0	0.0	4	4454	279.3	328.0	-0.75	584.68	1
213.68	0	588.1	121.6	0.56	0.0	-0.02	0.0	4	4467	281.3	325.3	-0.73	588.05	1
213.78	0	591.4	122.0	0.56	0.0	-0.06	0.0	4	4481	283.3	322.6	-0.73	591.43	1
213.88	0	594.8	122.3	0.56	0.0	-0.06	0.0	4	4497	285.3	319.8	-0.74	594.83	1
213.98	0	598.2	122.7	0.56	0.0	-0.06	0.0	4	4512	287.2	317.0	-0.77	598.23	1
214.08	0	601.6	123.0	0.56	0.0	-0.08	0.0	4	4526	289.2	314.2	-0.84	601.64	1
214.18	0	605.1	123.4	0.56	0.0	-0.07	0.0	4	4543	291.1	311.4	-0.95	605.06	1
214.28	0	608.5	123.7	0.52	0.0	-0.06	0.0	4	4546	293.0	308.5	-1.1	608.49	1
214.38	0	611.9	124.0	0.53	0.0	-0.04	0.0	4	4555	294.8	305.6	-1.3	611.92	1
214.48	0	615.4	124.2	0.51	0.0	-0.0	0.0	4	4560	296.6	302.7	-1.54	615.36	1
214.58	0	619.0	124.5	0.51	0.0	-0.0	0.0	4	4566	298.4	299.7	-1.51	619.05	1
214.68	0	622.5	124.8	0.51	0.0	-0.0	0.0	4	4573	300.2	296.7	-1.32	622.5	1
214.78	0	626.0	125.0	0.51	0.0	-0.08	0.0	4	4585	301.9	293.7	-1.14	625.96	1
214.88	0	629.4	125.3	0.55	0.0	-0.08	0.0	4	4606	303.7	290.7	-0.99	629.44	1
214.98	0	632.9	125.7	0.55	0.0	-0.07	0.0	4	4622	305.4	287.7	-0.87	632.92	1
215.08	0	636.4	126.0	0.55	0.0	-0.08	0.0	4	4637	307.1	284.7	-0.78	636.41	1
215.18	0	639.9	126.3	0.55	0.0	-0.08	0.0	4	4651	308.8	281.6	-0.73	639.92	1
215.28	0	643.4	126.6	0.55	0.0	-0.06	0.0	4	4661	310.4	278.5	-0.74	643.43	1
215.38	0	646.9	126.9	0.55	0.0	-0.06	0.0	4	4676	312.0	275.3	-0.8	646.94	1
215.48	0	650.5	127.3	0.55	0.0	-0.01	0.0	4	4686	313.5	272.1	-0.9	650.49	1
215.58	0	654.0	127.6	0.55	0.0	-0.0	0.0	4	4697	315.0	268.9	-1.05	654.02	1
215.68	0	657.6	128.0	0.55	0.0	-0.0	0.0	4	4707	316.5	265.7	-1.24	657.56	1
215.8	0	661.7	128.4	0.55	0.0	-0.0	0.0	4	4721	318.2	261.9	-1.48	661.72	1
215.9	0	665.5	128.8	0.55	0.0	-0.0	0.0	4	4735	319.7	258.7	-1.31	665.5	1
216.0	0	669.1	129.2	0.55	0.0	-0.0	0.0	4	4748	321.1	255.4	-1.04	669.06	1
216.1	0	672.6	129.5	0.55	0.0	-0.06	0.0	4	4762	322.6	252.1	-0.77	672.64	1
216.2	0	676.2	129.9	0.55	0.0	-0.08	0.0	4	4778	324.0	248.8	-0.51	676.24	1
216.3	0	679.9	130.2	0.55	0.0	-0.08	0.0	4	4794	325.4	245.5	-0.29	679.85	1
216.4	0	683.5	130.6	0.55	0.0	-0.09	0.0	4	4811	326.8	242.1	-0.1	683.46	1
216.5	0	687.1	130.9	0.55	0.0	-0.09	0.0	4	4830	328.2	238.7	0.05	687.1	1
216.6	0	690.7	131.2	0.55	0.0	-0.09	0.0	4	4841	329.4	235.4	0.13	690.7	1
216.7	0	694.3	131.5	0.55	0.0	-0.09	0.0	4	4853	330.7	231.9	0.15	694.35	1
216.8	0	698.0	131.8	0.55	0.0	-0.09	0.0	4	4867	331.9	228.5	0.1	698.01	1
216.9	0	701.7	132.0	0.55	0.0	-0.09	0.0	4	4879	333.0	225.0	-0.02	701.68	1
217.0	0	705.3	132.3	0.55	0.0	-0.09	0.0	4	4888	334.0	221.5	-0.21	705.33	1
217.1	0	709.1	132.6	0.55	0.0	-0.09	0.0	4	4901	335.0	217.9	-0.38	709.06	1
217.2	0	712.7	132.9	0.55	0.0	-0.09	0.0	4	4904	335.9	214.3	-0.24	712.74	1
217.3	0	716.4	133.2	0.55	0.0	-0.06	0.0	4	4922	336.7	210.7	-0.17	716.44	1
217.4	0	720.1	133.5	0.55	0.0	0.0	0.0	4	4929	337.5	207.1	-0.17	720.14	1
217.5	0	723.9	133.9	0.57	0.0	0.0	0.0	4	4942	338.2	203.5	-0.23	723.85	1
217.6	0	727.6	134.3	0.57	0.0	0.0	0.0	4	4952	338.9	199.8	-0.33	727.59	1
217.7	0	731.3	134.7	0.57	0.0	0.0	0.0	4	4968	339.5	196.1	-0.45	731.31	1
217.8	0	735.1	135.2	0.57	0.0	0.0	0.0	4	4983	340.1	192.4	-0.6	735.05	1
217.9	0	738.8	135.6	0.58	0.0	0.0	0.0	4	5003	340.8	188.7	-0.75	738.83	1
217.99	0	742.6	136.1	0.58	0.0	0.0	0.0	4	5020	341.4	185.0	-0.91	742.55	1
218.09	0	746.3	136.6	0.58	0.0	0.0	0.0	4	5039	342.0	181.3	-1.07	746.34	1
218.19	0	750.1	137.0	0.58	0.0	0.0	0.0	4	5056	342.7	177.6	-1.23	750.13	1
218.29	0	753.9	137.5	0.58	0.0	0.0	0.0	4	5074	343.3	173.8	-1.38	753.94	1
218.39	0	757.8	137.9	0.58	0.0	0.0	0.0	4	5108	343.9	170.0	-1.36	757.84	1
218.49	0	761.7	138.5	0.58	0.0	0.0	0.0	4	5100	344.6	166.2	-1.32	761.67	1
218.59	0	765.6	138.9	0.58	0.0	-0.04	0.0	4	5127	345.2	162.4	-1.23	765.58	1
218.69	0	769.4	139.4	0.58	0.0	-0.06	0.0	4	5150	345.9	158.6	-1.11	769.42	1
218.79	0	773.3	139.9	0.58	0.0	-0.06	0.0	4	5166	346.5	154.8	-0.98	773.34	1
218.89	0	777.2	140.3	0.58	0.0	-0.08	0.0	4	5185	347.1	151.0	-0.73	777.24	1
218.99	0	781.1	140.7	0.58	0.0	-0.08	0.0	4	5209	347.7	147.1	-0.53	781.12	1
219.09	0	785.0	141.2	0.58	0.0	-0.07	0.0	4	5229	348.2	143.2	-0.21	785.03	1
219.19	0	789.0	141.6	0.58	0.0	-0.07	0.0	4	5251	348.6	139.3	0.13	788.97	1
219.3	0	792.9	142.0	0.58	0.0	-0.07	0.0	4	5256	349.0	135.4	0.42	792.92	1
219.4	0	796.9	142.4	0.58	0.0	-0.07	0.0	4	5280	349.4	131.4	0.68	796.86	1
219.5	0	800.8	142.8	0.58	0.0	-0.06	0.0	4	5291	349.6	127.5	0.87	800.81	1
219.6	0	804.8	143.2	0.51	0.0	-0.0	0.19	4	5291	349.8	123.5	1.0	804.78	1
219.7	0	808.8	143.2	0.21	0.0	0.0	0.98	4	5226	350.0	119.5	1.07	808.77	1
219.8	0	812.7	142.7	0.0	0.0	0.0	1.0	4	4904	350.1	115.6	1.1	812.73	1
219.9	0	816.7	142.2	0.0	0.0	0.0	0.95	5	4575	350.1	111.6	1.11	816.71	1
220.0	0	820.6	141.8	0.0	0.0	0.0	0.15	5	4263	350.2	107.7	1.1	820.64	1
220.1	0	824.6	141.0	0.0	0.0	0.0	0.04	5	4238	350.3	103.7	1.1	824.56	1
220.2	0	828.5	140.6	0.34	0.0	0.0	0.0	5	4280	350.3	99.8	1.09	828.48	1
220.3	0	832.4	140.4	0.46	0.0	0.0	0.0	5	4301	350.4	95.9	1.09	832.39	1
220.4	0	836.3	140.4	0.51	0.0	0.0	0.0	5	4309	350.5	92.0	1.1	836.3	1
220.5	0	840.2	140.5	0.55	0.0	0.0	0.0	5	4318	350.5	88.1	1.12	840.19	1
220.6	0	844.1	140.6	0.56	0.0	0.0	0.0	5	4325	350.6	84.2	1.14	844.09	1
220.7	0	848.0	140.7	0.6	0.0	0.0	0.0	5	4337	350.7	80.3	1.18	848.0	1
220.8	0	851.9	140.9	0.63	0.0	-0.01	0.0	5	4350	350.8	76.4	1.24	851.9	1
220.9	0	855.8	141.1	0.63	0.0	-0.01	0.0	5	4360	350.9	72.5	1.31	855.83	1
221.0	0	859.7	141.4	0.63	0.0	-0.01	0.0	5	4365	350.9	68.6	1.37	859.75	1
221.1	0	863.7	141.6	0.63	0.0	-0.01	0.0	5	4373	351.0	64.6	1.44	863.65	1
221.2	0	867.6	141.9	0.66	0.0	-0.01	0.0	5	4385	351.1	60.7	1.54	867.59	1
221.3	0	871.5	142.1	0.69	0.0	-0.01	0.0	5	4400	351.1	56.7	1.62	871.54	1
221.4	0	875.5	142.5	0.73	0.0	-0.01	0.0	5	4419	351.1	52.8	1.7	875.49	1
221.5	0	879.5	142.9	0.78	0.0	-0.01	0.0	5	4439	351.2	48.8	1.74	879.47	1
221.6	0	883.4	143.4	0.82	0.0	-0.01	0.0	5	4473	351.2	44.8	1.75	883.44	1
221.7	0	887.4	144.0	0.85	0.0	-0.01	0.0	5	4496	351.2	40.8	1.74	887.44	1
221.8	0	891.4	144.6	0.86	0.0	0.01	0.0	5	4518	351.2	36.9	1.73	891.44	1
221.9	0	895.5	145.3	0.89	0.0	0.01	0.0	5	4546	351.1	32.8	1.7	895.48	1
222.0	0	899.5	145.9	0.89	0.0	0.05	0.0	5	4570	351.1	28.8	1.67	899.52	1
222.1	0	903.6	146.7	0.89	0.0	0.06	0.0	5	4596	351.1	24.7	1.64	903.58	1
222.2	0	907.7	147.3	0.9	0.0	0.02	0.0	5	4622	351.1	20.6	1.64	907.68	1
222.3	0	911.8	148.1	0.95	0.0	0.01	0.0	5	4663	351.1	16.5	1.66	911.8	1
222.4	0	915.9	148.9	0.95	0.0	0.0	0.0	5	4671	351.1	12.4	1.71	915.89	1
222.5	0	920.0	149.7	0.95	0.0	-0.04	0.0	5	4731	351.2	8.3	1.79	920.04	1
222.6	0	924.2	150.5	0.95	0.0	-0.04	0.0	5	4740	351.3	4.1	1.88	924.21	1
222.7	0	928.4	151.4	0.95	0.0	-0.0	0.0	5	4763	351.4	-0.1	1.96	928.4	1
222.8	0	932.6	152.2	0.95	0.0	-0.0	0.0	5	4795	351.5	-4.3	2.03	932.62	1
222.9	0	936.9	153.1	0.95	0.0	0.0	0.0	5	4820	351.5	-8.6	2.09	936.87	1
223.0	0	941.1	153.9	0.95	0.0	0.02	0.0	5	4851	351.6	-12.8	2.14	941.12	1
223.1	0	945.4	154.8	0.95	0.0	0.02	0.0	5	4878	351.6	-17.1	2.18	945.41	1
223.2	0	949.7	155.7	0.95	0.0	0.01	0.0	5	4906	351.7	-21.4	2.22	949.72	1
223.3	0	954.1	156.5	0.95	0.0	-0.0	0.0	5	4935	351.7	-25.8	2.27	954.07	1
223.4	0	958.4	157.4	0.95	0.0	-0.0	0.0	5	4965	351.8	-30.1	2.34	958.42	1
223.5	0	962.8	158.3	0.95	0.0	-0.0	0.0	5	4991	351.8	-34.5	2.41	962.82	1
223.6	0	967.2	159.2	0.95	0.0	-0.0	0.0	5	5020	351.9	-38.9	2.49	967.22	1
223.7	0	971.7	160.1	0.95	0.0	-0.0	0.0	5	5057	352.0	-43.4	2.58	971.66	1
223.8	0	976.1	161.0	0.95	0.0	-0.0	0.0	5	5082	352.1	-47.8	2.68	976.12	1
223.9	0	980.6	161.9	0.95	0.0	-0.01	0.0	5	5112	352.2	-52.3	2.77	980.61	1
224.0	0	985.1	162.8	0.95	0.0	-0.01	0.0	5	5143	352.3	-56.8	2.87	985.1	1
224.1	0	989.6	163.7	0.95	0.0	-0.01	0.0	5	5174	352.4	-61.4	2.96	989.64	1
224.2	0	994.2	164.6	0.95	0.0	-0.01	0.0	5	5204	352.5	-65.9	3.05	994.2	1
224.3	0	998.8	165.6	0.95	0.0	-0.01	0.0	5	5227	352.6	-70.5	3.13	998.79	1
224.4	0	1003.4	166.5	0.95	0.0	-0.09	0.0	5	5267	352.6	-75.1	3.19	1003.39	1
224.5	0	1008.0	167.4	0.95	0.0	-0.06	0.0	5	5297	352.7	-79.7	3.23	1008.03	1
224.6	0	1012.7	168.2	0.95	0.0	-0.09	0.0	5	5334	352.6	-84.4	3.22	1012.69	1
224.7	0	1017.4	169.1	0.91	0.0	-0.0	0.0	5	5361	352.6	-89.1	3.15	1017.38	1
224.8	0	1022.1	169.9	0.91	0.0	0.0	0.0	5	5397	352.5	-93.8	3.03	1022.08	1
224.9	0	1026.8	170.7	0.91	0.0	0.0	0.0	5	5418	352.3	-98.5	2.85	1026.82	1
225.0	0	1031.6	171.6	0.91	0.0	0.02	0.0	5	5440	352.0	-103.3	2.61	1031.55	1
225.1	0	1036.3	172.4	0.91	0.0	0.02	0.0	5	5459	351.8	-108.0	2.33	1036.34	1
225.2	0	1041.1	173.3	0.91	0.0	0.02	0.0	5	5484	351.5	-112.8	2.03	1041.12	1
225.3	0	1045.9	174.2	0.89	0.0	-0.0	0.0	5	5505	351.1	-117.6	1.7	1045.93	1
225.4	0	1050.8	175.1	0.77	0.0	-0.0	0.0	5	5464	350.8	-122.5	1.37	1050.77	1
225.5	0	1055.6	175.2	0.69	0.0	0.03	0.0	5	5632	350.5	-127.3	1.05	1055.63	1
225.6	0	1060.5	175.9	0.67	0.0	0.03	0.0	5	5472	350.2	-132.2	0.73	1060.5	1
225.7	0	1065.4	176.2	0.62	0.0	0.05	0.0	5	5470	349.9	-137.1	0.44	1065.38	1
225.81	0	1071.1	176.3	0.48	0.0	0.12	0.0	5	5417	349.6	-142.8	0.16	1071.08	1
225.91	0	1076.0	175.9	0.47	0.0	0.02	0.0	5	5565	349.4	-147.7	-0.03	1075.98	1
226.01	0	1080.9	176.0	0.47	0.0	0.01	0.0	5	5428	349.3	-152.6	-0.17	1080.86	1
226.11	0	1085.8	175.9	0.47	0.0	0.0	0.0	5	5420	349.2	-157.5	-0.23	1085.76	1
226.21	0	1090.6	175.9	0.56	0.0	-0.09	0.0	5	5449	349.2	-162.3	-0.23	1090.63	1
226.31	0	1095.5	176.0	0.58	0.0	-0.11	0.0	5	5454	349.2	-167.2	-0.21	1095.52	1
226.41	0	1100.4	176.1	0.58	0.0	-0.02	0.0	5	5462	349.2	-172.1	-0.2	1100.41	1
226.51	0	1105.3	176.3	0.58	0.0	0.0	0.0	5	5469	349.2	-177.0	-0.21	1105.3	1
226.61	0	1110.2	176.4	0.58	0.0	0.06	0.0	5	5471	349.2	-181.9	-0.26	1110.2	1
226.71	0	1115.1	176.6	0.58	0.0	0.1	0.0	5	5471	349.1	-186.8	-0.34	1115.11	1
226.81	0	1120.0	176.7	0.58	0.0	0.05	0.0	5	5477	349.0	-191.7	-0.41	1120.0	1
226.91	0	1124.9	176.8	0.58	0.0	0.03	0.0	5	5487	349.0	-196.6	-0.46	1124.94	1
227.01	0	1129.8	177.0	0.6	0.0	0.01	0.0	5	5501	349.0	-201.5	-0.47	1129.83	1
227.11	0	1134.8	177.2	0.62	0.0	0.01	0.0	5	5511	349.0	-206.5	-0.42	1134.75	1
227.21	0	1139.7	177.4	0.63	0.0	-0.0	0.0	5	5521	349.1	-211.4	-0.34	1139.68	1
227.31	0	1144.6	177.7	0.63	0.0	-0.0	0.0	5	5526	349.2	-216.3	-0.21	1144.6	1
227.41	0	1149.5	177.9	0.63	0.0	-0.0	0.0	5	5532	349.4	-221.3	-0.06	1149.55	1
227.51	0	1154.5	178.2	0.63	0.0	-0.0	0.0	5	5542	349.6	-226.2	0.12	1154.48	1
227.61	0	1159.4	178.5	0.63	0.0	-0.0	0.0	5	5555	349.7	-231.1	0.31	1159.43	1
227.71	0	1164.4	178.8	0.64	0.0	-0.0	0.0	5	5560	349.9	-236.1	0.5	1164.39	1
227.81	0	1169.4	179.0	0.64	0.0	-0.0	0.0	5	5570	350.1	-241.1	0.7	1169.35	1
227.91	0	1174.3	179.3	0.65	0.0	-0.0	0.0	5	5580	350.3	-246.0	0.9	1174.34	1
228.01	0	1179.3	179.6	0.63	0.0	-0.0	0.0	5	5585	350.5	-251.0	1.1	1179.31	1
228.11	0	1184.3	179.9	0.64	0.0	-0.09	0.0	5	5595	350.7	-256.0	1.3	1184.29	1
228.23	0	1190.1	180.2	0.64	0.0	-0.0	0.0	5	5609	350.9	-261.8	1.51	1190.09	1
228.33	0	1195.1	180.3	0.64	0.0	-0.0	0.0	5	5693	351.1	-266.8	1.67	1195.09	1
228.43	0	1200.1	180.7	0.64	0.0	-0.05	0.0	5	5629	351.2	-271.8	1.79	1200.11	1
228.53	0	1205.1	181.0	0.64	0.0	-0.0	0.0	5	5641	351.3	-276.8	1.89	1205.14	1
228.63	0	1210.2	181.3	0.63	0.0	-0.0	0.0	5	5644	351.4	-281.9	1.96	1210.15	1
228.73	0	1215.2	181.5	0.64	0.0	-0.0	0.0	5	5649	351.4	-286.9	2.0	1215.21	1
228.83	0	1220.2	181.8	0.64	0.0	-0.06	0.0	5	5659	351.4	-291.9	2.01	1220.24	1
228.93	0	1225.3	182.1	0.62	0.0	-0.0	0.0	5	5663	351.4	-297.0	2.0	1225.29	1
229.03	0	1230.4	182.3	0.58	0.0	-0.0	0.0	5	5659	351.4	-302.1	1.96	1230.36	1
229.13	0	1235.4	182.4	0.45	0.0	0.0	0.18	5	5621	351.3	-307.1	1.9	1235.43	1
229.23	0	1240.5	182.1	0.27	0.0	0.0	0.73	5	5549	351.3	-312.2	1.82	1240.5	1
229.33	0	1245.5	181.4	0.0	0.0	0.0	1.0	5	5300	351.2	-317.3	1.73	1245.54	1
229.43	0	1250.6	180.6	0.0	0.0	0.0	1.0	5	4973	351.1	-322.3	1.63	1250.57	1
229.53	0	1255.6	179.8	0.0	0.0	0.0	1.0	5	4666	351.0	-327.3	1.53	1255.58	1
229.63	0	1260.6	179.1	0.0	0.0	0.0	1.0	5	4378	350.9	-332.3	1.43	1260.56	1
229.73	0	1265.5	178.3	0.0	0.0	0.0	1.0	5	4107	350.8	-337.3	1.34	1265.55	1
229.83	0	1270.5	177.6	0.0	0.0	0.0	1.0	5	3855	350.7	-342.2	1.25	1270.46	1
229.94	0	1276.0	176.7	0.0	0.0	0.0	1.0	5	3589	350.6	-347.7	1.15	1276.0	1
230.04	0	1280.9	176.0	0.0	0.0	0.0	1.0	5	3368	350.5	-352.6	1.07	1280.87	1
230.14	0	1285.7	175.3	0.0	0.0	0.0	1.0	5	3161	350.4	-357.5	0.99	1285.75	1
230.24	0	1290.6	174.5	0.0	0.0	0.0	1.0	4	2965	350.4	-362.3	0.92	1290.62	1
230.34	0	1295.5	173.8	0.0	0.0	0.0	1.0	4	2782	350.3	-367.2	0.85	1295.46	1
230.44	0	1300.3	173.1	0.0	0.0	0.0	1.0	4	2611	350.2	-372.0	0.79	1300.28	1
230.54	0	1305.1	172.4	0.0	0.0	0.0	1.0	4	2450	350.2	-376.8	0.73	1305.08	1
230.64	0	1309.9	171.7	0.0	0.0	0.0	1.0	4	2299	350.1	-381.6	0.67	1309.86	1
230.74	0	1314.6	171.0	0.0	0.0	0.0	1.0	4	2157	350.0	-386.3	0.62	1314.62	1
230.84	0	1319.3	170.3	0.0	0.0	0.0	1.0	4	2024	350.0	-391.1	0.57	1319.34	1
230.94	0	1324.1	169.6	0.0	0.0	0.0	1.0	4	1958	350.0	-395.8	0.53	1324.07	1
231.04	0	1328.8	168.9	0.0	0.0	0.0	1.0	4	1953	349.9	-400.5	0.49	1328.76	1
231.14	0	1333.5	168.2	0.0	0.0	0.0	1.0	4	1953	349.9	-405.2	0.45	1333.45	1
231.24	0	1338.1	167.6	0.0	0.0	0.02	1.0	4	1953	349.8	-409.8	0.42	1338.12	1
231.34	0	1342.8	166.9	0.0	0.0	0.02	1.0	4	1953	349.8	-414.5	0.4	1342.76	1
231.44	0	1347.4	166.2	0.0	0.0	0.02	1.0	4	1953	349.8	-419.1	0.39	1347.39	1
231.54	0	1352.0	165.5	0.0	0.0	0.02	1.0	4	1953	349.8	-423.7	0.39	1352.0	1
231.64	0	1356.6	164.9	0.0	0.0	0.02	1.0	4	1953	349.8	-428.3	0.42	1356.59	1
231.74	0	1361.2	164.2	0.0	0.0	0.02	1.0	4	1953	349.9	-432.9	0.47	1361.18	1
231.84	0	1365.7	163.6	0.0	0.0	0.02	1.0	4	1953	349.9	-437.4	0.54	1365.71	1
231.94	0	1370.2	162.9	0.0	0.0	0.01	1.0	4	1953	350.0	-441.9	0.63	1370.24	1
232.04	0	1374.8	162.3	0.0	0.0	0.0	1.0	4	1953	350.1	-446.5	0.75	1374.76	1
232.14	0	1379.2	161.6	0.0	0.0	0.0	1.0	4	1953	350.3	-451.0	0.89	1379.25	1
232.24	0	1383.7	161.0	0.0	0.0	0.0	1.0	4	1953	350.4	-455.4	1.04	1383.73	1
232.34	0	1388.2	160.4	0.0	0.0	0.0	1.0	4	1953	350.6	-459.9	1.2	1388.2	1
232.44	0	1392.6	159.7	0.0	0.0	0.0	1.0	4	1953	350.7	-464.3	1.37	1392.63	1
232.54	0	1397.1	159.1	0.0	0.0	0.0	1.0	4	1953	350.9	-468.8	1.54	1397.07	1
232.64	0	1401.5	158.5	0.0	0.0	0.0	1.0	4	1953	351.1	-473.2	1.72	1401.47	1
232.74	0	1405.9	157.9	0.0	0.0	-0.01	1.0	4	1953	351.3	-477.6	1.9	1405.86	1
232.84	0	1410.2	157.3	0.0	0.0	-0.04	1.0	4	1953	351.5	-482.0	2.09	1410.24	1
232.94	0	1414.6	156.7	0.0	0.0	-0.05	1.0	4	1953	351.6	-486.3	2.26	1414.59	1
233.04	0	1418.9	156.1	0.0	0.0	-0.07	1.0	3	1953	351.8	-490.6	2.42	1418.93	1
233.14	0	1423.2	155.5	0.0	0.0	-0.06	1.0	3	1953	351.9	-495.0	2.55	1423.25	1
233.24	0	1427.6	154.8	0.0	0.0	-0.04	1.0	3	1953	352.0	-499.3	2.64	1427.56	1
233.34	0	1431.9	154.2	0.0	0.0	-0.0	1.0	3	1953	352.0	-503.6	2.69	1431.86	1
233.44	0	1436.1	153.6	0.0	0.0	-0.0	1.0	3	1953	352.0	-507.8	2.71	1436.12	1
233.54	0	1440.4	153.0	0.0	0.0	-0.0	1.0	3	1953	352.0	-512.1	2.69	1440.38	1
233.64	0	1444.6	152.5	0.0	0.0	0.0	1.0	3	1953	352.0	-516.3	2.64	1444.63	1
233.74	0	1448.8	151.9	0.0	0.0	0.0	1.0	3	1953	351.9	-520.6	2.59	1448.84	1
233.84	0	1453.1	151.3	0.0	0.0	0.0	1.0	3	1953	351.9	-524.8	2.53	1453.06	1
233.94	0	1457.2	150.8	0.0	0.0	0.0	1.0	3	1953	351.8	-529.0	2.47	1457.24	1
234.04	0	1461.5	150.2	0.0	0.0	0.0	1.0	3	1953	351.7	-533.1	2.38	1461.46	1
234.14	0	1465.6	149.7	0.0	0.0	0.02	1.0	3	1953	351.7	-537.3	2.27	1465.6	1
234.24	0	1469.8	149.1	0.0	0.0	0.03	1.0	3	1953	351.6	-541.4	2.17	1469.77	1
234.34	0	1473.9	148.5	0.0	0.0	0.05	1.0	3	1953	351.6	-545.6	2.08	1473.9	1
234.44	0	1478.0	148.0	0.16	0.0	0.07	1.0	3	1965	351.6	-549.7	2.03	1478.02	1
234.54	0	1482.2	147.4	0.28	0.0	0.07	1.0	3	2004	351.7	-553.8	1.96	1482.15	1
234.64	0	1486.2	146.8	0.28	0.0	0.04	1.0	3	2034	351.8	-557.9	1.93	1486.24	1
234.74	0	1490.3	146.2	0.28	0.0	0.01	1.0	3	2062	351.9	-562.0	1.95	1490.31	1
234.84	0	1494.4	145.7	0.28	0.0	0.0	1.0	3	2089	352.1	-566.0	2.01	1494.36	1
234.94	0	1498.4	145.2	0.28	0.0	-0.07	1.0	3	2115	352.2	-570.0	2.09	1498.39	1
235.04	0	1502.4	144.6	0.28	0.0	-0.09	1.0	3	2140	352.4	-574.0	2.19	1502.4	1
235.14	0	1506.4	144.1	0.28	0.0	-0.08	1.0	3	2164	352.6	-578.1	2.23	1506.43	1
235.24	0	1510.4	143.5	0.28	0.0	-0.08	1.0	3	2186	352.7	-582.1	2.21	1510.41	1
235.34	0	1514.4	142.9	0.28	0.0	0.0	1.0	3	2208	352.8	-586.0	2.12	1514.4	1
235.44	0	1517.6	142.4	0.28	0.0	0.06	1.0	3	2228	352.8	-590.0	2.32	1517.61	1
235.54	0	1521.0	141.9	0.28	0.0	0.02	1.0	3	2248	352.8	-594.0	3.94	1520.99	1
235.64	0	1527.6	141.4	0.29	0.0	0.01	1.0	3	2268	352.8	-597.9	4.4	1527.57	1
235.77	0	1531.2	140.7	0.32	0.0	0.0	1.0	3	2314	352.7	-603.1	4.79	1531.16	1
235.87	0	1538.5	140.2	0.32	0.0	0.0	1.0	3	2352	352.7	-607.0	3.17	1538.45	1
235.97	0	1540.5	139.7	0.32	0.0	0.0	1.0	3	2388	352.7	-610.9	2.14	1540.48	1
236.07	0	1544.4	139.2	0.32	0.0	0.0	1.0	3	2423	352.7	-614.8	3.0	1544.45	1
236.17	0	1548.8	138.7	0.32	0.0	0.0	1.0	3	2457	352.7	-618.6	3.37	1548.79	1
236.27	0	1552.8	138.2	0.27	0.0	-0.02	1.0	3	2466	352.7	-622.5	3.25	1552.76	1
236.37	0	1556.5	137.7	0.17	0.0	-0.03	1.0	3	2430	352.7	-626.3	3.25	1556.54	1
236.47	0	1560.4	137.3	0.0	0.0	-0.04	1.0	3	2309	352.7	-630.1	3.24	1560.36	1
236.57	0	1564.2	136.8	0.0	0.0	-0.05	1.0	3	2167	352.7	-633.9	3.19	1564.25	1
236.67	0	1568.0	136.3	0.0	0.0	-0.05	1.0	3	2033	352.6	-637.7	3.04	1568.04	1
236.77	0	1571.7	135.8	0.0	0.0	-0.05	1.0	3	1959	352.5	-641.5	2.92	1571.66	1
236.87	0	1575.4	135.3	0.0	0.0	-0.08	1.0	3	1954	352.4	-645.3	2.9	1575.41	1
236.97	0	1579.1	134.8	0.0	0.0	-0.08	1.0	3	1953	352.2	-649.0	2.86	1579.11	1
237.07	0	1582.8	134.2	0.0	0.0	-0.08	1.0	3	1953	352.0	-652.7	2.82	1582.84	1
237.17	0	1586.6	133.7	0.0	0.0	-0.06	1.0	3	1953	351.7	-656.5	2.7	1586.61	1
237.27	0	1590.3	133.2	0.0	0.0	-0.07	1.0	3	1953	351.4	-660.2	2.5	1590.31	1
237.37	0	1594.0	132.7	0.0	0.0	-0.09	1.0	3	1953	351.0	-663.8	2.24	1593.98	1
237.47	0	1597.6	132.1	0.0	0.0	-0.08	1.0	3	1953	350.6	-667.5	1.94	1597.65	1
237.57	0	1601.2	131.6	0.0	0.0	-0.1	1.0	3	1953	350.0	-671.1	1.63	1601.21	1
237.67	0	1604.9	131.0	0.0	0.0	-0.12	1.0	3	1953	349.5	-674.7	1.36	1604.85	1
237.77	0	1608.4	130.5	0.0	0.0	-0.09	1.0	3	1953	348.8	-678.3	1.09	1608.39	1
237.87	0	1612.0	129.9	0.0	0.0	-0.1	1.0	3	1953	348.1	-681.8	0.98	1612.0	1
237.97	0	1615.6	129.4	0.0	0.0	-0.11	1.0	3	1953	347.3	-685.4	0.83	1615.57	1
238.07	0	1619.1	128.8	0.0	0.0	-0.13	1.0	3	1953	346.5	-688.8	0.79	1619.12	1
238.17	0	1622.7	128.2	0.0	0.0	-0.15	1.0	3	1953	345.5	-692.3	0.67	1622.68	1
238.27	0	1626.2	127.6	0.0	0.0	-0.17	1.0	3	1953	344.5	-695.7	0.51	1626.24	1
238.37	0	1629.8	127.0	0.0	0.0	-0.17	1.0	3	1953	343.5	-699.1	0.28	1629.78	1
238.47	0	1633.3	126.3	0.16	0.0	-0.19	1.0	3	1965	342.3	-702.4	0.43	1633.25	1
238.57	0	1636.7	125.5	0.23	0.0	-0.19	1.0	3	1994	341.1	-705.6	0.51	1636.75	1
238.67	0	1640.2	124.7	0.25	0.0	-0.19	1.0	3	2005	339.7	-708.8	0.46	1640.22	1
238.77	0	1643.7	124.0	0.25	0.0	-0.13	1.0	3	2018	338.2	-712.0	0.3	1643.68	1
238.87	0	1647.1	123.5	0.27	0.0	-0.0	1.0	3	2038	336.7	-715.1	0.06	1647.1	1
238.97	0	1650.5	122.9	0.3	0.0	-0.13	1.0	3	2066	335.1	-718.1	-0.27	1650.51	1
239.07	0	1654.0	122.4	0.32	0.0	-0.2	1.0	3	2113	333.5	-721.0	-0.17	1653.95	1
239.17	0	1657.3	121.8	0.32	0.0	-0.22	1.0	3	2159	331.7	-724.0	-0.07	1657.34	1
239.27	0	1660.7	121.1	0.32	0.0	-0.22	1.0	3	2204	329.9	-726.8	-0.05	1660.73	1
239.37	0	1664.1	120.5	0.32	0.0	-0.22	1.0	3	2247	328.1	-729.6	-0.13	1664.08	1
239.47	0	1667.4	119.7	0.32	0.0	-0.21	1.0	3	2288	326.1	-732.3	-0.31	1667.41	1
239.57	0	1670.7	118.9	0.34	0.0	-0.17	1.0	3	2331	324.1	-735.0	-0.6	1670.72	1
239.67	0	1674.1	118.1	0.4	0.0	-0.16	1.0	3	2396	322.0	-737.5	-0.63	1674.14	1
239.77	0	1677.4	117.4	0.4	0.0	-0.15	1.0	3	2475	319.9	-740.0	-0.52	1677.42	1
239.87	0	1680.7	116.8	0.38	0.0	-0.0	1.0	3	2548	317.6	-742.3	-0.52	1680.67	1
239.97	0	1683.9	116.3	0.38	0.0	-0.07	1.0	3	2612	315.3	-744.6	-0.6	1683.9	1
240.07	0	1687.1	115.9	0.38	0.0	-0.13	1.0	3	2673	313.0	-746.8	-0.76	1687.13	1
240.17	0	1690.3	115.4	0.38	0.0	-0.13	1.0	3	2732	310.6	-749.0	-0.98	1690.33	1
240.27	0	1693.7	114.9	0.38	0.0	-0.17	1.0	3	2788	308.2	-751.1	-1.19	1693.73	1
240.37	0	1696.9	114.4	0.38	0.0	-0.17	1.0	3	2843	305.8	-753.2	-1.01	1696.9	1
240.47	0	1700.1	113.9	0.38	0.0	-0.17	1.0	3	2901	303.3	-755.1	-0.92	1700.07	1
240.57	0	1703.2	113.2	0.38	0.0	-0.17	1.0	3	2973	300.8	-757.0	-0.9	1703.23	1
240.67	0	1706.4	112.6	0.38	0.0	-0.16	1.0	3	3061	298.2	-758.8	-1.0	1706.36	1
240.77	0	1709.5	112.1	0.38	0.0	-0.16	1.0	3	3169	295.6	-760.5	-1.2	1709.48	1
240.87	0	1712.6	111.5	0.38	0.0	-0.17	1.0	3	3299	292.9	-762.1	-1.48	1712.57	1
240.97	0	1715.9	111.0	0.38	0.0	-0.17	1.0	3	3455	290.2	-763.7	-1.62	1715.91	1
241.07	0	1719.0	110.5	0.38	0.0	-0.17	1.0	3	3641	287.6	-765.1	-1.59	1718.97	1
241.17	0	1722.0	110.0	0.36	0.0	-0.2	1.0	3	3845	284.8	-766.5	-1.65	1722.05	1
241.27	0	1725.1	109.5	0.36	0.0	-0.19	1.0	3	4071	282.1	-767.8	-1.79	1725.09	1
241.37	0	1728.1	109.0	0.36	0.0	-0.13	1.0	3	4331	279.3	-769.0	-2.03	1728.12	1
241.47	0	1731.1	108.5	0.36	0.0	-0.09	1.0	3	4626	276.5	-770.1	-2.35	1731.12	1
241.57	0	1734.1	108.0	0.36	0.0	-0.12	1.0	3	4957	273.6	-771.2	-2.75	1734.11	1
241.67	0	1737.0	107.5	0.36	0.0	-0.12	1.0	3	5321	270.8	-772.1	-3.2	1737.04	1
241.77	0	1740.0	107.0	0.36	0.0	-0.11	1.0	3	5720	268.0	-773.0	-3.58	1739.97	1
241.89	0	1745.3	106.5	0.35	0.0	-0.11	1.0	3	6206	264.7	-773.9	-3.36	1745.28	1
241.99	0	1748.1	106.8	0.0	0.0	-0.08	0.59	3	5776	261.8	-774.6	-2.65	1748.14	1
242.1	0	1751.3	107.7	0.0	0.0	-0.0	0.04	3	4674	258.6	-775.3	-1.88	1751.34	1
242.2	0	1754.2	107.0	0.0	0.0	-0.04	0.01	3	4620	255.7	-776.0	-1.22	1754.24	1
242.3	0	1757.1	106.3	0.0	0.0	-0.05	0.0	3	4589	252.8	-776.6	-0.58	1757.14	1
242.4	0	1760.0	105.6	0.0	0.0	-0.08	0.0	3	4559	249.9	-777.2	0.03	1760.02	1
242.5	0	1762.9	104.8	0.0	0.0	-0.09	0.0	3	4527	247.1	-777.7	0.32	1762.94	1
242.6	0	1765.8	104.1	0.0	0.0	-0.09	0.0	3	4482	244.2	-778.2	0.49	1765.85	1
242.7	0	1768.7	103.3	0.0	0.0	-0.13	0.0	3	4451	241.4	-778.7	0.64	1768.71	1
242.8	0	1771.6	102.5	0.0	0.0	-0.17	0.0	3	4439	238.5	-779.1	0.73	1771.57	1
242.9	0	1774.3	101.8	0.0	0.0	-0.17	0.0	3	4397	235.7	-779.4	0.9	1774.33	1
243.0	0	1777.1	101.0	0.0	0.0	-0.17	0.0	3	4365	232.9	-779.6	1.11	1777.13	1
243.1	0	1779.6	100.2	0.0	0.0	-0.14	0.0	3	4338	230.1	-779.8	1.46	1779.64	1
243.2	0	1782.3	99.4	0.0	0.0	-0.14	0.0	3	4287	227.3	-780.0	2.06	1782.34	1
243.3	0	1786.0	98.6	0.0	0.0	-0.17	0.0	3	4268	224.6	-780.0	2.5	1786.02	1
243.4	0	1788.7	97.8	0.0	0.0	-0.19	0.0	3	4232	221.8	-780.0	1.96	1788.72	1
243.5	0	1791.3	97.0	0.0	0.0	-0.2	0.0	3	4198	219.1	-779.9	1.34	1791.31	1
243.6	0	1793.9	96.2	0.0	0.0	-0.19	0.0	3	4164	216.5	-779.7	0.88	1793.88	1
243.7	0	1796.5	95.5	0.0	0.0	-0.16	0.0	3	4113	213.8	-779.4	0.34	1796.49	1
243.8	0	1799.1	94.6	0.0	0.0	-0.15	0.0	3	4093	211.2	-779.1	-0.14	1799.07	1
243.9	0	1801.7	93.8	0.0	0.0	-0.13	0.0	3	4059	208.6	-778.6	-0.64	1801.65	1
244.0	0	1804.4	93.1	0.0	0.0	-0.13	0.0	3	4023	206.1	-778.1	-0.94	1804.36	1
244.1	0	1806.9	92.4	0.0	0.0	-0.12	0.0	3	3997	203.6	-777.5	-1.12	1806.93	1
244.2	0	1809.7	91.8	0.0	0.0	-0.08	0.0	3	3961	201.1	-776.9	-1.02	1809.74	1
244.3	0	1812.3	91.1	0.0	0.0	-0.08	0.0	3	3941	198.6	-776.2	-0.76	1812.25	1
244.4	0	1814.8	90.5	0.0	0.0	-0.12	0.0	3	3913	196.2	-775.5	-0.43	1814.82	1
244.5	0	1817.3	89.8	0.0	0.0	-0.13	0.0	3	3886	193.8	-774.8	-0.08	1817.29	1
244.6	0	1819.8	89.2	0.16	0.0	-0.13	0.0	3	3886	191.4	-774.0	0.17	1819.77	1
244.7	0	1822.2	88.9	0.25	0.0	-0.13	0.0	3	3915	189.1	-773.2	0.34	1822.24	1
244.8	0	1824.7	88.7	0.27	0.0	-0.16	0.0	3	3901	186.8	-772.3	0.55	1824.66	1
244.9	0	1827.1	88.6	0.28	0.0	-0.16	0.0	3	3882	184.5	-771.4	0.8	1827.1	1
245.0	0	1829.6	88.4	0.28	0.0	-0.17	0.0	3	3882	182.3	-770.4	1.0	1829.56	1
245.1	0	1832.0	88.3	0.29	0.0	-0.17	0.0	3	3881	180.1	-769.3	1.14	1832.0	1
245.2	0	1834.5	88.2	0.29	0.0	-0.17	0.0	3	3876	177.9	-768.2	1.23	1834.46	1
245.3	0	1836.9	88.0	0.29	0.0	-0.17	0.0	3	3870	175.7	-767.1	1.25	1836.9	1
245.4	0	1839.3	87.9	0.3	0.0	-0.19	0.0	3	3867	173.6	-765.9	1.21	1839.34	1
245.5	0	1841.8	87.8	0.32	0.0	-0.17	0.0	3	3865	171.5	-764.7	1.1	1841.78	1
245.6	0	1844.2	87.7	0.34	0.0	-0.17	0.0	3	3866	169.4	-763.3	0.92	1844.21	1
245.72	0	1847.0	87.6	0.38	0.0	-0.17	0.0	3	3870	167.1	-761.7	0.63	1847.04	1
245.82	0	1849.4	87.6	0.38	0.0	-0.17	0.0	3	3871	165.1	-760.3	0.75	1849.37	1
245.92	0	1851.8	87.6	0.38	0.0	-0.17	0.0	3	3871	163.2	-758.8	0.79	1851.78	1
246.02	0	1854.2	87.6	0.38	0.0	-0.17	0.0	3	3872	161.3	-757.3	0.77	1854.22	1
246.12	0	1856.7	87.7	0.4	0.0	-0.17	0.0	3	3877	159.5	-755.7	0.68	1856.65	1
246.22	0	1859.1	87.7	0.4	0.0	-0.17	0.0	3	3880	157.7	-754.0	0.52	1859.08	1
246.32	0	1861.5	87.6	0.41	0.0	-0.16	0.0	3	3944	155.9	-752.3	0.3	1861.51	1
246.42	0	1863.9	87.8	0.43	0.0	-0.09	0.0	3	3871	154.2	-750.6	-0.0	1863.92	1
246.52	0	1866.3	88.0	0.45	0.0	-0.08	0.0	3	3883	152.6	-748.8	-0.39	1866.33	1
246.62	0	1868.7	88.2	0.45	0.0	-0.06	0.0	3	3903	151.0	-746.9	-0.81	1868.74	1
246.72	0	1871.4	88.4	0.45	0.0	0.02	0.0	3	3910	149.4	-745.0	-1.14	1871.4	1
246.82	0	1873.9	88.7	0.45	0.0	-0.0	0.0	3	3918	147.8	-743.1	-1.12	1873.87	1
246.92	0	1876.3	88.9	0.45	0.0	-0.03	0.0	3	3929	146.3	-741.3	-1.1	1876.32	1
247.02	0	1878.8	89.2	0.45	0.0	-0.06	0.0	3	3940	144.7	-739.4	-1.1	1878.8	1
247.12	0	1881.3	89.5	0.48	0.0	-0.06	0.0	3	3959	143.1	-737.4	-1.11	1881.28	1
247.22	0	1883.8	89.8	0.52	0.0	-0.06	0.0	3	3983	141.6	-735.5	-1.14	1883.77	1
247.32	0	1886.3	90.2	0.53	0.0	-0.06	0.0	3	4009	140.0	-733.5	-1.19	1886.27	1
247.42	0	1888.8	90.6	0.53	0.0	-0.06	0.0	3	4026	138.5	-731.5	-1.26	1888.78	1
247.52	0	1891.3	91.0	0.53	0.0	-0.08	0.0	3	4046	137.0	-729.5	-1.36	1891.31	1
247.62	0	1894.2	91.4	0.53	0.0	-0.08	0.0	3	4065	135.5	-727.5	-1.52	1894.16	1
247.72	0	1896.7	91.9	0.53	0.0	-0.07	0.0	3	4083	134.0	-725.4	-1.15	1896.68	1
247.82	0	1899.2	92.2	0.53	0.0	-0.09	0.0	3	4157	132.5	-723.3	-0.81	1899.23	1
247.92	0	1901.8	92.7	0.53	0.0	-0.09	0.0	3	4154	131.1	-721.2	-0.51	1901.75	1
248.02	0	1904.3	93.2	0.53	0.0	-0.09	0.0	3	4121	129.7	-719.0	-0.27	1904.33	1
248.12	0	1906.9	93.5	0.53	0.0	-0.12	0.0	3	4169	128.3	-716.8	-0.06	1906.91	1
248.22	0	1909.5	94.0	0.53	0.0	-0.12	0.0	3	4187	127.0	-714.6	0.11	1909.51	1
248.32	0	1912.1	94.4	0.53	0.0	-0.12	0.0	3	4205	125.7	-712.3	0.23	1912.13	1
248.42	0	1914.8	94.8	0.53	0.0	-0.13	0.0	3	4226	124.4	-710.0	0.31	1914.76	1
248.52	0	1917.4	95.2	0.48	0.0	-0.16	0.0	3	4238	123.1	-707.7	0.33	1917.38	1
248.62	0	1919.9	95.5	0.48	0.0	-0.16	0.0	3	4253	122.0	-705.3	0.78	1919.95	1
248.72	0	1922.6	95.8	0.48	0.0	-0.12	0.0	3	4266	120.8	-702.9	1.17	1922.57	1
248.82	0	1925.2	96.1	0.48	0.0	-0.12	0.0	3	4279	119.8	-700.5	1.5	1925.23	1
248.92	0	1927.9	96.5	0.49	0.0	-0.1	0.0	3	4294	118.8	-698.0	1.76	1927.86	1
249.02	0	1930.5	96.8	0.52	0.0	-0.06	0.0	3	4317	117.8	-695.5	1.97	1930.54	1
249.12	0	1933.2	97.3	0.54	0.0	-0.04	0.0	3	4339	116.9	-693.0	2.12	1933.23	1
249.22	0	1935.9	97.8	0.55	0.0	-0.04	0.0	3	4362	116.0	-690.4	2.23	1935.94	1
249.32	0	1938.7	98.3	0.55	0.0	-0.04	0.0	3	4408	115.1	-687.8	2.31	1938.66	1
249.42	0	1941.2	99.0	0.56	0.0	-0.04	0.0	3	4402	114.3	-685.2	2.43	1941.17	1
249.52	0	1943.9	99.5	0.56	0.0	-0.04	0.0	3	4432	113.5	-682.6	2.72	1943.9	1
249.62	0	1946.7	100.1	0.56	0.0	-0.06	0.0	3	4471	112.7	-679.9	3.0	1946.68	1
249.72	0	1949.4	100.7	0.55	0.0	-0.06	0.0	3	4488	111.9	-677.2	3.24	1949.44	1
249.82	0	1952.3	101.2	0.55	0.0	-0.06	0.0	3	4533	111.1	-674.5	3.47	1952.25	1
249.93	0	1955.5	101.9	0.55	0.0	-0.06	0.0	3	4545	110.3	-671.4	3.69	1955.5	1
250.03	0	1958.3	102.5	0.55	0.0	-0.06	0.0	3	4587	109.6	-668.7	3.85	1958.32	1
250.13	0	1961.2	103.1	0.55	0.0	-0.06	0.0	3	4607	108.9	-665.9	3.98	1961.17	1
250.23	0	1964.0	103.7	0.55	0.0	-0.06	0.0	3	4630	108.3	-663.1	4.07	1964.04	1
250.33	0	1967.0	104.3	0.55	0.0	-0.06	0.0	3	4658	107.7	-660.3	4.13	1966.95	1
250.43	0	1969.9	104.8	0.55	0.0	-0.06	0.0	3	4696	107.1	-657.4	4.13	1969.86	1
250.53	0	1972.8	105.5	0.55	0.0	-0.0	0.0	3	4709	106.5	-654.5	4.1	1972.77	1
250.63	0	1975.7	106.1	0.55	0.0	-0.0	0.0	3	4738	106.0	-651.7	4.04	1975.72	1
250.73	0	1978.7	106.5	0.55	0.0	-0.0	0.0	3	4858	105.5	-648.7	3.96	1978.66	1
250.83	0	1981.6	107.4	0.55	0.0	-0.0	0.0	3	4789	105.0	-645.8	3.87	1981.64	1
250.93	0	1984.6	108.1	0.58	0.0	0.0	0.0	3	4834	104.5	-642.9	3.76	1984.63	1
251.03	0	1987.6	108.6	0.58	0.0	0.0	0.0	3	4942	104.0	-639.9	3.65	1987.64	1
251.13	0	1990.7	109.7	0.58	0.0	0.0	0.0	3	4872	103.6	-636.9	3.53	1990.68	1
251.23	0	1993.8	110.2	0.6	0.0	0.0	0.0	3	5019	103.1	-633.9	3.4	1993.76	1
251.33	0	1996.8	111.1	0.62	0.0	0.0	0.0	3	5021	102.6	-630.9	3.27	1996.82	1
251.43	0	1999.9	112.0	0.62	0.0	0.0	0.0	3	5059	102.0	-627.8	3.14	1999.93	1
251.53	0	2003.1	113.0	0.62	0.0	0.0	0.0	3	5057	101.5	-624.7	3.02	2003.05	1
251.63	0	2006.2	113.8	0.63	0.0	-0.02	0.0	3	5139	100.9	-621.6	2.92	2006.2	1
251.73	0	2009.4	114.7	0.63	0.0	-0.02	0.0	3	5174	100.4	-618.5	2.82	2009.37	1
251.83	0	2012.6	115.7	0.64	0.0	-0.02	0.0	3	5212	99.8	-615.3	2.71	2012.58	1
251.93	0	2015.8	116.7	0.64	0.0	-0.02	0.0	3	5268	99.2	-612.2	2.59	2015.8	1
252.03	0	2019.0	117.6	0.66	0.0	-0.02	0.0	3	5322	98.7	-609.0	2.48	2019.0	1
252.13	0	2022.3	118.7	0.67	0.0	-0.02	0.0	3	5376	98.1	-605.7	2.4	2022.28	1
252.23	0	2025.6	119.8	0.67	0.0	-0.02	0.0	3	5427	97.6	-602.4	2.31	2025.6	1
252.33	0	2028.9	120.9	0.67	0.0	-0.02	0.0	3	5487	97.1	-599.1	2.2	2028.94	1
252.43	0	2032.3	122.1	0.69	0.0	-0.02	0.0	3	5544	96.5	-595.8	2.07	2032.33	1
252.53	0	2035.7	123.2	0.69	0.0	0.01	0.0	3	5599	96.0	-592.4	1.93	2035.72	1
252.63	0	2039.2	124.4	0.69	0.0	0.01	0.0	3	5655	95.5	-589.0	1.78	2039.16	1
252.73	0	2042.6	125.6	0.69	0.0	0.01	0.0	3	5724	95.0	-585.6	1.61	2042.64	1
252.83	0	2046.1	126.9	0.69	0.0	0.01	0.0	3	5764	94.5	-582.1	1.45	2046.13	1
252.93	0	2049.7	128.1	0.69	0.0	0.01	0.0	3	5816	94.0	-578.6	1.3	2049.68	1
253.03	0	2053.2	129.3	0.69	0.0	0.01	0.0	3	5885	93.5	-575.1	1.15	2053.23	1
253.13	0	2056.8	130.5	0.69	0.0	0.01	0.0	3	5946	93.0	-571.5	1.0	2056.84	1
253.23	0	2060.5	131.8	0.69	0.0	0.01	0.0	3	5995	92.5	-567.9	0.86	2060.48	1
253.33	0	2064.1	133.0	0.69	0.0	0.01	0.0	3	6074	92.0	-564.3	0.72	2064.15	1
253.43	0	2067.9	134.3	0.69	0.0	0.01	0.0	3	6114	91.4	-560.6	0.58	2067.87	1
253.53	0	2071.6	135.5	0.69	0.0	0.02	0.13	3	6177	90.8	-556.9	0.44	2071.62	1
253.63	0	2075.4	136.1	0.47	0.0	0.02	1.0	3	6492	90.3	-553.1	0.3	2075.4	1
253.73	0	2079.2	135.6	0.0	0.0	0.01	1.0	3	6568	89.7	-549.4	0.17	2079.17	1
253.83	0	2082.9	135.2	0.0	0.0	-0.0	1.0	4	6162	89.1	-545.7	0.06	2082.94	1
253.93	0	2086.7	134.8	0.0	0.0	-0.0	0.83	4	5664	88.5	-542.0	-0.03	2086.67	1
254.03	0	2090.4	135.0	0.0	0.0	-0.0	0.29	4	4840	87.8	-538.3	-0.12	2090.43	1
254.13	0	2094.2	134.2	0.0	0.0	-0.0	0.0	4	4793	87.2	-534.6	-0.2	2094.17	1
254.26	0	2098.8	133.7	0.4	0.0	-0.0	0.0	4	4873	86.4	-530.0	-0.29	2098.82	1
254.34	0	2102.0	133.8	0.45	0.0	0.02	0.0	4	4894	85.9	-526.9	-0.35	2102.03	1
254.44	0	2105.8	133.9	0.45	0.0	0.02	0.0	4	4901	85.2	-523.2	-0.42	2105.75	1
254.54	0	2109.5	134.1	0.45	0.0	0.02	0.0	4	4908	84.6	-519.5	-0.47	2109.48	1
254.64	0	2113.2	134.3	0.46	0.0	0.02	0.0	4	4916	83.9	-515.9	-0.51	2113.2	1
254.74	0	2116.9	134.5	0.5	0.0	0.02	0.0	4	4937	83.2	-512.2	-0.54	2116.93	1
254.84	0	2120.7	134.8	0.54	0.0	0.02	0.0	4	4959	82.5	-508.5	-0.55	2120.68	1
254.94	0	2124.4	135.2	0.54	0.0	0.02	0.0	4	4977	81.8	-504.9	-0.53	2124.42	1
255.04	0	2128.2	135.6	0.56	0.0	0.0	0.0	4	4996	81.0	-501.2	-0.5	2128.19	1
255.14	0	2132.0	136.0	0.56	0.0	0.0	0.0	4	5013	80.3	-497.5	-0.45	2131.96	1
255.24	0	2135.7	136.4	0.57	0.0	0.0	0.0	4	5029	79.5	-493.8	-0.39	2135.73	1
255.34	0	2139.5	136.9	0.58	0.0	0.0	0.0	4	5051	78.7	-490.0	-0.31	2139.54	1
255.45	0	2143.4	137.4	0.58	0.0	0.0	0.0	4	5069	77.9	-486.3	-0.23	2143.39	1
255.55	0	2147.2	137.8	0.58	0.0	0.0	0.0	4	5089	77.1	-482.5	-0.15	2147.23	1
255.66	0	2151.7	138.4	0.59	0.0	0.0	0.0	4	5111	76.1	-478.2	-0.04	2151.69	1
255.76	0	2155.5	138.9	0.59	0.0	-0.01	0.0	4	5130	75.3	-474.4	0.05	2155.54	1
255.86	0	2159.4	139.4	0.58	0.0	-0.01	0.0	4	5148	74.5	-470.6	0.14	2159.41	1
255.96	0	2163.3	139.9	0.58	0.0	-0.01	0.0	4	5167	73.6	-466.8	0.23	2163.28	1
256.06	0	2167.2	140.4	0.58	0.0	-0.01	0.0	4	5186	72.8	-463.0	0.31	2167.18	1
256.16	0	2171.1	140.9	0.58	0.0	-0.01	0.0	4	5205	72.0	-459.2	0.39	2171.08	1
256.26	0	2175.0	141.4	0.58	0.0	-0.01	0.0	4	5224	71.2	-455.4	0.45	2175.0	1
256.36	0	2178.9	141.9	0.58	0.0	-0.01	0.0	4	5243	70.4	-451.5	0.51	2178.95	1
256.46	0	2182.9	142.4	0.58	0.0	-0.01	0.0	4	5262	69.6	-447.6	0.55	2182.92	1
256.56	0	2186.9	142.9	0.58	0.0	-0.01	0.0	4	5281	68.8	-443.7	0.58	2186.88	1
256.66	0	2190.9	143.4	0.58	0.0	-0.01	0.0	4	5300	68.0	-439.8	0.59	2190.86	1
256.76	0	2194.8	143.9	0.58	0.0	-0.01	0.0	4	5319	67.2	-435.9	0.59	2194.84	1
256.86	0	2198.9	144.4	0.58	0.0	-0.01	0.0	4	5338	66.5	-432.0	0.57	2198.86	1
256.96	0	2202.9	144.9	0.58	0.0	-0.01	0.0	4	5358	65.8	-428.1	0.54	2202.86	1
257.06	0	2206.9	145.4	0.6	0.0	-0.01	0.0	4	5384	65.0	-424.1	0.5	2206.89	1
257.16	0	2210.9	146.0	0.6	0.0	0.0	0.0	4	5405	64.3	-420.1	0.44	2210.95	1
257.26	0	2215.0	146.5	0.6	0.0	0.0	0.0	4	5426	63.6	-416.1	0.37	2215.0	1
257.36	0	2219.1	147.1	0.61	0.0	0.0	0.0	4	5449	62.9	-412.1	0.29	2219.08	1
257.46	0	2223.2	147.7	0.62	0.0	0.0	0.0	4	5475	62.2	-408.0	0.2	2223.2	1
257.56	0	2227.3	148.3	0.62	0.0	0.0	0.0	4	5498	61.5	-404.0	0.1	2227.31	1
257.66	0	2231.4	148.9	0.62	0.0	0.0	0.0	4	5522	60.8	-399.9	-0.01	2231.43	1
257.76	0	2235.6	149.5	0.62	0.0	0.0	0.0	4	5543	60.1	-395.8	-0.11	2235.57	1
257.86	0	2239.7	150.1	0.62	0.0	0.0	0.0	4	5567	59.4	-391.7	-0.21	2239.74	1
257.96	0	2243.9	150.7	0.62	0.0	0.0	0.0	4	5590	58.7	-387.6	-0.31	2243.91	1
258.06	0	2248.1	151.3	0.62	0.0	0.0	0.0	4	5613	57.9	-383.5	-0.4	2248.1	1
258.16	0	2252.3	151.9	0.62	0.0	0.0	0.0	4	5636	57.2	-379.3	-0.48	2252.33	1
258.26	0	2256.5	152.5	0.62	0.0	0.0	0.0	4	5659	56.5	-375.2	-0.56	2256.54	1
258.36	0	2260.8	153.1	0.62	0.0	0.0	0.0	4	5683	55.7	-371.0	-0.63	2260.78	1
258.46	0	2265.1	153.7	0.62	0.0	0.0	0.0	4	5706	54.9	-366.8	-0.7	2265.05	1
258.56	0	2269.3	154.3	0.62	0.0	0.0	0.0	4	5729	54.2	-362.6	-0.76	2269.32	1
258.66	0	2273.6	154.9	0.62	0.0	0.0	0.0	4	5752	53.4	-358.4	-0.81	2273.62	1
258.76	0	2277.9	155.5	0.62	0.0	0.0	0.0	4	5776	52.6	-354.1	-0.86	2277.93	1
258.86	0	2282.3	156.1	0.62	0.0	0.0	0.0	4	5799	51.8	-349.9	-0.9	2282.26	1
258.96	0	2286.6	156.7	0.62	0.0	0.0	0.04	4	5822	51.0	-345.6	-0.94	2286.61	1
259.06	0	2291.0	157.2	0.52	0.0	0.0	0.92	4	5910	50.1	-341.4	-0.96	2290.95	1
259.16	0	2295.3	156.6	0.27	0.0	0.0	1.0	4	6393	49.3	-337.1	-0.98	2295.3	1
259.26	0	2299.7	156.0	0.0	0.0	-0.04	1.0	4	6060	48.5	-332.8	-0.99	2299.65	1
259.36	0	2304.0	155.5	0.0	0.0	-0.04	0.87	5	5600	47.6	-328.6	-1.01	2303.98	1
259.46	0	2308.3	155.6	0.0	0.0	-0.04	0.13	5	4694	46.8	-324.3	-1.03	2308.31	1
259.56	0	2312.6	154.7	0.0	0.0	-0.04	0.0	5	4648	46.0	-320.1	-1.07	2312.61	1
259.66	0	2316.9	153.8	0.0	0.0	-0.0	0.0	5	4620	45.3	-315.9	-1.14	2316.89	1
259.76	0	2321.2	153.0	0.0	0.0	0.0	0.0	5	4595	44.5	-311.7	-1.23	2321.16	1
259.86	0	2325.4	152.1	0.0	0.0	0.0	0.0	5	4570	43.8	-307.5	-1.34	2325.4	1
259.96	0	2329.6	151.3	0.0	0.0	0.0	0.0	5	4545	43.1	-303.3	-1.46	2329.6	1
260.06	0	2333.8	150.6	0.16	0.0	0.0	0.0	5	4556	42.5	-299.2	-1.59	2333.81	1
260.16	0	2338.0	150.1	0.25	0.0	0.0	0.0	5	4558	41.8	-295.1	-1.71	2337.97	1
260.26	0	2342.1	149.7	0.27	0.0	-0.04	0.0	5	4551	41.1	-291.0	-1.83	2342.13	1
260.36	0	2346.3	149.3	0.28	0.0	-0.02	0.0	5	4543	40.4	-286.9	-1.96	2346.27	1
260.46	0	2350.4	149.0	0.32	0.0	0.0	0.0	5	4540	39.8	-282.8	-2.1	2350.43	1
260.56	0	2354.6	148.7	0.34	0.0	0.0	0.0	5	4537	39.1	-278.7	-2.24	2354.57	1
260.66	0	2358.7	148.5	0.36	0.0	0.0	0.0	5	4532	38.5	-274.6	-2.39	2358.7	1
260.76	0	2362.8	148.3	0.36	0.0	0.02	0.0	5	4526	37.8	-270.5	-2.54	2362.81	1
260.86	0	2366.9	148.0	0.36	0.0	0.02	0.0	5	4520	37.2	-266.5	-2.68	2366.93	1
260.96	0	2371.0	147.8	0.36	0.0	0.01	0.0	5	4513	36.5	-262.4	-2.8	2371.03	1
261.06	0	2375.1	147.6	0.36	0.0	0.06	0.0	5	4507	35.8	-258.4	-2.9	2375.14	1
261.16	0	2379.2	147.3	0.36	0.0	0.01	0.0	5	4500	35.1	-254.4	-2.98	2379.22	1
261.26	0	2383.3	147.1	0.36	0.0	0.01	0.0	5	4492	34.3	-250.3	-3.03	2383.32	1
261.36	0	2387.4	146.9	0.36	0.0	0.01	0.0	5	4485	33.6	-246.3	-3.06	2387.39	1
261.46	0	2391.5	146.7	0.38	0.0	0.01	0.0	5	4481	32.8	-242.3	-3.07	2391.48	1
261.56	0	2395.6	146.5	0.41	0.0	0.01	0.0	5	4484	32.0	-238.3	-3.06	2395.55	1
261.66	0	2399.6	146.4	0.45	0.0	0.01	0.0	5	4486	31.2	-234.3	-3.05	2399.62	1
261.76	0	2403.7	146.4	0.47	0.0	0.01	0.0	5	4490	30.4	-230.3	-3.02	2403.68	1
261.86	0	2407.8	146.3	0.47	0.0	0.01	0.0	5	4489	29.6	-226.3	-2.99	2407.76	1
261.96	0	2411.8	146.3	0.47	0.0	0.01	0.0	5	4488	28.8	-222.4	-2.95	2411.82	1
262.06	0	2415.9	146.3	0.47	0.0	0.01	0.0	5	4487	28.0	-218.4	-2.91	2415.88	1
262.16	0	2419.9	146.2	0.47	0.0	0.07	0.0	5	4487	27.1	-214.4	-2.85	2419.94	1
262.26	0	2424.0	146.2	0.48	0.0	0.07	0.0	5	4490	26.3	-210.4	-2.78	2424.0	1
262.36	0	2428.1	146.2	0.48	0.0	0.07	0.0	5	4492	25.4	-206.5	-2.67	2428.06	1
262.46	0	2432.1	146.1	0.49	0.0	0.07	0.0	5	4493	24.5	-202.5	-2.52	2432.12	1
262.56	0	2436.2	146.1	0.5	0.0	0.01	0.0	5	4494	23.5	-198.6	-2.33	2436.18	1
262.66	0	2440.2	146.1	0.51	0.0	0.0	0.0	5	4495	22.5	-194.7	-2.08	2440.23	1
262.76	0	2444.3	146.1	0.52	0.0	0.0	0.0	5	4495	21.4	-190.7	-1.8	2444.27	1
262.86	0	2448.3	146.2	0.52	0.0	0.0	0.0	5	4496	20.3	-186.8	-1.48	2448.33	1
262.96	0	2452.4	146.2	0.52	0.0	0.0	0.0	5	4497	19.2	-182.9	-1.13	2452.37	1
263.06	0	2456.4	146.3	0.52	0.0	0.0	0.0	5	4509	18.1	-179.0	-0.78	2456.42	1
263.16	0	2460.4	146.4	0.54	0.0	0.0	0.0	5	4496	16.9	-175.1	-0.46	2460.44	1
263.26	0	2464.5	146.5	0.56	0.0	0.0	0.0	5	4509	15.8	-171.2	-0.24	2464.5	1
263.36	0	2468.6	146.6	0.58	0.0	0.0	0.0	5	4520	14.6	-167.3	-0.01	2468.57	1
263.46	0	2472.6	146.7	0.58	0.0	0.0	0.0	5	4526	13.5	-163.4	0.23	2472.64	1
263.56	0	2476.7	146.9	0.58	0.0	0.0	0.0	5	4529	12.3	-159.5	0.46	2476.71	1
263.66	0	2480.8	147.1	0.58	0.0	0.0	0.0	5	4531	11.1	-155.6	0.71	2480.79	1
263.76	0	2484.9	147.2	0.58	0.0	0.0	0.0	5	4543	9.9	-151.7	0.95	2484.86	1
263.86	0	2489.0	147.4	0.58	0.0	0.0	0.0	5	4548	8.8	-147.8	1.2	2488.96	1
263.96	0	2493.0	147.5	0.58	0.0	0.0	0.0	5	4549	7.6	-143.8	1.45	2493.04	1
264.06	0	2497.1	147.7	0.58	0.0	0.0	0.0	5	4554	6.4	-139.9	1.7	2497.13	1
264.16	0	2501.3	147.8	0.58	0.0	0.0	0.0	5	4559	5.2	-136.0	1.81	2501.34	1
264.26	0	2505.4	148.0	0.58	0.0	0.0	0.0	5	4563	4.0	-132.1	1.83	2505.44	1
264.36	0	2509.5	148.2	0.58	0.0	0.0	0.0	5	4573	2.8	-128.1	1.86	2509.55	1
264.46	0	2513.7	148.3	0.58	0.0	0.0	0.0	5	4578	1.6	-124.2	1.9	2513.67	1
264.56	0	2517.8	148.5	0.58	0.0	0.0	0.0	5	4581	0.4	-120.2	1.93	2517.79	1
264.66	0	2521.9	148.7	0.58	0.0	0.0	0.0	5	4586	-0.8	-116.3	1.97	2521.92	1
264.76	0	2526.0	148.9	0.6	0.0	0.02	0.0	5	4597	-2.0	-112.4	2.02	2526.05	1
264.86	0	2530.2	149.1	0.6	0.0	0.05	0.0	5	4602	-3.3	-108.4	2.07	2530.2	1
264.96	0	2534.3	149.2	0.6	0.0	0.1	0.0	5	4614	-4.5	-104.4	2.14	2534.33	1
265.06	0	2538.6	149.4	0.62	0.0	0.1	0.0	5	4628	-5.8	-100.5	2.23	2538.64	1
265.16	0	2542.8	149.5	0.62	0.0	0.06	0.0	5	4636	-7.1	-96.6	2.1	2542.8	1
265.26	0	2546.9	149.7	0.62	0.0	0.01	0.0	5	4640	-8.5	-92.7	2.03	2546.94	1
265.36	0	2551.1	149.9	0.62	0.0	0.01	0.0	5	4643	-10.0	-88.8	2.02	2551.1	1
265.46	0	2555.3	150.1	0.62	0.0	0.0	0.0	5	4643	-11.5	-84.9	2.06	2555.27	1
265.56	0	2559.4	150.3	0.62	0.0	0.0	0.0	5	4651	-13.0	-81.0	2.14	2559.44	1
265.68	0	2564.3	150.6	0.62	0.0	0.0	0.0	5	4657	-14.9	-76.5	2.27	2564.32	1
265.78	0	2568.5	150.8	0.62	0.0	0.0	0.0	5	4662	-16.5	-72.6	2.4	2568.5	1
265.88	0	2572.7	151.0	0.62	0.0	0.0	0.0	5	4670	-18.1	-68.7	2.54	2572.7	1
265.98	0	2576.9	151.3	0.62	0.0	0.0	0.0	5	4677	-19.7	-64.9	2.69	2576.89	1
266.08	0	2581.2	151.5	0.62	0.0	0.0	0.0	5	4683	-21.3	-61.0	2.65	2581.24	1
266.19	0	2585.7	151.7	0.62	0.0	0.0	0.0	5	4694	-23.0	-56.9	2.57	2585.65	1
266.29	0	2589.9	152.0	0.62	0.0	0.0	0.0	5	4700	-24.7	-53.1	2.49	2589.87	1
266.39	0	2594.1	152.2	0.62	0.0	0.0	0.0	5	4707	-26.3	-49.2	2.42	2594.1	1
266.49	0	2598.3	152.4	0.62	0.0	0.04	0.0	5	4715	-28.0	-45.3	2.35	2598.34	1
266.59	0	2602.6	152.7	0.62	0.0	0.06	0.0	5	4723	-29.7	-41.4	2.3	2602.57	1
266.69	0	2606.8	152.9	0.62	0.0	0.06	0.0	5	4733	-31.4	-37.5	2.27	2606.81	1
266.79	0	2611.1	153.1	0.62	0.0	0.06	0.0	5	4742	-33.1	-33.6	2.28	2611.06	1
266.89	0	2615.3	153.3	0.62	0.0	0.06	0.0	5	4750	-34.9	-29.7	2.34	2615.33	1
267.0	0	2620.4	153.5	0.62	0.0	0.01	0.0	5	4756	-37.0	-25.2	2.3	2620.42	1
267.1	0	2624.7	153.7	0.62	0.0	0.01	0.0	5	4760	-38.9	-21.4	2.23	2624.67	1
267.2	0	2628.9	153.9	0.62	0.0	0.01	0.0	5	4765	-40.8	-17.6	2.21	2628.94	1
267.3	0	2633.2	154.2	0.62	0.0	0.01	0.0	5	4771	-42.7	-13.8	2.21	2633.24	1
267.4	0	2637.5	154.4	0.62	0.0	0.01	0.0	5	4778	-44.7	-10.0	2.23	2637.51	1
267.5	0	2641.8	154.6	0.62	0.0	0.01	0.0	5	4785	-46.7	-6.2	2.28	2641.81	1
267.6	0	2646.1	154.9	0.62	0.0	0.01	0.0	5	4792	-48.7	-2.4	2.33	2646.1	1
267.7	0	2650.4	155.1	0.62	0.0	0.01	0.0	5	4800	-50.7	1.4	2.4	2650.4	1
267.8	0	2654.7	155.3	0.62	0.0	0.01	0.0	5	4808	-52.7	5.3	2.47	2654.72	1
267.9	0	2659.2	155.6	0.62	0.0	0.01	0.0	5	4814	-54.8	9.1	2.39	2659.22	1
268.0	0	2663.5	155.8	0.62	0.0	0.01	0.0	5	4822	-56.8	12.9	2.18	2663.5	1
268.1	0	2667.8	156.1	0.62	0.0	0.02	0.0	5	4830	-58.8	16.6	1.97	2667.81	1
268.2	0	2672.2	156.3	0.62	0.0	0.05	0.0	5	4837	-60.9	20.5	1.78	2672.15	1
268.3	0	2676.5	156.5	0.62	0.0	0.05	0.0	5	4847	-63.0	24.3	1.61	2676.5	1
268.4	0	2680.8	156.7	0.62	0.0	0.06	0.0	5	4854	-65.1	28.1	1.47	2680.84	1
268.5	0	2685.2	156.9	0.62	0.0	0.06	0.0	5	4865	-67.3	31.9	1.37	2685.19	1
268.6	0	2689.6	157.1	0.62	0.0	0.06	0.0	5	4873	-69.5	35.6	1.31	2689.56	1
268.7	0	2693.9	157.3	0.62	0.0	0.05	0.0	5	4881	-71.7	39.4	1.31	2693.93	1
268.8	0	2698.4	157.5	0.62	0.0	0.01	0.0	5	4886	-74.0	43.1	1.26	2698.37	1
268.9	0	2702.8	157.7	0.62	0.0	0.01	0.0	5	4890	-76.4	46.8	1.14	2702.75	1
269.0	0	2707.1	157.9	0.62	0.0	0.01	0.0	5	4894	-78.8	50.5	1.07	2707.15	1
269.1	0	2711.5	158.1	0.62	0.0	0.01	0.0	5	4899	-81.2	54.1	1.04	2711.51	1
269.2	0	2715.9	158.4	0.62	0.0	0.01	0.0	5	4905	-83.6	57.8	1.04	2715.91	1
269.3	0	2720.3	158.6	0.62	0.0	0.01	0.0	5	4912	-86.1	61.4	1.06	2720.32	1
269.4	0	2724.7	158.9	0.62	0.0	0.02	0.0	5	4919	-88.6	65.0	1.09	2724.72	1
269.5	0	2729.1	159.1	0.62	0.0	0.03	0.0	5	4926	-91.1	68.7	1.14	2729.13	1
269.6	0	2733.6	159.3	0.62	0.0	0.05	0.0	5	4937	-93.7	72.3	1.21	2733.58	1
269.7	0	2738.1	159.6	0.62	0.0	0.05	0.0	5	4945	-96.2	75.9	1.17	2738.07	1
269.8	0	2742.5	159.8	0.62	0.0	0.06	0.0	5	4953	-98.8	79.5	1.05	2742.51	1
269.9	0	2747.0	160.0	0.62	0.0	0.06	0.0	5	4962	-101.4	83.1	0.97	2746.95	1
270.0	0	2751.4	160.2	0.62	0.0	0.06	0.0	5	4971	-104.1	86.7	0.93	2751.4	1
270.1	0	2755.9	160.3	0.62	0.0	0.06	0.0	5	4977	-106.8	90.2	0.96	2755.85	1
270.2	0	2760.3	160.5	0.62	0.0	0.06	0.0	5	4986	-109.5	93.7	1.04	2760.3	1
270.3	0	2764.8	160.7	0.62	0.0	0.05	0.0	5	4992	-112.4	97.2	1.19	2764.76	1
270.4	0	2769.2	160.9	0.61	0.0	0.01	0.0	5	4996	-115.2	100.6	1.4	2769.22	1
270.5	0	2773.7	161.0	0.56	0.0	0.01	0.0	5	4984	-118.1	104.0	1.67	2773.68	1
270.6	0	2778.3	161.1	0.47	0.0	0.0	0.0	5	4958	-121.1	107.4	1.77	2778.3	1
270.7	0	2782.8	161.0	0.38	0.0	0.0	0.0	5	4933	-124.1	110.7	1.81	2782.76	1
270.8	0	2787.2	160.7	0.29	0.0	0.0	0.0	5	4901	-127.1	114.0	1.88	2787.23	1
270.9	0	2791.7	160.1	0.0	0.0	0.0	0.0	5	4813	-130.1	117.3	1.96	2791.68	1
271.0	0	2796.1	159.2	0.0	0.0	0.0	0.0	5	4782	-133.1	120.5	2.05	2796.08	1
271.1	0	2800.5	158.3	0.0	0.0	0.0	0.0	5	4754	-136.1	123.8	2.15	2800.5	1
271.2	0	2804.9	157.4	0.0	0.0	0.0	0.0	5	4729	-139.0	127.0	2.26	2804.88	1
271.3	0	2809.2	156.5	0.0	0.0	0.0	0.0	5	4701	-142.0	130.2	2.36	2809.24	1
271.4	0	2813.6	155.6	0.0	0.0	0.0	0.0	5	4675	-144.9	133.4	2.47	2813.57	1
271.5	0	2818.0	154.7	0.0	0.0	0.0	0.0	5	4649	-147.9	136.5	2.4	2818.01	1
271.6	0	2822.3	153.9	0.0	0.0	0.0	0.0	5	4623	-150.8	139.7	2.28	2822.3	1
271.7	0	2826.6	153.0	0.0	0.0	0.0	0.0	5	4597	-153.7	142.8	2.16	2826.57	1
271.8	0	2830.8	152.2	0.0	0.0	0.0	0.0	5	4571	-156.6	145.9	2.04	2830.8	1
271.9	0	2835.0	151.3	0.0	0.0	0.0	0.0	5	4546	-159.5	149.0	1.92	2835.02	1
272.0	0	2839.2	150.5	0.0	0.0	0.0	0.0	5	4521	-162.3	152.0	1.81	2839.21	1
272.1	0	2843.4	149.6	0.0	0.0	0.0	0.0	5	4496	-165.2	155.1	1.71	2843.37	1
272.2	0	2847.5	148.8	0.0	0.0	0.0	0.0	5	4471	-168.0	158.1	1.6	2847.52	1
272.3	0	2851.6	148.0	0.0	0.0	0.0	0.0	5	4447	-170.8	161.1	1.5	2851.63	1
272.4	0	2855.8	147.2	0.0	0.0	0.0	0.0	5	4422	-173.6	164.1	1.38	2855.77	1
272.5	0	2859.8	146.4	0.0	0.0	0.0	0.0	5	4398	-176.4	167.1	1.25	2859.81	1
272.6	0	2864.0	145.5	0.0	0.0	0.0	0.0	5	4374	-179.2	170.0	1.34	2863.99	1
272.7	0	2868.0	144.8	0.0	0.0	0.0	0.0	5	4350	-182.0	173.0	0.92	2868.01	1
272.8	0	2872.0	144.0	0.0	0.0	0.0	0.0	5	4328	-184.7	175.9	0.56	2871.98	1
272.9	0	2876.0	143.2	0.0	0.0	0.02	0.0	5	4301	-187.5	178.8	0.43	2875.95	1
273.0	0	2879.9	142.4	0.0	0.0	0.02	0.0	5	4280	-190.2	181.7	0.24	2879.91	1
273.1	0	2883.9	141.6	0.0	0.0	0.06	0.0	5	4257	-192.9	184.5	0.05	2883.86	1
273.2	0	2887.8	140.8	0.0	0.0	0.07	0.0	5	4233	-195.7	187.3	-0.12	2887.78	1
273.3	0	2891.7	140.0	0.0	0.0	0.07	0.0	5	4210	-198.4	190.1	-0.25	2891.67	1
273.4	0	2895.6	139.2	0.0	0.0	0.07	0.0	5	4187	-201.2	192.8	-0.34	2895.56	1
273.5	0	2899.4	138.5	0.0	0.0	0.01	0.0	5	4160	-203.9	195.5	-0.38	2899.41	1
273.6	0	2903.3	137.7	0.0	0.0	0.0	0.0	5	4138	-206.7	198.2	-0.39	2903.26	1
273.7	0	2907.1	137.0	0.0	0.0	0.0	0.0	5	4117	-209.5	200.8	-0.37	2907.08	1
273.8	0	2910.9	136.2	0.0	0.0	0.0	0.0	5	4095	-212.3	203.4	-0.33	2910.86	1
273.9	0	2914.6	135.5	0.0	0.0	0.0	0.0	5	4074	-215.0	205.9	-0.26	2914.64	1
274.0	0	2918.4	134.8	0.0	0.0	0.0	0.0	5	4052	-217.8	208.5	-0.18	2918.39	1
274.1	0	2922.1	134.1	0.0	0.0	0.0	0.0	5	4031	-220.6	211.0	-0.11	2922.1	1
274.2	0	2925.9	133.4	0.0	0.0	0.0	0.0	5	4009	-223.3	213.5	-0.04	2925.86	1
274.3	0	2929.5	132.7	0.0	0.0	0.0	0.0	5	3989	-226.0	216.0	0.03	2929.53	1
274.4	0	2933.2	132.0	0.0	0.0	0.0	0.0	5	3967	-228.7	218.4	0.1	2933.2	1
274.5	0	2936.9	131.3	0.0	0.0	0.0	0.0	5	3948	-231.5	220.9	0.15	2936.86	1
274.6	0	2940.5	130.6	0.0	0.0	0.0	0.0	5	3927	-234.1	223.3	0.2	2940.49	1
274.7	0	2944.1	129.9	0.0	0.0	0.0	0.0	5	3906	-236.8	225.8	0.26	2944.11	1
274.8	0	2947.7	129.2	0.0	0.0	0.0	0.0	5	3885	-239.5	228.2	0.32	2947.7	1
274.9	0	2951.3	128.5	0.0	0.0	-0.01	0.0	5	3865	-242.1	230.6	0.38	2951.28	1
275.0	0	2954.9	127.9	0.0	0.0	-0.01	0.0	5	3845	-244.8	233.0	0.43	2954.85	1
275.1	0	2958.4	127.2	0.0	0.0	-0.01	0.0	5	3825	-247.4	235.4	0.48	2958.38	1
275.2	0	2961.9	126.6	0.0	0.0	-0.02	0.0	5	3806	-250.0	237.7	0.56	2961.91	1
275.3	0	2965.4	125.9	0.0	0.0	-0.04	0.0	5	3786	-252.6	240.1	0.62	2965.41	1
275.4	0	2968.9	125.2	0.0	0.0	-0.02	0.0	5	3766	-255.2	242.5	0.66	2968.9	1
275.5	0	2972.4	124.6	0.0	0.0	-0.02	0.0	5	3747	-257.7	244.9	0.69	2972.37	1
275.6	0	2975.8	123.9	0.0	0.0	-0.04	0.0	5	3727	-260.2	247.2	0.71	2975.82	1
275.72	0	2979.8	123.2	0.0	0.0	-0.04	0.0	5	3705	-263.1	250.0	0.7	2979.82	1
275.82	0	2983.2	122.6	0.0	0.0	0.0	0.0	5	3686	-265.6	252.4	0.67	2983.25	1
275.92	0	2986.6	121.9	0.0	0.0	0.0	0.0	5	3667	-268.0	254.7	0.63	2986.63	1
276.02	0	2990.0	121.3	0.0	0.0	0.0	0.0	5	3648	-270.4	257.1	0.58	2990.01	1
276.12	0	2993.4	120.7	0.0	0.0	0.02	0.0	5	3631	-272.8	259.5	0.53	2993.38	1
276.22	0	2996.7	120.1	0.0	0.0	0.03	0.0	5	3610	-275.2	261.8	0.48	2996.72	1
276.32	0	3000.0	119.5	0.0	0.0	0.01	0.0	5	3593	-277.6	264.1	0.45	3000.05	1
276.42	0	3003.3	118.9	0.0	0.0	0.01	0.0	5	3575	-279.9	266.4	0.42	3003.35	1
276.52	0	3006.6	118.3	0.0	0.0	0.01	0.0	5	3557	-282.3	268.7	0.4	3006.64	1
276.62	0	3009.9	117.6	0.0	0.0	0.01	0.0	5	3540	-284.7	271.0	0.39	3009.92	1
276.72	0	3013.2	117.1	0.0	0.0	0.01	0.0	5	3520	-287.0	273.2	0.4	3013.18	1
276.82	0	3016.4	116.5	0.0	0.0	0.0	0.0	5	3503	-289.4	275.5	0.42	3016.43	1
276.92	0	3019.6	115.9	0.0	0.0	0.0	0.0	5	3486	-291.7	277.7	0.45	3019.65	1
277.02	0	3022.9	115.3	0.0	0.0	0.0	0.0	5	3469	-294.1	279.9	0.48	3022.87	1
277.12	0	3026.1	114.7	0.0	0.0	0.0	0.0	5	3451	-296.4	282.1	0.51	3026.05	1
277.22	0	3029.2	114.1	0.0	0.0	0.0	0.0	5	3434	-298.7	284.3	0.55	3029.24	1
277.32	0	3032.4	113.6	0.0	0.0	-0.03	0.05	5	3417	-301.0	286.4	0.59	3032.4	1
277.42	0	3035.5	113.0	0.0	0.0	-0.04	0.24	5	3400	-303.3	288.6	0.62	3035.55	1
277.52	0	3038.7	112.4	0.0	0.0	-0.06	0.3	5	3383	-305.5	290.7	0.65	3038.67	1
277.62	0	3041.8	111.9	0.0	0.0	-0.06	0.65	5	3366	-307.8	292.9	0.67	3041.79	1
277.72	0	3044.9	111.4	0.0	0.0	-0.06	1.0	5	3273	-310.0	295.1	0.66	3044.89	1
277.82	0	3048.0	111.0	0.0	0.0	-0.06	1.0	5	3070	-312.2	297.3	0.62	3047.99	1
277.92	0	3051.1	110.6	0.0	0.0	-0.06	1.0	5	2881	-314.3	299.5	0.55	3051.06	1
278.02	0	3054.1	110.3	0.0	0.0	-0.06	1.0	5	2703	-316.5	301.7	0.44	3054.13	1
278.14	0	3057.7	109.8	0.0	0.0	-0.06	1.0	4	2507	-318.9	304.3	0.27	3057.74	1
278.24	0	3060.8	109.5	0.0	0.0	-0.08	1.0	4	2352	-321.0	306.6	0.09	3060.79	1
278.34	0	3063.8	109.1	0.0	0.0	-0.08	1.0	4	2208	-323.0	308.9	0.07	3063.81	1
278.44	0	3066.8	108.7	0.0	0.0	-0.09	1.0	4	2072	-324.9	311.2	0.28	3066.83	1
278.54	0	3069.8	108.3	0.0	0.0	-0.12	1.0	3	1967	-326.9	313.5	0.44	3069.85	1
278.64	0	3072.8	108.0	0.0	0.0	-0.12	1.0	3	1954	-328.8	315.8	0.55	3072.85	1
278.74	0	3075.8	107.6	0.0	0.0	-0.12	1.0	3	1953	-330.6	318.2	0.6	3075.84	1
278.84	0	3078.8	107.2	0.0	0.0	-0.12	0.98	3	1958	-332.4	320.6	0.6	3078.82	1
278.94	0	3081.8	105.5	0.0	0.0	-0.13	0.31	3	2822	-334.1	323.0	0.54	3081.78	1
279.04	0	3084.7	102.9	0.0	0.0	-0.13	0.0	3	4037	-335.7	325.4	0.42	3084.67	1
279.14	0	3087.5	101.3	0.0	0.0	-0.13	0.0	3	4350	-337.3	327.7	0.25	3087.49	1
279.24	0	3090.3	100.4	0.0	0.0	-0.13	0.0	3	4337	-338.7	330.1	-0.01	3090.29	1
279.34	0	3093.0	99.5	0.0	0.0	-0.13	0.0	3	4295	-340.1	332.6	-0.35	3093.04	1
279.44	0	3095.8	98.8	0.16	0.0	-0.06	0.0	3	4283	-341.4	335.0	-0.76	3095.76	1
279.54	0	3098.7	98.4	0.25	0.0	-0.08	0.0	3	4309	-342.6	337.5	-0.57	3098.72	1
279.64	0	3101.4	98.2	0.23	0.0	-0.08	0.0	3	4300	-343.7	339.9	-0.37	3101.44	1
279.74	0	3104.2	98.0	0.2	0.0	-0.09	0.0	3	4283	-344.8	342.4	-0.21	3104.16	1
279.84	0	3106.9	97.7	0.2	0.0	-0.13	0.0	3	4272	-345.9	344.9	-0.1	3106.88	1
279.94	0	3109.6	97.4	0.2	0.0	-0.17	0.0	3	4260	-346.9	347.5	-0.05	3109.59	1
280.04	0	3112.3	97.1	0.2	0.0	-0.17	0.0	3	4249	-347.8	350.0	-0.05	3112.28	1
280.14	0	3115.0	96.7	0.2	0.0	-0.19	0.0	3	4236	-348.7	352.5	-0.11	3114.98	1
280.24	0	3117.7	96.4	0.2	0.0	-0.17	0.0	3	4221	-349.5	355.1	-0.25	3117.66	1
280.34	0	3120.3	96.0	0.23	0.0	-0.17	0.0	3	4216	-350.2	357.7	-0.46	3120.32	1
280.44	0	3123.0	95.7	0.23	0.0	-0.17	0.0	3	4201	-350.9	360.2	-0.74	3122.96	1
280.54	0	3125.6	95.5	0.25	0.0	-0.17	0.0	3	4196	-351.4	362.8	-1.09	3125.6	1
280.64	0	3128.2	95.2	0.25	0.0	-0.16	0.0	3	4202	-351.9	365.4	-1.51	3128.21	1
280.74	0	3131.3	95.0	0.25	0.0	-0.16	0.0	3	4165	-352.3	368.1	-1.62	3131.32	1
280.84	0	3134.0	94.7	0.25	0.0	-0.16	0.0	3	4158	-352.7	370.7	-1.48	3133.96	1
280.94	0	3136.6	94.5	0.25	0.0	-0.11	0.0	3	4149	-352.9	373.3	-1.41	3136.59	1
281.04	0	3139.2	94.4	0.25	0.0	-0.02	0.0	3	4137	-353.1	375.9	-1.4	3139.22	1
281.15	0	3142.2	94.3	0.28	0.0	-0.0	0.0	3	4135	-353.3	378.9	-1.44	3142.2	1
281.25	0	3144.8	94.2	0.28	0.0	-0.0	0.0	3	4131	-353.4	381.5	-1.5	3144.81	1
281.35	0	3147.4	94.1	0.28	0.0	-0.08	0.0	3	4128	-353.5	384.1	-1.58	3147.43	1
281.45	0	3150.0	94.1	0.28	0.0	-0.08	0.0	3	4126	-353.6	386.7	-1.68	3150.04	1
281.55	0	3152.7	94.0	0.28	0.0	-0.08	0.0	3	4124	-353.7	389.4	-1.8	3152.66	1
281.65	0	3155.3	93.9	0.28	0.0	-0.12	0.0	3	4121	-353.7	392.0	-1.95	3155.26	1
281.75	0	3157.9	93.8	0.29	0.0	-0.12	0.0	3	4121	-353.7	394.6	-2.14	3157.85	1
281.85	0	3160.5	93.7	0.29	0.0	-0.12	0.0	3	4124	-353.6	397.2	-2.36	3160.45	1
281.95	0	3163.8	93.6	0.3	0.0	-0.11	0.0	3	4114	-353.5	399.8	-2.53	3163.77	1
282.05	0	3166.3	93.5	0.29	0.0	-0.13	0.0	3	4106	-353.3	402.4	-2.17	3166.34	1
282.15	0	3168.9	93.4	0.29	0.0	-0.13	0.0	3	4105	-353.1	404.9	-1.85	3168.92	1
282.25	0	3171.5	93.3	0.29	0.0	-0.13	0.0	3	4101	-352.8	407.5	-1.59	3171.5	1
282.35	0	3174.1	93.2	0.29	0.0	-0.14	0.0	3	4097	-352.5	410.1	-1.38	3174.07	1
282.45	0	3176.7	93.1	0.29	0.0	-0.15	0.0	3	4093	-352.1	412.7	-1.23	3176.66	1
282.55	0	3179.2	93.0	0.3	0.0	-0.15	0.0	3	4094	-351.7	415.2	-1.15	3179.24	1
282.65	0	3181.8	92.9	0.3	0.0	-0.15	0.0	3	4090	-351.2	417.7	-1.12	3181.84	1
282.75	0	3184.4	92.8	0.32	0.0	-0.15	0.0	3	4088	-350.6	420.3	-1.16	3184.42	1
282.85	0	3187.0	92.7	0.32	0.0	-0.15	0.0	3	4086	-350.0	422.8	-1.26	3186.99	1
282.95	0	3189.6	92.7	0.36	0.0	-0.15	0.0	3	4092	-349.3	425.2	-1.43	3189.57	1
283.05	0	3192.1	92.7	0.38	0.0	-0.15	0.0	3	4099	-348.5	427.7	-1.65	3192.12	1
283.15	0	3194.7	92.7	0.4	0.0	-0.15	0.0	3	4118	-347.7	430.1	-1.94	3194.68	1
283.25	0	3197.9	92.9	0.41	0.0	-0.15	0.0	3	4106	-346.8	432.6	-1.91	3197.88	1
283.35	0	3200.4	93.0	0.41	0.0	-0.14	0.0	3	4116	-345.9	434.9	-1.6	3200.43	1
283.45	0	3203.0	93.2	0.43	0.0	-0.08	0.0	3	4126	-344.9	437.3	-1.34	3203.01	1
283.55	0	3205.6	93.4	0.47	0.0	-0.01	0.0	3	4143	-343.8	439.7	-1.14	3205.59	1
283.65	0	3208.2	93.7	0.47	0.0	-0.0	0.0	3	4153	-342.7	442.1	-0.96	3208.21	1
283.75	0	3210.8	94.1	0.48	0.0	-0.0	0.0	3	4173	-341.6	444.4	-0.82	3210.81	1
283.85	0	3213.4	94.5	0.48	0.0	-0.0	0.0	3	4187	-340.4	446.8	-0.69	3213.43	1
283.95	0	3216.1	94.9	0.52	0.0	-0.0	0.0	3	4212	-339.3	449.2	-0.56	3216.06	1
284.05	0	3218.7	95.3	0.52	0.0	-0.0	0.0	3	4239	-338.1	451.5	-0.44	3218.69	1
284.15	0	3221.3	95.8	0.55	0.0	-0.02	0.0	3	4265	-337.0	453.9	-0.31	3221.34	1
284.25	0	3224.0	96.4	0.55	0.0	-0.02	0.0	3	4288	-335.8	456.3	-0.2	3224.01	1
284.35	0	3226.7	96.9	0.55	0.0	-0.02	0.0	3	4320	-334.6	458.7	-0.09	3226.69	1
284.47	0	3229.8	97.5	0.55	0.0	-0.02	0.0	3	4349	-333.2	461.5	0.1	3229.78	1
284.57	0	3232.5	98.1	0.55	0.0	-0.02	0.0	3	4356	-332.0	463.9	0.54	3232.46	1
284.67	0	3235.2	98.6	0.55	0.0	-0.02	0.0	3	4392	-330.7	466.3	0.97	3235.16	1
284.77	0	3237.9	99.2	0.54	0.0	-0.02	0.0	3	4436	-329.5	468.8	1.4	3237.88	1
284.87	0	3240.6	99.6	0.34	0.0	-0.02	0.06	3	4392	-328.2	471.2	1.82	3240.6	1
284.97	0	3243.3	99.4	0.0	0.0	-0.06	1.0	3	4260	-326.9	473.7	2.23	3243.35	1
285.07	0	3246.2	99.0	0.0	0.0	-0.06	1.0	3	3995	-325.6	476.2	2.57	3246.21	1
285.17	0	3248.9	98.8	0.0	0.0	-0.02	1.0	4	3752	-324.3	478.5	2.83	3248.9	1
285.27	0	3251.6	98.5	0.0	0.0	-0.02	0.96	4	3532	-323.0	480.9	3.07	3251.63	1
285.37	0	3254.3	97.9	0.0	0.0	-0.0	0.06	4	3502	-321.7	483.3	3.3	3254.35	1
285.47	0	3257.1	97.4	0.0	0.0	0.0	0.0	4	3484	-320.4	485.7	3.51	3257.06	1
285.58	0	3260.2	96.8	0.0	0.0	0.0	0.0	4	3460	-318.8	488.4	3.76	3260.19	1
285.68	0	3263.2	96.3	0.25	0.0	0.0	0.0	4	3473	-317.5	490.8	3.75	3263.24	1
285.79	0	3265.9	96.1	0.28	0.0	0.0	0.0	4	3471	-316.2	493.1	3.71	3265.92	1
285.88	0	3268.6	96.0	0.32	0.0	0.0	0.0	4	3468	-314.9	495.5	3.68	3268.58	1
285.99	0	3271.3	95.9	0.36	0.0	0.0	0.0	4	3471	-313.6	497.8	3.64	3271.25	1
286.08	0	3273.9	95.8	0.41	0.0	0.0	0.0	4	3475	-312.3	500.1	3.61	3273.91	1
286.18	0	3276.7	95.8	0.45	0.0	0.0	0.0	4	3480	-311.0	502.4	3.56	3276.73	1
286.29	0	3279.4	95.9	0.47	0.0	0.0	0.0	4	3484	-309.7	504.8	3.42	3279.39	1
286.38	0	3282.0	95.9	0.51	0.0	0.0	0.0	4	3492	-308.4	507.1	3.27	3282.05	1
286.49	0	3284.7	96.1	0.52	0.0	0.02	0.0	4	3496	-307.1	509.4	3.13	3284.72	1
286.58	0	3287.4	96.2	0.53	0.0	0.03	0.0	4	3498	-305.8	511.8	2.99	3287.38	1
286.69	0	3290.1	96.3	0.54	0.0	0.02	0.0	4	3517	-304.5	514.1	2.86	3290.07	1
286.79	0	3292.8	96.5	0.55	0.0	0.06	0.0	4	3512	-303.3	516.5	2.72	3292.81	1
286.89	0	3295.5	96.6	0.55	0.0	0.06	0.0	4	3525	-302.0	518.8	2.56	3295.48	1
286.99	0	3298.2	96.8	0.55	0.0	0.03	0.0	4	3529	-300.8	521.2	2.42	3298.18	1
287.09	0	3300.9	96.9	0.55	0.0	0.02	0.0	4	3535	-299.5	523.6	2.3	3300.85	1
287.19	0	3303.5	97.1	0.55	0.0	0.02	0.0	4	3541	-298.3	526.0	2.2	3303.55	1
287.29	0	3306.3	97.3	0.55	0.0	0.02	0.0	4	3544	-297.1	528.4	2.12	3306.25	1
287.39	0	3309.0	97.4	0.55	0.0	0.06	0.0	4	3558	-295.9	530.9	2.01	3308.99	1
287.49	0	3311.7	97.6	0.55	0.0	0.1	0.0	4	3562	-294.8	533.3	1.9	3311.7	1
287.59	0	3314.4	97.7	0.55	0.0	0.1	0.0	4	3568	-293.6	535.8	1.82	3314.41	1
287.69	0	3317.1	97.9	0.55	0.0	0.1	0.0	4	3575	-292.5	538.3	1.79	3317.15	1
287.79	0	3320.0	98.0	0.55	0.0	0.1	0.0	4	3585	-291.4	540.8	1.69	3319.97	1
287.89	0	3322.7	98.2	0.55	0.0	0.1	0.0	4	3585	-290.4	543.3	1.59	3322.69	1
287.99	0	3325.4	98.3	0.55	0.0	0.07	0.0	4	3590	-289.4	545.8	1.53	3325.42	1
288.09	0	3328.2	98.5	0.55	0.0	0.07	0.0	4	3596	-288.5	548.4	1.52	3328.16	1
288.19	0	3330.9	98.6	0.55	0.0	0.07	0.0	4	3601	-287.5	551.0	1.48	3330.94	1
288.29	0	3333.7	98.8	0.55	0.0	0.05	0.0	4	3607	-286.7	553.6	1.45	3333.68	1
288.39	0	3336.4	99.0	0.55	0.0	0.02	0.0	4	3612	-285.8	556.2	1.45	3336.43	1
288.49	0	3339.2	99.1	0.55	0.0	0.02	0.0	4	3617	-285.0	558.8	1.48	3339.18	1
288.59	0	3341.9	99.3	0.58	0.0	0.05	0.0	4	3629	-284.2	561.4	1.56	3341.92	1
288.69	0	3344.7	99.6	0.58	0.0	0.05	0.0	4	3638	-283.4	564.1	1.68	3344.67	1
288.79	0	3347.4	99.8	0.58	0.0	0.05	0.0	4	3647	-282.6	566.8	1.82	3347.44	1
288.89	0	3350.2	100.0	0.58	0.0	0.05	0.0	4	3658	-281.9	569.4	1.99	3350.21	1
288.99	0	3352.9	100.2	0.58	0.0	0.05	0.0	4	3664	-281.1	572.1	2.3	3352.86	1
289.09	0	3355.6	100.5	0.58	0.0	0.05	0.0	4	3674	-280.5	574.8	2.68	3355.62	1
289.19	0	3358.4	100.7	0.58	0.0	0.05	0.0	4	3687	-279.8	577.5	3.08	3358.38	1
289.29	0	3361.1	100.9	0.58	0.0	0.06	0.0	4	3691	-279.1	580.2	3.52	3361.15	1
289.39	0	3363.9	101.2	0.58	0.0	0.06	0.0	4	3698	-278.5	583.0	3.97	3363.93	1
289.49	0	3366.7	101.4	0.58	0.0	0.06	0.0	4	3710	-277.9	585.7	4.44	3366.7	1
289.59	0	3369.5	101.6	0.58	0.0	0.06	0.0	4	3720	-277.4	588.5	4.91	3369.47	1
289.69	0	3373.6	101.9	0.58	0.0	0.06	0.0	4	3725	-276.8	591.3	5.52	3373.62	1
289.79	0	3376.5	102.1	0.58	0.0	0.06	0.0	4	3742	-276.3	594.1	5.41	3376.46	1
289.89	0	3379.3	102.4	0.58	0.0	0.06	0.0	4	3749	-275.9	596.9	5.34	3379.3	1
289.99	0	3382.1	102.6	0.57	0.0	0.06	0.0	4	3755	-275.4	599.7	5.29	3382.15	1
290.09	0	3385.1	102.9	0.57	0.0	0.02	0.0	4	3763	-275.0	602.5	5.27	3385.06	1
290.19	0	3387.9	103.1	0.57	0.0	0.01	0.0	4	3770	-274.7	605.3	5.26	3387.92	1
290.31	0	3391.3	103.4	0.6	0.0	0.01	0.0	4	3788	-274.2	608.7	5.27	3391.35	1
290.41	0	3394.2	103.8	0.63	0.0	0.01	0.0	4	3803	-273.9	611.6	5.3	3394.23	1
290.51	0	3397.1	104.1	0.63	0.0	0.01	0.0	4	3817	-273.6	614.5	5.33	3397.1	1
290.61	0	3400.0	104.5	0.63	0.0	0.01	0.0	4	3830	-273.2	617.4	5.38	3400.01	1
290.71	0	3402.9	104.8	0.6	0.0	0.01	0.0	4	3841	-272.9	620.2	5.43	3402.9	1
290.81	0	3406.1	105.1	0.58	0.0	0.01	0.0	4	3848	-272.6	623.1	5.48	3406.08	1
290.91	0	3409.0	105.4	0.57	0.0	0.01	0.0	4	3856	-272.3	626.0	5.4	3409.01	1
291.01	0	3411.9	105.6	0.48	0.0	0.01	0.02	4	3853	-272.0	629.0	5.32	3411.94	1
291.11	0	3414.9	105.6	0.19	0.0	0.01	0.57	4	3810	-271.7	631.9	5.25	3414.87	1
291.21	0	3418.2	105.2	0.0	0.0	0.01	1.0	4	3663	-271.4	634.8	5.11	3418.18	1
291.31	0	3421.1	104.9	0.0	0.0	0.01	1.0	4	3438	-271.1	637.7	4.83	3421.08	1
291.41	0	3424.0	104.6	0.0	0.0	0.01	1.0	4	3225	-270.8	640.6	4.55	3423.98	1
291.51	0	3426.9	104.2	0.0	0.0	0.0	1.0	4	3027	-270.5	643.5	4.28	3426.87	1
291.61	0	3429.7	103.9	0.0	0.0	0.0	1.0	4	2840	-270.2	646.3	4.02	3429.74	1
291.71	0	3432.6	103.6	0.0	0.0	0.0	1.0	4	2665	-269.9	649.2	3.75	3432.62	1
291.81	0	3435.5	103.3	0.0	0.0	0.0	1.0	4	2500	-269.6	652.1	3.49	3435.48	1
291.91	0	3438.4	103.0	0.0	0.0	0.0	1.0	4	2346	-269.4	654.9	3.21	3438.44	1
292.01	0	3441.3	102.7	0.0	0.0	0.0	1.0	4	2201	-269.1	657.8	2.87	3441.28	1
292.11	0	3444.1	102.4	0.0	0.0	0.0	1.0	4	2066	-268.8	660.6	2.53	3444.1	1
292.21	0	3446.9	102.1	0.0	0.0	0.0	1.0	4	1965	-268.5	663.4	2.19	3446.92	1
292.31	0	3449.7	101.8	0.0	0.0	0.0	1.0	4	1954	-268.3	666.3	1.85	3449.73	1
292.41	0	3452.5	101.5	0.0	0.0	0.0	1.0	4	1953	-268.0	669.1	1.52	3452.54	1
292.51	0	3455.3	101.2	0.0	0.0	0.0	1.0	4	1953	-267.8	671.9	1.19	3455.33	1
292.61	0	3458.1	100.9	0.0	0.0	0.0	1.0	4	1953	-267.5	674.7	0.86	3458.12	1
292.71	0	3460.9	100.6	0.0	0.0	0.0	1.0	4	1953	-267.2	677.5	0.54	3460.9	1
292.81	0	3463.7	100.3	0.0	0.0	0.0	1.0	4	1953	-267.0	680.2	0.23	3463.66	1
292.91	0	3466.4	100.0	0.0	0.0	0.0	1.0	4	1953	-266.7	683.0	-0.07	3466.43	1
293.01	0	3469.2	99.7	0.0	0.0	0.0	1.0	4	1953	-266.5	685.8	-0.38	3469.19	1
293.11	0	3471.9	99.4	0.0	0.0	0.0	1.0	4	1953	-266.2	688.5	-0.68	3471.93	1
293.21	0	3474.7	99.1	0.0	0.0	0.0	1.0	3	1953	-266.0	691.3	-0.97	3474.68	1
293.31	0	3477.4	98.8	0.0	0.0	0.0	1.0	3	1953	-265.8	694.0	-1.26	3477.41	1
293.41	0	3480.3	98.5	0.0	0.0	0.0	1.0	3	1953	-265.5	696.7	-1.47	3480.33	1
293.51	0	3483.1	98.2	0.0	0.0	0.0	1.0	3	1953	-265.3	699.5	-1.4	3483.07	1
293.61	0	3485.8	98.0	0.0	0.0	0.0	1.0	3	1953	-265.0	702.2	-1.33	3485.79	1
293.71	0	3488.5	97.7	0.0	0.0	0.0	1.0	3	1953	-264.8	704.9	-1.26	3488.52	1
293.81	0	3491.2	97.4	0.0	0.0	0.0	1.0	2	1953	-264.6	707.6	-1.19	3491.22	1
293.91	0	3493.9	97.1	0.0	0.0	0.0	1.0	2	1953	-264.3	710.3	-1.11	3493.92	1
294.01	0	3496.6	96.8	0.0	0.0	0.0	1.0	2	1953	-264.1	713.0	-1.04	3496.62	1
294.11	0	3499.3	96.5	0.0	0.0	0.0	1.0	2	1953	-263.9	715.6	-0.96	3499.29	1
294.21	0	3502.0	96.3	0.0	0.0	0.0	1.0	2	1953	-263.7	718.3	-0.9	3501.96	1
294.31	0	3504.6	96.0	0.0	0.0	0.0	1.0	2	1953	-263.5	720.9	-0.84	3504.62	1
294.41	0	3507.3	95.7	0.0	0.0	0.0	1.0	2	1953	-263.2	723.6	-0.79	3507.29	1
294.51	0	3509.9	95.4	0.0	0.0	-0.01	1.0	2	1953	-263.0	726.3	-0.73	3509.95	1
294.61	0	3512.6	95.1	0.0	0.0	-0.09	1.0	2	1953	-262.8	728.9	-0.67	3512.59	1
294.71	0	3515.2	94.8	0.0	0.0	-0.21	1.0	2	1953	-262.6	731.5	-0.63	3515.23	1
294.81	0	3517.9	94.4	0.0	0.0	-0.3	1.0	2	1953	-262.3	734.1	-0.65	3517.86	1
294.91	0	3520.5	93.9	0.0	0.0	-0.33	1.0	2	1953	-261.9	736.7	-0.74	3520.47	1
295.01	0	3523.2	93.3	0.0	0.0	-0.35	1.0	2	1953	-261.5	739.3	-0.61	3523.2	1
295.11	0	3525.8	92.8	0.16	0.0	-0.38	1.0	2	1965	-260.9	741.8	-0.46	3525.77	1
295.21	0	3528.3	92.1	0.17	0.0	-0.38	1.0	2	1986	-260.3	744.3	-0.4	3528.34	1
295.31	0	3530.9	91.4	0.21	0.0	-0.39	1.0	2	1992	-259.5	746.7	-0.46	3530.89	1
295.41	0	3533.6	90.6	0.21	0.0	-0.48	1.0	2	1996	-258.7	749.1	-0.58	3533.56	1
295.54	0	3536.9	89.6	0.21	0.0	-0.49	1.0	2	1996	-257.4	752.2	-0.2	3536.88	1
295.64	0	3539.3	88.8	0.23	0.0	-0.48	1.0	2	1998	-256.3	754.4	-0.04	3539.35	1
295.74	0	3541.8	87.9	0.23	0.0	-0.47	1.0	2	2000	-255.1	756.6	-0.0	3541.8	1
295.84	0	3544.2	87.0	0.23	0.0	-0.47	1.0	2	2000	-253.8	758.6	-0.1	3544.23	1
295.94	0	3546.6	86.2	0.23	0.0	-0.47	1.0	2	2000	-252.4	760.6	0.23	3546.64	1
296.04	0	3549.0	85.5	0.23	0.0	-0.47	1.0	2	2000	-251.0	762.5	0.75	3548.98	1
296.14	0	3551.3	84.7	0.23	0.0	-0.47	1.0	2	2000	-249.5	764.3	1.15	3551.29	1
296.24	0	3553.6	84.1	0.0	0.0	-0.53	1.0	2	1970	-247.9	766.0	1.43	3553.61	1
296.34	0	3555.9	83.4	0.0	0.0	-0.63	1.0	2	1954	-246.2	767.6	1.59	3555.93	1
296.45	0	3557.9	82.4	0.0	0.0	-0.74	1.0	2	1953	-244.2	769.3	2.1	3557.94	1
296.55	0	3560.1	81.3	0.0	0.0	-0.73	1.0	2	1953	-242.5	770.8	2.74	3560.12	1
296.65	0	3562.3	80.3	0.0	0.0	-0.7	1.0	2	1953	-240.6	772.1	3.24	3562.31	1
296.75	0	3564.5	79.3	0.0	0.0	-0.7	1.0	2	1953	-238.7	773.2	3.59	3564.48	1
296.85	0	3566.7	78.4	0.0	0.0	-0.66	1.0	2	1953	-236.8	774.3	3.79	3566.66	1
296.95	0	3568.8	77.5	0.17	0.0	-0.45	1.0	2	1978	-234.9	775.2	3.86	3568.82	1
297.05	0	3569.6	76.8	0.18	0.0	-0.45	1.0	2	1995	-232.9	776.0	4.51	3569.63	1
297.15	0	3571.7	76.2	0.0	0.0	-0.51	1.0	2	1956	-230.9	776.7	5.06	3571.68	1
297.25	0	3573.7	75.5	0.0	0.0	-0.56	1.0	2	1953	-228.9	777.3	5.49	3573.74	1
297.35	0	3575.8	74.8	0.0	0.0	-0.62	1.0	2	1953	-226.8	777.8	5.82	3575.81	1
297.45	0	3577.9	74.1	0.0	0.0	-0.61	1.0	2	1953	-224.8	778.2	6.02	3577.86	1
297.55	0	3579.9	73.5	0.16	0.0	-0.53	1.0	2	1972	-222.8	778.4	6.11	3579.91	1
297.65	0	3581.1	72.8	0.2	0.0	-0.51	1.0	2	1989	-220.7	778.6	6.29	3581.08	1
297.75	0	3583.1	72.1	0.25	0.0	-0.38	1.0	2	2004	-218.7	778.6	6.46	3583.12	1
297.85	0	3585.1	71.6	0.27	0.0	-0.35	1.0	2	2026	-216.7	778.6	6.5	3585.13	1
297.95	0	3587.1	71.1	0.28	0.0	-0.27	1.0	2	2047	-214.7	778.4	6.43	3587.1	1
298.05	0	3589.1	70.8	0.41	0.0	-0.15	1.0	2	2115	-212.8	778.1	6.28	3589.06	1
298.15	0	3591.0	70.6	0.45	0.0	0.0	1.0	2	2223	-210.8	777.7	6.05	3591.01	1
298.25	0	3592.9	70.0	0.47	0.0	0.0	0.88	2	2529	-208.9	777.4	5.79	3592.95	1
298.35	0	3594.9	68.8	0.48	0.0	0.05	0.7	2	3181	-207.0	777.0	5.52	3594.86	1
298.45	0	3596.7	67.8	0.52	0.0	0.03	0.49	2	3914	-205.2	776.6	5.25	3596.73	1
298.55	0	3598.6	68.4	0.52	0.0	0.01	0.18	2	3964	-203.3	776.2	4.99	3598.61	1
298.65	0	3600.5	69.0	0.52	0.0	0.06	0.0	2	4007	-201.5	775.8	4.72	3600.5	1
298.76	0	3602.4	69.7	0.52	0.0	0.06	0.0	2	4038	-199.6	775.5	4.47	3602.43	1
298.86	0	3604.4	70.3	0.52	0.0	0.08	0.0	2	4080	-197.6	775.1	4.22	3604.43	1
298.96	0	3606.4	71.0	0.54	0.0	0.05	0.0	2	4135	-195.7	774.8	3.96	3606.38	1
299.06	0	3608.3	71.8	0.54	0.0	0.02	0.0	2	4175	-193.8	774.4	3.71	3608.35	1
299.16	0	3610.3	72.5	0.54	0.0	0.04	0.0	2	4222	-191.8	774.1	3.47	3610.34	1
299.26	0	3612.3	73.3	0.53	0.0	0.02	0.0	2	4264	-189.8	773.8	3.24	3612.35	1
299.35	0	3614.4	74.1	0.53	0.0	0.02	0.0	2	4296	-187.8	773.5	3.02	3614.38	1
299.46	0	3616.3	74.8	0.53	0.0	0.02	0.0	2	4362	-185.7	773.2	2.87	3616.28	1
299.56	0	3618.4	75.6	0.53	0.0	0.03	0.0	2	4406	-183.6	772.9	2.78	3618.37	1
299.66	0	3620.5	76.4	0.53	0.0	0.02	0.0	2	4450	-181.5	772.6	2.7	3620.48	1
299.76	0	3622.6	77.2	0.53	0.0	0.02	0.0	2	4502	-179.4	772.3	2.63	3622.62	1
299.86	0	3624.8	78.1	0.53	0.0	0.03	0.0	2	4554	-177.3	772.0	2.57	3624.78	1
299.96	0	3627.0	78.9	0.53	0.0	0.03	0.0	2	4606	-175.1	771.8	2.51	3627.03	1
300.06	0	3629.2	79.8	0.53	0.0	0.03	0.0	2	4658	-172.9	771.5	2.41	3629.23	1
300.16	0	3631.5	80.7	0.53	0.0	0.03	0.0	2	4713	-170.7	771.2	2.32	3631.46	1
300.26	0	3633.7	81.6	0.47	0.0	0.05	0.02	2	4744	-168.5	771.0	2.24	3633.71	1
300.36	0	3636.0	82.0	0.18	0.0	0.06	0.5	2	4690	-166.2	770.7	2.17	3635.98	1
300.46	0	3638.3	81.8	0.0	0.0	0.01	1.0	3	4423	-163.9	770.5	2.11	3638.26	1
300.56	0	3640.5	81.5	0.0	0.0	0.01	1.0	3	4151	-161.7	770.3	2.1	3640.49	1
300.66	0	3642.7	81.5	0.0	0.0	0.01	0.69	3	3727	-159.4	770.1	2.1	3642.75	1
300.76	0	3645.1	81.3	0.0	0.0	0.01	0.02	3	3520	-157.2	769.9	2.08	3645.1	1
300.86	0	3647.4	80.8	0.0	0.0	0.06	0.0	3	3496	-154.9	769.7	2.0	3647.35	1
300.96	0	3649.6	80.4	0.27	0.0	0.08	0.0	3	3515	-152.7	769.5	1.93	3649.59	1
301.06	0	3651.9	80.4	0.43	0.0	0.09	0.0	3	3538	-150.5	769.4	1.86	3651.85	1
301.16	0	3654.1	80.6	0.51	0.0	0.01	0.0	3	3556	-148.2	769.2	1.79	3654.09	1
301.26	0	3656.3	80.8	0.54	0.0	0.01	0.0	3	3573	-146.0	769.1	1.74	3656.33	1
301.36	0	3658.6	81.2	0.55	0.0	0.0	0.0	3	3590	-143.8	769.0	1.71	3658.56	1
301.46	0	3660.8	81.5	0.57	0.0	0.0	0.0	3	3609	-141.5	768.9	1.69	3660.82	1
301.56	0	3663.1	81.9	0.57	0.0	0.0	0.0	3	3628	-139.2	768.7	1.68	3663.08	1
301.66	0	3665.4	82.3	0.57	0.0	0.0	0.0	3	3646	-137.0	768.6	1.68	3665.36	1
301.76	0	3667.7	82.7	0.6	0.0	0.0	0.0	3	3670	-134.7	768.5	1.68	3667.65	1
301.86	0	3670.0	83.1	0.6	0.0	0.02	0.0	3	3691	-132.4	768.4	1.68	3669.95	1
301.96	0	3672.3	83.6	0.6	0.0	0.02	0.0	3	3711	-130.1	768.3	1.69	3672.27	1
302.06	0	3674.6	84.1	0.6	0.0	0.02	0.0	3	3733	-127.7	768.2	1.7	3674.6	1
302.16	0	3676.9	84.5	0.6	0.0	0.0	0.0	3	3755	-125.4	768.1	1.72	3676.93	1
302.26	0	3679.3	85.0	0.6	0.0	0.0	0.0	3	3777	-123.1	768.0	1.75	3679.28	1
302.36	0	3681.6	85.5	0.6	0.0	0.0	0.0	3	3800	-120.7	767.9	1.78	3681.65	1
302.46	0	3684.0	86.0	0.6	0.0	-0.0	0.0	3	3822	-118.3	767.8	1.81	3684.03	1
302.57	0	3686.8	86.6	0.6	0.0	-0.02	0.0	3	3850	-115.6	767.7	1.84	3686.78	1
302.67	0	3689.1	87.1	0.62	0.0	-0.03	0.0	3	3875	-113.2	767.6	1.86	3689.1	1
302.77	0	3691.5	87.6	0.62	0.0	-0.03	0.0	3	3902	-110.8	767.5	1.88	3691.52	1
302.87	0	3694.0	88.2	0.62	0.0	-0.04	0.0	3	3928	-108.4	767.4	1.88	3693.97	1
302.97	0	3696.4	88.7	0.62	0.0	-0.06	0.0	3	3955	-105.9	767.3	1.87	3696.42	1
303.07	0	3698.9	89.3	0.62	0.0	-0.05	0.0	3	3982	-103.5	767.1	1.83	3698.9	1
303.17	0	3701.4	89.9	0.62	0.0	-0.02	0.0	3	4010	-101.0	766.9	1.77	3701.38	1
303.27	0	3703.9	90.5	0.62	0.0	0.0	0.0	3	4035	-98.5	766.7	1.72	3703.86	1
303.37	0	3706.4	91.1	0.6	0.0	0.0	0.0	3	4056	-96.0	766.5	1.67	3706.38	1
303.47	0	3708.9	91.7	0.6	0.0	0.0	0.0	3	4086	-93.4	766.3	1.62	3708.92	1
303.57	0	3711.5	92.3	0.6	0.0	0.0	0.0	3	4111	-90.9	766.1	1.56	3711.47	1
303.67	0	3714.0	92.9	0.6	0.0	0.0	0.0	3	4141	-88.3	765.8	1.59	3714.03	1
303.77	0	3716.9	93.5	0.6	0.0	0.0	0.0	3	4166	-85.7	765.6	1.3	3716.87	1
303.87	0	3719.4	94.1	0.6	0.0	0.0	0.0	3	4198	-83.2	765.4	1.02	3719.36	1
303.97	0	3722.0	94.7	0.6	0.0	-0.02	0.0	3	4228	-80.5	765.2	0.64	3721.95	1
304.07	0	3724.3	95.3	0.6	0.0	-0.02	0.0	3	4253	-77.9	764.9	1.29	3724.27	1
304.17	0	3727.0	96.0	0.6	0.0	-0.02	0.0	3	4286	-75.3	764.7	1.3	3727.03	1
304.27	0	3729.6	96.6	0.6	0.0	-0.02	0.0	3	4315	-72.6	764.5	1.76	3729.58	1
304.37	0	3731.3	97.3	0.6	0.0	-0.02	0.0	3	4348	-69.9	764.2	3.18	3731.25	1
304.47	0	3733.5	97.9	0.6	0.0	-0.04	0.0	3	4379	-67.2	763.9	4.54	3733.49	1
304.57	0	3739.8	98.6	0.6	0.0	-0.04	0.0	3	4408	-64.5	763.6	4.73	3739.79	1
304.67	0	3743.2	99.3	0.6	0.0	-0.04	0.0	3	4441	-61.8	763.3	3.79	3743.18	1
304.77	0	3745.2	100.0	0.59	0.0	-0.04	0.0	3	4470	-59.0	763.0	3.27	3745.25	1
304.87	0	3748.9	100.6	0.6	0.0	-0.04	0.0	3	4499	-56.3	762.6	2.29	3748.88	1
# LAP 1  5:04.816
304.98	1	3751.5	101.4	0.6	0.0	-0.06	0.0	3	4537	-53.1	762.2	0.79	3751.49	1
305.08	1	1424.8	102.0	0.58	0.0	-0.06	0.0	3	4586	-50.3	761.8	-0.62	1424.77	1
305.18	1	3.0	102.7	0.55	0.0	-0.06	0.0	3	4579	-47.4	761.3	-0.82	2.98	1
305.28	1	5.9	103.3	0.55	0.0	-0.08	0.0	3	4606	-44.6	760.9	-0.82	5.86	1
305.38	1	8.7	103.9	0.55	0.0	-0.06	0.0	3	4643	-41.8	760.3	-0.85	8.74	1
305.48	1	11.6	104.5	0.55	0.0	-0.01	0.0	3	4671	-38.9	759.8	-1.07	11.58	1
305.58	1	14.5	105.1	0.55	0.0	-0.0	0.0	3	4696	-36.1	759.2	-1.32	14.48	1
305.68	1	17.4	105.7	0.55	0.0	-0.0	0.0	3	4719	-33.2	758.6	-1.58	17.39	1
305.78	1	20.5	106.3	0.55	0.0	-0.0	0.0	3	4753	-30.3	758.0	-1.6	20.5	1
305.88	1	23.5	107.0	0.55	0.0	-0.0	0.0	3	4778	-27.5	757.3	-1.6	23.46	1
305.98	1	26.4	107.6	0.55	0.0	-0.0	0.0	3	4812	-24.5	756.7	-1.6	26.45	1
306.08	1	29.5	108.3	0.55	0.0	-0.06	0.0	3	4839	-21.6	756.0	-1.55	29.48	1
306.18	1	32.5	108.9	0.55	0.0	-0.08	0.0	3	4868	-18.7	755.3	-1.52	32.49	1
306.28	1	35.5	109.5	0.55	0.0	-0.11	0.0	3	4902	-15.7	754.6	-1.5	35.54	1
306.38	1	38.6	110.1	0.55	0.0	-0.13	0.0	3	4937	-12.8	753.9	-1.49	38.61	1
306.48	1	41.7	110.7	0.55	0.0	-0.13	0.0	3	4972	-9.8	753.1	-1.53	41.67	1
306.58	1	44.8	111.2	0.55	0.0	-0.15	0.0	3	5021	-6.8	752.2	-1.64	44.84	1
306.68	1	47.9	111.8	0.55	0.0	-0.07	0.0	3	5055	-3.9	751.2	-1.75	47.88	1
306.78	1	51.0	112.4	0.55	0.0	-0.06	0.0	3	5036	-1.0	750.2	-1.94	50.99	1
306.88	1	54.2	113.0	0.55	0.0	-0.05	0.0	3	5089	2.0	749.1	-2.13	54.22	1
306.98	1	57.4	113.7	0.55	0.0	-0.04	0.0	3	5095	4.9	747.9	-2.3	57.36	1
307.08	1	60.7	114.3	0.55	0.0	-0.04	0.0	3	5133	7.8	746.7	-2.5	60.74	1
307.18	1	63.9	115.0	0.55	0.0	-0.07	0.0	3	5159	10.7	745.4	-2.51	63.91	1
307.28	1	67.1	115.7	0.55	0.0	-0.07	0.0	3	5190	13.7	744.1	-2.55	67.13	1
307.38	1	70.5	116.4	0.55	0.0	-0.07	0.0	3	5222	16.6	742.7	-2.51	70.51	1
307.48	1	73.7	117.0	0.55	0.0	-0.07	0.0	3	5255	19.5	741.3	-2.47	73.74	1
307.58	1	77.0	117.6	0.39	0.0	-0.09	0.2	3	5233	22.4	739.8	-2.46	77.05	1
307.68	1	80.3	117.5	0.0	0.0	-0.0	1.0	4	5077	25.3	738.3	-2.46	80.3	1
307.78	1	83.6	117.1	0.0	0.0	0.0	1.0	4	4764	28.2	736.8	-2.5	83.57	1
307.88	1	87.0	116.8	0.0	0.0	-0.02	0.74	4	4331	31.0	735.2	-2.34	87.0	1
307.98	1	90.2	116.4	0.0	0.0	-0.02	0.0	4	4167	33.8	733.6	-2.2	90.23	1
308.08	1	93.5	115.7	0.0	0.0	-0.06	0.0	4	4134	36.6	732.0	-2.09	93.46	1
308.18	1	96.7	115.3	0.3	0.0	-0.16	0.0	4	4182	39.4	730.4	-2.01	96.66	1
308.28	1	99.9	115.2	0.36	0.0	-0.19	0.0	4	4193	42.1	728.7	-1.97	99.87	1
308.38	1	103.2	115.0	0.38	0.0	-0.22	0.0	4	4196	44.8	727.0	-1.81	103.22	1
308.48	1	106.4	114.8	0.38	0.0	-0.22	0.0	4	4196	47.5	725.2	-1.66	106.41	1
308.58	1	109.6	114.6	0.41	0.0	-0.09	0.0	4	4191	50.1	723.4	-1.61	109.59	1
308.68	1	112.8	114.6	0.47	0.0	-0.06	0.0	4	4210	52.6	721.5	-1.65	112.76	1
308.78	1	115.9	114.6	0.51	0.0	-0.07	0.0	4	4208	55.1	719.5	-1.76	115.94	1
308.88	1	119.3	114.8	0.52	0.0	-0.07	0.0	4	4202	57.5	717.4	-1.78	119.33	1
308.98	1	122.5	115.0	0.54	0.0	-0.07	0.0	4	4227	59.9	715.3	-1.72	122.51	1
309.08	1	125.7	115.2	0.54	0.0	-0.07	0.0	4	4233	62.3	713.2	-1.72	125.71	1
309.18	1	128.9	115.3	0.54	0.0	-0.12	0.0	4	4317	64.6	711.0	-1.77	128.91	1
309.28	1	132.1	115.7	0.54	0.0	-0.13	0.0	4	4229	66.9	708.7	-1.89	132.11	1
309.38	1	135.5	115.9	0.56	0.0	-0.13	0.0	4	4249	69.1	706.4	-2.0	135.53	1
309.48	1	138.8	116.1	0.56	0.0	-0.08	0.0	4	4287	71.3	704.0	-1.95	138.75	1
309.58	1	142.0	116.4	0.56	0.0	-0.08	0.0	4	4284	73.5	701.6	-1.95	141.99	1
309.68	1	145.2	116.7	0.58	0.0	-0.08	0.0	4	4297	75.6	699.2	-2.01	145.22	1
309.78	1	148.5	117.0	0.58	0.0	-0.07	0.0	4	4308	77.7	696.7	-2.12	148.46	1
309.88	1	151.9	117.3	0.58	0.0	-0.08	0.0	4	4320	79.7	694.1	-2.26	151.89	1
309.98	1	155.2	117.7	0.58	0.0	-0.07	0.0	4	4332	81.7	691.6	-2.24	155.15	1
310.08	1	158.4	118.0	0.58	0.0	-0.07	0.0	4	4343	83.7	689.0	-2.27	158.43	1
310.18	1	161.7	118.3	0.58	0.0	-0.07	0.0	4	4356	85.6	686.3	-2.35	161.71	1
310.28	1	165.0	118.7	0.58	0.0	-0.07	0.0	4	4369	87.5	683.6	-2.49	165.0	1
310.38	1	168.6	119.0	0.58	0.0	-0.06	0.0	4	4376	89.3	680.9	-2.66	168.58	1
310.48	1	171.9	119.1	0.58	0.0	-0.06	0.0	4	4531	91.1	678.1	-2.55	171.89	1
310.58	1	175.2	119.8	0.58	0.0	-0.04	0.0	4	4377	92.9	675.3	-2.48	175.21	1
310.68	1	178.5	120.1	0.58	0.0	-0.12	0.0	4	4416	94.6	672.4	-2.49	178.54	1
310.78	1	181.9	120.4	0.58	0.0	-0.13	0.0	4	4437	96.3	669.6	-2.53	181.87	1
310.88	1	185.4	120.7	0.58	0.0	-0.13	0.0	4	4454	98.0	666.6	-2.62	185.44	1
310.98	1	188.8	121.0	0.58	0.0	-0.12	0.0	4	4469	99.6	663.7	-2.52	188.79	1
311.08	1	192.2	121.3	0.58	0.0	-0.12	0.0	4	4482	101.1	660.7	-2.48	192.15	1
311.18	1	195.5	121.6	0.58	0.0	-0.12	0.0	4	4495	102.6	657.7	-2.51	195.53	1
311.28	1	198.9	121.9	0.58	0.0	-0.08	0.0	4	4506	104.0	654.6	-2.63	198.91	1
311.38	1	202.5	122.2	0.58	0.0	-0.06	0.0	4	4516	105.3	651.5	-2.8	202.53	1
311.48	1	205.9	122.6	0.58	0.0	-0.0	0.0	4	4526	106.6	648.3	-2.79	205.93	1
311.58	1	209.3	123.0	0.58	0.0	-0.0	0.0	4	4525	107.9	645.2	-2.83	209.31	1
311.68	1	212.7	123.2	0.55	0.0	0.0	0.0	4	4594	109.0	642.0	-2.92	212.72	1
311.78	1	216.1	123.5	0.45	0.0	0.0	0.0	4	4528	110.2	638.8	-3.03	216.14	1
311.88	1	219.9	123.6	0.32	0.0	-0.04	0.0	4	4479	111.4	635.5	-3.11	219.94	1
311.98	1	223.4	123.4	0.16	0.0	-0.04	0.0	4	4446	112.5	632.3	-2.88	223.36	1
312.08	1	226.8	122.7	0.0	0.0	-0.0	0.0	4	4381	113.6	629.0	-2.65	226.78	1
312.18	1	230.2	122.0	0.0	0.0	-0.0	0.0	4	4355	114.7	625.8	-2.44	230.17	1
312.28	1	233.5	121.3	0.0	0.0	-0.0	0.0	4	4331	115.8	622.6	-2.23	233.54	1
312.38	1	237.1	120.6	0.0	0.0	-0.04	0.0	4	4308	116.8	619.4	-1.97	237.06	1
312.48	1	240.4	119.8	0.0	0.0	-0.04	0.0	4	4282	117.9	616.3	-1.51	240.37	1
312.58	1	243.7	119.1	0.0	0.0	-0.05	0.0	4	4256	118.9	613.1	-1.06	243.66	1
312.68	1	246.9	118.4	0.0	0.0	-0.17	0.0	4	4232	119.9	610.0	-0.64	246.93	1
312.78	1	250.2	117.7	0.0	0.0	-0.08	0.0	4	4207	120.8	606.8	-0.27	250.2	1
312.89	1	253.6	116.9	0.0	0.0	-0.06	0.0	4	4177	121.7	603.6	0.06	253.57	1
312.99	1	256.8	116.3	0.0	0.0	-0.04	0.0	4	4103	122.5	600.4	0.43	256.79	1
313.09	1	260.0	115.4	0.0	0.0	-0.04	0.0	4	4132	123.3	597.3	0.74	259.99	1
313.19	1	263.2	114.7	0.0	0.0	-0.02	0.0	4	4101	124.0	594.2	1.03	263.17	1
313.29	1	266.3	114.1	0.0	0.0	-0.03	0.0	4	4074	124.7	591.1	1.29	266.34	1
313.39	1	269.5	113.4	0.0	0.0	-0.08	0.0	4	4059	125.3	588.0	1.46	269.54	1
313.49	1	272.7	112.7	0.0	0.0	-0.08	0.0	4	4030	126.0	584.9	1.57	272.69	1
313.59	1	275.7	112.1	0.0	0.0	-0.09	0.0	4	3999	126.6	581.8	1.7	275.72	1
313.69	1	278.8	111.4	0.0	0.0	-0.12	0.0	4	3983	127.1	578.8	1.9	278.82	1
313.79	1	281.9	110.7	0.0	0.0	-0.09	0.0	4	3959	127.6	575.7	2.04	281.9	1
313.89	1	285.0	110.0	0.0	0.0	-0.04	0.0	4	3933	128.0	572.7	2.12	284.97	1
313.99	1	288.0	109.4	0.0	0.0	-0.0	0.0	4	3908	128.4	569.7	2.15	288.01	1
314.09	1	291.1	108.8	0.0	0.0	0.0	0.0	4	3880	128.8	566.7	2.13	291.07	1
314.19	1	294.1	108.1	0.0	0.0	0.0	0.0	4	3853	129.1	563.7	2.07	294.08	1
314.29	1	297.1	107.5	0.0	0.0	0.0	0.0	4	3849	129.4	560.7	1.99	297.09	1
314.39	1	300.1	106.9	0.0	0.0	0.0	0.0	4	3822	129.7	557.7	1.9	300.06	1
314.49	1	303.0	106.3	0.0	0.0	0.0	0.0	4	3798	130.0	554.8	1.82	303.03	1
314.59	1	306.0	105.7	0.0	0.0	0.0	0.0	4	3778	130.3	551.8	1.7	305.99	1
314.69	1	308.9	105.1	0.0	0.0	0.0	0.0	4	3756	130.6	548.9	1.58	308.92	1
314.79	1	311.8	104.5	0.0	0.0	0.0	0.0	4	3736	130.9	546.0	1.47	311.82	1
314.9	1	315.2	103.8	0.0	0.0	0.0	0.0	4	3712	131.3	542.7	1.36	315.19	1
315.0	1	318.0	103.2	0.0	0.0	0.0	0.0	4	3691	131.6	539.8	1.27	318.02	1
315.1	1	320.9	102.7	0.0	0.0	0.0	0.0	4	3671	131.9	537.0	1.34	320.85	1
315.2	1	323.7	102.1	0.0	0.0	0.0	0.0	4	3650	132.2	534.2	1.41	323.69	1
315.3	1	326.6	101.5	0.0	0.0	0.0	0.0	4	3630	132.5	531.3	1.38	326.63	1
315.4	1	329.4	101.0	0.0	0.0	0.02	0.0	4	3607	132.9	528.5	1.26	329.44	1
315.5	1	332.2	100.4	0.0	0.0	0.1	0.0	4	3591	133.2	525.8	1.15	332.23	1
315.6	1	335.0	99.8	0.0	0.0	0.14	0.0	4	3570	133.5	523.0	1.06	335.01	1
315.7	1	337.8	99.2	0.0	0.0	0.14	0.0	4	3550	133.9	520.3	1.02	337.77	1
315.8	1	340.6	98.5	0.0	0.0	0.16	0.0	4	3529	134.3	517.5	1.01	340.6	1
315.9	1	343.3	98.0	0.0	0.0	0.01	0.0	4	3506	134.8	514.9	0.89	343.32	1
316.0	1	346.0	97.3	0.0	0.0	0.14	0.0	4	3483	135.4	512.2	0.82	346.03	1
316.1	1	348.7	96.7	0.0	0.0	0.18	0.0	4	3464	135.9	509.6	0.81	348.72	1
316.2	1	351.4	96.1	0.0	0.0	0.03	0.0	4	3440	136.6	507.0	0.86	351.4	1
316.3	1	354.1	95.6	0.0	0.0	0.1	0.0	4	3419	137.3	504.4	0.96	354.07	1
316.4	1	356.8	95.0	0.0	0.0	0.1	0.0	4	3399	138.0	501.9	1.01	356.81	1
316.5	1	359.4	94.4	0.0	0.0	0.1	0.0	4	3379	138.8	499.3	0.97	359.44	1
316.6	1	362.1	93.8	0.0	0.0	0.12	0.0	4	3359	139.6	496.9	0.97	362.05	1
316.7	1	364.6	93.3	0.0	0.0	0.16	0.0	4	3340	140.4	494.4	1.02	364.65	1
316.8	1	367.2	92.7	0.0	0.0	0.13	0.0	4	3318	141.3	492.0	1.13	367.23	1
316.9	1	369.8	92.1	0.0	0.0	0.11	0.0	4	3300	142.3	489.6	1.29	369.79	1
317.0	1	372.4	91.5	0.0	0.0	0.14	0.0	4	3277	143.3	487.2	1.42	372.45	1
317.1	1	375.0	91.0	0.0	0.0	0.14	0.0	4	3258	144.3	484.9	1.51	374.97	1
317.2	1	377.5	90.4	0.0	0.0	0.16	0.0	4	3239	145.4	482.7	1.65	377.48	1
317.3	1	380.0	89.8	0.0	0.0	0.09	0.0	4	3219	146.6	480.4	1.85	379.99	1
317.4	1	382.5	89.3	0.0	0.0	0.05	0.0	4	3196	147.7	478.2	2.09	382.46	1
317.51	1	385.1	88.8	0.0	0.0	0.01	0.0	4	3176	149.0	475.9	2.4	385.15	1
317.61	1	387.8	88.3	0.0	0.0	0.01	0.0	4	3159	150.2	473.7	2.6	387.81	1
317.71	1	390.3	87.8	0.0	0.0	0.01	0.0	4	3142	151.5	471.6	2.72	390.25	1
317.81	1	392.7	87.3	0.0	0.0	0.01	0.0	4	3125	152.7	469.5	2.83	392.68	1
317.91	1	395.1	86.9	0.0	0.0	0.0	0.0	4	3108	153.9	467.4	2.95	395.09	1
318.01	1	397.5	86.4	0.0	0.0	0.0	0.0	4	3091	155.1	465.4	3.08	397.5	1
318.11	1	399.9	85.9	0.0	0.0	0.0	0.0	4	3075	156.3	463.3	3.2	399.89	1
318.21	1	402.6	85.4	0.0	0.0	0.02	0.0	4	3058	157.5	461.2	3.27	402.59	1
318.31	1	405.0	85.0	0.0	0.0	0.05	0.0	4	3034	158.7	459.2	3.17	404.97	1
318.41	1	407.3	84.5	0.0	0.0	0.06	0.0	4	3030	159.9	457.2	3.08	407.32	1
318.51	1	409.7	84.1	0.0	0.0	0.06	0.0	4	3010	161.1	455.2	3.01	409.66	1
318.61	1	412.0	83.6	0.0	0.0	0.14	0.0	4	2993	162.4	453.2	2.96	411.99	1
318.71	1	414.3	83.2	0.21	0.0	0.09	0.0	4	2995	163.6	451.2	2.94	414.29	1
318.81	1	416.6	82.9	0.23	0.0	0.09	0.0	4	2987	164.9	449.3	2.95	416.61	1
318.91	1	419.2	82.6	0.25	0.0	0.14	0.0	4	2979	166.2	447.4	2.86	419.15	1
319.01	1	421.4	82.4	0.27	0.0	0.14	0.0	4	2971	167.5	445.6	2.76	421.42	1
319.11	1	423.7	82.1	0.27	0.0	0.14	0.0	4	2961	168.9	443.7	2.71	423.71	1
319.21	1	426.0	81.8	0.27	0.0	0.14	0.0	4	2953	170.3	441.9	2.71	425.99	1
319.31	1	428.3	81.5	0.27	0.0	0.1	0.0	4	2941	171.7	440.1	2.76	428.29	1
319.41	1	430.5	81.3	0.21	0.0	0.05	0.0	4	2928	173.1	438.4	2.85	430.51	1
319.51	1	432.9	80.9	0.0	0.0	0.01	0.0	4	2896	174.6	436.7	2.97	432.89	1
319.61	1	435.1	80.5	0.0	0.0	0.0	0.0	4	2881	176.1	435.0	3.01	435.13	1
319.71	1	437.4	80.1	0.0	0.0	0.0	0.0	4	2867	177.6	433.4	3.06	437.35	1
319.81	1	439.6	79.6	0.0	0.0	0.0	0.0	4	2851	179.0	431.7	3.12	439.57	1
319.91	1	441.8	79.2	0.0	0.0	0.0	0.0	4	2829	180.5	430.1	3.18	441.78	1
320.01	1	444.0	78.8	0.0	0.0	0.0	0.0	4	2823	182.0	428.4	3.24	443.97	1
320.11	1	446.2	78.4	0.0	0.0	0.0	0.0	4	2807	183.4	426.8	3.29	446.16	1
320.21	1	448.7	77.9	0.0	0.0	0.0	0.0	4	2789	184.9	425.2	3.32	448.66	1
320.33	1	451.3	77.4	0.0	0.0	0.02	0.0	4	2771	186.6	423.2	3.14	451.27	1
320.43	1	453.3	77.0	0.0	0.0	0.02	0.0	4	2759	188.0	421.7	3.0	453.27	1
320.53	1	455.4	76.6	0.0	0.0	0.03	0.0	4	2745	189.4	420.2	2.86	455.41	1
320.63	1	457.5	76.2	0.0	0.0	0.03	0.0	4	2731	190.8	418.6	2.73	457.52	1
320.73	1	459.6	75.8	0.0	0.0	0.03	0.0	4	2711	192.3	417.0	2.61	459.63	1
320.83	1	461.7	75.4	0.0	0.0	0.01	0.0	4	2700	193.7	415.5	2.5	461.73	1
320.93	1	464.0	75.0	0.0	0.0	0.01	0.0	4	2688	195.1	414.0	2.37	464.02	1
321.03	1	466.1	74.6	0.0	0.0	0.01	0.0	4	2670	196.5	412.5	2.1	466.07	1
321.13	1	468.1	74.2	0.0	0.0	0.02	0.0	4	2658	198.0	411.0	1.83	468.13	1
321.23	1	470.2	73.8	0.0	0.0	0.02	0.0	4	2641	199.4	409.5	1.57	470.16	1
321.33	1	472.2	73.4	0.0	0.0	0.06	0.0	4	2630	200.8	408.0	1.32	472.19	1
321.43	1	474.2	73.0	0.0	0.0	0.1	0.0	4	2614	202.2	406.5	1.08	474.22	1
321.53	1	476.2	72.6	0.0	0.0	0.1	0.0	4	2602	203.6	405.1	0.87	476.23	1
321.63	1	478.2	72.2	0.0	0.0	0.07	0.72	4	2585	205.1	403.7	0.68	478.23	1
321.73	1	480.2	72.0	0.0	0.0	0.07	1.0	4	2450	206.5	402.3	0.47	480.24	1
321.83	1	482.2	71.8	0.0	0.0	0.02	1.0	4	2299	208.0	400.9	0.24	482.23	1
321.93	1	484.2	71.6	0.0	0.0	0.03	1.0	3	2157	209.4	399.6	0.02	484.21	1
322.03	1	486.2	71.4	0.0	0.0	0.01	1.0	3	2024	210.9	398.2	-0.18	486.18	1
322.13	1	488.2	71.2	0.0	0.0	0.01	1.0	3	1958	212.4	396.9	-0.38	488.15	1
322.23	1	490.2	71.0	0.0	0.0	0.0	1.0	3	1953	213.8	395.6	-0.51	490.15	1
322.33	1	492.1	70.8	0.0	0.0	0.0	1.0	3	1953	215.3	394.3	-0.63	492.11	1
322.43	1	494.1	70.4	0.0	0.0	0.0	0.87	3	2056	216.7	392.9	-0.76	494.08	1
322.53	1	496.0	68.8	0.0	0.0	0.0	0.38	3	2851	218.2	391.6	-0.87	496.0	1
322.63	1	498.0	68.1	0.0	0.0	0.0	0.04	3	2950	219.6	390.4	-0.97	497.96	1
322.73	1	499.8	67.7	0.0	0.0	0.0	0.0	3	2932	221.0	389.1	-0.97	499.85	1
322.83	1	501.7	67.2	0.0	0.0	0.0	0.0	3	2911	222.4	387.8	-0.98	501.72	1
322.93	1	503.6	66.8	0.2	0.0	0.0	0.0	3	2908	223.7	386.6	-0.98	503.58	1
323.03	1	505.4	66.6	0.32	0.0	0.0	0.0	3	2910	225.1	385.3	-0.98	505.43	1
323.13	1	507.3	66.5	0.37	0.0	0.0	0.0	3	2910	226.5	384.1	-0.98	507.31	1
323.23	1	509.1	66.5	0.41	0.0	0.0	0.0	3	2909	227.9	382.9	-0.93	509.14	1
323.33	1	511.0	66.5	0.45	0.0	0.0	0.0	3	2911	229.2	381.6	-0.89	510.98	1
323.43	1	512.8	66.5	0.48	0.0	0.0	0.0	3	2914	230.6	380.4	-0.85	512.83	1
323.53	1	514.7	66.5	0.51	0.0	0.0	0.0	3	2917	232.0	379.2	-0.8	514.67	1
323.63	1	516.5	66.6	0.52	0.0	0.0	0.0	3	2921	233.3	377.9	-0.78	516.49	1
323.73	1	518.3	66.6	0.54	0.0	0.0	0.0	3	2926	234.7	376.7	-0.81	518.34	1
323.83	1	520.2	66.7	0.54	0.0	0.0	0.0	3	2931	236.1	375.5	-0.83	520.19	1
323.93	1	522.0	66.8	0.58	0.0	0.0	0.0	3	2938	237.5	374.2	-0.86	522.05	1
324.03	1	523.9	67.0	0.62	0.0	0.0	0.0	3	2948	238.9	373.0	-0.88	523.9	1
324.13	1	525.8	67.1	0.62	0.0	0.0	0.0	3	2956	240.2	371.7	-0.84	525.85	1
324.23	1	527.7	67.3	0.63	0.0	0.0	0.0	3	2966	241.6	370.5	-0.69	527.71	1
324.33	1	529.6	67.5	0.64	0.0	0.0	0.0	3	2973	243.0	369.2	-0.54	529.59	1
324.43	1	531.5	67.7	0.64	0.0	0.0	0.0	3	2984	244.4	368.0	-0.38	531.46	1
324.53	1	533.3	67.9	0.63	0.0	0.0	0.0	3	2995	245.9	366.7	-0.23	533.34	1
324.63	1	535.2	68.2	0.66	0.0	0.0	0.0	3	3007	247.3	365.5	-0.07	535.23	1
324.74	1	537.4	68.4	0.66	0.0	0.0	0.0	3	3018	248.9	364.0	0.11	537.43	1
324.84	1	539.3	68.7	0.66	0.0	-0.02	0.0	3	3030	250.3	362.7	0.27	539.32	1
324.94	1	541.2	68.9	0.66	0.0	-0.04	0.0	3	3042	251.8	361.5	0.43	541.22	1
325.04	1	543.1	69.2	0.66	0.0	-0.04	0.0	3	3054	253.2	360.2	0.57	543.14	1
325.14	1	545.1	69.5	0.66	0.0	-0.04	0.0	3	3066	254.6	358.9	0.71	545.06	1
325.26	1	547.3	69.8	0.66	0.0	-0.08	0.0	3	3081	256.3	357.3	0.85	547.3	1
325.36	1	549.2	70.0	0.66	0.0	-0.12	0.0	3	3094	257.6	356.1	0.95	549.16	1
325.46	1	551.1	70.3	0.66	0.0	-0.12	0.0	3	3108	259.0	354.7	1.03	551.11	1
325.56	1	553.1	70.6	0.69	0.0	-0.04	0.0	3	3121	260.4	353.3	1.08	553.06	1
325.66	1	555.0	70.9	0.71	0.0	-0.0	0.0	3	3136	261.8	351.9	1.12	555.03	1
325.76	1	557.0	71.3	0.71	0.0	-0.06	0.0	3	3155	263.1	350.5	1.14	557.0	1
325.86	1	559.0	71.6	0.71	0.0	-0.0	0.0	3	3172	264.5	349.1	1.15	558.99	1
325.96	1	561.0	72.0	0.71	0.0	-0.0	0.0	3	3190	265.9	347.6	1.15	560.98	1
326.06	1	563.0	72.4	0.74	0.0	-0.0	0.0	3	3213	267.3	346.2	1.15	562.99	1
326.16	1	565.0	72.9	0.74	0.0	-0.0	0.0	3	3234	268.7	344.7	1.14	565.01	1
326.26	1	567.0	73.4	0.74	0.0	-0.0	0.0	3	3255	270.1	343.2	1.14	567.04	1
326.36	1	569.1	73.8	0.75	0.0	-0.0	0.0	3	3279	271.5	341.8	1.13	569.08	1
326.46	1	571.0	74.3	0.75	0.0	-0.0	0.0	3	3302	272.9	340.3	1.15	570.99	1
326.56	1	573.0	74.8	0.77	0.0	-0.0	0.0	3	3328	274.3	338.7	1.42	573.04	1
326.66	1	575.1	75.4	0.77	0.0	-0.06	0.0	3	3353	275.7	337.2	1.69	575.11	1
326.76	1	577.2	75.9	0.77	0.0	-0.08	0.0	3	3380	277.1	335.7	1.95	577.19	1
326.86	1	579.3	76.5	0.77	0.0	-0.09	0.0	3	3409	278.6	334.1	2.19	579.3	1
326.96	1	581.4	77.1	0.77	0.0	-0.09	0.0	3	3437	280.0	332.5	2.41	581.42	1
327.06	1	583.6	77.6	0.77	0.0	-0.09	0.0	3	3465	281.4	330.9	2.6	583.56	1
327.16	1	585.7	78.2	0.77	0.0	-0.08	0.0	3	3494	282.8	329.2	2.76	585.72	1
327.26	1	587.9	78.9	0.77	0.0	-0.08	0.0	3	3521	284.2	327.6	2.89	587.89	1
327.36	1	590.1	79.5	0.77	0.0	-0.08	0.0	3	3552	285.5	325.8	2.99	590.1	1
327.46	1	592.3	80.2	0.77	0.0	-0.08	0.0	3	3584	286.9	324.1	3.07	592.31	1
327.56	1	594.5	80.8	0.77	0.0	-0.09	0.0	3	3614	288.2	322.3	3.11	594.55	1
327.66	1	596.8	81.5	0.77	0.0	-0.11	0.0	3	3648	289.6	320.5	3.12	596.8	1
327.76	1	599.1	82.2	0.77	0.0	-0.13	0.0	3	3685	290.9	318.6	3.09	599.08	1
327.86	1	601.4	82.9	0.77	0.0	-0.09	0.0	3	3715	292.2	316.7	3.03	601.37	1
327.96	1	603.7	83.6	0.77	0.0	-0.09	0.0	3	3750	293.4	314.8	2.92	603.68	1
328.06	1	606.0	84.3	0.77	0.0	-0.08	0.0	3	3787	294.7	312.8	2.76	606.0	1
328.16	1	608.4	85.1	0.77	0.0	-0.04	0.0	3	3820	295.9	310.8	2.57	608.35	1
328.26	1	610.7	85.9	0.77	0.0	-0.0	0.0	3	3855	297.1	308.7	2.36	610.72	1
328.36	1	613.1	86.8	0.77	0.0	-0.0	0.0	3	3894	298.3	306.7	2.12	613.11	1
328.46	1	615.5	87.6	0.77	0.0	-0.0	0.0	3	3930	299.5	304.6	1.87	615.5	1
328.56	1	617.7	88.5	0.77	0.0	-0.0	0.0	3	3970	300.7	302.4	1.79	617.68	1
328.66	1	620.1	89.3	0.75	0.0	-0.02	0.0	3	4008	301.9	300.3	1.88	620.14	1
328.76	1	622.6	90.2	0.74	0.0	-0.02	0.0	3	4048	303.1	298.1	1.96	622.64	1
328.86	1	625.2	91.0	0.69	0.0	-0.02	0.0	3	4075	304.4	295.9	2.04	625.16	1
328.96	1	627.7	91.7	0.55	0.0	-0.02	0.41	3	4079	305.6	293.7	2.11	627.69	1
329.06	1	630.2	91.6	0.32	0.0	-0.0	1.0	3	4315	306.9	291.5	2.17	630.24	1
329.16	1	632.8	91.3	0.0	0.0	-0.0	1.0	3	4146	308.1	289.3	2.22	632.78	1
329.26	1	635.3	91.1	0.0	0.0	-0.0	1.0	4	3890	309.3	287.1	2.28	635.31	1
329.36	1	637.8	91.3	0.0	0.0	-0.05	0.08	4	3272	310.5	284.8	2.32	637.85	1
329.46	1	640.4	90.8	0.15	0.0	-0.0	0.0	4	3261	311.7	282.6	2.36	640.38	1
329.56	1	642.9	90.6	0.32	0.0	-0.06	0.0	4	3270	312.9	280.4	2.4	642.91	1
329.66	1	645.4	90.5	0.53	0.0	-0.11	0.0	4	3292	314.1	278.2	2.42	645.41	1
329.76	1	647.9	90.6	0.62	0.0	-0.11	0.0	4	3308	315.3	275.9	2.41	647.93	1
329.86	1	650.4	90.8	0.63	0.0	-0.13	0.0	4	3319	316.4	273.7	2.36	650.45	1
329.96	1	653.0	91.0	0.63	0.0	-0.12	0.0	4	3327	317.5	271.4	2.27	652.97	1
330.06	1	655.5	91.2	0.63	0.0	-0.04	0.0	4	3331	318.6	269.1	2.14	655.49	1
330.17	1	658.3	91.4	0.69	0.0	-0.0	0.0	4	3344	319.7	266.5	1.95	658.31	1
330.27	1	660.9	91.7	0.71	0.0	-0.0	0.0	4	3355	320.7	264.2	1.75	660.86	1
330.37	1	663.2	92.0	0.74	0.0	-0.06	0.0	4	3371	321.7	261.8	1.68	663.16	1
330.47	1	665.7	92.4	0.75	0.0	-0.06	0.0	4	3388	322.7	259.5	1.82	665.72	1
330.57	1	668.3	92.8	0.75	0.0	-0.06	0.0	4	3402	323.7	257.1	1.94	668.29	1
330.67	1	670.9	93.1	0.75	0.0	-0.08	0.0	4	3417	324.6	254.7	2.04	670.87	1
330.77	1	673.5	93.5	0.75	0.0	-0.08	0.0	4	3431	325.5	252.3	2.11	673.46	1
330.87	1	676.1	93.9	0.76	0.0	-0.05	0.0	4	3448	326.5	249.8	2.14	676.06	1
330.97	1	678.7	94.3	0.76	0.0	-0.02	0.0	4	3463	327.3	247.4	2.15	678.68	1
331.07	1	681.3	94.7	0.78	0.0	-0.0	0.0	4	3480	328.2	244.9	2.14	681.3	1
331.17	1	683.9	95.2	0.78	0.0	-0.0	0.0	4	3497	329.1	242.4	2.11	683.94	1
331.27	1	686.6	95.6	0.79	0.0	-0.0	0.0	4	3516	329.9	239.9	2.08	686.59	1
331.37	1	689.3	96.1	0.79	0.0	-0.0	0.0	4	3533	330.8	237.4	2.03	689.25	1
331.47	1	691.9	96.6	0.8	0.0	-0.0	0.0	4	3554	331.6	234.8	1.99	691.95	1
331.57	1	694.6	97.1	0.8	0.0	-0.04	0.0	4	3576	332.5	232.3	1.94	694.62	1
331.67	1	697.3	97.6	0.8	0.0	-0.04	0.0	4	3595	333.3	229.7	1.88	697.33	1
331.77	1	700.0	98.2	0.8	0.0	-0.04	0.0	4	3617	334.2	227.1	1.81	700.04	1
331.87	1	702.8	98.7	0.8	0.0	-0.04	0.0	4	3637	335.0	224.5	1.73	702.77	1
331.97	1	705.5	99.3	0.8	0.0	-0.03	0.0	4	3658	335.8	221.9	1.63	705.54	1
332.07	1	708.3	99.8	0.8	0.0	-0.03	0.0	4	3681	336.6	219.3	1.51	708.28	1
332.17	1	710.9	100.4	0.8	0.0	-0.03	0.0	4	3703	337.4	216.6	1.73	710.86	1
332.27	1	713.7	100.9	0.8	0.0	-0.03	0.0	4	3725	338.2	213.9	1.94	713.66	1
332.37	1	716.5	101.5	0.8	0.0	-0.03	0.0	4	3748	339.0	211.2	2.13	716.46	1
332.47	1	719.3	102.1	0.8	0.0	-0.03	0.0	4	3768	339.7	208.5	2.3	719.3	1
332.57	1	722.1	102.7	0.8	0.0	-0.0	0.0	4	3794	340.5	205.7	2.45	722.13	1
332.67	1	725.0	103.3	0.8	0.0	-0.0	0.0	4	3817	341.2	203.0	2.6	724.99	1
332.77	1	727.9	104.0	0.8	0.0	-0.0	0.0	4	3841	341.9	200.2	2.73	727.87	1
332.87	1	730.8	104.6	0.8	0.0	-0.0	0.0	4	3864	342.6	197.4	2.86	730.76	1
332.97	1	733.7	105.2	0.8	0.0	-0.0	0.0	4	3888	343.4	194.6	2.99	733.65	1
333.07	1	736.6	105.9	0.8	0.0	-0.03	0.0	4	3916	344.1	191.7	3.11	736.59	1
333.17	1	739.6	106.5	0.8	0.0	-0.06	0.0	4	3942	344.8	188.8	3.22	739.55	1
333.27	1	742.5	107.2	0.8	0.0	-0.06	0.0	4	3968	345.5	186.0	3.32	742.5	1
333.37	1	745.5	107.9	0.8	0.0	-0.07	0.0	4	3994	346.2	183.1	3.39	745.49	1
333.47	1	748.5	108.5	0.8	0.0	-0.08	0.0	4	4023	346.9	180.1	3.43	748.49	1
333.57	1	751.5	109.2	0.8	0.0	-0.08	0.0	4	4052	347.5	177.2	3.44	751.52	1
333.67	1	754.4	109.9	0.8	0.0	-0.07	0.0	4	4079	348.1	174.2	3.42	754.38	1
333.77	1	757.4	110.5	0.8	0.0	-0.07	0.0	4	4122	348.7	171.2	3.49	757.45	1
333.87	1	760.5	111.3	0.8	0.0	-0.07	0.0	4	4122	349.2	168.1	3.51	760.53	1
333.97	1	763.5	111.9	0.8	0.0	-0.12	0.0	4	4157	349.6	165.1	3.48	763.54	1
334.07	1	766.7	112.6	0.8	0.0	-0.16	0.0	4	4195	350.0	162.0	3.47	766.66	1
334.17	1	769.8	113.3	0.8	0.0	-0.06	0.0	4	4222	350.4	158.9	3.4	769.8	1
334.27	1	772.9	114.0	0.8	0.0	-0.04	0.0	4	4249	350.7	155.7	3.27	772.92	1
334.37	1	776.0	114.8	0.8	0.0	-0.04	0.0	4	4273	350.9	152.5	3.22	776.01	1
334.47	1	779.2	115.5	0.8	0.0	-0.0	0.0	4	4298	351.1	149.3	3.12	779.21	1
334.58	1	782.8	116.5	0.84	0.0	-0.0	0.0	4	4340	351.3	145.6	2.99	782.78	1
334.68	1	786.0	117.4	0.84	0.0	-0.0	0.0	4	4373	351.4	142.4	3.02	786.02	1
334.78	1	789.3	118.2	0.86	0.0	-0.0	0.0	4	4414	351.5	139.1	3.04	789.29	1
334.88	1	792.6	119.2	0.86	0.0	-0.0	0.0	4	4443	351.7	135.8	3.05	792.56	1
334.98	1	795.9	120.1	0.86	0.0	-0.0	0.0	4	4485	351.7	132.5	3.09	795.88	1
335.09	1	799.6	121.2	0.89	0.0	0.0	0.0	4	4539	351.9	128.8	3.13	799.58	1
335.2	1	803.0	122.2	0.89	0.0	0.0	0.0	4	4581	351.9	125.4	3.16	802.97	1
335.29	1	806.4	123.3	0.89	0.0	0.0	0.0	4	4614	352.0	122.0	3.19	806.37	1
335.4	1	809.8	124.4	0.89	0.0	0.0	0.0	4	4670	352.1	118.5	3.23	809.83	1
335.49	1	813.3	125.4	0.89	0.0	0.0	0.02	4	4709	352.2	115.1	3.26	813.27	1
335.59	1	816.8	126.5	0.77	0.0	0.0	0.15	4	4712	352.4	111.6	3.31	816.77	1
335.69	1	820.3	127.0	0.6	0.0	-0.04	0.89	4	4900	352.5	108.1	3.36	820.28	1
335.79	1	823.8	126.7	0.47	0.0	-0.06	1.0	4	5464	352.6	104.6	3.41	823.79	1
335.89	1	827.3	126.3	0.38	0.0	-0.0	1.0	5	6003	352.7	101.0	3.44	827.31	1
335.99	1	830.8	126.1	0.38	0.0	-0.09	0.78	5	6267	352.7	97.5	3.45	830.81	1
336.09	1	834.3	127.3	0.38	0.0	-0.0	0.27	5	5000	352.8	94.0	3.43	834.32	1
336.19	1	837.9	128.5	0.51	0.0	-0.05	0.03	5	3948	352.8	90.5	3.38	837.88	1
336.29	1	841.5	128.6	0.58	0.0	-0.09	0.0	5	3956	352.7	86.9	3.3	841.45	1
336.39	1	845.0	128.7	0.6	0.0	-0.09	0.0	5	3958	352.6	83.3	3.16	845.04	1
336.49	1	848.6	128.7	0.6	0.0	-0.09	0.0	5	3966	352.5	79.7	3.0	848.56	1
336.59	1	852.1	128.8	0.62	0.0	-0.02	0.0	5	3975	352.3	76.2	2.79	852.14	1
336.69	1	855.7	129.0	0.63	0.0	-0.0	0.0	5	3979	352.1	72.6	2.54	855.7	1
336.79	1	859.3	129.2	0.66	0.0	0.0	0.0	5	3983	351.8	69.0	2.25	859.27	1
336.89	1	862.8	129.4	0.71	0.0	0.18	0.0	5	4005	351.5	65.4	1.94	862.83	1
336.99	1	866.4	129.6	0.73	0.0	0.18	0.0	5	4021	351.2	61.9	1.69	866.42	1
337.09	1	870.0	129.9	0.73	0.0	0.2	0.0	5	4031	351.0	58.3	1.49	870.01	1
337.19	1	873.6	130.0	0.73	0.0	0.12	0.0	5	4046	350.8	54.6	1.38	873.64	1
337.29	1	877.2	130.2	0.73	0.0	0.03	0.0	5	4054	350.8	51.0	1.34	877.24	1
337.39	1	880.9	130.5	0.73	0.0	0.01	0.0	5	4049	350.8	47.4	1.37	880.89	1
337.49	1	884.5	130.7	0.73	0.0	0.01	0.0	5	4058	350.9	43.8	1.46	884.5	1
337.59	1	888.1	131.0	0.74	0.0	0.01	0.0	5	4062	351.1	40.2	1.62	888.13	1
337.69	1	891.8	131.4	0.77	0.0	0.01	0.0	5	4091	351.3	36.5	1.83	891.78	1
337.79	1	895.4	131.8	0.77	0.0	0.01	0.0	5	4067	351.5	32.9	2.07	895.41	1
337.89	1	899.1	132.2	0.78	0.0	0.0	0.0	5	4105	351.8	29.2	2.33	899.07	1
337.99	1	902.7	132.6	0.79	0.0	0.0	0.0	5	4116	352.0	25.6	2.61	902.74	1
338.09	1	906.4	133.1	0.79	0.0	0.0	0.0	5	4128	352.3	21.9	2.9	906.42	1
338.19	1	910.1	133.5	0.79	0.0	0.0	0.0	5	4143	352.6	18.2	3.19	910.12	1
338.29	1	913.8	134.0	0.79	0.0	0.0	0.0	5	4157	352.9	14.5	3.49	913.83	1
338.39	1	917.5	134.4	0.79	0.0	0.0	0.0	5	4173	353.2	10.7	3.79	917.55	1
338.49	1	921.3	134.8	0.79	0.0	-0.04	0.0	5	4215	353.5	7.0	4.1	921.28	1
338.59	1	925.0	135.3	0.77	0.0	-0.06	0.0	5	4189	353.8	3.3	4.4	925.02	1
338.69	1	928.8	135.7	0.75	0.0	-0.06	0.0	5	4207	354.1	-0.5	4.68	928.76	1
338.79	1	932.5	136.1	0.71	0.0	-0.06	0.0	5	4220	354.4	-4.2	4.94	932.53	1
338.89	1	936.3	136.3	0.63	0.0	-0.0	0.0	5	4235	354.6	-8.0	5.16	936.3	1
338.99	1	940.1	136.5	0.56	0.0	-0.06	0.0	5	4200	354.8	-11.8	5.35	940.1	1
339.09	1	943.9	136.5	0.51	0.0	-0.06	0.0	5	4191	354.9	-15.6	5.51	943.88	1
339.19	1	947.7	136.5	0.46	0.0	-0.06	0.0	5	4185	355.1	-19.4	5.62	947.67	1
339.3	1	951.5	136.4	0.45	0.0	-0.04	0.0	5	4180	355.1	-23.2	5.7	951.47	1
339.4	1	955.3	136.3	0.45	0.0	-0.06	0.0	5	4177	355.2	-27.0	5.73	955.26	1
339.5	1	959.1	136.3	0.45	0.0	-0.0	0.0	5	4174	355.2	-30.8	5.73	959.05	1
339.6	1	962.8	136.2	0.45	0.0	-0.0	0.0	5	4171	355.1	-34.6	5.7	962.84	1
339.7	1	966.6	136.1	0.45	0.0	0.0	0.0	5	4168	355.1	-38.3	5.65	966.61	1
339.79	1	970.4	136.1	0.45	0.0	0.0	0.0	5	4166	355.0	-42.1	5.58	970.39	1
339.89	1	974.2	136.0	0.45	0.0	0.0	0.0	5	4164	354.9	-45.9	5.51	974.17	1
340.0	1	978.3	136.0	0.45	0.0	0.0	0.0	5	4162	354.9	-50.0	5.42	978.29	1
340.1	1	982.1	135.9	0.45	0.0	0.0	0.0	5	4160	354.8	-53.8	5.34	982.06	1
340.2	1	985.8	135.9	0.45	0.0	0.0	0.0	5	4158	354.7	-57.5	5.27	985.83	1
340.3	1	989.6	135.8	0.43	0.0	0.0	0.0	5	4153	354.6	-61.3	5.19	989.61	1
340.4	1	993.4	135.7	0.43	0.0	0.0	0.0	5	4150	354.6	-65.1	5.13	993.38	1
340.5	1	997.2	135.6	0.38	0.0	-0.04	0.0	5	4137	354.5	-68.9	5.06	997.16	1
340.6	1	1000.9	135.4	0.36	0.0	-0.04	0.0	5	4129	354.4	-72.6	4.98	1000.91	1
340.7	1	1004.7	135.2	0.34	0.0	-0.03	0.0	5	4120	354.3	-76.4	4.89	1004.67	1
340.8	1	1008.4	134.9	0.34	0.0	-0.05	0.0	5	4113	354.2	-80.1	4.78	1008.42	1
340.9	1	1012.2	134.7	0.34	0.0	-0.03	0.0	5	4107	354.1	-83.9	4.64	1012.16	1
341.0	1	1015.9	134.5	0.34	0.0	0.0	0.0	5	4098	353.9	-87.6	4.47	1015.89	1
341.1	1	1019.6	134.2	0.27	0.0	0.05	0.0	5	4080	353.7	-91.3	4.29	1019.62	1
341.2	1	1023.3	133.8	0.0	0.0	0.01	0.0	5	4025	353.5	-95.1	4.1	1023.34	1
341.3	1	1027.0	133.1	0.0	0.0	0.01	0.0	5	4000	353.4	-98.8	3.92	1027.05	1
341.4	1	1030.7	132.4	0.0	0.0	0.01	0.0	5	3979	353.2	-102.4	3.74	1030.74	1
341.5	1	1034.4	131.7	0.0	0.0	-0.08	0.0	5	3959	353.0	-106.1	3.57	1034.39	1
341.6	1	1038.0	129.2	0.0	0.61	-0.16	0.0	5	3740	352.8	-109.7	3.39	1038.01	1
341.7	1	1041.5	124.1	0.0	0.95	-0.12	0.0	5	3176	352.6	-113.2	3.19	1041.52	1
341.8	1	1044.9	118.9	0.0	1.0	-0.26	0.0	5	2204	352.4	-116.6	2.98	1044.9	1
341.9	1	1048.1	113.5	0.0	1.0	-0.15	0.0	5	1342	352.2	-119.8	2.78	1048.11	1
342.0	1	1051.2	108.1	0.0	1.0	-0.12	0.0	5	576	352.0	-122.9	2.59	1051.18	1
342.1	1	1054.1	102.7	0.0	1.0	-0.0	0.0	5	10	351.8	-125.8	2.41	1054.11	1
342.2	1	1056.9	97.4	0.0	1.0	-0.0	0.0	5	10	351.7	-128.6	2.24	1056.88	1
342.3	1	1059.5	92.1	0.0	1.0	-0.0	0.0	5	11	351.5	-131.2	2.09	1059.51	1
342.4	1	1062.0	86.9	0.0	1.0	-0.02	0.0	5	10	351.4	-133.7	1.95	1062.0	1
342.5	1	1064.3	80.9	0.0	1.0	-0.08	0.0	5	12	351.3	-136.0	1.82	1064.32	1
342.62	1	1066.8	76.0	0.0	1.0	-0.16	0.0	5	8	351.1	-138.6	1.69	1066.84	1
342.72	1	1068.9	70.8	0.0	1.0	-0.17	0.0	5	10	351.0	-140.6	1.59	1068.87	1
342.82	1	1070.8	65.6	0.0	1.0	-0.17	0.0	5	11	350.9	-142.5	1.51	1070.76	1
342.92	1	1072.5	60.4	0.0	1.0	-0.17	0.0	5	10	350.9	-144.2	1.43	1072.52	1
343.02	1	1074.1	55.2	0.0	1.0	-0.2	0.0	5	12	350.8	-145.8	1.38	1074.12	1
343.12	1	1075.6	49.9	0.0	1.0	-0.19	0.0	5	3	350.8	-147.3	1.33	1075.57	1
343.22	1	1076.9	45.6	0.0	1.0	-0.2	0.0	5	15	350.7	-148.6	1.3	1076.9	1
343.32	1	1078.1	40.1	0.0	1.0	-0.2	0.0	5	12	350.7	-149.8	1.28	1078.09	1
343.42	1	1079.1	34.8	0.0	1.0	-0.17	0.0	5	10	350.7	-150.8	1.27	1079.13	1
343.52	1	1080.0	29.8	0.0	1.0	-0.17	0.0	5	10	350.7	-151.7	1.27	1080.02	1
343.62	1	1080.8	24.7	0.0	1.0	-0.17	0.0	5	10	350.7	-152.5	1.27	1080.79	1
343.72	1	1081.4	19.6	0.0	1.0	-0.17	0.0	5	10	350.7	-153.1	1.29	1081.4	1
343.82	1	1081.9	14.6	0.0	1.0	-0.17	0.0	5	10	350.7	-153.6	1.3	1081.87	1
343.92	1	1082.2	9.3	0.0	1.0	-0.17	0.0	5	10	350.8	-153.9	1.32	1082.22	1
344.02	1	1082.4	4.4	0.0	1.0	-0.22	0.0	5	10	350.8	-154.1	1.33	1082.4	1
344.12	1	1082.5	0.2	0.0	1.0	-0.22	0.0	5	3	350.8	-154.2	1.34	1082.45	1
344.22	1	1082.5	0.1	0.0	1.0	-0.22	0.0	5	0	350.8	-154.2	1.33	1082.45	1
344.32	1	1082.5	0.1	0.0	1.0	-0.22	0.0	5	0	350.8	-154.2	1.33	1082.45	1
344.44	1	1082.5	0.1	0.0	1.0	-0.22	0.0	5	0	350.8	-154.2	1.33	1082.45	1
344.54	1	1082.5	0.1	0.0	1.0	-0.21	0.0	5	0	350.8	-154.2	1.32	1082.45	1
344.64	1	1082.5	0.1	0.0	1.0	-0.16	0.0	5	0	350.8	-154.2	1.32	1082.45	1
344.74	1	1082.5	0.1	0.0	1.0	-0.14	0.0	5	0	350.8	-154.2	1.32	1082.45	1
344.84	1	1082.5	0.1	0.0	0.99	-0.13	0.0	5	0	350.8	-154.2	1.32	1082.45	1
344.94	1	1082.5	0.0	0.0	0.0	-0.0	0.0	5	0	350.8	-154.2	1.32	1082.45	1
345.04	1	1082.5	0.0	0.0	0.0	-0.0	0.0	5	0	350.8	-154.2	1.32	1082.45	1
345.14	1	1082.5	0.0	0.0	0.0	-0.0	0.0	5	0	350.8	-154.2	1.32	1082.45	1
345.24	1	1082.5	0.0	0.0	0.0	-0.04	0.0	5	0	350.8	-154.2	1.32	1082.45	1
345.34	1	1082.5	0.0	0.0	0.0	-0.02	0.0	5	0	350.8	-154.2	1.32	1082.45	1
345.44	1	1082.5	0.0	0.0	0.0	-0.0	0.0	5	0	350.7	-154.2	1.32	1082.45	1
345.54	1	1082.5	0.0	0.0	0.0	-0.0	0.0	5	0	350.7	-154.2	1.32	1082.45	1
345.64	1	1082.5	0.0	0.0	0.0	-0.0	0.0	5	0	350.7	-154.2	1.32	1082.45	1
345.74	1	1082.5	0.0	0.0	0.0	0.0	0.0	5	0	350.7	-154.2	1.32	1082.45	1
345.84	1	1082.5	0.0	0.0	0.0	0.0	0.0	5	0	350.7	-154.2	1.32	1082.45	1
345.94	1	1082.5	0.0	0.0	0.0	0.0	0.0	5	0	350.7	-154.2	1.32	1082.45	1
346.04	1	1082.5	0.0	0.0	0.0	0.0	0.0	5	0	350.7	-154.2	1.32	1082.45	1
346.14	1	1082.5	0.0	0.0	0.0	0.0	0.0	5	0	350.7	-154.2	1.32	1082.45	1
346.24	1	1082.5	0.0	0.0	0.0	0.0	0.0	5	0	350.7	-154.2	1.32	1082.45	1
346.34	1	1082.5	0.0	0.0	0.0	0.0	0.0	5	0	350.8	-154.2	1.32	1082.45	1
346.44	1	1082.5	0.0	0.0	0.0	0.0	0.0	5	0	350.8	-154.2	1.32	1082.45	1
346.54	1	1082.5	0.0	0.0	0.0	0.0	0.0	5	0	350.8	-154.2	1.32	1082.45	1
346.64	1	1082.5	0.0	0.0	0.0	0.0	0.0	5	0	350.8	-154.2	1.32	1082.45	1
346.74	1	1082.5	0.0	0.0	0.0	0.0	0.0	5	0	350.8	-154.2	1.32	1082.45	1
346.84	1	1082.5	0.0	0.0	0.0	0.0	0.0	5	0	350.8	-154.2	1.32	1082.45	1
346.94	1	1082.5	0.0	0.0	0.0	0.0	0.0	5	0	350.8	-154.2	1.32	1082.45	1
347.04	1	1082.5	0.0	0.0	0.0	0.0	0.0	5	0	350.8	-154.2	1.32	1082.45	1
347.14	1	1082.5	0.0	0.0	0.0	0.0	0.0	5	0	350.8	-154.2	1.32	1082.45	1
347.24	1	1082.5	0.0	0.0	0.0	0.0	0.0	5	0	350.8	-154.2	1.32	1082.45	1
347.34	1	1082.5	0.0	0.0	0.0	0.0	0.0	5	0	350.8	-154.2	1.32	1082.45	1
347.44	1	1082.5	0.0	0.0	0.0	0.0	0.0	5	0	350.8	-154.2	1.32	1082.45	1
347.54	1	1082.5	0.0	0.0	0.0	0.0	0.0	5	0	350.8	-154.2	1.32	1082.45	1
347.64	1	1082.5	0.0	0.0	0.0	0.0	0.0	5	0	350.8	-154.2	1.32	1082.45	1
347.74	1	1082.5	0.0	0.0	0.0	0.0	0.0	5	0	350.8	-154.2	1.32	1082.45	1
347.84	1	1082.5	0.0	0.0	0.0	0.0	0.0	5	0	350.8	-154.2	1.32	1082.45	1
347.94	1	1082.5	0.0	0.0	0.0	0.0	0.0	5	0	350.8	-154.2	1.32	1082.45	1
348.04	1	1082.5	0.0	0.0	0.0	0.0	0.0	5	0	350.8	-154.2	1.32	1082.45	1
348.14	1	1082.5	0.0	0.0	0.0	0.0	0.0	5	0	350.8	-154.2	1.32	1082.45	1
348.24	1	1082.5	0.0	0.0	0.0	0.0	0.0	5	0	350.8	-154.2	1.32	1082.45	1
