# watglen_racer telemetry — Lotus 49 @ watglen
# t	lap	lapdist	kmh	thr	brk	steer	clu	gear	rpm	x	z	lat	along	ontrack
0.16	0	0.0	0.0	0.0	0.0	0.0	1.0	1	1954	-50.2	762.7	0.0	0.0	1
0.29	0	0.0	0.0	0.0	0.0	0.0	1.0	1	1953	-50.2	762.7	0.0	0.0	1
0.38	0	0.0	0.0	0.0	0.0	0.0	1.0	1	1953	-50.2	762.7	0.0	0.0	1
0.48	0	0.0	0.0	0.0	0.0	0.0	1.0	1	1953	-50.2	762.7	0.0	0.0	1
0.58	0	0.0	0.0	0.0	0.0	0.0	1.0	1	1953	-50.2	762.7	0.0	0.0	1
0.68	0	0.0	0.0	0.0	0.0	0.0	1.0	1	1953	-50.2	762.7	0.0	0.0	1
0.78	0	0.0	0.0	0.0	0.0	0.0	1.0	1	1953	-50.2	762.7	0.0	0.0	1
0.88	0	0.0	0.0	0.0	0.0	0.0	1.0	1	1953	-50.2	762.7	0.0	0.0	1
0.98	0	0.0	0.0	0.0	0.0	0.0	1.0	1	1953	-50.2	762.7	0.0	0.0	1
1.08	0	0.0	0.0	0.0	0.0	0.0	1.0	1	1953	-50.2	762.7	0.0	0.0	1
1.18	0	0.0	0.0	0.0	0.0	0.0	1.0	1	1953	-50.2	762.7	0.0	0.0	1
1.28	0	0.0	0.0	0.0	0.0	0.0	1.0	1	1953	-50.2	762.7	0.0	0.0	1
1.38	0	0.0	0.0	0.0	0.0	0.0	1.0	1	1953	-50.2	762.7	0.0	0.0	1
1.48	0	0.0	0.0	0.0	0.0	0.0	1.0	1	1953	-50.2	762.7	0.0	0.0	1
1.62	0	0.0	0.0	0.0	0.0	0.0	1.0	1	1953	-50.2	762.7	0.0	0.0	1
1.7	0	0.0	0.0	0.0	0.0	0.0	1.0	1	1953	-50.2	762.7	0.0	0.0	1
1.8	0	0.0	0.0	0.0	0.0	0.0	1.0	1	1953	-50.2	762.7	0.0	0.0	1
1.9	0	0.0	0.0	0.0	0.0	0.0	1.0	1	1953	-50.2	762.7	0.0	0.0	1
2.0	0	0.0	0.0	0.0	0.0	0.0	1.0	1	1953	-50.2	762.7	0.0	0.0	1
2.1	0	0.0	0.0	0.0	0.0	0.0	1.0	1	1953	-50.2	762.7	0.0	0.0	1
2.2	0	0.0	0.0	0.0	0.0	0.0	1.0	1	1953	-50.2	762.7	0.0	0.0	1
2.3	0	0.0	0.0	0.0	0.0	0.0	1.0	1	1953	-50.2	762.7	0.0	0.0	1
2.4	0	0.0	0.0	0.0	0.0	0.0	1.0	1	1953	-50.2	762.7	0.0	0.0	1
2.5	0	0.0	0.0	0.0	0.0	0.0	1.0	1	1953	-50.2	762.7	0.0	0.0	1
2.77	0	0.0	0.0	0.0	0.0	0.0	1.0	1	1953	-50.2	762.7	0.0	0.0	1
2.9	0	0.0	0.0	0.0	0.0	0.0	1.0	1	1953	-50.2	762.7	0.0	0.0	1
3.0	0	0.0	0.0	0.0	0.0	0.0	1.0	1	1953	-50.2	762.7	0.0	0.0	1
3.1	0	0.0	0.0	0.0	0.0	0.0	1.0	1	1953	-50.2	762.7	0.0	0.0	1
3.21	0	0.0	0.0	0.0	0.0	0.0	1.0	1	1953	-50.2	762.7	0.0	0.0	1
3.31	0	0.0	0.0	0.0	0.0	0.0	1.0	1	1953	-50.2	762.7	0.0	0.0	1
3.42	0	0.0	0.0	0.0	0.0	0.0	1.0	1	1953	-50.2	762.7	0.0	0.0	1
3.51	0	0.0	0.0	0.0	0.0	0.0	1.0	1	1953	-50.2	762.7	0.0	0.0	1
3.61	0	0.0	0.0	0.0	0.0	0.0	1.0	1	1953	-50.2	762.7	0.0	0.0	1
3.71	0	0.0	0.0	0.0	0.0	0.0	1.0	1	1953	-50.2	762.7	0.0	0.0	1
3.81	0	0.0	0.0	0.0	0.0	0.0	1.0	1	1953	-50.2	762.7	0.0	0.0	1
3.91	0	0.0	0.0	0.0	0.0	0.0	1.0	1	1953	-50.2	762.7	0.0	0.0	1
4.01	0	0.0	0.0	0.0	0.0	0.0	1.0	1	1953	-50.2	762.7	0.0	0.0	1
4.11	0	0.0	0.0	0.0	0.0	0.0	1.0	1	1953	-50.2	762.7	0.0	0.0	1
4.21	0	0.0	0.0	0.0	0.0	0.0	1.0	1	1953	-50.2	762.7	0.0	0.0	1
4.31	0	0.0	0.0	0.0	0.0	0.0	1.0	1	1953	-50.2	762.7	0.0	0.0	1
4.41	0	0.0	0.0	0.0	0.0	0.0	1.0	1	1953	-50.2	762.7	0.0	0.0	1
4.51	0	0.0	0.0	0.0	0.0	0.0	1.0	1	1953	-50.2	762.7	0.0	0.0	1
4.61	0	0.0	0.0	0.0	0.0	0.0	1.0	1	1953	-50.2	762.7	0.0	0.0	1
4.71	0	0.0	0.0	0.0	0.0	0.0	1.0	1	1953	-50.2	762.7	0.0	0.0	1
4.81	0	0.0	0.0	0.0	0.0	0.0	1.0	1	1953	-50.2	762.7	0.0	0.0	1
4.91	0	0.0	0.0	0.0	0.0	0.0	1.0	1	1953	-50.2	762.7	0.0	0.0	1
5.01	0	0.0	0.0	0.0	0.0	0.0	1.0	1	1953	-50.2	762.7	0.0	0.0	1
5.11	0	0.0	0.0	0.0	0.0	0.0	1.0	1	1953	-50.2	762.7	0.0	0.0	1
5.21	0	0.0	0.0	0.0	0.0	0.0	1.0	1	1953	-50.2	762.7	0.0	0.0	1
5.31	0	0.0	0.0	0.0	0.0	0.0	1.0	1	1953	-50.2	762.7	0.0	0.0	1
5.41	0	0.0	0.0	0.0	0.0	0.0	1.0	1	1953	-50.2	762.7	0.0	0.0	1
5.51	0	0.0	0.0	0.0	0.0	0.0	1.0	1	1953	-50.2	762.7	0.0	0.0	1
5.61	0	0.0	0.0	0.0	0.0	0.0	1.0	1	1953	-50.2	762.7	0.0	0.0	1
5.71	0	0.0	0.0	0.0	0.0	0.0	1.0	1	1953	-50.2	762.7	0.0	0.0	1
5.81	0	0.0	0.0	0.0	0.0	0.0	1.0	1	1953	-50.2	762.7	0.0	0.0	1
5.91	0	0.0	0.0	0.0	0.0	0.0	1.0	1	1953	-50.2	762.7	0.0	0.0	1
6.01	0	0.0	0.0	0.0	0.0	0.0	1.0	1	1953	-50.2	762.7	0.0	0.0	1
6.11	0	0.0	0.0	0.0	0.0	0.0	1.0	1	1953	-50.2	762.7	0.0	0.0	1
6.21	0	0.0	0.0	0.0	0.0	0.0	1.0	1	1953	-50.2	762.7	0.0	0.0	1
6.31	0	0.0	0.0	0.0	0.0	0.0	1.0	1	1953	-50.2	762.7	0.0	0.0	1
6.41	0	0.0	0.0	0.0	0.0	0.0	1.0	1	1953	-50.2	762.7	0.0	0.0	1
6.51	0	0.0	0.0	0.0	0.0	0.0	1.0	1	1953	-50.2	762.7	0.0	0.0	1
6.61	0	0.0	0.0	0.0	0.0	0.0	1.0	1	1953	-50.2	762.7	0.0	0.0	1
6.71	0	0.0	0.0	0.0	0.0	0.0	1.0	1	1953	-50.2	762.7	0.0	0.0	1
6.81	0	0.0	0.0	0.0	0.0	0.0	1.0	1	1953	-50.2	762.7	0.0	0.0	1
6.91	0	0.0	0.0	0.0	0.0	0.0	1.0	1	1953	-50.2	762.7	0.0	0.0	1
7.01	0	0.0	0.0	0.0	0.0	0.0	1.0	1	1953	-50.2	762.7	0.0	0.0	1
7.11	0	0.0	0.0	0.0	0.0	-0.02	1.0	1	1953	-50.2	762.7	0.0	0.0	1
7.21	0	0.0	0.0	0.0	0.0	-0.02	1.0	1	1953	-50.2	762.7	0.0	0.0	1
7.31	0	0.0	0.0	0.0	0.0	-0.02	1.0	1	1953	-50.2	762.7	0.0	0.0	1
7.41	0	0.0	0.0	0.0	0.0	-0.02	1.0	1	1953	-50.2	762.7	0.0	0.0	1
7.51	0	0.0	0.0	0.0	0.0	-0.02	1.0	1	1953	-50.2	762.7	0.0	0.0	1
7.61	0	0.0	0.0	0.0	0.0	-0.02	1.0	1	1953	-50.2	762.7	0.0	0.0	1
7.71	0	0.0	0.0	0.0	0.0	-0.02	1.0	1	1953	-50.2	762.7	0.0	0.0	1
7.81	0	0.0	0.0	0.0	0.0	-0.02	1.0	1	1953	-50.2	762.7	0.0	0.0	1
7.91	0	0.0	0.0	0.0	0.0	-0.02	1.0	1	1953	-50.2	762.7	0.0	0.0	1
8.01	0	0.0	0.0	0.0	0.0	-0.02	1.0	1	1953	-50.2	762.7	0.0	0.0	1
8.11	0	0.0	0.0	0.0	0.0	-0.02	1.0	1	1953	-50.2	762.7	0.0	0.0	1
8.21	0	0.0	0.0	0.0	0.0	-0.02	1.0	1	1953	-50.2	762.7	0.0	0.0	1
8.31	0	0.2	0.0	0.0	0.0	-0.02	1.0	1	1953	-50.2	762.7	0.0	0.24	1
8.41	0	0.7	0.0	0.0	0.0	-0.02	1.0	1	1953	-50.2	762.7	0.0	0.69	1
8.51	0	1.1	0.0	0.0	0.0	-0.02	1.0	1	1953	-50.2	762.7	-0.0	1.14	1
8.61	0	1.6	0.0	0.0	0.0	-0.02	1.0	1	1953	-50.2	762.7	-0.0	1.59	1
8.71	0	2.0	0.0	0.0	0.0	-0.02	1.0	1	1953	-50.2	762.7	-0.0	2.04	1
8.81	0	2.5	0.0	0.0	0.0	-0.02	1.0	1	1953	-50.2	762.7	-0.0	2.5	1
8.91	0	2.9	0.0	0.0	0.0	-0.02	1.0	1	1953	-50.2	762.7	-0.0	2.95	1
9.01	0	3.4	0.0	0.0	0.0	-0.02	1.0	1	1953	-50.2	762.7	-0.0	3.4	1
9.11	0	3.9	0.0	0.0	0.0	-0.02	1.0	1	1953	-50.2	762.7	-0.0	3.86	1
9.23	0	4.4	0.0	0.0	0.0	-0.02	1.0	1	1953	-50.2	762.7	-0.0	4.4	1
9.31	0	4.8	0.0	0.0	0.0	-0.02	1.0	1	1953	-50.2	762.7	-0.0	4.77	1
9.41	0	5.2	0.0	0.0	0.0	-0.02	1.0	1	1953	-50.2	762.7	-0.0	5.22	1
9.51	0	5.7	0.0	0.0	0.0	-0.02	1.0	1	1953	-50.2	762.7	-0.0	5.67	1
9.61	0	6.1	0.0	0.0	0.0	-0.02	1.0	1	1953	-50.2	762.7	-0.0	6.13	1
9.71	0	6.7	0.0	0.0	0.0	-0.03	1.0	1	1953	-50.2	762.7	-0.0	6.71	1
9.81	0	7.6	0.0	0.0	0.0	-0.03	1.0	1	1953	-50.2	762.7	-0.0	7.57	1
9.91	0	8.5	0.0	0.0	0.0	-0.03	1.0	1	1953	-50.2	762.7	-0.0	8.45	1
10.01	0	9.3	0.0	0.0	0.0	-0.03	1.0	1	1953	-50.2	762.7	-0.0	9.35	1
10.11	0	10.3	0.0	0.0	0.0	-0.03	1.0	1	1953	-50.2	762.7	-0.0	10.26	1
10.21	0	11.2	0.0	0.0	0.0	-0.03	1.0	1	1953	-50.2	762.7	-0.0	11.17	1
10.31	0	12.1	0.0	0.0	0.0	-0.03	1.0	1	1953	-50.2	762.7	-0.0	12.1	1
10.41	0	13.0	0.0	0.0	0.0	-0.03	1.0	1	1953	-50.2	762.7	-0.0	13.03	1
10.51	0	14.0	0.0	0.0	0.0	-0.03	1.0	1	1953	-50.2	762.7	-0.0	13.96	1
10.61	0	14.9	0.0	0.0	0.0	-0.03	1.0	1	1953	-50.2	762.6	-0.0	14.91	1
10.71	0	15.9	0.0	0.0	0.0	-0.03	1.0	1	1953	-50.2	762.6	-0.0	15.85	1
10.81	0	16.8	0.0	0.0	0.0	-0.03	1.0	1	1953	-50.2	762.6	-0.0	16.8	1
10.91	0	17.7	0.0	0.0	0.0	-0.03	1.0	1	1953	-50.2	762.6	-0.0	17.75	1
11.01	0	18.7	0.0	0.0	0.0	-0.03	1.0	1	1953	-50.2	762.6	-0.0	18.7	1
11.11	0	19.3	0.0	0.0	0.0	-0.0	1.0	1	1953	-50.2	762.6	-0.0	19.28	1
11.21	0	20.2	0.0	0.0	0.0	-0.03	1.0	1	1953	-50.2	762.6	-0.0	20.19	1
11.31	0	21.2	0.0	0.0	0.0	-0.05	1.0	1	1953	-50.2	762.6	-0.0	21.18	1
11.41	0	22.6	0.0	0.0	0.0	-0.05	1.0	1	1953	-50.2	762.6	-0.0	22.55	1
11.51	0	23.9	0.0	0.0	0.0	-0.05	1.0	1	1953	-50.2	762.6	-0.01	23.95	1
11.61	0	25.4	0.0	0.0	0.0	-0.05	1.0	1	1953	-50.2	762.6	-0.01	25.38	1
11.71	0	26.9	0.0	0.0	0.0	-0.07	1.0	1	1953	-50.2	762.6	-0.01	26.87	1
11.81	0	28.1	0.0	0.0	0.0	-0.03	1.0	1	1953	-50.2	762.6	-0.01	28.1	1
11.91	0	29.2	0.0	0.0	0.0	-0.03	1.0	1	1953	-50.2	762.6	-0.01	29.16	1
12.01	0	30.2	0.0	0.0	0.0	-0.03	1.0	1	1953	-50.2	762.6	-0.01	30.19	1
12.11	0	31.2	0.0	0.0	0.0	-0.02	1.0	1	1953	-50.2	762.6	-0.01	31.17	1
12.21	0	31.5	0.0	0.0	0.0	-0.0	1.0	1	1953	-50.2	762.6	-0.01	31.54	1
12.31	0	31.7	0.0	0.0	0.0	-0.0	1.0	1	1953	-50.3	762.6	-0.01	31.72	1
12.41	0	31.9	0.0	0.0	0.0	-0.0	1.0	1	1953	-50.3	762.6	-0.01	31.87	1
12.51	0	32.0	0.0	0.0	0.0	-0.0	1.0	1	1953	-50.3	762.6	-0.01	32.0	1
12.61	0	32.1	0.0	0.0	0.0	-0.0	1.0	1	1953	-50.3	762.6	-0.01	32.11	1
12.71	0	32.2	0.0	0.0	0.0	-0.0	1.0	1	1953	-50.3	762.6	-0.01	32.21	1
12.81	0	32.3	0.0	0.0	0.0	-0.0	1.0	1	1953	-50.3	762.6	-0.01	32.29	1
12.91	0	32.4	0.0	0.0	0.0	-0.0	1.0	1	1953	-50.3	762.6	-0.01	32.36	1
13.01	0	32.4	0.0	0.0	0.0	-0.0	1.0	1	1953	-50.3	762.6	-0.01	32.42	1
13.11	0	32.5	0.0	0.0	0.0	-0.0	1.0	1	1953	-50.3	762.6	-0.01	32.48	1
13.21	0	32.5	0.0	0.0	0.0	-0.0	1.0	1	1953	-50.3	762.6	-0.01	32.53	1
13.31	0	32.6	0.0	0.0	0.0	-0.0	1.0	1	1953	-50.3	762.6	-0.01	32.58	1
13.43	0	32.6	0.0	0.0	0.0	-0.0	1.0	1	1953	-50.3	762.6	-0.01	32.62	1
13.53	0	32.7	0.0	0.0	0.0	-0.0	1.0	1	1953	-50.3	762.6	-0.01	32.66	1
13.63	0	32.7	0.0	0.0	0.0	-0.0	1.0	1	1953	-50.3	762.6	-0.01	32.7	1
13.73	0	32.7	0.0	0.0	0.0	-0.0	1.0	1	1953	-50.3	762.6	-0.01	32.73	1
13.83	0	32.8	0.0	0.0	0.0	-0.0	1.0	1	1953	-50.3	762.6	-0.01	32.76	1
13.93	0	32.8	0.0	0.0	0.0	0.0	1.0	1	1953	-50.3	762.6	-0.01	32.79	1
14.03	0	32.7	0.0	0.0	0.0	0.0	1.0	1	1953	-50.3	762.6	-0.01	32.68	1
14.13	0	32.6	0.0	0.0	0.0	0.0	1.0	1	1953	-50.3	762.6	-0.01	32.56	1
14.23	0	32.4	0.0	0.0	0.0	0.0	1.0	1	1953	-50.3	762.6	-0.01	32.44	1
14.33	0	32.3	0.0	0.0	0.0	0.0	1.0	1	1953	-50.3	762.6	-0.01	32.32	1
14.43	0	32.2	0.0	0.0	0.0	0.0	1.0	1	1953	-50.3	762.6	-0.01	32.21	1
14.53	0	32.1	0.0	0.0	0.0	0.0	1.0	1	1953	-50.3	762.6	-0.01	32.09	1
14.63	0	32.0	0.0	0.0	0.0	0.0	1.0	1	1953	-50.3	762.6	-0.01	31.97	1
14.73	0	31.9	0.0	0.0	0.0	0.0	1.0	1	1953	-50.3	762.6	-0.01	31.85	1
14.83	0	31.7	0.0	0.0	0.0	0.0	1.0	1	1953	-50.3	762.6	-0.01	31.73	1
14.93	0	31.6	0.0	0.0	0.0	0.0	1.0	1	1953	-50.3	762.6	-0.01	31.62	1
15.04	0	0.0	2.1	0.95	0.0	-0.07	1.0	1	1663	-50.2	762.6	-0.01	0.02	1
15.13	0	0.1	4.0	0.95	0.0	-0.03	1.0	1	1717	-50.1	762.6	-0.01	0.1	1
15.23	0	0.2	6.1	0.95	0.0	-0.03	1.0	1	1717	-50.0	762.6	-0.01	0.24	1
15.33	0	0.4	8.2	0.97	0.0	-0.03	1.0	1	1720	-49.8	762.6	0.0	0.44	1
15.43	0	0.7	10.3	1.0	0.0	-0.03	1.0	1	1725	-49.6	762.6	0.01	0.7	1
15.53	0	1.0	12.4	1.0	0.0	-0.1	1.0	1	1725	-49.2	762.5	0.02	1.01	1
15.63	0	1.4	14.6	1.0	0.0	-0.1	1.0	1	1725	-48.9	762.5	0.03	1.39	1
15.73	0	1.8	16.7	1.0	0.0	-0.1	1.0	1	1725	-48.4	762.4	0.04	1.82	1
15.83	0	2.3	18.8	0.95	0.0	-0.07	1.0	1	1718	-48.0	762.3	0.05	2.32	1
15.93	0	2.9	20.9	0.95	0.0	-0.07	1.0	1	1717	-47.4	762.2	0.06	2.87	1
16.03	0	3.5	22.8	0.95	0.0	-0.02	1.0	1	1769	-46.8	762.1	0.07	3.47	1
16.13	0	4.1	24.3	0.95	0.0	-0.02	1.0	1	1859	-46.2	762.0	0.08	4.13	1
16.23	0	4.8	25.4	0.95	0.0	-0.02	1.0	1	1930	-45.5	761.9	0.1	4.82	1
16.33	0	5.5	26.3	0.95	0.0	-0.02	1.0	1	1989	-44.8	761.8	0.11	5.54	1
16.43	0	6.3	27.1	0.98	0.0	-0.02	1.0	1	2049	-44.0	761.7	0.12	6.28	1
16.53	0	7.0	28.0	1.0	0.0	-0.07	1.0	1	2114	-43.3	761.6	0.13	7.05	1
16.63	0	7.8	28.8	1.0	0.0	-0.09	1.0	1	2178	-42.5	761.5	0.13	7.84	1
16.73	0	8.6	29.7	1.0	0.0	-0.12	1.0	1	2241	-41.7	761.3	0.13	8.65	1
16.83	0	9.5	30.5	1.0	0.0	-0.12	1.0	1	2304	-40.9	761.2	0.08	9.49	1
16.93	0	10.3	31.3	1.0	0.0	-0.12	1.0	1	2368	-40.0	761.0	0.02	10.35	1
17.03	0	11.2	32.2	1.0	0.0	-0.04	1.0	1	2430	-39.2	760.8	-0.05	11.23	1
17.13	0	12.1	33.0	1.0	0.0	-0.0	1.0	1	2494	-38.3	760.7	-0.12	12.13	1
17.23	0	13.1	33.9	0.98	0.0	-0.0	1.0	1	2556	-37.4	760.5	-0.19	13.05	1
17.33	0	14.0	34.7	0.97	0.0	-0.0	1.0	1	2615	-36.4	760.3	-0.27	14.0	1
17.43	0	15.0	35.5	0.97	0.0	-0.0	1.0	1	2676	-35.5	760.1	-0.34	14.98	1
17.53	0	16.0	36.3	0.97	0.0	-0.0	1.0	1	2737	-34.5	759.9	-0.42	15.97	1
17.63	0	17.0	37.1	0.97	0.0	-0.0	1.0	1	2797	-33.5	759.7	-0.5	16.99	1
17.73	0	18.1	37.9	0.97	0.0	-0.0	1.0	1	2858	-32.5	759.5	-0.55	18.08	1
17.83	0	19.1	38.8	0.97	0.0	-0.0	1.0	1	2929	-31.4	759.3	-0.52	19.15	1
17.93	0	20.2	39.7	0.97	0.0	-0.0	1.0	1	3008	-30.4	759.1	-0.5	20.24	1
18.03	0	21.4	40.8	0.97	0.0	-0.0	1.0	1	3097	-29.3	758.9	-0.47	21.35	1
18.13	0	22.5	41.9	0.97	0.0	-0.03	1.0	1	3196	-28.1	758.7	-0.45	22.5	1
18.23	0	23.7	43.2	0.97	0.0	-0.03	1.0	1	3309	-27.0	758.4	-0.43	23.68	1
18.33	0	24.9	44.7	0.97	0.0	-0.03	1.0	1	3430	-25.8	758.2	-0.41	24.9	1
18.43	0	26.2	46.2	0.97	0.0	-0.03	1.0	1	3566	-24.6	757.9	-0.4	26.17	1
18.53	0	27.5	48.0	0.97	0.0	-0.03	1.0	1	3719	-23.3	757.6	-0.37	27.48	1
18.63	0	28.8	49.8	0.91	0.0	-0.03	1.0	1	3877	-21.9	757.4	-0.33	28.84	1
18.73	0	30.2	51.6	0.74	0.0	-0.03	1.0	1	3976	-20.6	757.1	-0.29	30.25	1
18.83	0	31.7	52.9	0.44	0.0	-0.0	1.0	1	3977	-19.2	756.7	-0.26	31.7	1
18.93	0	33.2	52.8	0.0	0.0	0.0	1.0	1	3848	-17.7	756.4	-0.23	33.17	1
19.03	0	34.6	52.2	0.0	0.0	0.0	1.0	1	3794	-16.3	756.1	-0.2	34.63	1
19.13	0	36.1	51.5	0.0	0.0	0.0	1.0	1	3748	-14.9	755.8	-0.16	36.07	1
19.23	0	37.5	50.9	0.0	0.0	-0.02	1.0	1	3703	-13.5	755.5	-0.11	37.49	1
19.33	0	38.9	50.3	0.0	0.0	-0.02	1.0	1	3658	-12.1	755.2	-0.06	38.9	1
19.46	0	40.6	49.5	0.0	0.0	-0.02	1.0	1	3603	-10.5	754.8	0.0	40.6	1
19.53	0	41.6	49.0	0.0	0.0	-0.02	1.0	1	3570	-9.5	754.6	0.03	41.63	1
19.63	0	43.0	48.4	0.0	0.0	0.0	1.0	1	3527	-8.1	754.3	0.07	42.98	1
19.73	0	44.3	48.3	0.0	0.0	0.0	1.0	1	3309	-6.8	754.0	0.11	44.33	1
19.83	0	45.7	48.1	0.0	0.0	0.0	1.0	1	3105	-5.5	753.7	0.18	45.66	1
19.93	0	47.0	48.0	0.0	0.0	0.0	1.0	1	2914	-4.2	753.4	0.25	46.99	1
20.03	0	48.3	47.9	0.0	0.0	-0.03	1.0	1	2734	-2.9	753.1	0.32	48.33	1
20.13	0	49.6	47.7	0.0	0.0	-0.09	1.0	1	2566	-1.6	752.8	0.38	49.65	1
20.23	0	51.0	47.6	0.0	0.0	-0.12	1.0	1	2407	-0.3	752.5	0.43	50.97	1
20.33	0	52.3	47.4	0.0	0.0	-0.14	1.0	1	2259	0.9	752.2	0.47	52.29	1
20.43	0	53.6	47.3	0.0	0.0	-0.17	1.0	1	2120	2.2	751.8	0.54	53.58	1
20.53	0	54.9	47.1	0.0	0.0	-0.17	1.0	1	1990	3.5	751.4	0.6	54.9	1
20.63	0	56.2	47.0	0.06	0.0	-0.17	1.0	1	1963	4.7	751.1	0.63	56.19	1
20.73	0	57.5	46.8	0.12	0.0	-0.2	1.0	1	1973	6.0	750.7	0.64	57.5	1
20.83	0	58.8	46.6	0.23	0.0	-0.21	1.0	1	1992	7.2	750.2	0.62	58.8	1
20.93	0	60.1	46.5	0.36	0.0	-0.23	1.0	1	2040	8.4	749.8	0.57	60.09	1
21.03	0	61.3	46.3	0.51	0.0	-0.17	1.0	1	2159	9.6	749.3	0.6	61.33	1
21.13	0	62.6	46.2	0.52	0.0	-0.14	1.0	1	2316	10.8	748.8	0.61	62.62	1
21.23	0	63.9	46.0	0.53	0.0	-0.07	1.0	1	2473	11.9	748.3	0.6	63.9	1
21.33	0	65.2	45.9	0.53	0.0	-0.07	1.0	1	2625	13.1	747.8	0.59	65.17	1
21.43	0	66.4	45.8	0.53	0.0	-0.02	1.0	1	2772	14.3	747.2	0.57	66.44	1
21.53	0	67.7	45.6	0.53	0.0	-0.02	1.0	1	2923	15.4	746.7	0.55	67.72	1
21.63	0	68.9	45.5	0.56	0.0	-0.02	1.0	1	3135	16.6	746.2	0.58	68.95	1
21.73	0	70.2	45.4	0.6	0.0	-0.04	1.0	1	3461	17.7	745.7	0.62	70.21	1
21.83	0	71.5	45.2	0.63	0.0	-0.04	1.0	1	3955	18.9	745.1	0.67	71.47	1
21.93	0	72.7	45.1	0.67	0.0	-0.04	1.0	1	4670	20.0	744.6	0.7	72.72	1
22.03	0	74.0	45.0	0.67	0.0	-0.09	1.0	1	5633	21.1	744.1	0.73	73.97	1
22.13	0	75.2	44.9	0.69	0.0	-0.16	0.96	1	6799	22.3	743.5	0.74	75.22	1
22.23	0	76.5	45.6	0.71	0.0	-0.17	0.85	1	7751	23.4	742.9	0.74	76.46	1
22.33	0	77.7	46.5	0.72	0.0	-0.14	0.85	1	8764	24.5	742.3	0.74	77.74	1
22.43	0	79.0	47.4	0.72	0.0	-0.14	0.85	1	9497	25.6	741.7	0.71	79.05	1
22.53	0	80.4	49.0	0.44	0.0	-0.02	0.49	1	9187	26.8	741.1	0.68	80.38	1
22.63	0	81.8	52.0	0.14	0.0	-0.0	0.0	1	7667	28.0	740.4	0.63	81.78	1
22.73	0	83.3	55.1	0.0	0.0	-0.03	0.0	1	6267	29.3	739.6	0.59	83.27	1
22.83	0	84.8	57.8	0.0	0.0	-0.05	0.0	1	4997	30.7	738.9	0.61	84.79	1
22.93	0	86.4	59.5	0.39	0.0	-0.17	0.0	1	4505	32.1	738.0	0.65	86.43	1
23.03	0	88.1	60.5	0.55	0.0	-0.23	0.0	1	4571	33.5	737.2	0.66	88.09	1
23.14	0	90.0	61.9	0.63	0.0	-0.17	0.0	1	4765	35.1	736.1	0.61	89.97	1
23.23	0	91.5	63.2	0.64	0.0	-0.17	0.0	1	4911	36.4	735.3	0.55	91.53	1
23.33	0	93.3	64.9	0.64	0.0	-0.07	0.0	1	5044	37.8	734.2	0.44	93.3	1
23.43	0	95.1	66.7	0.64	0.0	-0.02	0.0	1	5177	39.3	733.1	0.3	95.12	1
23.53	0	97.0	68.5	0.64	0.0	-0.0	0.0	1	5324	40.8	732.0	0.13	97.0	1
23.63	0	98.9	70.4	0.64	0.0	-0.0	0.0	1	5477	42.3	730.8	-0.05	98.91	1
23.73	0	100.9	72.3	0.64	0.0	-0.01	0.0	1	5637	43.9	729.6	-0.22	100.9	1
23.83	0	102.9	74.3	0.64	0.0	-0.04	0.0	1	5805	45.5	728.4	-0.27	102.94	1
23.93	0	105.0	76.4	0.64	0.0	-0.04	0.0	1	5974	47.2	727.1	-0.33	105.04	1
24.03	0	107.2	78.5	0.64	0.0	-0.04	0.0	1	6147	48.8	725.8	-0.4	107.18	1
24.13	0	109.4	80.6	0.64	0.0	-0.04	0.0	1	6329	50.6	724.4	-0.48	109.39	1
24.23	0	111.7	82.7	0.64	0.0	-0.04	0.0	1	6512	52.3	723.0	-0.59	111.66	1
24.33	0	114.0	84.9	0.64	0.0	-0.07	0.0	1	6698	54.1	721.5	-0.72	113.98	1
24.43	0	116.4	87.1	0.64	0.0	-0.08	0.0	1	6886	56.0	719.9	-0.88	116.36	1
24.53	0	118.9	89.4	0.64	0.0	-0.08	0.0	1	7077	57.8	718.3	-0.93	118.91	1
24.63	0	121.4	91.6	0.64	0.0	-0.08	0.0	1	7263	59.7	716.7	-0.9	121.42	1
24.73	0	124.0	93.8	0.64	0.0	-0.08	0.0	1	7421	61.6	714.9	-0.91	124.0	1
24.83	0	126.6	95.8	0.64	0.0	-0.07	0.0	1	7586	63.5	713.1	-0.97	126.63	1
24.93	0	129.3	97.3	0.64	0.0	-0.02	0.0	1	7764	65.4	711.2	-1.08	129.32	1
25.03	0	132.0	99.6	0.64	0.0	-0.0	0.0	1	7770	67.3	709.2	-1.24	132.04	1
25.13	0	135.0	101.8	0.64	0.0	-0.03	0.0	1	7986	69.2	707.2	-1.42	134.97	1
25.23	0	137.8	103.8	0.64	0.0	-0.03	0.0	1	8168	71.1	705.1	-1.4	137.83	1
25.33	0	140.7	105.7	0.64	0.0	-0.0	0.0	1	8311	73.1	702.9	-1.41	140.74	1
25.43	0	143.7	107.7	0.55	0.0	-0.0	0.0	1	8427	75.0	700.7	-1.44	143.7	1
25.53	0	146.7	109.1	0.11	0.0	-0.04	0.0	1	8157	77.0	698.4	-1.5	146.72	1
25.63	0	149.7	108.4	0.0	0.0	-0.0	0.0	1	7827	78.9	696.1	-1.58	149.74	1
25.73	0	152.9	107.2	0.0	0.0	-0.0	0.0	1	7689	80.9	693.8	-1.56	152.87	1
25.83	0	155.8	105.8	0.0	0.0	-0.04	0.0	1	7591	82.7	691.5	-1.43	155.82	1
25.93	0	158.7	104.5	0.0	0.0	-0.04	0.16	1	7502	84.6	689.3	-1.32	158.74	1
26.03	0	161.6	103.2	0.0	0.0	-0.04	0.71	1	7411	86.4	687.0	-1.23	161.62	1
26.13	0	164.5	102.7	0.0	0.0	-0.07	1.0	1	7006	88.2	684.8	-1.16	164.47	1
26.23	0	167.3	102.3	0.0	0.0	-0.07	1.0	1	6573	90.0	682.6	-1.13	167.33	1
26.33	0	170.3	102.0	0.0	0.0	-0.1	1.0	2	6168	91.7	680.3	-0.91	170.27	1
26.43	0	173.1	101.7	0.0	0.0	-0.09	1.0	2	5788	93.4	678.0	-0.65	173.08	1
26.53	0	175.9	101.3	0.0	0.0	-0.1	1.0	2	5430	95.0	675.8	-0.43	175.9	1
26.63	0	178.7	100.2	0.0	0.0	-0.12	0.49	2	5498	96.6	673.5	-0.26	178.69	1
26.73	0	181.5	99.1	0.0	0.0	-0.12	0.0	2	5531	98.2	671.2	-0.13	181.46	1
26.83	0	184.2	98.1	0.0	0.0	-0.12	0.0	2	5492	99.7	668.9	-0.05	184.2	1
26.93	0	186.9	97.3	0.1	0.0	-0.17	0.0	2	5503	101.1	666.5	0.11	186.91	1
27.03	0	189.6	96.8	0.22	0.0	-0.23	0.0	2	5531	102.4	664.2	0.29	189.6	1
27.13	0	192.3	96.8	0.38	0.0	-0.23	0.0	2	5626	103.7	661.9	0.38	192.28	1
27.23	0	195.0	97.2	0.45	0.0	-0.23	0.0	2	5709	104.9	659.5	0.39	194.98	1
27.33	0	197.7	97.8	0.45	0.0	-0.2	0.0	2	5763	106.1	657.0	0.32	197.69	1
27.43	0	200.4	98.6	0.51	0.0	-0.17	0.0	2	5846	107.2	654.5	0.15	200.41	1
27.53	0	203.2	99.6	0.52	0.0	-0.0	0.0	2	5919	108.2	651.9	-0.01	203.16	1
27.63	0	205.9	100.6	0.52	0.0	-0.03	0.0	2	5970	109.1	649.3	-0.12	205.93	1
27.73	0	208.7	101.8	0.52	0.0	0.04	0.0	2	6018	110.0	646.7	-0.29	208.74	1
27.83	0	211.6	102.9	0.52	0.0	0.01	0.0	2	6073	110.9	643.9	-0.51	211.57	1
27.94	0	214.8	103.4	0.52	0.0	0.0	0.0	2	6356	111.8	640.9	-0.79	214.79	1
28.03	0	217.3	105.1	0.48	0.0	-0.04	0.0	2	6088	112.5	638.4	-1.03	217.32	1
28.13	0	220.4	105.9	0.49	0.0	-0.07	0.0	2	6188	113.3	635.6	-1.2	220.37	1
28.23	0	223.3	106.9	0.52	0.0	-0.07	0.0	2	6322	114.1	632.8	-1.18	223.32	1
28.33	0	226.3	108.1	0.55	0.0	-0.07	0.0	2	6418	114.9	629.9	-1.17	226.28	1
28.43	0	229.3	109.4	0.55	0.0	-0.09	0.0	2	6484	115.7	627.0	-1.2	229.33	1
28.53	0	232.4	110.6	0.55	0.0	-0.12	0.0	2	6562	116.4	624.0	-1.27	232.39	1
28.63	0	235.5	111.9	0.55	0.0	-0.09	0.0	2	6644	117.1	621.0	-1.39	235.48	1
28.73	0	238.7	113.1	0.55	0.0	-0.06	0.0	2	6736	117.7	617.9	-1.36	238.72	1
28.83	0	241.9	114.4	0.57	0.0	-0.05	0.0	2	6830	118.3	614.8	-1.32	241.89	1
28.93	0	245.1	115.8	0.6	0.0	-0.0	0.0	2	6938	118.8	611.7	-1.35	245.08	1
29.03	0	248.3	117.3	0.62	0.0	0.0	0.0	2	7045	119.3	608.5	-1.42	248.32	1
29.13	0	251.6	119.0	0.62	0.0	0.0	0.0	2	7143	119.8	605.2	-1.54	251.6	1
29.23	0	255.0	120.6	0.62	0.0	0.07	0.0	2	7262	120.2	601.9	-1.63	254.97	1
29.33	0	258.3	120.9	0.58	0.0	0.01	0.0	2	7230	120.7	598.6	-1.69	258.33	1
29.43	0	261.7	122.7	0.58	0.0	0.01	0.0	2	7174	121.1	595.2	-1.74	261.74	1
29.53	0	265.2	123.9	0.58	0.0	0.01	0.0	2	7361	121.5	591.8	-1.77	265.16	1
29.63	0	268.6	125.3	0.58	0.0	0.0	0.0	2	7515	121.9	588.4	-1.83	268.56	1
29.73	0	272.1	126.8	0.59	0.0	0.0	0.0	2	7581	122.4	584.9	-1.97	272.05	1
29.83	0	275.7	128.4	0.58	0.0	0.0	0.0	2	7653	122.8	581.4	-2.07	275.7	1
29.93	0	279.3	130.0	0.58	0.0	0.0	0.0	2	7681	123.3	577.8	-2.02	279.29	1
30.03	0	282.9	131.3	0.59	0.0	0.0	0.0	2	7836	123.7	574.3	-1.97	282.91	1
30.13	0	286.6	132.6	0.58	0.0	0.0	0.0	2	7970	124.2	570.6	-1.91	286.56	1
30.23	0	290.3	134.0	0.56	0.0	0.0	0.0	2	8041	124.7	566.9	-1.87	290.25	1
30.33	0	294.0	134.7	0.56	0.0	0.0	0.0	2	8105	125.2	563.2	-1.87	293.99	1
30.43	0	297.8	136.5	0.56	0.0	0.0	0.0	2	7992	125.7	559.5	-1.87	297.76	1
30.53	0	301.6	137.7	0.56	0.0	0.0	0.0	2	8141	126.2	555.7	-1.87	301.56	1
30.63	0	305.4	138.8	0.56	0.0	0.0	0.0	2	8277	126.7	551.9	-1.9	305.39	1
30.73	0	309.3	140.1	0.51	0.0	0.06	0.0	2	8310	127.2	548.1	-1.95	309.26	1
30.84	0	313.6	141.3	0.41	0.0	0.06	0.0	2	8249	127.8	543.8	-1.98	313.62	1
30.93	0	317.1	141.7	0.32	0.0	0.14	0.0	2	8202	128.3	540.3	-1.97	317.1	1
31.03	0	321.1	141.6	0.14	0.0	0.07	0.0	2	8081	128.9	536.4	-1.74	321.13	1
31.13	0	325.0	140.8	0.07	0.0	0.06	0.0	2	7917	129.5	532.6	-1.42	325.02	1
31.23	0	328.8	139.7	0.07	0.0	0.05	0.0	2	7828	130.2	528.7	-1.3	328.84	1
31.33	0	332.7	138.6	0.07	0.0	0.01	0.0	2	7780	131.0	524.9	-1.12	332.7	1
31.43	0	336.5	137.6	0.07	0.0	0.1	0.0	2	7719	131.8	521.2	-0.88	336.53	1
31.53	0	340.3	136.5	0.12	0.0	0.11	0.0	2	7691	132.7	517.5	-0.58	340.32	1
31.63	0	344.0	135.6	0.12	0.0	0.14	0.0	2	7667	133.7	513.9	-0.48	344.04	1
31.73	0	347.8	134.8	0.12	0.0	0.2	0.0	2	7625	134.7	510.2	-0.3	347.82	1
31.83	0	351.5	133.9	0.12	0.0	0.22	0.0	2	7580	135.7	506.6	-0.05	351.54	1
31.93	0	355.2	133.0	0.13	0.0	0.09	0.0	2	7533	136.9	503.1	0.29	355.22	1
32.03	0	358.9	132.2	0.16	0.0	0.01	0.0	2	7490	138.1	499.6	0.42	358.94	1
32.13	0	362.6	131.8	0.3	0.0	0.01	0.0	2	7571	139.4	496.2	0.59	362.6	1
32.23	0	366.3	131.9	0.43	0.0	0.01	0.0	2	7749	140.8	492.8	0.83	366.25	1
32.33	0	369.9	132.8	0.45	0.0	0.0	0.0	2	7766	142.2	489.4	1.12	369.91	1
32.43	0	373.7	133.6	0.45	0.0	0.0	0.0	2	7806	143.6	486.0	1.28	373.7	1
32.53	0	377.4	134.4	0.46	0.0	0.03	0.0	2	7883	145.2	482.6	1.4	377.42	1
32.63	0	381.2	135.2	0.45	0.0	0.08	0.0	2	7928	146.7	479.2	1.53	381.17	1
32.73	0	384.9	135.9	0.45	0.0	0.13	0.0	2	7969	148.3	475.8	1.7	384.93	1
32.83	0	388.9	136.6	0.45	0.0	0.22	0.0	2	8016	149.9	472.4	1.71	388.86	1
32.93	0	392.6	137.2	0.45	0.0	0.22	0.0	2	8083	151.6	469.0	1.67	392.63	1
33.03	0	396.5	137.7	0.44	0.0	0.12	0.0	2	8148	153.4	465.6	1.71	396.48	1
33.15	0	400.9	138.3	0.44	0.0	0.09	0.0	2	8191	155.6	461.7	1.89	400.94	1
33.25	0	405.1	138.3	0.44	0.0	0.09	0.0	2	8367	157.7	458.4	1.85	405.07	1
33.35	0	408.8	138.7	0.43	0.0	0.01	0.0	2	8227	159.7	455.2	1.84	408.83	1
33.45	0	412.7	139.0	0.36	0.0	0.0	0.0	2	8161	161.9	452.1	1.95	412.68	1
33.55	0	416.5	139.0	0.34	0.0	0.0	0.0	2	8134	164.2	448.9	2.19	416.54	1
33.65	0	420.6	139.1	0.32	0.0	-0.04	0.0	2	8108	166.6	445.9	2.26	420.59	1
33.75	0	424.5	139.1	0.17	0.0	-0.1	0.0	2	7952	169.0	442.9	2.36	424.46	1
33.85	0	428.3	138.6	0.16	0.0	-0.0	0.0	2	7858	171.5	440.0	2.53	428.31	1
33.95	0	432.1	138.0	0.23	0.0	0.0	0.0	2	7847	174.0	437.1	2.73	432.14	1
34.05	0	436.1	137.8	0.32	0.0	0.0	0.0	2	7928	176.6	434.2	2.8	436.09	1
34.15	0	439.9	138.2	0.45	0.0	0.0	0.0	2	8077	179.1	431.3	2.85	439.92	1
34.25	0	443.8	138.6	0.47	0.0	0.0	0.0	2	8308	181.6	428.4	2.89	443.76	1
34.35	0	447.6	140.0	0.47	0.0	0.02	0.0	2	8152	184.1	425.4	2.93	447.64	1
34.45	0	451.8	140.8	0.47	0.0	0.06	0.0	2	8241	186.7	422.5	2.64	451.81	1
34.55	0	455.7	141.7	0.47	0.0	0.1	0.0	2	8286	189.3	419.5	2.31	455.73	1
34.65	0	459.7	142.2	0.47	0.0	0.1	0.0	2	8433	191.9	416.6	2.02	459.67	1
34.75	0	463.8	143.1	0.47	0.0	0.1	0.0	2	8443	194.6	413.7	1.78	463.76	1
34.85	0	467.7	143.8	0.47	0.0	0.05	0.0	2	8455	197.3	410.8	1.28	467.73	1
34.95	0	471.7	144.2	0.32	0.0	0.1	0.0	2	8454	200.1	408.0	0.85	471.69	1
35.05	0	475.7	144.2	0.17	0.0	0.01	0.0	2	8267	203.0	405.2	0.51	475.69	1
35.15	0	479.7	143.4	0.0	0.0	-0.05	0.0	2	7999	205.9	402.5	0.22	479.65	1
35.25	0	483.6	142.0	0.0	0.0	-0.0	0.18	2	7885	208.9	399.8	-0.15	483.63	1
35.35	0	487.5	140.7	0.0	0.0	-0.0	0.6	2	7804	211.8	397.2	-0.47	487.55	1
35.45	0	491.5	139.3	0.0	0.0	-0.0	0.61	2	7751	214.8	394.6	-0.66	491.45	1
35.55	0	495.3	138.0	0.0	0.0	0.0	0.8	2	7671	217.7	392.1	-0.8	495.3	1
35.65	0	499.2	137.4	0.0	0.0	0.0	1.0	2	7217	220.6	389.6	-0.84	499.17	1
35.75	0	503.0	136.9	0.0	0.0	-0.02	1.0	3	6772	223.5	387.2	-0.75	502.98	1
35.85	0	506.8	136.4	0.0	0.0	-0.02	1.0	3	6354	226.3	384.7	-0.65	506.79	1
35.95	0	510.6	136.0	0.0	0.0	-0.03	0.79	3	5918	229.2	382.2	-0.48	510.57	1
36.05	0	514.3	135.2	0.0	0.0	-0.04	0.08	3	5825	232.1	379.8	-0.32	514.33	1
36.15	0	518.1	134.2	0.09	0.0	-0.1	0.0	3	5813	234.9	377.3	-0.27	518.06	1
36.25	0	521.8	133.5	0.14	0.0	-0.12	0.0	3	5817	237.6	374.8	-0.32	521.78	1
36.35	0	525.5	133.1	0.25	0.0	-0.05	0.0	3	5853	240.3	372.3	-0.39	525.52	1
36.45	0	529.2	132.9	0.27	0.0	-0.03	0.0	3	5850	243.0	369.7	-0.21	529.21	1
36.55	0	532.9	132.8	0.37	0.0	-0.12	0.0	3	5883	245.6	367.1	-0.09	532.89	1
36.65	0	536.6	133.0	0.4	0.0	-0.02	0.0	3	5916	248.2	364.5	-0.03	536.59	1
36.75	0	540.3	133.3	0.41	0.0	-0.0	0.0	3	5935	250.8	361.8	-0.01	540.28	1
36.85	0	544.0	133.7	0.45	0.0	-0.07	0.0	3	5969	253.3	359.1	-0.03	544.0	1
36.95	0	547.7	134.1	0.48	0.0	-0.1	0.0	3	6005	255.8	356.4	-0.1	547.71	1
37.05	0	551.4	134.7	0.48	0.0	-0.1	0.0	3	6036	258.3	353.6	-0.21	551.44	1
37.15	0	555.2	135.2	0.49	0.0	-0.1	0.0	3	6068	260.8	350.8	-0.37	555.19	1
37.25	0	558.9	135.7	0.54	0.0	-0.11	0.0	3	6121	263.2	347.9	-0.6	558.94	1
37.35	0	562.7	136.4	0.56	0.0	-0.04	0.0	3	6178	265.6	345.0	-0.91	562.7	1
37.45	0	566.5	137.2	0.56	0.0	-0.0	0.0	3	6214	267.9	342.0	-1.28	566.49	1
37.55	0	570.3	137.9	0.52	0.0	0.0	0.0	3	6224	270.2	338.9	-1.71	570.28	1
37.65	0	574.4	138.6	0.52	0.0	0.0	0.0	3	6243	272.5	335.8	-1.77	574.39	1
37.75	0	578.2	139.3	0.49	0.0	0.0	0.0	3	6249	274.7	332.7	-1.79	578.22	1
37.85	0	582.1	139.9	0.49	0.0	0.0	0.0	3	6269	276.9	329.5	-1.83	582.1	1
37.95	0	586.0	140.5	0.49	0.0	-0.02	0.0	3	6295	279.2	326.3	-1.9	586.0	1
38.05	0	589.9	141.1	0.49	0.0	-0.03	0.0	3	6320	281.4	323.1	-1.97	589.91	1
38.15	0	593.8	141.7	0.49	0.0	-0.03	0.0	3	6349	283.6	319.8	-2.07	593.84	1
38.25	0	597.8	142.3	0.49	0.0	-0.03	0.0	3	6377	285.8	316.6	-2.18	597.78	1
38.35	0	601.7	142.9	0.49	0.0	-0.03	0.0	3	6405	288.0	313.3	-2.31	601.73	1
38.45	0	605.7	143.5	0.49	0.0	-0.03	0.0	3	6432	290.2	309.9	-2.48	605.71	1
38.55	0	609.7	144.0	0.49	0.0	-0.03	0.0	3	6460	292.4	306.6	-2.67	609.69	1
38.65	0	613.7	144.6	0.49	0.0	-0.03	0.0	3	6487	294.5	303.2	-2.9	613.7	1
38.75	0	618.1	145.2	0.49	0.0	-0.03	0.0	3	6515	296.6	299.8	-3.02	618.14	1
38.85	0	622.2	145.8	0.49	0.0	-0.05	0.0	3	6541	298.8	296.4	-2.75	622.18	1
38.95	0	626.2	146.3	0.49	0.0	-0.05	0.0	3	6567	300.8	292.9	-2.52	626.24	1
39.05	0	630.3	146.9	0.49	0.0	-0.05	0.0	3	6596	302.9	289.4	-2.33	630.3	1
39.15	0	634.4	147.5	0.49	0.0	-0.05	0.0	3	6622	304.9	285.8	-2.19	634.39	1
39.25	0	638.5	148.0	0.49	0.0	-0.05	0.0	3	6650	306.9	282.2	-2.09	638.5	1
39.35	0	642.6	148.6	0.49	0.0	-0.05	0.0	3	6676	308.9	278.6	-2.04	642.6	1
39.45	0	646.8	149.1	0.49	0.0	-0.05	0.0	3	6702	310.8	274.9	-2.04	646.76	1
39.55	0	650.9	149.7	0.49	0.0	-0.05	0.0	3	6727	312.7	271.2	-2.1	650.9	1
39.65	0	655.0	150.2	0.49	0.0	-0.05	0.0	3	6751	314.5	267.5	-2.2	655.04	1
39.75	0	659.2	150.7	0.49	0.0	-0.05	0.0	3	6777	316.3	263.7	-2.36	659.23	1
39.85	0	663.8	151.3	0.49	0.0	-0.05	0.0	3	6801	318.0	259.9	-2.44	663.79	1
39.95	0	668.0	151.8	0.49	0.0	-0.05	0.0	3	6826	319.7	256.0	-2.11	667.98	1
40.05	0	672.2	152.3	0.49	0.0	-0.0	0.0	3	6851	321.4	252.2	-1.84	672.2	1
40.15	0	676.4	152.9	0.49	0.0	-0.0	0.0	3	6873	323.0	248.2	-1.62	676.43	1
40.25	0	680.7	153.5	0.49	0.0	-0.0	0.0	3	6894	324.6	244.3	-1.44	680.68	1
40.35	0	684.9	154.1	0.51	0.0	-0.05	0.0	3	6921	326.2	240.3	-1.3	684.95	1
40.45	0	689.2	154.7	0.56	0.0	-0.05	0.0	3	6987	327.7	236.3	-1.2	689.24	1
40.55	0	693.5	155.5	0.56	0.0	-0.05	0.0	3	7035	329.2	232.3	-1.12	693.54	1
40.65	0	697.9	156.3	0.56	0.0	-0.07	0.0	3	7075	330.7	228.2	-1.09	697.88	1
40.75	0	702.2	157.1	0.56	0.0	-0.09	0.0	3	7119	332.1	224.1	-1.11	702.24	1
40.85	0	706.6	157.8	0.56	0.0	-0.09	0.0	3	7164	333.5	219.9	-1.19	706.61	1
40.95	0	711.1	158.5	0.56	0.0	-0.09	0.0	3	7207	334.8	215.8	-0.99	711.14	1
41.05	0	715.5	159.2	0.56	0.0	-0.09	0.0	3	7247	336.1	211.5	-0.64	715.55	1
41.15	0	720.0	159.9	0.56	0.0	-0.02	0.0	3	7287	337.2	207.2	-0.38	719.97	1
41.25	0	724.4	160.6	0.56	0.0	-0.0	0.0	3	7315	338.3	203.0	-0.19	724.38	1
41.35	0	728.9	161.3	0.56	0.0	-0.0	0.0	3	7336	339.4	198.6	-0.08	728.88	1
41.45	0	733.4	162.1	0.56	0.0	-0.0	0.0	3	7362	340.3	194.2	-0.05	733.37	1
41.55	0	737.9	162.9	0.56	0.0	0.0	0.0	3	7386	341.2	189.8	-0.07	737.9	1
41.65	0	742.4	163.6	0.56	0.0	-0.03	0.0	3	7409	342.1	185.3	-0.15	742.42	1
41.75	0	747.0	164.4	0.56	0.0	-0.03	0.0	3	7444	342.9	180.9	-0.27	746.97	1
41.85	0	751.6	165.2	0.56	0.0	-0.05	0.0	3	7481	343.7	176.3	-0.44	751.56	1
41.95	0	756.2	165.9	0.56	0.0	-0.05	0.0	3	7539	344.5	171.8	-0.55	756.18	1
42.05	0	760.8	166.7	0.56	0.0	-0.05	0.0	3	7546	345.2	167.2	-0.59	760.81	1
42.15	0	765.4	167.4	0.56	0.0	-0.05	0.0	3	7579	345.8	162.6	-0.63	765.45	1
42.25	0	770.1	168.1	0.56	0.0	-0.05	0.0	3	7633	346.4	158.0	-0.67	770.11	1
42.35	0	774.8	168.8	0.56	0.0	-0.05	0.0	3	7664	346.9	153.4	-0.68	774.83	1
42.45	0	779.5	169.6	0.56	0.0	-0.05	0.0	3	7693	347.4	148.7	-0.64	779.52	1
42.55	0	784.3	170.1	0.35	0.0	-0.05	0.16	3	7608	347.8	144.0	-0.55	784.27	1
42.65	0	789.0	169.7	0.0	0.0	0.0	1.0	3	7318	348.2	139.3	-0.34	788.97	1
42.75	0	793.7	169.0	0.0	0.0	0.0	1.0	3	6864	348.5	134.6	-0.17	793.71	1
42.85	0	798.4	168.3	0.0	0.0	0.02	0.98	4	6435	348.7	129.9	-0.01	798.38	1
42.95	0	803.0	167.7	0.0	0.0	0.01	0.13	4	5990	348.9	125.2	0.13	803.05	1
43.05	0	807.7	166.6	0.06	0.0	0.0	0.0	4	5950	349.1	120.6	0.24	807.68	1
43.17	0	813.1	165.8	0.31	0.0	-0.03	0.0	4	6020	349.4	115.2	0.37	813.07	1
43.27	0	817.7	165.8	0.51	0.0	-0.05	0.0	4	6105	349.5	110.6	0.48	817.67	1
43.36	0	822.3	166.1	0.56	0.0	-0.05	0.0	4	6148	349.7	106.0	0.59	822.27	1
43.47	0	826.9	166.6	0.58	0.0	-0.05	0.0	4	6176	349.9	101.4	0.67	826.9	1
43.57	0	831.5	167.0	0.6	0.0	-0.02	0.0	4	6204	350.0	96.8	0.71	831.53	1
43.67	0	836.2	167.5	0.6	0.0	-0.0	0.0	4	6251	350.1	92.1	0.72	836.18	1
43.77	0	840.8	168.1	0.62	0.0	0.0	0.0	4	6257	350.1	87.5	0.69	840.84	1
43.86	0	845.5	168.7	0.62	0.0	0.0	0.0	4	6287	350.1	82.8	0.63	845.51	1
43.97	0	850.2	169.2	0.62	0.0	0.0	0.0	4	6374	350.1	78.1	0.56	850.21	1
44.07	0	854.9	170.0	0.62	0.0	0.0	0.0	4	6313	350.0	73.4	0.49	854.91	1
44.17	0	859.7	170.6	0.62	0.0	0.0	0.0	4	6339	350.0	68.6	0.4	859.65	1
44.27	0	864.4	171.2	0.62	0.0	0.0	0.0	4	6365	349.9	63.9	0.32	864.39	1
44.37	0	869.2	171.7	0.62	0.0	0.0	0.0	4	6409	349.8	59.1	0.28	869.15	1
44.47	0	873.9	172.4	0.62	0.0	0.02	0.0	4	6415	349.7	54.4	0.24	873.94	1
44.56	0	878.7	173.0	0.62	0.0	0.1	0.0	4	6437	349.6	49.6	0.19	878.72	1
44.67	0	883.5	173.5	0.62	0.0	0.05	0.0	4	6471	349.6	44.7	0.14	883.54	1
44.77	0	888.4	174.0	0.62	0.0	0.05	0.0	4	6507	349.6	39.9	0.13	888.37	1
44.87	0	893.2	174.6	0.62	0.0	0.02	0.0	4	6524	349.6	35.1	0.16	893.21	1
44.97	0	898.1	175.1	0.62	0.0	0.0	0.0	4	6577	349.7	30.2	0.25	898.06	1
45.07	0	902.9	175.8	0.62	0.0	-0.04	0.0	4	6526	349.8	25.4	0.41	902.93	1
45.17	0	907.8	176.2	0.62	0.0	-0.04	0.0	4	6583	350.0	20.5	0.61	907.83	1
45.27	0	912.7	176.8	0.62	0.0	-0.04	0.0	4	6600	350.3	15.6	0.84	912.72	1
45.37	0	917.6	177.5	0.62	0.0	-0.04	0.0	4	6613	350.5	10.7	1.08	917.64	1
45.47	0	922.6	178.0	0.62	0.0	-0.04	0.0	4	6635	350.7	5.7	1.31	922.57	1
45.56	0	927.5	178.4	0.58	0.0	-0.0	0.0	4	6745	350.9	0.8	1.51	927.5	1
45.67	0	932.5	179.1	0.58	0.0	0.01	0.0	4	6664	351.1	-4.2	1.67	932.48	1
45.77	0	937.5	179.5	0.6	0.0	0.01	0.0	4	6698	351.2	-9.2	1.79	937.46	1
45.87	0	942.4	180.1	0.58	0.0	0.01	0.0	4	6700	351.3	-14.2	1.89	942.45	1
45.96	0	947.4	180.6	0.58	0.0	0.01	0.0	4	6708	351.4	-19.2	1.96	947.45	1
46.07	0	952.5	181.0	0.6	0.0	-0.03	0.0	4	6732	351.4	-24.2	2.01	952.48	1
46.17	0	957.5	181.5	0.58	0.0	-0.03	0.0	4	6751	351.5	-29.2	2.05	957.51	1
46.27	0	962.6	182.1	0.6	0.0	-0.03	0.0	4	6773	351.5	-34.3	2.07	962.57	1
46.37	0	967.6	182.6	0.61	0.0	-0.03	0.0	4	6797	351.5	-39.3	2.06	967.63	1
46.47	0	972.7	183.1	0.63	0.0	-0.03	0.0	4	6847	351.5	-44.4	2.02	972.71	1
46.57	0	977.8	183.7	0.64	0.0	-0.0	0.0	4	6871	351.4	-49.5	1.95	977.8	1
46.67	0	982.9	184.3	0.64	0.0	0.02	0.0	4	6893	351.3	-54.6	1.83	982.91	1
46.77	0	988.0	185.0	0.64	0.0	0.06	0.0	4	6913	351.1	-59.7	1.69	988.04	1
46.86	0	993.2	185.6	0.64	0.0	0.1	0.0	4	6933	351.0	-64.9	1.52	993.17	1
46.96	0	998.3	186.2	0.64	0.0	0.02	0.0	4	6959	350.8	-70.0	1.37	998.34	1
47.07	0	1003.5	186.8	0.64	0.0	0.01	0.0	4	6983	350.7	-75.2	1.25	1003.53	1
47.17	0	1008.7	187.4	0.64	0.0	-0.0	0.0	4	7024	350.6	-80.4	1.16	1008.71	1
47.27	0	1013.9	188.0	0.64	0.0	-0.04	0.0	4	7032	350.6	-85.6	1.12	1013.94	1
47.37	0	1019.2	188.6	0.64	0.0	-0.05	0.0	4	7050	350.5	-90.9	1.11	1019.15	1
47.46	0	1024.4	189.2	0.64	0.0	-0.0	0.0	4	7074	350.6	-96.1	1.12	1024.4	1
47.57	0	1029.7	189.8	0.64	0.0	0.0	0.0	4	7093	350.6	-101.4	1.14	1029.67	1
47.66	0	1034.9	190.4	0.64	0.0	0.0	0.0	4	7114	350.6	-106.6	1.16	1034.92	1
47.77	0	1040.3	191.0	0.64	0.0	0.0	0.0	4	7137	350.6	-112.0	1.18	1040.25	1
47.86	0	1045.6	191.8	0.64	0.0	0.0	0.0	4	7103	350.6	-117.3	1.2	1045.55	1
47.96	0	1050.9	192.0	0.64	0.0	-0.01	0.0	4	7298	350.6	-122.6	1.21	1050.89	1
48.07	0	1056.2	192.9	0.66	0.0	-0.01	0.0	4	7196	350.7	-128.0	1.22	1056.24	1
48.16	0	1061.6	193.6	0.69	0.0	-0.03	0.0	4	7247	350.7	-133.3	1.23	1061.6	1
48.27	0	1067.0	194.3	0.69	0.0	-0.03	0.0	4	7291	350.7	-138.7	1.22	1067.01	1
48.37	0	1072.4	195.0	0.69	0.0	-0.0	0.0	4	7329	350.6	-144.1	1.19	1072.41	1
48.47	0	1077.8	195.7	0.69	0.0	-0.0	0.0	4	7352	350.6	-149.5	1.14	1077.82	1
48.57	0	1083.3	196.4	0.69	0.0	0.0	0.0	4	7377	350.5	-155.0	1.06	1083.27	1
48.67	0	1088.7	197.1	0.66	0.0	0.02	0.0	4	7395	350.4	-160.4	0.97	1088.73	1
48.77	0	1094.2	197.8	0.66	0.0	-0.0	0.0	4	7406	350.3	-165.9	0.85	1094.23	1
48.87	0	1099.7	198.4	0.66	0.0	-0.0	0.0	4	7429	350.2	-171.4	0.73	1099.72	1
48.96	0	1105.2	199.0	0.66	0.0	-0.0	0.0	4	7452	350.0	-176.9	0.59	1105.23	1
49.06	0	1110.8	199.6	0.66	0.0	-0.0	0.0	4	7474	349.9	-182.5	0.45	1110.77	1
49.17	0	1116.3	200.2	0.66	0.0	-0.0	0.0	4	7498	349.7	-188.0	0.3	1116.32	1
49.26	0	1121.9	200.8	0.66	0.0	0.02	0.0	4	7533	349.6	-193.6	0.15	1121.89	1
49.37	0	1127.5	201.4	0.66	0.0	0.02	0.0	4	7556	349.4	-199.2	0.0	1127.48	1
49.46	0	1133.1	202.1	0.66	0.0	0.02	0.0	4	7553	349.3	-204.8	-0.14	1133.07	1
49.56	0	1138.7	202.6	0.66	0.0	0.02	0.0	4	7586	349.2	-210.4	-0.28	1138.69	1
49.66	0	1144.3	203.2	0.66	0.0	0.02	0.0	4	7615	349.0	-216.0	-0.39	1144.33	1
49.77	0	1150.0	203.8	0.66	0.0	0.02	0.0	4	7634	349.0	-221.7	-0.48	1150.0	1
49.87	0	1155.7	204.3	0.66	0.0	0.02	0.0	4	7667	348.9	-227.4	-0.54	1155.66	1
49.96	0	1161.3	204.8	0.66	0.0	0.02	0.0	4	7704	348.9	-233.0	-0.56	1161.33	1
50.07	0	1167.0	205.4	0.66	0.0	-0.0	0.0	4	7708	348.9	-238.8	-0.54	1167.05	1
50.17	0	1172.8	205.9	0.63	0.0	-0.01	0.0	4	7705	348.9	-244.5	-0.49	1172.76	1
50.26	0	1178.4	206.4	0.62	0.0	-0.01	0.0	4	7710	349.0	-250.1	-0.39	1178.42	1
50.37	0	1184.2	206.8	0.62	0.0	-0.07	0.0	4	7723	349.2	-255.9	-0.27	1184.24	1
50.47	0	1190.0	207.3	0.62	0.0	-0.09	0.0	4	7737	349.3	-261.7	-0.15	1189.96	1
50.56	0	1195.7	207.7	0.62	0.0	-0.05	0.0	4	7760	349.4	-267.4	-0.05	1195.72	1
50.67	0	1201.5	208.0	0.62	0.0	-0.0	0.0	4	7786	349.4	-273.2	0.01	1201.51	1
50.77	0	1207.3	208.4	0.62	0.0	0.0	0.0	4	7805	349.5	-279.0	0.02	1207.29	1
50.87	0	1213.1	208.8	0.62	0.0	0.0	0.0	4	7816	349.4	-284.8	-0.03	1213.08	1
50.96	0	1218.9	209.1	0.62	0.0	0.0	0.0	4	7825	349.3	-290.6	-0.14	1218.87	1
51.06	0	1224.7	209.5	0.62	0.0	0.0	0.0	4	7833	349.1	-296.4	-0.29	1224.69	1
51.16	0	1230.5	209.9	0.62	0.0	0.0	0.0	4	7842	348.9	-302.2	-0.49	1230.51	1
51.26	0	1236.3	210.3	0.62	0.0	0.02	0.0	4	7854	348.7	-308.0	-0.71	1236.34	1
51.37	0	1242.2	210.8	0.62	0.0	0.02	0.0	4	7866	348.5	-313.9	-0.95	1242.19	1
51.47	0	1248.0	211.2	0.62	0.0	0.03	0.0	4	7880	348.2	-319.8	-1.2	1248.05	1
51.57	0	1253.9	211.5	0.56	0.0	0.03	0.0	4	7872	348.0	-325.6	-1.44	1253.91	1
51.67	0	1259.8	211.7	0.48	0.0	0.03	0.0	4	7834	347.8	-331.5	-1.65	1259.8	1
51.77	0	1265.7	211.6	0.36	0.0	0.03	0.0	4	7766	347.6	-337.4	-1.83	1265.67	1
51.86	0	1271.5	211.0	0.16	0.0	0.03	0.0	4	7637	347.5	-343.2	-1.97	1271.53	1
51.97	0	1277.4	209.9	0.0	0.0	0.01	0.0	4	7494	347.4	-349.1	-2.06	1277.38	1
52.07	0	1283.2	208.4	0.0	0.0	0.01	0.0	4	7406	347.3	-354.9	-2.11	1283.19	1
52.16	0	1288.9	206.8	0.0	0.0	0.01	0.0	4	7361	347.3	-360.7	-2.12	1288.94	1
52.27	0	1294.7	205.4	0.0	0.0	0.01	0.0	4	7290	347.3	-366.4	-2.1	1294.68	1
52.37	0	1300.4	203.8	0.0	0.0	0.01	0.0	4	7247	347.4	-372.1	-2.05	1300.37	1
52.47	0	1306.0	202.4	0.0	0.0	0.01	0.0	4	7198	347.5	-377.7	-1.98	1306.0	1
52.57	0	1311.6	200.9	0.0	0.0	0.01	0.0	4	7147	347.5	-383.3	-1.89	1311.61	1
52.66	0	1317.2	199.5	0.0	0.0	-0.0	0.0	4	7096	347.7	-388.9	-1.77	1317.16	1
52.77	0	1322.7	198.1	0.0	0.0	-0.0	0.0	4	7046	347.8	-394.4	-1.65	1322.69	1
52.87	0	1328.2	196.6	0.0	0.0	-0.0	0.0	4	6997	347.9	-399.9	-1.51	1328.17	1
52.97	0	1333.6	195.3	0.0	0.0	-0.0	0.0	4	6948	348.0	-405.3	-1.37	1333.61	1
53.06	0	1339.0	193.9	0.0	0.0	-0.0	0.0	4	6900	348.2	-410.7	-1.23	1339.0	1
53.18	0	1345.3	191.8	0.0	0.11	-0.0	0.0	4	6780	348.4	-417.0	-1.06	1345.27	1
53.28	0	1350.6	189.7	0.0	0.12	0.05	0.0	4	6696	348.5	-422.3	-0.91	1350.56	1
53.38	0	1355.8	187.6	0.0	0.12	0.05	0.0	4	6614	348.6	-427.5	-0.76	1355.79	1
53.48	0	1361.0	185.4	0.0	0.12	0.09	0.0	4	6538	348.8	-432.7	-0.58	1360.97	1
53.58	0	1366.1	183.2	0.0	0.12	0.1	0.0	4	6460	349.0	-437.8	-0.36	1366.09	1
53.68	0	1371.1	181.1	0.0	0.12	0.02	0.0	4	6378	349.3	-442.9	-0.09	1371.15	1
53.78	0	1376.1	178.9	0.0	0.12	0.0	0.0	4	6296	349.6	-447.8	0.23	1376.13	1
53.88	0	1381.1	176.8	0.0	0.12	-0.02	0.0	4	6231	350.0	-452.8	0.61	1381.05	1
53.98	0	1385.9	174.7	0.0	0.12	-0.04	0.0	4	6153	350.4	-457.6	1.04	1385.92	1
54.08	0	1390.7	172.6	0.0	0.17	-0.1	0.0	4	6069	350.9	-462.4	1.49	1390.72	1
54.18	0	1395.4	170.3	0.0	0.17	-0.0	0.0	4	5972	351.3	-467.1	1.92	1395.42	1
54.28	0	1400.1	167.9	0.0	0.13	0.0	0.0	4	5916	351.7	-471.8	2.35	1400.14	1
54.38	0	1404.8	166.0	0.0	0.1	0.0	0.0	4	5866	352.1	-476.5	2.75	1404.76	1
54.48	0	1409.3	164.2	0.0	0.1	0.0	0.0	4	5811	352.5	-481.0	3.12	1409.33	1
54.58	0	1413.9	162.5	0.0	0.1	0.0	0.0	4	5752	352.8	-485.6	3.48	1413.87	1
54.68	0	1418.3	160.6	0.0	0.18	-0.04	0.0	4	5657	353.2	-490.0	3.82	1418.33	1
54.78	0	1422.7	158.0	0.0	0.24	-0.14	0.0	4	5548	353.5	-494.5	4.14	1422.74	1
54.88	0	1427.1	155.7	0.0	0.15	-0.02	0.0	4	5431	353.8	-498.8	4.43	1427.09	1
54.98	0	1431.4	153.6	0.0	0.13	-0.0	0.0	4	5409	354.0	-503.1	4.68	1431.37	1
55.08	0	1435.6	151.7	0.0	0.09	-0.0	0.0	4	5366	354.2	-507.3	4.88	1435.61	1
55.18	0	1439.8	150.1	0.0	0.09	-0.0	0.0	4	5314	354.4	-511.5	5.05	1439.8	1
55.28	0	1443.9	148.5	0.0	0.09	-0.0	0.0	4	5260	354.5	-515.6	5.18	1443.91	1
55.38	0	1448.0	146.8	0.0	0.13	-0.04	0.0	4	5191	354.6	-519.8	5.3	1448.05	1
55.48	0	1452.1	144.9	0.0	0.17	-0.17	0.0	4	5110	354.7	-523.8	5.39	1452.09	1
55.58	0	1456.1	142.7	0.0	0.17	-0.17	0.0	4	5021	354.8	-527.8	5.43	1456.09	1
55.68	0	1460.1	140.7	0.0	0.13	-0.07	0.0	4	4964	354.7	-531.7	5.39	1460.11	1
55.78	0	1464.0	138.9	0.0	0.11	-0.05	0.0	4	4912	354.6	-535.6	5.25	1463.99	1
55.88	0	1467.8	137.3	0.0	0.09	-0.0	0.0	4	4853	354.5	-539.4	5.04	1467.81	1
55.98	0	1471.6	135.7	0.0	0.09	-0.0	0.0	4	4801	354.3	-543.2	4.76	1471.59	1
56.08	0	1475.3	134.2	0.0	0.09	-0.0	0.0	4	4749	354.0	-547.0	4.44	1475.33	1
56.18	0	1479.1	132.7	0.0	0.09	0.0	0.0	4	4712	353.7	-550.7	4.09	1479.07	1
56.28	0	1482.7	130.9	0.0	0.2	0.05	0.0	4	4609	353.4	-554.3	3.68	1482.71	1
56.38	0	1486.3	128.3	0.0	0.33	0.03	0.0	4	4468	353.1	-557.9	3.28	1486.3	1
56.48	0	1489.8	125.1	0.0	0.44	0.01	0.0	4	4291	352.8	-561.4	2.9	1489.79	1
56.58	0	1493.2	121.0	0.0	0.55	0.0	0.0	4	4044	352.5	-564.8	2.54	1493.2	1
56.68	0	1496.5	116.6	0.0	0.52	0.0	0.0	4	3840	352.3	-568.1	2.2	1496.47	1
56.78	0	1499.6	112.2	0.0	0.5	0.02	0.0	4	3710	352.1	-571.3	1.89	1499.62	1
56.88	0	1502.7	108.1	0.0	0.49	0.02	0.0	4	3629	351.9	-574.3	1.61	1502.68	1
56.98	0	1505.6	104.2	0.0	0.47	0.02	0.0	4	3485	351.7	-577.3	1.35	1505.61	1
57.08	0	1508.4	100.3	0.0	0.42	0.02	0.0	4	3425	351.5	-580.1	1.1	1508.45	1
57.18	0	1511.2	96.8	0.0	0.42	0.02	0.0	4	3318	351.4	-582.8	0.89	1511.17	1
57.28	0	1513.8	93.4	0.0	0.42	0.02	0.0	4	3201	351.2	-585.5	0.7	1513.81	1
57.38	0	1516.4	89.9	0.0	0.42	0.02	0.0	4	3083	351.1	-588.0	0.53	1516.35	1
57.48	0	1518.5	86.5	0.0	0.42	0.02	0.0	4	2973	351.0	-590.5	0.91	1518.48	1
57.58	0	1520.7	83.1	0.0	0.42	-0.0	0.05	4	2862	351.0	-592.8	1.81	1520.69	1
57.68	0	1522.5	79.9	0.0	0.39	-0.0	0.51	4	2743	350.9	-595.1	2.66	1522.5	1
57.78	0	1526.8	76.8	0.0	0.37	-0.0	1.0	4	2617	350.8	-597.3	2.56	1526.8	1
57.88	0	1528.8	73.9	0.0	0.37	-0.0	1.0	4	2455	350.8	-599.4	2.17	1528.8	1
57.98	0	1530.1	71.0	0.0	0.36	-0.0	1.0	4	2304	350.7	-601.4	2.43	1530.09	1
58.08	0	1531.8	68.1	0.0	0.36	-0.0	1.0	4	2162	350.7	-603.3	2.74	1531.83	1
58.18	0	1535.7	65.3	0.0	0.36	-0.0	1.0	5	2028	350.6	-605.2	2.19	1535.68	1
58.28	0	1537.2	62.5	0.0	0.33	-0.0	1.0	5	1959	350.6	-606.9	1.37	1537.25	1
58.38	0	1538.8	60.0	0.0	0.3	-0.0	1.0	5	1953	350.5	-608.6	0.5	1538.79	1
58.48	0	1540.4	57.8	0.0	0.26	-0.0	1.0	5	1953	350.5	-610.3	-0.2	1540.4	1
58.58	0	1541.9	56.0	0.0	0.2	-0.0	0.87	5	1888	350.4	-611.8	0.13	1541.94	1
58.68	0	1543.4	55.1	0.0	0.16	-0.0	0.65	5	1673	350.4	-613.4	0.45	1543.45	1
58.78	0	1545.0	54.2	0.0	0.16	-0.0	0.65	5	1645	350.3	-614.9	0.67	1544.98	1
58.88	0	1546.5	53.1	0.0	0.2	-0.0	0.78	5	1613	350.3	-616.4	0.88	1546.46	1
58.98	0	1548.0	51.7	0.0	0.21	-0.0	1.0	5	1878	350.3	-617.8	0.89	1548.04	1
59.08	0	1549.5	50.0	0.0	0.18	0.02	1.0	4	1948	350.2	-619.3	0.88	1549.45	1
59.18	0	1550.9	48.6	0.0	0.16	0.06	1.0	4	1953	350.2	-620.6	0.8	1550.88	1
59.28	0	1552.2	47.3	0.0	0.16	0.04	1.0	4	1953	350.2	-622.0	0.72	1552.21	1
59.38	0	1553.5	46.0	0.0	0.16	0.04	1.0	4	1953	350.1	-623.3	0.68	1553.48	1
59.48	0	1554.7	44.7	0.0	0.16	0.07	1.0	3	1953	350.1	-624.5	0.66	1554.74	1
59.58	0	1556.0	43.5	0.0	0.14	0.06	1.0	3	1953	350.1	-625.7	0.66	1555.96	1
59.7	0	1557.4	42.5	0.0	0.13	0.02	0.51	3	1851	350.1	-627.2	0.67	1557.38	1
59.78	0	1558.3	41.8	0.0	0.11	0.01	0.04	3	1804	350.1	-628.1	0.67	1558.33	1
59.88	0	1559.5	41.1	0.0	0.0	0.01	0.0	3	1785	350.1	-629.3	0.68	1559.48	1
59.98	0	1560.6	40.9	0.0	0.0	0.0	0.0	3	1773	350.1	-630.4	0.68	1560.62	1
60.08	0	1561.8	40.7	0.24	0.0	-0.01	0.0	3	1775	350.2	-631.5	0.69	1561.75	1
60.18	0	1562.9	40.6	0.41	0.0	-0.01	0.0	3	1781	350.2	-632.7	0.69	1562.88	1
60.28	0	1564.0	40.7	0.48	0.0	-0.04	0.0	3	1788	350.2	-633.8	0.67	1564.03	1
60.38	0	1565.2	40.8	0.52	0.0	-0.04	0.0	3	1795	350.2	-634.9	0.64	1565.16	1
60.48	0	1566.3	41.0	0.55	0.0	-0.04	0.0	3	1802	350.1	-636.1	0.61	1566.3	1
60.58	0	1567.4	41.1	0.56	0.0	-0.04	0.0	3	1810	350.1	-637.2	0.57	1567.43	1
60.68	0	1568.6	41.3	0.6	0.0	-0.04	0.0	3	1819	350.1	-638.3	0.52	1568.58	1
60.78	0	1569.7	41.5	0.62	0.0	-0.0	0.0	3	1828	350.1	-639.5	0.47	1569.73	1
60.88	0	1570.9	41.7	0.63	0.0	-0.0	0.0	3	1839	350.1	-640.6	0.44	1570.86	1
60.98	0	1572.0	41.9	0.63	0.0	-0.0	0.0	3	1848	350.1	-641.8	0.45	1572.02	1
61.08	0	1573.2	42.2	0.63	0.0	-0.0	0.0	3	1857	350.0	-643.0	0.47	1573.19	1
61.18	0	1574.4	42.4	0.63	0.0	-0.0	0.0	3	1867	350.0	-644.1	0.48	1574.36	1
61.28	0	1575.5	42.6	0.63	0.0	-0.0	0.0	3	1876	350.0	-645.3	0.49	1575.54	1
61.38	0	1576.7	42.8	0.63	0.0	-0.05	0.0	3	1885	350.0	-646.5	0.5	1576.73	1
61.48	0	1577.9	43.0	0.63	0.0	-0.05	0.0	3	1895	349.9	-647.7	0.51	1577.92	1
61.58	0	1579.1	43.2	0.63	0.0	-0.05	0.0	3	1904	349.9	-648.9	0.53	1579.11	1
61.68	0	1580.3	43.4	0.63	0.0	-0.05	0.0	3	1913	349.9	-650.1	0.55	1580.31	1
61.78	0	1581.5	43.6	0.63	0.0	-0.05	0.0	3	1923	349.8	-651.3	0.56	1581.52	1
61.88	0	1582.7	43.8	0.63	0.0	-0.05	0.0	3	1932	349.8	-652.5	0.56	1582.74	1
61.98	0	1584.0	44.1	0.63	0.0	-0.05	0.0	3	1941	349.7	-653.7	0.56	1583.96	1
62.08	0	1585.2	44.3	0.63	0.0	-0.04	0.0	3	1950	349.6	-655.0	0.56	1585.18	1
62.18	0	1586.4	44.5	0.63	0.0	-0.0	0.0	3	1959	349.6	-656.2	0.54	1586.42	1
62.28	0	1587.7	44.7	0.63	0.0	-0.0	0.0	3	1968	349.5	-657.4	0.51	1587.66	1
62.38	0	1588.9	44.9	0.64	0.0	-0.0	0.0	3	1977	349.4	-658.7	0.48	1588.9	1
62.48	0	1590.2	45.1	0.64	0.0	-0.0	0.0	3	1987	349.4	-659.9	0.46	1590.15	1
62.58	0	1591.4	45.3	0.64	0.0	-0.0	0.0	3	1996	349.3	-661.2	0.43	1591.41	1
62.68	0	1592.7	45.5	0.64	0.0	-0.0	0.0	3	2005	349.2	-662.4	0.41	1592.67	1
62.78	0	1593.9	45.7	0.64	0.0	-0.0	0.0	3	2014	349.2	-663.7	0.39	1593.93	1
62.88	0	1595.2	45.9	0.64	0.0	-0.0	0.0	3	2023	349.1	-665.0	0.37	1595.21	1
62.98	0	1596.5	46.1	0.64	0.0	-0.0	0.0	3	2033	349.0	-666.3	0.36	1596.49	1
63.08	0	1597.8	46.3	0.64	0.0	-0.0	0.0	3	2042	349.0	-667.5	0.34	1597.77	1
63.18	0	1599.1	46.5	0.64	0.0	-0.0	0.0	3	2051	348.9	-668.8	0.32	1599.06	1
63.28	0	1600.3	46.8	0.64	0.0	-0.0	0.0	3	2060	348.8	-670.1	0.31	1600.34	1
63.38	0	1601.6	47.0	0.64	0.0	-0.0	0.0	3	2068	348.7	-671.4	0.35	1601.65	1
63.48	0	1602.9	47.2	0.64	0.0	-0.03	0.0	3	2077	348.7	-672.7	0.39	1602.95	1
63.58	0	1604.3	47.4	0.64	0.0	-0.05	0.0	3	2088	348.6	-674.0	0.43	1604.26	1
63.68	0	1605.6	47.6	0.64	0.0	-0.09	0.0	3	2096	348.5	-675.4	0.46	1605.58	1
63.78	0	1606.9	47.8	0.64	0.0	-0.12	0.0	3	2105	348.4	-676.7	0.47	1606.91	1
63.88	0	1608.2	47.9	0.64	0.0	-0.16	0.0	3	2114	348.3	-678.0	0.51	1608.2	1
63.98	0	1609.5	48.1	0.64	0.0	-0.16	0.0	3	2122	348.1	-679.3	0.59	1609.52	1
64.08	0	1610.9	48.3	0.64	0.0	-0.16	0.0	3	2130	348.0	-680.7	0.66	1610.86	1
64.18	0	1612.2	48.5	0.64	0.0	-0.14	0.0	3	2138	347.8	-682.0	0.7	1612.21	1
64.28	0	1613.6	48.7	0.64	0.0	-0.16	0.0	3	2145	347.6	-683.3	0.72	1613.55	1
64.38	0	1614.9	48.8	0.64	0.0	-0.16	0.0	3	2153	347.4	-684.6	0.71	1614.91	1
64.48	0	1616.2	49.0	0.64	0.0	-0.1	0.0	3	2160	347.1	-686.0	0.76	1616.22	1
64.58	0	1617.6	49.2	0.64	0.0	-0.1	0.0	3	2168	346.8	-687.3	0.8	1617.6	1
64.68	0	1619.0	49.4	0.64	0.0	-0.1	0.0	3	2178	346.6	-688.7	0.83	1618.96	1
64.78	0	1620.3	49.6	0.64	0.0	-0.1	0.0	3	2187	346.3	-690.0	0.84	1620.34	1
64.88	0	1621.7	49.8	0.64	0.0	-0.1	0.0	3	2190	345.9	-691.4	0.84	1621.72	1
64.98	0	1623.1	50.0	0.64	0.0	-0.1	0.0	3	2198	345.6	-692.7	0.83	1623.09	1
65.08	0	1624.5	50.2	0.64	0.0	-0.1	0.0	3	2211	345.3	-694.0	0.82	1624.48	1
65.18	0	1625.9	50.3	0.64	0.0	-0.1	0.0	3	2219	344.9	-695.4	0.79	1625.88	1
65.28	0	1627.3	50.5	0.64	0.0	-0.1	0.0	3	2228	344.5	-696.7	0.75	1627.27	1
65.38	0	1628.7	50.7	0.64	0.0	-0.1	0.0	3	2234	344.1	-698.1	0.69	1628.68	1
65.48	0	1630.0	50.9	0.64	0.0	-0.1	0.0	3	2243	343.7	-699.4	0.62	1630.05	1
65.58	0	1631.4	51.1	0.64	0.0	-0.1	0.0	3	2254	343.3	-700.8	0.73	1631.41	1
65.68	0	1632.8	51.3	0.64	0.0	-0.1	0.0	3	2260	342.8	-702.1	0.83	1632.83	1
65.78	0	1634.3	51.4	0.64	0.0	-0.1	0.0	3	2261	342.4	-703.5	0.9	1634.25	1
65.88	0	1635.7	51.6	0.64	0.0	-0.1	0.0	3	2274	341.9	-704.8	0.97	1635.69	1
65.98	0	1637.1	51.8	0.64	0.0	-0.1	0.0	3	2283	341.4	-706.2	1.02	1637.12	1
66.08	0	1638.6	52.0	0.64	0.0	-0.1	0.0	3	2290	340.9	-707.5	1.05	1638.56	1
66.18	0	1640.0	52.2	0.64	0.0	-0.14	0.0	3	2298	340.3	-708.9	1.06	1640.01	1
66.28	0	1641.5	52.3	0.64	0.0	-0.15	0.0	3	2306	339.8	-710.2	1.05	1641.45	1
66.38	0	1642.9	52.5	0.64	0.0	-0.17	0.0	3	2314	339.2	-711.5	1.02	1642.91	1
66.48	0	1644.4	52.6	0.64	0.0	-0.17	0.0	3	2321	338.6	-712.9	0.96	1644.37	1
66.58	0	1645.8	52.8	0.65	0.0	-0.17	0.0	3	2329	338.0	-714.2	0.88	1645.83	1
66.68	0	1647.3	53.0	0.65	0.0	-0.17	0.0	3	2337	337.3	-715.5	0.76	1647.3	1
66.78	0	1648.8	53.1	0.65	0.0	-0.16	0.0	3	2344	336.6	-716.8	0.62	1648.76	1
66.88	0	1650.2	53.3	0.65	0.0	-0.14	0.0	3	2350	335.9	-718.1	0.45	1650.23	1
66.98	0	1651.6	53.5	0.71	0.0	-0.09	0.0	3	2361	335.2	-719.4	0.38	1651.65	1
67.08	0	1653.1	53.8	0.69	0.0	-0.09	0.0	3	2370	334.4	-720.7	0.43	1653.14	1
67.18	0	1654.6	54.0	0.7	0.0	-0.09	0.0	3	2380	333.6	-722.0	0.47	1654.64	1
67.28	0	1656.1	54.2	0.69	0.0	-0.09	0.0	3	2390	332.8	-723.2	0.48	1656.13	1
67.38	0	1657.6	54.4	0.7	0.0	-0.09	0.0	3	2400	332.0	-724.5	0.49	1657.64	1
67.48	0	1659.2	54.6	0.69	0.0	-0.09	0.0	3	2409	331.2	-725.8	0.47	1659.16	1
67.58	0	1660.7	54.8	0.71	0.0	-0.09	0.0	3	2420	330.4	-727.1	0.45	1660.67	1
67.68	0	1662.2	55.1	0.71	0.0	-0.09	0.0	3	2430	329.5	-728.3	0.4	1662.2	1
67.78	0	1663.7	55.3	0.71	0.0	-0.09	0.0	3	2439	328.7	-729.6	0.34	1663.73	1
67.88	0	1665.3	55.5	0.71	0.0	-0.09	0.0	3	2454	327.8	-730.9	0.27	1665.27	1
67.98	0	1666.8	55.8	0.77	0.0	-0.09	0.0	3	2470	326.9	-732.1	0.17	1666.81	1
68.08	0	1668.4	56.1	0.78	0.0	-0.09	0.0	3	2470	326.0	-733.4	0.06	1668.36	1
68.18	0	1669.9	56.4	0.8	0.0	-0.09	0.0	3	2487	325.0	-734.6	-0.06	1669.92	1
68.28	0	1671.5	56.7	0.8	0.0	-0.09	0.0	3	2507	324.1	-735.8	-0.21	1671.48	1
68.38	0	1673.1	57.0	0.8	0.0	-0.11	0.0	3	2520	323.1	-737.1	-0.16	1673.1	1
68.48	0	1674.7	57.3	0.75	0.0	-0.09	0.0	3	2529	322.1	-738.3	-0.04	1674.69	1
68.58	0	1676.3	57.5	0.6	0.0	-0.17	0.0	3	2529	321.1	-739.5	0.07	1676.27	1
68.68	0	1677.9	57.5	0.35	0.0	-0.17	0.17	3	2517	320.0	-740.8	0.15	1677.87	1
68.78	0	1679.5	57.3	0.0	0.0	-0.03	0.59	3	2485	319.0	-741.9	0.2	1679.45	1
68.88	0	1681.1	57.0	0.0	0.0	-0.03	1.0	3	2420	317.9	-743.1	0.24	1681.05	1
68.98	0	1682.6	56.8	0.0	0.0	-0.05	1.0	3	2271	316.9	-744.3	0.28	1682.63	1
69.08	0	1684.2	56.7	0.0	0.0	-0.05	1.0	3	2131	315.8	-745.5	0.3	1684.2	1
69.18	0	1685.8	56.5	0.0	0.0	-0.05	1.0	4	1999	314.7	-746.6	0.31	1685.77	1
69.28	0	1687.3	56.3	0.0	0.0	-0.05	1.0	4	1956	313.6	-747.7	0.32	1687.34	1
69.38	0	1688.9	56.2	0.0	0.0	-0.05	1.0	4	1953	312.6	-748.9	0.31	1688.91	1
69.48	0	1690.5	56.0	0.0	0.0	-0.07	1.0	4	1953	311.5	-750.0	0.3	1690.47	1
69.58	0	1692.0	55.9	0.0	0.0	-0.07	1.0	4	1953	310.4	-751.1	0.27	1692.02	1
69.68	0	1693.5	55.7	0.0	0.0	-0.09	1.0	4	1953	309.3	-752.2	0.32	1693.52	1
69.78	0	1695.1	55.6	0.0	0.0	-0.09	1.0	3	1953	308.2	-753.3	0.53	1695.05	1
69.88	0	1696.6	55.4	0.0	0.0	-0.1	1.0	3	1953	307.1	-754.4	0.72	1696.59	1
69.98	0	1698.1	55.2	0.0	0.0	-0.07	1.0	3	1953	306.0	-755.4	0.9	1698.1	1
70.08	0	1699.6	55.1	0.0	0.0	-0.1	1.0	2	1953	304.8	-756.5	1.06	1699.63	1
70.18	0	1701.1	54.9	0.0	0.0	-0.1	1.0	2	1953	303.7	-757.5	1.2	1701.15	1
70.28	0	1702.7	54.8	0.0	0.0	-0.1	1.0	2	1953	302.6	-758.5	1.33	1702.67	1
70.38	0	1704.2	54.6	0.0	0.0	-0.1	1.0	2	1953	301.4	-759.5	1.43	1704.17	1
70.5	0	1706.0	53.3	0.0	0.0	-0.1	0.55	2	2497	300.0	-760.6	1.53	1705.96	1
70.58	0	1707.2	52.0	0.0	0.0	-0.11	0.19	2	2899	299.1	-761.4	1.58	1707.15	1
70.68	0	1708.6	51.4	0.06	0.0	-0.2	0.0	2	2903	298.0	-762.3	1.63	1708.59	1
70.78	0	1710.0	51.0	0.25	0.0	-0.28	0.0	2	2903	296.9	-763.1	1.64	1710.01	1
70.88	0	1711.4	50.9	0.36	0.0	-0.24	0.0	2	2908	295.7	-763.9	1.6	1711.43	1
70.98	0	1712.8	50.8	0.32	0.0	-0.23	0.0	2	2896	294.5	-764.7	1.54	1712.83	1
71.08	0	1714.2	50.7	0.41	0.0	-0.23	0.0	2	2899	293.3	-765.5	1.44	1714.17	1
71.18	0	1715.4	50.7	0.43	0.0	-0.23	0.0	2	2902	292.1	-766.2	1.52	1715.42	1
71.28	0	1716.8	50.7	0.45	0.0	-0.23	0.0	2	2906	290.9	-766.9	1.57	1716.83	1
71.38	0	1718.2	50.8	0.51	0.0	-0.23	0.0	2	2913	289.7	-767.6	1.57	1718.24	1
71.48	0	1719.7	50.9	0.56	0.0	-0.23	0.0	2	2927	288.4	-768.2	1.55	1719.65	1
71.58	0	1721.1	51.1	0.62	0.0	-0.23	0.0	2	2946	287.1	-768.8	1.49	1721.07	1
71.68	0	1722.5	51.4	0.63	0.0	-0.2	0.0	2	2962	285.8	-769.4	1.39	1722.49	1
71.78	0	1723.9	51.7	0.63	0.0	-0.17	0.0	2	2978	284.5	-770.0	1.26	1723.91	1
71.88	0	1725.3	52.0	0.63	0.0	-0.17	0.0	2	2998	283.2	-770.5	1.1	1725.35	1
71.98	0	1726.8	52.3	0.63	0.0	-0.16	0.0	2	3018	281.8	-771.0	0.91	1726.78	1
72.08	0	1728.2	52.7	0.63	0.0	-0.16	0.0	2	3040	280.4	-771.5	0.7	1728.23	1
72.18	0	1729.7	53.1	0.67	0.0	-0.16	0.0	2	3066	279.1	-771.9	0.46	1729.67	1
72.28	0	1731.1	53.5	0.73	0.0	-0.12	0.0	2	3100	277.6	-772.4	0.19	1731.13	1
72.38	0	1732.6	54.1	0.77	0.0	-0.09	0.0	2	3137	276.2	-772.8	-0.11	1732.6	1
72.48	0	1734.1	54.7	0.78	0.0	-0.09	0.0	2	3178	274.8	-773.2	-0.42	1734.07	1
72.58	0	1735.6	55.4	0.78	0.0	-0.09	0.0	2	3250	273.3	-773.6	-0.76	1735.56	1
72.68	0	1737.1	56.1	0.78	0.0	-0.09	0.0	2	3287	271.8	-774.0	-1.11	1737.07	1
72.78	0	1738.6	57.0	0.78	0.0	-0.07	0.0	2	3295	270.3	-774.4	-1.46	1738.59	1
72.88	0	1740.1	57.7	0.78	0.0	-0.07	0.0	2	3364	268.7	-774.8	-1.78	1740.13	1
72.98	0	1742.8	58.5	0.78	0.0	-0.07	0.0	2	3424	267.1	-775.1	-2.12	1742.81	1
73.08	0	1744.4	59.4	0.78	0.0	-0.07	0.0	2	3473	265.5	-775.5	-1.77	1744.4	1
73.2	0	1746.3	60.5	0.78	0.0	-0.1	0.0	2	3536	263.6	-775.9	-1.37	1746.31	1
73.3	0	1748.0	61.4	0.78	0.0	-0.16	0.0	2	3597	262.0	-776.2	-1.04	1747.97	1
73.4	0	1749.7	62.4	0.8	0.0	-0.16	0.0	2	3668	260.3	-776.5	-0.73	1749.67	1
73.5	0	1751.4	63.5	0.82	0.0	-0.1	0.0	2	3742	258.6	-776.8	-0.44	1751.4	1
73.6	0	1753.2	64.7	0.82	0.0	-0.09	0.0	2	3818	256.8	-777.0	-0.17	1753.16	1
73.7	0	1755.0	65.9	0.82	0.0	-0.12	0.0	2	3899	255.0	-777.3	0.07	1754.95	1
73.8	0	1756.8	67.2	0.82	0.0	-0.09	0.0	2	3978	253.2	-777.5	0.29	1756.79	1
73.9	0	1758.7	68.6	0.82	0.0	-0.05	0.0	2	4061	251.3	-777.7	0.49	1758.67	1
74.0	0	1760.6	70.0	0.82	0.0	-0.05	0.0	2	4154	249.4	-777.8	0.67	1760.58	1
74.1	0	1762.6	71.5	0.82	0.0	-0.05	0.0	2	4247	247.4	-778.0	0.61	1762.63	1
74.23	0	1765.2	73.4	0.77	0.0	-0.0	0.0	2	4367	244.8	-778.1	0.47	1765.24	1
74.3	0	1766.7	74.1	0.75	0.0	-0.1	0.0	2	4546	243.4	-778.2	0.39	1766.67	1
74.4	0	1768.7	75.9	0.75	0.0	-0.1	0.0	2	4522	241.3	-778.3	0.28	1768.75	1
74.5	0	1770.9	77.5	0.74	0.0	-0.11	0.0	2	4552	239.1	-778.4	0.13	1770.87	1
74.6	0	1773.0	78.8	0.74	0.0	-0.11	0.0	2	4702	237.0	-778.4	-0.03	1773.05	1
74.7	0	1775.3	80.3	0.74	0.0	-0.11	0.0	2	4823	234.8	-778.4	-0.05	1775.25	1
74.8	0	1777.5	81.9	0.73	0.0	-0.11	0.0	2	4902	232.5	-778.4	-0.11	1777.5	1
74.9	0	1779.8	83.5	0.73	0.0	-0.09	0.0	2	4994	230.2	-778.3	-0.03	1779.82	1
75.0	0	1782.1	85.1	0.73	0.0	-0.09	0.0	2	5095	227.9	-778.2	0.29	1782.14	1
75.1	0	1784.5	86.7	0.73	0.0	-0.05	0.0	2	5202	225.5	-778.1	0.55	1784.51	1
75.2	0	1787.1	88.4	0.71	0.0	-0.0	0.0	2	5300	223.1	-777.9	0.1	1787.11	1
75.3	0	1789.5	90.0	0.65	0.0	-0.07	0.0	2	5364	220.6	-777.6	-0.59	1789.49	1
75.4	0	1792.0	91.5	0.64	0.0	-0.1	0.0	2	5439	218.1	-777.3	-1.27	1792.01	1
75.5	0	1794.5	92.9	0.64	0.0	-0.17	0.0	2	5532	215.6	-777.0	-1.84	1794.51	1
75.6	0	1797.0	93.7	0.64	0.0	-0.17	0.0	2	5826	213.0	-776.7	-2.46	1797.03	1
75.7	0	1799.8	95.6	0.64	0.0	-0.17	0.0	2	5646	210.4	-776.2	-2.98	1799.8	1
75.8	0	1803.0	96.9	0.64	0.0	-0.14	0.0	2	5766	207.8	-775.7	-3.58	1803.03	1
75.9	0	1805.8	98.3	0.64	0.0	-0.12	0.0	2	5920	205.1	-775.1	-3.75	1805.75	1
76.0	0	1809.3	99.8	0.62	0.0	-0.05	0.0	2	6015	202.5	-774.4	-3.84	1809.34	1
76.1	0	1812.1	101.2	0.37	0.0	0.0	0.0	2	5946	199.8	-773.7	-3.56	1812.1	1
76.2	0	1815.2	101.5	0.14	0.0	0.0	0.0	2	5774	197.1	-772.9	-3.2	1815.15	1
76.3	0	1817.9	101.0	0.06	0.0	-0.03	0.0	2	5691	194.4	-772.0	-2.8	1817.94	1
76.4	0	1820.6	100.2	0.0	0.0	-0.07	0.0	2	5610	191.7	-771.2	-2.5	1820.62	1
76.5	0	1823.4	99.4	0.0	0.0	-0.08	0.55	2	5477	189.1	-770.4	-2.23	1823.39	1
76.6	0	1826.3	98.3	0.0	0.0	-0.12	0.88	2	5508	186.5	-769.5	-1.79	1826.29	1
76.7	0	1829.0	97.5	0.0	0.0	-0.14	1.0	2	5377	183.9	-768.5	-1.38	1828.98	1
76.8	0	1831.6	97.2	0.0	0.0	-0.17	1.0	2	5048	181.4	-767.6	-1.02	1831.64	1
76.9	0	1834.3	96.8	0.0	0.0	-0.17	1.0	2	4735	178.9	-766.6	-0.71	1834.33	1
77.0	0	1837.0	96.4	0.0	0.0	-0.21	1.0	2	4442	176.4	-765.5	-0.46	1837.01	1
77.1	0	1839.7	95.9	0.0	0.0	-0.27	1.0	2	4169	174.0	-764.4	-0.29	1839.67	1
77.2	0	1842.3	95.5	0.0	0.0	-0.23	1.0	2	3912	171.6	-763.2	-0.21	1842.33	1
77.3	0	1845.0	95.0	0.06	0.0	-0.17	1.0	2	3707	169.3	-762.0	-0.22	1844.97	1
77.4	0	1847.6	94.6	0.08	0.0	-0.14	1.0	3	3564	167.0	-760.6	-0.21	1847.65	1
77.5	0	1850.3	94.2	0.12	0.0	-0.14	1.0	3	3449	164.8	-759.2	0.09	1850.26	1
77.6	0	1852.8	93.2	0.12	0.0	-0.17	0.6	3	3776	162.7	-757.8	0.32	1852.85	1
77.7	0	1855.4	92.2	0.12	0.0	-0.2	0.0	3	4016	160.6	-756.3	0.46	1855.42	1
77.8	0	1858.0	91.7	0.25	0.0	-0.22	0.0	3	4024	158.5	-754.7	0.52	1857.97	1
77.9	0	1860.5	91.5	0.48	0.0	-0.22	0.0	3	4122	156.6	-753.1	0.5	1860.51	1
78.02	0	1863.7	91.9	0.6	0.0	-0.23	0.0	3	4121	154.2	-751.0	0.35	1863.71	1
78.1	0	1865.6	92.2	0.62	0.0	-0.23	0.0	3	4113	152.8	-749.7	0.18	1865.6	1
78.2	0	1868.1	92.7	0.63	0.0	-0.17	0.0	3	4163	151.0	-747.8	-0.13	1868.15	1
78.3	0	1870.8	93.3	0.63	0.0	-0.02	0.0	3	4194	149.3	-745.9	-0.47	1870.81	1
78.4	0	1873.4	93.9	0.55	0.0	0.0	0.0	3	4190	147.6	-744.0	-0.38	1873.4	1
78.5	0	1876.0	94.3	0.53	0.0	-0.17	0.0	3	4199	145.9	-742.0	-0.34	1876.02	1
78.6	0	1878.6	94.7	0.55	0.0	-0.17	0.0	3	4226	144.2	-739.9	-0.36	1878.64	1
78.7	0	1881.3	95.3	0.63	0.0	-0.1	0.0	3	4274	142.6	-737.9	-0.42	1881.28	1
78.8	0	1883.9	96.0	0.67	0.0	-0.1	0.0	3	4320	141.0	-735.7	-0.54	1883.93	1
78.9	0	1886.6	96.8	0.73	0.0	-0.09	0.0	3	4370	139.4	-733.6	-0.72	1886.6	1
79.0	0	1889.3	97.7	0.75	0.0	-0.06	0.0	3	4422	137.9	-731.3	-0.94	1889.3	1
79.1	0	1892.0	98.7	0.74	0.0	-0.11	0.0	3	4469	136.4	-729.1	-1.22	1892.01	1
79.2	0	1895.1	99.7	0.74	0.0	-0.11	0.0	3	4509	134.9	-726.7	-1.39	1895.05	1
79.3	0	1897.8	100.6	0.73	0.0	-0.07	0.0	3	4561	133.5	-724.4	-1.21	1897.83	1
79.4	0	1900.6	101.0	0.73	0.0	-0.09	0.0	3	4767	132.1	-721.9	-1.07	1900.63	1
79.5	0	1903.5	102.3	0.73	0.0	-0.09	0.0	3	4573	130.7	-719.5	-0.99	1903.45	1
79.6	0	1906.3	103.2	0.73	0.0	-0.09	0.0	3	4652	129.4	-716.9	-0.99	1906.31	1
79.7	0	1909.2	104.2	0.73	0.0	-0.02	0.0	3	4733	128.1	-714.3	-1.03	1909.19	1
79.8	0	1912.1	105.3	0.73	0.0	-0.0	0.0	3	4777	126.9	-711.7	-1.1	1912.08	1
79.9	0	1915.0	106.4	0.73	0.0	-0.1	0.0	3	4816	125.6	-709.1	-1.18	1915.03	1
80.0	0	1918.2	107.5	0.73	0.0	-0.16	0.0	3	4867	124.3	-706.4	-1.19	1918.24	1
80.1	0	1921.2	108.5	0.73	0.0	-0.1	0.0	3	4930	123.1	-703.6	-0.81	1921.21	1
80.2	0	1924.2	109.6	0.73	0.0	-0.09	0.0	3	4992	121.9	-700.9	-0.48	1924.22	1
80.3	0	1927.3	110.7	0.73	0.0	-0.05	0.0	3	5047	120.8	-698.0	-0.2	1927.28	1
80.4	0	1930.4	111.8	0.73	0.0	-0.05	0.0	3	5095	119.7	-695.1	0.03	1930.35	1
80.5	0	1933.5	113.0	0.73	0.0	-0.05	0.0	3	5149	118.6	-692.2	0.2	1933.46	1
80.6	0	1936.6	114.1	0.73	0.0	-0.05	0.0	3	5197	117.6	-689.2	0.32	1936.62	1
80.7	0	1939.8	115.1	0.73	0.0	-0.05	0.0	3	5345	116.6	-686.2	0.39	1939.8	1
80.8	0	1943.0	116.6	0.73	0.0	-0.05	0.0	3	5271	115.7	-683.1	0.64	1942.96	1
80.9	0	1946.2	117.7	0.73	0.0	-0.02	0.0	3	5358	114.8	-680.0	0.93	1946.21	1
81.0	0	1949.5	119.0	0.73	0.0	-0.0	0.0	3	5425	113.9	-676.8	1.18	1949.49	1
81.1	0	1952.8	120.3	0.78	0.0	-0.0	0.0	3	5509	113.0	-673.6	1.41	1952.8	1
81.2	0	1956.2	121.7	0.78	0.0	-0.0	0.0	3	5590	112.2	-670.3	1.62	1956.16	1
81.3	0	1959.6	123.2	0.79	0.0	-0.0	0.0	3	5646	111.4	-667.0	1.82	1959.55	1
81.4	0	1963.0	124.4	0.79	0.0	-0.0	0.0	3	5695	110.5	-663.7	2.0	1962.99	1
81.5	0	1966.4	125.9	0.8	0.0	-0.0	0.0	3	5768	109.7	-660.3	2.18	1966.45	1
81.6	0	1970.0	127.2	0.8	0.0	-0.0	0.0	3	5903	108.8	-656.9	2.33	1970.0	1
81.7	0	1973.5	128.9	0.82	0.0	-0.0	0.0	3	5968	108.0	-653.5	2.48	1973.54	1
81.8	0	1977.1	130.7	0.84	0.0	-0.04	0.0	3	6001	107.1	-650.0	2.63	1977.14	1
81.9	0	1980.8	132.4	0.84	0.0	-0.07	0.0	3	6131	106.3	-646.4	2.76	1980.79	1
82.0	0	1984.5	134.0	0.84	0.0	-0.14	0.0	3	6200	105.4	-642.8	2.88	1984.48	1
82.1	0	1988.2	135.6	0.84	0.0	-0.1	0.0	3	6320	104.6	-639.2	2.94	1988.24	1
82.2	0	1992.0	137.1	0.84	0.0	-0.02	0.0	3	6397	103.8	-635.5	2.96	1992.0	1
82.3	0	1995.9	138.8	0.84	0.0	-0.0	0.0	3	6431	103.1	-631.7	2.88	1995.88	1
82.4	0	1999.7	140.0	0.84	0.0	-0.0	0.0	3	6555	102.5	-627.9	2.72	1999.75	1
82.5	0	2003.7	141.4	0.58	0.0	0.09	0.0	3	6413	101.9	-624.0	2.5	2003.66	1
82.6	0	2007.6	141.7	0.09	0.0	0.09	0.0	3	6206	101.3	-620.1	2.23	2007.58	1
82.7	0	2011.5	140.9	0.0	0.0	0.0	0.0	3	6070	100.8	-616.2	1.93	2011.49	1
82.8	0	2015.4	139.9	0.0	0.0	0.09	0.0	3	6019	100.3	-612.4	1.63	2015.37	1
82.9	0	2019.2	139.0	0.13	0.0	0.01	0.0	3	6037	99.7	-608.5	1.37	2019.21	1
83.0	0	2023.1	138.6	0.3	0.0	-0.03	0.0	3	6097	99.2	-604.7	1.19	2023.07	1
83.1	0	2026.9	138.7	0.45	0.0	0.0	0.0	3	6174	98.6	-600.9	1.04	2026.88	1
83.2	0	2030.9	139.2	0.54	0.0	0.06	0.0	3	6249	98.0	-597.0	0.89	2030.89	1
83.3	0	2034.6	140.0	0.6	0.0	0.01	0.0	3	6324	97.4	-593.3	0.76	2034.64	1
83.4	0	2038.5	141.0	0.65	0.0	0.01	0.0	3	6422	96.8	-589.4	0.65	2038.54	1
83.5	0	2042.5	142.2	0.65	0.0	0.0	0.0	3	6461	96.1	-585.5	0.56	2042.49	1
83.6	0	2046.4	143.3	0.55	0.0	0.0	0.0	3	6493	95.4	-581.6	0.49	2046.43	1
83.7	0	2050.4	143.7	0.15	0.0	-0.04	0.78	3	6298	94.7	-577.7	0.45	2050.44	1
83.8	0	2054.4	143.2	0.0	0.0	-0.0	1.0	3	6024	94.0	-573.8	0.41	2054.41	1
83.9	0	2058.4	142.7	0.0	0.0	0.0	1.0	4	5653	93.4	-569.9	0.37	2058.38	1
84.0	0	2062.3	142.4	0.09	0.0	0.0	0.7	4	5174	92.7	-566.0	0.33	2062.34	1
84.1	0	2066.3	141.9	0.24	0.0	0.0	0.0	4	5128	92.0	-562.1	0.3	2066.3	1
84.2	0	2070.2	141.7	0.38	0.0	0.0	0.0	4	5160	91.3	-558.2	0.26	2070.22	1
84.3	0	2074.1	141.8	0.55	0.0	0.0	0.0	4	5219	90.6	-554.4	0.2	2074.13	1
84.4	0	2078.1	142.3	0.63	0.0	-0.04	0.0	4	5271	89.9	-550.5	0.15	2078.1	1
84.5	0	2082.1	142.9	0.67	0.0	-0.05	0.0	4	5312	89.2	-546.5	0.09	2082.07	1
84.6	0	2086.0	143.7	0.74	0.0	-0.0	0.0	4	5369	88.5	-542.6	0.01	2086.04	1
84.7	0	2090.0	144.6	0.77	0.0	-0.07	0.0	4	5416	87.9	-538.7	-0.08	2090.05	1
84.8	0	2094.1	145.6	0.8	0.0	-0.0	0.0	4	5473	87.2	-534.7	-0.21	2094.09	1
84.9	0	2098.1	146.6	0.8	0.0	0.0	0.0	4	5517	86.6	-530.7	-0.36	2098.13	1
85.0	0	2102.2	147.7	0.8	0.0	0.0	0.0	4	5557	86.0	-526.6	-0.54	2102.23	1
85.1	0	2106.3	148.8	0.8	0.0	0.0	0.0	4	5598	85.4	-522.6	-0.75	2106.34	1
85.2	0	2110.5	149.9	0.8	0.0	0.0	0.0	4	5640	84.9	-518.5	-0.98	2110.47	1
85.3	0	2114.6	151.0	0.8	0.0	0.02	0.0	4	5682	84.3	-514.3	-1.22	2114.64	1
85.4	0	2118.8	152.1	0.78	0.0	0.02	0.0	4	5720	83.8	-510.1	-1.46	2118.84	1
85.5	0	2123.0	153.1	0.74	0.0	0.02	0.0	4	5743	83.2	-506.0	-1.71	2123.05	1
85.6	0	2127.3	154.0	0.75	0.0	0.09	0.0	4	5780	82.6	-501.7	-1.94	2127.34	1
85.7	0	2131.6	155.0	0.75	0.0	0.01	0.0	4	5821	82.0	-497.5	-2.15	2131.62	1
85.8	0	2135.9	155.9	0.75	0.0	0.01	0.0	4	5859	81.4	-493.2	-2.33	2135.93	1
85.9	0	2140.3	156.8	0.73	0.0	0.01	0.0	4	5888	80.7	-488.9	-2.47	2140.28	1
86.0	0	2144.6	157.7	0.73	0.0	0.01	0.0	4	5917	79.9	-484.6	-2.57	2144.64	1
86.1	0	2149.0	158.6	0.73	0.0	0.0	0.0	4	5951	79.2	-480.3	-2.64	2149.04	1
86.2	0	2153.5	159.6	0.74	0.0	0.0	0.0	4	5994	78.4	-475.9	-2.69	2153.46	1
86.3	0	2157.9	160.5	0.74	0.0	0.02	0.0	4	6031	77.6	-471.6	-2.72	2157.91	1
86.4	0	2162.4	161.5	0.74	0.0	0.02	0.0	4	6068	76.7	-467.2	-2.72	2162.37	1
86.5	0	2166.9	162.5	0.74	0.0	-0.0	0.0	4	6106	75.8	-462.8	-2.69	2166.87	1
86.6	0	2171.4	163.4	0.74	0.0	-0.0	0.0	4	6143	74.9	-458.3	-2.65	2171.4	1
86.7	0	2176.0	164.4	0.77	0.0	-0.0	0.0	4	6192	74.0	-453.9	-2.58	2175.96	1
86.8	0	2180.5	165.5	0.77	0.0	-0.0	0.0	4	6232	73.0	-449.4	-2.5	2180.53	1
86.9	0	2185.1	166.5	0.77	0.0	-0.02	0.0	4	6272	72.0	-444.9	-2.4	2185.14	1
87.0	0	2189.8	167.5	0.77	0.0	-0.03	0.0	4	6312	71.1	-440.4	-2.3	2189.77	1
87.1	0	2194.5	168.6	0.77	0.0	-0.03	0.0	4	6353	70.1	-435.8	-2.2	2194.46	1
87.2	0	2199.1	169.6	0.77	0.0	-0.03	0.0	4	6396	69.1	-431.2	-2.11	2199.14	1
87.3	0	2203.9	170.6	0.77	0.0	-0.0	0.0	4	6439	68.1	-426.6	-2.05	2203.86	1
87.4	0	2208.6	171.7	0.77	0.0	-0.0	0.0	4	6480	67.2	-421.9	-2.02	2208.62	1
87.5	0	2213.4	172.7	0.77	0.0	0.0	0.0	4	6519	66.2	-417.2	-2.01	2213.4	1
87.6	0	2218.2	173.7	0.77	0.0	0.0	0.0	4	6556	65.3	-412.5	-2.02	2218.2	1
87.7	0	2223.1	174.8	0.77	0.0	0.0	0.0	4	6596	64.5	-407.7	-2.06	2223.06	1
87.8	0	2227.9	175.8	0.77	0.0	0.0	0.0	4	6635	63.6	-403.0	-2.12	2227.9	1
87.9	0	2232.8	176.8	0.77	0.0	0.0	0.0	4	6675	62.7	-398.1	-2.21	2232.8	1
88.0	0	2237.7	177.9	0.77	0.0	0.0	0.0	4	6715	61.8	-393.3	-2.3	2237.73	1
88.1	0	2242.7	178.9	0.77	0.0	0.0	0.0	4	6755	61.0	-388.4	-2.4	2242.7	1
88.2	0	2247.7	179.9	0.77	0.0	0.0	0.0	4	6795	60.1	-383.5	-2.51	2247.68	1
88.3	0	2252.7	181.0	0.77	0.0	0.0	0.0	4	6835	59.2	-378.6	-2.62	2252.68	1
88.4	0	2257.7	182.0	0.77	0.0	0.0	0.0	4	6875	58.3	-373.6	-2.72	2257.74	1
88.5	0	2262.8	183.0	0.77	0.0	0.0	0.0	4	6915	57.5	-368.6	-2.83	2262.79	1
88.6	0	2267.9	184.1	0.77	0.0	0.0	0.0	4	6954	56.6	-363.6	-2.93	2267.88	1
88.7	0	2273.0	185.1	0.77	0.0	0.0	0.0	4	6994	55.7	-358.5	-3.03	2273.02	1
88.8	0	2278.2	186.1	0.77	0.0	0.0	0.0	4	7034	54.7	-353.5	-3.12	2278.16	1
88.9	0	2283.3	187.1	0.77	0.0	0.02	0.0	4	7073	53.8	-348.4	-3.21	2283.35	1
89.0	0	2288.6	188.1	0.77	0.0	0.02	0.0	4	7113	52.9	-343.2	-3.28	2288.57	1
89.1	0	2293.8	189.1	0.77	0.0	0.02	0.0	4	7154	51.9	-338.1	-3.34	2293.8	1
89.2	0	2299.1	190.1	0.77	0.0	0.02	0.0	4	7194	50.9	-332.9	-3.37	2299.07	1
89.3	0	2304.4	191.1	0.77	0.0	0.0	0.0	4	7235	49.9	-327.7	-3.38	2304.37	1
89.4	0	2309.7	192.1	0.77	0.0	0.0	0.0	4	7274	48.8	-322.5	-3.34	2309.69	1
89.5	0	2315.1	193.1	0.77	0.0	0.0	0.0	4	7312	47.7	-317.3	-3.27	2315.05	1
89.6	0	2320.4	194.0	0.77	0.0	-0.03	0.0	4	7348	46.6	-312.0	-3.17	2320.42	1
89.7	0	2325.8	195.0	0.77	0.0	-0.07	0.0	4	7382	45.4	-306.7	-3.05	2325.83	1
89.8	0	2331.3	196.0	0.77	0.0	-0.03	0.0	4	7416	44.3	-301.4	-2.92	2331.26	1
89.9	0	2336.7	197.0	0.77	0.0	-0.03	0.0	4	7456	43.1	-296.1	-2.8	2336.7	1
90.0	0	2342.2	197.9	0.77	0.0	-0.03	0.0	4	7499	41.9	-290.7	-2.7	2342.2	1
90.1	0	2347.7	198.9	0.77	0.0	0.0	0.0	4	7541	40.8	-285.3	-2.63	2347.71	1
90.2	0	2353.2	199.8	0.77	0.0	0.0	0.0	4	7579	39.7	-279.9	-2.61	2353.23	1
90.3	0	2358.8	200.7	0.77	0.0	0.02	0.0	4	7612	38.7	-274.5	-2.62	2358.76	1
90.4	0	2364.4	201.7	0.77	0.0	0.02	0.0	4	7642	37.6	-269.0	-2.67	2364.35	1
90.5	0	2370.0	202.6	0.75	0.0	0.02	0.0	4	7663	36.6	-263.4	-2.75	2370.01	1
90.6	0	2375.6	203.4	0.63	0.0	0.02	0.0	4	7622	35.6	-257.9	-2.84	2375.64	1
90.7	0	2381.3	203.7	0.32	0.0	0.02	0.44	4	7469	34.6	-252.3	-2.94	2381.3	1
90.8	0	2387.0	203.0	0.09	0.0	0.02	1.0	4	7270	33.6	-246.7	-3.04	2386.96	1
90.9	0	2392.6	202.0	0.0	0.0	0.06	1.0	5	6822	32.6	-241.2	-3.11	2392.58	1
91.0	0	2398.2	201.1	0.0	0.0	0.01	0.84	5	6299	31.6	-235.7	-3.15	2398.18	1
91.1	0	2403.7	200.2	0.06	0.0	0.01	0.04	5	6029	30.5	-230.3	-3.16	2403.74	1
91.2	0	2409.3	199.0	0.12	0.0	0.09	0.0	5	6007	29.4	-224.8	-3.12	2409.3	1
91.3	0	2414.8	198.1	0.28	0.0	0.01	0.0	5	6038	28.3	-219.4	-3.02	2414.82	1
91.4	0	2420.3	197.5	0.37	0.0	0.0	0.0	5	6057	27.1	-214.1	-2.87	2420.3	1
91.5	0	2425.8	197.2	0.43	0.0	0.0	0.0	5	6069	25.8	-208.7	-2.68	2425.77	1
91.6	0	2431.3	196.9	0.48	0.0	0.02	0.0	5	6076	24.5	-203.4	-2.44	2431.26	1
91.7	0	2436.7	196.8	0.55	0.0	0.01	0.0	5	6097	23.2	-198.1	-2.17	2436.71	1
91.8	0	2442.2	196.8	0.58	0.0	0.01	0.0	5	6112	21.9	-192.8	-1.86	2442.17	1
91.9	0	2447.6	197.0	0.63	0.0	0.03	0.0	5	6140	20.5	-187.5	-1.53	2447.63	1
92.0	0	2453.1	197.2	0.63	0.0	0.0	0.0	5	6147	19.1	-182.2	-1.17	2453.09	1
92.1	0	2458.6	197.3	0.63	0.0	0.0	0.0	5	6209	17.7	-176.9	-0.79	2458.56	1
92.2	0	2464.0	197.7	0.63	0.0	0.0	0.0	5	6144	16.2	-171.6	-0.58	2464.01	1
92.3	0	2469.5	197.9	0.64	0.0	0.0	0.0	5	6164	14.7	-166.3	-0.36	2469.51	1
92.4	0	2475.0	198.1	0.64	0.0	0.0	0.0	5	6183	13.3	-161.1	-0.13	2474.98	1
92.5	0	2480.5	198.3	0.64	0.0	0.0	0.0	5	6184	11.8	-155.8	0.13	2480.49	1
92.6	0	2486.0	198.5	0.66	0.0	0.0	0.0	5	6199	10.2	-150.4	0.39	2486.01	1
92.7	0	2491.5	198.8	0.66	0.0	0.02	0.0	5	6213	8.7	-145.1	0.67	2491.51	1
92.8	0	2497.0	199.1	0.66	0.0	0.02	0.0	5	6216	7.2	-139.8	0.96	2497.03	1
92.9	0	2502.6	199.4	0.66	0.0	-0.0	0.0	5	6210	5.6	-134.5	1.04	2502.62	1
93.0	0	2508.2	199.6	0.66	0.0	-0.0	0.0	5	6223	4.0	-129.2	1.06	2508.16	1
93.1	0	2513.7	199.8	0.66	0.0	0.05	0.0	5	6252	2.4	-123.9	1.09	2513.7	1
93.21	0	2520.2	200.2	0.67	0.0	0.03	0.0	5	6261	0.5	-117.7	1.17	2520.18	1
93.31	0	2525.8	200.5	0.67	0.0	0.03	0.0	5	6270	-1.2	-112.4	1.27	2525.77	1
93.41	0	2531.3	200.7	0.67	0.0	0.09	0.0	5	6275	-2.9	-107.1	1.41	2531.32	1
93.51	0	2536.9	200.9	0.67	0.0	0.1	0.0	5	6305	-4.7	-101.8	1.6	2536.9	1
93.61	0	2542.6	201.2	0.67	0.0	0.01	0.0	5	6317	-6.5	-96.6	1.53	2542.6	1
93.71	0	2548.2	201.4	0.67	0.0	0.01	0.0	5	6322	-8.4	-91.3	1.45	2548.18	1
93.81	0	2553.8	201.6	0.67	0.0	0.0	0.0	5	6327	-10.4	-86.1	1.43	2553.77	1
93.91	0	2559.4	201.9	0.67	0.0	-0.03	0.0	5	6328	-12.4	-80.8	1.48	2559.39	1
94.01	0	2565.0	202.1	0.67	0.0	-0.07	0.0	5	6333	-14.5	-75.6	1.58	2565.0	1
94.11	0	2570.6	202.4	0.67	0.0	-0.0	0.0	5	6330	-16.6	-70.4	1.71	2570.62	1
94.21	0	2576.2	202.7	0.67	0.0	0.0	0.0	5	6338	-18.7	-65.2	1.85	2576.23	1
94.31	0	2582.0	203.1	0.67	0.0	0.0	0.0	5	6344	-20.8	-60.0	1.74	2581.99	1
94.41	0	2587.6	203.3	0.67	0.0	0.06	0.0	5	6361	-22.9	-54.7	1.55	2587.63	1
94.51	0	2593.3	203.6	0.67	0.0	0.06	0.0	5	6362	-25.0	-49.5	1.37	2593.29	1
94.61	0	2598.9	203.9	0.67	0.0	0.06	0.0	5	6391	-27.2	-44.3	1.2	2598.93	1
94.71	0	2604.6	204.1	0.67	0.0	0.06	0.0	5	6395	-29.4	-39.0	1.08	2604.59	1
94.81	0	2610.3	204.3	0.67	0.0	0.06	0.0	5	6413	-31.6	-33.8	1.01	2610.27	1
94.91	0	2615.9	204.5	0.67	0.0	0.01	0.0	5	6427	-33.9	-28.6	1.01	2615.95	1
95.01	0	2621.7	204.7	0.67	0.0	0.0	0.0	5	6434	-36.3	-23.5	0.85	2621.67	1
95.11	0	2627.4	204.9	0.67	0.0	0.0	0.0	5	6437	-38.7	-18.3	0.7	2627.37	1
95.21	0	2633.1	205.1	0.67	0.0	0.02	0.0	5	6438	-41.2	-13.2	0.62	2633.06	1
95.31	0	2638.8	205.3	0.67	0.0	0.02	0.0	5	6440	-43.8	-8.1	0.6	2638.76	1
95.41	0	2644.5	205.6	0.67	0.0	0.02	0.0	5	6444	-46.4	-3.0	0.64	2644.48	1
95.51	0	2650.2	205.8	0.67	0.0	0.02	0.0	5	6449	-49.1	2.0	0.74	2650.2	1
95.61	0	2655.9	206.0	0.67	0.0	0.02	0.0	5	6459	-51.8	7.0	0.88	2655.89	1
95.71	0	2661.7	206.3	0.67	0.0	0.02	0.0	5	6461	-54.6	12.0	0.73	2661.68	1
95.81	0	2667.4	206.5	0.67	0.0	0.01	0.0	5	6469	-57.4	17.0	0.56	2667.42	1
95.91	0	2673.2	206.8	0.67	0.0	0.01	0.0	5	6477	-60.3	22.0	0.44	2673.16	1
96.01	0	2678.9	207.1	0.67	0.0	0.01	0.0	5	6483	-63.2	27.0	0.36	2678.9	1
96.11	0	2684.7	207.3	0.67	0.0	0.01	0.0	5	6490	-66.1	31.9	0.31	2684.66	1
96.21	0	2690.4	207.6	0.67	0.0	0.01	0.0	5	6505	-69.0	36.9	0.29	2690.43	1
96.31	0	2696.2	207.9	0.67	0.0	0.01	0.0	5	6503	-72.0	41.8	0.3	2696.19	1
96.41	0	2702.0	208.1	0.67	0.0	0.02	0.0	5	6512	-75.0	46.8	0.03	2701.97	1
96.52	0	2707.8	208.4	0.67	0.0	0.02	0.0	5	6521	-78.1	51.7	-0.21	2707.78	1
96.61	0	2713.5	208.6	0.67	0.0	0.08	0.0	5	6533	-81.1	56.6	-0.42	2713.54	1
96.71	0	2719.3	208.8	0.67	0.0	0.09	0.0	5	6545	-84.2	61.5	-0.59	2719.34	1
96.81	0	2725.1	209.0	0.67	0.0	0.09	0.0	5	6562	-87.3	66.4	-0.71	2725.14	1
96.91	0	2730.9	209.1	0.67	0.0	0.12	0.0	5	6577	-90.5	71.2	-0.76	2730.95	1
97.01	0	2736.7	209.2	0.67	0.0	0.09	0.0	5	6601	-93.8	76.0	-0.78	2736.73	1
97.11	0	2742.5	209.2	0.67	0.0	0.03	0.0	5	6616	-97.2	80.8	-0.98	2742.53	1
97.21	0	2748.4	209.2	0.67	0.0	0.03	0.0	5	6626	-100.6	85.5	-1.08	2748.35	1
97.31	0	2754.1	209.2	0.67	0.0	0.03	0.0	5	6629	-104.1	90.1	-1.08	2754.15	1
97.41	0	2760.0	209.2	0.64	0.0	0.01	0.0	5	6619	-107.7	94.7	-0.96	2759.96	1
97.52	0	2765.8	209.1	0.62	0.0	0.01	0.0	5	6601	-111.4	99.2	-0.74	2765.79	1
97.61	0	2771.6	209.0	0.58	0.0	0.01	0.0	5	6570	-115.2	103.6	-0.42	2771.56	1
97.71	0	2777.4	208.7	0.48	0.0	-0.0	0.0	5	6521	-119.1	107.9	-0.15	2777.36	1
97.81	0	2783.1	208.2	0.12	0.0	-0.01	0.0	5	6332	-123.0	112.2	-0.04	2783.14	1
97.91	0	2788.9	206.9	0.0	0.0	0.01	0.0	5	6190	-126.9	116.4	0.17	2788.89	1
98.01	0	2794.6	205.4	0.0	0.0	0.01	0.0	5	6148	-130.9	120.5	0.45	2794.62	1
98.11	0	2800.3	204.1	0.0	0.0	-0.03	0.0	5	6112	-134.9	124.5	0.78	2800.29	1
98.21	0	2805.9	202.7	0.0	0.0	-0.03	0.0	5	6081	-138.9	128.5	1.15	2805.94	1
98.31	0	2811.5	201.4	0.0	0.0	-0.0	0.0	5	6040	-142.9	132.5	1.52	2811.53	1
98.41	0	2817.2	199.7	0.0	0.11	0.0	0.0	5	5952	-146.8	136.4	1.76	2817.18	1
98.51	0	2822.7	197.6	0.0	0.14	0.0	0.0	5	5873	-150.8	140.3	1.81	2822.72	1
98.61	0	2828.2	195.4	0.0	0.14	0.04	0.0	5	5802	-154.6	144.1	1.86	2828.16	1
98.71	0	2833.6	193.1	0.0	0.16	0.05	0.0	5	5722	-158.4	147.9	1.92	2833.56	1
98.81	0	2838.9	190.7	0.0	0.17	0.01	0.0	5	5646	-162.2	151.7	1.99	2838.9	1
98.91	0	2844.2	188.3	0.0	0.17	0.0	0.0	5	5575	-166.0	155.4	2.08	2844.16	1
99.01	0	2849.4	186.0	0.0	0.17	0.0	0.0	5	5505	-169.7	159.0	2.19	2849.37	1
99.11	0	2854.5	183.6	0.0	0.17	0.0	0.0	5	5437	-173.4	162.6	2.32	2854.54	1
99.21	0	2859.6	181.3	0.0	0.17	-0.03	0.0	5	5369	-177.1	166.1	2.41	2859.57	1
99.31	0	2864.8	179.2	0.0	0.13	-0.03	0.01	5	5325	-180.7	169.5	2.68	2864.78	1
99.41	0	2869.7	177.2	0.0	0.13	-0.03	0.03	5	5268	-184.3	173.0	2.43	2869.69	1
99.51	0	2874.5	175.2	0.0	0.13	-0.0	0.07	5	5212	-187.8	176.4	2.39	2874.47	1
99.61	0	2879.3	173.3	0.0	0.13	0.0	0.18	5	5154	-191.3	179.7	2.37	2879.35	1
99.71	0	2884.1	171.4	0.0	0.13	0.0	0.73	5	5097	-194.7	183.1	2.3	2884.14	1
99.81	0	2888.9	169.7	0.0	0.11	0.0	1.0	5	4836	-198.1	186.4	2.21	2888.87	1
99.91	0	2893.6	168.2	0.0	0.11	0.0	1.0	4	4537	-201.4	189.7	2.12	2893.58	1
100.01	0	2898.2	166.8	0.0	0.11	0.0	1.0	4	4257	-204.7	193.0	2.03	2898.23	1
100.11	0	2902.8	165.3	0.0	0.11	0.0	1.0	4	3995	-208.0	196.2	1.95	2902.83	1
100.21	0	2907.4	163.8	0.0	0.11	0.0	1.0	4	3749	-211.3	199.4	1.86	2907.4	1
100.31	0	2911.9	162.4	0.0	0.11	0.0	1.0	4	3517	-214.5	202.6	1.78	2911.93	1
100.41	0	2916.4	160.9	0.0	0.11	0.0	1.0	4	3301	-217.7	205.7	1.73	2916.42	1
100.52	0	2920.9	159.5	0.0	0.11	0.0	1.0	4	3095	-220.9	208.9	1.67	2920.91	1
100.61	0	2925.3	158.1	0.0	0.11	0.0	1.0	4	2907	-224.0	211.9	1.6	2925.27	1
100.71	0	2929.7	156.7	0.0	0.11	0.0	1.0	4	2727	-227.2	215.0	1.54	2929.65	1
100.81	0	2934.0	155.3	0.0	0.11	0.0	1.0	3	2558	-230.3	218.0	1.47	2934.0	1
100.91	0	2938.3	153.9	0.0	0.11	0.0	1.0	3	2401	-233.3	221.0	1.38	2938.3	1
101.01	0	2942.6	152.5	0.0	0.11	0.0	1.0	3	2252	-236.4	224.0	1.3	2942.56	1
101.11	0	2946.8	151.1	0.0	0.11	0.0	1.0	3	2114	-239.4	226.9	1.22	2946.76	1
101.21	0	2950.9	149.7	0.0	0.11	0.0	1.0	3	1986	-242.4	229.8	1.15	2950.94	1
101.31	0	2955.1	148.2	0.0	0.14	0.0	1.0	3	1955	-245.4	232.7	1.08	2955.07	1
101.41	0	2959.2	146.4	0.0	0.2	0.0	1.0	3	1953	-248.3	235.5	1.01	2959.16	1
101.52	0	2963.2	143.9	0.0	0.36	0.0	1.0	3	1953	-251.3	238.3	0.98	2963.22	1
101.61	0	2967.2	140.6	0.0	0.42	0.0	1.0	3	1953	-254.1	241.1	0.96	2967.15	1
101.71	0	2971.0	137.0	0.0	0.42	0.0	1.0	3	1953	-256.9	243.7	0.93	2971.0	1
101.81	0	2974.8	133.6	0.0	0.39	0.0	1.0	3	1953	-259.6	246.3	0.91	2974.76	1
101.91	0	2978.4	130.4	0.0	0.37	0.0	1.0	3	1953	-262.2	248.9	0.89	2978.41	1
102.04	0	2982.8	126.4	0.0	0.37	0.0	1.0	3	1953	-265.4	251.9	0.87	2982.83	1
102.11	0	2985.5	123.9	0.0	0.42	0.0	1.0	3	1953	-267.3	253.8	0.86	2985.49	1
102.21	0	2988.9	120.1	0.0	0.5	0.0	1.0	3	1953	-269.8	256.1	0.86	2988.88	1
102.31	0	2992.2	116.1	0.0	0.5	0.0	1.0	3	1953	-272.1	258.4	0.85	2992.16	1
102.41	0	2995.3	112.1	0.0	0.47	0.0	1.0	3	1953	-274.4	260.6	0.85	2995.32	1
102.51	0	2998.4	108.3	0.0	0.47	0.0	1.0	3	1953	-276.6	262.7	0.85	2998.39	1
102.61	0	3001.3	104.5	0.0	0.47	0.0	1.0	3	1953	-278.8	264.7	0.86	3001.34	1
102.71	0	3004.2	100.8	0.0	0.43	0.0	1.0	3	1953	-280.9	266.7	0.86	3004.19	1
102.81	0	3006.9	97.3	0.0	0.4	0.0	1.0	3	1953	-282.9	268.6	0.87	3006.95	1
102.91	0	3009.6	94.2	0.0	0.37	-0.02	0.96	3	1968	-284.8	270.4	0.88	3009.59	1
103.01	0	3012.2	90.7	0.0	0.37	-0.02	0.67	3	2283	-286.6	272.2	0.9	3012.16	1
103.13	0	3015.1	86.1	0.0	0.35	-0.02	0.03	3	3009	-288.8	274.2	0.93	3015.1	1
103.23	0	3017.4	82.4	0.0	0.35	-0.02	0.0	3	3281	-290.4	275.7	0.94	3017.38	1
103.33	0	3019.6	79.2	0.0	0.33	-0.02	0.0	3	3301	-292.1	277.3	0.94	3019.64	1
103.43	0	3021.8	76.6	0.0	0.21	-0.02	0.0	3	3253	-293.6	278.8	0.94	3021.78	1
103.53	0	3023.9	75.1	0.0	0.1	0.01	0.0	3	3230	-295.1	280.3	0.92	3023.88	1
103.63	0	3026.0	74.4	0.0	0.0	-0.02	0.0	3	3220	-296.6	281.7	0.89	3025.96	1
103.73	0	3028.0	73.9	0.06	0.0	0.01	0.0	3	3204	-298.0	283.2	0.87	3028.02	1
103.83	0	3030.1	73.7	0.35	0.0	-0.02	0.0	3	3224	-299.5	284.6	0.85	3030.07	1
103.93	0	3032.1	73.8	0.59	0.0	-0.05	0.0	3	3256	-301.0	286.1	0.82	3032.12	1
104.03	0	3034.2	74.1	0.66	0.0	-0.05	0.0	3	3280	-302.4	287.5	0.79	3034.17	1
104.13	0	3036.2	74.5	0.69	0.0	-0.12	0.0	3	3303	-303.9	289.0	0.74	3036.24	1
104.23	0	3038.3	74.9	0.74	0.0	-0.12	0.0	3	3332	-305.3	290.5	0.68	3038.3	1
104.33	0	3040.4	75.4	0.75	0.0	-0.12	0.0	3	3358	-306.7	292.0	0.6	3040.37	1
104.43	0	3042.5	75.9	0.75	0.0	-0.05	0.0	3	3382	-308.2	293.5	0.47	3042.49	1
104.53	0	3044.6	76.5	0.75	0.0	-0.02	0.0	3	3405	-309.6	295.1	0.32	3044.6	1
104.63	0	3046.7	77.0	0.75	0.0	0.0	0.0	3	3430	-311.0	296.7	0.15	3046.72	1
104.73	0	3048.9	77.6	0.66	0.0	0.02	0.0	3	3442	-312.4	298.4	-0.02	3048.87	1
104.83	0	3051.0	78.0	0.66	0.0	-0.0	0.0	3	3462	-313.8	300.0	-0.2	3051.02	1
104.93	0	3053.2	78.5	0.66	0.0	-0.0	0.0	3	3484	-315.2	301.6	-0.38	3053.18	1
105.03	0	3055.4	78.9	0.66	0.0	-0.0	0.0	3	3506	-316.6	303.3	-0.56	3055.36	1
105.13	0	3057.6	79.4	0.66	0.0	-0.02	0.0	3	3528	-318.1	304.9	-0.75	3057.55	1
105.23	0	3059.8	79.9	0.66	0.0	-0.03	0.0	3	3558	-319.5	306.6	-0.94	3059.76	1
105.33	0	3062.0	80.4	0.66	0.0	-0.03	0.0	3	3585	-321.0	308.3	-1.13	3061.98	1
105.43	0	3064.4	80.9	0.66	0.0	-0.07	0.0	3	3586	-322.4	310.0	-1.08	3064.4	1
105.53	0	3066.7	81.4	0.66	0.0	-0.08	0.0	3	3618	-323.8	311.8	-0.97	3066.66	1
105.63	0	3068.9	81.9	0.66	0.0	-0.1	0.0	3	3653	-325.3	313.5	-0.88	3068.9	1
105.73	0	3071.2	82.4	0.63	0.0	-0.16	0.0	3	3673	-326.7	315.3	-0.82	3071.2	1
105.83	0	3073.5	82.9	0.64	0.0	-0.17	0.0	3	3695	-328.1	317.2	-0.8	3073.49	1
105.93	0	3075.8	83.3	0.62	0.0	-0.17	0.0	3	3714	-329.4	319.0	-0.84	3075.8	1
106.03	0	3078.1	83.7	0.62	0.0	-0.1	0.0	3	3734	-330.7	321.0	-0.94	3078.12	1
106.13	0	3080.4	84.2	0.62	0.0	-0.09	0.0	3	3753	-332.0	322.9	-1.08	3080.45	1
106.23	0	3082.8	84.7	0.62	0.0	-0.07	0.0	3	3772	-333.2	324.9	-1.27	3082.79	1
106.33	0	3085.1	85.2	0.62	0.0	-0.05	0.0	3	3793	-334.5	326.9	-1.49	3085.13	1
106.43	0	3087.5	85.7	0.62	0.0	-0.07	0.0	3	3815	-335.7	329.0	-1.74	3087.49	1
106.53	0	3089.9	86.2	0.62	0.0	-0.09	0.0	3	3839	-336.8	331.0	-2.02	3089.86	1
106.63	0	3092.2	86.7	0.62	0.0	-0.1	0.0	3	3869	-338.0	333.1	-2.34	3092.23	1
106.73	0	3094.6	87.2	0.62	0.0	-0.1	0.0	3	3921	-339.1	335.3	-2.68	3094.62	1
106.83	0	3097.9	87.8	0.62	0.0	-0.12	0.0	3	3895	-340.2	337.4	-2.79	3097.88	1
106.93	0	3100.3	88.3	0.62	0.0	-0.14	0.0	3	3935	-341.3	339.6	-2.56	3100.31	1
107.03	0	3102.8	88.8	0.62	0.0	-0.14	0.0	3	3972	-342.3	341.9	-2.37	3102.77	1
107.13	0	3105.2	89.3	0.62	0.0	-0.14	0.0	3	3997	-343.3	344.1	-2.23	3105.24	1
107.23	0	3107.7	89.9	0.62	0.0	-0.14	0.0	3	4021	-344.2	346.4	-2.15	3107.72	1
107.33	0	3110.2	90.4	0.62	0.0	-0.13	0.0	3	4046	-345.1	348.8	-2.12	3110.23	1
107.43	0	3112.7	90.9	0.62	0.0	-0.14	0.0	3	4071	-346.0	351.2	-2.15	3112.74	1
107.53	0	3115.3	91.5	0.62	0.0	-0.07	0.0	3	4096	-346.8	353.6	-2.23	3115.28	1
107.63	0	3117.8	92.1	0.62	0.0	-0.02	0.0	3	4119	-347.5	356.0	-2.37	3117.82	1
107.73	0	3120.4	92.7	0.62	0.0	-0.02	0.0	3	4143	-348.2	358.5	-2.54	3120.38	1
107.83	0	3123.0	93.4	0.62	0.0	-0.02	0.0	3	4166	-348.9	361.0	-2.73	3122.95	1
107.93	0	3125.5	94.0	0.62	0.0	-0.02	0.0	3	4215	-349.6	363.5	-2.95	3125.55	1
108.03	0	3128.1	94.6	0.62	0.0	-0.12	0.0	3	4267	-350.3	366.0	-3.18	3128.15	1
108.13	0	3131.7	95.3	0.62	0.0	-0.17	0.0	3	4242	-350.9	368.6	-3.07	3131.73	1
108.23	0	3134.4	95.9	0.62	0.0	-0.2	0.0	3	4298	-351.5	371.1	-2.66	3134.35	1
108.33	0	3137.0	96.5	0.62	0.0	-0.19	0.0	3	4340	-352.1	373.8	-2.3	3137.01	1
108.43	0	3139.7	97.1	0.62	0.0	-0.17	0.0	3	4370	-352.5	376.4	-2.01	3139.67	1
108.53	0	3142.4	97.6	0.62	0.0	-0.2	0.0	3	4400	-353.0	379.1	-1.79	3142.37	1
108.63	0	3145.1	98.1	0.58	0.0	-0.23	0.0	3	4418	-353.3	381.8	-1.65	3145.09	1
108.73	0	3147.8	98.6	0.55	0.0	-0.2	0.0	3	4430	-353.5	384.5	-1.6	3147.82	1
108.83	0	3150.6	98.9	0.36	0.0	-0.1	0.07	3	4400	-353.7	387.2	-1.63	3150.56	1
108.93	0	3153.3	98.6	0.0	0.0	0.0	0.88	3	4259	-353.8	390.0	-1.75	3153.29	1
109.03	0	3156.0	98.2	0.0	0.0	-0.0	1.0	3	3996	-353.8	392.7	-1.92	3156.02	1
109.13	0	3158.7	97.9	0.0	0.0	-0.0	0.95	4	3728	-353.7	395.4	-2.14	3158.74	1
109.23	0	3161.4	97.6	0.0	0.0	-0.01	0.05	4	3491	-353.6	398.1	-2.39	3161.44	1
109.33	0	3164.8	97.0	0.0	0.0	-0.07	0.0	4	3472	-353.5	400.9	-2.27	3164.83	1
109.43	0	3167.5	96.6	0.1	0.0	-0.1	0.0	4	3467	-353.4	403.5	-1.85	3167.49	1
109.53	0	3170.1	96.2	0.25	0.0	-0.16	0.0	4	3473	-353.2	406.2	-1.46	3170.14	1
109.63	0	3172.8	95.9	0.3	0.0	-0.16	0.0	4	3472	-353.0	408.9	-1.12	3172.79	1
109.73	0	3175.4	95.7	0.3	0.0	-0.16	0.0	4	3467	-352.8	411.5	-0.84	3175.43	1
109.83	0	3178.1	95.4	0.3	0.0	-0.2	0.0	4	3459	-352.5	414.2	-0.61	3178.07	1
109.93	0	3180.7	95.1	0.3	0.0	-0.21	0.0	4	3451	-352.1	416.8	-0.47	3180.72	1
110.03	0	3183.3	94.8	0.3	0.0	-0.23	0.0	4	3441	-351.6	419.4	-0.4	3183.35	1
110.13	0	3186.0	94.5	0.3	0.0	-0.23	0.0	4	3430	-351.1	421.9	-0.41	3185.98	1
110.23	0	3188.6	94.2	0.32	0.0	-0.17	0.0	4	3421	-350.4	424.5	-0.5	3188.61	1
110.33	0	3191.2	93.9	0.34	0.0	-0.14	0.0	4	3414	-349.7	427.0	-0.68	3191.21	1
110.43	0	3193.8	93.7	0.43	0.0	-0.09	0.0	4	3419	-348.9	429.5	-0.93	3193.8	1
110.56	0	3197.6	93.7	0.51	0.0	-0.07	0.0	4	3411	-347.8	432.8	-0.98	3197.59	1
110.63	0	3199.3	93.8	0.52	0.0	-0.07	0.0	4	3414	-347.2	434.4	-0.74	3199.31	1
110.73	0	3201.9	93.8	0.52	0.0	-0.07	0.0	4	3419	-346.2	436.8	-0.42	3201.9	1
110.83	0	3204.5	93.9	0.55	0.0	-0.07	0.0	4	3423	-345.2	439.2	-0.13	3204.5	1
110.93	0	3207.1	94.0	0.56	0.0	-0.1	0.0	4	3430	-344.2	441.6	0.11	3207.08	1
111.03	0	3209.7	94.2	0.56	0.0	-0.14	0.0	4	3437	-343.1	444.0	0.32	3209.69	1
111.13	0	3212.3	94.3	0.56	0.0	-0.1	0.0	4	3442	-342.0	446.4	0.48	3212.3	1
111.23	0	3214.9	94.4	0.58	0.0	-0.07	0.0	4	3448	-340.8	448.7	0.6	3214.93	1
111.33	0	3217.6	94.6	0.62	0.0	-0.0	0.0	4	3458	-339.6	451.1	0.68	3217.56	1
111.43	0	3220.2	94.8	0.62	0.0	-0.0	0.0	4	3464	-338.4	453.4	0.73	3220.18	1
111.53	0	3222.8	95.1	0.62	0.0	-0.0	0.0	4	3473	-337.2	455.7	0.77	3222.83	1
111.63	0	3225.5	95.3	0.63	0.0	-0.0	0.0	4	3484	-336.0	458.1	0.8	3225.46	1
111.73	0	3228.1	95.6	0.63	0.0	-0.02	0.0	4	3502	-334.7	460.4	0.82	3228.12	1
111.83	0	3230.7	95.9	0.63	0.0	-0.05	0.0	4	3498	-333.4	462.7	1.04	3230.65	1
111.93	0	3233.3	96.1	0.64	0.0	-0.03	0.0	4	3511	-332.2	465.1	1.38	3233.29	1
112.03	0	3236.0	96.4	0.64	0.0	-0.03	0.0	4	3530	-330.9	467.4	1.72	3235.96	1
112.13	0	3238.6	96.7	0.64	0.0	-0.07	0.0	4	3542	-329.6	469.8	2.04	3238.62	1
112.23	0	3241.3	97.0	0.64	0.0	-0.07	0.0	4	3547	-328.2	472.1	2.34	3241.29	1
112.33	0	3244.0	97.3	0.64	0.0	-0.0	0.0	4	3559	-326.9	474.4	2.62	3243.98	1
112.43	0	3246.8	97.6	0.64	0.0	-0.0	0.0	4	3570	-325.5	476.8	2.8	3246.78	1
112.53	0	3249.5	97.9	0.64	0.0	-0.0	0.0	4	3577	-324.1	479.1	2.94	3249.49	1
112.63	0	3252.2	98.1	0.64	0.0	0.0	0.0	4	3595	-322.7	481.4	3.07	3252.21	1
112.73	0	3254.9	98.5	0.64	0.0	0.0	0.0	4	3603	-321.3	483.8	3.19	3254.95	1
112.83	0	3257.7	98.8	0.64	0.0	0.0	0.0	4	3614	-319.9	486.1	3.32	3257.67	1
112.93	0	3260.7	99.1	0.64	0.0	0.0	0.0	4	3623	-318.5	488.4	3.45	3260.73	1
113.03	0	3263.5	99.4	0.64	0.0	0.0	0.0	4	3644	-317.0	490.8	3.32	3263.49	1
113.15	0	3266.7	99.8	0.63	0.0	0.05	0.0	4	3652	-315.4	493.6	3.17	3266.71	1
113.25	0	3269.5	100.1	0.64	0.0	0.06	0.0	4	3665	-313.9	496.0	3.06	3269.49	1
113.35	0	3272.3	100.4	0.64	0.0	0.06	0.0	4	3679	-312.5	498.4	2.96	3272.28	1
113.45	0	3275.1	100.7	0.63	0.0	0.07	0.0	4	3693	-311.1	500.8	2.88	3275.06	1
113.55	0	3278.0	101.0	0.64	0.0	0.1	0.0	4	3704	-309.7	503.2	2.76	3277.99	1
113.65	0	3280.8	101.3	0.64	0.0	0.02	0.0	4	3717	-308.4	505.7	2.63	3280.79	1
113.75	0	3283.6	101.6	0.64	0.0	-0.0	0.0	4	3732	-307.1	508.2	2.53	3283.6	1
113.85	0	3286.4	102.0	0.64	0.0	0.02	0.0	4	3730	-305.8	510.7	2.46	3286.44	1
113.95	0	3289.3	102.3	0.64	0.0	0.05	0.0	4	3760	-304.5	513.2	2.4	3289.26	1
114.05	0	3292.2	102.7	0.64	0.0	0.05	0.0	4	3768	-303.2	515.7	2.36	3292.18	1
114.15	0	3295.0	103.0	0.64	0.0	0.06	0.0	4	3779	-301.9	518.3	2.28	3295.03	1
114.25	0	3297.9	103.4	0.64	0.0	0.06	0.0	4	3791	-300.7	520.9	2.23	3297.9	1
114.35	0	3300.8	103.7	0.64	0.0	0.08	0.0	4	3807	-299.5	523.5	2.2	3300.79	1
114.45	0	3303.7	104.0	0.64	0.0	0.1	0.0	4	3820	-298.3	526.1	2.22	3303.66	1
114.55	0	3306.6	104.4	0.64	0.0	0.06	0.0	4	3828	-297.1	528.8	2.27	3306.55	1
114.65	0	3309.5	104.7	0.64	0.0	0.01	0.0	4	3855	-296.0	531.5	2.31	3309.51	1
114.75	0	3312.4	105.1	0.64	0.0	0.01	0.0	4	3859	-294.9	534.2	2.37	3312.43	1
114.85	0	3315.3	105.5	0.64	0.0	0.01	0.0	4	3871	-293.8	536.9	2.44	3315.35	1
114.96	0	3318.7	105.9	0.64	0.0	0.01	0.0	4	3885	-292.6	539.9	2.53	3318.74	1
115.05	0	3321.4	106.3	0.64	0.0	0.02	0.0	4	3901	-291.7	542.3	2.48	3321.37	1
115.15	0	3324.3	106.7	0.64	0.0	0.05	0.0	4	3916	-290.6	545.1	2.43	3324.33	1
115.25	0	3327.3	107.0	0.64	0.0	0.05	0.0	4	3931	-289.6	547.9	2.4	3327.3	1
115.35	0	3330.4	107.4	0.64	0.0	0.05	0.0	4	3947	-288.5	550.7	2.34	3330.37	1
115.45	0	3333.3	107.8	0.64	0.0	0.06	0.0	4	3963	-287.5	553.5	2.25	3333.35	1
115.55	0	3336.3	108.2	0.64	0.0	0.06	0.0	4	3978	-286.5	556.3	2.2	3336.35	1
115.65	0	3339.4	108.6	0.64	0.0	0.06	0.0	4	3994	-285.6	559.2	2.17	3339.36	1
115.75	0	3342.3	109.0	0.64	0.0	0.06	0.0	4	4010	-284.6	562.1	2.22	3342.34	1
115.85	0	3345.4	109.4	0.64	0.0	0.06	0.0	4	4024	-283.7	565.0	2.31	3345.38	1
115.95	0	3348.4	109.8	0.64	0.0	0.06	0.0	4	4040	-282.9	567.9	2.44	3348.4	1
116.05	0	3351.3	110.2	0.64	0.0	0.06	0.0	4	4055	-282.1	570.8	2.65	3351.31	1
116.15	0	3354.4	110.6	0.64	0.0	0.06	0.0	4	4071	-281.3	573.8	3.03	3354.37	1
116.25	0	3357.4	111.0	0.64	0.0	0.06	0.0	4	4087	-280.5	576.8	3.46	3357.41	1
116.35	0	3360.5	111.4	0.64	0.0	0.01	0.0	4	4110	-279.8	579.8	3.93	3360.47	1
116.45	0	3363.5	111.9	0.64	0.0	0.01	0.0	4	4109	-279.1	582.8	4.42	3363.53	1
116.55	0	3366.6	112.3	0.64	0.0	0.01	0.0	4	4131	-278.4	585.8	4.9	3366.6	1
116.65	0	3369.7	112.8	0.64	0.0	0.01	0.0	4	4150	-277.7	588.9	5.38	3369.68	1
116.75	0	3374.2	113.2	0.64	0.0	0.01	0.0	4	4160	-277.1	591.9	5.84	3374.25	1
116.85	0	3377.4	113.6	0.64	0.0	0.01	0.0	4	4190	-276.4	595.0	5.62	3377.39	1
116.95	0	3380.6	114.1	0.64	0.0	0.01	0.0	4	4201	-275.8	598.1	5.4	3380.55	1
117.05	0	3383.7	114.6	0.64	0.0	0.01	0.0	4	4216	-275.1	601.2	5.19	3383.73	1
117.15	0	3387.0	115.1	0.62	0.0	0.02	0.0	4	4229	-274.5	604.4	4.94	3386.97	1
117.25	0	3390.2	115.5	0.55	0.0	0.02	0.0	4	4237	-273.8	607.5	4.7	3390.16	1
117.35	0	3393.4	115.6	0.36	0.0	0.09	0.0	4	4208	-273.2	610.6	4.48	3393.36	1
117.45	0	3396.6	115.4	0.14	0.0	0.1	0.0	4	4160	-272.6	613.8	4.28	3396.56	1
117.55	0	3399.8	114.8	0.0	0.0	0.05	0.0	4	4106	-272.0	616.9	4.13	3399.75	1
117.65	0	3402.9	114.2	0.0	0.0	0.05	0.0	4	4079	-271.5	620.1	4.02	3402.92	1
117.75	0	3406.3	113.5	0.0	0.0	0.03	0.0	4	4054	-271.0	623.2	3.94	3406.28	1
117.85	0	3409.4	112.8	0.0	0.0	0.01	0.0	4	4030	-270.6	626.3	3.74	3409.41	1
117.95	0	3412.5	112.2	0.0	0.0	0.01	0.0	4	4009	-270.2	629.4	3.57	3412.53	1
118.05	0	3415.6	111.5	0.0	0.0	0.01	0.0	4	3984	-269.8	632.5	3.42	3415.64	1
118.15	0	3419.0	110.9	0.0	0.0	0.04	0.0	4	3965	-269.4	635.6	3.14	3418.96	1
118.25	0	3422.0	110.2	0.0	0.06	0.06	0.0	4	3931	-269.0	638.6	2.78	3422.01	1
118.35	0	3425.0	108.9	0.0	0.11	0.06	0.0	4	3865	-268.7	641.6	2.44	3425.04	1
118.45	0	3428.0	107.5	0.0	0.12	0.06	0.0	4	3812	-268.3	644.6	2.14	3428.03	1
118.55	0	3431.0	106.0	0.0	0.12	0.07	0.0	4	3759	-268.0	647.6	1.86	3430.98	1
118.65	0	3433.9	104.6	0.0	0.12	0.07	0.0	4	3707	-267.8	650.5	1.63	3433.89	1
118.75	0	3436.8	103.1	0.0	0.12	0.05	0.0	4	3656	-267.6	653.4	1.44	3436.78	1
118.85	0	3439.6	101.7	0.0	0.12	0.03	0.0	4	3604	-267.4	656.2	1.22	3439.65	1
118.95	0	3442.4	100.2	0.0	0.12	0.01	0.0	4	3554	-267.3	659.0	1.0	3442.44	1
119.05	0	3445.2	98.8	0.0	0.14	0.01	0.0	4	3502	-267.1	661.8	0.81	3445.2	1
119.15	0	3447.9	97.2	0.0	0.16	0.0	0.0	4	3439	-267.0	664.5	0.63	3447.92	1
119.25	0	3450.6	95.6	0.0	0.16	0.0	0.0	4	3385	-266.9	667.2	0.47	3450.59	1
119.37	0	3453.8	93.9	0.0	0.11	0.0	0.0	4	3329	-266.8	670.4	0.27	3453.83	1
119.46	0	3456.2	92.6	0.0	0.14	0.0	0.0	4	3284	-266.7	672.7	0.14	3456.18	1
119.56	0	3458.7	91.1	0.0	0.17	0.0	0.0	4	3220	-266.6	675.3	-0.01	3458.73	1
119.66	0	3461.2	89.2	0.0	0.23	0.0	0.0	4	3142	-266.6	677.8	-0.14	3461.23	1
119.76	0	3463.7	86.7	0.0	0.36	0.0	0.0	4	3023	-266.5	680.3	-0.26	3463.68	1
119.86	0	3466.0	83.5	0.0	0.42	0.0	0.03	4	2861	-266.4	682.6	-0.38	3466.03	1
119.96	0	3468.3	80.3	0.0	0.37	0.0	0.15	4	2762	-266.3	684.9	-0.5	3468.31	1
120.06	0	3470.5	77.6	0.0	0.3	0.02	0.58	4	2706	-266.3	687.1	-0.61	3470.49	1
120.16	0	3472.6	75.2	0.0	0.28	0.02	1.0	4	2588	-266.2	689.2	-0.71	3472.61	1
120.26	0	3474.7	72.9	0.0	0.3	0.02	1.0	3	2429	-266.2	691.3	-0.81	3474.67	1
120.36	0	3476.7	70.5	0.0	0.3	0.0	1.0	3	2278	-266.1	693.3	-0.9	3476.67	1
120.46	0	3478.6	68.1	0.0	0.3	0.0	1.0	3	2138	-266.1	695.2	-0.98	3478.58	1
120.56	0	3480.6	65.8	0.0	0.3	0.0	1.0	2	2006	-266.0	697.0	-0.93	3480.57	1
120.66	0	3482.4	63.4	0.0	0.3	0.0	1.0	2	1957	-266.0	698.8	-0.77	3482.35	1
120.76	0	3484.1	61.1	0.0	0.33	0.0	1.0	2	1953	-266.0	700.5	-0.61	3484.07	1
120.86	0	3485.7	58.4	0.0	0.33	0.0	0.95	2	1986	-265.9	702.2	-0.46	3485.73	1
120.96	0	3487.3	55.2	0.0	0.21	0.0	0.32	2	2542	-265.9	703.8	-0.31	3487.3	1
121.06	0	3488.8	52.6	0.0	0.11	0.0	0.0	2	2899	-265.9	705.3	-0.17	3488.79	1
121.16	0	3490.2	51.8	0.0	0.0	-0.1	0.0	2	2920	-265.8	706.7	-0.04	3490.23	1
121.26	0	3491.7	51.4	0.2	0.0	-0.12	0.0	2	2912	-265.8	708.2	0.08	3491.66	1
121.36	0	3493.1	51.3	0.47	0.0	-0.22	0.0	2	2937	-265.7	709.6	0.17	3493.09	1
121.46	0	3494.5	51.4	0.56	0.0	-0.22	0.0	2	2957	-265.6	711.0	0.23	3494.5	1
121.56	0	3495.9	51.6	0.58	0.0	-0.22	0.0	2	2973	-265.5	712.4	0.26	3495.94	1
121.66	0	3497.4	51.9	0.62	0.0	-0.17	0.0	2	2991	-265.3	713.9	0.26	3497.37	1
121.76	0	3498.8	52.2	0.62	0.0	-0.16	0.0	2	3009	-265.1	715.3	0.23	3498.82	1
121.86	0	3500.3	52.5	0.62	0.0	-0.16	0.0	2	3028	-264.9	716.7	0.17	3500.27	1
121.96	0	3501.7	52.9	0.62	0.0	-0.16	0.0	2	3047	-264.7	718.2	0.08	3501.74	1
122.06	0	3503.2	53.2	0.62	0.0	-0.16	0.0	2	3068	-264.4	719.6	-0.04	3503.2	1
122.16	0	3504.7	53.6	0.62	0.0	-0.16	0.0	2	3089	-264.1	721.1	-0.2	3504.68	1
122.26	0	3506.2	53.9	0.62	0.0	-0.16	0.0	2	3111	-263.8	722.5	-0.38	3506.16	1
122.36	0	3507.7	54.3	0.62	0.0	-0.16	0.0	2	3135	-263.4	724.0	-0.58	3507.66	1
122.46	0	3509.1	54.7	0.62	0.0	-0.16	0.0	2	3158	-263.0	725.4	-0.82	3509.14	1
122.56	0	3510.6	55.1	0.62	0.0	-0.07	0.0	2	3181	-262.6	726.9	-1.08	3510.65	1
122.66	0	3512.2	55.6	0.62	0.0	-0.07	0.0	2	3207	-262.2	728.4	-1.36	3512.16	1
122.76	0	3513.7	56.0	0.62	0.0	-0.07	0.0	2	3234	-261.7	729.9	-1.66	3513.68	1
122.86	0	3515.2	56.5	0.62	0.0	-0.07	0.0	2	3262	-261.2	731.4	-1.97	3515.21	1
122.96	0	3516.7	57.0	0.62	0.0	-0.06	0.0	2	3293	-260.7	732.9	-2.3	3516.75	1
123.06	0	3518.3	57.4	0.56	0.0	-0.1	0.0	2	3318	-260.2	734.4	-2.64	3518.29	1
123.18	0	3520.1	57.9	0.53	0.0	-0.11	0.0	2	3335	-259.6	736.1	-3.06	3520.12	1
123.28	0	3522.2	58.2	0.51	0.0	-0.11	0.0	2	3347	-259.1	737.6	-3.37	3522.25	1
123.38	0	3523.9	58.5	0.51	0.0	-0.16	0.0	2	3373	-258.5	739.1	-3.52	3523.87	1
123.48	0	3525.5	58.9	0.51	0.0	-0.2	0.0	2	3397	-257.9	740.7	-3.69	3525.5	1
123.58	0	3527.1	59.2	0.51	0.0	-0.21	0.0	2	3418	-257.2	742.2	-3.89	3527.12	1
123.68	0	3528.8	59.5	0.51	0.0	-0.23	0.0	2	3438	-256.5	743.7	-4.13	3528.75	1
123.78	0	3530.4	59.8	0.51	0.0	-0.24	0.0	2	3460	-255.8	745.2	-4.41	3530.38	1
123.9	0	3532.4	60.2	0.51	0.0	-0.24	0.0	2	3487	-254.8	747.0	-4.8	3532.39	1
123.98	0	3534.8	60.5	0.51	0.0	-0.21	0.0	2	3504	-254.2	748.0	-4.97	3534.83	1
124.08	0	3536.5	60.9	0.51	0.0	-0.21	0.0	2	3525	-253.3	749.5	-5.0	3536.52	1
124.18	0	3538.2	61.2	0.51	0.0	-0.24	0.0	2	3578	-252.4	750.9	-5.05	3538.21	1
124.28	0	3539.9	61.5	0.51	0.0	-0.28	0.0	2	3603	-251.4	752.3	-5.16	3539.91	1
124.38	0	3541.6	62.0	0.51	0.0	-0.34	0.0	2	3566	-250.4	753.7	-5.3	3541.61	1
124.48	0	3543.3	62.3	0.48	0.0	-0.34	0.0	2	3601	-249.3	755.0	-5.48	3543.32	1
124.58	0	3547.2	62.5	0.48	0.0	-0.32	0.0	2	3636	-248.2	756.4	-5.72	3547.18	1
124.68	0	3548.9	62.8	0.49	0.0	-0.32	0.0	2	3658	-247.0	757.6	-5.47	3548.92	1
124.78	0	3550.7	63.1	0.49	0.0	-0.34	0.0	2	3677	-245.8	758.9	-5.26	3550.66	1
124.88	0	3552.4	63.4	0.49	0.0	-0.36	0.0	2	3696	-244.5	760.1	-5.13	3552.41	1
124.98	0	3554.2	63.7	0.47	0.0	-0.36	0.0	2	3709	-243.2	761.2	-5.06	3554.18	1
125.08	0	3556.0	64.0	0.48	0.0	-0.34	0.0	2	3728	-241.8	762.3	-5.05	3555.95	1
125.18	0	3559.3	64.2	0.48	0.0	-0.34	0.0	2	3783	-240.3	763.3	-4.92	3559.33	1
125.28	0	3561.1	64.4	0.49	0.0	-0.3	0.0	2	3844	-238.8	764.3	-4.57	3561.08	1
125.38	0	3562.9	65.0	0.49	0.0	-0.28	0.0	2	3757	-237.3	765.2	-4.29	3562.86	1
125.48	0	3564.7	65.4	0.51	0.0	-0.27	0.0	2	3781	-235.6	766.0	-4.1	3564.67	1
125.58	0	3566.5	65.8	0.55	0.0	-0.24	0.0	2	3837	-234.0	766.8	-3.95	3566.48	1
125.68	0	3569.6	66.4	0.55	0.0	-0.21	0.0	2	3873	-232.3	767.5	-4.0	3569.56	1
125.78	0	3571.3	67.0	0.56	0.0	-0.22	0.0	2	3912	-230.6	768.2	-3.43	3571.33	1
125.88	0	3573.1	67.6	0.52	0.0	-0.28	0.0	2	3944	-228.9	768.9	-2.92	3573.12	1
125.98	0	3575.0	68.1	0.52	0.0	-0.27	0.0	2	3976	-227.1	769.5	-2.47	3574.95	1
126.08	0	3576.8	68.6	0.52	0.0	-0.23	0.0	2	4007	-225.2	770.0	-2.07	3576.82	1
126.18	0	3578.7	69.2	0.53	0.0	-0.21	0.0	2	4044	-223.4	770.5	-1.74	3578.69	1
126.28	0	3580.8	69.7	0.53	0.0	-0.2	0.0	2	4115	-221.5	770.9	-1.46	3580.81	1
126.38	0	3582.7	70.5	0.56	0.0	-0.2	0.0	2	4106	-219.6	771.2	-0.99	3582.69	1
126.48	0	3584.6	71.3	0.6	0.0	-0.19	0.0	2	4161	-217.6	771.5	-0.57	3584.62	1
126.58	0	3586.6	72.1	0.64	0.0	-0.17	0.0	2	4244	-215.7	771.8	-0.2	3586.58	1
126.68	0	3588.6	73.1	0.67	0.0	-0.16	0.0	2	4321	-213.7	772.0	0.12	3588.57	1
126.78	0	3590.6	74.3	0.69	0.0	-0.14	0.0	2	4393	-211.6	772.1	0.4	3590.6	1
126.88	0	3592.7	75.5	0.69	0.0	-0.14	0.0	2	4471	-209.5	772.2	0.63	3592.66	1
126.98	0	3594.8	76.8	0.73	0.0	-0.12	0.0	2	4561	-207.4	772.3	0.82	3594.76	1
127.08	0	3596.9	78.2	0.73	0.0	-0.03	0.0	2	4656	-205.3	772.3	0.96	3596.92	1
127.18	0	3599.1	79.7	0.73	0.0	-0.02	0.0	2	4739	-203.1	772.3	1.07	3599.1	1
127.28	0	3601.3	81.2	0.74	0.0	-0.04	0.0	2	4844	-200.9	772.2	1.16	3601.33	1
127.38	0	3603.6	82.8	0.75	0.0	-0.01	0.0	2	4947	-198.6	772.1	1.22	3603.61	1
127.48	0	3605.9	84.5	0.75	0.0	-0.0	0.0	2	5059	-196.3	772.0	1.23	3605.95	1
127.58	0	3608.3	86.3	0.75	0.0	-0.0	0.0	2	5171	-193.9	771.9	1.23	3608.33	1
127.68	0	3610.8	88.0	0.75	0.0	-0.0	0.0	2	5281	-191.5	771.8	1.21	3610.75	1
127.78	0	3613.2	89.9	0.75	0.0	0.0	0.0	2	5400	-189.0	771.7	1.19	3613.22	1
127.88	0	3615.7	91.7	0.75	0.0	0.0	0.0	2	5522	-186.5	771.6	1.19	3615.69	1
127.98	0	3618.3	93.7	0.75	0.0	0.0	0.0	2	5647	-183.9	771.4	1.31	3618.26	1
128.08	0	3620.9	95.6	0.75	0.0	0.0	0.0	2	5772	-181.3	771.3	1.43	3620.87	1
128.18	0	3623.6	97.6	0.75	0.0	0.0	0.0	2	5910	-178.6	771.1	1.55	3623.56	1
128.28	0	3626.3	99.3	0.74	0.0	0.0	0.0	2	6013	-175.9	771.0	1.68	3626.29	1
128.38	0	3629.1	101.5	0.75	0.0	0.0	0.0	2	6113	-173.1	770.9	1.76	3629.12	1
128.48	0	3632.0	103.5	0.75	0.0	-0.0	0.0	2	6274	-170.2	770.7	1.84	3631.97	1
128.58	0	3634.9	105.5	0.75	0.0	-0.0	0.0	2	6401	-167.3	770.6	1.91	3634.87	1
128.68	0	3637.8	107.6	0.75	0.0	-0.0	0.0	2	6526	-164.4	770.4	1.99	3637.83	1
128.78	0	3640.8	109.6	0.75	0.0	-0.0	0.0	2	6645	-161.4	770.3	2.11	3640.8	1
128.88	0	3643.9	111.7	0.75	0.0	-0.0	0.0	2	6773	-158.3	770.1	2.24	3643.89	1
128.98	0	3647.1	113.7	0.75	0.0	-0.0	0.0	2	6895	-155.2	770.0	2.27	3647.1	1
129.08	0	3650.3	115.7	0.75	0.0	-0.0	0.0	2	7018	-152.0	769.8	2.27	3650.28	1
129.18	0	3653.6	117.7	0.76	0.0	-0.0	0.0	2	7140	-148.8	769.7	2.21	3653.57	1
129.28	0	3656.9	119.7	0.76	0.0	-0.0	0.0	2	7262	-145.5	769.5	2.14	3656.86	1
129.38	0	3660.2	121.7	0.76	0.0	-0.0	0.0	2	7385	-142.1	769.3	2.1	3660.19	1
129.48	0	3663.6	123.7	0.76	0.0	-0.0	0.0	2	7503	-138.7	769.1	2.06	3663.6	1
129.58	0	3667.0	125.7	0.79	0.0	-0.0	0.0	2	7624	-135.3	768.9	2.03	3667.05	1
129.68	0	3670.6	127.6	0.79	0.0	-0.0	0.0	2	7742	-131.7	768.7	1.99	3670.58	1
129.78	0	3674.1	129.6	0.79	0.0	-0.0	0.0	2	7862	-128.2	768.5	1.94	3674.15	1
129.88	0	3677.8	131.6	0.79	0.0	-0.0	0.0	2	7974	-124.6	768.2	1.89	3677.77	1
129.98	0	3681.4	133.5	0.79	0.0	-0.0	0.0	2	8098	-120.9	768.0	1.83	3681.43	1
130.08	0	3685.2	135.4	0.79	0.0	-0.0	0.0	2	8209	-117.2	767.7	1.75	3685.18	1
130.18	0	3689.0	137.4	0.79	0.0	-0.0	0.0	2	8321	-113.4	767.4	1.67	3688.97	1
130.28	0	3692.8	139.3	0.77	0.0	-0.0	0.0	2	8445	-109.5	767.2	1.57	3692.82	1
130.38	0	3696.7	141.0	0.77	0.0	0.02	0.0	2	8546	-105.7	766.9	1.47	3696.71	1
130.48	0	3700.7	142.9	0.57	0.0	0.03	0.2	2	8583	-101.7	766.6	1.36	3700.66	1
130.58	0	3704.6	144.0	0.28	0.0	0.06	0.89	2	8399	-97.8	766.2	1.28	3704.62	1
130.68	0	3708.6	143.5	0.09	0.0	0.03	1.0	3	8213	-93.8	765.9	1.24	3708.61	1
130.78	0	3712.5	143.4	0.09	0.0	0.01	0.57	3	7567	-89.8	765.7	1.3	3712.45	1
130.88	0	3716.8	144.6	0.15	0.0	0.01	0.0	3	6368	-85.8	765.4	1.1	3716.81	1
130.98	0	3720.7	144.3	0.3	0.0	-0.02	0.0	3	6355	-81.8	765.2	0.73	3720.74	1
131.08	0	3724.8	144.4	0.38	0.0	-0.14	0.0	3	6403	-77.8	765.0	1.39	3724.81	1
131.18	0	3728.4	144.5	0.38	0.0	-0.12	0.0	3	6418	-73.8	764.7	1.71	3728.42	1
131.28	0	3731.2	144.6	0.4	0.0	-0.12	0.0	3	6443	-69.8	764.4	3.45	3731.25	1
131.38	0	3737.0	144.9	0.43	0.0	-0.04	0.0	3	6492	-65.8	764.1	5.15	3736.96	1
131.48	0	3743.2	145.2	0.44	0.0	0.02	0.0	3	6507	-61.7	763.6	4.08	3743.18	1
131.58	0	3746.9	145.6	0.45	0.0	0.02	0.0	3	6533	-57.8	763.1	3.19	3746.87	1
# LAP 1  1:56.699
131.71	1	3752.2	146.3	0.58	0.0	0.0	0.0	3	6601	-52.4	762.4	0.79	3752.21	1
131.77	1	0.6	146.7	0.58	0.0	0.0	0.0	3	6687	-49.8	762.0	-0.54	0.58	1
131.87	1	4.7	147.8	0.58	0.0	0.0	0.0	3	6657	-45.7	761.4	-0.46	4.66	1
131.97	1	8.8	148.7	0.58	0.0	-0.01	0.0	3	6709	-41.7	760.8	-0.39	8.76	1
132.07	1	12.9	149.6	0.58	0.0	-0.01	0.0	3	6765	-37.6	760.1	-0.57	12.9	1
132.17	1	17.1	150.5	0.58	0.0	-0.03	0.0	3	6809	-33.5	759.5	-0.75	17.05	1
132.27	1	21.3	151.4	0.58	0.0	-0.03	0.0	3	6842	-29.3	758.8	-0.59	21.33	1
132.39	1	26.2	152.4	0.58	0.0	-0.07	0.0	3	6899	-24.5	757.9	-0.34	26.24	1
132.49	1	30.4	153.2	0.58	0.0	-0.23	0.0	3	6944	-20.3	757.2	-0.09	30.45	1
132.59	1	34.8	153.9	0.58	0.0	-0.2	0.0	3	7009	-16.1	756.4	0.11	34.76	1
132.69	1	39.0	154.5	0.58	0.0	-0.17	0.0	3	7074	-11.9	755.5	0.27	39.04	1
132.79	1	43.3	155.0	0.58	0.0	-0.16	0.0	3	7147	-7.7	754.4	0.34	43.33	1
132.89	1	47.6	155.0	0.58	0.0	-0.16	0.0	3	7160	-3.6	753.3	0.36	47.63	1
133.01	1	52.9	155.2	0.58	0.0	-0.16	0.0	3	7139	1.5	751.8	0.28	52.9	1
133.08	1	55.7	155.0	0.58	0.0	-0.14	0.0	3	7130	4.1	750.9	0.28	55.67	1
133.18	1	60.0	154.7	0.58	0.0	-0.07	0.0	3	7098	8.1	749.4	0.18	59.97	1
133.28	1	64.3	154.2	0.58	0.0	-0.0	0.0	3	7052	12.1	747.8	0.3	64.26	1
133.38	1	68.5	153.6	0.58	0.0	-0.04	0.0	3	7000	16.1	746.2	0.33	68.5	1
133.48	1	72.8	152.8	0.58	0.0	-0.12	0.0	3	6935	19.9	744.4	0.45	72.76	1
133.58	1	77.0	151.8	0.58	0.0	-0.12	0.0	3	6859	23.7	742.5	0.47	76.99	1
133.68	1	81.4	150.8	0.58	0.0	-0.0	0.0	3	6775	27.6	740.4	0.4	81.37	1
133.78	1	85.5	149.6	0.58	0.0	0.09	0.0	3	6684	31.2	738.3	0.34	85.51	1
133.88	1	89.6	148.2	0.48	0.0	0.05	0.0	3	6493	34.7	736.1	0.34	89.65	1
133.98	1	93.7	146.7	0.48	0.0	0.16	0.0	3	6380	38.1	733.8	0.21	93.73	1
134.08	1	97.8	145.3	0.47	0.0	0.22	0.0	3	6288	41.4	731.4	-0.04	97.79	1
134.18	1	101.8	143.7	0.47	0.0	0.26	0.0	3	6170	44.6	729.0	-0.32	101.81	1
134.28	1	105.8	142.1	0.45	0.0	0.27	0.0	3	6053	47.7	726.5	-0.5	105.78	1
134.38	1	109.7	140.3	0.4	0.0	0.26	0.0	3	5921	50.6	724.0	-0.79	109.7	1
134.48	1	113.5	138.5	0.38	0.0	0.27	0.0	3	5826	53.5	721.4	-1.2	113.54	1
134.58	1	117.3	136.8	0.38	0.0	0.3	0.0	3	5713	56.2	718.7	-1.72	117.33	1
134.69	1	121.5	134.8	0.38	0.0	0.34	0.0	3	5608	59.0	715.8	-1.99	121.46	1
134.79	1	125.1	132.9	0.36	0.0	0.38	0.0	3	5515	61.4	713.1	-2.36	125.15	1
134.89	1	128.8	131.2	0.37	0.0	0.34	0.0	3	5437	63.8	710.3	-2.83	128.79	1
134.99	1	132.3	129.0	0.37	0.0	0.32	0.0	3	5222	66.0	707.4	-3.4	132.34	1
135.09	1	136.2	126.9	0.37	0.0	0.3	0.0	3	5126	68.2	704.6	-3.94	136.24	1
135.19	1	139.7	124.6	0.37	0.0	0.26	0.0	3	4973	70.1	701.7	-4.4	139.7	1
135.29	1	143.1	122.5	0.38	0.0	0.26	0.0	3	4888	72.0	698.8	-4.96	143.09	1
135.39	1	146.4	120.9	0.38	0.0	0.26	0.0	3	4711	73.7	695.9	-5.6	146.41	1
135.49	1	149.7	118.5	0.38	0.0	0.26	0.0	3	4540	75.3	693.0	-6.31	149.65	1
135.59	1	153.4	115.7	0.38	0.0	0.26	0.0	3	4379	76.8	690.1	-7.0	153.35	1
135.69	1	156.6	113.1	0.38	0.0	0.26	0.0	3	4351	78.2	687.1	-7.71	156.62	1
135.79	1	159.6	110.8	0.36	0.0	0.21	0.0	3	4298	79.5	684.2	-8.47	159.62	1
135.89	1	162.6	108.9	0.36	0.0	0.21	0.0	3	4215	80.6	681.4	-9.3	162.56	0
135.99	1	165.4	107.1	0.35	0.0	0.16	0.0	3	4178	81.6	678.6	-10.2	165.43	0
136.09	1	169.4	105.7	0.32	0.0	0.14	0.0	3	4207	82.5	675.7	-11.14	169.41	0
136.19	1	172.2	104.5	0.31	0.0	0.14	0.0	3	4247	83.4	673.0	-11.84	172.24	0
136.29	1	175.0	103.2	0.31	0.0	0.14	0.0	3	4256	84.2	670.2	-12.59	175.03	0
136.39	1	177.8	102.1	0.31	0.0	0.14	0.0	3	4266	84.9	667.4	-13.39	177.76	0
136.49	1	180.4	101.1	0.31	0.0	0.14	0.0	3	4283	85.6	664.7	-14.23	180.44	0
136.59	1	183.1	100.1	0.31	0.0	0.14	0.0	3	4299	86.2	662.0	-15.12	183.09	0
136.69	1	187.0	99.2	0.31	0.0	0.14	0.0	3	4311	86.7	659.3	-16.0	186.99	0
136.79	1	189.6	98.5	0.31	0.0	0.12	0.0	3	4321	87.2	656.5	-16.79	189.62	0
136.89	1	192.2	97.8	0.31	0.0	0.12	0.0	3	4327	87.6	653.8	-17.63	192.22	0
136.99	1	194.8	97.2	0.31	0.0	0.12	0.0	3	4326	87.9	651.2	-18.52	194.77	0
137.09	1	197.3	96.7	0.31	0.0	0.12	0.0	3	4318	88.2	648.5	-19.46	197.29	0
137.19	1	199.8	96.3	0.28	0.0	0.12	0.0	3	4295	88.4	645.8	-20.45	199.77	0
137.3	1	204.2	95.9	0.25	0.0	0.12	0.0	3	4244	88.6	642.9	-21.58	204.22	0
137.39	1	206.3	95.6	0.21	0.0	0.12	0.0	3	4202	88.6	640.6	-22.36	206.35	0
137.49	1	208.8	95.1	0.16	0.0	0.12	0.0	3	4137	88.6	638.0	-23.31	208.8	0
137.59	1	211.2	94.7	0.1	0.0	0.1	0.0	3	4086	88.6	635.3	-24.32	211.23	0
137.69	1	213.6	94.1	0.09	0.0	0.09	0.0	3	4052	88.5	632.7	-25.37	213.61	0
137.79	1	216.0	93.5	0.07	0.0	0.07	0.0	3	4049	88.3	630.1	-26.46	215.96	0
137.89	1	221.6	92.9	0.0	0.0	0.05	0.0	3	4013	88.1	627.5	-27.64	221.57	0
137.99	1	224.0	92.3	0.0	0.0	0.08	0.0	3	3964	87.9	625.0	-28.52	223.99	0
138.09	1	226.4	91.6	0.0	0.0	0.2	0.0	3	3957	87.7	622.4	-29.35	226.39	0
138.19	1	228.8	90.9	0.0	0.0	0.28	0.0	3	3930	87.6	619.9	-30.14	228.81	0
138.29	1	231.2	90.3	0.11	0.0	0.32	0.0	3	3923	87.5	617.4	-30.85	231.22	0
138.39	1	233.6	89.8	0.15	0.0	0.41	0.0	3	3913	87.4	614.9	-31.51	233.62	0
138.49	1	238.8	89.2	0.23	0.0	0.47	0.0	3	3921	87.5	612.4	-32.1	238.84	0
138.59	1	241.3	89.0	0.23	0.0	0.47	0.0	3	3894	87.6	609.9	-32.44	241.29	0
138.69	1	243.7	88.6	0.23	0.0	0.47	0.0	3	3887	87.7	607.5	-32.72	243.74	0
138.79	1	246.2	88.2	0.23	0.0	0.47	0.0	3	3875	87.9	605.0	-32.94	246.19	0
138.89	1	248.6	87.9	0.23	0.0	0.44	0.0	3	3847	88.2	602.6	-33.09	248.64	0
138.99	1	251.1	87.5	0.23	0.0	0.4	0.0	3	3840	88.5	600.2	-33.19	251.07	0
139.09	1	253.2	87.2	0.24	0.0	0.34	0.0	3	3824	88.9	597.8	-33.21	253.24	0
139.19	1	253.2	87.0	0.23	0.0	0.34	0.0	3	3801	89.4	595.4	-33.12	253.24	0
139.29	1	253.2	86.6	0.23	0.0	0.34	0.0	3	3810	89.9	593.0	-32.96	253.24	0
139.39	1	253.2	86.2	0.21	0.0	0.34	0.0	3	3811	90.4	590.7	-32.76	253.24	0
139.49	1	253.2	85.9	0.21	0.0	0.3	0.0	3	3763	91.0	588.4	-32.5	253.24	0
139.59	1	253.2	85.5	0.14	0.0	0.26	0.0	3	3728	91.7	586.1	-32.16	253.24	0
139.69	1	253.2	85.1	0.14	0.0	0.24	0.0	3	3703	92.4	583.9	-31.77	253.24	0
139.79	1	253.2	84.6	0.14	0.0	0.22	0.0	3	3686	93.2	581.6	-31.31	253.24	0
139.89	1	272.8	84.2	0.12	0.0	0.16	0.0	3	3662	94.1	579.4	-30.79	272.81	0
139.99	1	276.6	83.7	0.12	0.0	0.14	0.0	3	3643	94.9	577.3	-30.24	276.6	0
140.09	1	278.8	83.3	0.09	0.0	0.15	0.0	3	3617	95.9	575.2	-29.57	278.81	0
140.19	1	281.0	82.8	0.09	0.0	0.13	0.0	3	3596	96.8	573.0	-28.85	281.02	0
140.29	1	283.2	82.4	0.09	0.0	0.13	0.0	3	3577	97.8	571.0	-28.1	283.18	0
140.39	1	285.3	81.9	0.09	0.0	0.13	0.0	3	3557	98.9	568.9	-27.3	285.32	0
140.49	1	287.4	81.5	0.09	0.0	0.1	0.0	3	3538	99.9	566.9	-26.47	287.43	0
140.59	1	289.1	81.0	0.09	0.0	0.06	0.0	3	3521	101.0	565.0	-25.62	289.13	0
140.69	1	291.2	80.6	0.0	0.0	0.06	0.0	3	3478	102.1	563.0	-24.76	291.2	0
140.79	1	293.3	80.1	0.0	0.0	0.05	0.0	3	3451	103.3	561.1	-23.88	293.26	0
140.89	1	295.3	79.5	0.0	0.0	0.05	0.0	3	3446	104.4	559.2	-22.98	295.28	0
140.99	1	297.3	79.0	0.0	0.0	0.05	0.0	3	3418	105.6	557.4	-22.06	297.29	0
141.09	1	299.3	78.5	0.0	0.0	0.02	0.0	3	3394	106.8	555.5	-21.13	299.27	0
141.19	1	301.2	78.0	0.0	0.0	0.03	0.0	3	3373	108.0	553.7	-20.2	301.23	0
141.29	1	303.2	77.5	0.0	0.0	0.01	0.0	3	3352	109.1	551.9	-19.26	303.18	0
141.39	1	304.8	77.0	0.0	0.0	0.01	0.0	3	3330	110.3	550.1	-18.34	304.83	0
141.49	1	306.8	76.5	0.0	0.0	0.01	0.0	3	3309	111.5	548.3	-17.44	306.76	0
141.59	1	308.7	76.0	0.0	0.0	0.0	0.0	3	3287	112.7	546.6	-16.53	308.67	0
141.69	1	310.6	75.5	0.0	0.0	-0.03	0.0	3	3266	113.8	544.8	-15.63	310.57	0
141.79	1	312.5	75.0	0.0	0.0	-0.0	0.0	3	3244	115.0	543.1	-14.72	312.53	0
141.88	1	314.3	74.5	0.0	0.0	-0.0	0.0	3	3227	116.1	541.4	-13.87	314.3	0
141.98	1	316.2	74.0	0.0	0.0	0.0	0.0	3	3205	117.2	539.7	-12.96	316.18	0
142.08	1	318.7	73.6	0.0	0.0	0.0	0.0	3	3184	118.4	538.0	-12.06	318.69	0
142.18	1	320.5	73.1	0.0	0.0	0.0	0.0	3	3163	119.5	536.3	-11.08	320.47	0
142.28	1	322.2	72.6	0.0	0.0	0.0	0.0	3	3143	120.6	534.6	-10.1	322.25	0
142.38	1	324.0	72.1	0.0	0.0	0.0	0.0	3	3123	121.7	532.9	-9.13	324.01	0
142.48	1	325.2	71.7	0.0	0.0	0.0	0.0	3	3103	122.9	531.3	-8.21	325.2	1
142.58	1	327.0	71.2	0.0	0.0	-0.03	0.0	3	3084	124.0	529.6	-7.38	327.0	1
142.68	1	328.8	70.8	0.0	0.0	-0.05	0.0	3	3063	125.0	528.0	-6.56	328.78	1
142.78	1	330.6	70.3	0.0	0.0	-0.09	0.0	3	3044	126.1	526.3	-5.74	330.57	1
142.88	1	332.3	69.8	0.0	0.0	-0.11	0.0	3	3025	127.2	524.7	-4.96	332.35	1
142.98	1	334.1	69.3	0.0	0.0	-0.12	0.0	3	3002	128.2	523.1	-4.2	334.13	1
143.08	1	335.9	68.9	0.0	0.0	-0.14	0.0	3	2981	129.2	521.4	-3.48	335.91	1
143.18	1	337.7	68.4	0.0	0.0	-0.12	0.0	3	2966	130.1	519.8	-2.8	337.68	1
143.28	1	339.5	67.9	0.0	0.0	-0.12	0.0	3	2943	131.0	518.1	-2.15	339.46	1
143.38	1	341.1	67.5	0.0	0.0	-0.1	0.0	3	2923	131.9	516.4	-1.59	341.14	1
143.49	1	343.1	67.0	0.0	0.0	-0.08	0.0	3	2906	132.8	514.7	-1.09	343.07	1
143.59	1	344.9	66.5	0.0	0.0	-0.08	0.0	3	2885	133.7	513.0	-0.66	344.88	1
143.69	1	346.7	66.1	0.0	0.0	-0.08	0.0	3	2863	134.5	511.3	-0.25	346.67	1
143.79	1	348.5	65.7	0.0	0.0	-0.08	0.0	3	2845	135.2	509.7	0.15	348.47	1
143.89	1	350.2	65.2	0.0	0.0	-0.08	0.0	3	2827	136.0	508.0	0.51	350.24	1
143.99	1	352.0	64.8	0.0	0.0	-0.05	0.0	3	2808	136.7	506.4	0.86	352.01	1
144.09	1	353.8	64.4	0.0	0.0	-0.02	0.0	3	2790	137.4	504.7	1.19	353.78	1
144.19	1	355.5	64.0	0.0	0.0	-0.02	0.0	3	2772	138.1	503.1	1.5	355.52	1
144.29	1	357.4	63.6	0.0	0.0	-0.02	0.0	3	2754	138.8	501.5	1.67	357.43	1
144.39	1	359.3	63.1	0.0	0.0	-0.0	0.0	3	2737	139.5	499.8	1.81	359.25	1
144.49	1	361.0	62.7	0.0	0.0	-0.0	0.05	3	2718	140.2	498.2	1.95	360.99	1
144.59	1	362.7	62.3	0.0	0.0	-0.0	0.08	3	2696	140.9	496.6	2.09	362.72	1
144.69	1	364.4	61.9	0.0	0.0	-0.0	0.18	3	2684	141.5	495.0	2.23	364.44	1
144.79	1	366.1	61.5	0.0	0.0	-0.0	0.43	3	2665	142.2	493.4	2.36	366.15	1
144.89	1	367.8	61.1	0.0	0.0	-0.0	0.73	3	2650	142.8	491.8	2.5	367.85	1
144.99	1	369.5	60.7	0.0	0.0	-0.0	0.93	3	2633	143.5	490.3	2.63	369.53	1
145.09	1	371.4	60.3	0.0	0.0	-0.0	0.93	3	2615	144.1	488.7	2.74	371.42	1
145.19	1	373.1	60.0	0.0	0.0	-0.0	0.93	3	2598	144.8	487.2	2.75	373.09	1
145.29	1	374.7	59.6	0.0	0.0	-0.0	0.93	3	2581	145.4	485.6	2.76	374.75	1
145.39	1	376.4	59.2	0.0	0.0	-0.0	0.93	2	2571	146.0	484.1	2.76	376.4	1
145.5	1	378.1	58.6	0.0	0.0	-0.0	0.93	2	2595	146.7	482.6	2.77	378.08	1
145.6	1	379.7	58.1	0.0	0.0	-0.0	0.93	2	2616	147.3	481.1	2.77	379.7	1
145.7	1	381.3	57.5	0.0	0.0	0.0	0.9	2	2660	147.9	479.6	2.78	381.3	1
145.8	1	382.9	56.4	0.0	0.0	0.0	0.68	2	2975	148.5	478.1	2.78	382.89	1
145.9	1	384.4	55.5	0.0	0.0	0.02	0.04	2	3126	149.1	476.7	2.79	384.44	1
146.0	1	386.0	55.0	0.0	0.0	0.06	0.0	2	3101	149.7	475.3	2.8	385.98	1
146.1	1	387.7	54.6	0.25	0.0	0.09	0.0	2	3104	150.3	473.9	2.73	387.74	1
146.2	1	389.3	54.7	0.53	0.0	0.12	0.0	2	3141	150.9	472.5	2.63	389.25	1
146.3	1	390.8	55.0	0.62	0.0	0.12	0.0	2	3175	151.6	471.1	2.56	390.77	1
146.4	1	392.3	55.5	0.63	0.0	0.1	0.0	2	3204	152.2	469.7	2.51	392.31	1
146.51	1	394.1	56.0	0.63	0.0	0.09	0.0	2	3237	153.0	468.1	2.47	394.1	1
146.61	1	395.7	56.5	0.63	0.0	0.06	0.0	2	3267	153.7	466.7	2.46	395.67	1
146.71	1	397.2	57.0	0.63	0.0	0.06	0.0	2	3297	154.4	465.3	2.46	397.24	1
146.81	1	398.8	57.6	0.63	0.0	0.06	0.0	2	3330	155.2	463.9	2.47	398.83	1
146.91	1	400.4	58.1	0.63	0.0	0.1	0.0	2	3364	155.9	462.5	2.49	400.44	1
147.01	1	402.3	58.7	0.66	0.0	0.1	0.0	2	3404	156.7	461.1	2.51	402.31	1
147.11	1	403.9	59.3	0.66	0.0	0.1	0.0	2	3465	157.5	459.6	2.41	403.95	1
147.21	1	405.6	59.9	0.66	0.0	0.07	0.0	2	3500	158.4	458.2	2.33	405.6	1
147.31	1	407.3	60.7	0.66	0.0	0.06	0.0	2	3507	159.2	456.8	2.28	407.28	1
147.41	1	409.0	61.4	0.66	0.0	0.07	0.0	2	3569	160.1	455.3	2.23	408.97	1
147.51	1	410.7	62.1	0.67	0.0	0.05	0.0	2	3631	161.0	453.9	2.2	410.69	1
147.61	1	412.4	62.9	0.67	0.0	0.05	0.0	2	3665	162.0	452.4	2.18	412.42	1
147.71	1	414.2	63.8	0.67	0.0	0.05	0.0	2	3716	162.9	450.9	2.17	414.18	1
147.81	1	416.0	64.6	0.67	0.0	0.12	0.0	2	3768	163.9	449.4	2.18	415.97	1
147.91	1	418.0	65.4	0.65	0.0	0.18	0.0	2	3821	164.9	447.9	2.17	417.96	1
148.01	1	419.8	66.2	0.65	0.0	0.16	0.0	2	3886	166.0	446.4	2.09	419.78	1
148.11	1	421.6	67.1	0.65	0.0	0.16	0.0	2	3928	167.1	444.9	2.04	421.63	1
148.21	1	423.5	68.0	0.65	0.0	0.12	0.0	2	3986	168.2	443.5	2.04	423.51	1
148.31	1	425.4	69.0	0.65	0.0	0.07	0.0	2	4043	169.4	442.0	2.07	425.42	1
148.41	1	427.3	70.0	0.65	0.0	0.02	0.0	2	4094	170.6	440.5	2.12	427.34	1
148.51	1	429.3	71.0	0.65	0.0	-0.03	0.0	2	4155	171.9	439.0	2.2	429.31	1
148.61	1	431.3	71.9	0.48	0.0	-0.08	0.0	2	4182	173.2	437.5	2.28	431.29	1
148.71	1	433.4	72.4	0.42	0.0	-0.02	0.0	2	4179	174.4	435.9	2.32	433.39	1
148.81	1	435.4	72.9	0.42	0.0	0.0	0.0	2	4201	175.7	434.4	2.31	435.41	1
148.91	1	437.4	73.3	0.42	0.0	0.0	0.0	2	4236	177.0	432.8	2.28	437.45	1
149.01	1	439.5	73.8	0.42	0.0	0.0	0.0	2	4259	178.3	431.2	2.26	439.48	1
149.11	1	441.5	74.2	0.42	0.0	0.03	0.0	2	4300	179.6	429.7	2.24	441.51	1
149.21	1	443.6	74.7	0.42	0.0	0.01	0.0	2	4320	181.0	428.1	2.22	443.59	1
149.31	1	445.7	75.2	0.42	0.0	0.01	0.0	2	4326	182.3	426.5	2.21	445.67	1
149.41	1	447.8	75.6	0.42	0.0	0.05	0.0	2	4369	183.6	424.9	2.2	447.76	1
149.51	1	450.1	76.1	0.42	0.0	0.06	0.0	2	4405	185.0	423.3	2.02	450.08	1
149.61	1	452.2	76.6	0.42	0.0	0.04	0.0	2	4428	186.4	421.7	1.82	452.19	1
149.71	1	454.3	77.1	0.45	0.0	0.07	0.0	2	4455	187.8	420.0	1.64	454.3	1
149.81	1	456.5	77.7	0.48	0.0	0.07	0.0	2	4527	189.2	418.4	1.47	456.45	1
149.91	1	458.6	78.3	0.48	0.0	0.06	0.0	2	4584	190.6	416.8	1.32	458.62	1
150.01	1	460.8	79.1	0.48	0.0	0.07	0.0	2	4599	192.1	415.2	1.2	460.8	1
150.11	1	463.0	79.8	0.48	0.0	0.14	0.0	2	4646	193.6	413.6	1.1	463.01	1
150.21	1	465.3	80.5	0.48	0.0	0.14	0.0	2	4694	195.2	412.0	0.89	465.33	1
150.31	1	467.6	81.2	0.48	0.0	0.14	0.0	2	4759	196.8	410.4	0.68	467.56	1
150.41	1	469.8	81.9	0.48	0.0	0.1	0.0	2	4794	198.5	408.9	0.51	469.82	1
150.51	1	472.1	82.8	0.52	0.0	0.09	0.0	2	4829	200.2	407.3	0.39	472.11	1
150.61	1	474.4	83.6	0.52	0.0	0.05	0.0	2	4895	201.9	405.8	0.32	474.42	1
150.71	1	476.8	84.5	0.51	0.0	0.01	0.0	2	4939	203.7	404.3	0.27	476.76	1
150.81	1	479.1	85.4	0.51	0.0	-0.03	0.0	2	4998	205.5	402.8	0.23	479.13	1
150.91	1	481.5	86.3	0.52	0.0	-0.0	0.0	2	5042	207.3	401.3	0.1	481.51	1
151.01	1	483.9	87.3	0.52	0.0	-0.0	0.0	2	5116	209.2	399.7	-0.02	483.92	1
151.13	1	486.7	88.5	0.55	0.0	-0.0	0.0	2	5196	211.3	397.9	-0.17	486.73	1
151.23	1	489.2	89.6	0.56	0.0	-0.03	0.0	2	5266	213.3	396.3	-0.27	489.22	1
151.33	1	491.7	90.8	0.6	0.0	-0.05	0.0	2	5350	215.2	394.7	-0.33	491.72	1
151.43	1	494.3	92.1	0.62	0.0	-0.05	0.0	2	5458	217.1	393.1	-0.4	494.27	1
151.53	1	496.8	93.5	0.63	0.0	-0.05	0.0	2	5559	219.1	391.4	-0.49	496.85	1
151.63	1	499.5	95.1	0.67	0.0	-0.05	0.0	2	5666	221.0	389.7	-0.49	499.49	1
151.73	1	502.2	96.7	0.67	0.0	-0.05	0.0	2	5767	223.0	387.9	-0.47	502.16	1
151.83	1	504.9	98.4	0.69	0.0	-0.04	0.0	2	5920	225.0	386.1	-0.48	504.86	1
151.96	1	508.6	100.8	0.69	0.0	-0.0	0.0	2	6068	227.7	383.6	-0.49	508.56	1
152.08	1	511.9	102.9	0.69	0.0	-0.0	0.0	2	6209	230.2	381.3	-0.48	511.87	1
152.18	1	514.7	104.8	0.69	0.0	-0.0	0.0	2	6309	232.2	379.4	-0.49	514.74	1
152.28	1	517.7	106.7	0.69	0.0	-0.0	0.0	2	6425	234.4	377.3	-0.58	517.66	1
152.38	1	520.6	108.5	0.69	0.0	-0.0	0.0	2	6548	236.5	375.2	-0.72	520.64	1
152.48	1	523.7	110.4	0.69	0.0	0.0	0.0	2	6685	238.7	373.1	-0.88	523.67	1
152.58	1	526.9	112.3	0.69	0.0	0.0	0.0	2	6805	240.9	371.0	-0.89	526.85	1
152.68	1	530.0	114.3	0.69	0.0	-0.05	0.3	2	6880	243.2	368.8	-0.77	530.0	1
152.78	1	533.2	115.1	0.28	0.0	-0.0	1.0	2	7151	245.4	366.5	-0.66	533.18	1
152.88	1	536.4	114.8	0.0	0.0	-0.0	1.0	2	6761	247.7	364.3	-0.56	536.38	1
152.98	1	539.6	114.7	0.0	0.0	-0.03	0.7	3	6125	250.0	362.1	-0.47	539.56	1
153.08	1	542.8	115.6	0.06	0.0	-0.03	0.08	3	5030	252.2	359.8	-0.39	542.77	1
153.18	1	546.0	115.1	0.23	0.0	-0.08	0.0	3	5028	254.5	357.5	-0.32	545.96	1
153.28	1	549.2	115.0	0.45	0.0	-0.14	0.0	3	5110	256.7	355.2	-0.28	549.15	1
153.38	1	552.4	115.5	0.56	0.0	-0.16	0.0	3	5191	258.9	352.9	-0.29	552.36	1
153.48	1	555.6	116.2	0.6	0.0	-0.14	0.0	3	5247	261.1	350.5	-0.35	555.57	1
153.58	1	558.8	116.9	0.6	0.0	-0.07	0.0	3	5299	263.2	348.1	-0.49	558.81	1
153.68	1	562.1	117.8	0.62	0.0	-0.0	0.0	3	5337	265.3	345.6	-0.69	562.08	1
153.78	1	565.3	118.7	0.62	0.0	0.0	0.0	3	5367	267.4	343.0	-0.96	565.34	1
153.88	1	568.6	119.6	0.62	0.0	0.0	0.0	3	5392	269.4	340.4	-1.28	568.64	1
153.98	1	572.2	120.5	0.62	0.0	0.0	0.0	3	5444	271.4	337.8	-1.49	572.17	1
154.08	1	575.5	121.5	0.62	0.0	0.0	0.0	3	5484	273.4	335.1	-1.42	575.52	1
154.18	1	578.9	122.5	0.63	0.0	-0.02	0.0	3	5533	275.5	332.3	-1.37	578.92	1
154.28	1	582.3	123.5	0.64	0.0	-0.02	0.0	3	5584	277.5	329.6	-1.33	582.33	1
154.38	1	585.8	124.5	0.64	0.0	-0.02	0.0	3	5633	279.5	326.8	-1.3	585.78	1
154.48	1	589.2	125.5	0.64	0.0	-0.03	0.0	3	5683	281.6	324.0	-1.28	589.24	1
154.58	1	592.8	126.6	0.64	0.0	-0.03	0.0	3	5733	283.6	321.2	-1.28	592.75	1
154.68	1	596.3	127.6	0.64	0.0	-0.03	0.0	3	5784	285.7	318.3	-1.29	596.28	1
154.78	1	599.8	128.7	0.64	0.0	-0.07	0.0	3	5833	287.7	315.4	-1.33	599.84	1
154.88	1	603.4	129.7	0.64	0.0	-0.05	0.0	3	5885	289.8	312.4	-1.4	603.43	1
154.98	1	607.0	130.8	0.64	0.0	-0.07	0.0	3	5938	291.8	309.4	-1.51	607.04	1
155.08	1	610.7	131.8	0.64	0.0	-0.07	0.0	3	5994	293.8	306.4	-1.66	610.69	1
155.18	1	614.4	132.9	0.64	0.0	-0.05	0.0	3	6042	295.8	303.3	-1.86	614.36	1
155.28	1	618.3	133.9	0.64	0.0	-0.05	0.0	3	6094	297.7	300.1	-1.92	618.34	1
155.38	1	622.1	134.9	0.64	0.0	-0.03	0.0	3	6145	299.7	296.9	-1.7	622.09	1
155.48	1	625.8	136.0	0.64	0.0	-0.0	0.0	3	6192	301.5	293.7	-1.53	625.83	1
155.58	1	629.6	137.1	0.64	0.0	-0.0	0.0	3	6237	303.4	290.4	-1.41	629.63	1
155.68	1	633.4	138.2	0.64	0.0	-0.0	0.0	3	6284	305.2	287.1	-1.32	633.42	1
155.79	1	637.8	139.4	0.64	0.0	-0.0	0.0	3	6333	307.3	283.2	-1.25	637.78	1
155.89	1	641.7	140.5	0.64	0.0	-0.0	0.0	3	6388	309.2	279.8	-1.22	641.68	1
155.99	1	645.6	141.7	0.66	0.0	-0.0	0.0	3	6444	311.0	276.3	-1.2	645.59	1
156.09	1	649.5	142.8	0.66	0.0	-0.0	0.0	3	6500	312.8	272.8	-1.19	649.54	1
156.19	1	653.5	144.0	0.64	0.0	-0.05	0.0	3	6550	314.7	269.3	-1.19	653.53	1
156.29	1	657.5	145.1	0.65	0.0	-0.06	0.0	3	6599	316.5	265.7	-1.21	657.54	1
156.39	1	661.6	146.1	0.63	0.0	-0.1	0.17	3	6652	318.4	262.1	-1.26	661.58	1
156.49	1	665.8	146.7	0.23	0.0	-0.01	1.0	3	6652	320.2	258.5	-0.9	665.82	1
156.59	1	669.9	146.1	0.0	0.0	-0.0	1.0	4	6284	321.9	254.8	-0.46	669.86	1
156.69	1	673.9	146.1	0.0	0.0	-0.0	0.46	4	5412	323.7	251.1	-0.05	673.92	1
156.79	1	677.9	145.5	0.0	0.0	-0.07	0.0	4	5195	325.3	247.5	0.31	677.93	1
156.89	1	681.9	144.7	0.12	0.0	-0.14	0.0	4	5198	327.0	243.8	0.63	681.95	1
156.99	1	686.0	144.1	0.24	0.0	-0.17	0.0	4	5214	328.6	240.1	0.89	685.95	1
157.09	1	689.9	143.6	0.27	0.0	-0.17	0.0	4	5218	330.1	236.4	1.08	689.94	1
157.19	1	693.9	143.1	0.27	0.0	-0.12	0.0	4	5206	331.5	232.7	1.19	693.92	1
157.29	1	697.9	142.7	0.32	0.0	-0.07	0.0	4	5208	332.9	229.0	1.2	697.88	1
157.39	1	701.8	142.5	0.37	0.0	-0.0	0.0	4	5215	334.1	225.2	1.13	701.84	1
157.49	1	705.8	142.5	0.45	0.0	-0.0	0.0	4	5232	335.3	221.4	0.97	705.81	1
157.59	1	709.7	142.6	0.47	0.0	-0.0	0.0	4	5242	336.4	217.6	0.94	709.66	1
157.69	1	713.6	142.8	0.51	0.0	-0.0	0.0	4	5252	337.4	213.8	1.17	713.63	1
157.79	1	717.6	143.1	0.55	0.0	-0.05	0.0	4	5280	338.4	209.9	1.37	717.58	1
157.89	1	721.6	143.6	0.6	0.0	-0.1	0.0	4	5311	339.4	206.1	1.52	721.57	1
157.99	1	725.6	144.0	0.62	0.0	-0.08	0.0	4	5348	340.4	202.2	1.64	725.56	1
158.09	1	729.6	144.6	0.63	0.0	-0.07	0.0	4	5379	341.3	198.3	1.7	729.57	1
158.19	1	733.6	145.2	0.63	0.0	-0.02	0.0	4	5405	342.1	194.3	1.71	733.6	1
158.29	1	737.6	145.7	0.63	0.0	-0.0	0.0	4	5426	342.9	190.4	1.65	737.63	1
158.39	1	741.7	146.3	0.63	0.0	0.0	0.0	4	5443	343.6	186.4	1.55	741.68	1
158.49	1	745.8	147.0	0.65	0.0	0.0	0.0	4	5464	344.3	182.4	1.4	745.76	1
158.59	1	749.8	147.6	0.67	0.0	-0.03	0.0	4	5495	345.0	178.3	1.21	749.85	1
158.69	1	754.0	148.4	0.67	0.0	-0.03	0.0	4	5527	345.6	174.3	1.0	753.95	1
158.79	1	758.0	149.1	0.73	0.0	-0.0	0.0	4	5609	346.2	170.2	0.95	758.02	1
158.89	1	762.2	150.1	0.79	0.0	-0.0	0.0	4	5621	346.8	166.1	0.88	762.19	1
158.99	1	766.3	151.2	0.82	0.0	-0.03	0.0	4	5693	347.4	161.9	0.86	766.35	1
159.09	1	770.6	152.3	0.82	0.0	-0.0	0.0	4	5751	348.0	157.8	0.85	770.57	1
159.19	1	774.8	153.4	0.82	0.0	-0.0	0.0	4	5792	348.5	153.6	0.9	774.78	1
159.29	1	779.1	154.6	0.82	0.0	-0.0	0.0	4	5836	349.0	149.3	1.03	779.06	1
159.39	1	783.3	155.8	0.82	0.0	-0.0	0.0	4	5886	349.5	145.0	1.2	783.29	1
159.49	1	787.6	156.9	0.82	0.0	-0.03	0.0	4	5929	350.0	140.7	1.57	787.63	1
159.59	1	792.0	158.1	0.82	0.0	-0.07	0.0	4	5966	350.5	136.4	1.92	791.96	1
159.69	1	796.4	159.2	0.82	0.0	-0.09	0.0	4	6022	351.0	132.0	2.29	796.36	1
159.79	1	800.8	160.3	0.82	0.0	-0.1	0.0	4	6085	351.4	127.6	2.62	800.77	1
159.89	1	805.2	161.4	0.82	0.0	-0.03	0.0	4	6126	351.7	123.1	2.9	805.24	1
159.99	1	809.7	162.5	0.82	0.0	-0.0	0.0	4	6200	352.0	118.6	3.11	809.75	1
160.09	1	814.3	163.6	0.82	0.0	-0.0	0.0	4	6245	352.3	114.1	3.25	814.28	1
160.19	1	818.8	164.7	0.82	0.0	0.0	0.0	4	6278	352.4	109.5	3.34	818.82	1
160.29	1	823.4	165.9	0.82	0.0	0.0	0.0	4	6314	352.5	104.9	3.36	823.41	1
160.39	1	828.0	167.1	0.82	0.0	0.0	0.0	4	6345	352.6	100.3	3.33	828.04	1
160.5	1	833.2	168.3	0.82	0.0	0.0	0.0	4	6429	352.5	95.1	3.24	833.23	1
160.6	1	837.9	169.6	0.82	0.0	0.0	0.0	4	6424	352.5	90.4	3.11	837.93	1
160.7	1	842.6	170.7	0.82	0.0	0.02	0.0	4	6499	352.4	85.7	2.96	842.64	1
160.8	1	847.4	172.0	0.82	0.0	0.02	0.0	4	6526	352.3	80.9	2.78	847.39	1
160.9	1	852.2	173.2	0.82	0.0	0.02	0.0	4	6570	352.1	76.1	2.62	852.17	1
161.0	1	857.0	174.4	0.82	0.0	0.03	0.0	4	6622	352.0	71.3	2.46	857.0	1
161.1	1	861.9	175.6	0.82	0.0	0.01	0.0	4	6659	351.9	66.4	2.3	861.86	1
161.2	1	866.7	176.8	0.82	0.0	0.01	0.0	4	6710	351.7	61.6	2.21	866.71	1
161.3	1	871.7	178.0	0.82	0.0	0.01	0.0	4	6754	351.6	56.6	2.15	871.65	1
161.4	1	876.6	179.2	0.82	0.0	0.0	0.0	4	6806	351.6	51.7	2.11	876.61	1
161.5	1	881.6	180.4	0.82	0.0	-0.05	0.0	4	6849	351.5	46.7	2.05	881.61	1
161.6	1	886.6	181.4	0.82	0.0	-0.0	0.0	4	6968	351.4	41.7	1.99	886.64	1
161.7	1	891.7	182.9	0.82	0.0	0.01	0.0	4	6871	351.4	36.6	1.93	891.69	1
161.8	1	896.8	183.9	0.82	0.0	0.01	0.0	4	6996	351.3	31.5	1.88	896.79	1
161.94	1	903.6	185.5	0.82	0.0	0.01	0.0	4	7063	351.2	24.7	1.8	903.63	1
162.04	1	908.8	186.8	0.84	0.0	0.01	0.0	4	7105	351.2	19.5	1.74	908.81	1
162.14	1	914.0	188.0	0.86	0.0	0.01	0.0	4	7161	351.1	14.3	1.68	914.04	1
162.24	1	919.2	189.3	0.88	0.0	-0.01	0.0	4	7244	351.0	9.0	1.62	919.25	1
162.34	1	924.5	190.7	0.89	0.0	-0.01	0.0	4	7303	351.0	3.8	1.56	924.52	1
162.44	1	929.9	192.1	0.89	0.0	-0.01	0.0	4	7358	350.9	-1.6	1.5	929.86	1
162.54	1	935.2	193.5	0.89	0.0	0.01	0.0	4	7417	350.9	-6.9	1.44	935.19	1
162.64	1	940.6	194.8	0.89	0.0	0.01	0.0	4	7476	350.8	-12.3	1.37	940.59	1
162.74	1	946.0	196.4	0.89	0.0	0.01	0.0	4	7429	350.7	-17.7	1.29	946.02	1
162.84	1	951.5	197.1	0.84	0.0	0.01	0.02	4	7567	350.6	-23.2	1.21	951.49	1
162.94	1	957.0	198.0	0.5	0.0	0.02	0.59	4	7360	350.6	-28.7	1.13	956.98	1
163.04	1	962.5	197.7	0.0	0.0	0.02	1.0	4	7035	350.5	-34.2	1.05	962.47	1
163.14	1	968.0	196.8	0.0	0.0	0.04	1.0	5	6601	350.4	-39.7	0.98	967.95	1
163.24	1	973.4	196.2	0.14	0.0	0.01	0.42	5	5960	350.4	-45.1	0.94	973.43	1
163.34	1	978.9	195.6	0.45	0.0	0.01	0.0	5	6009	350.4	-50.6	0.93	978.86	1
163.44	1	984.3	195.5	0.6	0.0	-0.02	0.0	5	6074	350.4	-56.0	0.95	984.3	1
163.54	1	989.7	195.8	0.74	0.0	-0.09	0.0	5	6113	350.4	-61.4	0.99	989.72	1
163.64	1	995.2	196.2	0.78	0.0	-0.03	0.0	5	6185	350.5	-66.9	1.03	995.17	1
163.74	1	1000.6	196.8	0.79	0.0	-0.0	0.0	5	6215	350.5	-72.3	1.07	1000.59	1
163.83	1	1006.1	197.3	0.79	0.0	-0.0	0.0	5	6239	350.5	-77.8	1.08	1006.05	1
163.93	1	1011.5	198.0	0.82	0.0	0.0	0.0	5	6254	350.5	-83.2	1.06	1011.54	1
164.04	1	1017.1	198.7	0.82	0.0	0.02	0.0	5	6267	350.4	-88.8	1.01	1017.06	1
164.14	1	1022.6	199.3	0.82	0.0	0.02	0.0	5	6298	350.4	-94.3	0.93	1022.59	1
164.24	1	1028.1	200.0	0.82	0.0	0.02	0.0	5	6332	350.3	-99.8	0.84	1028.14	1
164.33	1	1033.7	200.7	0.82	0.0	0.02	0.0	5	6334	350.2	-105.4	0.75	1033.69	1
164.44	1	1039.3	201.4	0.82	0.0	0.02	0.0	5	6364	350.1	-111.0	0.68	1039.32	1
164.54	1	1044.9	202.0	0.83	0.0	-0.0	0.0	5	6397	350.1	-116.6	0.63	1044.88	1
164.63	1	1050.5	202.7	0.86	0.0	-0.0	0.0	5	6432	350.0	-122.2	0.6	1050.5	1
164.74	1	1056.1	203.5	0.86	0.0	-0.0	0.0	5	6458	350.0	-127.9	0.61	1056.15	1
164.83	1	1061.8	204.2	0.86	0.0	-0.0	0.0	5	6479	350.1	-133.5	0.65	1061.8	1
164.94	1	1067.5	205.0	0.86	0.0	-0.0	0.0	5	6502	350.1	-139.2	0.72	1067.5	1
165.04	1	1073.2	205.7	0.86	0.0	-0.02	0.0	5	6533	350.2	-144.9	0.81	1073.2	1
165.13	1	1078.9	206.5	0.86	0.0	-0.02	0.0	5	6552	350.3	-150.6	0.91	1078.92	1
165.24	1	1085.2	207.5	0.95	0.0	-0.02	0.0	5	6625	350.5	-156.9	1.04	1085.24	1
165.35	1	1091.0	208.4	0.95	0.0	-0.02	0.0	5	6661	350.6	-162.7	1.15	1091.03	1
165.45	1	1096.9	209.4	0.95	0.0	-0.03	0.0	5	6697	350.7	-168.6	1.26	1096.85	1
165.55	1	1102.7	210.4	0.95	0.0	-0.0	0.0	5	6734	350.8	-174.4	1.34	1102.65	1
165.64	1	1108.5	211.3	0.95	0.0	0.0	0.0	5	6769	350.8	-180.2	1.4	1108.5	1
165.75	1	1114.4	212.3	0.95	0.0	0.0	0.0	5	6802	350.9	-186.1	1.44	1114.41	1
165.85	1	1120.3	213.3	0.95	0.0	0.0	0.0	5	6833	350.9	-192.0	1.44	1120.3	1
165.95	1	1126.2	214.2	0.95	0.0	0.02	0.0	5	6864	350.9	-197.9	1.42	1126.24	1
166.05	1	1132.2	215.2	0.95	0.0	0.02	0.0	5	6893	350.8	-203.9	1.38	1132.21	1
166.15	1	1138.2	216.2	0.97	0.0	-0.0	0.0	5	6932	350.8	-209.9	1.32	1138.2	1
166.25	1	1144.2	217.2	1.0	0.0	0.02	0.0	5	6983	350.7	-215.9	1.26	1144.22	1
166.35	1	1150.3	218.3	1.0	0.0	0.02	0.0	5	7014	350.6	-222.0	1.19	1150.26	1
166.45	1	1156.4	219.3	1.0	0.0	-0.0	0.0	5	7069	350.6	-228.1	1.13	1156.36	1
166.55	1	1162.5	220.4	1.0	0.0	-0.07	0.0	5	7125	350.5	-234.2	1.08	1162.46	1
166.65	1	1168.6	221.5	1.0	0.0	-0.02	0.0	5	7135	350.5	-240.3	1.02	1168.59	1
166.75	1	1174.8	222.6	1.0	0.0	-0.0	0.0	5	7163	350.4	-246.5	0.97	1174.84	1
166.85	1	1181.0	223.6	1.0	0.0	-0.0	0.0	5	7203	350.3	-252.7	0.92	1181.02	1
166.95	1	1187.2	224.7	1.0	0.0	-0.0	0.0	5	7241	350.3	-259.0	0.85	1187.25	1
167.05	1	1193.5	225.7	1.0	0.0	-0.0	0.0	5	7276	350.2	-265.2	0.76	1193.5	1
167.15	1	1199.8	226.8	1.0	0.0	0.0	0.0	5	7311	350.1	-271.5	0.66	1199.79	1
167.25	1	1206.1	227.8	1.0	0.0	0.0	0.0	5	7345	350.0	-277.8	0.55	1206.1	1
167.35	1	1212.5	228.9	1.0	0.0	0.0	0.0	5	7378	349.8	-284.2	0.41	1212.45	1
167.45	1	1218.8	229.9	1.0	0.0	0.0	0.0	5	7412	349.7	-290.5	0.27	1218.81	1
167.55	1	1225.2	231.0	1.0	0.0	0.0	0.0	5	7435	349.6	-296.9	0.12	1225.23	1
167.65	1	1231.6	231.3	1.0	0.0	0.02	0.0	5	7547	349.4	-303.3	-0.04	1231.64	1
167.75	1	1238.2	232.2	1.0	0.0	0.02	0.0	5	7438	349.2	-309.9	-0.2	1238.17	1
167.85	1	1244.6	233.2	1.0	0.0	0.02	0.0	5	7469	349.1	-316.3	-0.35	1244.58	1
167.95	1	1251.1	234.1	1.0	0.0	0.02	0.0	5	7541	348.9	-322.8	-0.49	1251.06	1
168.05	1	1257.6	235.0	1.0	0.0	-0.0	0.0	5	7593	348.8	-329.3	-0.6	1257.58	1
168.15	1	1264.1	236.0	1.0	0.0	-0.0	0.0	5	7627	348.7	-335.8	-0.69	1264.12	1
168.25	1	1270.7	237.0	1.0	0.0	-0.0	0.0	5	7658	348.7	-342.4	-0.75	1270.68	1
168.35	1	1277.3	237.9	1.0	0.0	-0.0	0.0	5	7690	348.7	-349.0	-0.78	1277.29	1
168.45	1	1283.9	238.9	1.0	0.0	-0.0	0.0	5	7723	348.7	-355.6	-0.77	1283.9	1
168.55	1	1290.5	239.9	1.0	0.0	-0.0	0.0	5	7717	348.7	-362.3	-0.72	1290.54	1
168.65	1	1297.2	240.6	1.0	0.0	-0.0	0.0	5	7785	348.8	-368.9	-0.64	1297.24	1
168.75	1	1303.9	241.5	1.0	0.0	-0.0	0.0	5	7806	348.9	-375.6	-0.53	1303.92	1
168.85	1	1310.6	242.4	1.0	0.0	-0.0	0.0	5	7828	349.1	-382.4	-0.38	1310.65	1
168.95	1	1317.4	243.3	1.0	0.0	-0.0	0.0	5	7860	349.2	-389.1	-0.19	1317.36	1
169.05	1	1324.2	244.2	1.0	0.0	-0.0	0.0	5	7895	349.5	-395.9	0.03	1324.16	1
169.15	1	1331.0	245.1	1.0	0.0	-0.02	0.0	5	7898	349.7	-402.7	0.29	1330.97	1
169.25	1	1337.8	245.9	1.0	0.0	-0.02	0.0	5	7947	350.0	-409.5	0.57	1337.76	1
169.35	1	1344.6	246.8	0.97	0.0	-0.03	0.0	5	7972	350.3	-416.3	0.89	1344.56	1
169.45	1	1351.4	247.6	0.75	0.0	-0.05	0.0	5	7869	350.6	-423.1	1.22	1351.41	1
169.55	1	1358.3	247.7	0.58	0.0	-0.08	0.0	5	7738	351.0	-430.0	1.55	1358.28	1
169.65	1	1365.2	247.2	0.15	0.0	-0.0	0.0	5	7553	351.3	-436.9	1.86	1365.16	1
169.75	1	1372.0	245.7	0.0	0.0	0.0	0.0	5	7362	351.5	-443.7	2.12	1371.99	1
169.85	1	1378.8	243.9	0.0	0.0	0.05	0.0	5	7297	351.7	-450.5	2.35	1378.79	1
169.95	1	1385.5	242.1	0.0	0.0	0.12	0.0	5	7248	351.9	-457.2	2.54	1385.52	1
170.05	1	1392.2	239.9	0.0	0.11	0.06	0.0	5	7140	352.1	-463.9	2.74	1392.22	1
170.15	1	1398.9	237.4	0.0	0.16	0.06	0.0	5	7028	352.3	-470.6	2.97	1398.86	1
170.25	1	1405.4	234.4	0.0	0.24	0.02	0.0	5	6880	352.6	-477.1	3.26	1405.38	1
170.35	1	1411.8	230.9	0.0	0.28	-0.04	0.0	5	6708	353.0	-483.6	3.62	1411.85	1
170.45	1	1418.2	227.4	0.0	0.16	-0.12	0.0	5	6636	353.4	-489.9	4.03	1418.2	1
170.55	1	1424.5	224.8	0.0	0.07	-0.0	0.0	5	6667	353.8	-496.2	4.5	1424.47	1
170.65	1	1430.6	223.1	0.0	0.0	-0.05	0.0	5	6675	354.3	-502.4	5.0	1430.65	1
170.75	1	1436.8	221.5	0.0	0.0	-0.0	0.0	5	6648	354.8	-508.5	5.5	1436.8	1
170.85	1	1442.9	219.5	0.0	0.11	-0.0	0.0	5	6525	355.3	-514.6	5.97	1442.92	1
170.95	1	1449.0	217.2	0.0	0.11	-0.05	0.0	5	6450	355.7	-520.7	6.39	1448.99	1
171.05	1	1455.0	214.9	0.0	0.11	-0.1	0.0	5	6385	356.1	-526.7	6.77	1454.96	1
171.15	1	1461.0	212.6	0.0	0.09	-0.07	0.0	5	6319	356.4	-532.6	7.05	1461.03	1
171.25	1	1466.9	210.5	0.0	0.07	-0.12	0.0	5	6263	356.6	-538.5	7.2	1466.87	1
171.35	1	1472.7	208.4	0.0	0.11	-0.07	0.0	5	6184	356.8	-544.3	7.27	1472.69	1
171.45	1	1478.4	206.0	0.0	0.11	-0.16	0.0	5	6104	356.9	-550.0	7.26	1478.45	1
171.55	1	1484.2	203.7	0.0	0.11	-0.08	0.0	5	6024	356.8	-555.8	7.07	1484.24	1
171.65	1	1489.9	201.6	0.0	0.0	-0.03	0.0	5	6003	356.7	-561.4	6.78	1489.86	1
171.75	1	1495.4	200.0	0.0	0.0	-0.02	0.0	5	5971	356.5	-566.9	6.4	1495.41	1
171.85	1	1500.9	198.5	0.0	0.0	-0.0	0.0	5	5937	356.1	-572.4	5.92	1500.86	1
171.98	1	1508.2	196.7	0.0	0.0	0.0	0.0	5	5875	355.6	-579.7	5.05	1508.16	1
172.08	1	1513.6	195.2	0.0	0.09	0.06	0.0	5	5820	355.1	-585.2	4.28	1513.58	1
172.18	1	1517.6	193.2	0.0	0.11	0.0	0.0	5	5771	354.5	-590.5	4.12	1517.61	1
172.28	1	1522.3	191.3	0.0	0.11	-0.02	0.0	5	5672	354.0	-595.9	5.79	1522.25	1
172.38	1	1529.3	189.3	0.0	0.11	0.01	0.0	5	5640	353.5	-601.1	5.1	1529.29	1
172.48	1	1538.0	187.1	0.0	0.22	0.06	0.0	5	5524	353.0	-606.3	3.79	1537.97	1
172.58	1	1541.1	183.8	0.0	0.43	0.01	0.0	5	5319	352.5	-611.4	2.04	1541.07	1
172.68	1	1546.2	179.3	0.0	0.62	0.09	0.0	5	4964	352.0	-616.5	2.58	1546.24	1
172.78	1	1551.7	174.2	0.0	0.68	0.07	0.0	5	4493	351.6	-621.4	2.17	1551.72	1
172.88	1	1556.4	168.6	0.0	0.68	0.01	0.0	5	4293	351.2	-626.1	1.73	1556.36	1
172.98	1	1561.0	163.2	0.0	0.68	0.0	0.0	5	3892	350.9	-630.7	1.38	1560.95	1
173.08	1	1565.4	157.7	0.0	0.68	-0.05	0.0	5	3520	350.5	-635.2	1.02	1565.43	1
173.18	1	1569.7	153.1	0.0	0.65	-0.2	0.0	5	3066	350.3	-639.5	0.64	1569.73	1
173.28	1	1573.9	147.8	0.0	0.49	-0.23	0.0	5	3013	350.0	-643.7	0.47	1573.87	1
173.38	1	1577.9	143.5	0.0	0.3	-0.24	0.0	5	3299	349.8	-647.7	0.39	1577.91	1
173.48	1	1581.8	139.8	0.0	0.26	-0.2	0.0	5	3592	349.7	-651.6	0.44	1581.85	1
173.58	1	1585.7	136.6	0.0	0.23	-0.24	0.0	5	3731	349.6	-655.5	0.55	1585.69	1
173.68	1	1589.4	133.7	0.0	0.23	-0.35	0.0	5	3772	349.6	-659.2	0.71	1589.43	1
173.78	1	1593.1	131.0	0.0	0.21	-0.39	0.0	5	3776	349.7	-662.9	0.93	1593.07	1
173.88	1	1596.7	128.6	0.0	0.21	-0.39	0.0	5	3758	349.9	-666.5	1.23	1596.67	1
173.98	1	1600.2	126.2	0.0	0.24	-0.35	0.0	5	3748	350.0	-670.0	1.49	1600.16	1
174.08	1	1603.6	123.5	0.0	0.26	-0.34	0.0	5	3608	350.0	-673.5	1.82	1603.58	1
174.18	1	1607.0	120.6	0.0	0.26	-0.39	0.0	5	3485	350.0	-676.9	2.04	1606.97	1
174.28	1	1610.1	117.6	0.0	0.21	-0.32	0.0	5	3371	349.8	-680.2	2.37	1610.08	1
174.38	1	1613.3	114.9	0.0	0.13	-0.17	0.0	5	3312	349.5	-683.4	2.63	1613.3	1
174.48	1	1616.3	113.1	0.0	0.0	0.0	0.0	5	3343	349.1	-686.5	2.85	1616.3	1
174.58	1	1619.4	111.8	0.0	0.0	0.02	0.0	5	3297	348.6	-689.6	3.05	1619.42	1
174.68	1	1622.5	110.4	0.0	0.0	0.06	0.0	5	3254	348.0	-692.6	3.12	1622.5	1
174.79	1	1625.9	108.8	0.0	0.0	0.01	0.0	5	3202	347.1	-696.0	3.1	1625.9	1
174.89	1	1628.9	107.4	0.0	0.0	0.01	0.0	5	3163	346.3	-698.8	2.93	1628.89	1
174.99	1	1631.4	106.4	0.13	0.0	0.0	0.0	5	3134	345.3	-701.6	2.91	1631.44	1
175.09	1	1634.4	105.1	0.29	0.0	-0.03	0.0	5	3159	344.2	-704.4	2.96	1634.39	1
175.19	1	1637.3	104.1	0.47	0.0	-0.04	0.0	5	3149	343.0	-707.0	2.87	1637.28	1
175.29	1	1640.2	103.1	0.51	0.0	-0.04	0.0	5	3140	341.7	-709.6	2.64	1640.16	1
175.39	1	1643.0	102.4	0.52	0.0	0.05	0.0	5	3128	340.4	-712.1	2.3	1642.98	1
175.49	1	1645.8	101.9	0.38	0.0	0.28	0.0	5	3092	338.9	-714.5	1.83	1645.78	1
175.59	1	1648.6	101.5	0.32	0.0	0.11	0.02	5	3065	337.3	-716.9	1.28	1648.56	1
175.69	1	1651.2	101.1	0.3	0.0	0.05	0.06	5	3059	335.7	-719.2	0.69	1651.18	1
175.79	1	1654.0	100.8	0.3	0.0	0.05	0.19	5	3055	334.0	-721.4	0.49	1653.99	1
175.89	1	1656.8	100.5	0.3	0.0	0.01	0.85	5	3049	332.3	-723.7	0.29	1656.77	1
175.99	1	1659.5	100.3	0.29	0.0	0.0	0.91	5	3038	330.7	-725.9	0.09	1659.55	1
176.09	1	1662.3	100.0	0.27	0.0	-0.05	1.0	5	3044	329.0	-728.2	-0.09	1662.33	1
176.19	1	1665.1	99.7	0.22	0.0	-0.0	1.0	5	3038	327.4	-730.4	-0.28	1665.1	1
176.29	1	1667.9	99.4	0.0	0.0	-0.03	1.0	5	2924	325.8	-732.6	-0.48	1667.87	1
176.39	1	1670.6	99.1	0.0	0.0	-0.0	1.0	4	2745	324.1	-734.8	-0.7	1670.61	1
176.49	1	1673.5	98.8	0.0	0.0	-0.0	1.0	4	2575	322.5	-737.0	-0.66	1673.5	1
176.59	1	1676.2	98.5	0.0	0.0	-0.0	1.0	4	2417	320.8	-739.2	-0.36	1676.22	1
176.69	1	1678.9	98.2	0.0	0.0	-0.0	1.0	3	2267	319.1	-741.4	-0.06	1678.94	1
176.79	1	1681.6	97.9	0.0	0.0	-0.04	1.0	3	2128	317.5	-743.6	0.23	1681.65	1
176.89	1	1684.4	97.6	0.0	0.0	-0.09	1.0	3	1996	315.8	-745.7	0.51	1684.35	1
176.99	1	1687.0	96.2	0.09	0.0	-0.14	0.26	3	2815	314.2	-747.8	0.77	1687.03	1
177.09	1	1689.7	93.8	0.2	0.0	-0.23	0.02	3	3956	312.5	-749.9	0.99	1689.67	1
177.19	1	1692.3	93.2	0.3	0.0	-0.23	0.01	3	4110	310.9	-751.9	1.13	1692.25	1
177.29	1	1694.6	93.0	0.36	0.0	-0.23	0.01	3	4121	309.1	-753.8	1.5	1694.61	1
177.39	1	1697.2	93.0	0.38	0.0	-0.24	0.01	3	4126	307.3	-755.7	1.92	1697.16	1
177.49	1	1699.7	92.9	0.38	0.0	-0.24	0.01	3	4130	305.5	-757.4	2.24	1699.71	1
177.59	1	1702.3	92.6	0.4	0.0	-0.2	0.01	3	4210	303.5	-759.2	2.47	1702.29	1
177.69	1	1704.9	92.8	0.45	0.0	-0.17	0.01	3	4109	301.6	-760.8	2.6	1704.85	1
177.79	1	1707.4	92.9	0.49	0.0	-0.14	0.01	3	4130	299.5	-762.4	2.6	1707.42	1
177.89	1	1710.0	93.1	0.51	0.0	-0.14	0.01	3	4152	297.4	-763.8	2.53	1710.03	1
177.99	1	1712.6	93.5	0.52	0.0	-0.17	0.01	3	4170	295.2	-765.3	2.38	1712.6	1
178.09	1	1714.9	93.8	0.52	0.0	-0.23	0.01	3	4187	293.0	-766.6	2.32	1714.85	1
178.19	1	1717.5	94.1	0.52	0.0	-0.23	0.01	3	4206	290.8	-768.0	2.42	1717.46	1
178.29	1	1720.1	94.4	0.52	0.0	-0.23	0.01	3	4225	288.5	-769.2	2.45	1720.09	1
178.39	1	1722.7	94.7	0.52	0.0	-0.2	0.01	3	4242	286.1	-770.4	2.39	1722.71	1
178.49	1	1725.3	95.1	0.56	0.0	-0.14	0.01	3	4259	283.7	-771.5	2.24	1725.33	1
178.59	1	1728.0	95.5	0.58	0.0	-0.14	0.01	3	4283	281.3	-772.5	2.01	1727.97	1
178.69	1	1730.6	96.0	0.6	0.0	-0.12	0.01	3	4311	278.8	-773.5	1.69	1730.61	1
178.79	1	1733.3	96.5	0.62	0.0	-0.12	0.01	3	4346	276.3	-774.4	1.3	1733.25	1
178.89	1	1735.9	96.8	0.63	0.0	-0.12	0.01	3	4501	273.7	-775.2	0.83	1735.9	1
178.99	1	1738.5	97.7	0.67	0.0	-0.14	0.01	3	4401	271.1	-776.0	0.28	1738.54	1
179.09	1	1741.2	98.4	0.67	0.0	-0.12	0.01	3	4409	268.5	-776.6	-0.34	1741.19	1
179.19	1	1744.1	99.2	0.69	0.0	-0.1	0.01	3	4484	265.8	-777.2	-0.03	1744.12	1
179.29	1	1746.8	100.1	0.69	0.0	-0.0	0.01	3	4520	263.1	-777.8	0.53	1746.84	1
179.39	1	1749.6	101.0	0.66	0.0	-0.05	0.01	3	4543	260.4	-778.3	1.07	1749.57	1
179.49	1	1752.3	101.8	0.66	0.0	-0.1	0.01	3	4573	257.6	-778.8	1.6	1752.33	1
179.62	1	1755.9	102.8	0.66	0.0	-0.16	0.01	3	4630	254.0	-779.4	2.21	1755.89	1
179.72	1	1758.7	103.6	0.66	0.0	-0.12	0.01	3	4683	251.2	-779.8	2.63	1758.73	1
179.82	1	1762.0	104.4	0.66	0.0	-0.14	0.01	3	4720	248.3	-780.1	2.88	1761.97	1
179.92	1	1764.9	105.2	0.66	0.0	-0.15	0.01	3	4772	245.4	-780.4	2.82	1764.89	1
180.02	1	1767.8	105.6	0.66	0.0	-0.15	0.01	3	4924	242.5	-780.6	2.7	1767.76	1
180.12	1	1770.7	106.6	0.66	0.0	-0.14	0.01	3	4795	239.6	-780.8	2.51	1770.7	1
180.22	1	1773.5	107.3	0.66	0.0	-0.14	0.01	3	4853	236.6	-780.8	2.29	1773.47	1
180.32	1	1776.5	108.1	0.66	0.0	-0.07	0.01	3	4914	233.6	-780.7	2.16	1776.45	1
180.42	1	1779.0	109.0	0.66	0.0	-0.0	0.01	3	4943	230.6	-780.5	2.07	1779.05	1
180.52	1	1782.1	109.9	0.66	0.0	-0.08	0.01	3	4973	227.5	-780.3	2.4	1782.07	1
180.62	1	1786.1	110.8	0.66	0.0	-0.17	0.01	3	5010	224.5	-780.1	2.56	1786.13	1
180.72	1	1789.1	111.7	0.66	0.0	-0.17	0.01	3	5060	221.4	-779.8	1.67	1789.09	1
180.82	1	1792.0	112.5	0.66	0.0	-0.17	0.01	3	5121	218.3	-779.4	0.76	1792.0	1
180.92	1	1795.0	113.4	0.66	0.0	-0.17	0.01	3	5162	215.2	-778.9	-0.03	1795.04	1
181.02	1	1798.1	113.5	0.66	0.0	-0.17	0.01	3	5321	212.1	-778.3	-0.85	1798.14	1
181.12	1	1801.2	114.4	0.66	0.0	-0.17	0.01	3	5174	209.0	-777.7	-1.57	1801.21	1
181.22	1	1804.7	115.1	0.66	0.0	-0.17	0.01	3	5253	205.9	-776.9	-2.13	1804.68	1
181.32	1	1808.4	115.8	0.66	0.0	-0.14	0.01	3	5312	202.8	-776.0	-2.51	1808.41	1
181.42	1	1811.6	116.7	0.66	0.0	-0.03	0.01	3	5357	199.8	-775.0	-2.33	1811.63	1
181.52	1	1815.0	117.7	0.66	0.0	-0.1	0.01	3	5366	196.7	-773.9	-2.11	1815.04	1
181.62	1	1818.3	118.6	0.66	0.0	-0.12	0.01	3	5394	193.6	-772.7	-1.86	1818.31	1
181.72	1	1821.6	119.3	0.66	0.0	-0.14	0.01	3	5512	190.6	-771.5	-1.8	1821.56	1
181.82	1	1825.0	119.5	0.66	0.0	-0.12	0.01	3	5494	187.5	-770.1	-1.71	1825.03	1
181.96	1	1829.5	120.8	0.66	0.0	-0.12	0.01	3	5480	183.5	-768.2	-1.52	1829.51	1
182.07	1	1833.4	121.7	0.66	0.0	-0.1	0.01	3	5568	180.1	-766.3	-1.51	1833.43	1
182.17	1	1836.8	122.7	0.66	0.0	-0.08	0.01	3	5607	177.1	-764.6	-1.58	1836.83	1
182.27	1	1840.2	123.7	0.66	0.0	-0.08	0.01	3	5645	174.2	-762.9	-1.72	1840.24	1
182.37	1	1843.7	124.7	0.66	0.0	-0.12	0.01	3	5690	171.3	-761.1	-1.94	1843.67	1
182.47	1	1847.6	125.7	0.66	0.0	-0.13	0.01	3	5740	168.4	-759.1	-2.21	1847.56	1
182.57	1	1851.1	126.6	0.66	0.0	-0.16	0.01	3	5791	165.5	-757.1	-1.96	1851.06	1
182.67	1	1854.6	127.5	0.66	0.0	-0.17	0.01	3	5869	162.6	-755.0	-1.8	1854.58	1
182.77	1	1858.1	128.4	0.66	0.0	-0.17	0.01	3	5882	159.8	-752.9	-1.73	1858.14	1
182.87	1	1861.7	128.3	0.66	0.0	-0.17	0.01	3	5980	157.1	-750.6	-1.76	1861.72	1
182.97	1	1865.3	128.7	0.66	0.0	-0.17	0.01	3	5899	154.4	-748.2	-1.9	1865.28	1
183.07	1	1868.8	129.2	0.66	0.0	-0.17	0.01	3	5968	151.8	-745.8	-2.16	1868.85	1
183.17	1	1872.9	129.5	0.66	0.0	-0.17	0.01	3	5997	149.2	-743.2	-2.16	1872.91	1
183.27	1	1876.5	129.7	0.66	0.0	-0.09	0.01	3	6002	146.8	-740.6	-1.95	1876.5	1
183.37	1	1880.1	130.1	0.66	0.0	-0.07	0.01	3	6015	144.4	-737.9	-1.85	1880.11	1
183.47	1	1883.7	130.4	0.66	0.0	-0.1	0.01	3	6028	142.2	-735.1	-1.88	1883.72	1
183.57	1	1887.4	130.6	0.66	0.0	-0.12	0.01	3	6038	140.0	-732.1	-2.03	1887.36	1
183.67	1	1891.0	130.8	0.66	0.0	-0.11	0.01	3	6049	137.9	-729.2	-2.29	1890.98	1
183.77	1	1895.1	131.0	0.66	0.0	-0.02	0.01	3	6048	135.9	-726.1	-2.54	1895.15	1
183.87	1	1898.8	131.2	0.66	0.0	0.0	0.01	3	6086	134.0	-723.0	-2.3	1898.78	1
183.97	1	1902.4	130.6	0.66	0.0	0.0	0.01	3	5976	132.3	-719.8	-2.17	1902.41	1
184.07	1	1906.0	130.5	0.66	0.0	0.0	0.01	3	5978	130.6	-716.6	-2.17	1906.04	1
184.17	1	1909.7	130.4	0.58	0.0	0.22	0.01	3	5972	129.1	-713.3	-2.3	1909.67	1
184.27	1	1913.3	130.2	0.31	0.0	0.22	0.01	3	5909	127.6	-710.0	-2.54	1913.27	1
184.37	1	1916.9	129.6	0.0	0.0	0.16	0.01	3	5574	126.3	-706.6	-2.9	1916.87	1
184.48	1	1921.3	128.2	0.0	0.0	0.14	0.01	3	5432	125.0	-702.9	-2.81	1921.33	1
184.58	1	1924.9	126.9	0.0	0.0	0.19	0.01	3	5392	123.9	-699.6	-2.77	1924.88	1
184.68	1	1928.4	125.8	0.0	0.0	0.26	0.01	3	5372	123.0	-696.2	-2.82	1928.39	1
184.78	1	1931.9	124.8	0.0	0.0	0.14	0.03	3	5365	122.1	-692.8	-2.9	1931.87	1
184.88	1	1935.3	123.9	0.0	0.0	0.09	0.04	3	5343	121.2	-689.5	-2.98	1935.31	1
184.98	1	1938.8	123.0	0.0	0.0	0.09	0.05	3	5284	120.2	-686.2	-3.01	1938.76	1
185.08	1	1942.4	121.9	0.0	0.0	0.09	0.05	3	5267	119.2	-683.0	-2.83	1942.44	1
185.18	1	1945.8	121.0	0.0	0.0	0.01	0.05	3	5219	118.1	-679.8	-2.38	1945.79	1
185.28	1	1949.1	120.2	0.0	0.0	0.01	0.07	3	5178	117.0	-676.6	-1.88	1949.11	1
185.38	1	1952.4	119.3	0.0	0.0	0.0	0.6	3	5143	115.8	-673.5	-1.35	1952.37	1
185.48	1	1955.6	118.8	0.0	0.0	-0.01	1.0	3	4876	114.7	-670.4	-0.8	1955.64	1
185.58	1	1958.9	118.4	0.0	0.0	0.0	1.0	4	4575	113.5	-667.3	-0.24	1958.89	1
185.68	1	1962.1	118.2	0.12	0.0	-0.02	0.83	4	4281	112.3	-664.2	0.31	1962.12	1
185.78	1	1965.4	117.8	0.14	0.0	-0.07	0.08	4	4236	111.2	-661.2	0.86	1965.35	1
185.88	1	1968.6	117.3	0.16	0.0	-0.1	0.07	4	4225	110.0	-658.1	1.38	1968.59	1
185.98	1	1971.8	117.0	0.28	0.0	-0.1	0.07	4	4236	108.9	-655.0	1.86	1971.82	1
186.08	1	1975.0	116.9	0.41	0.0	-0.05	0.07	4	4262	107.9	-652.0	2.29	1975.03	1
186.18	1	1978.3	116.9	0.43	0.0	-0.07	0.07	4	4272	106.9	-648.9	2.67	1978.27	1
186.28	1	1981.5	117.0	0.43	0.0	-0.09	0.07	4	4265	105.9	-645.8	3.02	1981.53	1
186.38	1	1984.7	117.1	0.43	0.0	-0.07	0.07	4	4249	105.0	-642.7	3.3	1984.73	1
186.48	1	1988.0	116.8	0.43	0.0	-0.1	0.07	4	4378	104.1	-639.5	3.53	1987.97	1
186.58	1	1991.2	117.0	0.43	0.0	-0.11	0.02	4	4345	103.2	-636.4	3.73	1991.21	1
186.68	1	1994.5	117.1	0.45	0.0	-0.1	0.0	4	4271	102.5	-633.2	3.85	1994.5	1
186.78	1	1997.8	117.1	0.49	0.0	-0.07	0.0	4	4297	101.8	-630.1	3.86	1997.76	1
186.88	1	2001.0	117.4	0.58	0.0	-0.0	0.0	4	4326	101.1	-626.9	3.8	2001.01	1
186.98	1	2004.3	117.8	0.62	0.0	0.0	0.0	4	4335	100.6	-623.6	3.7	2004.29	1
187.08	1	2007.6	118.2	0.63	0.0	0.0	0.0	4	4374	100.0	-620.4	3.57	2007.56	1
187.18	1	2010.8	118.7	0.66	0.0	0.0	0.0	4	4375	99.5	-617.2	3.42	2010.84	1
187.28	1	2014.2	119.3	0.67	0.0	-0.03	0.0	4	4403	98.9	-613.9	3.25	2014.15	1
187.38	1	2017.5	119.8	0.71	0.0	-0.0	0.0	4	4433	98.4	-610.6	3.08	2017.46	1
187.48	1	2020.7	120.6	0.78	0.0	0.01	0.0	4	4475	97.9	-607.3	2.94	2020.74	1
187.58	1	2024.1	121.4	0.84	0.0	-0.0	0.0	4	4530	97.4	-604.0	2.82	2024.09	1
187.68	1	2027.5	122.4	0.91	0.0	-0.0	0.0	4	4587	96.9	-600.7	2.69	2027.48	1
187.78	1	2030.9	123.5	0.93	0.0	0.02	0.0	4	4638	96.4	-597.3	2.55	2030.87	1
187.88	1	2034.3	124.6	0.93	0.0	0.02	0.0	4	4685	95.8	-593.9	2.41	2034.33	1
187.98	1	2037.8	125.8	0.93	0.0	0.02	0.0	4	4738	95.3	-590.4	2.27	2037.83	1
188.08	1	2041.3	127.0	0.93	0.0	0.02	0.0	4	4760	94.8	-586.9	2.14	2041.35	1
188.18	1	2044.9	128.1	0.92	0.0	-0.0	0.0	4	4874	94.2	-583.5	2.02	2044.87	1
188.28	1	2048.5	129.4	0.86	0.0	-0.03	0.0	4	4854	93.6	-579.9	1.93	2048.46	1
188.38	1	2052.1	130.5	0.86	0.0	-0.05	0.0	4	4882	93.1	-576.3	1.85	2052.07	1
188.48	1	2055.7	131.5	0.86	0.0	-0.0	0.0	4	4937	92.5	-572.8	1.77	2055.69	1
188.58	1	2059.4	132.6	0.86	0.0	-0.0	0.0	4	4983	91.9	-569.1	1.68	2059.36	1
188.68	1	2063.1	133.7	0.86	0.0	0.0	0.0	4	5025	91.3	-565.5	1.57	2063.06	1
188.78	1	2066.8	134.8	0.86	0.0	0.0	0.0	4	5068	90.7	-561.8	1.46	2066.79	1
188.88	1	2070.5	136.0	0.86	0.0	0.02	0.0	4	5113	90.2	-558.1	1.35	2070.55	1
188.98	1	2074.3	137.1	0.86	0.0	0.02	0.0	4	5158	89.6	-554.4	1.21	2074.34	1
189.08	1	2078.2	138.3	0.86	0.0	0.02	0.0	4	5202	89.0	-550.6	1.07	2078.17	1
189.18	1	2082.0	139.4	0.86	0.0	0.02	0.0	4	5250	88.4	-546.8	0.95	2082.02	1
189.31	1	2086.8	140.8	0.86	0.0	0.02	0.0	4	5309	87.6	-542.0	0.83	2086.81	1
189.39	1	2090.3	141.9	0.86	0.0	-0.0	0.0	4	5351	87.0	-538.6	0.76	2090.29	1
189.49	1	2094.3	143.1	0.86	0.0	-0.03	0.0	4	5396	86.3	-534.7	0.69	2094.25	1
189.59	1	2098.2	144.3	0.86	0.0	-0.03	0.0	4	5443	85.6	-530.8	0.63	2098.25	1
189.69	1	2102.3	145.5	0.86	0.0	-0.03	0.0	4	5491	84.9	-526.8	0.57	2102.27	1
189.79	1	2106.3	146.7	0.86	0.0	-0.0	0.0	4	5541	84.2	-522.8	0.5	2106.33	1
189.89	1	2110.4	147.9	0.86	0.0	0.0	0.0	4	5591	83.5	-518.8	0.41	2110.42	1
190.0	1	2114.6	149.1	0.86	0.0	0.0	0.0	4	5639	82.8	-514.7	0.3	2114.55	1
190.1	1	2118.7	150.4	0.86	0.0	0.0	0.0	4	5688	82.2	-510.6	0.17	2118.71	1
190.2	1	2122.9	151.6	0.86	0.0	0.0	0.0	4	5737	81.5	-506.4	0.02	2122.9	1
190.3	1	2127.1	152.9	0.86	0.0	0.0	0.0	4	5786	80.9	-502.3	-0.14	2127.14	1
190.4	1	2131.4	154.1	0.86	0.0	0.0	0.0	4	5836	80.2	-498.0	-0.31	2131.4	1
190.5	1	2135.7	155.4	0.86	0.0	0.0	0.0	4	5886	79.6	-493.8	-0.48	2135.68	1
190.6	1	2140.0	156.7	0.86	0.0	0.02	0.0	4	5937	78.9	-489.5	-0.65	2140.03	1
190.7	1	2144.4	158.0	0.86	0.0	0.02	0.0	4	5989	78.3	-485.2	-0.83	2144.39	1
190.8	1	2148.8	159.3	0.86	0.0	0.02	0.0	4	6040	77.6	-480.8	-1.0	2148.78	1
190.9	1	2153.2	160.5	0.86	0.0	0.02	0.0	4	6093	76.9	-476.4	-1.16	2153.23	1
191.0	1	2157.7	161.8	0.86	0.0	0.03	0.0	4	6146	76.2	-472.0	-1.3	2157.71	1
191.1	1	2162.2	163.1	0.86	0.0	0.0	0.0	4	6200	75.4	-467.6	-1.42	2162.23	1
191.2	1	2166.8	164.4	0.86	0.0	-0.03	0.0	4	6251	74.7	-463.1	-1.51	2166.77	1
191.3	1	2171.4	165.7	0.86	0.0	-0.03	0.0	4	6301	73.9	-458.6	-1.58	2171.36	1
191.4	1	2176.0	167.0	0.86	0.0	-0.03	0.0	4	6349	73.0	-454.0	-1.63	2175.98	1
191.5	1	2180.7	168.4	0.86	0.0	-0.03	0.0	4	6401	72.2	-449.4	-1.69	2180.66	1
191.6	1	2185.3	169.7	0.86	0.0	0.0	0.0	4	6455	71.4	-444.8	-1.75	2185.33	1
191.7	1	2190.1	171.0	0.86	0.0	0.0	0.0	4	6508	70.5	-440.2	-1.83	2190.06	1
191.8	1	2194.8	172.3	0.86	0.0	0.0	0.0	4	6560	69.7	-435.5	-1.93	2194.82	1
191.93	1	2201.2	174.1	0.86	0.0	0.0	0.0	4	6629	68.6	-429.1	-2.07	2201.24	1
192.03	1	2206.1	175.4	0.86	0.0	0.02	0.0	4	6683	67.8	-424.3	-2.2	2206.12	1
192.14	1	2211.7	176.9	0.86	0.0	0.02	0.0	4	6739	66.9	-418.8	-2.34	2211.72	1
192.24	1	2216.6	178.2	0.86	0.0	0.02	0.0	4	6793	66.1	-414.0	-2.46	2216.64	1
192.34	1	2221.6	179.5	0.86	0.0	0.02	0.0	4	6847	65.2	-409.1	-2.57	2221.61	1
192.44	1	2226.6	180.8	0.86	0.0	0.03	0.0	4	6903	64.4	-404.1	-2.67	2226.62	1
192.54	1	2231.7	182.1	0.86	0.0	0.01	0.0	4	6958	63.5	-399.1	-2.75	2231.67	1
192.64	1	2236.7	183.4	0.86	0.0	0.01	0.0	4	7012	62.5	-394.2	-2.8	2236.75	1
192.74	1	2241.8	184.7	0.86	0.0	0.0	0.0	4	7064	61.5	-389.2	-2.81	2241.84	1
192.84	1	2247.0	186.0	0.82	0.0	-0.02	0.0	4	7098	60.5	-384.1	-2.79	2246.98	1
192.94	1	2252.2	187.1	0.71	0.0	-0.02	0.07	4	7070	59.4	-379.0	-2.73	2252.18	1
193.04	1	2257.4	187.6	0.42	0.0	0.0	0.91	5	7142	58.3	-373.9	-2.64	2257.38	1
193.14	1	2262.6	186.8	0.07	0.0	0.0	1.0	5	7124	57.2	-368.9	-2.53	2262.57	1
193.24	1	2267.8	186.3	0.14	0.0	-0.0	0.61	5	6556	56.1	-363.8	-2.4	2267.77	1
193.34	1	2272.9	186.6	0.32	0.0	-0.05	0.04	5	5721	54.9	-358.8	-2.27	2272.93	1
193.44	1	2278.1	186.4	0.52	0.0	-0.07	0.0	5	5748	53.8	-353.7	-2.14	2278.11	1
193.54	1	2283.3	186.4	0.66	0.0	-0.12	0.0	5	5810	52.7	-348.6	-2.03	2283.3	1
193.64	1	2288.5	186.8	0.88	0.0	-0.09	0.0	5	5921	51.6	-343.6	-1.98	2288.47	1
193.74	1	2293.7	187.5	0.91	0.0	-0.02	0.0	5	5992	50.6	-338.5	-1.99	2293.67	1
193.84	1	2298.9	188.3	0.91	0.0	0.0	0.0	5	6030	49.7	-333.3	-2.07	2298.89	1
193.94	1	2304.2	189.0	0.74	0.0	0.24	0.0	5	5987	48.8	-328.2	-2.23	2304.15	1
194.04	1	2309.4	189.4	0.6	0.0	0.21	0.0	5	5900	48.0	-323.0	-2.41	2309.42	1
194.14	1	2314.7	189.3	0.48	0.0	0.23	0.0	5	5866	47.1	-317.8	-2.58	2314.68	1
194.27	1	2321.4	188.9	0.48	0.0	0.05	0.0	5	5884	45.9	-311.2	-2.69	2321.37	1
194.37	1	2326.6	188.5	0.49	0.0	-0.12	0.0	5	5883	44.9	-306.0	-2.66	2326.6	1
194.47	1	2331.8	188.1	0.52	0.0	-0.07	0.0	5	5881	43.8	-300.9	-2.52	2331.84	1
194.57	1	2337.1	187.8	0.52	0.0	-0.1	0.0	5	5870	42.5	-295.9	-2.27	2337.05	1
194.67	1	2342.3	187.6	0.52	0.0	-0.16	0.0	5	5846	41.1	-290.8	-1.91	2342.26	1
194.77	1	2347.5	187.5	0.53	0.0	-0.12	0.0	5	5818	39.7	-285.8	-1.46	2347.46	1
194.87	1	2352.6	187.5	0.53	0.0	-0.1	0.0	5	5800	38.2	-280.8	-0.95	2352.63	1
194.97	1	2357.8	187.5	0.53	0.0	-0.07	0.0	5	5803	36.7	-275.9	-0.43	2357.78	1
195.07	1	2363.0	187.4	0.55	0.0	-0.02	0.0	5	5817	35.2	-270.8	0.07	2363.01	1
195.17	1	2368.2	187.4	0.55	0.0	-0.0	0.0	5	5823	33.8	-265.8	0.5	2368.2	1
195.27	1	2373.4	187.4	0.58	0.0	-0.0	0.0	5	5828	32.4	-260.8	0.86	2373.42	1
195.37	1	2378.6	187.5	0.62	0.0	-0.0	0.0	5	5844	31.1	-255.7	1.16	2378.62	1
195.47	1	2383.8	187.6	0.63	0.0	-0.0	0.0	5	5850	29.9	-250.7	1.39	2383.81	1
195.57	1	2389.0	187.9	0.63	0.0	-0.0	0.0	5	5854	28.7	-245.6	1.58	2389.03	1
195.67	1	2394.2	188.1	0.63	0.0	-0.03	0.0	5	5859	27.6	-240.5	1.74	2394.23	1
195.77	1	2399.5	188.3	0.65	0.0	-0.05	0.0	5	5870	26.4	-235.4	1.86	2399.46	1
195.87	1	2404.7	188.6	0.64	0.0	-0.05	0.0	5	5880	25.4	-230.3	1.94	2404.69	1
195.97	1	2409.9	188.8	0.67	0.0	-0.02	0.0	5	5902	24.3	-225.2	1.98	2409.93	1
196.07	1	2415.2	189.2	0.69	0.0	-0.0	0.0	5	5918	23.3	-220.0	1.99	2415.2	1
196.17	1	2420.4	189.6	0.69	0.0	0.05	0.0	5	5933	22.3	-214.8	1.96	2420.45	1
196.27	1	2425.7	189.9	0.69	0.0	0.12	0.0	5	5939	21.3	-209.6	1.9	2425.74	1
196.37	1	2431.0	190.3	0.67	0.0	0.01	0.0	5	5942	20.4	-204.5	1.85	2431.0	1
196.47	1	2436.3	190.6	0.67	0.0	-0.0	0.0	5	5957	19.4	-199.3	1.81	2436.29	1
196.57	1	2441.6	190.9	0.67	0.0	-0.0	0.0	5	5968	18.4	-194.1	1.81	2441.59	1
196.67	1	2446.9	191.2	0.67	0.0	-0.03	0.0	5	5976	17.3	-188.9	1.85	2446.9	1
196.77	1	2452.2	191.6	0.67	0.0	0.0	0.0	5	5984	16.2	-183.7	1.91	2452.22	1
196.87	1	2457.5	191.8	0.71	0.0	0.05	0.0	5	6061	15.1	-178.5	2.0	2457.54	1
196.97	1	2462.9	192.4	0.74	0.0	0.01	0.0	5	6012	14.0	-173.2	1.98	2462.95	1
197.07	1	2468.3	192.9	0.77	0.0	-0.01	0.0	5	6053	12.8	-168.0	1.93	2468.3	1
197.17	1	2473.7	193.4	0.78	0.0	0.01	0.0	5	6092	11.6	-162.8	1.91	2473.67	1
197.27	1	2479.1	194.0	0.79	0.0	0.01	0.0	5	6112	10.3	-157.5	1.91	2479.06	1
197.37	1	2484.5	194.6	0.79	0.0	0.01	0.0	5	6119	9.1	-152.3	1.93	2484.46	1
197.47	1	2489.9	195.2	0.8	0.0	0.08	0.0	5	6169	7.8	-147.1	1.97	2489.86	1
197.57	1	2495.3	195.8	0.82	0.0	0.1	0.0	5	6189	6.5	-141.8	2.03	2495.29	1
197.67	1	2500.9	196.4	0.82	0.0	0.1	0.0	5	6220	5.1	-136.5	2.02	2500.86	1
197.77	1	2506.3	196.9	0.84	0.0	0.1	0.0	5	6253	3.7	-131.2	1.9	2506.33	1
197.87	1	2511.8	197.4	0.84	0.0	0.01	0.0	5	6315	2.2	-126.0	1.85	2511.8	1
197.97	1	2517.3	198.0	0.84	0.0	-0.08	0.0	5	6347	0.6	-120.7	1.88	2517.29	1
198.07	1	2522.8	198.6	0.84	0.0	-0.1	0.0	5	6351	-1.1	-115.5	2.0	2522.75	1
198.17	1	2528.3	199.3	0.84	0.0	-0.16	0.0	5	6345	-2.8	-110.3	2.19	2528.29	1
198.27	1	2533.8	200.0	0.77	0.0	-0.16	0.0	5	6299	-4.6	-105.0	2.42	2533.84	1
198.37	1	2539.6	200.5	0.77	0.0	-0.0	0.0	5	6329	-6.4	-99.8	2.57	2539.57	1
198.47	1	2545.1	201.0	0.77	0.0	0.02	0.0	5	6355	-8.2	-94.5	2.38	2545.14	1
198.57	1	2550.7	201.5	0.77	0.0	0.09	0.0	5	6371	-10.0	-89.2	2.13	2550.72	1
198.67	1	2556.3	202.0	0.77	0.0	0.1	0.0	5	6367	-11.7	-83.8	1.84	2556.33	1
198.77	1	2561.9	202.6	0.77	0.0	0.1	0.0	5	6385	-13.3	-78.5	1.51	2561.93	1
198.87	1	2567.6	203.1	0.77	0.0	0.1	0.0	5	6395	-15.0	-73.1	1.2	2567.56	1
198.97	1	2573.2	203.5	0.77	0.0	0.06	0.0	5	6448	-16.8	-67.7	0.93	2573.2	1
199.07	1	2578.9	203.9	0.77	0.0	0.0	0.0	5	6474	-18.6	-62.3	0.67	2578.91	1
199.17	1	2584.6	204.2	0.77	0.0	0.0	0.0	5	6499	-20.5	-57.0	0.24	2584.56	1
199.27	1	2590.3	204.5	0.77	0.0	0.0	0.0	5	6521	-22.5	-51.6	-0.1	2590.26	1
199.37	1	2595.9	204.9	0.77	0.0	0.0	0.0	5	6528	-24.6	-46.4	-0.34	2595.92	1
199.47	1	2601.6	205.2	0.77	0.0	0.06	0.0	5	6536	-26.7	-41.1	-0.49	2601.6	1
199.57	1	2607.3	205.5	0.77	0.0	0.02	0.0	5	6549	-29.0	-35.9	-0.55	2607.31	1
199.67	1	2613.0	205.8	0.77	0.0	0.01	0.0	5	6560	-31.3	-30.7	-0.5	2613.02	1
199.77	1	2618.7	206.2	0.77	0.0	-0.02	0.0	5	6569	-33.8	-25.5	-0.45	2618.72	1
199.87	1	2624.4	206.6	0.77	0.0	0.01	0.0	5	6574	-36.3	-20.4	-0.52	2624.45	1
199.97	1	2630.2	207.0	0.77	0.0	0.01	0.0	5	6577	-38.9	-15.3	-0.5	2630.2	1
200.07	1	2636.0	207.4	0.77	0.0	0.01	0.0	5	6580	-41.6	-10.2	-0.4	2635.97	1
200.17	1	2641.7	207.8	0.77	0.0	0.01	0.0	5	6584	-44.4	-5.1	-0.22	2641.73	1
200.27	1	2647.5	208.3	0.77	0.0	0.01	0.0	5	6590	-47.3	-0.0	0.03	2647.54	1
200.37	1	2653.3	208.7	0.77	0.0	-0.03	0.0	5	6598	-50.2	4.9	0.34	2653.28	1
200.47	1	2659.1	209.3	0.77	0.0	-0.08	0.0	5	6607	-53.1	9.9	0.52	2659.12	1
200.57	1	2664.9	209.8	0.77	0.0	-0.08	0.0	5	6593	-56.1	14.9	0.49	2664.94	1
200.67	1	2670.8	210.2	0.77	0.0	-0.02	0.0	5	6640	-59.1	20.0	0.45	2670.78	1
200.77	1	2676.6	210.7	0.77	0.0	0.0	0.0	5	6662	-62.0	25.0	0.38	2676.62	1
200.87	1	2682.5	211.2	0.77	0.0	0.06	0.0	5	6662	-64.9	30.1	0.26	2682.47	1
200.97	1	2688.4	211.7	0.77	0.0	0.1	0.0	5	6705	-67.8	35.2	0.11	2688.35	1
201.07	1	2694.2	212.2	0.77	0.0	0.1	0.0	5	6687	-70.7	40.3	-0.07	2694.22	1
201.17	1	2700.1	212.7	0.77	0.0	0.1	0.0	5	6711	-73.6	45.5	-0.45	2700.14	1
201.27	1	2706.0	213.0	0.77	0.0	0.1	0.0	5	6747	-76.5	50.6	-0.87	2706.02	1
201.37	1	2711.9	213.3	0.77	0.0	0.02	0.0	5	6794	-79.5	55.7	-1.22	2711.93	1
201.47	1	2717.9	213.6	0.77	0.0	0.0	0.0	5	6827	-82.6	60.8	-1.48	2717.86	1
201.57	1	2723.8	213.8	0.77	0.0	-0.03	0.0	5	6853	-85.8	65.8	-1.64	2723.79	1
201.67	1	2729.7	214.1	0.77	0.0	-0.03	0.0	5	6864	-89.1	70.8	-1.7	2729.73	1
201.77	1	2735.7	214.3	0.77	0.0	-0.03	0.0	5	6877	-92.4	75.7	-1.66	2735.67	1
201.91	1	2743.5	214.7	0.77	0.0	0.0	0.0	5	6878	-97.1	82.1	-1.9	2743.54	1
202.01	1	2749.4	214.9	0.77	0.0	0.0	0.0	5	6877	-100.6	86.9	-1.96	2749.44	1
202.11	1	2755.4	215.2	0.77	0.0	0.0	0.0	5	6871	-104.2	91.6	-1.92	2755.4	1
202.21	1	2761.4	215.5	0.77	0.0	0.0	0.0	5	6879	-108.0	96.3	-1.79	2761.4	1
202.31	1	2767.4	215.9	0.77	0.0	0.0	0.0	5	6878	-111.8	100.9	-1.56	2767.38	1
202.4	1	2773.3	216.2	0.77	0.0	-0.03	0.0	5	6876	-115.6	105.5	-1.25	2773.34	1
202.51	1	2779.3	216.7	0.77	0.0	-0.0	0.0	5	6867	-119.6	110.0	-1.16	2779.3	1
202.6	1	2785.3	217.1	0.77	0.0	0.0	0.0	5	6877	-123.6	114.5	-1.14	2785.31	1
202.7	1	2791.3	217.5	0.77	0.0	0.0	0.0	5	6881	-127.6	119.0	-1.05	2791.34	1
202.8	1	2797.4	218.0	0.77	0.0	0.0	0.0	5	6887	-131.7	123.4	-0.91	2797.37	1
202.91	1	2803.5	218.5	0.77	0.0	0.0	0.0	5	6892	-135.9	127.9	-0.73	2803.46	1
203.01	1	2809.5	218.9	0.77	0.0	0.0	0.0	5	6923	-140.0	132.3	-0.52	2809.54	1
203.11	1	2815.6	219.4	0.77	0.0	0.0	0.0	5	6921	-144.2	136.7	-0.33	2815.62	1
203.21	1	2821.7	219.8	0.77	0.0	0.0	0.0	5	6942	-148.5	141.1	-0.4	2821.7	1
203.31	1	2827.8	220.3	0.77	0.0	-0.04	0.0	5	6947	-152.7	145.5	-0.45	2827.84	1
203.41	1	2834.0	220.7	0.74	0.0	-0.0	0.0	5	6954	-157.0	149.9	-0.48	2833.96	1
203.51	1	2840.1	221.1	0.75	0.0	0.02	0.0	5	6966	-161.3	154.3	-0.51	2840.11	1
203.61	1	2846.2	221.5	0.75	0.0	0.02	0.0	5	6978	-165.6	158.7	-0.52	2846.24	1
203.71	1	2852.4	221.9	0.75	0.0	-0.0	0.0	5	6990	-169.9	163.1	-0.52	2852.41	1
203.81	1	2858.6	222.3	0.71	0.0	-0.0	0.0	5	6990	-174.3	167.5	-0.58	2858.58	1
203.91	1	2864.7	222.5	0.57	0.0	-0.0	0.0	5	6936	-178.6	171.9	-0.45	2864.72	1
204.01	1	2870.9	222.2	0.26	0.0	-0.0	0.0	5	6799	-183.0	176.2	-0.88	2870.91	1
204.12	1	2877.8	220.9	0.0	0.0	-0.0	0.0	5	6627	-187.8	181.1	-0.99	2877.79	1
204.22	1	2884.1	219.4	0.0	0.0	0.02	0.0	5	6577	-192.3	185.5	-1.14	2884.05	1
204.32	1	2890.1	217.9	0.0	0.0	0.03	0.0	5	6531	-196.6	189.8	-1.27	2890.13	1
204.42	1	2896.2	216.4	0.0	0.0	0.01	0.0	5	6493	-200.9	194.0	-1.39	2896.16	1
204.52	1	2902.1	215.0	0.0	0.0	0.01	0.0	5	6441	-205.1	198.2	-1.49	2902.14	1
204.62	1	2908.1	213.5	0.0	0.0	0.01	0.0	5	6400	-209.4	202.4	-1.57	2908.1	1
204.72	1	2914.0	212.1	0.0	0.0	0.0	0.0	5	6359	-213.6	206.5	-1.62	2914.01	1
204.82	1	2919.9	210.7	0.0	0.0	0.0	0.0	5	6317	-217.9	210.5	-1.64	2919.87	1
204.92	1	2925.7	209.3	0.0	0.0	0.0	0.0	5	6276	-222.1	214.6	-1.66	2925.7	1
205.02	1	2931.5	207.9	0.0	0.0	0.0	0.0	5	6233	-226.3	218.6	-1.68	2931.48	1
205.12	1	2937.3	206.6	0.0	0.0	0.0	0.0	5	6196	-230.5	222.5	-1.71	2937.27	1
205.22	1	2943.0	205.2	0.0	0.0	0.0	0.0	5	6155	-234.6	226.5	-1.74	2942.96	1
205.32	1	2948.6	203.9	0.0	0.0	0.0	0.0	5	6115	-238.7	230.3	-1.77	2948.62	1
205.42	1	2954.3	202.6	0.0	0.0	0.0	0.0	5	6076	-242.8	234.2	-1.8	2954.26	1
205.52	1	2959.9	201.3	0.0	0.0	0.0	0.0	5	6037	-246.9	238.1	-1.8	2959.89	1
205.62	1	2965.5	200.0	0.0	0.0	0.0	0.0	5	6001	-251.0	241.9	-1.77	2965.47	1
205.72	1	2971.0	198.7	0.0	0.0	0.0	0.0	5	5958	-255.0	245.7	-1.74	2970.99	1
205.82	1	2976.5	197.4	0.0	0.0	0.0	0.0	5	5922	-259.1	249.5	-1.7	2976.53	1
205.92	1	2982.0	196.2	0.0	0.0	0.0	0.0	5	5885	-263.0	253.2	-1.66	2981.96	1
206.02	1	2987.4	194.9	0.0	0.0	0.0	0.0	5	5850	-267.0	256.9	-1.61	2987.4	1
206.12	1	2992.8	193.7	0.0	0.0	0.0	0.0	5	5810	-271.0	260.6	-1.55	2992.81	1
206.22	1	2998.2	192.5	0.0	0.0	0.0	0.0	5	5775	-274.9	264.2	-1.49	2998.16	1
206.32	1	3003.5	191.3	0.0	0.0	0.0	0.0	5	5739	-278.8	267.8	-1.43	3003.49	1
206.42	1	3008.8	190.1	0.0	0.0	0.0	0.0	5	5704	-282.6	271.5	-1.36	3008.79	1
206.52	1	3014.1	188.9	0.0	0.0	0.0	0.0	5	5668	-286.5	275.0	-1.27	3014.05	1
206.62	1	3019.3	187.7	0.0	0.0	0.0	0.0	5	5633	-290.3	278.6	-1.17	3019.3	1
206.72	1	3024.5	186.6	0.0	0.0	0.0	0.0	5	5599	-294.1	282.1	-1.06	3024.48	1
206.82	1	3029.7	185.4	0.0	0.0	0.0	0.0	5	5564	-298.0	285.6	-0.95	3029.67	1
206.92	1	3034.8	184.3	0.0	0.0	0.0	0.0	5	5530	-301.7	289.1	-0.84	3034.78	1
207.02	1	3039.9	183.1	0.0	0.0	0.0	0.0	5	5497	-305.5	292.6	-0.7	3039.88	1
207.12	1	3045.0	182.0	0.0	0.0	-0.05	0.02	5	5463	-309.2	296.0	-0.55	3045.02	1
207.22	1	3050.0	180.9	0.0	0.0	-0.1	0.01	5	5431	-312.9	299.4	-0.42	3050.02	1
207.32	1	3055.0	179.7	0.06	0.0	-0.1	0.01	5	5406	-316.6	302.9	-0.32	3055.02	1
207.42	1	3060.0	178.6	0.0	0.0	-0.1	0.05	5	5356	-320.1	306.3	-0.29	3060.0	1
207.52	1	3065.0	177.4	0.0	0.0	-0.14	1.0	5	5271	-323.7	309.8	0.05	3064.97	1
207.62	1	3069.9	176.4	0.07	0.0	-0.2	1.0	5	5029	-327.1	313.4	0.67	3069.85	1
207.72	1	3074.7	175.3	0.07	0.0	-0.23	1.0	5	4838	-330.4	316.9	1.18	3074.7	1
207.82	1	3079.5	174.3	0.07	0.0	-0.24	1.0	5	4656	-333.6	320.6	1.58	3079.55	1
207.92	1	3084.4	173.2	0.0	0.0	-0.24	1.0	5	4388	-336.7	324.3	1.86	3084.36	1
208.02	1	3089.1	172.0	0.0	0.0	-0.27	1.0	5	4117	-339.7	328.0	2.02	3089.15	1
208.12	1	3093.9	170.7	0.0	0.0	-0.33	1.0	4	3862	-342.6	331.8	2.05	3093.93	1
208.22	1	3098.0	169.3	0.0	0.0	-0.37	1.0	4	3625	-345.4	335.6	2.7	3097.96	1
208.32	1	3102.5	167.8	0.0	0.0	-0.3	1.0	4	3401	-348.0	339.5	3.82	3102.5	1
208.42	1	3107.0	166.4	0.0	0.0	-0.33	1.0	4	3191	-350.5	343.4	4.8	3107.04	1
208.52	1	3111.5	164.9	0.0	0.0	-0.34	1.0	3	2995	-352.9	347.3	5.63	3111.55	1
208.62	1	3116.0	163.3	0.0	0.0	-0.34	1.0	3	2810	-355.2	351.3	6.31	3116.05	1
208.72	1	3120.5	161.8	0.0	0.0	-0.3	1.0	3	2636	-357.3	355.3	6.85	3120.53	1
208.82	1	3125.0	160.4	0.0	0.0	-0.34	1.0	3	2473	-359.3	359.3	7.25	3125.0	1
208.92	1	3129.4	158.8	0.0	0.0	-0.39	1.0	3	2321	-361.1	363.3	7.5	3129.4	1
209.02	1	3131.4	157.5	0.0	0.0	-0.42	1.0	3	2178	-362.9	367.3	8.92	3131.36	1
209.14	1	3136.2	156.3	0.0	0.0	-0.44	1.0	3	2022	-364.8	372.1	10.48	3136.2	0
209.24	1	3140.3	155.2	0.0	0.0	-0.44	1.0	3	1958	-366.3	376.1	11.72	3140.35	0
209.34	1	3144.5	154.3	0.0	0.0	-0.46	1.0	3	1953	-367.8	380.1	12.87	3144.47	0
209.44	1	3148.6	153.4	0.0	0.0	-0.52	1.0	3	1953	-369.3	384.2	13.95	3148.62	0
209.54	1	3152.7	152.3	0.0	0.0	-0.53	1.0	3	1953	-370.7	388.2	14.93	3152.69	0
209.64	1	3156.8	151.2	0.0	0.0	-0.53	1.0	3	1953	-372.0	392.2	15.81	3156.78	0
209.74	1	3160.9	150.2	0.0	0.0	-0.53	1.0	3	1953	-373.2	396.2	16.6	3160.86	0
209.84	1	3162.6	149.2	0.0	0.0	-0.48	1.0	3	1953	-374.4	400.2	18.0	3162.65	0
209.94	1	3163.6	148.2	0.0	0.0	-0.48	1.0	3	1953	-375.5	404.2	19.87	3163.62	0
210.04	1	3167.3	147.4	0.0	0.0	-0.46	1.0	3	1953	-376.5	408.1	21.64	3167.29	0
210.14	1	3171.0	146.7	0.0	0.0	-0.45	1.0	3	1953	-377.4	412.1	23.35	3170.99	0
210.24	1	3174.7	146.0	0.0	0.0	-0.45	1.0	3	1953	-378.4	416.1	24.99	3174.67	0
210.34	1	3178.3	145.2	0.0	0.0	-0.45	1.0	3	1953	-379.3	420.0	26.56	3178.35	0
210.44	1	3182.0	144.3	0.0	0.0	-0.45	1.0	3	1953	-380.1	423.9	27.98	3182.03	0
210.54	1	3185.7	143.6	0.0	0.0	-0.44	1.0	3	1953	-380.8	427.9	29.28	3185.74	0
210.64	1	3189.4	142.8	0.0	0.0	-0.42	1.0	3	1953	-381.5	431.8	30.46	3189.44	0
210.74	1	3193.2	142.2	0.0	0.0	-0.42	1.0	3	1953	-382.1	435.7	31.53	3193.15	0
210.84	1	3195.9	141.4	0.0	0.0	-0.43	1.0	3	1953	-382.6	439.6	32.86	3195.89	0
210.94	1	3195.9	140.7	0.0	0.0	-0.43	1.0	3	1953	-383.1	443.5	35.14	3195.89	0
211.04	1	3195.9	140.0	0.0	0.0	-0.43	1.0	3	1953	-383.5	447.4	37.37	3195.89	0
211.14	1	3196.5	139.3	0.0	0.0	-0.43	1.0	3	1953	-383.9	451.2	39.54	3196.45	0
211.24	1	3199.7	138.5	0.0	0.0	-0.43	1.0	3	1953	-384.1	455.1	41.62	3199.68	0
211.34	1	3202.9	137.8	0.0	0.0	-0.43	1.0	3	1953	-384.4	458.9	43.65	3202.94	0
211.44	1	3206.2	137.1	0.0	0.0	-0.43	1.0	3	1953	-384.5	462.7	45.59	3206.21	0
211.54	1	3209.5	136.3	0.0	0.0	-0.43	1.0	3	1953	-384.6	466.5	47.47	3209.5	0
211.64	1	3212.8	135.6	0.0	0.0	-0.43	1.0	3	1953	-384.6	470.3	49.26	3212.8	0
211.74	1	3216.1	134.9	0.0	0.0	-0.43	1.0	3	1953	-384.6	474.0	50.98	3216.12	0
211.84	1	3219.5	134.2	0.0	0.0	-0.45	1.0	3	1953	-384.5	477.8	52.62	3219.46	0
211.97	1	3223.9	133.2	0.0	0.0	-0.48	1.0	3	1953	-384.2	482.7	54.68	3223.9	0
212.07	1	3227.3	132.6	0.0	0.0	-0.51	1.0	3	1953	-384.0	486.4	56.14	3227.25	0
212.17	1	3229.2	131.8	0.0	0.0	-0.57	1.0	3	1953	-383.7	490.1	57.73	3229.24	0
212.27	1	3229.2	131.1	0.0	0.0	-0.59	1.0	3	1953	-383.3	493.7	59.57	3229.24	0
212.37	1	3229.5	130.4	0.0	0.0	-0.64	1.0	3	1953	-382.9	497.3	61.35	3229.5	0
212.47	1	3232.7	129.7	0.0	0.0	-0.62	1.0	3	1953	-382.4	500.9	63.05	3232.67	0
212.57	1	3235.9	129.0	0.0	0.0	-0.64	1.0	3	1953	-381.8	504.4	64.69	3235.87	0
212.67	1	3239.1	128.2	0.0	0.0	-0.62	1.0	3	1953	-381.2	508.0	66.26	3239.07	0
212.77	1	3242.3	127.5	0.0	0.0	-0.64	1.0	3	1953	-380.5	511.4	67.76	3242.28	0
212.87	1	3244.8	126.8	0.0	0.0	-0.62	1.0	3	1953	-379.8	514.9	69.17	3244.84	0
212.97	1	3244.8	126.1	0.0	0.0	-0.62	1.0	3	1953	-379.0	518.3	70.42	3244.84	0
213.07	1	3244.8	125.5	0.0	0.0	-0.62	1.0	3	1953	-378.2	521.7	71.21	3244.84	0
213.17	1	3244.8	124.4	0.0	0.0	-0.62	1.0	3	1953	-377.3	525.1	71.21	3244.84	0
213.27	1	3244.8	35.5	0.0	0.0	-0.62	1.0	3	1953	-376.6	527.3	71.21	3244.84	0
213.37	1	3244.8	152.5	0.0	0.0	-0.62	1.0	3	1953	-377.5	524.1	71.21	3244.84	0
213.47	1	3244.8	148.1	0.0	0.0	-0.62	1.0	3	1953	-378.7	520.2	71.16	3244.84	0
213.57	1	3244.8	147.5	0.0	0.0	-0.6	1.0	3	1953	-379.9	516.2	69.99	3244.84	0
213.67	1	3242.7	146.9	0.0	0.0	-0.53	1.0	3	1953	-381.1	512.3	68.76	3242.67	0
213.77	1	3238.8	146.0	0.0	0.0	-0.29	1.0	3	1953	-382.3	508.5	67.45	3238.82	0
213.87	1	3235.0	143.7	0.0	0.0	-0.16	1.0	3	1953	-383.5	504.6	66.17	3234.99	0
213.97	1	3231.2	141.9	0.0	0.0	-0.14	1.0	3	1953	-384.8	500.8	64.96	3231.22	0
214.1	1	3229.2	139.5	0.0	0.0	-0.12	1.0	3	1953	-386.5	495.9	63.46	3229.24	0
214.17	1	3229.2	137.8	0.0	0.0	-0.12	1.0	3	1953	-387.4	493.4	62.7	3229.24	0
214.27	1	3228.0	135.3	0.0	0.0	-0.12	1.0	3	1953	-388.7	489.8	61.83	3227.99	0
214.37	1	3224.3	132.9	0.0	0.0	-0.12	1.0	3	1953	-389.9	486.3	61.36	3224.3	0
214.47	1	3220.7	130.4	0.0	0.0	-0.09	1.0	3	1953	-391.2	482.9	60.87	3220.69	0
214.57	1	3217.2	128.0	0.0	0.0	-0.07	1.0	3	1953	-392.4	479.5	60.36	3217.16	0
214.67	1	3213.7	125.9	0.0	0.0	-0.06	1.0	3	1953	-393.5	476.1	59.81	3213.68	0
214.77	1	3210.3	124.2	0.0	0.0	-0.03	1.0	3	1953	-394.6	472.8	59.21	3210.28	0
214.87	1	3206.9	123.4	0.0	0.0	-0.02	1.0	3	1953	-395.6	469.6	58.57	3206.94	0
214.97	1	3203.6	122.8	0.0	0.0	-0.02	1.0	3	1953	-396.6	466.3	57.94	3203.58	0
215.07	1	3200.3	122.1	0.0	0.0	-0.02	1.0	3	1953	-397.7	463.1	57.38	3200.26	0
215.17	1	3196.9	121.3	0.0	0.0	-0.02	1.0	3	1953	-398.8	459.9	56.86	3196.9	0
215.27	1	3195.9	120.3	0.0	0.0	-0.02	1.0	3	1953	-400.0	456.8	56.4	3195.89	0
215.37	1	3195.9	119.3	0.0	0.0	-0.02	1.0	3	1953	-401.3	453.7	56.01	3195.89	0
215.47	1	3195.9	118.1	0.0	0.0	-0.02	1.0	3	1953	-402.6	450.7	55.67	3195.89	0
215.57	1	3195.9	116.9	0.0	0.0	-0.02	1.0	3	1953	-403.9	447.7	55.4	3195.89	0
215.67	1	3195.9	115.5	0.0	0.0	0.0	1.0	3	1953	-405.3	444.8	55.19	3195.89	0
215.77	1	3194.3	114.1	0.0	0.0	0.0	1.0	3	1953	-406.6	441.9	55.75	3194.26	0
215.87	1	3191.2	112.6	0.0	0.0	0.09	1.0	3	1953	-408.1	439.1	56.97	3191.22	0
215.97	1	3188.2	111.1	0.0	0.0	0.1	1.0	3	1953	-409.5	436.3	58.18	3188.23	0
216.07	1	3185.3	109.4	0.0	0.0	0.1	1.0	3	1953	-411.0	433.7	59.4	3185.31	0
216.17	1	3182.4	107.7	0.0	0.0	0.1	1.0	3	1953	-412.5	431.0	60.61	3182.45	0
216.27	1	3179.6	105.9	0.0	0.0	0.03	1.0	3	1953	-414.0	428.5	61.81	3179.62	0
216.37	1	3176.9	104.0	0.0	0.0	0.03	1.0	3	1953	-415.5	426.0	63.0	3176.87	0
216.47	1	3174.2	102.0	0.0	0.0	0.03	1.0	3	1953	-417.0	423.6	64.17	3174.19	0
216.57	1	3171.6	100.0	0.0	0.0	0.02	1.0	3	1953	-418.5	421.2	65.31	3171.58	0
216.67	1	3169.0	97.9	0.0	0.0	0.02	1.0	3	1953	-420.1	418.9	66.44	3169.03	0
216.77	1	3166.5	95.8	0.0	0.0	0.02	1.0	3	1953	-421.6	416.7	67.54	3166.54	0
216.87	1	3164.1	93.5	0.0	0.0	0.02	1.0	3	1953	-423.1	414.5	68.6	3164.12	0
216.97	1	3162.6	91.3	0.0	0.0	0.02	1.0	3	1953	-424.6	412.4	69.64	3162.65	0
217.07	1	3162.6	89.0	0.0	0.0	0.02	1.0	3	1953	-426.0	410.4	70.67	3162.65	0
217.17	1	3162.6	86.7	0.0	0.0	0.02	1.0	3	1953	-427.5	408.4	71.68	3162.65	0
217.27	1	3162.6	84.3	0.0	0.0	0.0	1.0	3	1953	-428.9	406.5	72.69	3162.65	0
217.37	1	3162.6	82.0	0.0	0.0	0.0	1.0	3	1953	-430.3	404.7	73.67	3162.65	0
217.47	1	3162.6	79.6	0.0	0.0	-0.01	1.0	3	1953	-431.7	402.9	74.64	3162.65	0
217.57	1	3162.6	77.2	0.0	0.0	-0.01	1.0	3	1953	-433.0	401.2	75.58	3162.65	0
217.67	1	3162.6	74.8	0.0	0.0	-0.01	1.0	3	1953	-434.3	399.5	76.5	3162.65	0
217.77	1	3162.6	72.4	0.0	0.0	-0.01	1.0	3	1953	-435.5	397.9	77.38	3162.65	0
217.87	1	3162.6	70.0	0.0	0.0	-0.01	1.0	3	1953	-436.7	396.3	78.24	3162.65	0
217.97	1	3162.6	67.6	0.0	0.0	-0.01	1.0	3	1953	-437.9	394.8	79.07	3162.65	0
218.07	1	3162.6	65.2	0.0	0.0	-0.03	1.0	3	1953	-439.0	393.3	79.87	3162.65	0
218.17	1	3161.4	62.7	0.0	0.0	-0.03	1.0	3	1953	-440.1	391.9	81.21	3161.41	0
218.27	1	3160.1	60.3	0.0	0.0	-0.03	1.0	3	1953	-441.1	390.6	82.55	3160.13	0
218.37	1	3158.9	57.9	0.0	0.0	-0.03	1.0	3	1953	-442.1	389.3	83.82	3158.91	0
218.47	1	3157.7	55.5	0.0	0.0	-0.03	1.0	3	1953	-443.1	388.0	85.04	3157.74	0
218.57	1	3156.6	53.0	0.0	0.0	-0.03	1.0	3	1953	-444.0	386.8	86.2	3156.61	0
218.67	1	3155.5	50.6	0.0	0.0	-0.03	1.0	3	1953	-444.9	385.7	87.31	3155.54	0
218.77	1	3154.5	48.2	0.0	0.0	-0.03	1.0	3	1953	-445.7	384.6	88.36	3154.52	0
218.87	1	3153.5	45.8	0.0	0.0	-0.03	1.0	3	1953	-446.5	383.6	89.36	3153.54	0
218.97	1	3152.6	43.3	0.0	0.0	-0.03	1.0	3	1953	-447.3	382.6	90.31	3152.62	0
219.11	1	3151.5	40.1	0.0	0.0	-0.03	1.0	3	1953	-448.2	381.4	91.48	3151.46	0
219.19	1	3150.8	38.0	0.0	0.0	-0.03	1.0	3	1953	-448.8	380.6	92.19	3150.76	0
219.29	1	3150.0	35.6	0.0	0.0	-0.03	1.0	3	1953	-449.4	379.8	92.97	3149.99	0
219.39	1	3149.3	33.1	0.0	0.0	-0.03	1.0	3	1953	-450.0	379.0	93.69	3149.28	0
219.49	1	3148.6	30.7	0.0	0.0	-0.03	1.0	3	1953	-450.5	378.3	94.35	3148.62	0
219.59	1	3148.0	28.3	0.0	0.0	-0.03	1.0	3	1953	-451.0	377.7	94.96	3148.0	0
219.69	1	3147.4	26.0	0.0	0.0	-0.05	1.0	3	1953	-451.5	377.1	95.52	3147.44	0
219.79	1	3146.9	23.3	0.0	0.0	-0.05	1.0	3	1953	-451.9	376.5	96.03	3146.92	0
219.89	1	3146.5	21.2	0.0	0.0	-0.07	1.0	3	1953	-452.3	376.0	96.49	3146.45	0
219.99	1	3146.0	18.8	0.0	0.0	-0.07	1.0	3	1953	-452.6	375.6	96.9	3146.03	0
220.09	1	3145.7	16.2	0.0	0.0	-0.07	1.0	3	1953	-452.9	375.2	97.25	3145.66	0
220.19	1	3145.3	14.0	0.0	0.0	-0.06	1.0	3	1953	-453.1	374.9	97.56	3145.35	0
220.29	1	3145.1	11.5	0.0	0.0	-0.07	1.0	3	1953	-453.3	374.6	97.82	3145.07	0
220.39	1	3144.9	9.0	0.0	0.0	-0.05	1.0	3	1953	-453.5	374.4	98.02	3144.86	0
220.49	1	3144.7	6.6	0.0	0.0	-0.05	1.0	3	1953	-453.6	374.2	98.18	3144.69	0
220.59	1	3144.6	4.2	0.0	0.0	-0.03	1.0	3	1953	-453.7	374.1	98.28	3144.57	0
220.69	1	3144.5	1.8	0.0	0.0	-0.03	1.0	3	1953	-453.8	374.0	98.34	3144.5	0
220.79	1	3144.5	0.3	0.0	0.0	-0.03	1.0	3	1953	-453.8	374.0	98.34	3144.48	0
220.89	1	3144.5	0.3	0.0	0.0	-0.0	1.0	3	1953	-453.8	374.0	98.34	3144.48	0
220.99	1	3144.5	0.2	0.0	0.0	-0.0	1.0	3	1953	-453.7	374.0	98.33	3144.47	0
221.09	1	3144.5	0.2	0.0	0.0	-0.0	1.0	3	1953	-453.7	374.0	98.33	3144.47	0
221.19	1	3144.5	0.2	0.0	0.0	-0.0	1.0	3	1953	-453.7	373.9	98.32	3144.46	0
221.29	1	3144.5	0.1	0.0	0.0	-0.0	1.0	3	1953	-453.7	373.9	98.32	3144.46	0
221.39	1	3144.5	0.1	0.0	0.0	-0.0	1.0	3	1953	-453.7	373.9	98.32	3144.46	0
221.49	1	3144.5	0.1	0.0	0.0	-0.0	1.0	3	1953	-453.7	373.9	98.32	3144.46	0
221.59	1	3144.5	0.1	0.0	0.0	-0.0	1.0	3	1953	-453.7	373.9	98.32	3144.45	0
221.69	1	3144.5	0.1	0.0	0.0	-0.0	1.0	3	1953	-453.7	373.9	98.31	3144.45	0
221.79	1	3144.5	0.0	0.0	0.0	-0.0	1.0	3	1953	-453.7	373.9	98.31	3144.45	0
221.92	1	3144.5	0.0	0.0	0.0	-0.0	1.0	3	1953	-453.7	373.9	98.31	3144.45	0
222.02	1	3144.5	0.0	0.0	0.0	-0.0	1.0	3	1953	-453.7	373.9	98.31	3144.45	0
222.12	1	3144.5	0.0	0.0	0.0	-0.0	1.0	3	1953	-453.7	373.9	98.31	3144.45	0
222.22	1	3144.4	0.0	0.0	0.0	-0.0	1.0	3	1953	-453.7	373.9	98.31	3144.45	0
222.32	1	3144.4	0.0	0.0	0.0	-0.0	1.0	3	1953	-453.7	373.9	98.31	3144.45	0
222.42	1	3144.4	0.0	0.0	0.0	-0.0	1.0	3	1953	-453.7	373.9	98.31	3144.45	0
222.52	1	3144.4	0.0	0.0	0.0	-0.0	1.0	3	1953	-453.7	373.9	98.31	3144.45	0
222.62	1	3144.4	0.0	0.0	0.0	-0.0	1.0	3	1953	-453.7	373.9	98.31	3144.45	0
222.72	1	3144.4	0.0	0.0	0.0	-0.0	1.0	3	1953	-453.7	373.9	98.31	3144.45	0
222.82	1	3144.4	0.0	0.0	0.0	-0.0	1.0	3	1953	-453.7	373.9	98.31	3144.45	0
222.92	1	3144.4	0.0	0.0	0.0	-0.0	1.0	3	1953	-453.7	373.9	98.31	3144.45	0
223.02	1	3144.4	0.0	0.0	0.0	-0.0	1.0	3	1953	-453.7	373.9	98.31	3144.45	0
223.12	1	3144.4	0.0	0.0	0.0	-0.0	1.0	3	1953	-453.7	373.9	98.31	3144.45	0
223.22	1	3144.4	0.0	0.0	0.0	-0.0	1.0	3	1953	-453.7	373.9	98.31	3144.45	0
223.32	1	3144.4	0.0	0.0	0.0	-0.0	1.0	3	1953	-453.7	373.9	98.31	3144.45	0
223.42	1	3144.4	0.0	0.0	0.0	-0.0	1.0	3	1953	-453.7	373.9	98.31	3144.45	0
223.52	1	3144.4	0.0	0.0	0.0	-0.0	1.0	3	1953	-453.7	373.9	98.31	3144.45	0
223.62	1	3144.4	0.0	0.0	0.0	-0.0	1.0	3	1953	-453.7	373.9	98.31	3144.45	0
223.72	1	3144.4	0.0	0.0	0.0	-0.0	1.0	3	1953	-453.7	373.9	98.31	3144.45	0
223.82	1	3144.4	0.0	0.0	0.0	-0.0	1.0	3	1953	-453.7	373.9	98.31	3144.45	0
223.93	1	3144.4	0.0	0.0	0.0	-0.0	1.0	3	1953	-453.7	373.9	98.31	3144.45	0
224.02	1	3144.4	0.0	0.0	0.0	-0.0	1.0	3	1953	-453.7	373.9	98.31	3144.45	0
224.12	1	3144.4	0.0	0.0	0.0	-0.0	1.0	3	1953	-453.7	373.9	98.31	3144.45	0
224.24	1	3144.4	0.0	0.0	0.0	-0.0	1.0	3	1953	-453.7	373.9	98.31	3144.45	0
224.34	1	3144.4	0.0	0.0	0.0	-0.0	1.0	3	1953	-453.7	373.9	98.31	3144.45	0
224.44	1	3144.4	0.0	0.0	0.0	-0.0	1.0	3	1953	-453.7	373.9	98.31	3144.45	0
224.54	1	3144.4	0.0	0.0	0.0	-0.0	1.0	3	1953	-453.7	373.9	98.31	3144.45	0
224.64	1	3144.4	0.0	0.0	0.0	-0.0	1.0	3	1953	-453.7	373.9	98.31	3144.45	0
224.74	1	3144.4	0.0	0.0	0.0	-0.0	1.0	3	1953	-453.7	373.9	98.31	3144.45	0
224.84	1	3144.4	0.0	0.0	0.0	-0.0	1.0	3	1953	-453.7	373.9	98.31	3144.45	0
224.94	1	3144.4	0.0	0.0	0.0	-0.0	1.0	3	1953	-453.7	373.9	98.31	3144.45	0
225.04	1	3144.4	0.0	0.0	0.0	-0.0	1.0	3	1953	-453.7	373.9	98.31	3144.45	0
