# zandvoort_racer telemetry — Lotus 49 @ zandvoort
# t	lap	lapdist	kmh	thr	brk	steer	clu	gear	rpm	x	z	lat	along	ontrack
0.17	0	0.0	0.0	0.0	0.0	0.0	1.0	1	1954	205.7	411.5	0.0	0.0	1
0.27	0	0.0	0.0	0.0	0.0	0.0	1.0	1	1953	205.7	411.5	0.0	0.0	1
0.37	0	0.0	0.0	0.0	0.0	0.0	1.0	1	1953	205.7	411.5	0.0	0.0	1
0.47	0	0.0	0.0	0.0	0.0	0.0	1.0	1	1953	205.7	411.5	0.0	0.0	1
0.57	0	0.0	0.0	0.0	0.0	0.0	1.0	1	1953	205.7	411.5	0.0	0.0	1
0.67	0	0.0	0.0	0.0	0.0	0.0	1.0	1	1953	205.7	411.5	0.0	0.0	1
0.77	0	0.0	0.0	0.0	0.0	0.0	1.0	1	1953	205.7	411.5	0.0	0.0	1
0.87	0	0.0	0.0	0.0	0.0	0.0	1.0	1	1953	205.7	411.5	0.0	0.0	1
0.97	0	0.0	0.0	0.0	0.0	0.0	1.0	1	1953	205.7	411.5	0.0	0.0	1
1.07	0	0.0	0.0	0.0	0.0	0.0	1.0	1	1953	205.7	411.5	0.0	0.0	1
1.17	0	0.0	0.0	0.0	0.0	0.0	1.0	1	1953	205.7	411.5	0.0	0.0	1
1.27	0	0.0	0.0	0.0	0.0	0.0	1.0	1	1953	205.7	411.5	0.0	0.0	1
1.37	0	0.0	0.0	0.0	0.0	0.0	1.0	1	1953	205.7	411.5	0.0	0.0	1
1.47	0	0.0	0.0	0.0	0.0	0.0	1.0	1	1953	205.7	411.5	0.0	0.0	1
1.57	0	0.0	0.0	0.0	0.0	0.0	1.0	1	1953	205.7	411.5	0.0	0.0	1
1.67	0	0.0	0.0	0.0	0.0	0.0	1.0	1	1953	205.7	411.5	0.0	0.0	1
1.77	0	0.0	0.0	0.0	0.0	0.0	1.0	1	1953	205.7	411.5	0.0	0.0	1
1.87	0	0.0	0.0	0.0	0.0	0.0	1.0	1	1953	205.7	411.5	0.0	0.0	1
1.97	0	0.0	0.0	0.0	0.0	0.0	1.0	1	1953	205.7	411.5	0.0	0.0	1
2.07	0	0.0	0.0	0.0	0.0	0.0	1.0	1	1953	205.7	411.5	0.0	0.0	1
2.17	0	0.0	0.0	0.0	0.0	0.0	1.0	1	1953	205.7	411.5	0.0	0.0	1
2.27	0	0.0	0.0	0.0	0.0	0.0	1.0	1	1953	205.7	411.5	0.0	0.0	1
2.37	0	0.0	0.0	0.0	0.0	0.0	1.0	1	1953	205.7	411.5	0.0	0.0	1
2.47	0	0.0	0.0	0.0	0.0	0.0	1.0	1	1953	205.7	411.5	0.0	0.0	1
2.57	0	0.0	0.0	0.0	0.0	0.0	1.0	1	1953	205.7	411.5	0.0	0.0	1
2.67	0	0.0	0.0	0.0	0.0	0.0	1.0	1	1953	205.7	411.5	0.0	0.0	1
2.77	0	0.0	0.0	0.0	0.0	0.0	1.0	1	1953	205.7	411.5	0.0	0.0	1
2.87	0	0.0	0.0	0.0	0.0	0.0	1.0	1	1953	205.7	411.5	0.0	0.0	1
2.97	0	0.0	0.0	0.0	0.0	0.0	1.0	1	1953	205.7	411.5	0.0	0.0	1
3.07	0	0.0	0.0	0.0	0.0	0.0	1.0	1	1953	205.7	411.5	0.0	0.0	1
3.18	0	0.0	0.0	0.0	0.0	0.0	1.0	1	1953	205.7	411.5	0.0	0.0	1
3.28	0	0.0	0.0	0.0	0.0	0.0	1.0	1	1953	205.7	411.5	0.0	0.0	1
3.38	0	0.0	0.0	0.0	0.0	0.0	1.0	1	1953	205.7	411.5	0.0	0.0	1
3.48	0	0.0	0.0	0.0	0.0	0.0	1.0	1	1953	205.7	411.5	0.0	0.0	1
3.58	0	0.0	0.0	0.0	0.0	0.0	1.0	1	1953	205.7	411.5	0.0	0.0	1
3.68	0	0.0	0.0	0.0	0.0	0.0	1.0	1	1953	205.7	411.5	0.0	0.0	1
3.78	0	0.0	0.0	0.0	0.0	0.0	1.0	1	1953	205.7	411.5	0.0	0.0	1
3.88	0	0.0	0.0	0.0	0.0	0.0	1.0	1	1953	205.7	411.5	0.0	0.0	1
3.98	0	0.0	0.0	0.0	0.0	0.0	1.0	1	1953	205.7	411.5	0.0	0.0	1
4.08	0	0.0	0.0	0.0	0.0	0.0	1.0	1	1953	205.7	411.5	0.0	0.0	1
4.18	0	0.0	0.0	0.0	0.0	0.0	1.0	1	1953	205.7	411.5	0.0	0.0	1
4.28	0	0.0	0.0	0.0	0.0	0.0	1.0	1	1953	205.7	411.5	0.0	0.0	1
4.38	0	0.0	0.0	0.0	0.0	0.0	1.0	1	1953	205.7	411.5	0.0	0.0	1
4.48	0	0.0	0.0	0.0	0.0	0.0	1.0	1	1953	205.7	411.5	0.0	0.0	1
4.58	0	0.0	0.0	0.0	0.0	0.0	1.0	1	1953	205.7	411.5	0.0	0.0	1
4.68	0	0.0	0.0	0.0	0.0	0.0	1.0	1	1953	205.7	411.5	0.0	0.0	1
4.78	0	0.0	0.0	0.0	0.0	0.0	1.0	1	1953	205.7	411.5	0.0	0.0	1
4.88	0	0.0	0.0	0.0	0.0	0.0	1.0	1	1953	205.7	411.5	0.0	0.0	1
4.98	0	0.0	0.0	0.0	0.0	0.0	1.0	1	1953	205.7	411.5	0.0	0.0	1
5.08	0	0.0	0.0	0.0	0.0	0.0	1.0	1	1953	205.7	411.5	0.0	0.0	1
5.18	0	0.0	0.0	0.0	0.0	0.0	1.0	1	1953	205.7	411.5	0.0	0.0	1
5.28	0	0.0	0.0	0.0	0.0	0.0	1.0	1	1953	205.7	411.5	0.0	0.0	1
5.38	0	0.0	0.0	0.0	0.0	0.0	1.0	1	1953	205.7	411.5	0.0	0.0	1
5.48	0	0.0	0.0	0.0	0.0	0.0	1.0	1	1953	205.7	411.5	0.0	0.0	1
5.58	0	0.0	0.0	0.0	0.0	0.0	1.0	1	1953	205.7	411.5	0.0	0.0	1
5.68	0	0.0	0.0	0.0	0.0	0.0	1.0	1	1953	205.7	411.5	0.0	0.0	1
5.78	0	0.0	0.0	0.0	0.0	0.0	1.0	1	1953	205.7	411.5	0.0	0.0	1
5.88	0	0.0	0.0	0.0	0.0	0.0	1.0	1	1953	205.7	411.5	0.0	0.0	1
5.98	0	0.0	0.0	0.0	0.0	0.0	1.0	1	1953	205.7	411.5	0.0	0.0	1
6.08	0	0.0	0.0	0.0	0.0	0.0	1.0	1	1953	205.7	411.5	0.0	0.0	1
6.18	0	0.0	0.0	0.0	0.0	0.0	1.0	1	1953	205.7	411.5	0.0	0.0	1
6.28	0	0.0	0.0	0.0	0.0	0.0	1.0	1	1953	205.7	411.5	0.0	0.0	1
6.38	0	0.0	0.0	0.0	0.0	0.0	1.0	1	1953	205.7	411.5	0.0	0.0	1
6.48	0	0.0	0.0	0.0	0.0	0.0	1.0	1	1953	205.7	411.5	0.0	0.0	1
6.58	0	0.0	0.0	0.0	0.0	0.0	1.0	1	1953	205.7	411.5	0.0	0.0	1
6.68	0	0.0	0.0	0.0	0.0	0.0	1.0	1	1953	205.7	411.5	0.0	0.0	1
6.78	0	0.0	0.0	0.0	0.0	0.0	1.0	1	1953	205.7	411.5	0.0	0.0	1
6.88	0	0.0	0.0	0.0	0.0	0.0	1.0	1	1953	205.7	411.5	0.0	0.0	1
6.98	0	0.0	0.0	0.0	0.0	0.0	1.0	1	1953	205.7	411.5	0.0	0.0	1
7.11	0	0.0	0.0	0.0	0.0	0.0	1.0	1	1953	205.7	411.5	0.0	0.0	1
7.21	0	0.0	0.0	0.0	0.0	0.0	1.0	1	1953	205.7	411.5	0.0	0.0	1
7.31	0	0.0	0.0	0.0	0.0	0.0	1.0	1	1953	205.7	411.5	0.0	0.0	1
7.43	0	0.0	0.0	0.0	0.0	0.0	1.0	1	1953	205.7	411.5	0.0	0.0	1
7.52	0	0.0	0.0	0.0	0.0	0.0	1.0	1	1953	205.7	411.5	0.0	0.0	1
7.62	0	0.0	0.0	0.0	0.0	0.0	1.0	1	1953	205.7	411.5	0.0	0.0	1
7.72	0	0.0	0.0	0.0	0.0	0.0	1.0	1	1953	205.7	411.5	0.0	0.0	1
7.82	0	0.0	0.0	0.0	0.0	0.0	1.0	1	1953	205.7	411.5	0.0	0.0	1
7.92	0	0.0	0.0	0.0	0.0	0.0	1.0	1	1953	205.7	411.5	0.0	0.0	1
8.02	0	0.0	0.0	0.0	0.0	0.0	1.0	1	1953	205.7	411.5	0.0	0.0	1
8.12	0	0.0	0.0	0.0	0.0	0.0	1.0	1	1953	205.7	411.5	0.0	0.0	1
8.22	0	0.0	0.0	0.0	0.0	0.0	1.0	1	1953	205.7	411.5	0.0	0.0	1
8.32	0	0.0	0.0	0.0	0.0	0.0	1.0	1	1953	205.7	411.5	0.0	0.0	1
8.42	0	0.0	0.0	0.0	0.0	0.0	1.0	1	1953	205.7	411.5	0.0	0.0	1
8.52	0	0.0	0.0	0.0	0.0	0.0	1.0	1	1953	205.7	411.5	0.0	0.0	1
8.62	0	0.0	0.0	0.0	0.0	0.0	1.0	1	1953	205.7	411.5	0.0	0.0	1
8.72	0	0.0	0.0	0.0	0.0	0.0	1.0	1	1953	205.7	411.5	0.0	0.0	1
8.82	0	0.0	0.0	0.0	0.0	0.0	1.0	1	1953	205.7	411.5	0.0	0.0	1
8.92	0	0.0	0.0	0.0	0.0	0.0	1.0	1	1953	205.7	411.5	0.0	0.0	1
9.02	0	0.0	0.0	0.0	0.0	0.0	1.0	1	1953	205.7	411.5	0.0	0.0	1
9.12	0	0.0	0.0	0.0	0.0	0.0	1.0	1	1953	205.7	411.5	0.0	0.0	1
9.22	0	0.0	0.0	0.0	0.0	0.0	1.0	1	1953	205.7	411.5	0.0	0.0	1
9.32	0	0.0	0.0	0.0	0.0	0.0	1.0	1	1953	205.7	411.5	0.0	0.0	1
9.42	0	0.0	0.0	0.0	0.0	0.0	1.0	1	1953	205.7	411.5	0.0	0.0	1
9.52	0	0.0	0.0	0.0	0.0	0.0	1.0	1	1953	205.7	411.5	0.0	0.0	1
9.62	0	0.0	0.0	0.0	0.0	0.0	1.0	1	1953	205.7	411.5	0.0	0.0	1
9.72	0	0.0	0.0	0.0	0.0	0.0	1.0	1	1953	205.7	411.5	0.0	0.0	1
9.82	0	0.0	0.0	0.0	0.0	0.0	1.0	1	1953	205.7	411.5	0.0	0.0	1
9.92	0	0.0	0.0	0.0	0.0	0.0	1.0	1	1953	205.7	411.5	0.0	0.0	1
10.02	0	0.0	0.0	0.0	0.0	0.0	1.0	1	1953	205.7	411.5	0.0	0.0	1
10.12	0	0.0	0.0	0.0	0.0	0.0	1.0	1	1953	205.7	411.5	0.0	0.0	1
10.22	0	0.0	0.0	0.0	0.0	0.0	1.0	1	1953	205.7	411.5	0.0	0.0	1
10.32	0	0.0	0.0	0.0	0.0	0.0	1.0	1	1953	205.7	411.5	0.0	0.0	1
10.42	0	0.0	0.0	0.0	0.0	0.0	1.0	1	1953	205.7	411.5	0.0	0.0	1
10.52	0	0.0	0.0	0.0	0.0	0.0	1.0	1	1953	205.7	411.5	0.0	0.0	1
10.62	0	0.0	0.0	0.0	0.0	0.0	1.0	1	1953	205.7	411.5	0.0	0.0	1
10.72	0	0.0	0.0	0.0	0.0	0.0	1.0	1	1953	205.7	411.5	0.0	0.0	1
10.82	0	0.0	0.0	0.0	0.0	0.0	1.0	1	1953	205.7	411.5	0.0	0.0	1
10.92	0	0.0	0.0	0.0	0.0	0.0	1.0	1	1953	205.7	411.5	0.0	0.0	1
11.02	0	0.0	0.0	0.0	0.0	0.0	1.0	1	1953	205.7	411.5	0.0	0.0	1
11.12	0	0.0	0.0	0.0	0.0	0.0	1.0	1	1953	205.7	411.5	0.0	0.0	1
11.22	0	0.0	0.0	0.0	0.0	0.0	1.0	1	1953	205.7	411.5	0.0	0.0	1
11.32	0	0.0	0.0	0.0	0.0	0.0	1.0	1	1953	205.7	411.5	0.0	0.0	1
11.42	0	0.0	0.0	0.0	0.0	0.0	1.0	1	1953	205.7	411.5	0.0	0.0	1
11.52	0	0.0	0.0	0.0	0.0	0.0	1.0	1	1953	205.7	411.5	0.0	0.0	1
11.62	0	0.0	0.0	0.0	0.0	0.0	1.0	1	1953	205.7	411.5	0.0	0.0	1
11.72	0	0.0	0.0	0.0	0.0	0.0	1.0	1	1953	205.7	411.5	0.0	0.0	1
11.82	0	0.0	0.0	0.0	0.0	0.0	1.0	1	1953	205.7	411.5	0.0	0.0	1
11.92	0	0.0	0.0	0.0	0.0	0.0	1.0	1	1953	205.7	411.5	0.0	0.0	1
12.02	0	0.0	0.0	0.0	0.0	0.0	1.0	1	1953	205.7	411.5	0.0	0.0	1
12.12	0	0.0	0.0	0.0	0.0	0.0	1.0	1	1953	205.7	411.5	0.0	0.0	1
12.22	0	0.0	0.0	0.0	0.0	0.0	1.0	1	1953	205.7	411.5	0.0	0.0	1
12.32	0	0.0	0.0	0.0	0.0	0.0	1.0	1	1953	205.7	411.5	0.0	0.0	1
12.42	0	0.0	0.0	0.0	0.0	0.0	1.0	1	1953	205.7	411.5	0.0	0.0	1
12.52	0	0.0	0.0	0.0	0.0	0.0	1.0	1	1953	205.7	411.5	0.0	0.0	1
12.62	0	0.0	0.0	0.0	0.0	0.0	1.0	1	1953	205.7	411.5	0.0	0.0	1
12.72	0	0.0	0.0	0.0	0.0	0.0	1.0	1	1953	205.7	411.5	0.0	0.0	1
12.82	0	0.0	0.0	0.0	0.0	0.0	1.0	1	1953	205.7	411.5	0.01	0.0	1
12.92	0	0.0	0.0	0.0	0.0	0.0	1.0	1	1953	205.7	411.5	0.01	0.0	1
13.02	0	0.0	0.0	0.0	0.0	0.0	1.0	1	1953	205.7	411.5	0.01	0.0	1
13.12	0	0.0	0.0	0.0	0.0	0.0	1.0	1	1953	205.7	411.5	0.01	0.0	1
13.22	0	0.0	0.0	0.0	0.0	0.0	1.0	1	1953	205.7	411.5	0.01	0.0	1
13.32	0	0.0	0.0	0.0	0.0	0.0	1.0	1	1953	205.7	411.5	0.01	0.0	1
13.42	0	0.0	0.0	0.0	0.0	0.0	1.0	1	1953	205.7	411.5	0.01	0.0	1
13.52	0	0.0	0.0	0.0	0.0	0.0	1.0	1	1953	205.7	411.5	0.01	0.0	1
13.62	0	0.0	0.0	0.0	0.0	0.0	1.0	1	1953	205.7	411.5	0.01	0.0	1
13.72	0	0.0	0.0	0.0	0.0	0.0	1.0	1	1953	205.7	411.5	0.01	0.0	1
13.82	0	0.0	0.0	0.0	0.0	0.0	1.0	1	1953	205.7	411.5	0.01	0.0	1
13.92	0	0.0	0.0	0.0	0.0	0.0	1.0	1	1953	205.7	411.5	0.01	0.0	1
14.02	0	0.0	0.0	0.0	0.0	0.0	1.0	1	1953	205.7	411.5	0.01	0.0	1
14.12	0	0.0	0.0	0.0	0.0	0.0	1.0	1	1953	205.7	411.5	0.01	0.0	1
14.22	0	0.0	0.0	0.0	0.0	0.0	1.0	1	1953	205.7	411.5	0.01	0.0	1
14.32	0	0.0	0.0	0.0	0.0	0.0	1.0	1	1953	205.7	411.5	0.01	0.0	1
14.42	0	0.0	0.0	0.0	0.0	0.0	1.0	1	1953	205.7	411.5	0.01	0.0	1
14.52	0	0.0	0.0	0.0	0.0	0.0	1.0	1	1953	205.7	411.5	0.01	0.0	1
14.62	0	0.0	0.0	0.0	0.0	0.0	1.0	1	1953	205.7	411.5	0.01	0.0	1
14.72	0	0.0	0.0	0.0	0.0	0.0	1.0	1	1953	205.7	411.5	0.01	0.0	1
14.82	0	0.0	0.0	0.0	0.0	0.0	1.0	1	1953	205.7	411.5	0.01	0.0	1
14.92	0	0.0	0.0	0.0	0.0	0.0	1.0	1	1953	205.7	411.5	0.01	0.0	1
15.02	0	0.0	0.0	0.0	0.0	0.0	1.0	1	1953	205.7	411.5	0.01	0.0	1
15.12	0	0.0	0.0	0.0	0.0	0.0	1.0	1	1953	205.7	411.5	0.01	0.0	1
15.22	0	0.0	0.0	0.0	0.0	0.0	1.0	1	1953	205.7	411.5	0.01	0.0	1
15.32	0	0.0	0.0	0.0	0.0	0.0	1.0	1	1953	205.7	411.5	0.01	0.0	1
15.42	0	0.0	0.0	0.0	0.0	0.0	1.0	1	1953	205.7	411.5	0.01	0.0	1
15.52	0	0.0	0.0	0.0	0.0	0.0	1.0	1	1953	205.7	411.5	0.01	0.0	1
15.62	0	0.0	0.0	0.0	0.0	0.0	1.0	1	1953	205.7	411.5	0.01	0.0	1
15.72	0	0.0	0.0	0.0	0.0	0.0	1.0	1	1953	205.7	411.5	0.01	0.0	1
15.82	0	0.0	0.0	0.0	0.0	0.0	1.0	1	1953	205.7	411.5	0.01	0.0	1
15.92	0	0.0	0.0	0.0	0.0	0.0	1.0	1	1953	205.7	411.5	0.01	0.0	1
16.02	0	0.0	0.0	0.0	0.0	0.0	1.0	1	1953	205.7	411.5	0.01	0.0	1
16.12	0	0.0	0.0	0.0	0.0	0.0	1.0	1	1953	205.7	411.5	0.01	0.0	1
16.22	0	0.0	0.0	0.0	0.0	0.0	1.0	1	1953	205.7	411.5	0.01	0.0	1
16.32	0	0.0	0.0	0.0	0.0	0.0	1.0	1	1953	205.7	411.5	0.01	0.0	1
16.42	0	0.0	0.0	0.0	0.0	0.0	1.0	1	1953	205.7	411.5	0.01	0.0	1
16.52	0	0.0	0.0	0.0	0.0	0.0	1.0	1	1953	205.7	411.5	0.01	0.0	1
16.62	0	0.0	0.0	0.0	0.0	0.0	1.0	1	1953	205.7	411.5	0.01	0.0	1
16.72	0	0.0	0.0	0.0	0.0	0.0	1.0	1	1953	205.7	411.5	0.01	0.0	1
16.82	0	0.0	0.0	0.0	0.0	0.0	1.0	1	1953	205.7	411.5	0.01	0.0	1
16.92	0	0.0	0.0	0.0	0.0	0.0	1.0	1	1953	205.7	411.5	0.01	0.0	1
17.05	0	0.0	0.0	0.0	0.0	0.0	1.0	1	1953	205.7	411.5	0.01	0.0	1
17.15	0	0.0	0.0	0.0	0.0	0.0	1.0	1	1953	205.7	411.5	0.01	0.0	1
17.25	0	0.0	0.0	0.0	0.0	0.0	1.0	1	1953	205.7	411.5	0.01	0.0	1
17.36	0	0.0	0.0	0.0	0.0	0.0	1.0	1	1953	205.7	411.5	0.01	0.0	1
17.46	0	0.0	0.0	0.0	0.0	0.0	1.0	1	1953	205.7	411.5	0.01	0.0	1
17.56	0	0.0	0.0	0.0	0.0	0.0	1.0	1	1953	205.7	411.5	0.01	0.0	1
17.66	0	0.0	0.0	0.0	0.0	0.0	1.0	1	1953	205.7	411.5	0.01	0.0	1
17.76	0	0.0	0.0	0.0	0.0	0.0	1.0	1	1953	205.7	411.5	0.01	0.0	1
17.86	0	0.0	0.0	0.0	0.0	0.0	1.0	1	1953	205.7	411.5	0.01	0.0	1
17.96	0	0.0	0.0	0.0	0.0	0.0	1.0	1	1953	205.7	411.5	0.01	0.0	1
18.06	0	0.0	0.0	0.0	0.0	0.0	1.0	1	1953	205.7	411.5	0.01	0.0	1
18.16	0	0.0	0.0	0.0	0.0	0.0	1.0	1	1953	205.7	411.5	0.01	0.0	1
18.26	0	0.0	0.0	0.0	0.0	0.0	1.0	1	1953	205.7	411.5	0.01	0.0	1
18.36	0	0.0	0.0	0.0	0.0	0.0	1.0	1	1953	205.7	411.5	0.01	0.0	1
18.46	0	0.0	0.0	0.0	0.0	0.0	1.0	1	1953	205.7	411.5	0.01	0.0	1
18.56	0	0.0	0.0	0.0	0.0	0.0	1.0	1	1953	205.7	411.5	0.01	0.0	1
18.66	0	0.0	0.0	0.0	0.0	0.0	1.0	1	1953	205.7	411.5	0.01	0.0	1
18.76	0	0.0	0.0	0.0	0.0	0.0	1.0	1	1953	205.7	411.5	0.01	0.0	1
18.86	0	0.0	0.0	0.0	0.0	0.0	1.0	1	1953	205.7	411.5	0.01	0.0	1
18.96	0	0.0	0.0	0.0	0.0	0.0	1.0	1	1953	205.7	411.5	0.01	0.0	1
19.06	0	0.0	0.0	0.0	0.0	0.0	1.0	1	1953	205.7	411.5	0.01	0.0	1
19.16	0	0.0	0.0	0.0	0.0	0.0	1.0	1	1953	205.7	411.5	0.01	0.0	1
19.26	0	0.0	0.0	0.0	0.0	0.0	1.0	1	1953	205.7	411.5	0.01	0.0	1
19.36	0	0.0	0.0	0.0	0.0	0.0	1.0	1	1953	205.7	411.5	0.01	0.0	1
19.46	0	0.0	0.0	0.0	0.0	0.0	1.0	1	1953	205.7	411.5	0.01	0.0	1
19.56	0	0.0	0.0	0.0	0.0	0.0	1.0	1	1953	205.7	411.5	0.01	0.0	1
19.66	0	0.0	0.0	0.0	0.0	0.0	1.0	1	1953	205.7	411.5	0.01	0.0	1
19.76	0	0.0	0.0	0.0	0.0	0.0	1.0	1	1953	205.7	411.5	0.01	0.0	1
19.86	0	0.0	0.0	0.0	0.0	0.0	1.0	1	1953	205.7	411.5	0.01	0.0	1
19.96	0	0.0	0.0	0.0	0.0	0.0	1.0	1	1953	205.7	411.5	0.01	0.0	1
20.06	0	0.0	0.0	0.0	0.0	0.0	1.0	1	1953	205.7	411.5	0.01	0.0	1
20.16	0	0.0	0.0	0.0	0.0	0.0	1.0	1	1953	205.7	411.5	0.01	0.0	1
20.26	0	0.0	0.0	0.0	0.0	0.0	1.0	1	1953	205.7	411.5	0.01	0.0	1
20.36	0	0.0	0.0	0.0	0.0	0.0	1.0	1	1953	205.7	411.5	0.01	0.0	1
20.46	0	0.0	0.0	0.0	0.0	0.0	1.0	1	1953	205.7	411.5	0.01	0.0	1
20.56	0	0.0	0.0	0.0	0.0	0.0	1.0	1	1953	205.7	411.5	0.01	0.0	1
20.66	0	0.0	0.0	0.0	0.0	0.0	1.0	1	1953	205.7	411.5	0.01	0.0	1
20.76	0	0.0	0.0	0.0	0.0	0.0	1.0	1	1953	205.7	411.5	0.01	0.0	1
20.86	0	0.0	0.0	0.0	0.0	0.0	1.0	1	1953	205.7	411.5	0.01	0.0	1
20.96	0	0.0	0.0	0.0	0.0	0.0	1.0	1	1953	205.7	411.5	0.01	0.0	1
21.06	0	0.0	0.0	0.0	0.0	0.0	1.0	1	1953	205.7	411.5	0.01	0.0	1
21.16	0	0.0	0.0	0.0	0.0	0.0	1.0	1	1953	205.7	411.5	0.01	0.0	1
21.26	0	0.0	0.0	0.0	0.0	0.0	1.0	1	1953	205.7	411.5	0.01	0.0	1
21.36	0	0.0	0.0	0.0	0.0	0.0	1.0	1	1953	205.7	411.5	0.01	0.0	1
21.46	0	0.0	0.0	0.0	0.0	0.0	1.0	1	1953	205.7	411.5	0.01	0.0	1
21.56	0	0.0	0.0	0.0	0.0	0.0	1.0	1	1953	205.7	411.5	0.01	0.0	1
21.66	0	0.0	0.0	0.0	0.0	0.0	1.0	1	1953	205.7	411.5	0.01	0.0	1
21.76	0	0.0	0.0	0.0	0.0	0.0	1.0	1	1953	205.7	411.5	0.01	0.0	1
21.86	0	0.0	0.0	0.0	0.0	0.0	1.0	1	1953	205.7	411.5	0.01	0.0	1
21.96	0	0.0	0.0	0.0	0.0	0.0	1.0	1	1953	205.7	411.5	0.01	0.0	1
22.06	0	0.0	0.0	0.0	0.0	0.0	1.0	1	1953	205.7	411.5	0.01	0.0	1
22.16	0	0.0	0.0	0.0	0.0	0.0	1.0	1	1953	205.7	411.5	0.01	0.0	1
22.26	0	0.0	0.0	0.0	0.0	0.0	1.0	1	1953	205.7	411.5	0.01	0.0	1
22.36	0	0.0	0.0	0.0	0.0	0.0	1.0	1	1953	205.7	411.5	0.01	0.0	1
22.46	0	0.0	0.0	0.0	0.0	0.0	1.0	1	1953	205.7	411.5	0.01	0.0	1
22.56	0	0.0	0.0	0.0	0.0	0.0	1.0	1	1953	205.7	411.5	0.01	0.0	1
22.66	0	0.0	0.0	0.0	0.0	0.0	1.0	1	1953	205.7	411.5	0.01	0.0	1
22.76	0	0.0	0.0	0.0	0.0	0.0	1.0	1	1953	205.7	411.5	0.01	0.0	1
22.86	0	0.0	0.0	0.0	0.0	0.0	1.0	1	1953	205.7	411.5	0.01	0.0	1
22.96	0	0.0	0.0	0.0	0.0	0.0	1.0	1	1953	205.7	411.5	0.01	0.0	1
23.06	0	0.0	0.0	0.0	0.0	0.0	1.0	1	1953	205.7	411.5	0.01	0.0	1
23.16	0	0.0	0.0	0.0	0.0	0.0	1.0	1	1953	205.7	411.5	0.01	0.0	1
23.26	0	0.0	0.0	0.0	0.0	0.0	1.0	1	1953	205.7	411.5	0.01	0.0	1
23.36	0	0.0	0.0	0.0	0.0	0.0	1.0	1	1953	205.7	411.5	0.01	0.0	1
23.46	0	0.0	0.0	0.0	0.0	0.0	1.0	1	1953	205.7	411.5	0.01	0.0	1
23.56	0	0.0	0.0	0.0	0.0	0.0	1.0	1	1953	205.7	411.5	0.01	0.0	1
23.66	0	0.0	0.0	0.0	0.0	0.0	1.0	1	1953	205.7	411.5	0.01	0.0	1
23.76	0	0.0	0.0	0.0	0.0	0.0	1.0	1	1953	205.7	411.5	0.01	0.0	1
23.86	0	0.0	0.0	0.0	0.0	0.0	1.0	1	1953	205.7	411.5	0.01	0.0	1
23.96	0	0.0	0.0	0.0	0.0	0.0	1.0	1	1953	205.7	411.5	0.01	0.0	1
24.06	0	0.0	0.0	0.0	0.0	0.0	1.0	1	1953	205.7	411.5	0.01	0.0	1
24.16	0	0.0	0.0	0.0	0.0	0.0	1.0	1	1953	205.7	411.5	0.01	0.0	1
24.26	0	0.0	0.0	0.0	0.0	0.0	1.0	1	1953	205.7	411.5	0.01	0.0	1
24.36	0	0.0	0.0	0.0	0.0	0.0	1.0	1	1953	205.7	411.5	0.01	0.0	1
24.46	0	0.0	0.0	0.0	0.0	0.0	1.0	1	1953	205.7	411.5	0.01	0.0	1
24.56	0	0.0	0.0	0.0	0.0	0.0	1.0	1	1953	205.7	411.5	0.01	0.0	1
24.66	0	0.0	0.0	0.0	0.0	0.0	1.0	1	1953	205.7	411.5	0.01	0.0	1
24.76	0	0.0	0.0	0.0	0.0	0.0	1.0	1	1953	205.7	411.5	0.01	0.0	1
24.86	0	0.0	0.0	0.0	0.0	0.0	1.0	1	1953	205.7	411.5	0.01	0.0	1
24.96	0	0.0	0.0	0.0	0.0	0.0	1.0	1	1953	205.7	411.5	0.01	0.0	1
25.06	0	0.0	0.0	0.0	0.0	0.0	1.0	1	1953	205.7	411.5	0.01	0.0	1
25.16	0	0.0	0.0	0.0	0.0	0.0	1.0	1	1953	205.7	411.5	0.01	0.0	1
25.26	0	0.0	0.0	0.0	0.0	0.0	1.0	1	1953	205.7	411.5	0.01	0.0	1
25.36	0	0.0	0.0	0.0	0.0	0.0	1.0	1	1953	205.7	411.5	0.01	0.0	1
25.46	0	0.0	0.0	0.0	0.0	0.0	1.0	1	1953	205.7	411.5	0.01	0.0	1
25.56	0	0.0	0.0	0.0	0.0	0.0	1.0	1	1953	205.7	411.5	0.01	0.0	1
25.66	0	0.0	0.0	0.0	0.0	0.0	1.0	1	1953	205.7	411.5	0.01	0.0	1
25.76	0	0.0	0.0	0.0	0.0	0.0	1.0	1	1953	205.7	411.5	0.01	0.0	1
25.86	0	0.0	0.0	0.0	0.0	0.0	1.0	1	1953	205.7	411.5	0.01	0.0	1
25.96	0	0.0	0.0	0.0	0.0	0.0	1.0	1	1953	205.7	411.5	0.01	0.0	1
26.06	0	0.0	0.0	0.0	0.0	0.0	1.0	1	1953	205.7	411.5	0.01	0.0	1
26.16	0	0.0	0.0	0.0	0.0	0.0	1.0	1	1953	205.7	411.5	0.01	0.0	1
26.26	0	0.0	0.0	0.0	0.0	0.0	1.0	1	1953	205.7	411.5	0.01	0.0	1
26.36	0	0.0	0.0	0.0	0.0	0.0	1.0	1	1953	205.7	411.5	0.01	0.0	1
26.46	0	0.0	0.0	0.0	0.0	0.0	1.0	1	1953	205.7	411.5	0.01	0.0	1
26.56	0	0.0	0.0	0.0	0.0	0.0	1.0	1	1953	205.7	411.5	0.01	0.0	1
26.66	0	0.0	0.0	0.0	0.0	0.0	1.0	1	1953	205.7	411.5	0.01	0.0	1
26.76	0	0.0	0.0	0.0	0.0	0.0	1.0	1	1953	205.7	411.5	0.01	0.0	1
26.86	0	0.0	0.0	0.0	0.0	0.0	1.0	1	1953	205.7	411.5	0.01	0.0	1
26.99	0	0.0	0.0	0.0	0.0	0.0	1.0	1	1953	205.7	411.5	0.01	0.0	1
27.09	0	0.0	0.0	0.0	0.0	0.0	1.0	1	1953	205.7	411.5	0.01	0.0	1
27.19	0	0.0	0.0	0.0	0.0	0.0	1.0	1	1953	205.7	411.5	0.01	0.0	1
27.29	0	0.0	0.0	0.0	0.0	0.0	1.0	1	1953	205.7	411.5	0.01	0.0	1
27.42	0	0.0	0.0	0.0	0.0	0.0	1.0	1	1953	205.7	411.5	0.01	0.0	1
27.5	0	0.0	0.0	0.0	0.0	0.0	1.0	1	1953	205.7	411.5	0.01	0.0	1
27.6	0	0.0	0.0	0.0	0.0	0.0	1.0	1	1953	205.7	411.5	0.01	0.0	1
27.7	0	0.0	0.0	0.0	0.0	0.0	1.0	1	1953	205.7	411.5	0.01	0.0	1
27.8	0	0.0	0.0	0.0	0.0	0.0	1.0	1	1953	205.7	411.5	0.01	0.0	1
27.9	0	0.0	0.0	0.0	0.0	0.0	1.0	1	1953	205.7	411.5	0.01	0.0	1
28.0	0	0.0	0.0	0.0	0.0	0.0	1.0	1	1953	205.7	411.5	0.01	0.0	1
28.1	0	0.0	0.0	0.0	0.0	0.0	1.0	1	1953	205.7	411.5	0.01	0.0	1
28.2	0	0.0	0.0	0.0	0.0	0.0	1.0	1	1953	205.7	411.5	0.01	0.0	1
28.3	0	0.0	0.0	0.0	0.0	0.0	1.0	1	1953	205.7	411.5	0.01	0.0	1
28.4	0	0.0	0.0	0.0	0.0	0.0	1.0	1	1953	205.7	411.5	0.01	0.0	1
28.5	0	0.0	0.0	0.0	0.0	0.0	1.0	1	1953	205.7	411.5	0.01	0.0	1
28.6	0	0.0	0.0	0.0	0.0	0.0	1.0	1	1953	205.7	411.5	0.01	0.0	1
28.7	0	0.0	0.0	0.0	0.0	0.0	1.0	1	1953	205.7	411.5	0.01	0.0	1
28.8	0	0.0	0.0	0.0	0.0	0.0	1.0	1	1953	205.7	411.5	0.01	0.0	1
28.9	0	0.0	0.0	0.0	0.0	0.0	1.0	1	1953	205.7	411.5	0.01	0.0	1
29.0	0	0.0	0.0	0.0	0.0	0.0	1.0	1	1953	205.7	411.5	0.01	0.0	1
29.1	0	0.0	0.0	0.0	0.0	0.0	1.0	1	1953	205.7	411.5	0.01	0.0	1
29.2	0	0.0	0.0	0.0	0.0	0.0	1.0	1	1953	205.7	411.5	0.01	0.0	1
29.3	0	0.0	0.0	0.0	0.0	0.0	1.0	1	1953	205.7	411.5	0.01	0.0	1
29.4	0	0.0	0.0	0.0	0.0	0.0	1.0	1	1953	205.7	411.5	0.01	0.0	1
29.5	0	0.0	0.0	0.0	0.0	0.0	1.0	1	1953	205.7	411.5	0.01	0.0	1
29.6	0	0.0	0.0	0.0	0.0	0.0	1.0	1	1953	205.7	411.5	0.01	0.0	1
29.7	0	0.0	0.0	0.0	0.0	0.0	1.0	1	1953	205.7	411.5	0.01	0.0	1
29.8	0	0.0	0.0	0.0	0.0	0.0	1.0	1	1953	205.7	411.5	0.01	0.0	1
29.9	0	0.0	0.0	0.0	0.0	0.0	1.0	1	1953	205.7	411.5	0.01	0.0	1
30.0	0	0.0	0.0	0.0	0.0	0.0	1.0	1	1953	205.7	411.5	0.01	0.0	1
30.1	0	0.0	0.0	0.0	0.0	0.0	1.0	1	1953	205.7	411.5	0.01	0.0	1
30.2	0	0.0	0.0	0.0	0.0	0.0	1.0	1	1953	205.7	411.5	0.01	0.0	1
30.3	0	0.0	0.0	0.0	0.0	0.0	1.0	1	1953	205.7	411.5	0.01	0.0	1
30.4	0	0.0	0.0	0.0	0.0	0.0	1.0	1	1953	205.7	411.5	0.01	0.0	1
30.5	0	0.0	0.0	0.0	0.0	0.0	1.0	1	1953	205.7	411.5	0.01	0.0	1
30.6	0	0.0	0.0	0.0	0.0	0.0	1.0	1	1953	205.7	411.5	0.01	0.0	1
30.7	0	0.0	0.0	0.0	0.0	0.0	1.0	1	1953	205.7	411.5	0.01	0.0	1
30.8	0	0.0	0.0	0.0	0.0	0.0	1.0	1	1953	205.7	411.5	0.01	0.0	1
30.9	0	0.0	0.0	0.0	0.0	0.0	1.0	1	1953	205.7	411.5	0.01	0.0	1
31.0	0	0.0	0.0	0.0	0.0	0.0	1.0	1	1953	205.7	411.5	0.01	0.0	1
31.1	0	0.0	0.0	0.0	0.0	0.0	1.0	1	1953	205.7	411.5	0.01	0.0	1
31.2	0	0.0	0.0	0.0	0.0	0.0	1.0	1	1953	205.7	411.5	0.01	0.0	1
31.3	0	0.0	0.0	0.0	0.0	0.0	1.0	1	1953	205.7	411.5	0.01	0.0	1
31.4	0	0.0	0.0	0.0	0.0	0.0	1.0	1	1953	205.7	411.5	0.01	0.0	1
31.5	0	0.0	0.0	0.0	0.0	0.0	1.0	1	1953	205.7	411.5	0.01	0.0	1
31.6	0	0.0	0.0	0.0	0.0	0.0	1.0	1	1953	205.7	411.5	0.01	0.0	1
31.7	0	0.0	0.0	0.0	0.0	0.0	1.0	1	1953	205.7	411.5	0.01	0.0	1
31.8	0	0.0	0.0	0.0	0.0	0.0	1.0	1	1953	205.7	411.5	0.01	0.0	1
31.9	0	0.0	0.0	0.0	0.0	0.0	1.0	1	1953	205.7	411.5	0.01	0.0	1
32.0	0	0.0	0.0	0.0	0.0	0.0	1.0	1	1953	205.7	411.5	0.01	0.0	1
32.1	0	0.0	0.0	0.0	0.0	0.0	1.0	1	1953	205.7	411.5	0.01	0.0	1
32.2	0	0.0	0.0	0.0	0.0	0.0	1.0	1	1953	205.7	411.5	0.01	0.0	1
32.3	0	0.0	0.0	0.0	0.0	0.0	1.0	1	1953	205.7	411.5	0.01	0.0	1
32.4	0	0.0	0.0	0.0	0.0	0.0	1.0	1	1953	205.7	411.5	0.01	0.0	1
32.5	0	0.0	0.0	0.0	0.0	0.0	1.0	1	1953	205.7	411.5	0.01	0.0	1
32.6	0	0.0	0.0	0.0	0.0	0.0	1.0	1	1953	205.7	411.5	0.01	0.0	1
32.7	0	0.0	0.0	0.0	0.0	0.0	1.0	1	1953	205.7	411.5	0.01	0.0	1
32.8	0	0.0	0.0	0.0	0.0	0.0	1.0	1	1953	205.7	411.5	0.01	0.0	1
32.9	0	0.0	0.0	0.0	0.0	0.0	1.0	1	1953	205.7	411.5	0.01	0.0	1
33.0	0	0.0	0.0	0.0	0.0	0.0	1.0	1	1953	205.7	411.5	0.01	0.0	1
33.1	0	0.0	0.0	0.0	0.0	0.0	1.0	1	1953	205.7	411.5	0.01	0.0	1
33.2	0	0.0	0.0	0.0	0.0	0.0	1.0	1	1953	205.7	411.5	0.01	0.0	1
33.3	0	0.0	0.0	0.0	0.0	0.0	1.0	1	1953	205.7	411.5	0.01	0.0	1
33.4	0	0.0	0.0	0.0	0.0	0.0	1.0	1	1953	205.7	411.5	0.01	0.0	1
33.5	0	0.0	0.0	0.0	0.0	0.0	1.0	1	1953	205.7	411.5	0.01	0.0	1
33.6	0	0.0	0.0	0.0	0.0	0.0	1.0	1	1953	205.7	411.5	0.01	0.0	1
33.7	0	0.0	0.0	0.0	0.0	0.0	1.0	1	1953	205.7	411.5	0.01	0.0	1
33.8	0	0.0	0.0	0.0	0.0	0.0	1.0	1	1953	205.7	411.5	0.01	0.0	1
33.9	0	0.0	0.0	0.0	0.0	0.0	1.0	1	1953	205.7	411.5	0.01	0.0	1
34.0	0	0.0	0.0	0.0	0.0	0.0	1.0	1	1953	205.7	411.5	0.01	0.0	1
34.1	0	0.0	0.0	0.0	0.0	0.0	1.0	1	1953	205.7	411.5	0.01	0.0	1
34.2	0	0.0	0.0	0.0	0.0	0.0	1.0	1	1953	205.7	411.5	0.01	0.0	1
34.3	0	0.0	0.0	0.0	0.0	0.0	1.0	1	1953	205.7	411.5	0.01	0.0	1
34.4	0	0.0	0.0	0.0	0.0	0.0	1.0	1	1953	205.7	411.5	0.01	0.0	1
34.5	0	0.0	0.0	0.0	0.0	0.0	1.0	1	1953	205.7	411.5	0.01	0.0	1
34.6	0	0.0	0.0	0.0	0.0	0.0	1.0	1	1953	205.7	411.5	0.01	0.0	1
34.7	0	0.0	0.0	0.0	0.0	0.0	1.0	1	1953	205.7	411.5	0.01	0.0	1
34.8	0	0.0	0.0	0.0	0.0	0.0	1.0	1	1953	205.7	411.5	0.01	0.0	1
34.9	0	0.0	0.0	0.0	0.0	0.0	1.0	1	1953	205.7	411.5	0.01	0.0	1
35.0	0	0.0	0.0	0.0	0.0	0.0	1.0	1	1953	205.7	411.5	0.01	0.0	1
35.1	0	0.0	0.0	0.0	0.0	0.0	1.0	1	1953	205.7	411.5	0.01	0.0	1
35.2	0	0.0	0.0	0.0	0.0	0.0	1.0	1	1953	205.7	411.5	0.01	0.0	1
35.3	0	0.0	0.0	0.0	0.0	0.0	1.0	1	1953	205.7	411.5	0.01	0.0	1
35.4	0	0.0	0.0	0.0	0.0	0.0	1.0	1	1953	205.7	411.5	0.01	0.0	1
35.5	0	0.0	0.0	0.0	0.0	0.0	1.0	1	1953	205.7	411.5	0.01	0.0	1
35.6	0	0.0	0.0	0.0	0.0	0.0	1.0	1	1953	205.7	411.5	0.01	0.0	1
35.7	0	0.0	0.0	0.0	0.0	0.0	1.0	1	1953	205.7	411.5	0.01	0.0	1
35.8	0	0.0	0.0	0.0	0.0	0.0	1.0	1	1953	205.7	411.5	0.01	0.0	1
35.9	0	0.0	0.0	0.0	0.0	0.0	1.0	1	1953	205.7	411.5	0.01	0.0	1
36.0	0	0.0	0.0	0.0	0.0	0.0	1.0	1	1953	205.7	411.5	0.01	0.0	1
36.1	0	0.0	0.0	0.0	0.0	0.0	1.0	1	1953	205.7	411.5	0.01	0.0	1
36.2	0	0.0	0.0	0.0	0.0	0.0	1.0	1	1953	205.7	411.5	0.01	0.0	1
36.3	0	0.0	0.0	0.0	0.0	0.0	1.0	1	1953	205.7	411.5	0.01	0.0	1
36.4	0	0.0	0.0	0.0	0.0	0.0	1.0	1	1953	205.7	411.5	0.01	0.0	1
36.5	0	0.0	0.0	0.0	0.0	0.0	1.0	1	1953	205.7	411.5	0.01	0.0	1
36.6	0	0.0	0.0	0.0	0.0	0.0	1.0	1	1953	205.7	411.5	0.01	0.0	1
36.7	0	0.0	0.0	0.0	0.0	0.0	1.0	1	1953	205.7	411.5	0.01	0.0	1
36.8	0	0.0	0.0	0.0	0.0	0.0	1.0	1	1953	205.7	411.5	0.01	0.0	1
36.9	0	0.0	0.0	0.0	0.0	0.0	1.0	1	1953	205.7	411.5	0.01	0.0	1
37.03	0	0.0	0.0	0.0	0.0	0.0	1.0	1	1953	205.7	411.5	0.01	0.0	1
37.17	0	0.0	0.0	0.0	0.0	0.0	1.0	1	1953	205.7	411.5	0.01	0.0	1
37.24	0	0.0	0.0	0.0	0.0	0.0	1.0	1	1953	205.7	411.5	0.01	0.0	1
37.34	0	0.0	0.0	0.0	0.0	0.0	1.0	1	1953	205.7	411.5	0.01	0.0	1
37.44	0	0.0	0.0	0.0	0.0	0.0	1.0	1	1953	205.7	411.5	0.01	0.0	1
37.54	0	0.0	0.0	0.0	0.0	0.0	1.0	1	1953	205.7	411.5	0.01	0.0	1
37.64	0	0.0	0.0	0.0	0.0	0.0	1.0	1	1953	205.7	411.5	0.01	0.0	1
37.74	0	0.0	0.0	0.0	0.0	0.0	1.0	1	1953	205.7	411.5	0.01	0.0	1
37.84	0	0.0	0.0	0.0	0.0	0.0	1.0	1	1953	205.7	411.5	0.01	0.0	1
37.94	0	0.0	0.0	0.0	0.0	0.0	1.0	1	1953	205.7	411.5	0.01	0.0	1
38.04	0	0.0	0.0	0.0	0.0	0.0	1.0	1	1953	205.7	411.5	0.01	0.0	1
38.14	0	0.0	0.0	0.0	0.0	0.0	1.0	1	1953	205.7	411.5	0.01	0.0	1
38.24	0	0.0	0.0	0.0	0.0	0.0	1.0	1	1953	205.7	411.5	0.01	0.0	1
38.34	0	0.0	0.0	0.0	0.0	0.0	1.0	1	1953	205.7	411.5	0.01	0.0	1
38.44	0	0.0	0.0	0.0	0.0	0.0	1.0	1	1953	205.7	411.5	0.02	0.0	1
38.54	0	0.0	0.0	0.0	0.0	0.0	1.0	1	1953	205.7	411.5	0.02	0.0	1
38.64	0	0.0	0.0	0.0	0.0	0.0	1.0	1	1953	205.7	411.5	0.02	0.0	1
38.74	0	0.0	0.0	0.0	0.0	0.0	1.0	1	1953	205.7	411.5	0.02	0.0	1
38.84	0	0.0	0.0	0.0	0.0	0.0	1.0	1	1953	205.7	411.5	0.02	0.0	1
38.94	0	0.0	0.0	0.0	0.0	0.0	1.0	1	1953	205.7	411.5	0.02	0.0	1
39.04	0	0.0	0.0	0.0	0.0	0.0	1.0	1	1953	205.7	411.5	0.02	0.0	1
39.14	0	0.0	0.0	0.0	0.0	0.0	1.0	1	1953	205.7	411.5	0.02	0.0	1
39.24	0	0.0	0.0	0.0	0.0	0.0	1.0	1	1953	205.7	411.5	0.02	0.0	1
39.34	0	0.0	0.0	0.0	0.0	0.0	1.0	1	1953	205.7	411.5	0.02	0.0	1
39.44	0	0.0	0.0	0.0	0.0	0.0	1.0	1	1953	205.7	411.5	0.02	0.0	1
39.54	0	0.0	0.0	0.0	0.0	0.0	1.0	1	1953	205.7	411.5	0.02	0.0	1
39.64	0	0.0	0.0	0.0	0.0	0.0	1.0	1	1953	205.7	411.5	0.02	0.0	1
39.74	0	0.0	0.0	0.0	0.0	0.0	1.0	1	1953	205.7	411.5	0.02	0.0	1
39.84	0	0.0	0.0	0.0	0.0	0.0	1.0	1	1953	205.7	411.5	0.02	0.0	1
39.94	0	0.0	0.0	0.0	0.0	0.0	1.0	1	1953	205.7	411.5	0.02	0.0	1
40.04	0	0.0	0.0	0.0	0.0	0.0	1.0	1	1953	205.7	411.5	0.02	0.0	1
40.14	0	0.0	0.0	0.0	0.0	0.0	1.0	1	1953	205.7	411.5	0.02	0.0	1
40.24	0	0.0	0.0	0.0	0.0	0.0	1.0	1	1953	205.7	411.5	0.02	0.0	1
40.34	0	0.0	0.0	0.0	0.0	0.0	1.0	1	1953	205.7	411.5	0.02	0.0	1
40.44	0	0.0	0.0	0.0	0.0	0.0	1.0	1	1953	205.7	411.5	0.02	0.0	1
40.54	0	0.0	0.0	0.0	0.0	0.0	1.0	1	1953	205.7	411.5	0.02	0.0	1
40.64	0	0.0	0.0	0.0	0.0	0.0	1.0	1	1953	205.7	411.5	0.02	0.0	1
40.74	0	0.0	0.0	0.0	0.0	0.0	1.0	1	1953	205.7	411.5	0.02	0.0	1
40.84	0	0.0	0.0	0.0	0.0	0.0	1.0	1	1953	205.7	411.5	0.02	0.0	1
40.94	0	0.0	0.0	0.0	0.0	0.0	1.0	1	1953	205.7	411.5	0.02	0.0	1
41.04	0	0.0	0.0	0.0	0.0	0.0	1.0	1	1953	205.7	411.5	0.02	0.0	1
41.14	0	0.0	0.0	0.0	0.0	0.0	1.0	1	1953	205.7	411.5	0.02	0.0	1
41.24	0	0.0	0.0	0.0	0.0	0.0	1.0	1	1953	205.7	411.5	0.02	0.0	1
41.34	0	0.0	0.0	0.0	0.0	0.0	1.0	1	1953	205.7	411.5	0.02	0.0	1
41.44	0	0.0	0.0	0.0	0.0	0.0	1.0	1	1953	205.7	411.5	0.02	0.0	1
41.54	0	0.0	0.0	0.0	0.0	0.0	1.0	1	1953	205.7	411.5	0.02	0.0	1
41.64	0	0.0	0.0	0.0	0.0	0.0	1.0	1	1953	205.7	411.5	0.02	0.0	1
41.74	0	0.0	0.0	0.0	0.0	0.0	1.0	1	1953	205.7	411.5	0.02	0.0	1
41.84	0	0.0	0.0	0.0	0.0	0.0	1.0	1	1953	205.7	411.5	0.02	0.0	1
41.94	0	0.0	0.0	0.0	0.0	0.0	1.0	1	1953	205.7	411.5	0.02	0.0	1
42.04	0	0.0	0.0	0.0	0.0	0.0	1.0	1	1953	205.7	411.5	0.02	0.0	1
42.14	0	0.0	0.0	0.0	0.0	0.0	1.0	1	1953	205.7	411.5	0.02	0.0	1
42.24	0	0.0	0.0	0.0	0.0	0.0	1.0	1	1953	205.7	411.5	0.02	0.0	1
42.34	0	0.0	0.0	0.0	0.0	0.0	1.0	1	1953	205.7	411.5	0.02	0.0	1
42.44	0	0.0	0.0	0.0	0.0	0.0	1.0	1	1953	205.7	411.5	0.02	0.0	1
42.54	0	0.0	0.0	0.0	0.0	0.0	1.0	1	1953	205.7	411.5	0.02	0.0	1
42.64	0	0.0	0.0	0.0	0.0	0.0	1.0	1	1953	205.7	411.5	0.02	0.0	1
42.74	0	0.0	0.0	0.0	0.0	0.0	1.0	1	1953	205.7	411.5	0.02	0.0	1
42.84	0	0.0	0.0	0.0	0.0	0.0	1.0	1	1953	205.7	411.5	0.02	0.0	1
42.94	0	0.0	0.0	0.0	0.0	0.0	1.0	1	1953	205.7	411.5	0.02	0.0	1
43.04	0	0.0	0.0	0.0	0.0	0.0	1.0	1	1953	205.7	411.5	0.02	0.0	1
43.14	0	0.0	0.0	0.0	0.0	0.0	1.0	1	1953	205.7	411.5	0.02	0.0	1
43.24	0	0.0	0.0	0.0	0.0	0.0	1.0	1	1953	205.7	411.5	0.02	0.0	1
43.34	0	0.0	0.0	0.0	0.0	0.0	1.0	1	1953	205.7	411.5	0.02	0.0	1
43.44	0	0.0	0.0	0.0	0.0	0.0	1.0	1	1953	205.7	411.5	0.02	0.0	1
43.54	0	0.0	0.0	0.0	0.0	0.0	1.0	1	1953	205.7	411.5	0.02	0.0	1
43.64	0	0.0	0.0	0.0	0.0	0.0	1.0	1	1953	205.7	411.5	0.02	0.0	1
43.74	0	0.0	0.0	0.0	0.0	0.0	1.0	1	1953	205.7	411.5	0.02	0.0	1
43.84	0	0.0	0.0	0.0	0.0	0.0	1.0	1	1953	205.7	411.5	0.02	0.0	1
43.94	0	0.0	0.0	0.0	0.0	0.0	1.0	1	1953	205.7	411.5	0.02	0.0	1
44.04	0	0.0	0.0	0.0	0.0	0.0	1.0	1	1953	205.7	411.5	0.02	0.0	1
44.14	0	0.0	0.0	0.0	0.0	0.0	1.0	1	1953	205.7	411.5	0.02	0.0	1
44.24	0	0.0	0.0	0.0	0.0	0.0	1.0	1	1953	205.7	411.5	0.02	0.0	1
44.34	0	0.0	0.0	0.0	0.0	0.0	1.0	1	1953	205.7	411.5	0.02	0.0	1
44.44	0	0.0	0.0	0.0	0.0	0.0	1.0	1	1953	205.7	411.5	0.02	0.0	1
44.54	0	0.0	0.0	0.0	0.0	0.0	1.0	1	1953	205.7	411.5	0.02	0.0	1
44.64	0	0.0	0.0	0.0	0.0	0.0	1.0	1	1953	205.7	411.5	0.02	0.0	1
44.74	0	0.0	0.0	0.0	0.0	0.0	1.0	1	1953	205.7	411.5	0.02	0.0	1
44.84	0	0.0	0.0	0.0	0.0	0.0	1.0	1	1953	205.7	411.5	0.02	0.0	1
44.94	0	0.0	0.0	0.0	0.0	0.0	1.0	1	1953	205.7	411.5	0.02	0.0	1
45.04	0	0.0	0.0	0.0	0.0	0.0	1.0	1	1953	205.7	411.5	0.02	0.0	1
45.14	0	0.0	0.0	0.0	0.0	0.0	1.0	1	1953	205.7	411.5	0.02	0.0	1
45.24	0	0.0	0.0	0.0	0.0	0.0	1.0	1	1953	205.7	411.5	0.02	0.0	1
45.34	0	0.0	0.0	0.0	0.0	0.0	1.0	1	1953	205.7	411.5	0.02	0.0	1
45.44	0	0.0	0.0	0.0	0.0	0.0	1.0	1	1953	205.7	411.5	0.02	0.0	1
45.54	0	0.0	0.0	0.0	0.0	0.0	1.0	1	1953	205.7	411.5	0.02	0.0	1
45.64	0	0.0	0.0	0.0	0.0	0.0	1.0	1	1953	205.7	411.5	0.02	0.0	1
45.74	0	0.0	0.0	0.0	0.0	0.0	1.0	1	1953	205.7	411.5	0.02	0.0	1
45.84	0	0.0	0.0	0.0	0.0	0.0	1.0	1	1953	205.7	411.5	0.02	0.0	1
45.94	0	0.0	0.0	0.0	0.0	0.0	1.0	1	1953	205.7	411.5	0.02	0.0	1
46.04	0	0.0	0.0	0.0	0.0	0.0	1.0	1	1953	205.7	411.5	0.02	0.0	1
46.14	0	0.0	0.0	0.0	0.0	0.0	1.0	1	1953	205.7	411.5	0.02	0.0	1
46.24	0	0.0	0.0	0.0	0.0	0.0	1.0	1	1953	205.7	411.5	0.02	0.0	1
46.34	0	0.0	0.0	0.0	0.0	0.0	1.0	1	1953	205.7	411.5	0.02	0.0	1
46.44	0	0.0	0.0	0.0	0.0	0.0	1.0	1	1953	205.7	411.5	0.02	0.0	1
46.54	0	0.0	0.0	0.0	0.0	0.0	1.0	1	1953	205.7	411.5	0.02	0.0	1
46.64	0	0.0	0.0	0.0	0.0	0.0	1.0	1	1953	205.7	411.5	0.02	0.0	1
46.74	0	0.0	0.0	0.0	0.0	0.0	1.0	1	1953	205.7	411.5	0.02	0.0	1
46.84	0	0.0	0.0	0.0	0.0	0.0	1.0	1	1953	205.7	411.5	0.02	0.0	1
46.96	0	0.0	0.0	0.0	0.0	0.0	1.0	1	1953	205.7	411.5	0.02	0.0	1
47.05	0	0.0	0.0	0.0	0.0	0.0	1.0	1	1953	205.7	411.5	0.02	0.0	1
47.15	0	0.0	0.0	0.0	0.0	0.0	1.0	1	1953	205.7	411.5	0.02	0.0	1
47.25	0	0.0	0.0	0.0	0.0	0.0	1.0	1	1953	205.7	411.5	0.02	0.0	1
47.35	0	0.0	0.0	0.0	0.0	0.0	1.0	1	1953	205.7	411.5	0.02	0.0	1
47.45	0	0.0	0.0	0.0	0.0	0.0	1.0	1	1953	205.7	411.5	0.02	0.0	1
47.55	0	0.0	0.0	0.0	0.0	0.0	1.0	1	1953	205.7	411.5	0.02	0.0	1
47.65	0	0.0	0.0	0.0	0.0	0.0	1.0	1	1953	205.7	411.5	0.02	0.0	1
47.75	0	0.0	0.0	0.0	0.0	0.0	1.0	1	1953	205.7	411.5	0.02	0.0	1
47.85	0	0.0	0.0	0.0	0.0	0.0	1.0	1	1953	205.7	411.5	0.02	0.0	1
47.95	0	0.0	0.0	0.0	0.0	0.0	1.0	1	1953	205.7	411.5	0.02	0.0	1
48.05	0	0.0	0.0	0.0	0.0	0.0	1.0	1	1953	205.7	411.5	0.02	0.0	1
48.15	0	0.0	0.0	0.0	0.0	0.0	1.0	1	1953	205.7	411.5	0.02	0.0	1
48.25	0	0.0	0.0	0.0	0.0	0.0	1.0	1	1953	205.7	411.5	0.02	0.0	1
48.35	0	0.0	0.0	0.0	0.0	0.0	1.0	1	1953	205.7	411.5	0.02	0.0	1
48.45	0	0.0	0.0	0.0	0.0	0.0	1.0	1	1953	205.7	411.5	0.02	0.0	1
48.56	0	0.0	0.0	0.0	0.0	0.0	1.0	1	1953	205.7	411.5	0.02	0.0	1
48.66	0	0.0	0.0	0.0	0.0	0.0	1.0	1	1953	205.7	411.5	0.02	0.0	1
48.76	0	0.0	0.0	0.0	0.0	0.0	1.0	1	1953	205.7	411.5	0.02	0.0	1
48.86	0	0.0	0.0	0.0	0.0	0.0	1.0	1	1953	205.7	411.5	0.02	0.0	1
48.96	0	0.0	0.0	0.0	0.0	0.0	1.0	1	1953	205.7	411.5	0.02	0.0	1
49.06	0	0.0	0.0	0.0	0.0	0.0	1.0	1	1953	205.7	411.5	0.02	0.0	1
49.16	0	0.0	0.0	0.0	0.0	0.0	1.0	1	1953	205.7	411.5	0.02	0.0	1
49.26	0	0.0	0.0	0.0	0.0	0.0	1.0	1	1953	205.7	411.5	0.02	0.0	1
49.36	0	0.0	0.0	0.0	0.0	0.0	1.0	1	1953	205.7	411.5	0.02	0.0	1
49.46	0	0.0	0.0	0.0	0.0	0.0	1.0	1	1953	205.7	411.5	0.02	0.0	1
49.56	0	0.0	0.0	0.0	0.0	0.0	1.0	1	1953	205.7	411.5	0.02	0.0	1
49.66	0	0.0	0.0	0.0	0.0	0.0	1.0	1	1953	205.7	411.5	0.02	0.0	1
49.76	0	0.0	0.0	0.0	0.0	0.0	1.0	1	1953	205.7	411.5	0.02	0.0	1
49.87	0	0.0	0.0	0.0	0.0	0.0	1.0	1	1953	205.7	411.5	0.02	0.0	1
49.96	0	0.0	0.0	0.0	0.0	0.0	1.0	1	1953	205.7	411.5	0.02	0.0	1
50.06	0	0.0	0.0	0.0	0.0	0.0	1.0	1	1953	205.7	411.5	0.02	0.0	1
50.16	0	0.0	0.0	0.0	0.0	0.0	1.0	1	1953	205.7	411.5	0.02	0.0	1
50.26	0	0.0	0.0	0.0	0.0	0.0	1.0	1	1953	205.7	411.5	0.02	0.0	1
50.36	0	0.0	0.0	0.0	0.0	0.0	1.0	1	1953	205.7	411.5	0.02	0.0	1
50.46	0	0.0	0.0	0.0	0.0	0.0	1.0	1	1953	205.7	411.5	0.02	0.0	1
50.57	0	0.0	0.0	0.0	0.0	0.0	1.0	1	1953	205.7	411.5	0.02	0.0	1
50.67	0	0.0	0.0	0.0	0.0	0.0	1.0	1	1953	205.7	411.5	0.02	0.0	1
50.77	0	0.0	0.0	0.0	0.0	0.0	1.0	1	1953	205.7	411.5	0.02	0.0	1
50.87	0	0.0	0.0	0.0	0.0	0.0	1.0	1	1953	205.7	411.5	0.02	0.0	1
50.97	0	0.0	0.0	0.0	0.0	0.0	1.0	1	1953	205.7	411.5	0.02	0.0	1
51.07	0	0.0	0.0	0.0	0.0	0.0	1.0	1	1953	205.7	411.5	0.02	0.0	1
51.17	0	0.0	0.0	0.0	0.0	0.0	1.0	1	1953	205.7	411.5	0.02	0.0	1
51.27	0	0.0	0.0	0.0	0.0	0.0	1.0	1	1953	205.7	411.5	0.02	0.0	1
51.37	0	0.0	0.0	0.0	0.0	0.0	1.0	1	1953	205.7	411.5	0.02	0.0	1
51.47	0	0.0	0.0	0.0	0.0	0.0	1.0	1	1953	205.7	411.5	0.02	0.0	1
51.57	0	0.0	0.0	0.0	0.0	0.0	1.0	1	1953	205.7	411.5	0.02	0.0	1
51.67	0	0.0	0.0	0.0	0.0	0.0	1.0	1	1953	205.7	411.5	0.02	0.0	1
51.77	0	0.0	0.0	0.0	0.0	0.0	1.0	1	1953	205.7	411.5	0.02	0.0	1
51.87	0	0.0	0.0	0.0	0.0	0.0	1.0	1	1953	205.7	411.5	0.02	0.0	1
51.97	0	0.0	0.0	0.0	0.0	0.0	1.0	1	1953	205.7	411.5	0.02	0.0	1
52.07	0	0.0	0.0	0.0	0.0	0.0	1.0	1	1953	205.7	411.5	0.02	0.0	1
52.17	0	0.0	0.0	0.0	0.0	0.0	1.0	1	1953	205.7	411.5	0.02	0.0	1
52.27	0	0.0	0.0	0.0	0.0	0.0	1.0	1	1953	205.7	411.5	0.02	0.0	1
52.37	0	0.0	0.0	0.0	0.0	0.0	1.0	1	1953	205.7	411.5	0.02	0.0	1
52.47	0	0.0	0.0	0.0	0.0	0.0	1.0	1	1953	205.7	411.5	0.02	0.0	1
52.57	0	0.0	0.0	0.0	0.0	0.0	1.0	1	1953	205.7	411.5	0.02	0.0	1
52.68	0	0.0	0.0	0.0	0.0	0.0	1.0	1	1953	205.7	411.5	0.02	0.0	1
52.78	0	0.0	0.0	0.0	0.0	0.0	1.0	1	1953	205.7	411.5	0.02	0.0	1
52.88	0	0.0	0.0	0.0	0.0	0.0	1.0	1	1953	205.7	411.5	0.02	0.0	1
52.98	0	0.0	0.0	0.0	0.0	0.0	1.0	1	1953	205.7	411.5	0.02	0.0	1
53.08	0	0.0	0.0	0.0	0.0	0.0	1.0	1	1953	205.7	411.5	0.02	0.0	1
53.18	0	0.0	0.0	0.0	0.0	0.0	1.0	1	1953	205.7	411.5	0.02	0.0	1
53.28	0	0.0	0.0	0.0	0.0	0.0	1.0	1	1953	205.7	411.5	0.02	0.0	1
53.38	0	0.0	0.0	0.0	0.0	0.0	1.0	1	1953	205.7	411.5	0.02	0.0	1
53.48	0	0.0	0.0	0.0	0.0	0.0	1.0	1	1953	205.7	411.5	0.02	0.0	1
53.58	0	0.0	0.0	0.0	0.0	0.0	1.0	1	1953	205.7	411.5	0.02	0.0	1
53.68	0	0.0	0.0	0.0	0.0	0.0	1.0	1	1953	205.7	411.5	0.02	0.0	1
53.78	0	0.0	0.0	0.0	0.0	0.0	1.0	1	1953	205.7	411.5	0.02	0.0	1
53.88	0	0.0	0.0	0.0	0.0	0.0	1.0	1	1953	205.7	411.5	0.02	0.0	1
53.98	0	0.0	0.0	0.0	0.0	0.0	1.0	1	1953	205.7	411.5	0.02	0.0	1
54.08	0	0.0	0.0	0.0	0.0	0.0	1.0	1	1953	205.7	411.5	0.02	0.0	1
54.18	0	0.0	0.0	0.0	0.0	0.0	1.0	1	1953	205.7	411.5	0.02	0.0	1
54.28	0	0.0	0.0	0.0	0.0	0.0	1.0	1	1953	205.7	411.5	0.02	0.0	1
54.38	0	0.0	0.0	0.0	0.0	0.0	1.0	1	1953	205.7	411.5	0.02	0.0	1
54.48	0	0.0	0.0	0.0	0.0	0.0	1.0	1	1953	205.7	411.5	0.02	0.0	1
54.58	0	0.0	0.0	0.0	0.0	0.0	1.0	1	1953	205.7	411.5	0.02	0.0	1
54.68	0	0.0	0.0	0.0	0.0	0.0	1.0	1	1953	205.7	411.5	0.02	0.0	1
54.78	0	0.0	0.0	0.0	0.0	0.0	1.0	1	1953	205.7	411.5	0.02	0.0	1
54.88	0	0.0	0.0	0.0	0.0	0.0	1.0	1	1953	205.7	411.5	0.02	0.0	1
54.98	0	0.0	0.0	0.0	0.0	0.0	1.0	1	1953	205.7	411.5	0.02	0.0	1
55.08	0	0.0	0.0	0.0	0.0	0.0	1.0	1	1953	205.7	411.5	0.02	0.0	1
55.18	0	0.0	0.0	0.0	0.0	0.0	1.0	1	1953	205.7	411.5	0.02	0.0	1
55.28	0	0.0	0.0	0.0	0.0	0.0	1.0	1	1953	205.7	411.5	0.02	0.0	1
55.38	0	0.0	0.0	0.0	0.0	0.0	1.0	1	1953	205.7	411.5	0.02	0.0	1
55.48	0	0.0	0.0	0.0	0.0	0.0	1.0	1	1953	205.7	411.5	0.02	0.0	1
55.58	0	0.0	0.0	0.0	0.0	0.0	1.0	1	1953	205.7	411.5	0.02	0.0	1
55.68	0	0.0	0.0	0.0	0.0	0.0	1.0	1	1953	205.7	411.5	0.02	0.0	1
55.78	0	0.0	0.0	0.0	0.0	0.0	1.0	1	1953	205.7	411.5	0.02	0.0	1
55.88	0	0.0	0.0	0.0	0.0	0.0	1.0	1	1953	205.7	411.5	0.02	0.0	1
55.98	0	0.0	0.0	0.0	0.0	0.0	1.0	1	1953	205.7	411.5	0.02	0.0	1
56.08	0	0.0	0.0	0.0	0.0	0.0	1.0	1	1953	205.7	411.5	0.02	0.0	1
56.18	0	0.0	0.0	0.0	0.0	0.0	1.0	1	1953	205.7	411.5	0.02	0.0	1
56.28	0	0.0	0.0	0.0	0.0	0.0	1.0	1	1953	205.7	411.5	0.02	0.0	1
56.38	0	0.0	0.0	0.0	0.0	0.0	1.0	1	1953	205.7	411.5	0.02	0.0	1
56.48	0	0.0	0.0	0.0	0.0	0.0	1.0	1	1953	205.7	411.5	0.02	0.0	1
56.58	0	0.0	0.0	0.0	0.0	0.0	1.0	1	1953	205.7	411.5	0.02	0.0	1
56.68	0	0.0	0.0	0.0	0.0	0.0	1.0	1	1953	205.7	411.5	0.02	0.0	1
56.78	0	0.0	0.0	0.0	0.0	0.0	1.0	1	1953	205.7	411.5	0.02	0.0	1
56.88	0	0.0	0.0	0.0	0.0	0.0	1.0	1	1953	205.7	411.5	0.02	0.0	1
57.02	0	0.0	0.0	0.0	0.0	0.0	1.0	1	1953	205.7	411.5	0.02	0.0	1
57.12	0	0.0	0.0	0.0	0.0	0.0	1.0	1	1953	205.7	411.5	0.02	0.0	1
57.22	0	0.0	0.0	0.0	0.0	0.0	1.0	1	1953	205.7	411.5	0.02	0.0	1
57.32	0	0.0	0.0	0.0	0.0	0.0	1.0	1	1953	205.7	411.5	0.02	0.0	1
57.42	0	0.0	0.0	0.0	0.0	0.0	1.0	1	1953	205.7	411.5	0.02	0.0	1
57.52	0	0.0	0.0	0.0	0.0	0.0	1.0	1	1953	205.7	411.5	0.02	0.0	1
57.62	0	0.0	0.0	0.0	0.0	0.0	1.0	1	1953	205.7	411.5	0.02	0.0	1
57.72	0	0.0	0.0	0.0	0.0	0.0	1.0	1	1953	205.7	411.5	0.02	0.0	1
57.82	0	0.0	0.0	0.0	0.0	0.0	1.0	1	1953	205.7	411.5	0.02	0.0	1
57.92	0	0.0	0.0	0.0	0.0	0.0	1.0	1	1953	205.7	411.5	0.02	0.0	1
58.02	0	0.0	0.0	0.0	0.0	0.0	1.0	1	1953	205.7	411.5	0.02	0.0	1
58.12	0	0.0	0.0	0.0	0.0	0.0	1.0	1	1953	205.7	411.5	0.02	0.0	1
58.22	0	0.0	0.0	0.0	0.0	0.0	1.0	1	1953	205.7	411.5	0.02	0.0	1
58.32	0	0.0	0.0	0.0	0.0	0.0	1.0	1	1953	205.7	411.5	0.02	0.0	1
58.42	0	0.0	0.0	0.0	0.0	0.0	1.0	1	1953	205.7	411.5	0.02	0.0	1
58.52	0	0.0	0.0	0.0	0.0	0.0	1.0	1	1953	205.7	411.5	0.02	0.0	1
58.62	0	0.0	0.0	0.0	0.0	0.0	1.0	1	1953	205.7	411.5	0.02	0.0	1
58.72	0	0.0	0.0	0.0	0.0	0.0	1.0	1	1953	205.7	411.5	0.02	0.0	1
58.82	0	0.0	0.0	0.0	0.0	0.0	1.0	1	1953	205.7	411.5	0.02	0.0	1
58.92	0	0.0	0.0	0.0	0.0	0.0	1.0	1	1953	205.7	411.5	0.02	0.0	1
59.02	0	0.0	0.0	0.0	0.0	0.0	1.0	1	1953	205.7	411.5	0.02	0.0	1
59.12	0	0.0	0.0	0.0	0.0	0.0	1.0	1	1953	205.7	411.5	0.02	0.0	1
59.22	0	0.0	0.0	0.0	0.0	0.0	1.0	1	1953	205.7	411.5	0.02	0.0	1
59.32	0	0.0	0.0	0.0	0.0	0.0	1.0	1	1953	205.7	411.5	0.02	0.0	1
59.42	0	0.0	0.0	0.0	0.0	0.0	1.0	1	1953	205.7	411.5	0.02	0.0	1
59.52	0	0.0	0.0	0.0	0.0	0.0	1.0	1	1953	205.7	411.5	0.02	0.0	1
59.62	0	0.0	0.0	0.0	0.0	0.0	1.0	1	1953	205.7	411.5	0.02	0.0	1
59.72	0	0.0	0.0	0.0	0.0	0.0	1.0	1	1953	205.7	411.5	0.02	0.0	1
59.82	0	0.0	0.0	0.0	0.0	0.0	1.0	1	1953	205.7	411.5	0.02	0.0	1
59.92	0	0.0	0.0	0.0	0.0	0.0	1.0	1	1953	205.7	411.5	0.02	0.0	1
60.02	0	0.0	0.0	0.0	0.0	0.0	1.0	1	1953	205.7	411.5	0.02	0.0	1
60.12	0	0.0	0.0	0.0	0.0	0.0	1.0	1	1953	205.7	411.5	0.02	0.0	1
60.22	0	0.0	0.0	0.0	0.0	0.0	1.0	1	1953	205.7	411.5	0.02	0.0	1
60.32	0	0.0	0.0	0.0	0.0	0.0	1.0	1	1953	205.7	411.5	0.02	0.0	1
60.42	0	0.0	0.0	0.0	0.0	0.0	1.0	1	1953	205.7	411.5	0.02	0.0	1
60.52	0	0.0	0.0	0.0	0.0	0.0	1.0	1	1953	205.7	411.5	0.02	0.0	1
60.62	0	0.0	0.0	0.0	0.0	0.0	1.0	1	1953	205.7	411.5	0.02	0.0	1
60.72	0	0.0	0.0	0.0	0.0	0.0	1.0	1	1953	205.7	411.5	0.02	0.0	1
60.82	0	0.0	0.0	0.0	0.0	0.0	1.0	1	1953	205.7	411.5	0.02	0.0	1
60.92	0	0.0	0.0	0.0	0.0	0.0	1.0	1	1953	205.7	411.5	0.02	0.0	1
61.02	0	0.0	0.0	0.0	0.0	0.0	1.0	1	1953	205.7	411.5	0.02	0.0	1
61.12	0	0.0	0.0	0.0	0.0	0.0	1.0	1	1953	205.7	411.5	0.02	0.0	1
61.22	0	0.0	0.0	0.0	0.0	0.0	1.0	1	1953	205.7	411.5	0.02	0.0	1
61.32	0	0.0	0.0	0.0	0.0	0.0	1.0	1	1953	205.7	411.5	0.02	0.0	1
61.42	0	0.0	0.0	0.0	0.0	0.0	1.0	1	1953	205.7	411.5	0.02	0.0	1
61.52	0	0.0	0.0	0.0	0.0	0.0	1.0	1	1953	205.7	411.5	0.02	0.0	1
61.62	0	0.0	0.0	0.0	0.0	0.0	1.0	1	1953	205.7	411.5	0.02	0.0	1
61.72	0	0.0	0.0	0.0	0.0	0.0	1.0	1	1953	205.7	411.5	0.02	0.0	1
61.82	0	0.0	0.0	0.0	0.0	0.0	1.0	1	1953	205.7	411.5	0.02	0.0	1
61.92	0	0.0	0.0	0.0	0.0	0.0	1.0	1	1953	205.7	411.5	0.02	0.0	1
62.02	0	0.0	0.0	0.0	0.0	0.0	1.0	1	1953	205.7	411.5	0.02	0.0	1
62.12	0	0.0	0.0	0.0	0.0	0.0	1.0	1	1953	205.7	411.5	0.02	0.0	1
62.22	0	0.0	0.0	0.0	0.0	0.0	1.0	1	1953	205.7	411.5	0.02	0.0	1
62.32	0	0.0	0.0	0.0	0.0	0.0	1.0	1	1953	205.7	411.5	0.02	0.0	1
62.42	0	0.0	0.0	0.0	0.0	0.0	1.0	1	1953	205.7	411.5	0.02	0.0	1
62.52	0	0.0	0.0	0.0	0.0	0.0	1.0	1	1953	205.7	411.5	0.02	0.0	1
62.62	0	0.0	0.0	0.0	0.0	0.0	1.0	1	1953	205.7	411.5	0.02	0.0	1
62.72	0	0.0	0.0	0.0	0.0	0.0	1.0	1	1953	205.7	411.5	0.02	0.0	1
62.82	0	0.0	0.0	0.0	0.0	0.0	1.0	1	1953	205.7	411.5	0.02	0.0	1
62.92	0	0.0	0.0	0.0	0.0	0.0	1.0	1	1953	205.7	411.5	0.02	0.0	1
63.02	0	0.0	0.0	0.0	0.0	0.0	1.0	1	1953	205.7	411.5	0.02	0.0	1
63.12	0	0.0	0.0	0.0	0.0	0.0	1.0	1	1953	205.7	411.5	0.02	0.0	1
63.22	0	0.0	0.0	0.0	0.0	0.0	1.0	1	1953	205.7	411.5	0.02	0.0	1
63.32	0	0.0	0.0	0.0	0.0	0.0	1.0	1	1953	205.7	411.5	0.02	0.0	1
63.42	0	0.0	0.0	0.0	0.0	0.0	1.0	1	1953	205.7	411.5	0.02	0.0	1
63.52	0	0.0	0.0	0.0	0.0	0.0	1.0	1	1953	205.7	411.5	0.02	0.0	1
63.62	0	0.0	0.0	0.0	0.0	0.0	1.0	1	1953	205.7	411.5	0.02	0.0	1
63.72	0	0.0	0.0	0.0	0.0	0.0	1.0	1	1953	205.7	411.5	0.02	0.0	1
63.82	0	0.0	0.0	0.0	0.0	0.0	1.0	1	1953	205.7	411.5	0.02	0.0	1
63.92	0	0.0	0.0	0.0	0.0	0.0	1.0	1	1953	205.7	411.5	0.02	0.0	1
64.02	0	0.0	0.0	0.0	0.0	0.0	1.0	1	1953	205.7	411.5	0.02	0.0	1
64.12	0	0.0	0.0	0.0	0.0	0.0	1.0	1	1953	205.7	411.5	0.03	0.0	1
64.22	0	0.0	0.0	0.0	0.0	0.0	1.0	1	1953	205.7	411.5	0.03	0.0	1
64.32	0	0.0	0.0	0.0	0.0	0.0	1.0	1	1953	205.7	411.5	0.03	0.0	1
64.42	0	0.0	0.0	0.0	0.0	0.0	1.0	1	1953	205.7	411.5	0.03	0.0	1
64.52	0	0.0	0.0	0.0	0.0	0.0	1.0	1	1953	205.7	411.5	0.03	0.0	1
64.62	0	0.0	0.0	0.0	0.0	0.0	1.0	1	1953	205.7	411.5	0.03	0.0	1
64.72	0	0.0	0.0	0.0	0.0	0.0	1.0	1	1953	205.7	411.5	0.03	0.0	1
64.82	0	0.0	0.0	0.0	0.0	0.0	1.0	1	1953	205.7	411.5	0.03	0.0	1
64.92	0	0.0	0.0	0.0	0.0	0.0	1.0	1	1953	205.7	411.5	0.03	0.0	1
65.02	0	0.0	0.0	0.0	0.0	0.0	1.0	1	1953	205.7	411.5	0.03	0.0	1
65.12	0	0.0	0.0	0.0	0.0	0.0	1.0	1	1953	205.7	411.5	0.03	0.0	1
65.22	0	0.0	0.0	0.0	0.0	0.0	1.0	1	1953	205.7	411.5	0.03	0.0	1
65.32	0	0.0	0.0	0.0	0.0	0.0	1.0	1	1953	205.7	411.5	0.03	0.0	1
65.42	0	0.0	0.0	0.0	0.0	0.0	1.0	1	1953	205.7	411.5	0.03	0.0	1
65.52	0	0.0	0.0	0.0	0.0	0.0	1.0	1	1953	205.7	411.5	0.03	0.0	1
65.62	0	0.0	0.0	0.0	0.0	0.0	1.0	1	1953	205.7	411.5	0.03	0.0	1
65.72	0	0.0	0.0	0.0	0.0	0.0	1.0	1	1953	205.7	411.5	0.03	0.0	1
65.82	0	0.0	0.0	0.0	0.0	0.0	1.0	1	1953	205.7	411.5	0.03	0.0	1
65.92	0	0.0	0.0	0.0	0.0	0.0	1.0	1	1953	205.7	411.5	0.03	0.0	1
66.02	0	0.0	0.0	0.0	0.0	0.0	1.0	1	1953	205.7	411.5	0.03	0.0	1
66.12	0	0.0	0.0	0.0	0.0	0.0	1.0	1	1953	205.7	411.5	0.03	0.0	1
66.22	0	0.0	0.0	0.0	0.0	0.0	1.0	1	1953	205.7	411.5	0.03	0.0	1
66.32	0	0.0	0.0	0.0	0.0	0.0	1.0	1	1953	205.7	411.5	0.03	0.0	1
66.42	0	0.0	0.0	0.0	0.0	0.0	1.0	1	1953	205.7	411.5	0.03	0.0	1
66.52	0	0.0	0.0	0.0	0.0	0.0	1.0	1	1953	205.7	411.5	0.03	0.0	1
66.63	0	0.0	0.0	0.0	0.0	0.0	1.0	1	1953	205.7	411.5	0.03	0.0	1
66.73	0	0.0	0.0	0.0	0.0	0.0	1.0	1	1953	205.7	411.5	0.03	0.0	1
66.83	0	0.0	0.0	0.0	0.0	0.0	1.0	1	1953	205.7	411.5	0.03	0.0	1
66.96	0	0.0	0.0	0.0	0.0	0.0	1.0	1	1953	205.7	411.5	0.03	0.0	1
67.06	0	0.0	0.0	0.0	0.0	0.0	1.0	1	1953	205.7	411.5	0.03	0.0	1
67.16	0	0.0	0.0	0.0	0.0	0.0	1.0	1	1953	205.7	411.5	0.03	0.0	1
67.26	0	0.0	0.0	0.0	0.0	0.0	1.0	1	1953	205.7	411.5	0.03	0.0	1
67.36	0	0.0	0.0	0.0	0.0	0.0	1.0	1	1953	205.7	411.5	0.03	0.0	1
67.46	0	0.0	0.0	0.0	0.0	0.0	1.0	1	1953	205.7	411.5	0.03	0.0	1
67.56	0	0.0	0.0	0.0	0.0	0.0	1.0	1	1953	205.7	411.5	0.03	0.0	1
67.66	0	0.0	0.0	0.0	0.0	0.0	1.0	1	1953	205.7	411.5	0.03	0.0	1
67.76	0	0.0	0.0	0.0	0.0	0.0	1.0	1	1953	205.7	411.5	0.03	0.0	1
67.86	0	0.0	0.0	0.0	0.0	0.0	1.0	1	1953	205.7	411.5	0.03	0.0	1
67.96	0	0.0	0.0	0.0	0.0	0.0	1.0	1	1953	205.7	411.5	0.03	0.0	1
68.06	0	0.0	0.0	0.0	0.0	0.0	1.0	1	1953	205.7	411.5	0.03	0.0	1
68.16	0	0.0	0.0	0.0	0.0	0.0	1.0	1	1953	205.7	411.5	0.03	0.0	1
68.26	0	0.0	0.0	0.0	0.0	0.0	1.0	1	1953	205.7	411.5	0.03	0.0	1
68.36	0	0.0	0.0	0.0	0.0	0.0	1.0	1	1953	205.7	411.5	0.03	0.0	1
68.46	0	0.0	0.0	0.0	0.0	0.0	1.0	1	1953	205.7	411.5	0.03	0.0	1
68.56	0	0.0	0.0	0.0	0.0	0.0	1.0	1	1953	205.7	411.5	0.03	0.0	1
68.66	0	0.0	0.0	0.0	0.0	0.0	1.0	1	1953	205.7	411.5	0.03	0.0	1
68.76	0	0.0	0.0	0.0	0.0	0.0	1.0	1	1953	205.7	411.5	0.03	0.0	1
68.86	0	0.0	0.0	0.0	0.0	0.0	1.0	1	1953	205.7	411.5	0.03	0.0	1
68.96	0	0.0	0.0	0.0	0.0	0.0	1.0	1	1953	205.7	411.5	0.03	0.0	1
69.06	0	0.0	0.0	0.0	0.0	0.0	1.0	1	1953	205.7	411.5	0.03	0.0	1
69.16	0	0.0	0.0	0.0	0.0	0.0	1.0	1	1953	205.7	411.5	0.03	0.0	1
69.26	0	0.0	0.0	0.0	0.0	0.0	1.0	1	1953	205.7	411.5	0.03	0.0	1
69.36	0	0.0	0.0	0.0	0.0	0.0	1.0	1	1953	205.7	411.5	0.03	0.0	1
69.46	0	0.0	0.0	0.0	0.0	0.0	1.0	1	1953	205.7	411.5	0.03	0.0	1
69.56	0	0.0	0.0	0.0	0.0	0.0	1.0	1	1953	205.7	411.5	0.03	0.0	1
69.66	0	0.0	0.0	0.0	0.0	0.0	1.0	1	1953	205.7	411.5	0.03	0.0	1
69.76	0	0.0	0.0	0.0	0.0	0.0	1.0	1	1953	205.7	411.5	0.03	0.0	1
69.86	0	0.0	0.0	0.0	0.0	0.0	1.0	1	1953	205.7	411.5	0.03	0.0	1
69.96	0	0.0	0.0	0.0	0.0	0.0	1.0	1	1953	205.7	411.5	0.03	0.0	1
70.06	0	0.0	0.0	0.0	0.0	0.0	1.0	1	1953	205.7	411.5	0.03	0.0	1
70.16	0	0.0	0.0	0.0	0.0	0.0	1.0	1	1953	205.7	411.5	0.03	0.0	1
70.26	0	0.0	0.0	0.0	0.0	0.0	1.0	1	1953	205.7	411.5	0.03	0.0	1
70.36	0	0.0	0.0	0.0	0.0	0.0	1.0	1	1953	205.7	411.5	0.03	0.0	1
70.46	0	0.0	0.0	0.0	0.0	0.0	1.0	1	1953	205.7	411.5	0.03	0.0	1
70.56	0	0.0	0.0	0.0	0.0	0.0	1.0	1	1953	205.7	411.5	0.03	0.0	1
70.66	0	0.0	0.0	0.0	0.0	0.0	1.0	1	1953	205.7	411.5	0.03	0.0	1
70.76	0	0.0	0.0	0.0	0.0	0.0	1.0	1	1953	205.7	411.5	0.03	0.0	1
70.86	0	0.0	0.0	0.0	0.0	0.0	1.0	1	1953	205.7	411.5	0.03	0.0	1
70.96	0	0.0	0.0	0.0	0.0	0.0	1.0	1	1953	205.7	411.5	0.03	0.0	1
71.06	0	0.0	0.0	0.0	0.0	0.0	1.0	1	1953	205.7	411.5	0.03	0.0	1
71.16	0	0.0	0.0	0.0	0.0	0.0	1.0	1	1953	205.7	411.5	0.03	0.0	1
71.26	0	0.0	0.0	0.0	0.0	0.0	1.0	1	1953	205.7	411.5	0.03	0.0	1
71.36	0	0.0	0.0	0.0	0.0	0.0	1.0	1	1953	205.7	411.5	0.03	0.0	1
71.46	0	0.0	0.0	0.0	0.0	0.0	1.0	1	1953	205.7	411.5	0.03	0.0	1
71.56	0	0.0	0.0	0.0	0.0	0.0	1.0	1	1953	205.7	411.5	0.03	0.0	1
71.66	0	0.0	0.0	0.0	0.0	0.0	1.0	1	1953	205.7	411.5	0.03	0.0	1
71.76	0	0.0	0.0	0.0	0.0	0.0	1.0	1	1953	205.7	411.5	0.03	0.0	1
71.86	0	0.0	0.0	0.0	0.0	0.0	1.0	1	1953	205.7	411.5	0.03	0.0	1
71.96	0	0.0	0.0	0.0	0.0	0.0	1.0	1	1953	205.7	411.5	0.03	0.0	1
72.06	0	0.0	0.0	0.0	0.0	0.0	1.0	1	1953	205.7	411.5	0.03	0.0	1
72.16	0	0.0	0.0	0.0	0.0	0.0	1.0	1	1953	205.7	411.5	0.03	0.0	1
72.26	0	0.0	0.0	0.0	0.0	0.0	1.0	1	1953	205.7	411.5	0.03	0.0	1
72.36	0	0.0	0.0	0.0	0.0	0.0	1.0	1	1953	205.7	411.5	0.03	0.0	1
72.46	0	0.0	0.0	0.0	0.0	0.0	1.0	1	1953	205.7	411.5	0.03	0.0	1
72.56	0	0.0	0.0	0.0	0.0	0.0	1.0	1	1953	205.7	411.5	0.03	0.0	1
72.66	0	0.0	0.0	0.0	0.0	0.0	1.0	1	1953	205.7	411.5	0.03	0.0	1
72.76	0	0.0	0.0	0.0	0.0	0.0	1.0	1	1953	205.7	411.5	0.03	0.0	1
72.86	0	0.0	0.0	0.0	0.0	0.0	1.0	1	1953	205.7	411.5	0.03	0.0	1
72.96	0	0.0	0.0	0.0	0.0	0.0	1.0	1	1953	205.7	411.5	0.03	0.0	1
73.06	0	0.0	0.0	0.0	0.0	0.0	1.0	1	1953	205.7	411.5	0.03	0.0	1
73.16	0	0.0	0.0	0.0	0.0	0.0	1.0	1	1953	205.7	411.5	0.03	0.0	1
73.26	0	0.0	0.0	0.0	0.0	0.0	1.0	1	1953	205.7	411.5	0.03	0.0	1
73.36	0	0.0	0.0	0.0	0.0	0.0	1.0	1	1953	205.7	411.5	0.03	0.0	1
73.46	0	0.0	0.0	0.0	0.0	0.0	1.0	1	1953	205.7	411.5	0.03	0.0	1
73.56	0	0.0	0.0	0.0	0.0	0.0	1.0	1	1953	205.7	411.5	0.03	0.0	1
73.66	0	0.0	0.0	0.0	0.0	0.0	1.0	1	1953	205.7	411.5	0.03	0.0	1
73.76	0	0.0	0.0	0.0	0.0	0.0	1.0	1	1953	205.7	411.5	0.03	0.0	1
73.86	0	0.0	0.0	0.0	0.0	0.0	1.0	1	1953	205.7	411.5	0.03	0.0	1
73.96	0	0.0	0.0	0.0	0.0	0.0	1.0	1	1953	205.7	411.5	0.03	0.0	1
74.06	0	0.0	0.0	0.0	0.0	0.0	1.0	1	1953	205.7	411.5	0.03	0.0	1
74.16	0	0.0	0.0	0.0	0.0	0.0	1.0	1	1953	205.7	411.5	0.03	0.0	1
74.26	0	0.0	0.0	0.0	0.0	0.0	1.0	1	1953	205.7	411.5	0.03	0.0	1
74.36	0	0.0	0.0	0.0	0.0	0.0	1.0	1	1953	205.7	411.5	0.03	0.0	1
74.46	0	0.0	0.0	0.0	0.0	0.0	1.0	1	1953	205.7	411.5	0.03	0.0	1
74.56	0	0.0	0.0	0.0	0.0	0.0	1.0	1	1953	205.7	411.5	0.03	0.0	1
74.66	0	0.0	0.0	0.0	0.0	0.0	1.0	1	1953	205.7	411.5	0.03	0.0	1
74.76	0	0.0	0.0	0.0	0.0	0.0	1.0	1	1953	205.7	411.5	0.03	0.0	1
74.86	0	0.0	0.0	0.0	0.0	0.0	1.0	1	1953	205.7	411.5	0.03	0.0	1
74.96	0	0.0	0.0	0.0	0.0	0.0	1.0	1	1953	205.7	411.5	0.03	0.0	1
75.06	0	0.0	0.0	0.0	0.0	0.0	1.0	1	1953	205.7	411.5	0.03	0.0	1
75.16	0	0.0	0.0	0.0	0.0	0.0	1.0	1	1953	205.7	411.5	0.03	0.0	1
75.26	0	0.0	0.0	0.0	0.0	0.0	1.0	1	1953	205.7	411.5	0.03	0.0	1
75.36	0	0.0	0.0	0.0	0.0	0.0	1.0	1	1953	205.7	411.5	0.03	0.0	1
75.46	0	0.0	0.0	0.0	0.0	0.0	1.0	1	1953	205.7	411.5	0.03	0.0	1
75.56	0	0.0	0.0	0.0	0.0	0.0	1.0	1	1953	205.7	411.5	0.03	0.0	1
75.66	0	0.0	0.0	0.0	0.0	0.0	1.0	1	1953	205.7	411.5	0.03	0.0	1
75.76	0	0.0	0.0	0.0	0.0	0.0	1.0	1	1953	205.7	411.5	0.03	0.0	1
75.86	0	0.0	0.0	0.0	0.0	0.0	1.0	1	1953	205.7	411.5	0.03	0.0	1
75.96	0	0.0	0.0	0.0	0.0	0.0	1.0	1	1953	205.7	411.5	0.03	0.0	1
76.06	0	0.0	0.0	0.0	0.0	0.0	1.0	1	1953	205.7	411.5	0.03	0.0	1
76.16	0	0.0	0.0	0.0	0.0	0.0	1.0	1	1953	205.7	411.5	0.03	0.0	1
76.26	0	0.0	0.0	0.0	0.0	0.0	1.0	1	1953	205.7	411.5	0.03	0.0	1
76.36	0	0.0	0.0	0.0	0.0	0.0	1.0	1	1953	205.7	411.5	0.03	0.0	1
76.48	0	0.0	0.0	0.0	0.0	0.0	1.0	1	1953	205.7	411.5	0.03	0.0	1
76.56	0	0.0	0.0	0.0	0.0	0.0	1.0	1	1953	205.7	411.5	0.03	0.0	1
76.66	0	0.0	0.0	0.0	0.0	0.0	1.0	1	1953	205.7	411.5	0.03	0.0	1
76.76	0	0.0	0.0	0.0	0.0	0.0	1.0	1	1953	205.7	411.5	0.03	0.0	1
76.86	0	0.0	0.0	0.0	0.0	0.0	1.0	1	1953	205.7	411.5	0.03	0.0	1
77.0	0	0.0	0.0	0.0	0.0	0.0	1.0	1	1953	205.7	411.5	0.03	0.0	1
77.1	0	0.0	0.0	0.0	0.0	0.0	1.0	1	1953	205.7	411.5	0.03	0.0	1
77.2	0	0.0	0.0	0.0	0.0	0.0	1.0	1	1953	205.7	411.5	0.03	0.0	1
77.3	0	0.0	0.0	0.0	0.0	0.0	1.0	1	1953	205.7	411.5	0.03	0.0	1
77.4	0	0.0	0.0	0.0	0.0	0.0	1.0	1	1953	205.7	411.5	0.03	0.0	1
77.5	0	0.0	0.0	0.0	0.0	0.0	1.0	1	1953	205.7	411.5	0.03	0.0	1
77.6	0	0.0	0.0	0.0	0.0	0.0	1.0	1	1953	205.7	411.5	0.03	0.0	1
77.7	0	0.0	0.0	0.0	0.0	0.0	1.0	1	1953	205.7	411.5	0.03	0.0	1
77.8	0	0.0	0.0	0.0	0.0	0.0	1.0	1	1953	205.7	411.5	0.03	0.0	1
77.9	0	0.0	0.0	0.0	0.0	0.0	1.0	1	1953	205.7	411.5	0.03	0.0	1
78.0	0	0.0	0.0	0.0	0.0	0.0	1.0	1	1953	205.7	411.5	0.03	0.0	1
78.1	0	0.0	0.0	0.0	0.0	0.0	1.0	1	1953	205.7	411.5	0.03	0.0	1
78.2	0	0.0	0.0	0.0	0.0	0.0	1.0	1	1953	205.7	411.5	0.03	0.0	1
78.3	0	0.0	0.0	0.0	0.0	0.0	1.0	1	1953	205.7	411.5	0.03	0.0	1
78.4	0	0.0	0.0	0.0	0.0	0.0	1.0	1	1953	205.7	411.5	0.03	0.0	1
78.5	0	0.0	0.0	0.0	0.0	0.0	1.0	1	1953	205.7	411.5	0.03	0.0	1
78.6	0	0.0	0.0	0.0	0.0	0.0	1.0	1	1953	205.7	411.5	0.03	0.0	1
78.7	0	0.0	0.0	0.0	0.0	0.0	1.0	1	1953	205.7	411.5	0.03	0.0	1
78.8	0	0.0	0.0	0.0	0.0	0.0	1.0	1	1953	205.7	411.5	0.03	0.0	1
78.9	0	0.0	0.0	0.0	0.0	0.0	1.0	1	1953	205.7	411.5	0.03	0.0	1
79.0	0	0.0	0.0	0.0	0.0	0.0	1.0	1	1953	205.7	411.5	0.03	0.0	1
79.1	0	0.0	0.0	0.0	0.0	0.0	1.0	1	1953	205.7	411.5	0.03	0.0	1
79.2	0	0.0	0.0	0.0	0.0	0.0	1.0	1	1953	205.7	411.5	0.03	0.0	1
79.3	0	0.0	0.0	0.0	0.0	0.0	1.0	1	1953	205.7	411.5	0.03	0.0	1
79.4	0	0.0	0.0	0.0	0.0	0.0	1.0	1	1953	205.7	411.5	0.03	0.0	1
79.5	0	0.0	0.0	0.0	0.0	0.0	1.0	1	1953	205.7	411.5	0.03	0.0	1
79.6	0	0.0	0.0	0.0	0.0	0.0	1.0	1	1953	205.7	411.5	0.03	0.0	1
79.7	0	0.0	0.0	0.0	0.0	0.0	1.0	1	1953	205.7	411.5	0.03	0.0	1
79.8	0	0.0	0.0	0.0	0.0	0.0	1.0	1	1953	205.7	411.5	0.03	0.0	1
79.9	0	0.0	0.0	0.0	0.0	0.0	1.0	1	1953	205.7	411.6	0.03	0.0	1
80.0	0	0.0	0.0	0.0	0.0	0.0	1.0	1	1953	205.7	411.6	0.03	0.0	1
80.1	0	0.0	0.0	0.0	0.0	0.0	1.0	1	1953	205.7	411.6	0.03	0.0	1
80.2	0	0.0	0.0	0.0	0.0	0.0	1.0	1	1953	205.7	411.6	0.03	0.0	1
80.3	0	0.0	0.0	0.0	0.0	0.0	1.0	1	1953	205.7	411.6	0.03	0.0	1
80.4	0	0.0	0.0	0.0	0.0	0.0	1.0	1	1953	205.7	411.6	0.03	0.0	1
80.5	0	0.0	0.0	0.0	0.0	0.0	1.0	1	1953	205.7	411.6	0.03	0.0	1
80.6	0	0.0	0.0	0.0	0.0	0.0	1.0	1	1953	205.7	411.6	0.03	0.0	1
80.7	0	0.0	0.0	0.0	0.0	0.0	1.0	1	1953	205.7	411.6	0.03	0.0	1
80.8	0	0.0	0.0	0.0	0.0	0.0	1.0	1	1953	205.7	411.6	0.03	0.0	1
80.9	0	0.0	0.0	0.0	0.0	0.0	1.0	1	1953	205.7	411.6	0.03	0.0	1
81.0	0	0.0	0.0	0.0	0.0	0.0	1.0	1	1953	205.7	411.6	0.03	0.0	1
81.1	0	0.0	0.0	0.0	0.0	0.0	1.0	1	1953	205.7	411.6	0.03	0.0	1
81.2	0	0.0	0.0	0.0	0.0	0.0	1.0	1	1953	205.7	411.6	0.03	0.0	1
81.3	0	0.0	0.0	0.0	0.0	0.0	1.0	1	1953	205.7	411.6	0.03	0.0	1
81.4	0	0.0	0.0	0.0	0.0	0.0	1.0	1	1953	205.7	411.6	0.03	0.0	1
81.5	0	0.0	0.0	0.0	0.0	0.0	1.0	1	1953	205.7	411.6	0.03	0.0	1
81.6	0	0.0	0.0	0.0	0.0	0.0	1.0	1	1953	205.7	411.6	0.03	0.0	1
81.7	0	0.0	0.0	0.0	0.0	0.0	1.0	1	1953	205.7	411.6	0.03	0.0	1
81.8	0	0.0	0.0	0.0	0.0	0.0	1.0	1	1953	205.7	411.6	0.03	0.0	1
81.9	0	0.0	0.0	0.0	0.0	0.0	1.0	1	1953	205.7	411.6	0.03	0.0	1
82.0	0	0.0	0.0	0.0	0.0	0.0	1.0	1	1953	205.7	411.6	0.03	0.0	1
82.1	0	0.0	0.0	0.0	0.0	0.0	1.0	1	1953	205.7	411.6	0.03	0.0	1
82.2	0	0.0	0.0	0.0	0.0	0.0	1.0	1	1953	205.7	411.6	0.03	0.0	1
82.3	0	0.0	0.0	0.0	0.0	0.0	1.0	1	1953	205.7	411.6	0.03	0.0	1
82.4	0	0.0	0.0	0.0	0.0	0.0	1.0	1	1953	205.7	411.6	0.03	0.0	1
82.5	0	0.0	0.0	0.0	0.0	0.0	1.0	1	1953	205.7	411.6	0.03	0.0	1
82.6	0	0.0	0.0	0.0	0.0	0.0	1.0	1	1953	205.7	411.6	0.03	0.0	1
82.7	0	0.0	0.0	0.0	0.0	0.0	1.0	1	1953	205.7	411.6	0.03	0.0	1
82.81	0	0.0	0.0	0.0	0.0	0.0	1.0	1	1953	205.7	411.6	0.03	0.0	1
82.91	0	0.0	0.0	0.0	0.0	0.0	1.0	1	1953	205.7	411.6	0.03	0.0	1
83.01	0	0.0	0.0	0.0	0.0	0.0	1.0	1	1953	205.7	411.6	0.03	0.0	1
83.11	0	0.0	0.0	0.0	0.0	0.0	1.0	1	1953	205.7	411.6	0.03	0.0	1
83.21	0	0.0	0.0	0.0	0.0	0.0	1.0	1	1953	205.7	411.6	0.03	0.0	1
83.31	0	0.0	0.0	0.0	0.0	0.0	1.0	1	1953	205.7	411.6	0.03	0.0	1
83.41	0	0.0	0.0	0.0	0.0	0.0	1.0	1	1953	205.7	411.6	0.03	0.0	1
83.51	0	0.0	0.0	0.0	0.0	0.0	1.0	1	1953	205.7	411.6	0.03	0.0	1
83.61	0	0.0	0.0	0.0	0.0	0.0	1.0	1	1953	205.7	411.6	0.03	0.0	1
83.71	0	0.0	0.0	0.0	0.0	0.0	1.0	1	1953	205.7	411.6	0.03	0.0	1
83.81	0	0.0	0.0	0.0	0.0	0.0	1.0	1	1953	205.7	411.6	0.03	0.0	1
83.91	0	0.0	0.0	0.0	0.0	0.0	1.0	1	1953	205.7	411.6	0.03	0.0	1
84.01	0	0.0	0.0	0.0	0.0	0.0	1.0	1	1953	205.7	411.6	0.03	0.0	1
84.11	0	0.0	0.0	0.0	0.0	0.0	1.0	1	1953	205.7	411.6	0.03	0.0	1
84.21	0	0.0	0.0	0.0	0.0	0.0	1.0	1	1953	205.7	411.6	0.03	0.0	1
84.31	0	0.0	0.0	0.0	0.0	0.0	1.0	1	1953	205.7	411.6	0.03	0.0	1
84.41	0	0.0	0.0	0.0	0.0	0.0	1.0	1	1953	205.7	411.6	0.03	0.0	1
84.51	0	0.0	0.0	0.0	0.0	0.0	1.0	1	1953	205.7	411.6	0.03	0.0	1
84.61	0	0.0	0.0	0.0	0.0	0.0	1.0	1	1953	205.7	411.6	0.03	0.0	1
84.71	0	0.0	0.0	0.0	0.0	0.0	1.0	1	1953	205.7	411.6	0.03	0.0	1
84.81	0	0.0	0.0	0.0	0.0	0.0	1.0	1	1953	205.7	411.6	0.03	0.0	1
84.91	0	0.0	0.0	0.0	0.0	0.0	1.0	1	1953	205.7	411.6	0.03	0.0	1
85.01	0	0.0	0.0	0.0	0.0	0.0	1.0	1	1953	205.7	411.6	0.03	0.0	1
85.11	0	0.0	0.0	0.0	0.0	0.0	1.0	1	1953	205.7	411.6	0.03	0.0	1
85.21	0	0.0	0.0	0.0	0.0	0.0	1.0	1	1953	205.7	411.6	0.03	0.0	1
85.31	0	0.0	0.0	0.0	0.0	0.0	1.0	1	1953	205.7	411.6	0.03	0.0	1
85.41	0	0.0	0.0	0.0	0.0	0.0	1.0	1	1953	205.7	411.6	0.03	0.0	1
85.51	0	0.0	0.0	0.0	0.0	0.0	1.0	1	1953	205.7	411.6	0.03	0.0	1
85.61	0	0.0	0.0	0.0	0.0	0.0	1.0	1	1953	205.7	411.6	0.03	0.0	1
85.71	0	0.0	0.0	0.0	0.0	0.0	1.0	1	1953	205.7	411.6	0.03	0.0	1
85.81	0	0.0	0.0	0.0	0.0	0.0	1.0	1	1953	205.7	411.6	0.03	0.0	1
85.91	0	0.0	0.0	0.0	0.0	0.0	1.0	1	1953	205.7	411.6	0.03	0.0	1
86.01	0	0.0	0.0	0.0	0.0	0.0	1.0	1	1953	205.7	411.6	0.03	0.0	1
86.11	0	0.0	0.0	0.0	0.0	0.0	1.0	1	1953	205.7	411.6	0.03	0.0	1
86.21	0	0.0	0.0	0.0	0.0	0.0	1.0	1	1953	205.7	411.6	0.03	0.0	1
86.31	0	0.0	0.0	0.0	0.0	0.0	1.0	1	1953	205.7	411.6	0.03	0.0	1
86.44	0	0.0	0.0	0.0	0.0	0.0	1.0	1	1953	205.7	411.6	0.03	0.0	1
86.54	0	0.0	0.0	0.0	0.0	0.0	1.0	1	1953	205.7	411.6	0.03	0.0	1
86.64	0	0.0	0.0	0.0	0.0	0.0	1.0	1	1953	205.7	411.6	0.03	0.0	1
86.74	0	0.0	0.0	0.0	0.0	0.0	1.0	1	1953	205.7	411.6	0.03	0.0	1
86.84	0	0.0	0.0	0.0	0.0	0.0	1.0	1	1953	205.7	411.6	0.03	0.0	1
86.94	0	0.0	0.0	0.0	0.0	0.0	1.0	1	1953	205.7	411.6	0.03	0.0	1
87.04	0	0.0	0.0	0.0	0.0	0.0	1.0	1	1953	205.7	411.6	0.03	0.0	1
87.14	0	0.0	0.0	0.0	0.0	0.0	1.0	1	1953	205.7	411.6	0.03	0.0	1
87.24	0	0.0	0.0	0.0	0.0	0.0	1.0	1	1953	205.7	411.6	0.03	0.0	1
87.34	0	0.0	0.0	0.0	0.0	0.0	1.0	1	1953	205.7	411.6	0.03	0.0	1
87.44	0	0.0	0.0	0.0	0.0	0.0	1.0	1	1953	205.7	411.6	0.03	0.0	1
87.54	0	0.0	0.0	0.0	0.0	0.0	1.0	1	1953	205.7	411.6	0.03	0.0	1
87.64	0	0.0	0.0	0.0	0.0	0.0	1.0	1	1953	205.7	411.6	0.03	0.0	1
87.74	0	0.0	0.0	0.0	0.0	0.0	1.0	1	1953	205.7	411.6	0.03	0.0	1
87.84	0	0.0	0.0	0.0	0.0	0.0	1.0	1	1953	205.7	411.6	0.03	0.0	1
87.95	0	0.0	0.0	0.0	0.0	0.0	1.0	1	1953	205.7	411.6	0.03	0.0	1
88.05	0	0.0	0.0	0.0	0.0	0.0	1.0	1	1953	205.7	411.6	0.03	0.0	1
88.15	0	0.0	0.0	0.0	0.0	0.0	1.0	1	1953	205.7	411.6	0.03	0.0	1
88.25	0	0.0	0.0	0.0	0.0	0.0	1.0	1	1953	205.7	411.6	0.03	0.0	1
88.35	0	0.0	0.0	0.0	0.0	0.0	1.0	1	1953	205.7	411.6	0.03	0.0	1
88.45	0	0.0	0.0	0.0	0.0	0.0	1.0	1	1953	205.7	411.6	0.03	0.0	1
88.55	0	0.0	0.0	0.0	0.0	0.0	1.0	1	1953	205.7	411.6	0.03	0.0	1
88.65	0	0.0	0.0	0.0	0.0	0.0	1.0	1	1953	205.7	411.6	0.03	0.0	1
88.75	0	0.0	0.0	0.0	0.0	0.0	1.0	1	1953	205.7	411.6	0.03	0.0	1
88.85	0	0.0	0.0	0.0	0.0	0.0	1.0	1	1953	205.7	411.6	0.03	0.0	1
88.95	0	0.0	0.0	0.0	0.0	0.0	1.0	1	1953	205.7	411.6	0.03	0.0	1
89.05	0	0.0	0.0	0.0	0.0	0.0	1.0	1	1953	205.7	411.6	0.03	0.0	1
89.15	0	0.0	0.0	0.0	0.0	0.0	1.0	1	1953	205.7	411.6	0.03	0.0	1
89.25	0	0.0	0.0	0.0	0.0	0.0	1.0	1	1953	205.7	411.6	0.03	0.0	1
89.35	0	0.0	0.0	0.0	0.0	0.0	1.0	1	1953	205.7	411.6	0.03	0.0	1
89.45	0	0.0	0.0	0.0	0.0	0.0	1.0	1	1953	205.7	411.6	0.03	0.0	1
89.55	0	0.0	0.0	0.0	0.0	0.0	1.0	1	1953	205.7	411.6	0.03	0.0	1
89.65	0	0.0	0.0	0.0	0.0	0.0	1.0	1	1953	205.7	411.6	0.04	0.0	1
89.75	0	0.0	0.0	0.0	0.0	0.0	1.0	1	1953	205.7	411.6	0.04	0.0	1
89.85	0	0.0	0.0	0.0	0.0	0.0	1.0	1	1953	205.7	411.6	0.04	0.0	1
89.96	0	0.0	0.0	0.0	0.0	0.0	1.0	1	1953	205.7	411.6	0.04	0.0	1
90.06	0	0.0	0.0	0.0	0.0	0.0	1.0	1	1953	205.7	411.6	0.04	0.0	1
90.16	0	0.0	0.0	0.0	0.0	0.0	1.0	1	1953	205.7	411.6	0.04	0.0	1
90.26	0	0.0	0.0	0.0	0.0	0.0	1.0	1	1953	205.7	411.6	0.04	0.0	1
90.36	0	0.0	0.0	0.0	0.0	0.0	1.0	1	1953	205.7	411.6	0.04	0.0	1
90.46	0	0.0	0.0	0.0	0.0	0.0	1.0	1	1953	205.7	411.6	0.04	0.0	1
90.56	0	0.0	0.0	0.0	0.0	0.0	1.0	1	1953	205.7	411.6	0.04	0.0	1
90.66	0	0.0	0.0	0.0	0.0	0.0	1.0	1	1953	205.7	411.6	0.04	0.0	1
90.76	0	0.0	0.0	0.0	0.0	0.0	1.0	1	1953	205.7	411.6	0.04	0.0	1
90.86	0	0.0	0.0	0.0	0.0	0.0	1.0	1	1953	205.7	411.6	0.04	0.0	1
90.96	0	0.0	0.0	0.0	0.0	0.0	1.0	1	1953	205.7	411.6	0.04	0.0	1
91.06	0	0.0	0.0	0.0	0.0	0.0	1.0	1	1953	205.7	411.6	0.04	0.0	1
91.16	0	0.0	0.0	0.0	0.0	0.0	1.0	1	1953	205.7	411.6	0.04	0.0	1
91.26	0	0.0	0.0	0.0	0.0	0.0	1.0	1	1953	205.7	411.6	0.04	0.0	1
91.36	0	0.0	0.0	0.0	0.0	0.0	1.0	1	1953	205.7	411.6	0.04	0.0	1
91.46	0	0.0	0.0	0.0	0.0	0.0	1.0	1	1953	205.7	411.6	0.04	0.0	1
91.56	0	0.0	0.0	0.0	0.0	0.0	1.0	1	1953	205.7	411.6	0.04	0.0	1
91.66	0	0.0	0.0	0.0	0.0	0.0	1.0	1	1953	205.7	411.6	0.04	0.0	1
91.76	0	0.0	0.0	0.0	0.0	0.0	1.0	1	1953	205.7	411.6	0.04	0.0	1
91.86	0	0.0	0.0	0.0	0.0	0.0	1.0	1	1953	205.7	411.6	0.04	0.0	1
91.97	0	0.0	0.0	0.0	0.0	0.0	1.0	1	1953	205.7	411.6	0.04	0.0	1
92.07	0	0.0	0.0	0.0	0.0	0.0	1.0	1	1953	205.7	411.6	0.04	0.0	1
92.17	0	0.0	0.0	0.0	0.0	0.0	1.0	1	1953	205.7	411.6	0.04	0.0	1
92.27	0	0.0	0.0	0.0	0.0	0.0	1.0	1	1953	205.7	411.6	0.04	0.0	1
92.37	0	0.0	0.0	0.0	0.0	0.0	1.0	1	1953	205.7	411.6	0.04	0.0	1
92.47	0	0.0	0.0	0.0	0.0	0.0	1.0	1	1953	205.7	411.6	0.04	0.0	1
92.57	0	0.0	0.0	0.0	0.0	0.0	1.0	1	1953	205.7	411.6	0.04	0.0	1
92.67	0	0.0	0.0	0.0	0.0	0.0	1.0	1	1953	205.7	411.6	0.04	0.0	1
92.77	0	0.0	0.0	0.0	0.0	0.0	1.0	1	1953	205.7	411.6	0.04	0.0	1
92.87	0	0.0	0.0	0.0	0.0	0.0	1.0	1	1953	205.7	411.6	0.04	0.0	1
92.97	0	0.0	0.0	0.0	0.0	0.0	1.0	1	1953	205.7	411.6	0.04	0.0	1
93.07	0	0.0	0.0	0.0	0.0	0.0	1.0	1	1953	205.7	411.6	0.04	0.0	1
93.17	0	0.0	0.0	0.0	0.0	0.0	1.0	1	1953	205.7	411.6	0.04	0.0	1
93.27	0	0.0	0.0	0.0	0.0	0.0	1.0	1	1953	205.7	411.6	0.04	0.0	1
93.37	0	0.0	0.0	0.0	0.0	0.0	1.0	1	1953	205.7	411.6	0.04	0.0	1
93.47	0	0.0	0.0	0.0	0.0	0.0	1.0	1	1953	205.7	411.6	0.04	0.0	1
93.57	0	0.0	0.0	0.0	0.0	0.0	1.0	1	1953	205.7	411.6	0.04	0.0	1
93.67	0	0.0	0.0	0.0	0.0	0.0	1.0	1	1953	205.7	411.6	0.04	0.0	1
93.77	0	0.0	0.0	0.0	0.0	0.0	1.0	1	1953	205.7	411.6	0.04	0.0	1
93.87	0	0.0	0.0	0.0	0.0	0.0	1.0	1	1953	205.7	411.6	0.04	0.0	1
93.97	0	0.0	0.0	0.0	0.0	0.0	1.0	1	1953	205.7	411.6	0.04	0.0	1
94.07	0	0.0	0.0	0.0	0.0	0.0	1.0	1	1953	205.7	411.6	0.04	0.0	1
94.17	0	0.0	0.0	0.0	0.0	0.0	1.0	1	1953	205.7	411.6	0.04	0.0	1
94.27	0	0.0	0.0	0.0	0.0	0.0	1.0	1	1953	205.7	411.6	0.04	0.0	1
94.37	0	0.0	0.0	0.0	0.0	0.0	1.0	1	1953	205.7	411.6	0.04	0.0	1
94.47	0	0.0	0.0	0.0	0.0	0.0	1.0	1	1953	205.7	411.6	0.04	0.0	1
94.57	0	0.0	0.0	0.0	0.0	0.0	1.0	1	1953	205.7	411.6	0.04	0.0	1
94.67	0	0.0	0.0	0.0	0.0	0.0	1.0	1	1953	205.7	411.6	0.04	0.0	1
94.77	0	0.0	0.0	0.0	0.0	0.0	1.0	1	1953	205.7	411.6	0.04	0.0	1
94.87	0	0.0	0.0	0.0	0.0	0.0	1.0	1	1953	205.7	411.6	0.04	0.0	1
94.97	0	0.0	0.0	0.0	0.0	0.0	1.0	1	1953	205.7	411.6	0.04	0.0	1
95.07	0	0.0	0.0	0.0	0.0	0.0	1.0	1	1953	205.7	411.6	0.04	0.0	1
95.17	0	0.0	0.0	0.0	0.0	0.0	1.0	1	1953	205.7	411.6	0.04	0.0	1
95.27	0	0.0	0.0	0.0	0.0	0.0	1.0	1	1953	205.7	411.6	0.04	0.0	1
95.37	0	0.0	0.0	0.0	0.0	0.0	1.0	1	1953	205.7	411.6	0.04	0.0	1
95.47	0	0.0	0.0	0.0	0.0	0.0	1.0	1	1953	205.7	411.6	0.04	0.0	1
95.57	0	0.0	0.0	0.0	0.0	0.0	1.0	1	1953	205.7	411.6	0.04	0.0	1
95.67	0	0.0	0.0	0.0	0.0	0.0	1.0	1	1953	205.7	411.6	0.04	0.0	1
95.77	0	0.0	0.0	0.0	0.0	0.0	1.0	1	1953	205.7	411.6	0.04	0.0	1
95.87	0	0.0	0.0	0.0	0.0	0.0	1.0	1	1953	205.7	411.6	0.04	0.0	1
95.97	0	0.0	0.0	0.0	0.0	0.0	1.0	1	1953	205.7	411.6	0.04	0.0	1
96.07	0	0.0	0.0	0.0	0.0	0.0	1.0	1	1953	205.7	411.6	0.04	0.0	1
96.17	0	0.0	0.0	0.0	0.0	0.0	1.0	1	1953	205.7	411.6	0.04	0.0	1
96.27	0	0.0	0.0	0.0	0.0	0.0	1.0	1	1953	205.7	411.6	0.04	0.0	1
96.39	0	0.0	0.0	0.0	0.0	0.0	1.0	1	1953	205.7	411.6	0.04	0.0	1
96.49	0	0.0	0.0	0.0	0.0	0.0	1.0	1	1953	205.7	411.6	0.04	0.0	1
96.59	0	0.0	0.0	0.0	0.0	0.0	1.0	1	1953	205.7	411.6	0.04	0.0	1
96.69	0	0.0	0.0	0.0	0.0	0.0	1.0	1	1953	205.7	411.6	0.04	0.0	1
96.79	0	0.0	0.0	0.0	0.0	0.0	1.0	1	1953	205.7	411.6	0.04	0.0	1
96.93	0	0.0	0.0	0.0	0.0	0.0	1.0	1	1953	205.7	411.6	0.04	0.0	1
97.03	0	0.0	0.0	0.0	0.0	0.0	1.0	1	1953	205.7	411.6	0.04	0.0	1
97.13	0	0.0	0.0	0.0	0.0	0.0	1.0	1	1953	205.7	411.6	0.04	0.0	1
97.23	0	0.0	0.0	0.0	0.0	0.0	1.0	1	1953	205.7	411.6	0.04	0.0	1
97.33	0	0.0	0.0	0.0	0.0	0.0	1.0	1	1953	205.7	411.6	0.04	0.0	1
97.43	0	0.0	0.0	0.0	0.0	0.0	1.0	1	1953	205.7	411.6	0.04	0.0	1
97.53	0	0.0	0.0	0.0	0.0	0.0	1.0	1	1953	205.7	411.6	0.04	0.0	1
97.63	0	0.0	0.0	0.0	0.0	0.0	1.0	1	1953	205.7	411.6	0.04	0.0	1
97.73	0	0.0	0.0	0.0	0.0	0.0	1.0	1	1953	205.7	411.6	0.04	0.0	1
97.83	0	0.0	0.0	0.0	0.0	0.0	1.0	1	1953	205.7	411.6	0.04	0.0	1
97.93	0	0.0	0.0	0.0	0.0	0.0	1.0	1	1953	205.7	411.6	0.04	0.0	1
98.03	0	0.0	0.0	0.0	0.0	0.0	1.0	1	1953	205.7	411.6	0.04	0.0	1
98.13	0	0.0	0.0	0.0	0.0	0.0	1.0	1	1953	205.7	411.6	0.04	0.0	1
98.23	0	0.0	0.0	0.0	0.0	0.0	1.0	1	1953	205.7	411.6	0.04	0.0	1
98.33	0	0.0	0.0	0.0	0.0	0.0	1.0	1	1953	205.7	411.6	0.04	0.0	1
98.43	0	0.0	0.0	0.0	0.0	0.0	1.0	1	1953	205.7	411.6	0.04	0.0	1
98.53	0	0.0	0.0	0.0	0.0	0.0	1.0	1	1953	205.7	411.6	0.04	0.0	1
98.63	0	0.0	0.0	0.0	0.0	0.0	1.0	1	1953	205.7	411.6	0.04	0.0	1
98.73	0	0.0	0.0	0.0	0.0	0.0	1.0	1	1953	205.7	411.6	0.04	0.0	1
98.83	0	0.0	0.0	0.0	0.0	0.0	1.0	1	1953	205.7	411.6	0.04	0.0	1
98.93	0	0.0	0.0	0.0	0.0	0.0	1.0	1	1953	205.7	411.6	0.04	0.0	1
99.03	0	0.0	0.0	0.0	0.0	0.0	1.0	1	1953	205.7	411.6	0.04	0.0	1
99.13	0	0.0	0.0	0.0	0.0	0.0	1.0	1	1953	205.7	411.6	0.04	0.0	1
99.23	0	0.0	0.0	0.0	0.0	0.0	1.0	1	1953	205.7	411.6	0.04	0.0	1
99.33	0	0.0	0.0	0.0	0.0	0.0	1.0	1	1953	205.7	411.6	0.04	0.0	1
99.43	0	0.0	0.0	0.0	0.0	0.0	1.0	1	1953	205.7	411.6	0.04	0.0	1
99.53	0	0.0	0.0	0.0	0.0	0.0	1.0	1	1953	205.7	411.6	0.04	0.0	1
99.63	0	0.0	0.0	0.0	0.0	0.0	1.0	1	1953	205.7	411.6	0.04	0.0	1
99.73	0	0.0	0.0	0.0	0.0	0.0	1.0	1	1953	205.7	411.6	0.04	0.0	1
99.83	0	0.0	0.0	0.0	0.0	0.0	1.0	1	1953	205.7	411.6	0.04	0.0	1
99.93	0	0.0	0.0	0.0	0.0	0.0	1.0	1	1953	205.7	411.6	0.04	0.0	1
100.03	0	0.0	0.0	0.0	0.0	0.0	1.0	1	1953	205.7	411.6	0.04	0.0	1
100.13	0	0.0	0.0	0.0	0.0	0.0	1.0	1	1953	205.7	411.6	0.04	0.0	1
100.23	0	0.0	0.0	0.0	0.0	0.0	1.0	1	1953	205.7	411.6	0.04	0.0	1
100.33	0	0.0	0.0	0.0	0.0	0.0	1.0	1	1953	205.7	411.6	0.04	0.0	1
100.43	0	0.0	0.0	0.0	0.0	0.0	1.0	1	1953	205.7	411.6	0.04	0.0	1
100.53	0	0.0	0.0	0.0	0.0	0.0	1.0	1	1953	205.7	411.6	0.04	0.0	1
100.63	0	0.0	0.0	0.0	0.0	0.0	1.0	1	1953	205.7	411.6	0.04	0.0	1
100.73	0	0.0	0.0	0.0	0.0	0.0	1.0	1	1953	205.7	411.6	0.04	0.0	1
100.83	0	0.0	0.0	0.0	0.0	0.0	1.0	1	1953	205.7	411.6	0.04	0.0	1
100.93	0	0.0	0.0	0.0	0.0	0.0	1.0	1	1953	205.7	411.6	0.04	0.0	1
101.03	0	0.0	0.0	0.0	0.0	0.0	1.0	1	1953	205.7	411.6	0.04	0.0	1
101.13	0	0.0	0.0	0.0	0.0	0.0	1.0	1	1953	205.7	411.6	0.04	0.0	1
101.23	0	0.0	0.0	0.0	0.0	0.0	1.0	1	1953	205.7	411.6	0.04	0.0	1
101.33	0	0.0	0.0	0.0	0.0	0.0	1.0	1	1953	205.7	411.6	0.04	0.0	1
101.43	0	0.0	0.0	0.0	0.0	0.0	1.0	1	1953	205.7	411.6	0.04	0.0	1
101.53	0	0.0	0.0	0.0	0.0	0.0	1.0	1	1953	205.7	411.6	0.04	0.0	1
101.63	0	0.0	0.0	0.0	0.0	0.0	1.0	1	1953	205.7	411.6	0.04	0.0	1
101.73	0	0.0	0.0	0.0	0.0	0.0	1.0	1	1953	205.7	411.6	0.04	0.0	1
101.83	0	0.0	0.0	0.0	0.0	0.0	1.0	1	1953	205.7	411.6	0.04	0.0	1
101.93	0	0.0	0.0	0.0	0.0	0.0	1.0	1	1953	205.7	411.6	0.04	0.0	1
102.03	0	0.0	0.0	0.0	0.0	0.0	1.0	1	1953	205.7	411.6	0.04	0.0	1
102.13	0	0.0	0.0	0.0	0.0	0.0	1.0	1	1953	205.7	411.6	0.04	0.0	1
102.23	0	0.0	0.0	0.0	0.0	0.0	1.0	1	1953	205.7	411.6	0.04	0.0	1
102.33	0	0.0	0.0	0.0	0.0	0.0	1.0	1	1953	205.7	411.6	0.04	0.0	1
102.43	0	0.0	0.0	0.0	0.0	0.0	1.0	1	1953	205.7	411.6	0.04	0.0	1
102.53	0	0.0	0.0	0.0	0.0	0.0	1.0	1	1953	205.7	411.6	0.04	0.0	1
102.63	0	0.0	0.0	0.0	0.0	0.0	1.0	1	1953	205.7	411.6	0.04	0.0	1
102.73	0	0.0	0.0	0.0	0.0	0.0	1.0	1	1953	205.7	411.6	0.04	0.0	1
102.83	0	0.0	0.0	0.0	0.0	0.0	1.0	1	1953	205.7	411.6	0.04	0.0	1
102.93	0	0.0	0.0	0.0	0.0	0.0	1.0	1	1953	205.7	411.6	0.04	0.0	1
103.03	0	0.0	0.0	0.0	0.0	0.0	1.0	1	1953	205.7	411.6	0.04	0.0	1
103.13	0	0.0	0.0	0.0	0.0	0.0	1.0	1	1953	205.7	411.6	0.04	0.0	1
103.23	0	0.0	0.0	0.0	0.0	0.0	1.0	1	1953	205.7	411.6	0.04	0.0	1
103.33	0	0.0	0.0	0.0	0.0	0.0	1.0	1	1953	205.7	411.6	0.04	0.0	1
103.43	0	0.0	0.0	0.0	0.0	0.0	1.0	1	1953	205.7	411.6	0.04	0.0	1
103.53	0	0.0	0.0	0.0	0.0	0.0	1.0	1	1953	205.7	411.6	0.04	0.0	1
103.63	0	0.0	0.0	0.0	0.0	0.0	1.0	1	1953	205.7	411.6	0.04	0.0	1
103.73	0	0.0	0.0	0.0	0.0	0.0	1.0	1	1953	205.7	411.6	0.04	0.0	1
103.83	0	0.0	0.0	0.0	0.0	0.0	1.0	1	1953	205.7	411.6	0.04	0.0	1
103.93	0	0.0	0.0	0.0	0.0	0.0	1.0	1	1953	205.7	411.6	0.04	0.0	1
104.03	0	0.0	0.0	0.0	0.0	0.0	1.0	1	1953	205.7	411.6	0.04	0.0	1
104.13	0	0.0	0.0	0.0	0.0	0.0	1.0	1	1953	205.7	411.6	0.04	0.0	1
104.23	0	0.0	0.0	0.0	0.0	0.0	1.0	1	1953	205.7	411.6	0.04	0.0	1
104.33	0	0.0	0.0	0.0	0.0	0.0	1.0	1	1953	205.7	411.6	0.04	0.0	1
104.43	0	0.0	0.0	0.0	0.0	0.0	1.0	1	1953	205.7	411.6	0.04	0.0	1
104.53	0	0.0	0.0	0.0	0.0	0.0	1.0	1	1953	205.7	411.6	0.04	0.0	1
104.63	0	0.0	0.0	0.0	0.0	0.0	1.0	1	1953	205.7	411.6	0.04	0.0	1
104.73	0	0.0	0.0	0.0	0.0	0.0	1.0	1	1953	205.7	411.6	0.04	0.0	1
104.83	0	0.0	0.0	0.0	0.0	0.0	1.0	1	1953	205.7	411.6	0.04	0.0	1
104.93	0	0.0	0.0	0.0	0.0	0.0	1.0	1	1953	205.7	411.6	0.04	0.0	1
105.03	0	0.0	0.0	0.0	0.0	0.0	1.0	1	1953	205.7	411.6	0.04	0.0	1
105.13	0	0.0	0.0	0.0	0.0	0.0	1.0	1	1953	205.7	411.6	0.04	0.0	1
105.23	0	0.0	0.0	0.0	0.0	0.0	1.0	1	1953	205.7	411.6	0.04	0.0	1
105.33	0	0.0	0.0	0.0	0.0	0.0	1.0	1	1953	205.7	411.6	0.04	0.0	1
105.43	0	0.0	0.0	0.0	0.0	0.0	1.0	1	1953	205.7	411.6	0.04	0.0	1
105.53	0	0.0	0.0	0.0	0.0	0.0	1.0	1	1953	205.7	411.6	0.04	0.0	1
105.63	0	0.0	0.0	0.0	0.0	0.0	1.0	1	1953	205.7	411.6	0.04	0.0	1
105.73	0	0.0	0.0	0.0	0.0	0.0	1.0	1	1953	205.7	411.6	0.04	0.0	1
105.83	0	0.0	0.0	0.0	0.0	0.0	1.0	1	1953	205.7	411.6	0.04	0.0	1
105.93	0	0.0	0.0	0.0	0.0	0.0	1.0	1	1953	205.7	411.6	0.04	0.0	1
106.03	0	0.0	0.0	0.0	0.0	0.0	1.0	1	1953	205.7	411.6	0.04	0.0	1
106.13	0	0.0	0.0	0.0	0.0	0.0	1.0	1	1953	205.7	411.6	0.04	0.0	1
106.23	0	0.0	0.0	0.0	0.0	0.0	1.0	1	1953	205.7	411.6	0.04	0.0	1
106.33	0	0.0	0.0	0.0	0.0	0.0	1.0	1	1953	205.7	411.6	0.04	0.0	1
106.43	0	0.0	0.0	0.0	0.0	0.0	1.0	1	1953	205.7	411.6	0.04	0.0	1
106.53	0	0.0	0.0	0.0	0.0	0.0	1.0	1	1953	205.7	411.6	0.04	0.0	1
106.63	0	0.0	0.0	0.0	0.0	0.0	1.0	1	1953	205.7	411.6	0.04	0.0	1
106.73	0	0.0	0.0	0.0	0.0	0.0	1.0	1	1953	205.7	411.6	0.04	0.0	1
106.83	0	0.0	0.0	0.0	0.0	0.0	1.0	1	1953	205.7	411.6	0.04	0.0	1
106.97	0	0.0	0.0	0.0	0.0	0.0	1.0	1	1953	205.7	411.6	0.04	0.0	1
107.07	0	0.0	0.0	0.0	0.0	0.0	1.0	1	1953	205.7	411.6	0.04	0.0	1
107.17	0	0.0	0.0	0.0	0.0	0.0	1.0	1	1953	205.7	411.6	0.04	0.0	1
107.27	0	0.0	0.0	0.0	0.0	0.0	1.0	1	1953	205.7	411.6	0.04	0.0	1
107.37	0	0.0	0.0	0.0	0.0	0.0	1.0	1	1953	205.7	411.6	0.04	0.0	1
107.47	0	0.0	0.0	0.0	0.0	0.0	1.0	1	1953	205.7	411.6	0.04	0.0	1
107.57	0	0.0	0.0	0.0	0.0	0.0	1.0	1	1953	205.7	411.6	0.04	0.0	1
107.67	0	0.0	0.0	0.0	0.0	0.0	1.0	1	1953	205.7	411.6	0.04	0.0	1
107.77	0	0.0	0.0	0.0	0.0	0.0	1.0	1	1953	205.7	411.6	0.04	0.0	1
107.88	0	0.0	0.0	0.0	0.0	0.0	1.0	1	1953	205.7	411.6	0.04	0.0	1
107.98	0	0.0	0.0	0.0	0.0	0.0	1.0	1	1953	205.7	411.6	0.04	0.0	1
108.08	0	0.0	0.0	0.0	0.0	0.0	1.0	1	1953	205.7	411.6	0.04	0.0	1
108.18	0	0.0	0.0	0.0	0.0	0.0	1.0	1	1953	205.7	411.6	0.04	0.0	1
108.28	0	0.0	0.0	0.0	0.0	0.0	1.0	1	1953	205.7	411.6	0.04	0.0	1
108.38	0	0.0	0.0	0.0	0.0	0.0	1.0	1	1953	205.7	411.6	0.04	0.0	1
108.48	0	0.0	0.0	0.0	0.0	0.0	1.0	1	1953	205.7	411.6	0.04	0.0	1
108.58	0	0.0	0.0	0.0	0.0	0.0	1.0	1	1953	205.7	411.6	0.04	0.0	1
108.68	0	0.0	0.0	0.0	0.0	0.0	1.0	1	1953	205.7	411.6	0.04	0.0	1
108.78	0	0.0	0.0	0.0	0.0	0.0	1.0	1	1953	205.7	411.6	0.04	0.0	1
108.88	0	0.0	0.0	0.0	0.0	0.0	1.0	1	1953	205.7	411.6	0.04	0.0	1
108.98	0	0.0	0.0	0.0	0.0	0.0	1.0	1	1953	205.7	411.6	0.04	0.0	1
109.08	0	0.0	0.0	0.0	0.0	0.0	1.0	1	1953	205.7	411.6	0.04	0.0	1
109.18	0	0.0	0.0	0.0	0.0	0.0	1.0	1	1953	205.7	411.6	0.04	0.0	1
109.28	0	0.0	0.0	0.0	0.0	0.0	1.0	1	1953	205.7	411.6	0.04	0.0	1
109.38	0	0.0	0.0	0.0	0.0	0.0	1.0	1	1953	205.7	411.6	0.04	0.0	1
109.48	0	0.0	0.0	0.0	0.0	0.0	1.0	1	1953	205.7	411.6	0.04	0.0	1
109.58	0	0.0	0.0	0.0	0.0	0.0	1.0	1	1953	205.7	411.6	0.04	0.0	1
109.68	0	0.0	0.0	0.0	0.0	0.0	1.0	1	1953	205.7	411.6	0.04	0.0	1
109.78	0	0.0	0.0	0.0	0.0	0.0	1.0	1	1953	205.7	411.6	0.04	0.0	1
109.88	0	0.0	0.0	0.0	0.0	0.0	1.0	1	1953	205.7	411.6	0.04	0.0	1
109.98	0	0.0	0.0	0.0	0.0	0.0	1.0	1	1953	205.7	411.6	0.04	0.0	1
110.08	0	0.0	0.0	0.0	0.0	0.0	1.0	1	1953	205.7	411.6	0.04	0.0	1
110.18	0	0.0	0.0	0.0	0.0	0.0	1.0	1	1953	205.7	411.6	0.04	0.0	1
110.28	0	0.0	0.0	0.0	0.0	0.0	1.0	1	1953	205.7	411.6	0.04	0.0	1
110.38	0	0.0	0.0	0.0	0.0	0.0	1.0	1	1953	205.7	411.6	0.04	0.0	1
110.48	0	0.0	0.0	0.0	0.0	0.0	1.0	1	1953	205.7	411.6	0.04	0.0	1
110.58	0	0.0	0.0	0.0	0.0	0.0	1.0	1	1953	205.7	411.6	0.04	0.0	1
110.68	0	0.0	0.0	0.0	0.0	0.0	1.0	1	1953	205.7	411.6	0.04	0.0	1
110.78	0	0.0	0.0	0.0	0.0	0.0	1.0	1	1953	205.7	411.6	0.04	0.0	1
110.88	0	0.0	0.0	0.0	0.0	0.0	1.0	1	1953	205.7	411.6	0.04	0.0	1
110.98	0	0.0	0.0	0.0	0.0	0.0	1.0	1	1953	205.7	411.6	0.04	0.0	1
111.08	0	0.0	0.0	0.0	0.0	0.0	1.0	1	1953	205.7	411.6	0.04	0.0	1
111.18	0	0.0	0.0	0.0	0.0	0.0	1.0	1	1953	205.7	411.6	0.04	0.0	1
111.28	0	0.0	0.0	0.0	0.0	0.0	1.0	1	1953	205.7	411.6	0.04	0.0	1
111.38	0	0.0	0.0	0.0	0.0	0.0	1.0	1	1953	205.7	411.6	0.04	0.0	1
111.48	0	0.0	0.0	0.0	0.0	0.0	1.0	1	1953	205.7	411.6	0.04	0.0	1
111.58	0	0.0	0.0	0.0	0.0	0.0	1.0	1	1953	205.7	411.6	0.04	0.0	1
111.68	0	0.0	0.0	0.0	0.0	0.0	1.0	1	1953	205.7	411.6	0.04	0.0	1
111.78	0	0.0	0.0	0.0	0.0	0.0	1.0	1	1953	205.7	411.6	0.04	0.0	1
111.88	0	0.0	0.0	0.0	0.0	0.0	1.0	1	1953	205.7	411.6	0.04	0.0	1
111.98	0	0.0	0.0	0.0	0.0	0.0	1.0	1	1953	205.7	411.6	0.04	0.0	1
112.08	0	0.0	0.0	0.0	0.0	0.0	1.0	1	1953	205.7	411.6	0.04	0.0	1
112.18	0	0.0	0.0	0.0	0.0	0.0	1.0	1	1953	205.7	411.6	0.04	0.0	1
112.28	0	0.0	0.0	0.0	0.0	0.0	1.0	1	1953	205.7	411.6	0.04	0.0	1
112.38	0	0.0	0.0	0.0	0.0	0.0	1.0	1	1953	205.7	411.6	0.04	0.0	1
112.48	0	0.0	0.0	0.0	0.0	0.0	1.0	1	1953	205.7	411.6	0.04	0.0	1
112.58	0	0.0	0.0	0.0	0.0	0.0	1.0	1	1953	205.7	411.6	0.04	0.0	1
112.68	0	0.0	0.0	0.0	0.0	0.0	1.0	1	1953	205.7	411.6	0.04	0.0	1
112.78	0	0.0	0.0	0.0	0.0	0.0	1.0	1	1953	205.7	411.6	0.04	0.0	1
112.88	0	0.0	0.0	0.0	0.0	0.0	1.0	1	1953	205.7	411.6	0.04	0.0	1
112.98	0	0.0	0.0	0.0	0.0	0.0	1.0	1	1953	205.7	411.6	0.04	0.0	1
113.08	0	0.0	0.0	0.0	0.0	0.0	1.0	1	1953	205.7	411.6	0.04	0.0	1
113.18	0	0.0	0.0	0.0	0.0	0.0	1.0	1	1953	205.7	411.6	0.04	0.0	1
113.28	0	0.0	0.0	0.0	0.0	0.0	1.0	1	1953	205.7	411.6	0.04	0.0	1
113.38	0	0.0	0.0	0.0	0.0	0.0	1.0	1	1953	205.7	411.6	0.04	0.0	1
113.48	0	0.0	0.0	0.0	0.0	0.0	1.0	1	1953	205.7	411.6	0.04	0.0	1
113.58	0	0.0	0.0	0.0	0.0	0.0	1.0	1	1953	205.7	411.6	0.04	0.0	1
113.68	0	0.0	0.0	0.0	0.0	0.0	1.0	1	1953	205.7	411.6	0.04	0.0	1
113.78	0	0.0	0.0	0.0	0.0	0.0	1.0	1	1953	205.7	411.6	0.04	0.0	1
113.88	0	0.0	0.0	0.0	0.0	0.0	1.0	1	1953	205.7	411.6	0.04	0.0	1
113.98	0	0.0	0.0	0.0	0.0	0.0	1.0	1	1953	205.7	411.6	0.04	0.0	1
114.08	0	0.0	0.0	0.0	0.0	0.0	1.0	1	1953	205.7	411.6	0.04	0.0	1
114.18	0	0.0	0.0	0.0	0.0	0.0	1.0	1	1953	205.7	411.6	0.04	0.0	1
114.28	0	0.0	0.0	0.0	0.0	0.0	1.0	1	1953	205.7	411.6	0.04	0.0	1
114.38	0	0.0	0.0	0.0	0.0	0.0	1.0	1	1953	205.7	411.6	0.04	0.0	1
114.48	0	0.0	0.0	0.0	0.0	0.0	1.0	1	1953	205.7	411.6	0.04	0.0	1
114.58	0	0.0	0.0	0.0	0.0	0.0	1.0	1	1953	205.7	411.6	0.04	0.0	1
114.68	0	0.0	0.0	0.0	0.0	0.0	1.0	1	1953	205.7	411.6	0.04	0.0	1
114.78	0	0.0	0.0	0.0	0.0	0.0	1.0	1	1953	205.7	411.6	0.04	0.0	1
114.88	0	0.0	0.0	0.0	0.0	0.0	1.0	1	1953	205.7	411.6	0.04	0.0	1
114.98	0	0.0	0.0	0.0	0.0	0.0	1.0	1	1953	205.7	411.6	0.04	0.0	1
115.08	0	0.0	0.0	0.0	0.0	0.0	1.0	1	1953	205.7	411.6	0.04	0.0	1
115.18	0	0.0	0.0	0.0	0.0	0.0	1.0	1	1953	205.7	411.6	0.04	0.0	1
115.28	0	0.0	0.0	0.0	0.0	0.0	1.0	1	1953	205.7	411.6	0.05	0.0	1
115.38	0	0.0	0.0	0.0	0.0	0.0	1.0	1	1953	205.7	411.6	0.05	0.0	1
115.48	0	0.0	0.0	0.0	0.0	0.0	1.0	1	1953	205.7	411.6	0.05	0.0	1
115.58	0	0.0	0.0	0.0	0.0	0.0	1.0	1	1953	205.7	411.6	0.05	0.0	1
115.68	0	0.0	0.0	0.0	0.0	0.0	1.0	1	1953	205.7	411.6	0.05	0.0	1
115.78	0	0.0	0.0	0.0	0.0	0.0	1.0	1	1953	205.7	411.6	0.05	0.0	1
115.88	0	0.0	0.0	0.0	0.0	0.0	1.0	1	1953	205.7	411.6	0.05	0.0	1
115.98	0	0.0	0.0	0.0	0.0	0.0	1.0	1	1953	205.7	411.6	0.05	0.0	1
116.08	0	0.0	0.0	0.0	0.0	0.0	1.0	1	1953	205.7	411.6	0.05	0.0	1
116.18	0	0.0	0.0	0.0	0.0	0.0	1.0	1	1953	205.7	411.6	0.05	0.0	1
116.29	0	0.0	0.0	0.0	0.0	0.0	1.0	1	1953	205.7	411.6	0.05	0.0	1
116.39	0	0.0	0.0	0.0	0.0	0.0	1.0	1	1953	205.7	411.6	0.05	0.0	1
116.49	0	0.0	0.0	0.0	0.0	0.0	1.0	1	1953	205.7	411.6	0.05	0.0	1
116.59	0	0.0	0.0	0.0	0.0	0.0	1.0	1	1953	205.7	411.6	0.05	0.0	1
116.69	0	0.0	0.0	0.0	0.0	0.0	1.0	1	1953	205.7	411.6	0.05	0.0	1
116.79	0	0.0	0.0	0.0	0.0	0.0	1.0	1	1953	205.7	411.6	0.05	0.0	1
116.91	0	0.0	0.0	0.0	0.0	0.0	1.0	1	1953	205.7	411.6	0.05	0.0	1
117.01	0	0.0	0.0	0.0	0.0	0.0	1.0	1	1953	205.7	411.6	0.05	0.0	1
117.11	0	0.0	0.0	0.0	0.0	0.0	1.0	1	1953	205.7	411.6	0.05	0.0	1
117.21	0	0.0	0.0	0.0	0.0	0.0	1.0	1	1953	205.7	411.6	0.05	0.0	1
117.31	0	0.0	0.0	0.0	0.0	0.0	1.0	1	1953	205.7	411.6	0.05	0.0	1
117.41	0	0.0	0.0	0.0	0.0	0.0	1.0	1	1953	205.7	411.6	0.05	0.0	1
117.51	0	0.0	0.0	0.0	0.0	0.0	1.0	1	1953	205.7	411.6	0.05	0.0	1
117.61	0	0.0	0.0	0.0	0.0	0.0	1.0	1	1953	205.7	411.6	0.05	0.0	1
117.71	0	0.0	0.0	0.0	0.0	0.0	1.0	1	1953	205.7	411.6	0.05	0.0	1
117.81	0	0.0	0.0	0.0	0.0	0.0	1.0	1	1953	205.7	411.6	0.05	0.0	1
117.91	0	0.0	0.0	0.0	0.0	0.0	1.0	1	1953	205.7	411.6	0.05	0.0	1
118.01	0	0.0	0.0	0.0	0.0	0.0	1.0	1	1953	205.7	411.6	0.05	0.0	1
118.11	0	0.0	0.0	0.0	0.0	0.0	1.0	1	1953	205.7	411.6	0.05	0.0	1
118.21	0	0.0	0.0	0.0	0.0	0.0	1.0	1	1953	205.7	411.6	0.05	0.0	1
118.31	0	0.0	0.0	0.0	0.0	0.0	1.0	1	1953	205.7	411.6	0.05	0.0	1
118.41	0	0.0	0.0	0.0	0.0	0.0	1.0	1	1953	205.7	411.6	0.05	0.0	1
118.51	0	0.0	0.0	0.0	0.0	0.0	1.0	1	1953	205.7	411.6	0.05	0.0	1
118.61	0	0.0	0.0	0.0	0.0	0.0	1.0	1	1953	205.7	411.6	0.05	0.0	1
118.71	0	0.0	0.0	0.0	0.0	0.0	1.0	1	1953	205.7	411.6	0.05	0.0	1
118.81	0	0.0	0.0	0.0	0.0	0.0	1.0	1	1953	205.7	411.6	0.05	0.0	1
118.91	0	0.0	0.0	0.0	0.0	0.0	1.0	1	1953	205.7	411.6	0.05	0.0	1
119.01	0	0.0	0.0	0.0	0.0	0.0	1.0	1	1953	205.7	411.6	0.05	0.0	1
119.11	0	0.0	0.0	0.0	0.0	0.0	1.0	1	1953	205.7	411.6	0.05	0.0	1
119.21	0	0.0	0.0	0.0	0.0	0.0	1.0	1	1953	205.7	411.6	0.05	0.0	1
119.31	0	0.0	0.0	0.0	0.0	0.0	1.0	1	1953	205.7	411.6	0.05	0.0	1
119.41	0	0.0	0.0	0.0	0.0	0.0	1.0	1	1953	205.7	411.6	0.05	0.0	1
119.51	0	0.0	0.0	0.0	0.0	0.0	1.0	1	1953	205.7	411.6	0.05	0.0	1
119.61	0	0.0	0.0	0.0	0.0	0.0	1.0	1	1953	205.7	411.6	0.05	0.0	1
119.71	0	0.0	0.0	0.0	0.0	0.0	1.0	1	1953	205.7	411.6	0.05	0.0	1
119.81	0	0.0	0.0	0.0	0.0	0.0	1.0	1	1953	205.7	411.6	0.05	0.0	1
119.91	0	0.0	0.0	0.0	0.0	0.0	1.0	1	1953	205.7	411.6	0.05	0.0	1
120.01	0	0.0	0.0	0.0	0.0	0.0	1.0	1	1953	205.7	411.6	0.05	0.0	1
120.11	0	0.0	0.0	0.0	0.0	0.0	1.0	1	1953	205.7	411.6	0.05	0.0	1
120.21	0	0.0	0.0	0.0	0.0	0.0	1.0	1	1953	205.7	411.6	0.05	0.0	1
120.31	0	0.0	0.0	0.0	0.0	0.0	1.0	1	1953	205.7	411.6	0.05	0.0	1
120.41	0	0.0	0.0	0.0	0.0	0.0	1.0	1	1953	205.7	411.6	0.05	0.0	1
120.51	0	0.0	0.0	0.0	0.0	0.0	1.0	1	1953	205.7	411.6	0.05	0.0	1
120.61	0	0.0	0.0	0.0	0.0	0.0	1.0	1	1953	205.7	411.6	0.05	0.0	1
120.71	0	0.0	0.0	0.0	0.0	0.0	1.0	1	1953	205.7	411.6	0.05	0.0	1
120.81	0	0.0	0.0	0.0	0.0	0.0	1.0	1	1953	205.7	411.6	0.05	0.0	1
120.91	0	0.0	0.0	0.0	0.0	0.0	1.0	1	1953	205.7	411.6	0.05	0.0	1
121.01	0	0.0	0.0	0.0	0.0	0.0	1.0	1	1953	205.7	411.6	0.05	0.0	1
121.11	0	0.0	0.0	0.0	0.0	0.0	1.0	1	1953	205.7	411.6	0.05	0.0	1
121.21	0	0.0	0.0	0.0	0.0	0.0	1.0	1	1953	205.7	411.6	0.05	0.0	1
121.31	0	0.0	0.0	0.0	0.0	0.0	1.0	1	1953	205.7	411.6	0.05	0.0	1
121.41	0	0.0	0.0	0.0	0.0	0.0	1.0	1	1953	205.7	411.6	0.05	0.0	1
121.51	0	0.0	0.0	0.0	0.0	0.0	1.0	1	1953	205.7	411.6	0.05	0.0	1
121.61	0	0.0	0.0	0.0	0.0	0.0	1.0	1	1953	205.7	411.6	0.05	0.0	1
121.71	0	0.0	0.0	0.0	0.0	0.0	1.0	1	1953	205.7	411.6	0.05	0.0	1
121.81	0	0.0	0.0	0.0	0.0	0.0	1.0	1	1953	205.7	411.6	0.05	0.0	1
121.91	0	0.0	0.0	0.0	0.0	0.0	1.0	1	1953	205.7	411.6	0.05	0.0	1
122.01	0	0.0	0.0	0.0	0.0	0.0	1.0	1	1953	205.7	411.6	0.05	0.0	1
122.11	0	0.0	0.0	0.0	0.0	0.0	1.0	1	1953	205.7	411.6	0.05	0.0	1
122.21	0	0.0	0.0	0.0	0.0	0.0	1.0	1	1953	205.7	411.6	0.05	0.0	1
122.31	0	0.0	0.0	0.0	0.0	0.0	1.0	1	1953	205.7	411.6	0.05	0.0	1
122.41	0	0.0	0.0	0.0	0.0	0.0	1.0	1	1953	205.7	411.6	0.05	0.0	1
122.51	0	0.0	0.0	0.0	0.0	0.0	1.0	1	1953	205.7	411.6	0.05	0.0	1
122.61	0	0.0	0.0	0.0	0.0	0.0	1.0	1	1953	205.7	411.6	0.05	0.0	1
122.71	0	0.0	0.0	0.0	0.0	0.0	1.0	1	1953	205.7	411.6	0.05	0.0	1
122.81	0	0.0	0.0	0.0	0.0	0.0	1.0	1	1953	205.7	411.6	0.05	0.0	1
122.91	0	0.0	0.0	0.0	0.0	0.0	1.0	1	1953	205.7	411.6	0.05	0.0	1
123.01	0	0.0	0.0	0.0	0.0	0.0	1.0	1	1953	205.7	411.6	0.05	0.0	1
123.11	0	0.0	0.0	0.0	0.0	0.0	1.0	1	1953	205.7	411.6	0.05	0.0	1
123.21	0	0.0	0.0	0.0	0.0	0.0	1.0	1	1953	205.7	411.6	0.05	0.0	1
123.31	0	0.0	0.0	0.0	0.0	0.0	1.0	1	1953	205.7	411.6	0.05	0.0	1
123.41	0	0.0	0.0	0.0	0.0	0.0	1.0	1	1953	205.7	411.6	0.05	0.0	1
123.51	0	0.0	0.0	0.0	0.0	0.0	1.0	1	1953	205.7	411.6	0.05	0.0	1
123.61	0	0.0	0.0	0.0	0.0	0.0	1.0	1	1953	205.7	411.6	0.05	0.0	1
123.71	0	0.0	0.0	0.0	0.0	0.0	1.0	1	1953	205.7	411.6	0.05	0.0	1
123.81	0	0.0	0.0	0.0	0.0	0.0	1.0	1	1953	205.7	411.6	0.05	0.0	1
123.91	0	0.0	0.0	0.0	0.0	0.0	1.0	1	1953	205.7	411.6	0.05	0.0	1
124.01	0	0.0	0.0	0.0	0.0	0.0	1.0	1	1953	205.7	411.6	0.05	0.0	1
124.11	0	0.0	0.0	0.0	0.0	0.0	1.0	1	1953	205.7	411.6	0.05	0.0	1
124.21	0	0.0	0.0	0.0	0.0	0.0	1.0	1	1953	205.7	411.6	0.05	0.0	1
124.31	0	0.0	0.0	0.0	0.0	0.0	1.0	1	1953	205.7	411.6	0.05	0.0	1
124.41	0	0.0	0.0	0.0	0.0	0.0	1.0	1	1953	205.7	411.6	0.05	0.0	1
124.51	0	0.0	0.0	0.0	0.0	0.0	1.0	1	1953	205.7	411.6	0.05	0.0	1
124.61	0	0.0	0.0	0.0	0.0	0.0	1.0	1	1953	205.7	411.6	0.05	0.0	1
124.71	0	0.0	0.0	0.0	0.0	0.0	1.0	1	1953	205.7	411.6	0.05	0.0	1
124.81	0	0.0	0.0	0.0	0.0	0.0	1.0	1	1953	205.7	411.6	0.05	0.0	1
124.91	0	0.0	0.0	0.0	0.0	0.0	1.0	1	1953	205.7	411.6	0.05	0.0	1
125.01	0	0.0	0.0	0.0	0.0	0.0	1.0	1	1953	205.7	411.6	0.05	0.0	1
125.11	0	0.0	0.0	0.0	0.0	0.0	1.0	1	1953	205.7	411.6	0.05	0.0	1
125.21	0	0.0	0.0	0.0	0.0	0.0	1.0	1	1953	205.7	411.6	0.05	0.0	1
125.31	0	0.0	0.0	0.0	0.0	0.0	1.0	1	1953	205.7	411.6	0.05	0.0	1
125.41	0	0.0	0.0	0.0	0.0	0.0	1.0	1	1953	205.7	411.6	0.05	0.0	1
125.51	0	0.0	0.0	0.0	0.0	0.0	1.0	1	1953	205.7	411.6	0.05	0.0	1
125.61	0	0.0	0.0	0.0	0.0	0.0	1.0	1	1953	205.7	411.6	0.05	0.0	1
125.71	0	0.0	0.0	0.0	0.0	0.0	1.0	1	1953	205.7	411.6	0.05	0.0	1
125.81	0	0.0	0.0	0.0	0.0	0.0	1.0	1	1953	205.7	411.6	0.05	0.0	1
125.91	0	0.0	0.0	0.0	0.0	0.0	1.0	1	1953	205.7	411.6	0.05	0.0	1
126.01	0	0.0	0.0	0.0	0.0	0.0	1.0	1	1953	205.7	411.6	0.05	0.0	1
126.11	0	0.0	0.0	0.0	0.0	0.0	1.0	1	1953	205.7	411.6	0.05	0.0	1
126.21	0	0.0	0.0	0.0	0.0	0.0	1.0	1	1953	205.7	411.6	0.05	0.0	1
126.31	0	0.0	0.0	0.0	0.0	0.0	1.0	1	1953	205.7	411.6	0.05	0.0	1
126.41	0	0.0	0.0	0.0	0.0	0.0	1.0	1	1953	205.7	411.6	0.05	0.0	1
126.51	0	0.0	0.0	0.0	0.0	0.0	1.0	1	1953	205.7	411.6	0.05	0.0	1
126.61	0	0.0	0.0	0.0	0.0	0.0	1.0	1	1953	205.7	411.6	0.05	0.0	1
126.71	0	0.0	0.0	0.0	0.0	0.0	1.0	1	1953	205.7	411.6	0.05	0.0	1
126.81	0	0.0	0.0	0.0	0.0	0.0	1.0	1	1953	205.7	411.6	0.05	0.0	1
126.95	0	0.0	0.0	0.0	0.0	0.0	1.0	1	1953	205.7	411.6	0.05	0.0	1
127.05	0	0.0	0.0	0.0	0.0	0.0	1.0	1	1953	205.7	411.6	0.05	0.0	1
127.15	0	0.0	0.0	0.0	0.0	0.0	1.0	1	1953	205.7	411.6	0.05	0.0	1
127.25	0	0.0	0.0	0.0	0.0	0.0	1.0	1	1953	205.7	411.6	0.05	0.0	1
127.35	0	0.0	0.0	0.0	0.0	0.0	1.0	1	1953	205.7	411.6	0.05	0.0	1
127.45	0	0.0	0.0	0.0	0.0	0.0	1.0	1	1953	205.7	411.6	0.05	0.0	1
127.55	0	0.0	0.0	0.0	0.0	0.0	1.0	1	1953	205.7	411.6	0.05	0.0	1
127.65	0	0.0	0.0	0.0	0.0	0.0	1.0	1	1953	205.7	411.6	0.05	0.0	1
127.75	0	0.0	0.0	0.0	0.0	0.0	1.0	1	1953	205.7	411.6	0.05	0.0	1
127.85	0	0.0	0.0	0.0	0.0	0.0	1.0	1	1953	205.7	411.6	0.05	0.0	1
127.95	0	0.0	0.0	0.0	0.0	0.0	1.0	1	1953	205.7	411.6	0.05	0.0	1
128.05	0	0.0	0.0	0.0	0.0	0.0	1.0	1	1953	205.7	411.6	0.05	0.0	1
128.15	0	0.0	0.0	0.0	0.0	0.0	1.0	1	1953	205.7	411.6	0.05	0.0	1
128.25	0	0.0	0.0	0.0	0.0	0.0	1.0	1	1953	205.7	411.6	0.05	0.0	1
128.35	0	0.0	0.0	0.0	0.0	0.0	1.0	1	1953	205.7	411.6	0.05	0.0	1
128.45	0	0.0	0.0	0.0	0.0	0.0	1.0	1	1953	205.7	411.6	0.05	0.0	1
128.55	0	0.0	0.0	0.0	0.0	0.0	1.0	1	1953	205.7	411.6	0.05	0.0	1
128.65	0	0.0	0.0	0.0	0.0	0.0	1.0	1	1953	205.7	411.6	0.05	0.0	1
128.75	0	0.0	0.0	0.0	0.0	0.0	1.0	1	1953	205.7	411.6	0.05	0.0	1
128.85	0	0.0	0.0	0.0	0.0	0.0	1.0	1	1953	205.7	411.6	0.05	0.0	1
128.95	0	0.0	0.0	0.0	0.0	0.0	1.0	1	1953	205.7	411.6	0.05	0.0	1
129.05	0	0.0	0.0	0.0	0.0	0.0	1.0	1	1953	205.7	411.6	0.05	0.0	1
129.15	0	0.0	0.0	0.0	0.0	0.0	1.0	1	1953	205.7	411.6	0.05	0.0	1
129.25	0	0.0	0.0	0.0	0.0	0.0	1.0	1	1953	205.7	411.6	0.05	0.0	1
129.35	0	0.0	0.0	0.0	0.0	0.0	1.0	1	1953	205.7	411.6	0.05	0.0	1
129.45	0	0.0	0.0	0.0	0.0	0.0	1.0	1	1953	205.7	411.6	0.05	0.0	1
129.55	0	0.0	0.0	0.0	0.0	0.0	1.0	1	1953	205.7	411.6	0.05	0.0	1
129.65	0	0.0	0.0	0.0	0.0	0.0	1.0	1	1953	205.7	411.6	0.05	0.0	1
129.75	0	0.0	0.0	0.0	0.0	0.0	1.0	1	1953	205.7	411.6	0.05	0.0	1
129.85	0	0.0	0.0	0.0	0.0	0.0	1.0	1	1953	205.7	411.6	0.05	0.0	1
129.95	0	0.0	0.0	0.0	0.0	0.0	1.0	1	1953	205.7	411.6	0.05	0.0	1
130.05	0	0.0	0.0	0.0	0.0	0.0	1.0	1	1953	205.7	411.6	0.05	0.0	1
130.15	0	0.0	0.0	0.0	0.0	0.0	1.0	1	1953	205.7	411.6	0.05	0.0	1
130.25	0	0.0	0.0	0.0	0.0	0.0	1.0	1	1953	205.7	411.6	0.05	0.0	1
130.35	0	0.0	0.0	0.0	0.0	0.0	1.0	1	1953	205.7	411.6	0.05	0.0	1
130.45	0	0.0	0.0	0.0	0.0	0.0	1.0	1	1953	205.7	411.6	0.05	0.0	1
130.55	0	0.0	0.0	0.0	0.0	0.0	1.0	1	1953	205.7	411.6	0.05	0.0	1
130.65	0	0.0	0.0	0.0	0.0	0.0	1.0	1	1953	205.7	411.6	0.05	0.0	1
130.75	0	0.0	0.0	0.0	0.0	0.0	1.0	1	1953	205.7	411.6	0.05	0.0	1
130.85	0	0.0	0.0	0.0	0.0	0.0	1.0	1	1953	205.7	411.6	0.05	0.0	1
130.95	0	0.0	0.0	0.0	0.0	0.0	1.0	1	1953	205.7	411.6	0.05	0.0	1
131.05	0	0.0	0.0	0.0	0.0	0.0	1.0	1	1953	205.7	411.6	0.05	0.0	1
131.15	0	0.0	0.0	0.0	0.0	0.0	1.0	1	1953	205.7	411.6	0.05	0.0	1
131.25	0	0.0	0.0	0.0	0.0	0.0	1.0	1	1953	205.7	411.6	0.05	0.0	1
131.35	0	0.0	0.0	0.0	0.0	0.0	1.0	1	1953	205.7	411.6	0.05	0.0	1
131.46	0	0.0	0.0	0.0	0.0	0.0	1.0	1	1953	205.7	411.6	0.05	0.0	1
131.56	0	0.0	0.0	0.0	0.0	0.0	1.0	1	1953	205.7	411.6	0.05	0.0	1
131.66	0	0.0	0.0	0.0	0.0	0.0	1.0	1	1953	205.7	411.6	0.05	0.0	1
131.76	0	0.0	0.0	0.0	0.0	0.0	1.0	1	1953	205.7	411.6	0.05	0.0	1
131.86	0	0.0	0.0	0.0	0.0	0.0	1.0	1	1953	205.7	411.6	0.05	0.0	1
131.96	0	0.0	0.0	0.0	0.0	0.0	1.0	1	1953	205.7	411.6	0.05	0.0	1
132.06	0	0.0	0.0	0.0	0.0	0.0	1.0	1	1953	205.7	411.6	0.05	0.0	1
132.16	0	0.0	0.0	0.0	0.0	0.0	1.0	1	1953	205.7	411.6	0.05	0.0	1
132.26	0	0.0	0.0	0.0	0.0	0.0	1.0	1	1953	205.7	411.6	0.05	0.0	1
132.36	0	0.0	0.0	0.0	0.0	0.0	1.0	1	1953	205.7	411.6	0.05	0.0	1
132.46	0	0.0	0.0	0.0	0.0	0.0	1.0	1	1953	205.7	411.6	0.05	0.0	1
132.56	0	0.0	0.0	0.0	0.0	0.0	1.0	1	1953	205.7	411.6	0.05	0.0	1
132.66	0	0.0	0.0	0.0	0.0	0.0	1.0	1	1953	205.7	411.6	0.05	0.0	1
132.76	0	0.0	0.0	0.0	0.0	0.0	1.0	1	1953	205.7	411.6	0.05	0.0	1
132.86	0	0.0	0.0	0.0	0.0	0.0	1.0	1	1953	205.7	411.6	0.05	0.0	1
132.96	0	0.0	0.0	0.0	0.0	0.0	1.0	1	1953	205.7	411.6	0.05	0.0	1
133.06	0	0.0	0.0	0.0	0.0	0.0	1.0	1	1953	205.7	411.6	0.05	0.0	1
133.16	0	0.0	0.0	0.0	0.0	0.0	1.0	1	1953	205.7	411.6	0.05	0.0	1
133.26	0	0.0	0.0	0.0	0.0	0.0	1.0	1	1953	205.7	411.6	0.05	0.0	1
133.36	0	0.0	0.0	0.0	0.0	0.0	1.0	1	1953	205.7	411.6	0.05	0.0	1
133.46	0	0.0	0.0	0.0	0.0	0.0	1.0	1	1953	205.7	411.6	0.05	0.0	1
133.56	0	0.0	0.0	0.0	0.0	0.0	1.0	1	1953	205.7	411.6	0.05	0.0	1
133.66	0	0.0	0.0	0.0	0.0	0.0	1.0	1	1953	205.7	411.6	0.05	0.0	1
133.76	0	0.0	0.0	0.0	0.0	0.0	1.0	1	1953	205.7	411.6	0.05	0.0	1
133.86	0	0.0	0.0	0.0	0.0	0.0	1.0	1	1953	205.7	411.6	0.05	0.0	1
133.96	0	0.0	0.0	0.0	0.0	0.0	1.0	1	1953	205.7	411.6	0.05	0.0	1
134.06	0	0.0	0.0	0.0	0.0	0.0	1.0	1	1953	205.7	411.6	0.05	0.0	1
134.16	0	0.0	0.0	0.0	0.0	0.0	1.0	1	1953	205.7	411.6	0.05	0.0	1
134.26	0	0.0	0.0	0.0	0.0	0.0	1.0	1	1953	205.7	411.6	0.05	0.0	1
134.36	0	0.0	0.0	0.0	0.0	0.0	1.0	1	1953	205.7	411.6	0.05	0.0	1
134.46	0	0.0	0.0	0.0	0.0	0.0	1.0	1	1953	205.7	411.6	0.05	0.0	1
134.56	0	0.0	0.0	0.0	0.0	0.0	1.0	1	1953	205.7	411.6	0.05	0.0	1
134.66	0	0.0	0.0	0.0	0.0	0.0	1.0	1	1953	205.7	411.6	0.05	0.0	1
134.76	0	0.0	0.0	0.0	0.0	0.0	1.0	1	1953	205.7	411.6	0.05	0.0	1
134.86	0	0.0	0.0	0.0	0.0	0.0	1.0	1	1953	205.7	411.6	0.05	0.0	1
134.96	0	0.0	0.0	0.0	0.0	0.0	1.0	1	1953	205.7	411.6	0.05	0.0	1
135.06	0	0.0	0.0	0.0	0.0	0.0	1.0	1	1953	205.7	411.6	0.05	0.0	1
135.16	0	0.0	0.0	0.0	0.0	0.0	1.0	1	1953	205.7	411.6	0.05	0.0	1
135.26	0	0.0	0.0	0.0	0.0	0.0	1.0	1	1953	205.7	411.6	0.05	0.0	1
135.36	0	0.0	0.0	0.0	0.0	0.0	1.0	1	1953	205.7	411.6	0.05	0.0	1
135.46	0	0.0	0.0	0.0	0.0	0.0	1.0	1	1953	205.7	411.6	0.05	0.0	1
135.56	0	0.0	0.0	0.0	0.0	0.0	1.0	1	1953	205.7	411.6	0.05	0.0	1
135.66	0	0.0	0.0	0.0	0.0	0.0	1.0	1	1953	205.7	411.6	0.05	0.0	1
135.76	0	0.0	0.0	0.0	0.0	0.0	1.0	1	1953	205.7	411.6	0.05	0.0	1
135.86	0	0.0	0.0	0.0	0.0	0.0	1.0	1	1953	205.7	411.6	0.05	0.0	1
135.96	0	0.0	0.0	0.0	0.0	0.0	1.0	1	1953	205.7	411.6	0.05	0.0	1
136.06	0	0.0	0.0	0.0	0.0	0.0	1.0	1	1953	205.7	411.6	0.05	0.0	1
136.17	0	0.0	0.0	0.0	0.0	0.0	1.0	1	1953	205.7	411.6	0.05	0.0	1
136.27	0	0.0	0.0	0.0	0.0	0.0	1.0	1	1953	205.7	411.6	0.05	0.0	1
136.37	0	0.0	0.0	0.0	0.0	0.0	1.0	1	1953	205.7	411.6	0.05	0.0	1
136.47	0	0.0	0.0	0.0	0.0	0.0	1.0	1	1953	205.7	411.6	0.05	0.0	1
136.57	0	0.0	0.0	0.0	0.0	0.0	1.0	1	1953	205.7	411.6	0.05	0.0	1
136.67	0	0.0	0.0	0.0	0.0	0.0	1.0	1	1953	205.7	411.6	0.05	0.0	1
136.77	0	0.0	0.0	0.0	0.0	0.0	1.0	1	1953	205.7	411.6	0.05	0.0	1
136.9	0	0.0	0.0	0.0	0.0	0.0	1.0	1	1953	205.7	411.6	0.05	0.0	1
137.0	0	0.0	0.0	0.0	0.0	0.0	1.0	1	1953	205.7	411.6	0.05	0.0	1
137.1	0	0.0	0.0	0.0	0.0	0.0	1.0	1	1953	205.7	411.6	0.05	0.0	1
137.2	0	0.0	0.0	0.0	0.0	0.0	1.0	1	1953	205.7	411.6	0.05	0.0	1
137.3	0	0.0	0.0	0.0	0.0	0.0	1.0	1	1953	205.7	411.6	0.05	0.0	1
137.4	0	0.0	0.0	0.0	0.0	0.0	1.0	1	1953	205.7	411.6	0.05	0.0	1
137.5	0	0.0	0.0	0.0	0.0	0.0	1.0	1	1953	205.7	411.6	0.05	0.0	1
137.6	0	0.0	0.0	0.0	0.0	0.0	1.0	1	1953	205.7	411.6	0.05	0.0	1
137.7	0	0.0	0.0	0.0	0.0	0.0	1.0	1	1953	205.7	411.6	0.05	0.0	1
137.8	0	0.0	0.0	0.0	0.0	0.0	1.0	1	1953	205.7	411.6	0.05	0.0	1
137.9	0	0.0	0.0	0.0	0.0	0.0	1.0	1	1953	205.7	411.6	0.05	0.0	1
138.0	0	0.0	0.0	0.0	0.0	0.0	1.0	1	1953	205.7	411.6	0.05	0.0	1
138.1	0	0.0	0.0	0.0	0.0	0.0	1.0	1	1953	205.7	411.6	0.05	0.0	1
138.2	0	0.0	0.0	0.0	0.0	0.0	1.0	1	1953	205.7	411.6	0.05	0.0	1
138.3	0	0.0	0.0	0.0	0.0	0.0	1.0	1	1953	205.7	411.6	0.05	0.0	1
138.4	0	0.0	0.0	0.0	0.0	0.0	1.0	1	1953	205.7	411.6	0.05	0.0	1
138.5	0	0.0	0.0	0.0	0.0	0.0	1.0	1	1953	205.7	411.6	0.05	0.0	1
138.6	0	0.0	0.0	0.0	0.0	0.0	1.0	1	1953	205.7	411.6	0.05	0.0	1
138.7	0	0.0	0.0	0.0	0.0	0.0	1.0	1	1953	205.7	411.6	0.05	0.0	1
138.8	0	0.0	0.0	0.0	0.0	0.0	1.0	1	1953	205.7	411.6	0.05	0.0	1
138.9	0	0.0	0.0	0.0	0.0	0.0	1.0	1	1953	205.7	411.6	0.05	0.0	1
139.0	0	0.0	0.0	0.0	0.0	0.0	1.0	1	1953	205.7	411.6	0.05	0.0	1
139.1	0	0.0	0.0	0.0	0.0	0.0	1.0	1	1953	205.7	411.6	0.05	0.0	1
139.2	0	0.0	0.0	0.0	0.0	0.0	1.0	1	1953	205.7	411.6	0.05	0.0	1
139.3	0	0.0	0.0	0.0	0.0	0.0	1.0	1	1953	205.7	411.6	0.05	0.0	1
139.4	0	0.0	0.0	0.0	0.0	0.0	1.0	1	1953	205.7	411.6	0.05	0.0	1
139.5	0	0.0	0.0	0.0	0.0	0.0	1.0	1	1953	205.7	411.6	0.05	0.0	1
139.6	0	0.0	0.0	0.0	0.0	0.0	1.0	1	1953	205.7	411.6	0.05	0.0	1
139.7	0	0.0	0.0	0.0	0.0	0.0	1.0	1	1953	205.7	411.6	0.05	0.0	1
139.8	0	0.0	0.0	0.0	0.0	0.0	1.0	1	1953	205.7	411.6	0.05	0.0	1
139.9	0	0.0	0.0	0.0	0.0	0.0	1.0	1	1953	205.7	411.6	0.05	0.0	1
140.0	0	0.0	0.0	0.0	0.0	0.0	1.0	1	1953	205.7	411.6	0.05	0.0	1
140.1	0	0.0	0.0	0.0	0.0	0.0	1.0	1	1953	205.7	411.6	0.05	0.0	1
140.2	0	0.0	0.0	0.0	0.0	0.0	1.0	1	1953	205.7	411.6	0.05	0.0	1
140.3	0	0.0	0.0	0.0	0.0	0.0	1.0	1	1953	205.7	411.6	0.05	0.0	1
140.4	0	0.0	0.0	0.0	0.0	0.0	1.0	1	1953	205.7	411.6	0.05	0.0	1
140.5	0	0.0	0.0	0.0	0.0	0.0	1.0	1	1953	205.7	411.6	0.05	0.0	1
140.6	0	0.0	0.0	0.0	0.0	0.0	1.0	1	1953	205.7	411.6	0.05	0.0	1
140.7	0	0.0	0.0	0.0	0.0	0.0	1.0	1	1953	205.7	411.6	0.05	0.0	1
140.8	0	0.0	0.0	0.0	0.0	0.0	1.0	1	1953	205.7	411.6	0.05	0.0	1
140.9	0	0.0	0.0	0.0	0.0	0.0	1.0	1	1953	205.7	411.6	0.06	0.0	1
141.0	0	0.0	0.0	0.0	0.0	0.0	1.0	1	1953	205.7	411.6	0.06	0.0	1
141.1	0	0.0	0.0	0.0	0.0	0.0	1.0	1	1953	205.7	411.6	0.06	0.0	1
141.2	0	0.0	0.0	0.0	0.0	0.0	1.0	1	1953	205.7	411.6	0.06	0.0	1
141.3	0	0.0	0.0	0.0	0.0	0.0	1.0	1	1953	205.7	411.6	0.06	0.0	1
141.4	0	0.0	0.0	0.0	0.0	0.0	1.0	1	1953	205.7	411.6	0.06	0.0	1
141.5	0	0.0	0.0	0.0	0.0	0.0	1.0	1	1953	205.7	411.6	0.06	0.0	1
141.6	0	0.0	0.0	0.0	0.0	0.0	1.0	1	1953	205.7	411.6	0.06	0.0	1
141.7	0	0.0	0.0	0.0	0.0	0.0	1.0	1	1953	205.7	411.6	0.06	0.0	1
141.8	0	0.0	0.0	0.0	0.0	0.0	1.0	1	1953	205.7	411.6	0.06	0.0	1
141.9	0	0.0	0.0	0.0	0.0	0.0	1.0	1	1953	205.7	411.6	0.06	0.0	1
142.0	0	0.0	0.0	0.0	0.0	0.0	1.0	1	1953	205.7	411.6	0.06	0.0	1
142.1	0	0.0	0.0	0.0	0.0	0.0	1.0	1	1953	205.7	411.6	0.06	0.0	1
142.2	0	0.0	0.0	0.0	0.0	0.0	1.0	1	1953	205.7	411.6	0.06	0.0	1
142.3	0	0.0	0.0	0.0	0.0	0.0	1.0	1	1953	205.7	411.6	0.06	0.0	1
142.4	0	0.0	0.0	0.0	0.0	0.0	1.0	1	1953	205.7	411.6	0.06	0.0	1
142.5	0	0.0	0.0	0.0	0.0	0.0	1.0	1	1953	205.7	411.6	0.06	0.0	1
142.6	0	0.0	0.0	0.0	0.0	0.0	1.0	1	1953	205.7	411.6	0.06	0.0	1
142.7	0	0.0	0.0	0.0	0.0	0.0	1.0	1	1953	205.7	411.6	0.06	0.0	1
142.8	0	0.0	0.0	0.0	0.0	0.0	1.0	1	1953	205.7	411.6	0.06	0.0	1
142.9	0	0.0	0.0	0.0	0.0	0.0	1.0	1	1953	205.7	411.6	0.06	0.0	1
143.0	0	0.0	0.0	0.0	0.0	0.0	1.0	1	1953	205.7	411.6	0.06	0.0	1
143.1	0	0.0	0.0	0.0	0.0	0.0	1.0	1	1953	205.7	411.6	0.06	0.0	1
143.2	0	0.0	0.0	0.0	0.0	0.0	1.0	1	1953	205.7	411.6	0.06	0.0	1
143.3	0	0.0	0.0	0.0	0.0	0.0	1.0	1	1953	205.7	411.6	0.06	0.0	1
143.4	0	0.0	0.0	0.0	0.0	0.0	1.0	1	1953	205.7	411.6	0.06	0.0	1
143.5	0	0.0	0.0	0.0	0.0	0.0	1.0	1	1953	205.7	411.6	0.06	0.0	1
143.6	0	0.0	0.0	0.0	0.0	0.0	1.0	1	1953	205.7	411.6	0.06	0.0	1
143.7	0	0.0	0.0	0.0	0.0	0.0	1.0	1	1953	205.7	411.6	0.06	0.0	1
143.8	0	0.0	0.0	0.0	0.0	0.0	1.0	1	1953	205.7	411.6	0.06	0.0	1
143.9	0	0.0	0.0	0.0	0.0	0.0	1.0	1	1953	205.7	411.6	0.06	0.0	1
144.0	0	0.0	0.0	0.0	0.0	0.0	1.0	1	1953	205.7	411.6	0.06	0.0	1
144.1	0	0.0	0.0	0.0	0.0	0.0	1.0	1	1953	205.7	411.6	0.06	0.0	1
144.2	0	0.0	0.0	0.0	0.0	0.0	1.0	1	1953	205.7	411.6	0.06	0.0	1
144.3	0	0.0	0.0	0.0	0.0	0.0	1.0	1	1953	205.7	411.6	0.06	0.0	1
144.4	0	0.0	0.0	0.0	0.0	0.0	1.0	1	1953	205.7	411.6	0.06	0.0	1
144.5	0	0.0	0.0	0.0	0.0	0.0	1.0	1	1953	205.7	411.6	0.06	0.0	1
144.6	0	0.0	0.0	0.0	0.0	0.0	1.0	1	1953	205.7	411.6	0.06	0.0	1
144.7	0	0.0	0.0	0.0	0.0	0.0	1.0	1	1953	205.7	411.6	0.06	0.0	1
144.8	0	0.0	0.0	0.0	0.0	0.0	1.0	1	1953	205.7	411.6	0.06	0.0	1
144.9	0	0.0	0.0	0.0	0.0	0.0	1.0	1	1953	205.7	411.6	0.06	0.0	1
145.0	0	0.0	0.0	0.0	0.0	0.0	1.0	1	1953	205.7	411.6	0.06	0.0	1
145.1	0	0.0	0.0	0.0	0.0	0.0	1.0	1	1953	205.7	411.6	0.06	0.0	1
145.2	0	0.0	0.0	0.0	0.0	0.0	1.0	1	1953	205.7	411.6	0.06	0.0	1
145.3	0	0.0	0.0	0.0	0.0	0.0	1.0	1	1953	205.7	411.6	0.06	0.0	1
145.4	0	0.0	0.0	0.0	0.0	0.0	1.0	1	1953	205.7	411.6	0.06	0.0	1
145.5	0	0.0	0.0	0.0	0.0	0.0	1.0	1	1953	205.7	411.6	0.06	0.0	1
145.6	0	0.0	0.0	0.0	0.0	0.0	1.0	1	1953	205.7	411.6	0.06	0.0	1
145.7	0	0.0	0.0	0.0	0.0	0.0	1.0	1	1953	205.7	411.6	0.06	0.0	1
145.8	0	0.0	0.0	0.0	0.0	0.0	1.0	1	1953	205.7	411.6	0.06	0.0	1
145.9	0	0.0	0.0	0.0	0.0	0.0	1.0	1	1953	205.7	411.6	0.06	0.0	1
146.0	0	0.0	0.0	0.0	0.0	0.0	1.0	1	1953	205.7	411.6	0.06	0.0	1
146.11	0	0.0	0.0	0.0	0.0	0.0	1.0	1	1953	205.7	411.6	0.06	0.0	1
146.21	0	0.0	0.0	0.0	0.0	0.0	1.0	1	1953	205.7	411.6	0.06	0.0	1
146.31	0	0.0	0.0	0.0	0.0	0.0	1.0	1	1953	205.7	411.6	0.06	0.0	1
146.41	0	0.0	0.0	0.0	0.0	0.0	1.0	1	1953	205.7	411.6	0.06	0.0	1
146.51	0	0.0	0.0	0.0	0.0	0.0	1.0	1	1953	205.7	411.6	0.06	0.0	1
146.61	0	0.0	0.0	0.0	0.0	0.0	1.0	1	1953	205.7	411.6	0.06	0.0	1
146.71	0	0.0	0.0	0.0	0.0	0.0	1.0	1	1953	205.7	411.6	0.06	0.0	1
146.84	0	0.0	0.0	0.0	0.0	0.0	1.0	1	1953	205.7	411.6	0.06	0.0	1
146.94	0	0.0	0.0	0.0	0.0	0.0	1.0	1	1953	205.7	411.6	0.06	0.0	1
147.04	0	0.0	0.0	0.0	0.0	0.0	1.0	1	1953	205.7	411.6	0.06	0.0	1
147.14	0	0.0	0.0	0.0	0.0	0.0	1.0	1	1953	205.7	411.6	0.06	0.0	1
147.24	0	0.0	0.0	0.0	0.0	0.0	1.0	1	1953	205.7	411.6	0.06	0.0	1
147.34	0	0.0	0.0	0.0	0.0	0.0	1.0	1	1953	205.7	411.6	0.06	0.0	1
147.44	0	0.0	0.0	0.0	0.0	0.0	1.0	1	1953	205.7	411.6	0.06	0.0	1
147.54	0	0.0	0.0	0.0	0.0	0.0	1.0	1	1953	205.7	411.6	0.06	0.0	1
147.64	0	0.0	0.0	0.0	0.0	0.0	1.0	1	1953	205.7	411.6	0.06	0.0	1
147.74	0	0.0	0.0	0.0	0.0	0.0	1.0	1	1953	205.7	411.6	0.06	0.0	1
147.84	0	0.0	0.0	0.0	0.0	0.0	1.0	1	1953	205.7	411.6	0.06	0.0	1
147.94	0	0.0	0.0	0.0	0.0	0.0	1.0	1	1953	205.7	411.6	0.06	0.0	1
148.04	0	0.0	0.0	0.0	0.0	0.0	1.0	1	1953	205.7	411.6	0.06	0.0	1
148.14	0	0.0	0.0	0.0	0.0	0.0	1.0	1	1953	205.7	411.6	0.06	0.0	1
148.24	0	0.0	0.0	0.0	0.0	0.0	1.0	1	1953	205.7	411.6	0.06	0.0	1
148.34	0	0.0	0.0	0.0	0.0	0.0	1.0	1	1953	205.7	411.6	0.06	0.0	1
148.44	0	0.0	0.0	0.0	0.0	0.0	1.0	1	1953	205.7	411.6	0.06	0.0	1
148.54	0	0.0	0.0	0.0	0.0	0.0	1.0	1	1953	205.7	411.6	0.06	0.0	1
148.64	0	0.0	0.0	0.0	0.0	0.0	1.0	1	1953	205.7	411.6	0.06	0.0	1
148.74	0	0.0	0.0	0.0	0.0	0.0	1.0	1	1953	205.7	411.6	0.06	0.0	1
148.84	0	0.0	0.0	0.0	0.0	0.0	1.0	1	1953	205.7	411.6	0.06	0.0	1
148.94	0	0.0	0.0	0.0	0.0	0.0	1.0	1	1953	205.7	411.6	0.06	0.0	1
149.04	0	0.0	0.0	0.0	0.0	0.0	1.0	1	1953	205.7	411.6	0.06	0.0	1
149.14	0	0.0	0.0	0.0	0.0	0.0	1.0	1	1953	205.7	411.6	0.06	0.0	1
149.24	0	0.0	0.0	0.0	0.0	0.0	1.0	1	1953	205.7	411.6	0.06	0.0	1
149.34	0	0.0	0.0	0.0	0.0	0.0	1.0	1	1953	205.7	411.6	0.06	0.0	1
149.44	0	0.0	0.0	0.0	0.0	0.0	1.0	1	1953	205.7	411.6	0.06	0.0	1
149.54	0	0.0	0.0	0.0	0.0	0.0	1.0	1	1953	205.7	411.6	0.06	0.0	1
149.64	0	0.0	0.0	0.0	0.0	0.0	1.0	1	1953	205.7	411.6	0.06	0.0	1
149.74	0	0.0	0.0	0.0	0.0	0.0	1.0	1	1953	205.7	411.6	0.06	0.0	1
149.84	0	0.0	0.0	0.0	0.0	0.0	1.0	1	1953	205.7	411.6	0.06	0.0	1
149.94	0	0.0	0.0	0.0	0.0	0.0	1.0	1	1953	205.7	411.6	0.06	0.0	1
150.04	0	0.0	0.0	0.0	0.0	0.0	1.0	1	1953	205.7	411.6	0.06	0.0	1
150.14	0	0.0	0.0	0.0	0.0	0.0	1.0	1	1953	205.7	411.6	0.06	0.0	1
150.24	0	0.0	0.0	0.0	0.0	0.0	1.0	1	1953	205.7	411.6	0.06	0.0	1
150.34	0	0.0	0.0	0.0	0.0	0.0	1.0	1	1953	205.7	411.6	0.06	0.0	1
150.44	0	0.0	0.0	0.0	0.0	0.0	1.0	1	1953	205.7	411.6	0.06	0.0	1
150.54	0	0.0	0.0	0.0	0.0	0.0	1.0	1	1953	205.7	411.6	0.06	0.0	1
150.64	0	0.0	0.0	0.0	0.0	0.0	1.0	1	1953	205.7	411.6	0.06	0.0	1
150.74	0	0.0	0.0	0.0	0.0	0.0	1.0	1	1953	205.7	411.6	0.06	0.0	1
150.84	0	0.0	0.0	0.0	0.0	0.0	1.0	1	1953	205.7	411.6	0.06	0.0	1
150.94	0	0.0	0.0	0.0	0.0	0.0	1.0	1	1953	205.7	411.6	0.06	0.0	1
151.04	0	0.0	0.0	0.0	0.0	0.0	1.0	1	1953	205.7	411.6	0.06	0.0	1
151.14	0	0.0	0.0	0.0	0.0	0.0	1.0	1	1953	205.7	411.6	0.06	0.0	1
151.24	0	0.0	0.0	0.0	0.0	0.0	1.0	1	1953	205.7	411.6	0.06	0.0	1
151.34	0	0.0	0.0	0.0	0.0	0.0	1.0	1	1953	205.7	411.6	0.06	0.0	1
151.44	0	0.0	0.0	0.0	0.0	0.0	1.0	1	1953	205.7	411.6	0.06	0.0	1
151.54	0	0.0	0.0	0.0	0.0	0.0	1.0	1	1953	205.7	411.6	0.06	0.0	1
151.64	0	0.0	0.0	0.0	0.0	0.0	1.0	1	1953	205.7	411.6	0.06	0.0	1
151.74	0	0.0	0.0	0.0	0.0	0.0	1.0	1	1953	205.7	411.6	0.06	0.0	1
151.84	0	0.0	0.0	0.0	0.0	0.0	1.0	1	1953	205.7	411.6	0.06	0.0	1
151.94	0	0.0	0.0	0.0	0.0	0.0	1.0	1	1953	205.7	411.6	0.06	0.0	1
152.04	0	0.0	0.0	0.0	0.0	0.0	1.0	1	1953	205.7	411.6	0.06	0.0	1
152.14	0	0.0	0.0	0.0	0.0	0.0	1.0	1	1953	205.7	411.6	0.06	0.0	1
152.24	0	0.0	0.0	0.0	0.0	0.0	1.0	1	1953	205.7	411.6	0.06	0.0	1
152.34	0	0.0	0.0	0.0	0.0	0.0	1.0	1	1953	205.7	411.6	0.06	0.0	1
152.44	0	0.0	0.0	0.0	0.0	0.0	1.0	1	1953	205.7	411.6	0.06	0.0	1
152.54	0	0.0	0.0	0.0	0.0	0.0	1.0	1	1953	205.7	411.6	0.06	0.0	1
152.64	0	0.0	0.0	0.0	0.0	0.0	1.0	1	1953	205.7	411.6	0.06	0.0	1
152.74	0	0.0	0.0	0.0	0.0	0.0	1.0	1	1953	205.7	411.6	0.06	0.0	1
152.84	0	0.0	0.0	0.0	0.0	0.0	1.0	1	1953	205.7	411.6	0.06	0.0	1
152.94	0	0.0	0.0	0.0	0.0	0.0	1.0	1	1953	205.7	411.6	0.06	0.0	1
153.04	0	0.0	0.0	0.0	0.0	0.0	1.0	1	1953	205.7	411.6	0.06	0.0	1
153.14	0	0.0	0.0	0.0	0.0	0.0	1.0	1	1953	205.7	411.6	0.06	0.0	1
153.24	0	0.0	0.0	0.0	0.0	0.0	1.0	1	1953	205.7	411.6	0.06	0.0	1
153.34	0	0.0	0.0	0.0	0.0	0.0	1.0	1	1953	205.7	411.6	0.06	0.0	1
153.44	0	0.0	0.0	0.0	0.0	0.0	1.0	1	1953	205.7	411.6	0.06	0.0	1
153.54	0	0.0	0.0	0.0	0.0	0.0	1.0	1	1953	205.7	411.6	0.06	0.0	1
153.64	0	0.0	0.0	0.0	0.0	0.0	1.0	1	1953	205.7	411.6	0.06	0.0	1
153.74	0	0.0	0.0	0.0	0.0	0.0	1.0	1	1953	205.7	411.6	0.06	0.0	1
153.84	0	0.0	0.0	0.0	0.0	0.0	1.0	1	1953	205.7	411.6	0.06	0.0	1
153.94	0	0.0	0.0	0.0	0.0	0.0	1.0	1	1953	205.7	411.6	0.06	0.0	1
154.04	0	0.0	0.0	0.0	0.0	0.0	1.0	1	1953	205.7	411.6	0.06	0.0	1
154.14	0	0.0	0.0	0.0	0.0	0.0	1.0	1	1953	205.7	411.6	0.06	0.0	1
154.24	0	0.0	0.0	0.0	0.0	0.0	1.0	1	1953	205.7	411.6	0.06	0.0	1
154.34	0	0.0	0.0	0.0	0.0	0.0	1.0	1	1953	205.7	411.6	0.06	0.0	1
154.44	0	0.0	0.0	0.0	0.0	0.0	1.0	1	1953	205.7	411.6	0.06	0.0	1
154.54	0	0.0	0.0	0.0	0.0	0.0	1.0	1	1953	205.7	411.6	0.06	0.0	1
154.64	0	0.0	0.0	0.0	0.0	0.0	1.0	1	1953	205.7	411.6	0.06	0.0	1
154.74	0	0.0	0.0	0.0	0.0	0.0	1.0	1	1953	205.7	411.6	0.06	0.0	1
154.84	0	0.0	0.0	0.0	0.0	0.0	1.0	1	1953	205.7	411.6	0.06	0.0	1
154.94	0	0.0	0.0	0.0	0.0	0.0	1.0	1	1953	205.7	411.6	0.06	0.0	1
155.04	0	0.0	0.0	0.0	0.0	0.0	1.0	1	1953	205.7	411.6	0.06	0.0	1
155.14	0	0.0	0.0	0.0	0.0	0.0	1.0	1	1953	205.7	411.6	0.06	0.0	1
155.24	0	0.0	0.0	0.0	0.0	0.0	1.0	1	1953	205.7	411.6	0.06	0.0	1
155.34	0	0.0	0.0	0.0	0.0	0.0	1.0	1	1953	205.7	411.6	0.06	0.0	1
155.44	0	0.0	0.0	0.0	0.0	0.0	1.0	1	1953	205.7	411.6	0.06	0.0	1
155.54	0	0.0	0.0	0.0	0.0	0.0	1.0	1	1953	205.7	411.6	0.06	0.0	1
155.64	0	0.0	0.0	0.0	0.0	0.0	1.0	1	1953	205.7	411.6	0.06	0.0	1
155.74	0	0.0	0.0	0.0	0.0	0.0	1.0	1	1953	205.7	411.6	0.06	0.0	1
155.84	0	0.0	0.0	0.0	0.0	0.0	1.0	1	1953	205.7	411.6	0.06	0.0	1
155.94	0	0.0	0.0	0.0	0.0	0.0	1.0	1	1953	205.7	411.6	0.06	0.0	1
156.05	0	0.0	0.0	0.0	0.0	0.0	1.0	1	1953	205.7	411.6	0.06	0.0	1
156.15	0	0.0	0.0	0.0	0.0	0.0	1.0	1	1953	205.7	411.6	0.06	0.0	1
156.25	0	0.0	0.0	0.0	0.0	0.0	1.0	1	1953	205.7	411.6	0.06	0.0	1
156.35	0	0.0	0.0	0.0	0.0	0.0	1.0	1	1953	205.7	411.6	0.06	0.0	1
156.45	0	0.0	0.0	0.0	0.0	0.0	1.0	1	1953	205.7	411.6	0.06	0.0	1
156.55	0	0.0	0.0	0.0	0.0	0.0	1.0	1	1953	205.7	411.6	0.06	0.0	1
156.65	0	0.0	0.0	0.0	0.0	0.0	1.0	1	1953	205.7	411.6	0.06	0.0	1
156.75	0	0.0	0.0	0.0	0.0	0.0	1.0	1	1953	205.7	411.6	0.06	0.0	1
156.88	0	0.0	0.0	0.0	0.0	0.0	1.0	1	1953	205.7	411.6	0.06	0.0	1
156.98	0	0.0	0.0	0.0	0.0	0.0	1.0	1	1953	205.7	411.6	0.06	0.0	1
157.08	0	0.0	0.0	0.0	0.0	0.0	1.0	1	1953	205.7	411.6	0.06	0.0	1
157.18	0	0.0	0.0	0.0	0.0	0.0	1.0	1	1953	205.7	411.6	0.06	0.0	1
157.28	0	0.0	0.0	0.0	0.0	0.0	1.0	1	1953	205.7	411.6	0.06	0.0	1
157.38	0	0.0	0.0	0.0	0.0	0.0	1.0	1	1953	205.7	411.6	0.06	0.0	1
157.48	0	0.0	0.0	0.0	0.0	0.0	1.0	1	1953	205.7	411.6	0.06	0.0	1
157.58	0	0.0	0.0	0.0	0.0	0.0	1.0	1	1953	205.7	411.6	0.06	0.0	1
157.68	0	0.0	0.0	0.0	0.0	0.0	1.0	1	1953	205.7	411.6	0.06	0.0	1
157.78	0	0.0	0.0	0.0	0.0	0.0	1.0	1	1953	205.7	411.6	0.06	0.0	1
157.88	0	0.0	0.0	0.0	0.0	0.0	1.0	1	1953	205.7	411.6	0.06	0.0	1
157.98	0	0.0	0.0	0.0	0.0	0.0	1.0	1	1953	205.7	411.6	0.06	0.0	1
158.08	0	0.0	0.0	0.0	0.0	0.0	1.0	1	1953	205.7	411.6	0.06	0.0	1
158.18	0	0.0	0.0	0.0	0.0	0.0	1.0	1	1953	205.7	411.6	0.06	0.0	1
158.28	0	0.0	0.0	0.0	0.0	0.0	1.0	1	1953	205.7	411.6	0.06	0.0	1
158.38	0	0.0	0.0	0.0	0.0	0.0	1.0	1	1953	205.7	411.6	0.06	0.0	1
158.48	0	0.0	0.0	0.0	0.0	0.0	1.0	1	1953	205.7	411.6	0.06	0.0	1
158.58	0	0.0	0.0	0.0	0.0	0.0	1.0	1	1953	205.7	411.6	0.06	0.0	1
158.68	0	0.0	0.0	0.0	0.0	0.0	1.0	1	1953	205.7	411.6	0.06	0.0	1
158.78	0	0.0	0.0	0.0	0.0	0.0	1.0	1	1953	205.7	411.6	0.06	0.0	1
158.88	0	0.0	0.0	0.0	0.0	0.0	1.0	1	1953	205.7	411.6	0.06	0.0	1
158.98	0	0.0	0.0	0.0	0.0	0.0	1.0	1	1953	205.7	411.6	0.06	0.0	1
159.08	0	0.0	0.0	0.0	0.0	0.0	1.0	1	1953	205.7	411.6	0.06	0.0	1
159.18	0	0.0	0.0	0.0	0.0	0.0	1.0	1	1953	205.7	411.6	0.06	0.0	1
159.28	0	0.0	0.0	0.0	0.0	0.0	1.0	1	1953	205.7	411.6	0.06	0.0	1
159.38	0	0.0	0.0	0.0	0.0	0.0	1.0	1	1953	205.7	411.6	0.06	0.0	1
159.48	0	0.0	0.0	0.0	0.0	0.0	1.0	1	1953	205.7	411.6	0.06	0.0	1
159.58	0	0.0	0.0	0.0	0.0	0.0	1.0	1	1953	205.7	411.6	0.06	0.0	1
159.68	0	0.0	0.0	0.0	0.0	0.0	1.0	1	1953	205.7	411.6	0.06	0.0	1
159.78	0	0.0	0.0	0.0	0.0	0.0	1.0	1	1953	205.7	411.6	0.06	0.0	1
159.88	0	0.0	0.0	0.0	0.0	0.0	1.0	1	1953	205.7	411.6	0.06	0.0	1
159.98	0	0.0	0.0	0.0	0.0	0.0	1.0	1	1953	205.7	411.6	0.06	0.0	1
160.08	0	0.0	0.0	0.0	0.0	0.0	1.0	1	1953	205.7	411.6	0.06	0.0	1
160.18	0	0.0	0.0	0.0	0.0	0.0	1.0	1	1953	205.7	411.6	0.06	0.0	1
160.28	0	0.0	0.0	0.0	0.0	0.0	1.0	1	1953	205.7	411.6	0.06	0.0	1
160.38	0	0.0	0.0	0.0	0.0	0.0	1.0	1	1953	205.7	411.6	0.06	0.0	1
160.48	0	0.0	0.0	0.0	0.0	0.0	1.0	1	1953	205.7	411.6	0.06	0.0	1
160.58	0	0.0	0.0	0.0	0.0	0.0	1.0	1	1953	205.7	411.6	0.06	0.0	1
160.68	0	0.0	0.0	0.0	0.0	0.0	1.0	1	1953	205.7	411.6	0.06	0.0	1
160.78	0	0.0	0.0	0.0	0.0	0.0	1.0	1	1953	205.7	411.6	0.06	0.0	1
160.88	0	0.0	0.0	0.0	0.0	0.0	1.0	1	1953	205.7	411.6	0.06	0.0	1
160.98	0	0.0	0.0	0.0	0.0	0.0	1.0	1	1953	205.7	411.6	0.06	0.0	1
161.08	0	0.0	0.0	0.0	0.0	0.0	1.0	1	1953	205.7	411.6	0.06	0.0	1
161.18	0	0.0	0.0	0.0	0.0	0.0	1.0	1	1953	205.7	411.6	0.06	0.0	1
161.28	0	0.0	0.0	0.0	0.0	0.0	1.0	1	1953	205.7	411.6	0.06	0.0	1
161.38	0	0.0	0.0	0.0	0.0	0.0	1.0	1	1953	205.7	411.6	0.06	0.0	1
161.48	0	0.0	0.0	0.0	0.0	0.0	1.0	1	1953	205.7	411.6	0.06	0.0	1
161.58	0	0.0	0.0	0.0	0.0	0.0	1.0	1	1953	205.7	411.6	0.06	0.0	1
161.68	0	0.0	0.0	0.0	0.0	0.0	1.0	1	1953	205.7	411.6	0.06	0.0	1
161.78	0	0.0	0.0	0.0	0.0	0.0	1.0	1	1953	205.7	411.6	0.06	0.0	1
161.88	0	0.0	0.0	0.0	0.0	0.0	1.0	1	1953	205.7	411.6	0.06	0.0	1
161.98	0	0.0	0.0	0.0	0.0	0.0	1.0	1	1953	205.7	411.6	0.06	0.0	1
162.08	0	0.0	0.0	0.0	0.0	0.0	1.0	1	1953	205.7	411.6	0.06	0.0	1
162.18	0	0.0	0.0	0.0	0.0	0.0	1.0	1	1953	205.7	411.6	0.06	0.0	1
162.28	0	0.0	0.0	0.0	0.0	0.0	1.0	1	1953	205.7	411.6	0.06	0.0	1
162.38	0	0.0	0.0	0.0	0.0	0.0	1.0	1	1953	205.7	411.6	0.06	0.0	1
162.48	0	0.0	0.0	0.0	0.0	0.0	1.0	1	1953	205.7	411.6	0.06	0.0	1
162.58	0	0.0	0.0	0.0	0.0	0.0	1.0	1	1953	205.7	411.6	0.06	0.0	1
162.68	0	0.0	0.0	0.0	0.0	0.0	1.0	1	1953	205.7	411.6	0.06	0.0	1
162.78	0	0.0	0.0	0.0	0.0	0.0	1.0	1	1953	205.7	411.6	0.06	0.0	1
162.88	0	0.0	0.0	0.0	0.0	0.0	1.0	1	1953	205.7	411.6	0.06	0.0	1
162.98	0	0.0	0.0	0.0	0.0	0.0	1.0	1	1953	205.7	411.6	0.06	0.0	1
163.08	0	0.0	0.0	0.0	0.0	0.0	1.0	1	1953	205.7	411.6	0.06	0.0	1
163.18	0	0.0	0.0	0.0	0.0	0.0	1.0	1	1953	205.7	411.6	0.06	0.0	1
163.28	0	0.0	0.0	0.0	0.0	0.0	1.0	1	1953	205.7	411.6	0.06	0.0	1
163.38	0	0.0	0.0	0.0	0.0	0.0	1.0	1	1953	205.7	411.6	0.06	0.0	1
163.48	0	0.0	0.0	0.0	0.0	0.0	1.0	1	1953	205.7	411.6	0.06	0.0	1
163.58	0	0.0	0.0	0.0	0.0	0.0	1.0	1	1953	205.7	411.6	0.06	0.0	1
163.68	0	0.0	0.0	0.0	0.0	0.0	1.0	1	1953	205.7	411.6	0.06	0.0	1
163.78	0	0.0	0.0	0.0	0.0	0.0	1.0	1	1953	205.7	411.6	0.06	0.0	1
163.88	0	0.0	0.0	0.0	0.0	0.0	1.0	1	1953	205.7	411.6	0.06	0.0	1
163.98	0	0.0	0.0	0.0	0.0	0.0	1.0	1	1953	205.7	411.6	0.06	0.0	1
164.08	0	0.0	0.0	0.0	0.0	0.0	1.0	1	1953	205.7	411.6	0.06	0.0	1
164.18	0	0.0	0.0	0.0	0.0	0.0	1.0	1	1953	205.7	411.6	0.06	0.0	1
164.28	0	0.0	0.0	0.0	0.0	0.0	1.0	1	1953	205.7	411.6	0.06	0.0	1
164.38	0	0.0	0.0	0.0	0.0	0.0	1.0	1	1953	205.7	411.6	0.06	0.0	1
164.48	0	0.0	0.0	0.0	0.0	0.0	1.0	1	1953	205.7	411.6	0.06	0.0	1
164.58	0	0.0	0.0	0.0	0.0	0.0	1.0	1	1953	205.7	411.6	0.06	0.0	1
164.68	0	0.0	0.0	0.0	0.0	0.0	1.0	1	1953	205.7	411.6	0.06	0.0	1
164.78	0	0.0	0.0	0.0	0.0	0.0	1.0	1	1953	205.7	411.6	0.06	0.0	1
164.88	0	0.0	0.0	0.0	0.0	0.0	1.0	1	1953	205.7	411.6	0.06	0.0	1
164.98	0	0.0	0.0	0.0	0.0	0.0	1.0	1	1953	205.7	411.6	0.06	0.0	1
165.08	0	0.0	0.0	0.0	0.0	0.0	1.0	1	1953	205.7	411.6	0.06	0.0	1
165.18	0	0.0	0.0	0.0	0.0	0.0	1.0	1	1953	205.7	411.6	0.06	0.0	1
165.28	0	0.0	0.0	0.0	0.0	0.0	1.0	1	1953	205.7	411.6	0.06	0.0	1
165.38	0	0.0	0.0	0.0	0.0	0.0	1.0	1	1953	205.7	411.6	0.06	0.0	1
165.48	0	0.0	0.0	0.0	0.0	0.0	1.0	1	1953	205.7	411.6	0.06	0.0	1
165.58	0	0.0	0.0	0.0	0.0	0.0	1.0	1	1953	205.7	411.6	0.06	0.0	1
165.68	0	0.0	0.0	0.0	0.0	0.0	1.0	1	1953	205.7	411.6	0.06	0.0	1
165.78	0	0.0	0.0	0.0	0.0	0.0	1.0	1	1953	205.7	411.6	0.06	0.0	1
165.88	0	0.0	0.0	0.0	0.0	0.0	1.0	1	1953	205.7	411.6	0.06	0.0	1
166.0	0	0.0	0.0	0.0	0.0	0.0	1.0	1	1953	205.7	411.6	0.06	0.0	1
166.09	0	0.0	0.0	0.0	0.0	0.0	1.0	1	1953	205.7	411.6	0.06	0.0	1
166.19	0	0.0	0.0	0.0	0.0	0.0	1.0	1	1953	205.7	411.6	0.06	0.0	1
166.29	0	0.0	0.0	0.0	0.0	0.0	1.0	1	1953	205.7	411.6	0.06	0.0	1
166.39	0	0.0	0.0	0.0	0.0	0.0	1.0	1	1953	205.7	411.6	0.06	0.0	1
166.49	0	0.0	0.0	0.0	0.0	0.0	1.0	1	1953	205.7	411.6	0.06	0.0	1
166.59	0	0.0	0.0	0.0	0.0	0.0	1.0	1	1953	205.7	411.6	0.07	0.0	1
166.69	0	0.0	0.0	0.0	0.0	0.0	1.0	1	1953	205.7	411.6	0.07	0.0	1
166.82	0	0.0	0.0	0.0	0.0	0.0	1.0	1	1953	205.7	411.6	0.07	0.0	1
166.92	0	0.0	0.0	0.0	0.0	0.0	1.0	1	1953	205.7	411.6	0.07	0.0	1
167.02	0	0.0	0.0	0.0	0.0	0.0	1.0	1	1953	205.7	411.6	0.07	0.0	1
167.12	0	0.0	0.0	0.0	0.0	0.0	1.0	1	1953	205.7	411.6	0.07	0.0	1
167.22	0	0.0	0.0	0.0	0.0	0.0	1.0	1	1953	205.7	411.6	0.07	0.0	1
167.32	0	0.0	0.0	0.0	0.0	0.0	1.0	1	1953	205.7	411.6	0.07	0.0	1
167.42	0	0.0	0.0	0.0	0.0	0.0	1.0	1	1953	205.7	411.6	0.07	0.0	1
167.52	0	0.0	0.0	0.0	0.0	0.0	1.0	1	1953	205.7	411.6	0.07	0.0	1
167.62	0	0.0	0.0	0.0	0.0	0.0	1.0	1	1953	205.7	411.6	0.07	0.0	1
167.72	0	0.0	0.0	0.0	0.0	0.0	1.0	1	1953	205.7	411.6	0.07	0.0	1
167.82	0	0.0	0.0	0.0	0.0	0.0	1.0	1	1953	205.7	411.6	0.07	0.0	1
167.92	0	0.0	0.0	0.0	0.0	0.0	1.0	1	1953	205.7	411.6	0.07	0.0	1
168.02	0	0.0	0.0	0.0	0.0	0.0	1.0	1	1953	205.7	411.6	0.07	0.0	1
168.12	0	0.0	0.0	0.0	0.0	0.0	1.0	1	1953	205.7	411.6	0.07	0.0	1
168.22	0	0.0	0.0	0.0	0.0	0.0	1.0	1	1953	205.7	411.6	0.07	0.0	1
168.32	0	0.0	0.0	0.0	0.0	0.0	1.0	1	1953	205.7	411.6	0.07	0.0	1
168.42	0	0.0	0.0	0.0	0.0	0.0	1.0	1	1953	205.7	411.6	0.07	0.0	1
168.52	0	0.0	0.0	0.0	0.0	0.0	1.0	1	1953	205.7	411.6	0.07	0.0	1
168.62	0	0.0	0.0	0.0	0.0	0.0	1.0	1	1953	205.7	411.6	0.07	0.0	1
168.72	0	0.0	0.0	0.0	0.0	0.0	1.0	1	1953	205.7	411.6	0.07	0.0	1
168.82	0	0.0	0.0	0.0	0.0	0.0	1.0	1	1953	205.7	411.6	0.07	0.0	1
168.92	0	0.0	0.0	0.0	0.0	0.0	1.0	1	1953	205.7	411.6	0.07	0.0	1
169.02	0	0.0	0.0	0.0	0.0	0.0	1.0	1	1953	205.7	411.6	0.07	0.0	1
169.12	0	0.0	0.0	0.0	0.0	0.0	1.0	1	1953	205.7	411.6	0.07	0.0	1
169.22	0	0.0	0.0	0.0	0.0	0.0	1.0	1	1953	205.7	411.6	0.07	0.0	1
169.32	0	0.0	0.0	0.0	0.0	0.0	1.0	1	1953	205.7	411.6	0.07	0.0	1
169.42	0	0.0	0.0	0.0	0.0	0.0	1.0	1	1953	205.7	411.6	0.07	0.0	1
169.52	0	0.0	0.0	0.0	0.0	0.0	1.0	1	1953	205.7	411.6	0.07	0.0	1
169.62	0	0.0	0.0	0.0	0.0	0.0	1.0	1	1953	205.7	411.6	0.07	0.0	1
169.72	0	0.0	0.0	0.0	0.0	0.0	1.0	1	1953	205.7	411.6	0.07	0.0	1
169.82	0	0.0	0.0	0.0	0.0	0.0	1.0	1	1953	205.7	411.6	0.07	0.0	1
169.92	0	0.0	0.0	0.0	0.0	0.0	1.0	1	1953	205.7	411.6	0.07	0.0	1
170.02	0	0.0	0.0	0.0	0.0	0.0	1.0	1	1953	205.7	411.6	0.07	0.0	1
170.12	0	0.0	0.0	0.0	0.0	0.0	1.0	1	1953	205.7	411.6	0.07	0.0	1
170.22	0	0.0	0.0	0.0	0.0	0.0	1.0	1	1953	205.7	411.6	0.07	0.0	1
170.32	0	0.0	0.0	0.0	0.0	0.0	1.0	1	1953	205.7	411.6	0.07	0.0	1
170.42	0	0.0	0.0	0.0	0.0	0.0	1.0	1	1953	205.7	411.6	0.07	0.0	1
170.52	0	0.0	0.0	0.0	0.0	0.0	1.0	1	1953	205.7	411.6	0.07	0.0	1
170.62	0	0.0	0.0	0.0	0.0	0.0	1.0	1	1953	205.7	411.6	0.07	0.0	1
170.72	0	0.0	0.0	0.0	0.0	0.0	1.0	1	1953	205.7	411.6	0.07	0.0	1
170.82	0	0.0	0.0	0.0	0.0	0.0	1.0	1	1953	205.7	411.6	0.07	0.0	1
170.92	0	0.0	0.0	0.0	0.0	0.0	1.0	1	1953	205.7	411.6	0.07	0.0	1
171.02	0	0.0	0.0	0.0	0.0	0.0	1.0	1	1953	205.7	411.6	0.07	0.0	1
171.12	0	0.0	0.0	0.0	0.0	0.0	1.0	1	1953	205.7	411.6	0.07	0.0	1
171.22	0	0.0	0.0	0.0	0.0	0.0	1.0	1	1953	205.7	411.6	0.07	0.0	1
171.32	0	0.0	0.0	0.0	0.0	0.0	1.0	1	1953	205.7	411.6	0.07	0.0	1
171.42	0	0.0	0.0	0.0	0.0	0.0	1.0	1	1953	205.7	411.6	0.07	0.0	1
171.52	0	0.0	0.0	0.0	0.0	0.0	1.0	1	1953	205.7	411.6	0.07	0.0	1
171.62	0	0.0	0.0	0.0	0.0	0.0	1.0	1	1953	205.7	411.6	0.07	0.0	1
171.72	0	0.0	0.0	0.0	0.0	0.0	1.0	1	1953	205.7	411.6	0.07	0.0	1
171.82	0	0.0	0.0	0.0	0.0	0.0	1.0	1	1953	205.7	411.6	0.07	0.0	1
171.92	0	0.0	0.0	0.0	0.0	0.0	1.0	1	1953	205.7	411.6	0.07	0.0	1
172.02	0	0.0	0.0	0.0	0.0	0.0	1.0	1	1953	205.7	411.6	0.07	0.0	1
172.12	0	0.0	0.0	0.0	0.0	0.0	1.0	1	1953	205.7	411.6	0.07	0.0	1
172.22	0	0.0	0.0	0.0	0.0	0.0	1.0	1	1953	205.7	411.6	0.07	0.0	1
172.32	0	0.0	0.0	0.0	0.0	0.0	1.0	1	1953	205.7	411.6	0.07	0.0	1
172.42	0	0.0	0.0	0.0	0.0	0.0	1.0	1	1953	205.7	411.6	0.07	0.0	1
172.52	0	0.0	0.0	0.0	0.0	0.0	1.0	1	1953	205.7	411.6	0.07	0.0	1
172.62	0	0.0	0.0	0.0	0.0	0.0	1.0	1	1953	205.7	411.6	0.07	0.0	1
172.72	0	0.0	0.0	0.0	0.0	0.0	1.0	1	1953	205.7	411.6	0.07	0.0	1
172.82	0	0.0	0.0	0.0	0.0	0.0	1.0	1	1953	205.7	411.6	0.07	0.0	1
172.92	0	0.0	0.0	0.0	0.0	0.0	1.0	1	1953	205.7	411.6	0.07	0.0	1
173.02	0	0.0	0.0	0.0	0.0	0.0	1.0	1	1953	205.7	411.6	0.07	0.0	1
173.12	0	0.0	0.0	0.0	0.0	0.0	1.0	1	1953	205.7	411.6	0.07	0.0	1
173.22	0	0.0	0.0	0.0	0.0	0.0	1.0	1	1953	205.7	411.6	0.07	0.0	1
173.32	0	0.0	0.0	0.0	0.0	0.0	1.0	1	1953	205.7	411.6	0.07	0.0	1
173.42	0	0.0	0.0	0.0	0.0	0.0	1.0	1	1953	205.7	411.6	0.07	0.0	1
173.52	0	0.0	0.0	0.0	0.0	0.0	1.0	1	1953	205.7	411.6	0.07	0.0	1
173.62	0	0.0	0.0	0.0	0.0	0.0	1.0	1	1953	205.7	411.6	0.07	0.0	1
173.72	0	0.0	0.0	0.0	0.0	0.0	1.0	1	1953	205.7	411.6	0.07	0.0	1
173.82	0	0.0	0.0	0.0	0.0	0.0	1.0	1	1953	205.7	411.6	0.07	0.0	1
173.92	0	0.0	0.0	0.0	0.0	0.0	1.0	1	1953	205.7	411.6	0.07	0.0	1
174.02	0	0.0	0.0	0.0	0.0	0.0	1.0	1	1953	205.7	411.6	0.07	0.0	1
174.12	0	0.0	0.0	0.0	0.0	0.0	1.0	1	1953	205.7	411.6	0.07	0.0	1
174.22	0	0.0	0.0	0.0	0.0	0.0	1.0	1	1953	205.7	411.6	0.07	0.0	1
174.32	0	0.0	0.0	0.0	0.0	0.0	1.0	1	1953	205.7	411.6	0.07	0.0	1
174.42	0	0.0	0.0	0.0	0.0	0.0	1.0	1	1953	205.7	411.6	0.07	0.0	1
174.52	0	0.0	0.0	0.0	0.0	0.0	1.0	1	1953	205.7	411.6	0.07	0.0	1
174.62	0	0.0	0.0	0.0	0.0	0.0	1.0	1	1953	205.7	411.6	0.07	0.0	1
174.72	0	0.0	0.0	0.0	0.0	0.0	1.0	1	1953	205.7	411.6	0.07	0.0	1
174.82	0	0.0	0.0	0.0	0.0	0.0	1.0	1	1953	205.7	411.6	0.07	0.0	1
174.92	0	0.0	0.0	0.0	0.0	0.0	1.0	1	1953	205.7	411.6	0.07	0.0	1
175.02	0	0.0	0.0	0.0	0.0	0.0	1.0	1	1953	205.7	411.6	0.07	0.0	1
175.12	0	0.0	0.0	0.0	0.0	0.0	1.0	1	1953	205.7	411.6	0.07	0.0	1
175.22	0	0.0	0.0	0.0	0.0	0.0	1.0	1	1953	205.7	411.6	0.07	0.0	1
175.32	0	0.0	0.0	0.0	0.0	0.0	1.0	1	1953	205.7	411.6	0.07	0.0	1
175.42	0	0.0	0.0	0.0	0.0	0.0	1.0	1	1953	205.7	411.6	0.07	0.0	1
175.52	0	0.0	0.0	0.0	0.0	0.0	1.0	1	1953	205.7	411.6	0.07	0.0	1
175.62	0	0.0	0.0	0.0	0.0	0.0	1.0	1	1953	205.7	411.6	0.07	0.0	1
175.72	0	0.0	0.0	0.0	0.0	0.0	1.0	1	1953	205.7	411.6	0.07	0.0	1
175.82	0	0.0	0.0	0.0	0.0	0.0	1.0	1	1953	205.7	411.6	0.07	0.0	1
175.96	0	0.0	0.0	0.0	0.0	0.0	1.0	1	1953	205.7	411.6	0.07	0.0	1
176.03	0	0.0	0.0	0.0	0.0	0.0	1.0	1	1953	205.7	411.6	0.07	0.0	1
176.13	0	0.0	0.0	0.0	0.0	0.0	1.0	1	1953	205.7	411.6	0.07	0.0	1
176.23	0	0.0	0.0	0.0	0.0	0.0	1.0	1	1953	205.7	411.6	0.07	0.0	1
176.33	0	0.0	0.0	0.0	0.0	0.0	1.0	1	1953	205.7	411.6	0.07	0.0	1
176.43	0	0.0	0.0	0.0	0.0	0.0	1.0	1	1953	205.7	411.6	0.07	0.0	1
176.53	0	0.0	0.0	0.0	0.0	0.0	1.0	1	1953	205.7	411.6	0.07	0.0	1
176.63	0	0.0	0.0	0.0	0.0	0.0	1.0	1	1953	205.7	411.6	0.07	0.0	1
176.73	0	0.0	0.0	0.0	0.0	0.0	1.0	1	1953	205.7	411.6	0.07	0.0	1
176.86	0	0.0	0.0	0.0	0.0	0.0	1.0	1	1953	205.7	411.6	0.07	0.0	1
176.96	0	0.0	0.0	0.0	0.0	0.0	1.0	1	1953	205.7	411.6	0.07	0.0	1
177.06	0	0.0	0.0	0.0	0.0	0.0	1.0	1	1953	205.7	411.6	0.07	0.0	1
177.16	0	0.0	0.0	0.0	0.0	0.0	1.0	1	1953	205.7	411.6	0.07	0.0	1
177.26	0	0.0	0.0	0.0	0.0	0.0	1.0	1	1953	205.7	411.6	0.07	0.0	1
177.36	0	0.0	0.0	0.0	0.0	0.0	1.0	1	1953	205.7	411.6	0.07	0.0	1
177.46	0	0.0	0.0	0.0	0.0	0.0	1.0	1	1953	205.7	411.6	0.07	0.0	1
177.56	0	0.0	0.0	0.0	0.0	0.0	1.0	1	1953	205.7	411.6	0.07	0.0	1
177.66	0	0.0	0.0	0.0	0.0	0.0	1.0	1	1953	205.7	411.6	0.07	0.0	1
177.76	0	0.0	0.0	0.0	0.0	0.0	1.0	1	1953	205.7	411.6	0.07	0.0	1
177.86	0	0.0	0.0	0.0	0.0	0.0	1.0	1	1953	205.7	411.6	0.07	0.0	1
177.96	0	0.0	0.0	0.0	0.0	0.0	1.0	1	1953	205.7	411.6	0.07	0.0	1
178.06	0	0.0	0.0	0.0	0.0	0.0	1.0	1	1953	205.7	411.6	0.07	0.0	1
178.16	0	0.0	0.0	0.0	0.0	0.0	1.0	1	1953	205.7	411.6	0.07	0.0	1
178.26	0	0.0	0.0	0.0	0.0	0.0	1.0	1	1953	205.7	411.6	0.07	0.0	1
178.36	0	0.0	0.0	0.0	0.0	0.0	1.0	1	1953	205.7	411.6	0.07	0.0	1
178.46	0	0.0	0.0	0.0	0.0	0.0	1.0	1	1953	205.7	411.6	0.07	0.0	1
178.56	0	0.0	0.0	0.0	0.0	0.0	1.0	1	1953	205.7	411.6	0.07	0.0	1
178.66	0	0.0	0.0	0.0	0.0	0.0	1.0	1	1953	205.7	411.6	0.07	0.0	1
178.76	0	0.0	0.0	0.0	0.0	0.0	1.0	1	1953	205.7	411.6	0.07	0.0	1
178.86	0	0.0	0.0	0.0	0.0	0.0	1.0	1	1953	205.7	411.6	0.07	0.0	1
178.96	0	0.0	0.0	0.0	0.0	0.0	1.0	1	1953	205.7	411.6	0.07	0.0	1
179.06	0	0.0	0.0	0.0	0.0	0.0	1.0	1	1953	205.7	411.6	0.07	0.0	1
179.16	0	0.0	0.0	0.0	0.0	0.0	1.0	1	1953	205.7	411.6	0.07	0.0	1
179.26	0	0.0	0.0	0.0	0.0	0.0	1.0	1	1953	205.7	411.6	0.07	0.0	1
179.36	0	0.0	0.0	0.0	0.0	0.0	1.0	1	1953	205.7	411.6	0.07	0.0	1
179.46	0	0.0	0.0	0.0	0.0	0.0	1.0	1	1953	205.7	411.6	0.07	0.0	1
179.56	0	0.0	0.0	0.0	0.0	0.0	1.0	1	1953	205.7	411.6	0.07	0.0	1
179.66	0	0.0	0.0	0.0	0.0	0.0	1.0	1	1953	205.7	411.6	0.07	0.0	1
179.76	0	0.0	0.0	0.0	0.0	0.0	1.0	1	1953	205.7	411.6	0.07	0.0	1
179.86	0	0.0	0.0	0.0	0.0	0.0	1.0	1	1953	205.7	411.6	0.07	0.0	1
179.96	0	0.0	0.0	0.0	0.0	0.0	1.0	1	1953	205.7	411.6	0.07	0.0	1
180.06	0	0.0	0.0	0.0	0.0	0.0	1.0	1	1953	205.7	411.6	0.07	0.0	1
180.16	0	0.0	0.0	0.0	0.0	0.0	1.0	1	1953	205.7	411.6	0.07	0.0	1
180.26	0	0.0	0.0	0.0	0.0	0.0	1.0	1	1953	205.7	411.6	0.07	0.0	1
180.36	0	0.0	0.0	0.0	0.0	0.0	1.0	1	1953	205.7	411.6	0.07	0.0	1
180.46	0	0.0	0.0	0.0	0.0	0.0	1.0	1	1953	205.7	411.6	0.07	0.0	1
180.56	0	0.0	0.0	0.0	0.0	0.0	1.0	1	1953	205.7	411.6	0.07	0.0	1
180.66	0	0.0	0.0	0.0	0.0	0.0	1.0	1	1953	205.7	411.6	0.07	0.0	1
180.76	0	0.0	0.0	0.0	0.0	0.0	1.0	1	1953	205.7	411.6	0.07	0.0	1
180.86	0	0.0	0.0	0.0	0.0	0.0	1.0	1	1953	205.7	411.6	0.07	0.0	1
180.96	0	0.0	0.0	0.0	0.0	0.0	1.0	1	1953	205.7	411.6	0.07	0.0	1
181.06	0	0.0	0.0	0.0	0.0	0.0	1.0	1	1953	205.7	411.6	0.07	0.0	1
181.16	0	0.0	0.0	0.0	0.0	0.0	1.0	1	1953	205.7	411.6	0.07	0.0	1
181.26	0	0.0	0.0	0.0	0.0	0.0	1.0	1	1953	205.7	411.6	0.07	0.0	1
181.36	0	0.0	0.0	0.0	0.0	0.0	1.0	1	1953	205.7	411.6	0.07	0.0	1
181.46	0	0.0	0.0	0.0	0.0	0.0	1.0	1	1953	205.7	411.6	0.07	0.0	1
181.56	0	0.0	0.0	0.0	0.0	0.0	1.0	1	1953	205.7	411.6	0.07	0.0	1
181.66	0	0.0	0.0	0.0	0.0	0.0	1.0	1	1953	205.7	411.6	0.07	0.0	1
181.76	0	0.0	0.0	0.0	0.0	0.0	1.0	1	1953	205.7	411.6	0.07	0.0	1
181.86	0	0.0	0.0	0.0	0.0	0.0	1.0	1	1953	205.7	411.6	0.07	0.0	1
181.96	0	0.0	0.0	0.0	0.0	0.0	1.0	1	1953	205.7	411.6	0.07	0.0	1
182.06	0	0.0	0.0	0.0	0.0	0.0	1.0	1	1953	205.7	411.6	0.07	0.0	1
182.16	0	0.0	0.0	0.0	0.0	0.0	1.0	1	1953	205.7	411.6	0.07	0.0	1
182.26	0	0.0	0.0	0.0	0.0	0.0	1.0	1	1953	205.7	411.6	0.07	0.0	1
182.36	0	0.0	0.0	0.0	0.0	0.0	1.0	1	1953	205.7	411.6	0.07	0.0	1
182.46	0	0.0	0.0	0.0	0.0	0.0	1.0	1	1953	205.7	411.6	0.07	0.0	1
182.56	0	0.0	0.0	0.0	0.0	0.0	1.0	1	1953	205.7	411.6	0.07	0.0	1
182.66	0	0.0	0.0	0.0	0.0	0.0	1.0	1	1953	205.7	411.6	0.07	0.0	1
182.76	0	0.0	0.0	0.0	0.0	0.0	1.0	1	1953	205.7	411.6	0.07	0.0	1
182.86	0	0.0	0.0	0.0	0.0	0.0	1.0	1	1953	205.7	411.6	0.07	0.0	1
182.96	0	0.0	0.0	0.0	0.0	0.0	1.0	1	1953	205.7	411.6	0.07	0.0	1
183.06	0	0.0	0.0	0.0	0.0	0.0	1.0	1	1953	205.7	411.6	0.07	0.0	1
183.16	0	0.0	0.0	0.0	0.0	0.0	1.0	1	1953	205.7	411.6	0.07	0.0	1
183.26	0	0.0	0.0	0.0	0.0	0.0	1.0	1	1953	205.7	411.6	0.07	0.0	1
183.36	0	0.0	0.0	0.0	0.0	0.0	1.0	1	1953	205.7	411.6	0.07	0.0	1
183.46	0	0.0	0.0	0.0	0.0	0.0	1.0	1	1953	205.7	411.6	0.07	0.0	1
183.56	0	0.0	0.0	0.0	0.0	0.0	1.0	1	1953	205.7	411.6	0.07	0.0	1
183.66	0	0.0	0.0	0.0	0.0	0.0	1.0	1	1953	205.7	411.6	0.07	0.0	1
183.76	0	0.0	0.0	0.0	0.0	0.0	1.0	1	1953	205.7	411.6	0.07	0.0	1
183.86	0	0.0	0.0	0.0	0.0	0.0	1.0	1	1953	205.7	411.6	0.07	0.0	1
183.96	0	0.0	0.0	0.0	0.0	0.0	1.0	1	1953	205.7	411.6	0.07	0.0	1
184.06	0	0.0	0.0	0.0	0.0	0.0	1.0	1	1953	205.7	411.6	0.07	0.0	1
184.16	0	0.0	0.0	0.0	0.0	0.0	1.0	1	1953	205.7	411.6	0.07	0.0	1
184.26	0	0.0	0.0	0.0	0.0	0.0	1.0	1	1953	205.7	411.6	0.07	0.0	1
184.36	0	0.0	0.0	0.0	0.0	0.0	1.0	1	1953	205.7	411.6	0.07	0.0	1
184.46	0	0.0	0.0	0.0	0.0	0.0	1.0	1	1953	205.7	411.6	0.07	0.0	1
184.56	0	0.0	0.0	0.0	0.0	0.0	1.0	1	1953	205.7	411.6	0.07	0.0	1
184.66	0	0.0	0.0	0.0	0.0	0.0	1.0	1	1953	205.7	411.6	0.07	0.0	1
184.76	0	0.0	0.0	0.0	0.0	0.0	1.0	1	1953	205.7	411.6	0.07	0.0	1
184.86	0	0.0	0.0	0.0	0.0	0.0	1.0	1	1953	205.7	411.6	0.07	0.0	1
184.96	0	0.0	0.0	0.0	0.0	0.0	1.0	1	1953	205.7	411.6	0.07	0.0	1
185.06	0	0.0	0.0	0.0	0.0	0.0	1.0	1	1953	205.7	411.6	0.07	0.0	1
185.16	0	0.0	0.0	0.0	0.0	0.0	1.0	1	1953	205.7	411.6	0.07	0.0	1
185.26	0	0.0	0.0	0.0	0.0	0.0	1.0	1	1953	205.7	411.6	0.07	0.0	1
185.36	0	0.0	0.0	0.0	0.0	0.0	1.0	1	1953	205.7	411.6	0.07	0.0	1
185.46	0	0.0	0.0	0.0	0.0	0.0	1.0	1	1953	205.7	411.6	0.07	0.0	1
185.56	0	0.0	0.0	0.0	0.0	0.0	1.0	1	1953	205.7	411.6	0.07	0.0	1
185.66	0	0.0	0.0	0.0	0.0	0.0	1.0	1	1953	205.7	411.6	0.07	0.0	1
185.76	0	0.0	0.0	0.0	0.0	0.0	1.0	1	1953	205.7	411.6	0.07	0.0	1
185.86	0	0.0	0.0	0.0	0.0	0.0	1.0	1	1953	205.7	411.6	0.07	0.0	1
185.98	0	0.0	0.0	0.0	0.0	0.0	1.0	1	1953	205.7	411.6	0.07	0.0	1
186.08	0	0.0	0.0	0.0	0.0	0.0	1.0	1	1953	205.7	411.6	0.07	0.0	1
186.18	0	0.0	0.0	0.0	0.0	0.0	1.0	1	1953	205.7	411.6	0.07	0.0	1
186.28	0	0.0	0.0	0.0	0.0	0.0	1.0	1	1953	205.7	411.6	0.07	0.0	1
186.38	0	0.0	0.0	0.0	0.0	0.0	1.0	1	1953	205.7	411.6	0.07	0.0	1
186.48	0	0.0	0.0	0.0	0.0	0.0	1.0	1	1953	205.7	411.6	0.07	0.0	1
186.58	0	0.0	0.0	0.0	0.0	0.0	1.0	1	1953	205.7	411.6	0.07	0.0	1
186.68	0	0.0	0.0	0.0	0.0	0.0	1.0	1	1953	205.7	411.6	0.07	0.0	1
186.8	0	0.0	0.0	0.0	0.0	0.0	1.0	1	1953	205.7	411.6	0.07	0.0	1
186.9	0	0.0	0.0	0.0	0.0	0.0	1.0	1	1953	205.7	411.6	0.07	0.0	1
187.0	0	0.0	0.0	0.0	0.0	0.0	1.0	1	1953	205.7	411.6	0.07	0.0	1
187.1	0	0.0	0.0	0.0	0.0	0.0	1.0	1	1953	205.7	411.6	0.07	0.0	1
187.2	0	0.0	0.0	0.0	0.0	0.0	1.0	1	1953	205.7	411.6	0.07	0.0	1
187.3	0	0.0	0.0	0.0	0.0	0.0	1.0	1	1953	205.7	411.6	0.07	0.0	1
187.4	0	0.0	0.0	0.0	0.0	0.0	1.0	1	1953	205.7	411.6	0.07	0.0	1
187.5	0	0.0	0.0	0.0	0.0	0.0	1.0	1	1953	205.7	411.6	0.07	0.0	1
187.6	0	0.0	0.0	0.0	0.0	0.0	1.0	1	1953	205.7	411.6	0.07	0.0	1
187.7	0	0.0	0.0	0.0	0.0	0.0	1.0	1	1953	205.7	411.6	0.07	0.0	1
187.8	0	0.0	0.0	0.0	0.0	0.0	1.0	1	1953	205.7	411.6	0.07	0.0	1
187.9	0	0.0	0.0	0.0	0.0	0.0	1.0	1	1953	205.7	411.6	0.07	0.0	1
188.0	0	0.0	0.0	0.0	0.0	0.0	1.0	1	1953	205.7	411.6	0.07	0.0	1
188.1	0	0.0	0.0	0.0	0.0	0.0	1.0	1	1953	205.7	411.6	0.07	0.0	1
188.2	0	0.0	0.0	0.0	0.0	0.0	1.0	1	1953	205.7	411.6	0.07	0.0	1
188.3	0	0.0	0.0	0.0	0.0	0.0	1.0	1	1953	205.7	411.6	0.07	0.0	1
188.4	0	0.0	0.0	0.0	0.0	0.0	1.0	1	1953	205.7	411.6	0.07	0.0	1
188.5	0	0.0	0.0	0.0	0.0	0.0	1.0	1	1953	205.7	411.6	0.07	0.0	1
188.6	0	0.0	0.0	0.0	0.0	0.0	1.0	1	1953	205.7	411.6	0.07	0.0	1
188.7	0	0.0	0.0	0.0	0.0	0.0	1.0	1	1953	205.7	411.6	0.07	0.0	1
188.8	0	0.0	0.0	0.0	0.0	0.0	1.0	1	1953	205.7	411.6	0.07	0.0	1
188.9	0	0.0	0.0	0.0	0.0	0.0	1.0	1	1953	205.7	411.6	0.07	0.0	1
189.01	0	0.0	0.0	0.0	0.0	0.0	1.0	1	1953	205.7	411.6	0.07	0.0	1
189.11	0	0.0	0.0	0.0	0.0	0.0	1.0	1	1953	205.7	411.6	0.07	0.0	1
189.21	0	0.0	0.0	0.0	0.0	0.0	1.0	1	1953	205.7	411.6	0.07	0.0	1
189.31	0	0.0	0.0	0.0	0.0	0.0	1.0	1	1953	205.7	411.6	0.07	0.0	1
189.41	0	0.0	0.0	0.0	0.0	0.0	1.0	1	1953	205.7	411.6	0.07	0.0	1
189.51	0	0.0	0.0	0.0	0.0	0.0	1.0	1	1953	205.7	411.6	0.07	0.0	1
189.61	0	0.0	0.0	0.0	0.0	0.0	1.0	1	1953	205.7	411.6	0.07	0.0	1
189.71	0	0.0	0.0	0.0	0.0	0.0	1.0	1	1953	205.7	411.6	0.07	0.0	1
189.81	0	0.0	0.0	0.0	0.0	0.0	1.0	1	1953	205.7	411.6	0.07	0.0	1
189.91	0	0.0	0.0	0.0	0.0	0.0	1.0	1	1953	205.7	411.6	0.07	0.0	1
190.01	0	0.0	0.0	0.0	0.0	0.0	1.0	1	1953	205.7	411.6	0.07	0.0	1
190.11	0	0.0	0.0	0.0	0.0	0.0	1.0	1	1953	205.7	411.6	0.07	0.0	1
190.21	0	0.0	0.0	0.0	0.0	0.0	1.0	1	1953	205.7	411.6	0.07	0.0	1
190.31	0	0.0	0.0	0.0	0.0	0.0	1.0	1	1953	205.7	411.6	0.07	0.0	1
190.41	0	0.0	0.0	0.0	0.0	0.0	1.0	1	1953	205.7	411.6	0.07	0.0	1
190.51	0	0.0	0.0	0.0	0.0	0.0	1.0	1	1953	205.7	411.6	0.07	0.0	1
190.61	0	0.0	0.0	0.0	0.0	0.0	1.0	1	1953	205.7	411.6	0.07	0.0	1
190.71	0	0.0	0.0	0.0	0.0	0.0	1.0	1	1953	205.7	411.6	0.07	0.0	1
190.81	0	0.0	0.0	0.0	0.0	0.0	1.0	1	1953	205.7	411.6	0.07	0.0	1
190.91	0	0.0	0.0	0.0	0.0	0.0	1.0	1	1953	205.7	411.6	0.07	0.0	1
191.01	0	0.0	0.0	0.0	0.0	0.0	1.0	1	1953	205.7	411.6	0.07	0.0	1
191.11	0	0.0	0.0	0.0	0.0	0.0	1.0	1	1953	205.7	411.6	0.07	0.0	1
191.21	0	0.0	0.0	0.0	0.0	0.0	1.0	1	1953	205.7	411.6	0.07	0.0	1
191.31	0	0.0	0.0	0.0	0.0	0.0	1.0	1	1953	205.7	411.6	0.07	0.0	1
191.41	0	0.0	0.0	0.0	0.0	0.0	1.0	1	1953	205.7	411.6	0.07	0.0	1
191.51	0	0.0	0.0	0.0	0.0	0.0	1.0	1	1953	205.7	411.6	0.07	0.0	1
191.61	0	0.0	0.0	0.0	0.0	0.0	1.0	1	1953	205.7	411.6	0.07	0.0	1
191.71	0	0.0	0.0	0.0	0.0	0.0	1.0	1	1953	205.7	411.6	0.07	0.0	1
191.81	0	0.0	0.0	0.0	0.0	0.0	1.0	1	1953	205.7	411.6	0.07	0.0	1
191.91	0	0.0	0.0	0.0	0.0	0.0	1.0	1	1953	205.7	411.6	0.07	0.0	1
192.02	0	0.0	0.0	0.0	0.0	0.0	1.0	1	1953	205.7	411.6	0.07	0.0	1
192.11	0	0.0	0.0	0.0	0.0	0.0	1.0	1	1953	205.7	411.6	0.07	0.0	1
192.22	0	0.0	0.0	0.0	0.0	0.0	1.0	1	1953	205.7	411.6	0.08	0.0	1
192.32	0	0.0	0.0	0.0	0.0	0.0	1.0	1	1953	205.7	411.6	0.08	0.0	1
192.42	0	0.0	0.0	0.0	0.0	0.0	1.0	1	1953	205.7	411.6	0.08	0.0	1
192.52	0	0.0	0.0	0.0	0.0	0.0	1.0	1	1953	205.7	411.6	0.08	0.0	1
192.62	0	0.0	0.0	0.0	0.0	0.0	1.0	1	1953	205.7	411.6	0.08	0.0	1
192.72	0	0.0	0.0	0.0	0.0	0.0	1.0	1	1953	205.7	411.6	0.08	0.0	1
192.82	0	0.0	0.0	0.0	0.0	0.0	1.0	1	1953	205.7	411.6	0.08	0.0	1
192.92	0	0.0	0.0	0.0	0.0	0.0	1.0	1	1953	205.7	411.6	0.08	0.0	1
193.02	0	0.0	0.0	0.0	0.0	0.0	1.0	1	1953	205.7	411.6	0.08	0.0	1
193.12	0	0.0	0.0	0.0	0.0	0.0	1.0	1	1953	205.7	411.6	0.08	0.0	1
193.22	0	0.0	0.0	0.0	0.0	0.0	1.0	1	1953	205.7	411.6	0.08	0.0	1
193.32	0	0.0	0.0	0.0	0.0	0.0	1.0	1	1953	205.7	411.6	0.08	0.0	1
193.42	0	0.0	0.0	0.0	0.0	0.0	1.0	1	1953	205.7	411.6	0.08	0.0	1
193.52	0	0.0	0.0	0.0	0.0	0.0	1.0	1	1953	205.7	411.6	0.08	0.0	1
193.62	0	0.0	0.0	0.0	0.0	0.0	1.0	1	1953	205.7	411.6	0.08	0.0	1
193.72	0	0.0	0.0	0.0	0.0	0.0	1.0	1	1953	205.7	411.6	0.08	0.0	1
193.82	0	0.0	0.0	0.0	0.0	0.0	1.0	1	1953	205.7	411.6	0.08	0.0	1
193.92	0	0.0	0.0	0.0	0.0	0.0	1.0	1	1953	205.7	411.6	0.08	0.0	1
194.02	0	0.0	0.0	0.0	0.0	0.0	1.0	1	1953	205.7	411.6	0.08	0.0	1
194.12	0	0.0	0.0	0.0	0.0	0.0	1.0	1	1953	205.7	411.6	0.08	0.0	1
194.22	0	0.0	0.0	0.0	0.0	0.0	1.0	1	1953	205.7	411.6	0.08	0.0	1
194.32	0	0.0	0.0	0.0	0.0	0.0	1.0	1	1953	205.7	411.6	0.08	0.0	1
194.42	0	0.0	0.0	0.0	0.0	0.0	1.0	1	1953	205.7	411.6	0.08	0.0	1
194.52	0	0.0	0.0	0.0	0.0	0.0	1.0	1	1953	205.7	411.6	0.08	0.0	1
194.62	0	0.0	0.0	0.0	0.0	0.0	1.0	1	1953	205.7	411.6	0.08	0.0	1
194.72	0	0.0	0.0	0.0	0.0	0.0	1.0	1	1953	205.7	411.6	0.08	0.0	1
194.82	0	0.0	0.0	0.0	0.0	0.0	1.0	1	1953	205.7	411.6	0.08	0.0	1
194.92	0	0.0	0.0	0.0	0.0	0.0	1.0	1	1953	205.7	411.6	0.08	0.0	1
195.02	0	0.0	0.0	0.0	0.0	0.0	1.0	1	1953	205.7	411.6	0.08	0.0	1
195.12	0	0.0	0.0	0.0	0.0	0.0	1.0	1	1953	205.7	411.6	0.08	0.0	1
195.22	0	0.0	0.0	0.0	0.0	0.0	1.0	1	1953	205.7	411.6	0.08	0.0	1
195.32	0	0.0	0.0	0.0	0.0	0.0	1.0	1	1953	205.7	411.6	0.08	0.0	1
195.42	0	0.0	0.0	0.0	0.0	0.0	1.0	1	1953	205.7	411.6	0.08	0.0	1
195.52	0	0.0	0.0	0.0	0.0	0.0	1.0	1	1953	205.7	411.6	0.08	0.0	1
195.62	0	0.0	0.0	0.0	0.0	0.0	1.0	1	1953	205.7	411.6	0.08	0.0	1
195.72	0	0.0	0.0	0.0	0.0	0.0	1.0	1	1953	205.7	411.6	0.08	0.0	1
195.82	0	0.0	0.0	0.0	0.0	0.0	1.0	1	1953	205.7	411.6	0.08	0.0	1
195.94	0	0.0	0.0	0.0	0.0	0.0	1.0	1	1953	205.7	411.6	0.08	0.0	1
196.04	0	0.0	0.0	0.0	0.0	0.0	1.0	1	1953	205.7	411.6	0.08	0.0	1
196.14	0	0.0	0.0	0.0	0.0	0.0	1.0	1	1953	205.7	411.6	0.08	0.0	1
196.24	0	0.0	0.0	0.0	0.0	0.0	1.0	1	1953	205.7	411.6	0.08	0.0	1
196.34	0	0.0	0.0	0.0	0.0	0.0	1.0	1	1953	205.7	411.6	0.08	0.0	1
196.44	0	0.0	0.0	0.0	0.0	0.0	1.0	1	1953	205.7	411.6	0.08	0.0	1
196.54	0	0.0	0.0	0.0	0.0	0.0	1.0	1	1953	205.7	411.6	0.08	0.0	1
196.64	0	0.0	0.0	0.0	0.0	0.0	1.0	1	1953	205.7	411.6	0.08	0.0	1
196.74	0	0.0	0.0	0.0	0.0	0.0	1.0	1	1953	205.7	411.6	0.08	0.0	1
196.84	0	0.0	0.0	0.0	0.0	0.0	1.0	1	1953	205.7	411.6	0.08	0.0	1
196.94	0	0.0	0.0	0.0	0.0	0.0	1.0	1	1953	205.7	411.6	0.08	0.0	1
197.04	0	0.0	0.0	0.0	0.0	0.0	1.0	1	1953	205.7	411.6	0.08	0.0	1
197.14	0	0.0	0.0	0.0	0.0	0.0	1.0	1	1953	205.7	411.6	0.08	0.0	1
197.24	0	0.0	0.0	0.0	0.0	0.0	1.0	1	1953	205.7	411.6	0.08	0.0	1
197.34	0	0.0	0.0	0.0	0.0	0.0	1.0	1	1953	205.7	411.6	0.08	0.0	1
197.44	0	0.0	0.0	0.0	0.0	0.0	1.0	1	1953	205.7	411.6	0.08	0.0	1
197.54	0	0.0	0.0	0.0	0.0	0.0	1.0	1	1953	205.7	411.6	0.08	0.0	1
197.64	0	0.0	0.0	0.0	0.0	0.0	1.0	1	1953	205.7	411.6	0.08	0.0	1
197.74	0	0.0	0.0	0.0	0.0	0.0	1.0	1	1953	205.7	411.6	0.08	0.0	1
197.84	0	0.0	0.0	0.0	0.0	0.0	1.0	1	1953	205.7	411.6	0.08	0.0	1
197.94	0	0.0	0.0	0.0	0.0	0.0	1.0	1	1953	205.7	411.6	0.08	0.0	1
198.05	0	0.0	0.0	0.0	0.0	0.0	1.0	1	1953	205.7	411.6	0.08	0.0	1
198.15	0	0.0	0.0	0.0	0.0	0.0	1.0	1	1953	205.7	411.6	0.08	0.0	1
198.25	0	0.0	0.0	0.0	0.0	0.0	1.0	1	1953	205.7	411.6	0.08	0.0	1
198.35	0	0.0	0.0	0.0	0.0	0.0	1.0	1	1953	205.7	411.6	0.08	0.0	1
198.45	0	0.0	0.0	0.0	0.0	0.0	1.0	1	1953	205.7	411.6	0.08	0.0	1
198.55	0	0.0	0.0	0.0	0.0	0.0	1.0	1	1953	205.7	411.6	0.08	0.0	1
198.65	0	0.0	0.0	0.0	0.0	0.0	1.0	1	1953	205.7	411.6	0.08	0.0	1
198.75	0	0.0	0.0	0.0	0.0	0.0	1.0	1	1953	205.7	411.6	0.08	0.0	1
198.85	0	0.0	0.0	0.0	0.0	0.0	1.0	1	1953	205.7	411.6	0.08	0.0	1
198.95	0	0.0	0.0	0.0	0.0	0.0	1.0	1	1953	205.7	411.6	0.08	0.0	1
199.05	0	0.0	0.0	0.0	0.0	0.0	1.0	1	1953	205.7	411.6	0.08	0.0	1
199.15	0	0.0	0.0	0.0	0.0	0.0	1.0	1	1953	205.7	411.6	0.08	0.0	1
199.25	0	0.0	0.0	0.0	0.0	0.0	1.0	1	1953	205.7	411.6	0.08	0.0	1
199.35	0	0.0	0.0	0.0	0.0	0.0	1.0	1	1953	205.7	411.6	0.08	0.0	1
199.45	0	0.0	0.0	0.0	0.0	0.0	1.0	1	1953	205.7	411.6	0.08	0.0	1
199.55	0	0.0	0.0	0.0	0.0	0.0	1.0	1	1953	205.7	411.6	0.08	0.0	1
199.65	0	0.0	0.0	0.0	0.0	0.0	1.0	1	1953	205.7	411.6	0.08	0.0	1
199.75	0	0.0	0.0	0.0	0.0	0.0	1.0	1	1953	205.7	411.6	0.08	0.0	1
199.85	0	0.0	0.0	0.0	0.0	0.0	1.0	1	1953	205.7	411.6	0.08	0.0	1
199.95	0	0.0	0.0	0.0	0.0	0.0	1.0	1	1953	205.7	411.6	0.08	0.0	1
200.06	0	0.0	0.0	0.0	0.0	0.0	1.0	1	1953	205.7	411.6	0.08	0.0	1
200.16	0	0.0	0.0	0.0	0.0	0.0	1.0	1	1953	205.7	411.6	0.08	0.0	1
200.26	0	0.0	0.0	0.0	0.0	0.0	1.0	1	1953	205.7	411.6	0.08	0.0	1
200.36	0	0.0	0.0	0.0	0.0	0.0	1.0	1	1953	205.7	411.6	0.08	0.0	1
200.46	0	0.0	0.0	0.0	0.0	0.0	1.0	1	1953	205.7	411.6	0.08	0.0	1
200.56	0	0.0	0.0	0.0	0.0	0.0	1.0	1	1953	205.7	411.6	0.08	0.0	1
200.66	0	0.0	0.0	0.0	0.0	0.0	1.0	1	1953	205.7	411.6	0.08	0.0	1
200.76	0	0.0	0.0	0.0	0.0	0.0	1.0	1	1953	205.7	411.6	0.08	0.0	1
200.86	0	0.0	0.0	0.0	0.0	0.0	1.0	1	1953	205.7	411.6	0.08	0.0	1
200.96	0	0.0	0.0	0.0	0.0	0.0	1.0	1	1953	205.7	411.6	0.08	0.0	1
201.06	0	0.0	0.0	0.0	0.0	0.0	1.0	1	1953	205.7	411.6	0.08	0.0	1
201.16	0	0.0	0.0	0.0	0.0	0.0	1.0	1	1953	205.7	411.6	0.08	0.0	1
201.26	0	0.0	0.0	0.0	0.0	0.0	1.0	1	1953	205.7	411.6	0.08	0.0	1
201.36	0	0.0	0.0	0.0	0.0	0.0	1.0	1	1953	205.7	411.6	0.08	0.0	1
201.46	0	0.0	0.0	0.0	0.0	0.0	1.0	1	1953	205.7	411.6	0.08	0.0	1
201.56	0	0.0	0.0	0.0	0.0	0.0	1.0	1	1953	205.7	411.6	0.08	0.0	1
201.66	0	0.0	0.0	0.0	0.0	0.0	1.0	1	1953	205.7	411.6	0.08	0.0	1
201.76	0	0.0	0.0	0.0	0.0	0.0	1.0	1	1953	205.7	411.6	0.08	0.0	1
201.86	0	0.0	0.0	0.0	0.0	0.0	1.0	1	1953	205.7	411.6	0.08	0.0	1
201.96	0	0.0	0.0	0.0	0.0	0.0	1.0	1	1953	205.7	411.6	0.08	0.0	1
202.06	0	0.0	0.0	0.0	0.0	0.0	1.0	1	1953	205.7	411.6	0.08	0.0	1
202.17	0	0.0	0.0	0.0	0.0	0.0	1.0	1	1953	205.7	411.6	0.08	0.0	1
202.27	0	0.0	0.0	0.0	0.0	0.0	1.0	1	1953	205.7	411.6	0.08	0.0	1
202.37	0	0.0	0.0	0.0	0.0	0.0	1.0	1	1953	205.7	411.6	0.08	0.0	1
202.47	0	0.0	0.0	0.0	0.0	0.0	1.0	1	1953	205.7	411.6	0.08	0.0	1
202.57	0	0.0	0.0	0.0	0.0	0.0	1.0	1	1953	205.7	411.6	0.08	0.0	1
202.67	0	0.0	0.0	0.0	0.0	0.0	1.0	1	1953	205.7	411.6	0.08	0.0	1
202.77	0	0.0	0.0	0.0	0.0	0.0	1.0	1	1953	205.7	411.6	0.08	0.0	1
202.87	0	0.0	0.0	0.0	0.0	0.0	1.0	1	1953	205.7	411.6	0.08	0.0	1
202.97	0	0.0	0.0	0.0	0.0	0.0	1.0	1	1953	205.7	411.6	0.08	0.0	1
203.07	0	0.0	0.0	0.0	0.0	0.0	1.0	1	1953	205.7	411.6	0.08	0.0	1
203.17	0	0.0	0.0	0.0	0.0	0.0	1.0	1	1953	205.7	411.6	0.08	0.0	1
203.27	0	0.0	0.0	0.0	0.0	0.0	1.0	1	1953	205.7	411.6	0.08	0.0	1
203.37	0	0.0	0.0	0.0	0.0	0.0	1.0	1	1953	205.7	411.6	0.08	0.0	1
203.47	0	0.0	0.0	0.0	0.0	0.0	1.0	1	1953	205.7	411.6	0.08	0.0	1
203.57	0	0.0	0.0	0.0	0.0	0.0	1.0	1	1953	205.7	411.6	0.08	0.0	1
203.67	0	0.0	0.0	0.0	0.0	0.0	1.0	1	1953	205.7	411.6	0.08	0.0	1
203.77	0	0.0	0.0	0.0	0.0	0.0	1.0	1	1953	205.7	411.6	0.08	0.0	1
203.87	0	0.0	0.0	0.0	0.0	0.0	1.0	1	1953	205.7	411.6	0.08	0.0	1
203.97	0	0.0	0.0	0.0	0.0	0.0	1.0	1	1953	205.7	411.6	0.08	0.0	1
204.07	0	0.0	0.0	0.0	0.0	0.0	1.0	1	1953	205.7	411.6	0.08	0.0	1
204.17	0	0.0	0.0	0.0	0.0	0.0	1.0	1	1953	205.7	411.6	0.08	0.0	1
204.27	0	0.0	0.0	0.0	0.0	0.0	1.0	1	1953	205.7	411.6	0.08	0.0	1
204.37	0	0.0	0.0	0.0	0.0	0.0	1.0	1	1953	205.7	411.6	0.08	0.0	1
204.47	0	0.0	0.0	0.0	0.0	0.0	1.0	1	1953	205.7	411.6	0.08	0.0	1
204.57	0	0.0	0.0	0.0	0.0	0.0	1.0	1	1953	205.7	411.6	0.08	0.0	1
204.67	0	0.0	0.0	0.0	0.0	0.0	1.0	1	1953	205.7	411.6	0.08	0.0	1
204.77	0	0.0	0.0	0.0	0.0	0.0	1.0	1	1953	205.7	411.6	0.08	0.0	1
204.87	0	0.0	0.0	0.0	0.0	0.0	1.0	1	1953	205.7	411.6	0.08	0.0	1
204.97	0	0.0	0.0	0.0	0.0	0.0	1.0	1	1953	205.7	411.6	0.08	0.0	1
205.07	0	0.0	0.0	0.0	0.0	0.0	1.0	1	1953	205.7	411.6	0.08	0.0	1
205.17	0	0.0	0.0	0.0	0.0	0.0	1.0	1	1953	205.7	411.6	0.08	0.0	1
205.27	0	0.0	0.0	0.0	0.0	0.0	1.0	1	1953	205.7	411.6	0.08	0.0	1
205.37	0	0.0	0.0	0.0	0.0	0.0	1.0	1	1953	205.7	411.6	0.08	0.0	1
205.47	0	0.0	0.0	0.0	0.0	0.0	1.0	1	1953	205.7	411.6	0.08	0.0	1
205.57	0	0.0	0.0	0.0	0.0	0.0	1.0	1	1953	205.7	411.6	0.08	0.0	1
205.67	0	0.0	0.0	0.0	0.0	0.0	1.0	1	1953	205.7	411.6	0.08	0.0	1
205.77	0	0.0	0.0	0.0	0.0	0.0	1.0	1	1953	205.7	411.6	0.08	0.0	1
205.89	0	0.0	0.0	0.0	0.0	0.0	1.0	1	1953	205.7	411.6	0.08	0.0	1
205.98	0	0.0	0.0	0.0	0.0	0.0	1.0	1	1953	205.7	411.6	0.08	0.0	1
206.08	0	0.0	0.0	0.0	0.0	0.0	1.0	1	1953	205.7	411.6	0.08	0.0	1
206.18	0	0.0	0.0	0.0	0.0	0.0	1.0	1	1953	205.7	411.6	0.08	0.0	1
206.28	0	0.0	0.0	0.0	0.0	0.0	1.0	1	1953	205.7	411.6	0.08	0.0	1
206.38	0	0.0	0.0	0.0	0.0	0.0	1.0	1	1953	205.7	411.6	0.08	0.0	1
206.48	0	0.0	0.0	0.0	0.0	0.0	1.0	1	1953	205.7	411.6	0.08	0.0	1
206.58	0	0.0	0.0	0.0	0.0	0.0	1.0	1	1953	205.7	411.6	0.08	0.0	1
206.68	0	0.0	0.0	0.0	0.0	0.0	1.0	1	1953	205.7	411.6	0.08	0.0	1
206.79	0	0.0	0.0	0.0	0.0	0.0	1.0	1	1953	205.7	411.6	0.08	0.0	1
206.88	0	0.0	0.0	0.0	0.0	0.0	1.0	1	1953	205.7	411.6	0.08	0.0	1
206.98	0	0.0	0.0	0.0	0.0	0.0	1.0	1	1953	205.7	411.6	0.08	0.0	1
207.08	0	0.0	0.0	0.0	0.0	0.0	1.0	1	1953	205.7	411.6	0.08	0.0	1
207.18	0	0.0	0.0	0.0	0.0	0.0	1.0	1	1953	205.7	411.6	0.08	0.0	1
207.28	0	0.0	0.0	0.0	0.0	0.0	1.0	1	1953	205.7	411.6	0.08	0.0	1
207.38	0	0.0	0.0	0.0	0.0	0.0	1.0	1	1953	205.7	411.6	0.08	0.0	1
207.48	0	0.0	0.0	0.0	0.0	0.0	1.0	1	1953	205.7	411.6	0.08	0.0	1
207.58	0	0.0	0.0	0.0	0.0	0.0	1.0	1	1953	205.7	411.6	0.08	0.0	1
207.68	0	0.0	0.0	0.0	0.0	0.0	1.0	1	1953	205.7	411.6	0.08	0.0	1
207.78	0	0.0	0.0	0.0	0.0	0.0	1.0	1	1953	205.7	411.6	0.08	0.0	1
207.88	0	0.0	0.0	0.0	0.0	0.0	1.0	1	1953	205.7	411.6	0.08	0.0	1
207.98	0	0.0	0.0	0.0	0.0	0.0	1.0	1	1953	205.7	411.6	0.08	0.0	1
208.08	0	0.0	0.0	0.0	0.0	0.0	1.0	1	1953	205.7	411.6	0.08	0.0	1
208.19	0	0.0	0.0	0.0	0.0	0.0	1.0	1	1953	205.7	411.6	0.08	0.0	1
208.29	0	0.0	0.0	0.0	0.0	0.0	1.0	1	1953	205.7	411.6	0.08	0.0	1
208.39	0	0.0	0.0	0.0	0.0	0.0	1.0	1	1953	205.7	411.6	0.08	0.0	1
208.49	0	0.0	0.0	0.0	0.0	0.0	1.0	1	1953	205.7	411.6	0.08	0.0	1
208.59	0	0.0	0.0	0.0	0.0	0.0	1.0	1	1953	205.7	411.6	0.08	0.0	1
208.69	0	0.0	0.0	0.0	0.0	0.0	1.0	1	1953	205.7	411.6	0.08	0.0	1
208.79	0	0.0	0.0	0.0	0.0	0.0	1.0	1	1953	205.7	411.6	0.08	0.0	1
208.89	0	0.0	0.0	0.0	0.0	0.0	1.0	1	1953	205.7	411.6	0.08	0.0	1
208.99	0	0.0	0.0	0.0	0.0	0.0	1.0	1	1953	205.7	411.6	0.08	0.0	1
209.09	0	0.0	0.0	0.0	0.0	0.0	1.0	1	1953	205.7	411.6	0.08	0.0	1
209.19	0	0.0	0.0	0.0	0.0	0.0	1.0	1	1953	205.7	411.6	0.08	0.0	1
209.29	0	0.0	0.0	0.0	0.0	0.0	1.0	1	1953	205.7	411.6	0.08	0.0	1
209.39	0	0.0	0.0	0.0	0.0	0.0	1.0	1	1953	205.7	411.6	0.08	0.0	1
209.49	0	0.0	0.0	0.0	0.0	0.0	1.0	1	1953	205.7	411.6	0.08	0.0	1
209.59	0	0.0	0.0	0.0	0.0	0.0	1.0	1	1953	205.7	411.6	0.08	0.0	1
209.69	0	0.0	0.0	0.0	0.0	0.0	1.0	1	1953	205.7	411.6	0.08	0.0	1
209.79	0	0.0	0.0	0.0	0.0	0.0	1.0	1	1953	205.7	411.6	0.08	0.0	1
209.89	0	0.0	0.0	0.0	0.0	0.0	1.0	1	1953	205.7	411.6	0.08	0.0	1
209.99	0	0.0	0.0	0.0	0.0	0.0	1.0	1	1953	205.7	411.6	0.08	0.0	1
210.09	0	0.0	0.0	0.0	0.0	0.0	1.0	1	1953	205.7	411.6	0.08	0.0	1
210.2	0	0.0	0.0	0.0	0.0	0.0	1.0	1	1953	205.7	411.6	0.08	0.0	1
210.3	0	0.0	0.0	0.0	0.0	0.0	1.0	1	1953	205.7	411.6	0.08	0.0	1
210.4	0	0.0	0.0	0.0	0.0	0.0	1.0	1	1953	205.7	411.6	0.08	0.0	1
210.5	0	0.0	0.0	0.0	0.0	0.0	1.0	1	1953	205.7	411.6	0.08	0.0	1
210.6	0	0.0	0.0	0.0	0.0	0.0	1.0	1	1953	205.7	411.6	0.08	0.0	1
210.7	0	0.0	0.0	0.0	0.0	0.0	1.0	1	1953	205.7	411.6	0.08	0.0	1
210.8	0	0.0	0.0	0.0	0.0	0.0	1.0	1	1953	205.7	411.6	0.08	0.0	1
210.9	0	0.0	0.0	0.0	0.0	0.0	1.0	1	1953	205.7	411.6	0.08	0.0	1
211.0	0	0.0	0.0	0.0	0.0	0.0	1.0	1	1953	205.7	411.6	0.08	0.0	1
211.1	0	0.0	0.0	0.0	0.0	0.0	1.0	1	1953	205.7	411.6	0.08	0.0	1
211.2	0	0.0	0.0	0.0	0.0	0.0	1.0	1	1953	205.7	411.6	0.08	0.0	1
211.3	0	0.0	0.0	0.0	0.0	0.0	1.0	1	1953	205.7	411.6	0.08	0.0	1
211.4	0	0.0	0.0	0.0	0.0	0.0	1.0	1	1953	205.7	411.6	0.08	0.0	1
211.5	0	0.0	0.0	0.0	0.0	0.0	1.0	1	1953	205.7	411.6	0.08	0.0	1
211.6	0	0.0	0.0	0.0	0.0	0.0	1.0	1	1953	205.7	411.6	0.08	0.0	1
211.7	0	0.0	0.0	0.0	0.0	0.0	1.0	1	1953	205.7	411.6	0.08	0.0	1
211.8	0	0.0	0.0	0.0	0.0	0.0	1.0	1	1953	205.7	411.6	0.08	0.0	1
211.9	0	0.0	0.0	0.0	0.0	0.0	1.0	1	1953	205.7	411.6	0.08	0.0	1
212.0	0	0.0	0.0	0.0	0.0	0.0	1.0	1	1953	205.7	411.6	0.08	0.0	1
212.1	0	0.0	0.0	0.0	0.0	0.0	1.0	1	1953	205.7	411.6	0.08	0.0	1
212.21	0	0.0	0.0	0.0	0.0	0.0	1.0	1	1953	205.7	411.6	0.08	0.0	1
212.3	0	0.0	0.0	0.0	0.0	0.0	1.0	1	1953	205.7	411.6	0.08	0.0	1
212.4	0	0.0	0.0	0.0	0.0	0.0	1.0	1	1953	205.7	411.6	0.08	0.0	1
212.5	0	0.0	0.0	0.0	0.0	0.0	1.0	1	1953	205.7	411.6	0.08	0.0	1
212.6	0	0.0	0.0	0.0	0.0	0.0	1.0	1	1953	205.7	411.6	0.08	0.0	1
212.71	0	0.0	0.0	0.0	0.0	0.0	1.0	1	1953	205.7	411.6	0.08	0.0	1
212.81	0	0.0	0.0	0.0	0.0	0.0	1.0	1	1953	205.7	411.6	0.08	0.0	1
212.91	0	0.0	0.0	0.0	0.0	0.0	1.0	1	1953	205.7	411.6	0.08	0.0	1
213.01	0	0.0	0.0	0.0	0.0	0.0	1.0	1	1953	205.7	411.6	0.08	0.0	1
213.11	0	0.0	0.0	0.0	0.0	0.0	1.0	1	1953	205.7	411.6	0.08	0.0	1
213.21	0	0.0	0.0	0.0	0.0	0.0	1.0	1	1953	205.7	411.6	0.08	0.0	1
213.31	0	0.0	0.0	0.0	0.0	0.0	1.0	1	1953	205.7	411.6	0.08	0.0	1
213.41	0	0.0	0.0	0.0	0.0	0.0	1.0	1	1953	205.7	411.6	0.08	0.0	1
213.51	0	0.0	0.0	0.0	0.0	0.0	1.0	1	1953	205.7	411.6	0.08	0.0	1
213.61	0	0.0	0.0	0.0	0.0	0.0	1.0	1	1953	205.7	411.6	0.08	0.0	1
213.71	0	0.0	0.0	0.0	0.0	0.0	1.0	1	1953	205.7	411.6	0.08	0.0	1
213.81	0	0.0	0.0	0.0	0.0	0.0	1.0	1	1953	205.7	411.6	0.08	0.0	1
213.91	0	0.0	0.0	0.0	0.0	0.0	1.0	1	1953	205.7	411.6	0.08	0.0	1
214.01	0	0.0	0.0	0.0	0.0	0.0	1.0	1	1953	205.7	411.6	0.08	0.0	1
214.11	0	0.0	0.0	0.0	0.0	0.0	1.0	1	1953	205.7	411.6	0.08	0.0	1
214.21	0	0.0	0.0	0.0	0.0	0.0	1.0	1	1953	205.7	411.6	0.08	0.0	1
214.31	0	0.0	0.0	0.0	0.0	0.0	1.0	1	1953	205.7	411.6	0.08	0.0	1
214.41	0	0.0	0.0	0.0	0.0	0.0	1.0	1	1953	205.7	411.6	0.08	0.0	1
214.51	0	0.0	0.0	0.0	0.0	0.0	1.0	1	1953	205.7	411.6	0.08	0.0	1
214.61	0	0.0	0.0	0.0	0.0	0.0	1.0	1	1953	205.7	411.6	0.08	0.0	1
214.71	0	0.0	0.0	0.0	0.0	0.0	1.0	1	1953	205.7	411.6	0.08	0.0	1
214.81	0	0.0	0.0	0.0	0.0	0.0	1.0	1	1953	205.7	411.6	0.08	0.0	1
214.91	0	0.0	0.0	0.0	0.0	0.0	1.0	1	1953	205.7	411.6	0.08	0.0	1
215.01	0	0.0	0.0	0.0	0.0	0.0	1.0	1	1953	205.7	411.6	0.08	0.0	1
215.11	0	0.0	0.0	0.0	0.0	0.0	1.0	1	1953	205.7	411.6	0.08	0.0	1
215.21	0	0.0	0.0	0.0	0.0	0.0	1.0	1	1953	205.7	411.6	0.08	0.0	1
215.31	0	0.0	0.0	0.0	0.0	0.0	1.0	1	1953	205.7	411.6	0.08	0.0	1
215.41	0	0.0	0.0	0.0	0.0	0.0	1.0	1	1953	205.7	411.6	0.08	0.0	1
215.51	0	0.0	0.0	0.0	0.0	0.0	1.0	1	1953	205.7	411.6	0.08	0.0	1
215.61	0	0.0	0.0	0.0	0.0	0.0	1.0	1	1953	205.7	411.6	0.08	0.0	1
215.71	0	0.0	0.0	0.0	0.0	0.0	1.0	1	1953	205.7	411.6	0.08	0.0	1
215.81	0	0.0	0.0	0.0	0.0	0.0	1.0	1	1953	205.7	411.6	0.08	0.0	1
215.91	0	0.0	0.0	0.0	0.0	0.0	1.0	1	1953	205.7	411.6	0.08	0.0	1
216.01	0	0.0	0.0	0.0	0.0	0.0	1.0	1	1953	205.7	411.6	0.08	0.0	1
216.11	0	0.0	0.0	0.0	0.0	0.0	1.0	1	1953	205.7	411.6	0.08	0.0	1
216.21	0	0.0	0.0	0.0	0.0	0.0	1.0	1	1953	205.7	411.6	0.08	0.0	1
216.31	0	0.0	0.0	0.0	0.0	0.0	1.0	1	1953	205.7	411.6	0.08	0.0	1
216.41	0	0.0	0.0	0.0	0.0	0.0	1.0	1	1953	205.7	411.6	0.08	0.0	1
216.51	0	0.0	0.0	0.0	0.0	0.0	1.0	1	1953	205.7	411.6	0.08	0.0	1
216.61	0	0.0	0.0	0.0	0.0	0.0	1.0	1	1953	205.7	411.6	0.08	0.0	1
216.71	0	0.0	0.0	0.0	0.0	0.0	1.0	1	1953	205.7	411.6	0.08	0.0	1
216.82	0	0.0	0.0	0.0	0.0	0.0	1.0	1	1953	205.7	411.6	0.08	0.0	1
216.92	0	0.0	0.0	0.0	0.0	0.0	1.0	1	1953	205.7	411.6	0.08	0.0	1
217.02	0	0.0	0.0	0.0	0.0	0.0	1.0	1	1953	205.7	411.6	0.08	0.0	1
217.12	0	0.0	0.0	0.0	0.0	0.0	1.0	1	1953	205.7	411.6	0.08	0.0	1
217.22	0	0.0	0.0	0.0	0.0	0.0	1.0	1	1953	205.7	411.6	0.08	0.0	1
217.32	0	0.0	0.0	0.0	0.0	0.0	1.0	1	1953	205.7	411.6	0.08	0.0	1
217.42	0	0.0	0.0	0.0	0.0	0.0	1.0	1	1953	205.7	411.6	0.08	0.0	1
217.52	0	0.0	0.0	0.0	0.0	0.0	1.0	1	1953	205.7	411.6	0.08	0.0	1
217.62	0	0.0	0.0	0.0	0.0	0.0	1.0	1	1953	205.7	411.6	0.08	0.0	1
217.72	0	0.0	0.0	0.0	0.0	0.0	1.0	1	1953	205.7	411.6	0.08	0.0	1
217.82	0	0.0	0.0	0.0	0.0	0.0	1.0	1	1953	205.7	411.6	0.09	0.0	1
217.92	0	0.0	0.0	0.0	0.0	0.0	1.0	1	1953	205.7	411.6	0.09	0.0	1
218.02	0	0.0	0.0	0.0	0.0	0.0	1.0	1	1953	205.7	411.6	0.09	0.0	1
218.12	0	0.0	0.0	0.0	0.0	0.0	1.0	1	1953	205.7	411.6	0.09	0.0	1
218.22	0	0.0	0.0	0.0	0.0	0.0	1.0	1	1953	205.7	411.6	0.09	0.0	1
218.32	0	0.0	0.0	0.0	0.0	0.0	1.0	1	1953	205.7	411.6	0.09	0.0	1
218.42	0	0.0	0.0	0.0	0.0	0.0	1.0	1	1953	205.7	411.6	0.09	0.0	1
218.52	0	0.0	0.0	0.0	0.0	0.0	1.0	1	1953	205.7	411.6	0.09	0.0	1
218.62	0	0.0	0.0	0.0	0.0	0.0	1.0	1	1953	205.7	411.6	0.09	0.0	1
218.72	0	0.0	0.0	0.0	0.0	0.0	1.0	1	1953	205.7	411.6	0.09	0.0	1
218.82	0	0.0	0.0	0.0	0.0	0.0	1.0	1	1953	205.7	411.6	0.09	0.0	1
218.92	0	0.0	0.0	0.0	0.0	0.0	1.0	1	1953	205.7	411.6	0.09	0.0	1
219.02	0	0.0	0.0	0.0	0.0	0.0	1.0	1	1953	205.7	411.6	0.09	0.0	1
219.12	0	0.0	0.0	0.0	0.0	0.0	1.0	1	1953	205.7	411.6	0.09	0.0	1
219.22	0	0.0	0.0	0.0	0.0	0.0	1.0	1	1953	205.7	411.6	0.09	0.0	1
219.33	0	0.0	0.0	0.0	0.0	0.0	1.0	1	1953	205.7	411.6	0.09	0.0	1
219.43	0	0.0	0.0	0.0	0.0	0.0	1.0	1	1953	205.7	411.6	0.09	0.0	1
219.53	0	0.0	0.0	0.0	0.0	0.0	1.0	1	1953	205.7	411.6	0.09	0.0	1
219.63	0	0.0	0.0	0.0	0.0	0.0	1.0	1	1953	205.7	411.6	0.09	0.0	1
219.73	0	0.0	0.0	0.0	0.0	0.0	1.0	1	1953	205.7	411.6	0.09	0.0	1
219.83	0	0.0	0.0	0.0	0.0	0.0	1.0	1	1953	205.7	411.6	0.09	0.0	1
219.93	0	0.0	0.0	0.0	0.0	0.0	1.0	1	1953	205.7	411.6	0.09	0.0	1
220.03	0	0.0	0.0	0.0	0.0	0.0	1.0	1	1953	205.7	411.6	0.09	0.0	1
220.13	0	0.0	0.0	0.0	0.0	0.0	1.0	1	1953	205.7	411.6	0.09	0.0	1
220.23	0	0.0	0.0	0.0	0.0	0.0	1.0	1	1953	205.7	411.6	0.09	0.0	1
220.33	0	0.0	0.0	0.0	0.0	0.0	1.0	1	1953	205.7	411.6	0.09	0.0	1
220.43	0	0.0	0.0	0.0	0.0	0.0	1.0	1	1953	205.7	411.6	0.09	0.0	1
220.53	0	0.0	0.0	0.0	0.0	0.0	1.0	1	1953	205.7	411.6	0.09	0.0	1
220.63	0	0.0	0.0	0.0	0.0	0.0	1.0	1	1953	205.7	411.6	0.09	0.0	1
220.73	0	0.0	0.0	0.0	0.0	0.0	1.0	1	1953	205.7	411.6	0.09	0.0	1
220.83	0	0.0	0.0	0.0	0.0	0.0	1.0	1	1953	205.7	411.6	0.09	0.0	1
220.93	0	0.0	0.0	0.0	0.0	0.0	1.0	1	1953	205.7	411.6	0.09	0.0	1
221.03	0	0.0	0.0	0.0	0.0	0.0	1.0	1	1953	205.7	411.6	0.09	0.0	1
221.13	0	0.0	0.0	0.0	0.0	0.0	1.0	1	1953	205.7	411.6	0.09	0.0	1
221.23	0	0.0	0.0	0.0	0.0	0.0	1.0	1	1953	205.7	411.6	0.09	0.0	1
221.34	0	0.0	0.0	0.0	0.0	0.0	1.0	1	1953	205.7	411.6	0.09	0.0	1
221.44	0	0.0	0.0	0.0	0.0	0.0	1.0	1	1953	205.7	411.6	0.09	0.0	1
221.54	0	0.0	0.0	0.0	0.0	0.0	1.0	1	1953	205.7	411.6	0.09	0.0	1
221.64	0	0.0	0.0	0.0	0.0	0.0	1.0	1	1953	205.7	411.6	0.09	0.0	1
221.74	0	0.0	0.0	0.0	0.0	0.0	1.0	1	1953	205.7	411.6	0.09	0.0	1
221.84	0	0.0	0.0	0.0	0.0	0.0	1.0	1	1953	205.7	411.6	0.09	0.0	1
221.94	0	0.0	0.0	0.0	0.0	0.0	1.0	1	1953	205.7	411.6	0.09	0.0	1
222.04	0	0.0	0.0	0.0	0.0	0.0	1.0	1	1953	205.7	411.6	0.09	0.0	1
222.14	0	0.0	0.0	0.0	0.0	0.0	1.0	1	1953	205.7	411.6	0.09	0.0	1
222.24	0	0.0	0.0	0.0	0.0	0.0	1.0	1	1953	205.7	411.6	0.09	0.0	1
222.34	0	0.0	0.0	0.0	0.0	0.0	1.0	1	1953	205.7	411.6	0.09	0.0	1
222.44	0	0.0	0.0	0.0	0.0	0.0	1.0	1	1953	205.7	411.6	0.09	0.0	1
222.54	0	0.0	0.0	0.0	0.0	0.0	1.0	1	1953	205.7	411.6	0.09	0.0	1
222.64	0	0.0	0.0	0.0	0.0	0.0	1.0	1	1953	205.7	411.6	0.09	0.0	1
222.74	0	0.0	0.0	0.0	0.0	0.0	1.0	1	1953	205.7	411.6	0.09	0.0	1
222.84	0	0.0	0.0	0.0	0.0	0.0	1.0	1	1953	205.7	411.6	0.09	0.0	1
222.94	0	0.0	0.0	0.0	0.0	0.0	1.0	1	1953	205.7	411.6	0.09	0.0	1
223.04	0	0.0	0.0	0.0	0.0	0.0	1.0	1	1953	205.7	411.6	0.09	0.0	1
223.14	0	0.0	0.0	0.0	0.0	0.0	1.0	1	1953	205.7	411.6	0.09	0.0	1
223.24	0	0.0	0.0	0.0	0.0	0.0	1.0	1	1953	205.7	411.6	0.09	0.0	1
223.35	0	0.0	0.0	0.0	0.0	0.0	1.0	1	1953	205.7	411.6	0.09	0.0	1
223.45	0	0.0	0.0	0.0	0.0	0.0	1.0	1	1953	205.7	411.6	0.09	0.0	1
223.55	0	0.0	0.0	0.0	0.0	0.0	1.0	1	1953	205.7	411.6	0.09	0.0	1
223.65	0	0.0	0.0	0.0	0.0	0.0	1.0	1	1953	205.7	411.6	0.09	0.0	1
223.75	0	0.0	0.0	0.0	0.0	0.0	1.0	1	1953	205.7	411.6	0.09	0.0	1
223.85	0	0.0	0.0	0.0	0.0	0.0	1.0	1	1953	205.7	411.6	0.09	0.0	1
223.95	0	0.0	0.0	0.0	0.0	0.0	1.0	1	1953	205.7	411.6	0.09	0.0	1
224.05	0	0.0	0.0	0.0	0.0	0.0	1.0	1	1953	205.7	411.6	0.09	0.0	1
224.15	0	0.0	0.0	0.0	0.0	0.0	1.0	1	1953	205.7	411.6	0.09	0.0	1
224.25	0	0.0	0.0	0.0	0.0	0.0	1.0	1	1953	205.7	411.6	0.09	0.0	1
224.35	0	0.0	0.0	0.0	0.0	0.0	1.0	1	1953	205.7	411.6	0.09	0.0	1
224.45	0	0.0	0.0	0.0	0.0	0.0	1.0	1	1953	205.7	411.6	0.09	0.0	1
224.55	0	0.0	0.0	0.0	0.0	0.0	1.0	1	1953	205.7	411.6	0.09	0.0	1
224.65	0	0.0	0.0	0.0	0.0	0.0	1.0	1	1953	205.7	411.6	0.09	0.0	1
224.75	0	0.0	0.0	0.0	0.0	0.0	1.0	1	1953	205.7	411.6	0.09	0.0	1
224.85	0	0.0	0.0	0.0	0.0	0.0	1.0	1	1953	205.7	411.6	0.09	0.0	1
224.95	0	0.0	0.0	0.0	0.0	0.0	1.0	1	1953	205.7	411.6	0.09	0.0	1
225.05	0	0.0	0.0	0.0	0.0	0.0	1.0	1	1953	205.7	411.6	0.09	0.0	1
225.15	0	0.0	0.0	0.0	0.0	0.0	1.0	1	1953	205.7	411.6	0.09	0.0	1
225.25	0	0.0	0.0	0.0	0.0	0.0	1.0	1	1953	205.7	411.6	0.09	0.0	1
225.35	0	0.0	0.0	0.0	0.0	0.0	1.0	1	1953	205.7	411.6	0.09	0.0	1
225.45	0	0.0	0.0	0.0	0.0	0.0	1.0	1	1953	205.7	411.6	0.09	0.0	1
225.55	0	0.0	0.0	0.0	0.0	0.0	1.0	1	1953	205.7	411.6	0.09	0.0	1
225.65	0	0.0	0.0	0.0	0.0	0.0	1.0	1	1953	205.7	411.6	0.09	0.0	1
225.75	0	0.0	0.0	0.0	0.0	0.0	1.0	1	1953	205.7	411.6	0.09	0.0	1
225.85	0	0.0	0.0	0.0	0.0	0.0	1.0	1	1953	205.7	411.6	0.09	0.0	1
225.95	0	0.0	0.0	0.0	0.0	0.0	1.0	1	1953	205.7	411.6	0.09	0.0	1
226.05	0	0.0	0.0	0.0	0.0	0.0	1.0	1	1953	205.7	411.6	0.09	0.0	1
226.15	0	0.0	0.0	0.0	0.0	0.0	1.0	1	1953	205.7	411.6	0.09	0.0	1
226.25	0	0.0	0.0	0.0	0.0	0.0	1.0	1	1953	205.7	411.6	0.09	0.0	1
226.35	0	0.0	0.0	0.0	0.0	0.0	1.0	1	1953	205.7	411.6	0.09	0.0	1
226.45	0	0.0	0.0	0.0	0.0	0.0	1.0	1	1953	205.7	411.6	0.09	0.0	1
226.55	0	0.0	0.0	0.0	0.0	0.0	1.0	1	1953	205.7	411.6	0.09	0.0	1
226.65	0	0.0	0.0	0.0	0.0	0.0	1.0	1	1953	205.7	411.6	0.09	0.0	1
226.77	0	0.0	0.0	0.0	0.0	0.0	1.0	1	1953	205.7	411.6	0.09	0.0	1
226.86	0	0.0	0.0	0.0	0.0	0.0	1.0	1	1953	205.7	411.6	0.09	0.0	1
226.96	0	0.0	0.0	0.0	0.0	0.0	1.0	1	1953	205.7	411.6	0.09	0.0	1
227.06	0	0.0	0.0	0.0	0.0	0.0	1.0	1	1953	205.7	411.6	0.09	0.0	1
227.16	0	0.0	0.0	0.0	0.0	0.0	1.0	1	1953	205.7	411.6	0.09	0.0	1
227.26	0	0.0	0.0	0.0	0.0	0.0	1.0	1	1953	205.7	411.6	0.09	0.0	1
227.36	0	0.0	0.0	0.0	0.0	0.0	1.0	1	1953	205.7	411.6	0.09	0.0	1
227.46	0	0.0	0.0	0.0	0.0	0.0	1.0	1	1953	205.7	411.6	0.09	0.0	1
227.56	0	0.0	0.0	0.0	0.0	0.0	1.0	1	1953	205.7	411.6	0.09	0.0	1
227.66	0	0.0	0.0	0.0	0.0	0.0	1.0	1	1953	205.7	411.6	0.09	0.0	1
227.76	0	0.0	0.0	0.0	0.0	0.0	1.0	1	1953	205.7	411.6	0.09	0.0	1
227.86	0	0.0	0.0	0.0	0.0	0.0	1.0	1	1953	205.7	411.6	0.09	0.0	1
227.96	0	0.0	0.0	0.0	0.0	0.0	1.0	1	1953	205.7	411.6	0.09	0.0	1
228.06	0	0.0	0.0	0.0	0.0	0.0	1.0	1	1953	205.7	411.6	0.09	0.0	1
228.16	0	0.0	0.0	0.0	0.0	0.0	1.0	1	1953	205.7	411.6	0.09	0.0	1
228.26	0	0.0	0.0	0.0	0.0	0.0	1.0	1	1953	205.7	411.6	0.09	0.0	1
228.36	0	0.0	0.0	0.0	0.0	0.0	1.0	1	1953	205.7	411.6	0.09	0.0	1
228.46	0	0.0	0.0	0.0	0.0	0.0	1.0	1	1953	205.7	411.6	0.09	0.0	1
228.56	0	0.0	0.0	0.0	0.0	0.0	1.0	1	1953	205.7	411.6	0.09	0.0	1
228.66	0	0.0	0.0	0.0	0.0	0.0	1.0	1	1953	205.7	411.6	0.09	0.0	1
228.76	0	0.0	0.0	0.0	0.0	0.0	1.0	1	1953	205.7	411.6	0.09	0.0	1
228.87	0	0.0	0.0	0.0	0.0	0.0	1.0	1	1953	205.7	411.6	0.09	0.0	1
228.96	0	0.0	0.0	0.0	0.0	0.0	1.0	1	1953	205.7	411.6	0.09	0.0	1
229.06	0	0.0	0.0	0.0	0.0	0.0	1.0	1	1953	205.7	411.6	0.09	0.0	1
229.16	0	0.0	0.0	0.0	0.0	0.0	1.0	1	1953	205.7	411.6	0.09	0.0	1
229.26	0	0.0	0.0	0.0	0.0	0.0	1.0	1	1953	205.7	411.6	0.09	0.0	1
229.37	0	0.0	0.0	0.0	0.0	0.0	1.0	1	1953	205.7	411.6	0.09	0.0	1
229.47	0	0.0	0.0	0.0	0.0	0.0	1.0	1	1953	205.7	411.6	0.09	0.0	1
229.57	0	0.0	0.0	0.0	0.0	0.0	1.0	1	1953	205.7	411.6	0.09	0.0	1
229.67	0	0.0	0.0	0.0	0.0	0.0	1.0	1	1953	205.7	411.6	0.09	0.0	1
229.77	0	0.0	0.0	0.0	0.0	0.0	1.0	1	1953	205.7	411.6	0.09	0.0	1
229.87	0	0.0	0.0	0.0	0.0	0.0	1.0	1	1953	205.7	411.6	0.09	0.0	1
229.97	0	0.0	0.0	0.0	0.0	0.0	1.0	1	1953	205.7	411.6	0.09	0.0	1
230.07	0	0.0	0.0	0.0	0.0	0.0	1.0	1	1953	205.7	411.6	0.09	0.0	1
230.17	0	0.0	0.0	0.0	0.0	0.0	1.0	1	1953	205.7	411.6	0.09	0.0	1
230.27	0	0.0	0.0	0.0	0.0	0.0	1.0	1	1953	205.7	411.6	0.09	0.0	1
230.37	0	0.0	0.0	0.0	0.0	0.0	1.0	1	1953	205.7	411.6	0.09	0.0	1
230.47	0	0.0	0.0	0.0	0.0	0.0	1.0	1	1953	205.7	411.6	0.09	0.0	1
230.57	0	0.0	0.0	0.0	0.0	0.0	1.0	1	1953	205.7	411.6	0.09	0.0	1
230.67	0	0.0	0.0	0.0	0.0	0.0	1.0	1	1953	205.7	411.6	0.09	0.0	1
230.77	0	0.0	0.0	0.0	0.0	0.0	1.0	1	1953	205.7	411.6	0.09	0.0	1
230.87	0	0.0	0.0	0.0	0.0	0.0	1.0	1	1953	205.7	411.6	0.09	0.0	1
230.97	0	0.0	0.0	0.0	0.0	0.0	1.0	1	1953	205.7	411.6	0.09	0.0	1
231.07	0	0.0	0.0	0.0	0.0	0.0	1.0	1	1953	205.7	411.6	0.09	0.0	1
231.17	0	0.0	0.0	0.0	0.0	0.0	1.0	1	1953	205.7	411.6	0.09	0.0	1
231.28	0	0.0	0.0	0.0	0.0	0.0	1.0	1	1953	205.7	411.6	0.09	0.0	1
231.37	0	0.0	0.0	0.0	0.0	0.0	1.0	1	1953	205.7	411.6	0.09	0.0	1
231.48	0	0.0	0.0	0.0	0.0	0.0	1.0	1	1953	205.7	411.6	0.09	0.0	1
231.58	0	0.0	0.0	0.0	0.0	0.0	1.0	1	1953	205.7	411.6	0.09	0.0	1
231.68	0	0.0	0.0	0.0	0.0	0.0	1.0	1	1953	205.7	411.6	0.09	0.0	1
231.78	0	0.0	0.0	0.0	0.0	0.0	1.0	1	1953	205.7	411.6	0.09	0.0	1
231.88	0	0.0	0.0	0.0	0.0	0.0	1.0	1	1953	205.7	411.6	0.09	0.0	1
231.98	0	0.0	0.0	0.0	0.0	0.0	1.0	1	1953	205.7	411.6	0.09	0.0	1
232.08	0	0.0	0.0	0.0	0.0	0.0	1.0	1	1953	205.7	411.6	0.09	0.0	1
232.18	0	0.0	0.0	0.0	0.0	0.0	1.0	1	1953	205.7	411.6	0.09	0.0	1
232.28	0	0.0	0.0	0.0	0.0	0.0	1.0	1	1953	205.7	411.6	0.09	0.0	1
232.38	0	0.0	0.0	0.0	0.0	0.0	1.0	1	1953	205.7	411.6	0.09	0.0	1
232.48	0	0.0	0.0	0.0	0.0	0.0	1.0	1	1953	205.7	411.6	0.09	0.0	1
232.58	0	0.0	0.0	0.0	0.0	0.0	1.0	1	1953	205.7	411.6	0.09	0.0	1
232.68	0	0.0	0.0	0.0	0.0	0.0	1.0	1	1953	205.7	411.6	0.09	0.0	1
232.78	0	0.0	0.0	0.0	0.0	0.0	1.0	1	1953	205.7	411.6	0.09	0.0	1
232.88	0	0.0	0.0	0.0	0.0	0.0	1.0	1	1953	205.7	411.6	0.09	0.0	1
232.98	0	0.0	0.0	0.0	0.0	0.0	1.0	1	1953	205.7	411.6	0.09	0.0	1
233.08	0	0.0	0.0	0.0	0.0	0.0	1.0	1	1953	205.7	411.6	0.09	0.0	1
233.18	0	0.0	0.0	0.0	0.0	0.0	1.0	1	1953	205.7	411.6	0.09	0.0	1
233.28	0	0.0	0.0	0.0	0.0	0.0	1.0	1	1953	205.7	411.6	0.09	0.0	1
233.38	0	0.0	0.0	0.0	0.0	0.0	1.0	1	1953	205.7	411.6	0.09	0.0	1
233.49	0	0.0	0.0	0.0	0.0	0.0	1.0	1	1953	205.7	411.6	0.09	0.0	1
233.59	0	0.0	0.0	0.0	0.0	0.0	1.0	1	1953	205.7	411.6	0.09	0.0	1
233.69	0	0.0	0.0	0.0	0.0	0.0	1.0	1	1953	205.7	411.6	0.09	0.0	1
233.79	0	0.0	0.0	0.0	0.0	0.0	1.0	1	1953	205.7	411.6	0.09	0.0	1
233.89	0	0.0	0.0	0.0	0.0	0.0	1.0	1	1953	205.7	411.6	0.09	0.0	1
233.99	0	0.0	0.0	0.0	0.0	0.0	1.0	1	1953	205.7	411.6	0.09	0.0	1
234.09	0	0.0	0.0	0.0	0.0	0.0	1.0	1	1953	205.7	411.6	0.09	0.0	1
234.19	0	0.0	0.0	0.0	0.0	0.0	1.0	1	1953	205.7	411.6	0.09	0.0	1
234.29	0	0.0	0.0	0.0	0.0	0.0	1.0	1	1953	205.7	411.6	0.09	0.0	1
234.39	0	0.0	0.0	0.0	0.0	0.0	1.0	1	1953	205.7	411.6	0.09	0.0	1
234.49	0	0.0	0.0	0.0	0.0	0.0	1.0	1	1953	205.7	411.6	0.09	0.0	1
234.59	0	0.0	0.0	0.0	0.0	0.0	1.0	1	1953	205.7	411.6	0.09	0.0	1
234.69	0	0.0	0.0	0.0	0.0	0.0	1.0	1	1953	205.7	411.6	0.09	0.0	1
234.79	0	0.0	0.0	0.0	0.0	0.0	1.0	1	1953	205.7	411.6	0.09	0.0	1
234.89	0	0.0	0.0	0.0	0.0	0.0	1.0	1	1953	205.7	411.6	0.09	0.0	1
234.99	0	0.0	0.0	0.0	0.0	0.0	1.0	1	1953	205.7	411.6	0.09	0.0	1
235.09	0	0.0	0.0	0.0	0.0	0.0	1.0	1	1953	205.7	411.6	0.09	0.0	1
235.19	0	0.0	0.0	0.0	0.0	0.0	1.0	1	1953	205.7	411.6	0.09	0.0	1
235.29	0	0.0	0.0	0.0	0.0	0.0	1.0	1	1953	205.7	411.6	0.09	0.0	1
235.39	0	0.0	0.0	0.0	0.0	0.0	1.0	1	1953	205.7	411.6	0.09	0.0	1
235.49	0	0.0	0.0	0.0	0.0	0.0	1.0	1	1953	205.7	411.6	0.09	0.0	1
235.59	0	0.0	0.0	0.0	0.0	0.0	1.0	1	1953	205.7	411.6	0.09	0.0	1
235.69	0	0.0	0.0	0.0	0.0	0.0	1.0	1	1953	205.7	411.6	0.09	0.0	1
235.8	0	0.0	0.0	0.0	0.0	0.0	1.0	1	1953	205.7	411.6	0.09	0.0	1
235.89	0	0.0	0.0	0.0	0.0	0.0	1.0	1	1953	205.7	411.6	0.09	0.0	1
235.99	0	0.0	0.0	0.0	0.0	0.0	1.0	1	1953	205.7	411.6	0.09	0.0	1
236.09	0	0.0	0.0	0.0	0.0	0.0	1.0	1	1953	205.7	411.6	0.09	0.0	1
236.19	0	0.0	0.0	0.0	0.0	0.0	1.0	1	1953	205.7	411.6	0.09	0.0	1
236.29	0	0.0	0.0	0.0	0.0	0.0	1.0	1	1953	205.7	411.6	0.09	0.0	1
236.39	0	0.0	0.0	0.0	0.0	0.0	1.0	1	1953	205.7	411.6	0.09	0.0	1
236.49	0	0.0	0.0	0.0	0.0	0.0	1.0	1	1953	205.7	411.6	0.09	0.0	1
236.59	0	0.0	0.0	0.0	0.0	0.0	1.0	1	1953	205.7	411.6	0.09	0.0	1
236.69	0	0.0	0.0	0.0	0.0	0.0	1.0	1	1953	205.7	411.6	0.09	0.0	1
236.8	0	0.0	0.0	0.0	0.0	0.0	1.0	1	1953	205.7	411.6	0.09	0.0	1
236.9	0	0.0	0.0	0.0	0.0	0.0	1.0	1	1953	205.7	411.6	0.09	0.0	1
237.0	0	0.0	0.0	0.0	0.0	0.0	1.0	1	1953	205.7	411.6	0.09	0.0	1
237.1	0	0.0	0.0	0.0	0.0	0.0	1.0	1	1953	205.7	411.6	0.09	0.0	1
237.2	0	0.0	0.0	0.0	0.0	0.0	1.0	1	1953	205.7	411.6	0.09	0.0	1
237.3	0	0.0	0.0	0.0	0.0	0.0	1.0	1	1953	205.7	411.6	0.09	0.0	1
237.4	0	0.0	0.0	0.0	0.0	0.0	1.0	1	1953	205.7	411.6	0.09	0.0	1
237.5	0	0.0	0.0	0.0	0.0	0.0	1.0	1	1953	205.7	411.6	0.09	0.0	1
237.6	0	0.0	0.0	0.0	0.0	0.0	1.0	1	1953	205.7	411.6	0.09	0.0	1
237.7	0	0.0	0.0	0.0	0.0	0.0	1.0	1	1953	205.7	411.6	0.09	0.0	1
237.8	0	0.0	0.0	0.0	0.0	0.0	1.0	1	1953	205.7	411.6	0.09	0.0	1
237.9	0	0.0	0.0	0.0	0.0	0.0	1.0	1	1953	205.7	411.6	0.09	0.0	1
238.0	0	0.0	0.0	0.0	0.0	0.0	1.0	1	1953	205.7	411.6	0.09	0.0	1
238.1	0	0.0	0.0	0.0	0.0	0.0	1.0	1	1953	205.7	411.6	0.09	0.0	1
238.2	0	0.0	0.0	0.0	0.0	0.0	1.0	1	1953	205.7	411.6	0.09	0.0	1
238.3	0	0.0	0.0	0.0	0.0	0.0	1.0	1	1953	205.7	411.6	0.09	0.0	1
238.4	0	0.0	0.0	0.0	0.0	0.0	1.0	1	1953	205.7	411.6	0.09	0.0	1
238.5	0	0.0	0.0	0.0	0.0	0.0	1.0	1	1953	205.7	411.6	0.09	0.0	1
238.6	0	0.0	0.0	0.0	0.0	0.0	1.0	1	1953	205.7	411.6	0.09	0.0	1
238.7	0	0.0	0.0	0.0	0.0	0.0	1.0	1	1953	205.7	411.6	0.09	0.0	1
238.8	0	0.0	0.0	0.0	0.0	0.0	1.0	1	1953	205.7	411.6	0.09	0.0	1
238.9	0	0.0	0.0	0.0	0.0	0.0	1.0	1	1953	205.7	411.6	0.09	0.0	1
239.0	0	0.0	0.0	0.0	0.0	0.0	1.0	1	1953	205.7	411.6	0.09	0.0	1
239.1	0	0.0	0.0	0.0	0.0	0.0	1.0	1	1953	205.7	411.6	0.09	0.0	1
239.2	0	0.0	0.0	0.0	0.0	0.0	1.0	1	1953	205.7	411.6	0.09	0.0	1
239.3	0	0.0	0.0	0.0	0.0	0.0	1.0	1	1953	205.7	411.6	0.09	0.0	1
239.4	0	0.0	0.0	0.0	0.0	0.0	1.0	1	1953	205.7	411.6	0.09	0.0	1
239.51	0	0.0	0.0	0.0	0.0	0.0	1.0	1	1953	205.7	411.6	0.09	0.0	1
239.61	0	0.0	0.0	0.0	0.0	0.0	1.0	1	1953	205.7	411.6	0.09	0.0	1
239.71	0	0.0	0.0	0.0	0.0	0.0	1.0	1	1953	205.7	411.6	0.09	0.0	1
239.81	0	0.0	0.0	0.0	0.0	0.0	1.0	1	1953	205.7	411.6	0.09	0.0	1
239.91	0	0.0	0.0	0.0	0.0	0.0	1.0	1	1953	205.7	411.6	0.09	0.0	1
240.01	0	0.0	0.0	0.0	0.0	0.0	1.0	1	1953	205.7	411.6	0.09	0.0	1
240.11	0	0.0	0.0	0.0	0.0	0.0	1.0	1	1953	205.7	411.6	0.09	0.0	1
240.21	0	0.0	0.0	0.0	0.0	0.0	1.0	1	1953	205.7	411.6	0.09	0.0	1
240.31	0	0.0	0.0	0.0	0.0	0.0	1.0	1	1953	205.7	411.6	0.09	0.0	1
240.41	0	0.0	0.0	0.0	0.0	0.0	1.0	1	1953	205.7	411.6	0.09	0.0	1
240.51	0	0.0	0.0	0.0	0.0	0.0	1.0	1	1953	205.7	411.6	0.09	0.0	1
240.61	0	0.0	0.0	0.0	0.0	0.0	1.0	1	1953	205.7	411.6	0.09	0.0	1
240.71	0	0.0	0.0	0.0	0.0	0.0	1.0	1	1953	205.7	411.6	0.09	0.0	1
240.81	0	0.0	0.0	0.0	0.0	0.0	1.0	1	1953	205.7	411.6	0.09	0.0	1
240.91	0	0.0	0.0	0.0	0.0	0.0	1.0	1	1953	205.7	411.6	0.09	0.0	1
241.01	0	0.0	0.0	0.0	0.0	0.0	1.0	1	1953	205.7	411.6	0.09	0.0	1
241.11	0	0.0	0.0	0.0	0.0	0.0	1.0	1	1953	205.7	411.6	0.09	0.0	1
241.21	0	0.0	0.0	0.0	0.0	0.0	1.0	1	1953	205.7	411.6	0.09	0.0	1
241.31	0	0.0	0.0	0.0	0.0	0.0	1.0	1	1953	205.7	411.6	0.09	0.0	1
241.41	0	0.0	0.0	0.0	0.0	0.0	1.0	1	1953	205.7	411.6	0.09	0.0	1
241.52	0	0.0	0.0	0.0	0.0	0.0	1.0	1	1953	205.7	411.6	0.09	0.0	1
241.62	0	0.0	0.0	0.0	0.0	0.0	1.0	1	1953	205.7	411.6	0.09	0.0	1
241.72	0	0.0	0.0	0.0	0.0	0.0	1.0	1	1953	205.7	411.6	0.09	0.0	1
241.82	0	0.0	0.0	0.0	0.0	0.0	1.0	1	1953	205.7	411.6	0.09	0.0	1
241.92	0	0.0	0.0	0.0	0.0	0.0	1.0	1	1953	205.7	411.6	0.09	0.0	1
242.02	0	0.0	0.0	0.0	0.0	0.0	1.0	1	1953	205.7	411.6	0.09	0.0	1
242.12	0	0.0	0.0	0.0	0.0	0.0	1.0	1	1953	205.7	411.6	0.09	0.0	1
242.22	0	0.0	0.0	0.0	0.0	0.0	1.0	1	1953	205.7	411.6	0.09	0.0	1
242.32	0	0.0	0.0	0.0	0.0	0.0	1.0	1	1953	205.7	411.6	0.09	0.0	1
242.42	0	0.0	0.0	0.0	0.0	0.0	1.0	1	1953	205.7	411.6	0.09	0.0	1
242.52	0	0.0	0.0	0.0	0.0	0.0	1.0	1	1953	205.7	411.6	0.09	0.0	1
242.62	0	0.0	0.0	0.0	0.0	0.0	1.0	1	1953	205.7	411.6	0.09	0.0	1
242.72	0	0.0	0.0	0.0	0.0	0.0	1.0	1	1953	205.7	411.6	0.09	0.0	1
242.82	0	0.0	0.0	0.0	0.0	0.0	1.0	1	1953	205.7	411.6	0.09	0.0	1
242.92	0	0.0	0.0	0.0	0.0	0.0	1.0	1	1953	205.7	411.6	0.09	0.0	1
243.02	0	0.0	0.0	0.0	0.0	0.0	1.0	1	1953	205.7	411.6	0.09	0.0	1
243.12	0	0.0	0.0	0.0	0.0	0.0	1.0	1	1953	205.7	411.6	0.09	0.0	1
243.22	0	0.0	0.0	0.0	0.0	0.0	1.0	1	1953	205.7	411.6	0.09	0.0	1
243.32	0	0.0	0.0	0.0	0.0	0.0	1.0	1	1953	205.7	411.6	0.09	0.0	1
243.42	0	0.0	0.0	0.0	0.0	0.0	1.0	1	1953	205.7	411.6	0.1	0.0	1
243.52	0	0.0	0.0	0.0	0.0	0.0	1.0	1	1953	205.7	411.6	0.1	0.0	1
243.62	0	0.0	0.0	0.0	0.0	0.0	1.0	1	1953	205.7	411.6	0.1	0.0	1
243.72	0	0.0	0.0	0.0	0.0	0.0	1.0	1	1953	205.7	411.6	0.1	0.0	1
243.82	0	0.0	0.0	0.0	0.0	0.0	1.0	1	1953	205.7	411.6	0.1	0.0	1
243.92	0	0.0	0.0	0.0	0.0	0.0	1.0	1	1953	205.7	411.6	0.1	0.0	1
244.02	0	0.0	0.0	0.0	0.0	0.0	1.0	1	1953	205.7	411.6	0.1	0.0	1
244.12	0	0.0	0.0	0.0	0.0	0.0	1.0	1	1953	205.7	411.6	0.1	0.0	1
244.22	0	0.0	0.0	0.0	0.0	0.0	1.0	1	1953	205.7	411.6	0.1	0.0	1
244.32	0	0.0	0.0	0.0	0.0	0.0	1.0	1	1953	205.7	411.6	0.1	0.0	1
244.42	0	0.0	0.0	0.0	0.0	0.0	1.0	1	1953	205.7	411.6	0.1	0.0	1
244.53	0	0.0	0.0	0.0	0.0	0.0	1.0	1	1953	205.7	411.6	0.1	0.0	1
244.63	0	0.0	0.0	0.0	0.0	0.0	1.0	1	1953	205.7	411.6	0.1	0.0	1
244.73	0	0.0	0.0	0.0	0.0	0.0	1.0	1	1953	205.7	411.6	0.1	0.0	1
244.83	0	0.0	0.0	0.0	0.0	0.0	1.0	1	1953	205.7	411.6	0.1	0.0	1
244.93	0	0.0	0.0	0.0	0.0	0.0	1.0	1	1953	205.7	411.6	0.1	0.0	1
245.03	0	0.0	0.0	0.0	0.0	0.0	1.0	1	1953	205.7	411.6	0.1	0.0	1
245.13	0	0.0	0.0	0.0	0.0	0.0	1.0	1	1953	205.7	411.6	0.1	0.0	1
245.23	0	0.0	0.0	0.0	0.0	0.0	1.0	1	1953	205.7	411.6	0.1	0.0	1
245.33	0	0.0	0.0	0.0	0.0	0.0	1.0	1	1953	205.7	411.6	0.1	0.0	1
245.43	0	0.0	0.0	0.0	0.0	0.0	1.0	1	1953	205.7	411.6	0.1	0.0	1
245.53	0	0.0	0.0	0.0	0.0	0.0	1.0	1	1953	205.7	411.6	0.1	0.0	1
245.63	0	0.0	0.0	0.0	0.0	0.0	1.0	1	1953	205.7	411.6	0.1	0.0	1
245.73	0	0.0	0.0	0.0	0.0	0.0	1.0	1	1953	205.7	411.6	0.1	0.0	1
245.84	0	0.0	0.0	0.0	0.0	0.0	1.0	1	1953	205.7	411.6	0.1	0.0	1
245.94	0	0.0	0.0	0.0	0.0	0.0	1.0	1	1953	205.7	411.6	0.1	0.0	1
246.04	0	0.0	0.0	0.0	0.0	0.0	1.0	1	1953	205.7	411.6	0.1	0.0	1
246.14	0	0.0	0.0	0.0	0.0	0.0	1.0	1	1953	205.7	411.6	0.1	0.0	1
246.24	0	0.0	0.0	0.0	0.0	0.0	1.0	1	1953	205.7	411.6	0.1	0.0	1
246.34	0	0.0	0.0	0.0	0.0	0.0	1.0	1	1953	205.7	411.6	0.1	0.0	1
246.44	0	0.0	0.0	0.0	0.0	0.0	1.0	1	1953	205.7	411.6	0.1	0.0	1
246.54	0	0.0	0.0	0.0	0.0	0.0	1.0	1	1953	205.7	411.6	0.1	0.0	1
246.64	0	0.0	0.0	0.0	0.0	0.0	1.0	1	1953	205.7	411.6	0.1	0.0	1
246.75	0	0.0	0.0	0.0	0.0	0.0	1.0	1	1953	205.7	411.6	0.1	0.0	1
246.84	0	0.0	0.0	0.0	0.0	0.0	1.0	1	1953	205.7	411.6	0.1	0.0	1
246.94	0	0.0	0.0	0.0	0.0	0.0	1.0	1	1953	205.7	411.6	0.1	0.0	1
247.04	0	0.0	0.0	0.0	0.0	0.0	1.0	1	1953	205.7	411.6	0.1	0.0	1
247.14	0	0.0	0.0	0.0	0.0	0.0	1.0	1	1953	205.7	411.6	0.1	0.0	1
247.24	0	0.0	0.0	0.0	0.0	0.0	1.0	1	1953	205.7	411.6	0.1	0.0	1
247.34	0	0.0	0.0	0.0	0.0	0.0	1.0	1	1953	205.7	411.6	0.1	0.0	1
247.44	0	0.0	0.0	0.0	0.0	0.0	1.0	1	1953	205.7	411.6	0.1	0.0	1
247.54	0	0.0	0.0	0.0	0.0	0.0	1.0	1	1953	205.7	411.6	0.1	0.0	1
247.64	0	0.0	0.0	0.0	0.0	0.0	1.0	1	1953	205.7	411.6	0.1	0.0	1
247.74	0	0.0	0.0	0.0	0.0	0.0	1.0	1	1953	205.7	411.6	0.1	0.0	1
247.84	0	0.0	0.0	0.0	0.0	0.0	1.0	1	1953	205.7	411.6	0.1	0.0	1
247.94	0	0.0	0.0	0.0	0.0	0.0	1.0	1	1953	205.7	411.6	0.1	0.0	1
248.04	0	0.0	0.0	0.0	0.0	0.0	1.0	1	1953	205.7	411.6	0.1	0.0	1
248.14	0	0.0	0.0	0.0	0.0	0.0	1.0	1	1953	205.7	411.6	0.1	0.0	1
248.24	0	0.0	0.0	0.0	0.0	0.0	1.0	1	1953	205.7	411.6	0.1	0.0	1
248.34	0	0.0	0.0	0.0	0.0	0.0	1.0	1	1953	205.7	411.6	0.1	0.0	1
248.44	0	0.0	0.0	0.0	0.0	0.0	1.0	1	1953	205.7	411.6	0.1	0.0	1
248.55	0	0.0	0.0	0.0	0.0	0.0	1.0	1	1953	205.7	411.6	0.1	0.0	1
248.65	0	0.0	0.0	0.0	0.0	0.0	1.0	1	1953	205.7	411.6	0.1	0.0	1
248.75	0	0.0	0.0	0.0	0.0	0.0	1.0	1	1953	205.7	411.6	0.1	0.0	1
248.85	0	0.0	0.0	0.0	0.0	0.0	1.0	1	1953	205.7	411.6	0.1	0.0	1
248.95	0	0.0	0.0	0.0	0.0	0.0	1.0	1	1953	205.7	411.6	0.1	0.0	1
249.05	0	0.0	0.0	0.0	0.0	0.0	1.0	1	1953	205.7	411.6	0.1	0.0	1
249.15	0	0.0	0.0	0.0	0.0	0.0	1.0	1	1953	205.7	411.6	0.1	0.0	1
249.25	0	0.0	0.0	0.0	0.0	0.0	1.0	1	1953	205.7	411.6	0.1	0.0	1
249.35	0	0.0	0.0	0.0	0.0	0.0	1.0	1	1953	205.7	411.6	0.1	0.0	1
249.45	0	0.0	0.0	0.0	0.0	0.0	1.0	1	1953	205.7	411.6	0.1	0.0	1
249.55	0	0.0	0.0	0.0	0.0	0.0	1.0	1	1953	205.7	411.6	0.1	0.0	1
249.65	0	0.0	0.0	0.0	0.0	0.0	1.0	1	1953	205.7	411.6	0.1	0.0	1
249.75	0	0.0	0.0	0.0	0.0	0.0	1.0	1	1953	205.7	411.6	0.1	0.0	1
249.85	0	0.0	0.0	0.0	0.0	0.0	1.0	1	1953	205.7	411.6	0.1	0.0	1
249.95	0	0.0	0.0	0.0	0.0	0.0	1.0	1	1953	205.7	411.6	0.1	0.0	1
250.05	0	0.0	0.0	0.0	0.0	0.0	1.0	1	1953	205.7	411.6	0.1	0.0	1
250.15	0	0.0	0.0	0.0	0.0	0.0	1.0	1	1953	205.7	411.6	0.1	0.0	1
250.25	0	0.0	0.0	0.0	0.0	0.0	1.0	1	1953	205.7	411.6	0.1	0.0	1
250.35	0	0.0	0.0	0.0	0.0	0.0	1.0	1	1953	205.7	411.6	0.1	0.0	1
250.45	0	0.0	0.0	0.0	0.0	0.0	1.0	1	1953	205.7	411.6	0.1	0.0	1
250.55	0	0.0	0.0	0.0	0.0	0.0	1.0	1	1953	205.7	411.6	0.1	0.0	1
250.66	0	0.0	0.0	0.0	0.0	0.0	1.0	1	1953	205.7	411.6	0.1	0.0	1
250.76	0	0.0	0.0	0.0	0.0	0.0	1.0	1	1953	205.7	411.6	0.1	0.0	1
250.86	0	0.0	0.0	0.0	0.0	0.0	1.0	1	1953	205.7	411.6	0.1	0.0	1
250.96	0	0.0	0.0	0.0	0.0	0.0	1.0	1	1953	205.7	411.6	0.1	0.0	1
251.06	0	0.0	0.0	0.0	0.0	0.0	1.0	1	1953	205.7	411.6	0.1	0.0	1
251.16	0	0.0	0.0	0.0	0.0	0.0	1.0	1	1953	205.7	411.6	0.1	0.0	1
251.26	0	0.0	0.0	0.0	0.0	0.0	1.0	1	1953	205.7	411.6	0.1	0.0	1
251.36	0	0.0	0.0	0.0	0.0	0.0	1.0	1	1953	205.7	411.6	0.1	0.0	1
251.46	0	0.0	0.0	0.0	0.0	0.0	1.0	1	1953	205.7	411.6	0.1	0.0	1
251.56	0	0.0	0.0	0.0	0.0	0.0	1.0	1	1953	205.7	411.6	0.1	0.0	1
251.66	0	0.0	0.0	0.0	0.0	0.0	1.0	1	1953	205.7	411.6	0.1	0.0	1
251.76	0	0.0	0.0	0.0	0.0	0.0	1.0	1	1953	205.7	411.6	0.1	0.0	1
251.86	0	0.0	0.0	0.0	0.0	0.0	1.0	1	1953	205.7	411.6	0.1	0.0	1
251.96	0	0.0	0.0	0.0	0.0	0.0	1.0	1	1953	205.7	411.6	0.1	0.0	1
252.06	0	0.0	0.0	0.0	0.0	0.0	1.0	1	1953	205.7	411.6	0.1	0.0	1
252.16	0	0.0	0.0	0.0	0.0	0.0	1.0	1	1953	205.7	411.6	0.1	0.0	1
252.26	0	0.0	0.0	0.0	0.0	0.0	1.0	1	1953	205.7	411.6	0.1	0.0	1
252.36	0	0.0	0.0	0.0	0.0	0.0	1.0	1	1953	205.7	411.6	0.1	0.0	1
252.46	0	0.0	0.0	0.0	0.0	0.0	1.0	1	1953	205.7	411.6	0.1	0.0	1
252.56	0	0.0	0.0	0.0	0.0	0.0	1.0	1	1953	205.7	411.6	0.1	0.0	1
252.66	0	0.0	0.0	0.0	0.0	0.0	1.0	1	1953	205.7	411.6	0.1	0.0	1
252.76	0	0.0	0.0	0.0	0.0	0.0	1.0	1	1953	205.7	411.6	0.1	0.0	1
252.86	0	0.0	0.0	0.0	0.0	0.0	1.0	1	1953	205.7	411.6	0.1	0.0	1
252.96	0	0.0	0.0	0.0	0.0	0.0	1.0	1	1953	205.7	411.6	0.1	0.0	1
253.06	0	0.0	0.0	0.0	0.0	0.0	1.0	1	1953	205.7	411.6	0.1	0.0	1
253.16	0	0.0	0.0	0.0	0.0	0.0	1.0	1	1953	205.7	411.6	0.1	0.0	1
253.26	0	0.0	0.0	0.0	0.0	0.0	1.0	1	1953	205.7	411.6	0.1	0.0	1
253.36	0	0.0	0.0	0.0	0.0	0.0	1.0	1	1953	205.7	411.6	0.1	0.0	1
253.46	0	0.0	0.0	0.0	0.0	0.0	1.0	1	1953	205.7	411.6	0.1	0.0	1
253.56	0	0.0	0.0	0.0	0.0	0.0	1.0	1	1953	205.7	411.6	0.1	0.0	1
253.67	0	0.0	0.0	0.0	0.0	0.0	1.0	1	1953	205.7	411.6	0.1	0.0	1
253.77	0	0.0	0.0	0.0	0.0	0.0	1.0	1	1953	205.7	411.6	0.1	0.0	1
253.87	0	0.0	0.0	0.0	0.0	0.0	1.0	1	1953	205.7	411.6	0.1	0.0	1
253.97	0	0.0	0.0	0.0	0.0	0.0	1.0	1	1953	205.7	411.6	0.1	0.0	1
254.07	0	0.0	0.0	0.0	0.0	0.0	1.0	1	1953	205.7	411.6	0.1	0.0	1
254.17	0	0.0	0.0	0.0	0.0	0.0	1.0	1	1953	205.7	411.6	0.1	0.0	1
254.27	0	0.0	0.0	0.0	0.0	0.0	1.0	1	1953	205.7	411.6	0.1	0.0	1
254.37	0	0.0	0.0	0.0	0.0	0.0	1.0	1	1953	205.7	411.6	0.1	0.0	1
254.47	0	0.0	0.0	0.0	0.0	0.0	1.0	1	1953	205.7	411.6	0.1	0.0	1
254.57	0	0.0	0.0	0.0	0.0	0.0	1.0	1	1953	205.7	411.6	0.1	0.0	1
254.67	0	0.0	0.0	0.0	0.0	0.0	1.0	1	1953	205.7	411.6	0.1	0.0	1
254.77	0	0.0	0.0	0.0	0.0	0.0	1.0	1	1953	205.7	411.6	0.1	0.0	1
254.87	0	0.0	0.0	0.0	0.0	0.0	1.0	1	1953	205.7	411.6	0.1	0.0	1
254.97	0	0.0	0.0	0.0	0.0	0.0	1.0	1	1953	205.7	411.6	0.1	0.0	1
255.07	0	0.0	0.0	0.0	0.0	0.0	1.0	1	1953	205.7	411.6	0.1	0.0	1
255.17	0	0.0	0.0	0.0	0.0	0.0	1.0	1	1953	205.7	411.6	0.1	0.0	1
255.27	0	0.0	0.0	0.0	0.0	0.0	1.0	1	1953	205.7	411.6	0.1	0.0	1
255.37	0	0.0	0.0	0.0	0.0	0.0	1.0	1	1953	205.7	411.6	0.1	0.0	1
255.47	0	0.0	0.0	0.0	0.0	0.0	1.0	1	1953	205.7	411.6	0.1	0.0	1
255.57	0	0.0	0.0	0.0	0.0	0.0	1.0	1	1953	205.7	411.6	0.1	0.0	1
255.67	0	0.0	0.0	0.0	0.0	0.0	1.0	1	1953	205.7	411.6	0.1	0.0	1
255.78	0	0.0	0.0	0.0	0.0	0.0	1.0	1	1953	205.7	411.6	0.1	0.0	1
255.88	0	0.0	0.0	0.0	0.0	0.0	1.0	1	1953	205.7	411.6	0.1	0.0	1
255.98	0	0.0	0.0	0.0	0.0	0.0	1.0	1	1953	205.7	411.6	0.1	0.0	1
256.08	0	0.0	0.0	0.0	0.0	0.0	1.0	1	1953	205.7	411.6	0.1	0.0	1
256.18	0	0.0	0.0	0.0	0.0	0.0	1.0	1	1953	205.7	411.6	0.1	0.0	1
256.28	0	0.0	0.0	0.0	0.0	0.0	1.0	1	1953	205.7	411.6	0.1	0.0	1
256.38	0	0.0	0.0	0.0	0.0	0.0	1.0	1	1953	205.7	411.6	0.1	0.0	1
256.48	0	0.0	0.0	0.0	0.0	0.0	1.0	1	1953	205.7	411.6	0.1	0.0	1
256.58	0	0.0	0.0	0.0	0.0	0.0	1.0	1	1953	205.7	411.6	0.1	0.0	1
256.68	0	0.0	0.0	0.0	0.0	0.0	1.0	1	1953	205.7	411.6	0.1	0.0	1
256.78	0	0.0	0.0	0.0	0.0	0.0	1.0	1	1953	205.7	411.6	0.1	0.0	1
256.88	0	0.0	0.0	0.0	0.0	0.0	1.0	1	1953	205.7	411.6	0.1	0.0	1
256.99	0	0.0	0.0	0.0	0.0	0.0	1.0	1	1953	205.7	411.6	0.1	0.0	1
257.08	0	0.0	0.0	0.0	0.0	0.0	1.0	1	1953	205.7	411.6	0.1	0.0	1
257.18	0	0.0	0.0	0.0	0.0	0.0	1.0	1	1953	205.7	411.6	0.1	0.0	1
257.28	0	0.0	0.0	0.0	0.0	0.0	1.0	1	1953	205.7	411.6	0.1	0.0	1
257.38	0	0.0	0.0	0.0	0.0	0.0	1.0	1	1953	205.7	411.6	0.1	0.0	1
257.48	0	0.0	0.0	0.0	0.0	0.0	1.0	1	1953	205.7	411.6	0.1	0.0	1
257.58	0	0.0	0.0	0.0	0.0	0.0	1.0	1	1953	205.7	411.6	0.1	0.0	1
257.68	0	0.0	0.0	0.0	0.0	0.0	1.0	1	1953	205.7	411.6	0.1	0.0	1
257.78	0	0.0	0.0	0.0	0.0	0.0	1.0	1	1953	205.7	411.6	0.1	0.0	1
257.88	0	0.0	0.0	0.0	0.0	0.0	1.0	1	1953	205.7	411.6	0.1	0.0	1
257.98	0	0.0	0.0	0.0	0.0	0.0	1.0	1	1953	205.7	411.6	0.1	0.0	1
258.08	0	0.0	0.0	0.0	0.0	0.0	1.0	1	1953	205.7	411.6	0.1	0.0	1
258.18	0	0.0	0.0	0.0	0.0	0.0	1.0	1	1953	205.7	411.6	0.1	0.0	1
258.28	0	0.0	0.0	0.0	0.0	0.0	1.0	1	1953	205.7	411.6	0.1	0.0	1
258.38	0	0.0	0.0	0.0	0.0	0.0	1.0	1	1953	205.7	411.6	0.1	0.0	1
258.48	0	0.0	0.0	0.0	0.0	0.0	1.0	1	1953	205.7	411.6	0.1	0.0	1
258.58	0	0.0	0.0	0.0	0.0	0.0	1.0	1	1953	205.7	411.6	0.1	0.0	1
258.69	0	0.0	0.0	0.0	0.0	0.0	1.0	1	1953	205.7	411.6	0.1	0.0	1
258.79	0	0.0	0.0	0.0	0.0	0.0	1.0	1	1953	205.7	411.6	0.1	0.0	1
258.89	0	0.0	0.0	0.0	0.0	0.0	1.0	1	1953	205.7	411.6	0.1	0.0	1
258.99	0	0.0	0.0	0.0	0.0	0.0	1.0	1	1953	205.7	411.6	0.1	0.0	1
259.09	0	0.0	0.0	0.0	0.0	0.0	1.0	1	1953	205.7	411.6	0.1	0.0	1
259.19	0	0.0	0.0	0.0	0.0	0.0	1.0	1	1953	205.7	411.6	0.1	0.0	1
259.29	0	0.0	0.0	0.0	0.0	0.0	1.0	1	1953	205.7	411.6	0.1	0.0	1
259.39	0	0.0	0.0	0.0	0.0	0.0	1.0	1	1953	205.7	411.6	0.1	0.0	1
259.49	0	0.0	0.0	0.0	0.0	0.0	1.0	1	1953	205.7	411.6	0.1	0.0	1
259.59	0	0.0	0.0	0.0	0.0	0.0	1.0	1	1953	205.7	411.6	0.1	0.0	1
259.69	0	0.0	0.0	0.0	0.0	0.0	1.0	1	1953	205.7	411.6	0.1	0.0	1
259.79	0	0.0	0.0	0.0	0.0	0.0	1.0	1	1953	205.7	411.6	0.1	0.0	1
259.89	0	0.0	0.0	0.0	0.0	0.0	1.0	1	1953	205.7	411.6	0.1	0.0	1
259.99	0	0.0	0.0	0.0	0.0	0.0	1.0	1	1953	205.7	411.6	0.1	0.0	1
260.09	0	0.0	0.0	0.0	0.0	0.0	1.0	1	1953	205.7	411.6	0.1	0.0	1
260.19	0	0.0	0.0	0.0	0.0	0.0	1.0	1	1953	205.7	411.6	0.1	0.0	1
260.29	0	0.0	0.0	0.0	0.0	0.0	1.0	1	1953	205.7	411.6	0.1	0.0	1
260.39	0	0.0	0.0	0.0	0.0	0.0	1.0	1	1953	205.7	411.6	0.1	0.0	1
260.49	0	0.0	0.0	0.0	0.0	0.0	1.0	1	1953	205.7	411.6	0.1	0.0	1
260.59	0	0.0	0.0	0.0	0.0	0.0	1.0	1	1953	205.7	411.6	0.1	0.0	1
260.7	0	0.0	0.0	0.0	0.0	0.0	1.0	1	1953	205.7	411.6	0.1	0.0	1
260.8	0	0.0	0.0	0.0	0.0	0.0	1.0	1	1953	205.7	411.6	0.1	0.0	1
260.9	0	0.0	0.0	0.0	0.0	0.0	1.0	1	1953	205.7	411.6	0.1	0.0	1
261.0	0	0.0	0.0	0.0	0.0	0.0	1.0	1	1953	205.7	411.6	0.1	0.0	1
261.1	0	0.0	0.0	0.0	0.0	0.0	1.0	1	1953	205.7	411.6	0.1	0.0	1
261.2	0	0.0	0.0	0.0	0.0	0.0	1.0	1	1953	205.7	411.6	0.1	0.0	1
261.3	0	0.0	0.0	0.0	0.0	0.0	1.0	1	1953	205.7	411.6	0.1	0.0	1
261.4	0	0.0	0.0	0.0	0.0	0.0	1.0	1	1953	205.7	411.6	0.1	0.0	1
261.5	0	0.0	0.0	0.0	0.0	0.0	1.0	1	1953	205.7	411.6	0.1	0.0	1
261.6	0	0.0	0.0	0.0	0.0	0.0	1.0	1	1953	205.7	411.6	0.1	0.0	1
261.7	0	0.0	0.0	0.0	0.0	0.0	1.0	1	1953	205.7	411.6	0.1	0.0	1
261.8	0	0.0	0.0	0.0	0.0	0.0	1.0	1	1953	205.7	411.6	0.1	0.0	1
261.9	0	0.0	0.0	0.0	0.0	0.0	1.0	1	1953	205.7	411.6	0.1	0.0	1
262.0	0	0.0	0.0	0.0	0.0	0.0	1.0	1	1953	205.7	411.6	0.1	0.0	1
262.1	0	0.0	0.0	0.0	0.0	0.0	1.0	1	1953	205.7	411.6	0.1	0.0	1
262.2	0	0.0	0.0	0.0	0.0	0.0	1.0	1	1953	205.7	411.6	0.1	0.0	1
262.3	0	0.0	0.0	0.0	0.0	0.0	1.0	1	1953	205.7	411.6	0.1	0.0	1
262.4	0	0.0	0.0	0.0	0.0	0.0	1.0	1	1953	205.7	411.6	0.1	0.0	1
262.5	0	0.0	0.0	0.0	0.0	0.0	1.0	1	1953	205.7	411.6	0.1	0.0	1
262.6	0	0.0	0.0	0.0	0.0	0.0	1.0	1	1953	205.7	411.6	0.1	0.0	1
262.71	0	0.0	0.0	0.0	0.0	0.0	1.0	1	1953	205.7	411.6	0.1	0.0	1
262.81	0	0.0	0.0	0.0	0.0	0.0	1.0	1	1953	205.7	411.6	0.1	0.0	1
262.91	0	0.0	0.0	0.0	0.0	0.0	1.0	1	1953	205.7	411.6	0.1	0.0	1
263.01	0	0.0	0.0	0.0	0.0	0.0	1.0	1	1953	205.7	411.6	0.1	0.0	1
263.11	0	0.0	0.0	0.0	0.0	0.0	1.0	1	1953	205.7	411.6	0.1	0.0	1
263.21	0	0.0	0.0	0.0	0.0	0.0	1.0	1	1953	205.7	411.6	0.1	0.0	1
263.31	0	0.0	0.0	0.0	0.0	0.0	1.0	1	1953	205.7	411.6	0.1	0.0	1
263.41	0	0.0	0.0	0.0	0.0	0.0	1.0	1	1953	205.7	411.6	0.1	0.0	1
263.51	0	0.0	0.0	0.0	0.0	0.0	1.0	1	1953	205.7	411.6	0.1	0.0	1
263.61	0	0.0	0.0	0.0	0.0	0.0	1.0	1	1953	205.7	411.6	0.1	0.0	1
263.71	0	0.0	0.0	0.0	0.0	0.0	1.0	1	1953	205.7	411.6	0.1	0.0	1
263.81	0	0.0	0.0	0.0	0.0	0.0	1.0	1	1953	205.7	411.6	0.1	0.0	1
263.91	0	0.0	0.0	0.0	0.0	0.0	1.0	1	1953	205.7	411.6	0.1	0.0	1
264.01	0	0.0	0.0	0.0	0.0	0.0	1.0	1	1953	205.7	411.6	0.1	0.0	1
264.11	0	0.0	0.0	0.0	0.0	0.0	1.0	1	1953	205.7	411.6	0.1	0.0	1
264.21	0	0.0	0.0	0.0	0.0	0.0	1.0	1	1953	205.7	411.6	0.1	0.0	1
264.31	0	0.0	0.0	0.0	0.0	0.0	1.0	1	1953	205.7	411.6	0.1	0.0	1
264.41	0	0.0	0.0	0.0	0.0	0.0	1.0	1	1953	205.7	411.6	0.1	0.0	1
264.51	0	0.0	0.0	0.0	0.0	0.0	1.0	1	1953	205.7	411.6	0.1	0.0	1
264.61	0	0.0	0.0	0.0	0.0	0.0	1.0	1	1953	205.7	411.6	0.1	0.0	1
264.71	0	0.0	0.0	0.0	0.0	0.0	1.0	1	1953	205.7	411.6	0.1	0.0	1
264.81	0	0.0	0.0	0.0	0.0	0.0	1.0	1	1953	205.7	411.6	0.1	0.0	1
264.91	0	0.0	0.0	0.0	0.0	0.0	1.0	1	1953	205.7	411.6	0.1	0.0	1
265.01	0	0.0	0.0	0.0	0.0	0.0	1.0	1	1953	205.7	411.6	0.1	0.0	1
265.11	0	0.0	0.0	0.0	0.0	0.0	1.0	1	1953	205.7	411.6	0.1	0.0	1
265.21	0	0.0	0.0	0.0	0.0	0.0	1.0	1	1953	205.7	411.6	0.1	0.0	1
265.31	0	0.0	0.0	0.0	0.0	0.0	1.0	1	1953	205.7	411.6	0.1	0.0	1
265.41	0	0.0	0.0	0.0	0.0	0.0	1.0	1	1953	205.7	411.6	0.1	0.0	1
265.51	0	0.0	0.0	0.0	0.0	0.0	1.0	1	1953	205.7	411.6	0.1	0.0	1
265.61	0	0.0	0.0	0.0	0.0	0.0	1.0	1	1953	205.7	411.6	0.1	0.0	1
265.73	0	0.0	0.0	0.0	0.0	0.0	1.0	1	1953	205.7	411.6	0.1	0.0	1
265.82	0	0.0	0.0	0.0	0.0	0.0	1.0	1	1953	205.7	411.6	0.1	0.0	1
265.92	0	0.0	0.0	0.0	0.0	0.0	1.0	1	1953	205.7	411.6	0.1	0.0	1
266.02	0	0.0	0.0	0.0	0.0	0.0	1.0	1	1953	205.7	411.6	0.1	0.0	1
266.12	0	0.0	0.0	0.0	0.0	0.0	1.0	1	1953	205.7	411.6	0.1	0.0	1
266.22	0	0.0	0.0	0.0	0.0	0.0	1.0	1	1953	205.7	411.6	0.1	0.0	1
266.32	0	0.0	0.0	0.0	0.0	0.0	1.0	1	1953	205.7	411.6	0.1	0.0	1
266.42	0	0.0	0.0	0.0	0.0	0.0	1.0	1	1953	205.7	411.6	0.1	0.0	1
266.52	0	0.0	0.0	0.0	0.0	0.0	1.0	1	1953	205.7	411.6	0.1	0.0	1
266.62	0	0.0	0.0	0.0	0.0	0.0	1.0	1	1953	205.7	411.6	0.1	0.0	1
266.73	0	0.0	0.0	0.0	0.0	0.0	1.0	1	1953	205.7	411.6	0.1	0.0	1
266.82	0	0.0	0.0	0.0	0.0	0.0	1.0	1	1953	205.7	411.6	0.1	0.0	1
266.92	0	0.0	0.0	0.0	0.0	0.0	1.0	1	1953	205.7	411.6	0.1	0.0	1
267.02	0	0.0	0.0	0.0	0.0	0.0	1.0	1	1953	205.7	411.6	0.1	0.0	1
267.12	0	0.0	0.0	0.0	0.0	0.0	1.0	1	1953	205.7	411.6	0.1	0.0	1
267.22	0	0.0	0.0	0.0	0.0	0.0	1.0	1	1953	205.7	411.6	0.1	0.0	1
267.32	0	0.0	0.0	0.0	0.0	0.0	1.0	1	1953	205.7	411.6	0.1	0.0	1
267.42	0	0.0	0.0	0.0	0.0	0.0	1.0	1	1953	205.7	411.6	0.1	0.0	1
267.52	0	0.0	0.0	0.0	0.0	0.0	1.0	1	1953	205.7	411.6	0.1	0.0	1
267.62	0	0.0	0.0	0.0	0.0	0.0	1.0	1	1953	205.7	411.6	0.1	0.0	1
267.72	0	0.0	0.0	0.0	0.0	0.0	1.0	1	1953	205.7	411.6	0.1	0.0	1
267.83	0	0.0	0.0	0.0	0.0	0.0	1.0	1	1953	205.7	411.6	0.1	0.0	1
267.93	0	0.0	0.0	0.0	0.0	0.0	1.0	1	1953	205.7	411.6	0.1	0.0	1
268.03	0	0.0	0.0	0.0	0.0	0.0	1.0	1	1953	205.7	411.6	0.1	0.0	1
268.13	0	0.0	0.0	0.0	0.0	0.0	1.0	1	1953	205.7	411.6	0.1	0.0	1
268.23	0	0.0	0.0	0.0	0.0	0.0	1.0	1	1953	205.7	411.6	0.1	0.0	1
268.33	0	0.0	0.0	0.0	0.0	0.0	1.0	1	1953	205.7	411.6	0.1	0.0	1
268.43	0	0.0	0.0	0.0	0.0	0.0	1.0	1	1953	205.7	411.6	0.1	0.0	1
268.53	0	0.0	0.0	0.0	0.0	0.0	1.0	1	1953	205.7	411.6	0.1	0.0	1
268.63	0	0.0	0.0	0.0	0.0	0.0	1.0	1	1953	205.7	411.6	0.1	0.0	1
268.73	0	0.0	0.0	0.0	0.0	0.0	1.0	1	1953	205.7	411.6	0.1	0.0	1
268.83	0	0.0	0.0	0.0	0.0	0.0	1.0	1	1953	205.7	411.6	0.1	0.0	1
268.93	0	0.0	0.0	0.0	0.0	0.0	1.0	1	1953	205.7	411.6	0.1	0.0	1
269.03	0	0.0	0.0	0.0	0.0	0.0	1.0	1	1953	205.7	411.6	0.1	0.0	1
269.13	0	0.0	0.0	0.0	0.0	0.0	1.0	1	1953	205.7	411.6	0.11	0.0	1
269.23	0	0.0	0.0	0.0	0.0	0.0	1.0	1	1953	205.7	411.6	0.11	0.0	1
269.33	0	0.0	0.0	0.0	0.0	0.0	1.0	1	1953	205.7	411.6	0.11	0.0	1
269.43	0	0.0	0.0	0.0	0.0	0.0	1.0	1	1953	205.7	411.6	0.11	0.0	1
269.53	0	0.0	0.0	0.0	0.0	0.0	1.0	1	1953	205.7	411.6	0.11	0.0	1
269.63	0	0.0	0.0	0.0	0.0	0.0	1.0	1	1953	205.7	411.6	0.11	0.0	1
269.73	0	0.0	0.0	0.0	0.0	0.0	1.0	1	1953	205.7	411.6	0.11	0.0	1
269.84	0	0.0	0.0	0.0	0.0	0.0	1.0	1	1953	205.7	411.6	0.11	0.0	1
269.94	0	0.0	0.0	0.0	0.0	0.0	1.0	1	1953	205.7	411.6	0.11	0.0	1
270.04	0	0.0	0.0	0.0	0.0	0.0	1.0	1	1953	205.7	411.6	0.11	0.0	1
270.14	0	0.0	0.0	0.0	0.0	0.0	1.0	1	1953	205.7	411.6	0.11	0.0	1
270.24	0	0.0	0.0	0.0	0.0	0.0	1.0	1	1953	205.7	411.6	0.11	0.0	1
270.34	0	0.0	0.0	0.0	0.0	0.0	1.0	1	1953	205.7	411.6	0.11	0.0	1
270.44	0	0.0	0.0	0.0	0.0	0.0	1.0	1	1953	205.7	411.6	0.11	0.0	1
270.54	0	0.0	0.0	0.0	0.0	0.0	1.0	1	1953	205.7	411.6	0.11	0.0	1
270.64	0	0.0	0.0	0.0	0.0	0.0	1.0	1	1953	205.7	411.6	0.11	0.0	1
270.74	0	0.0	0.0	0.0	0.0	0.0	1.0	1	1953	205.7	411.6	0.11	0.0	1
270.84	0	0.0	0.0	0.0	0.0	0.0	1.0	1	1953	205.7	411.6	0.11	0.0	1
270.94	0	0.0	0.0	0.0	0.0	0.0	1.0	1	1953	205.7	411.6	0.11	0.0	1
271.04	0	0.0	0.0	0.0	0.0	0.0	1.0	1	1953	205.7	411.6	0.11	0.0	1
271.14	0	0.0	0.0	0.0	0.0	0.0	1.0	1	1953	205.7	411.6	0.11	0.0	1
271.24	0	0.0	0.0	0.0	0.0	0.0	1.0	1	1953	205.7	411.6	0.11	0.0	1
271.34	0	0.0	0.0	0.0	0.0	0.0	1.0	1	1953	205.7	411.6	0.11	0.0	1
271.44	0	0.0	0.0	0.0	0.0	0.0	1.0	1	1953	205.7	411.6	0.11	0.0	1
271.54	0	0.0	0.0	0.0	0.0	0.0	1.0	1	1953	205.7	411.6	0.11	0.0	1
271.64	0	0.0	0.0	0.0	0.0	0.0	1.0	1	1953	205.7	411.6	0.11	0.0	1
271.74	0	0.0	0.0	0.0	0.0	0.0	1.0	1	1953	205.7	411.6	0.11	0.0	1
271.85	0	0.0	0.0	0.0	0.0	0.0	1.0	1	1953	205.7	411.6	0.11	0.0	1
271.95	0	0.0	0.0	0.0	0.0	0.0	1.0	1	1953	205.7	411.6	0.11	0.0	1
272.05	0	0.0	0.0	0.0	0.0	0.0	1.0	1	1953	205.7	411.6	0.11	0.0	1
272.15	0	0.0	0.0	0.0	0.0	0.0	1.0	1	1953	205.7	411.6	0.11	0.0	1
272.25	0	0.0	0.0	0.0	0.0	0.0	1.0	1	1953	205.7	411.6	0.11	0.0	1
272.35	0	0.0	0.0	0.0	0.0	0.0	1.0	1	1953	205.7	411.6	0.11	0.0	1
272.45	0	0.0	0.0	0.0	0.0	0.0	1.0	1	1953	205.7	411.6	0.11	0.0	1
272.55	0	0.0	0.0	0.0	0.0	0.0	1.0	1	1953	205.7	411.6	0.11	0.0	1
272.65	0	0.0	0.0	0.0	0.0	0.0	1.0	1	1953	205.7	411.6	0.11	0.0	1
272.75	0	0.0	0.0	0.0	0.0	0.0	1.0	1	1953	205.7	411.6	0.11	0.0	1
272.85	0	0.0	0.0	0.0	0.0	0.0	1.0	1	1953	205.7	411.6	0.11	0.0	1
272.95	0	0.0	0.0	0.0	0.0	0.0	1.0	1	1953	205.7	411.6	0.11	0.0	1
273.05	0	0.0	0.0	0.0	0.0	0.0	1.0	1	1953	205.7	411.6	0.11	0.0	1
273.15	0	0.0	0.0	0.0	0.0	0.0	1.0	1	1953	205.7	411.6	0.11	0.0	1
273.25	0	0.0	0.0	0.0	0.0	0.0	1.0	1	1953	205.7	411.6	0.11	0.0	1
273.35	0	0.0	0.0	0.0	0.0	0.0	1.0	1	1953	205.7	411.6	0.11	0.0	1
273.45	0	0.0	0.0	0.0	0.0	0.0	1.0	1	1953	205.7	411.6	0.11	0.0	1
273.55	0	0.0	0.0	0.0	0.0	0.0	1.0	1	1953	205.7	411.6	0.11	0.0	1
273.65	0	0.0	0.0	0.0	0.0	0.0	1.0	1	1953	205.7	411.6	0.11	0.0	1
273.75	0	0.0	0.0	0.0	0.0	0.0	1.0	1	1953	205.7	411.6	0.11	0.0	1
273.85	0	0.0	0.0	0.0	0.0	0.0	1.0	1	1953	205.7	411.6	0.11	0.0	1
273.95	0	0.0	0.0	0.0	0.0	0.0	1.0	1	1953	205.7	411.6	0.11	0.0	1
274.05	0	0.0	0.0	0.0	0.0	0.0	1.0	1	1953	205.7	411.6	0.11	0.0	1
274.15	0	0.0	0.0	0.0	0.0	0.0	1.0	1	1953	205.7	411.6	0.11	0.0	1
274.25	0	0.0	0.0	0.0	0.0	0.0	1.0	1	1953	205.7	411.6	0.11	0.0	1
274.35	0	0.0	0.0	0.0	0.0	0.0	1.0	1	1953	205.7	411.6	0.11	0.0	1
274.45	0	0.0	0.0	0.0	0.0	0.0	1.0	1	1953	205.7	411.6	0.11	0.0	1
274.55	0	0.0	0.0	0.0	0.0	0.0	1.0	1	1953	205.7	411.6	0.11	0.0	1
274.65	0	0.0	0.0	0.0	0.0	0.0	1.0	1	1953	205.7	411.6	0.11	0.0	1
274.75	0	0.0	0.0	0.0	0.0	0.0	1.0	1	1953	205.7	411.6	0.11	0.0	1
274.85	0	0.0	0.0	0.0	0.0	0.0	1.0	1	1953	205.7	411.6	0.11	0.0	1
274.95	0	0.0	0.0	0.0	0.0	0.0	1.0	1	1953	205.7	411.6	0.11	0.0	1
275.05	0	0.0	0.0	0.0	0.0	0.0	1.0	1	1953	205.7	411.6	0.11	0.0	1
275.15	0	0.0	0.0	0.0	0.0	0.0	1.0	1	1953	205.7	411.6	0.11	0.0	1
275.25	0	0.0	0.0	0.0	0.0	0.0	1.0	1	1953	205.7	411.6	0.11	0.0	1
275.35	0	0.0	0.0	0.0	0.0	0.0	1.0	1	1953	205.7	411.6	0.11	0.0	1
275.45	0	0.0	0.0	0.0	0.0	0.0	1.0	1	1953	205.7	411.6	0.11	0.0	1
275.55	0	0.0	0.0	0.0	0.0	0.0	1.0	1	1953	205.7	411.6	0.11	0.0	1
275.65	0	0.0	0.0	0.0	0.0	0.0	1.0	1	1953	205.7	411.6	0.11	0.0	1
275.77	0	0.0	0.0	0.0	0.0	0.0	1.0	1	1953	205.7	411.6	0.11	0.0	1
275.87	0	0.0	0.0	0.0	0.0	0.0	1.0	1	1953	205.7	411.6	0.11	0.0	1
275.97	0	0.0	0.0	0.0	0.0	0.0	1.0	1	1953	205.7	411.6	0.11	0.0	1
276.07	0	0.0	0.0	0.0	0.0	0.0	1.0	1	1953	205.7	411.6	0.11	0.0	1
276.17	0	0.0	0.0	0.0	0.0	0.0	1.0	1	1953	205.7	411.6	0.11	0.0	1
276.27	0	0.0	0.0	0.0	0.0	0.0	1.0	1	1953	205.7	411.6	0.11	0.0	1
276.37	0	0.0	0.0	0.0	0.0	0.0	1.0	1	1953	205.7	411.6	0.11	0.0	1
276.47	0	0.0	0.0	0.0	0.0	0.0	1.0	1	1953	205.7	411.6	0.11	0.0	1
276.57	0	0.0	0.0	0.0	0.0	0.0	1.0	1	1953	205.7	411.6	0.11	0.0	1
276.67	0	0.0	0.0	0.0	0.0	0.0	1.0	1	1953	205.7	411.6	0.11	0.0	1
276.79	0	0.0	0.0	0.0	0.0	0.0	1.0	1	1953	205.7	411.6	0.11	0.0	1
276.89	0	0.0	0.0	0.0	0.0	0.0	1.0	1	1953	205.7	411.6	0.11	0.0	1
276.99	0	0.0	0.0	0.0	0.0	0.0	1.0	1	1953	205.7	411.6	0.11	0.0	1
277.09	0	0.0	0.0	0.0	0.0	0.0	1.0	1	1953	205.7	411.6	0.11	0.0	1
277.19	0	0.0	0.0	0.0	0.0	0.0	1.0	1	1953	205.7	411.6	0.11	0.0	1
277.29	0	0.0	0.0	0.0	0.0	0.0	1.0	1	1953	205.7	411.6	0.11	0.0	1
277.39	0	0.0	0.0	0.0	0.0	0.0	1.0	1	1953	205.7	411.6	0.11	0.0	1
277.49	0	0.0	0.0	0.0	0.0	0.0	1.0	1	1953	205.7	411.6	0.11	0.0	1
277.59	0	0.0	0.0	0.0	0.0	0.0	1.0	1	1953	205.7	411.6	0.11	0.0	1
277.69	0	0.0	0.0	0.0	0.0	0.0	1.0	1	1953	205.7	411.6	0.11	0.0	1
277.79	0	0.0	0.0	0.0	0.0	0.0	1.0	1	1953	205.7	411.6	0.11	0.0	1
277.89	0	0.0	0.0	0.0	0.0	0.0	1.0	1	1953	205.7	411.6	0.11	0.0	1
277.99	0	0.0	0.0	0.0	0.0	0.0	1.0	1	1953	205.7	411.6	0.11	0.0	1
278.09	0	0.0	0.0	0.0	0.0	0.0	1.0	1	1953	205.7	411.6	0.11	0.0	1
278.19	0	0.0	0.0	0.0	0.0	0.0	1.0	1	1953	205.7	411.6	0.11	0.0	1
278.29	0	0.0	0.0	0.0	0.0	0.0	1.0	1	1953	205.7	411.6	0.11	0.0	1
278.39	0	0.0	0.0	0.0	0.0	0.0	1.0	1	1953	205.7	411.6	0.11	0.0	1
278.49	0	0.0	0.0	0.0	0.0	0.0	1.0	1	1953	205.7	411.6	0.11	0.0	1
278.59	0	0.0	0.0	0.0	0.0	0.0	1.0	1	1953	205.7	411.6	0.11	0.0	1
278.69	0	0.0	0.0	0.0	0.0	0.0	1.0	1	1953	205.7	411.6	0.11	0.0	1
278.79	0	0.0	0.0	0.0	0.0	0.0	1.0	1	1953	205.7	411.6	0.11	0.0	1
278.89	0	0.0	0.0	0.0	0.0	0.0	1.0	1	1953	205.7	411.6	0.11	0.0	1
278.99	0	0.0	0.0	0.0	0.0	0.0	1.0	1	1953	205.7	411.6	0.11	0.0	1
279.09	0	0.0	0.0	0.0	0.0	0.0	1.0	1	1953	205.7	411.6	0.11	0.0	1
279.19	0	0.0	0.0	0.0	0.0	0.0	1.0	1	1953	205.7	411.6	0.11	0.0	1
279.29	0	0.0	0.0	0.0	0.0	0.0	1.0	1	1953	205.7	411.6	0.11	0.0	1
279.39	0	0.0	0.0	0.0	0.0	0.0	1.0	1	1953	205.7	411.6	0.11	0.0	1
279.49	0	0.0	0.0	0.0	0.0	0.0	1.0	1	1953	205.7	411.6	0.11	0.0	1
279.59	0	0.0	0.0	0.0	0.0	0.0	1.0	1	1953	205.7	411.6	0.11	0.0	1
279.69	0	0.0	0.0	0.0	0.0	0.0	1.0	1	1953	205.7	411.6	0.11	0.0	1
279.79	0	0.0	0.0	0.0	0.0	0.0	1.0	1	1953	205.7	411.6	0.11	0.0	1
279.89	0	0.0	0.0	0.0	0.0	0.0	1.0	1	1953	205.7	411.6	0.11	0.0	1
279.99	0	0.0	0.0	0.0	0.0	0.0	1.0	1	1953	205.7	411.6	0.11	0.0	1
280.09	0	0.0	0.0	0.0	0.0	0.0	1.0	1	1953	205.7	411.6	0.11	0.0	1
280.19	0	0.0	0.0	0.0	0.0	0.0	1.0	1	1953	205.7	411.6	0.11	0.0	1
280.29	0	0.0	0.0	0.0	0.0	0.0	1.0	1	1953	205.7	411.6	0.11	0.0	1
280.39	0	0.0	0.0	0.0	0.0	0.0	1.0	1	1953	205.7	411.6	0.11	0.0	1
280.49	0	0.0	0.0	0.0	0.0	0.0	1.0	1	1953	205.7	411.6	0.11	0.0	1
280.59	0	0.0	0.0	0.0	0.0	0.0	1.0	1	1953	205.7	411.6	0.11	0.0	1
280.69	0	0.0	0.0	0.0	0.0	0.0	1.0	1	1953	205.7	411.6	0.11	0.0	1
280.79	0	0.0	0.0	0.0	0.0	0.0	1.0	1	1953	205.7	411.6	0.11	0.0	1
280.89	0	0.0	0.0	0.0	0.0	0.0	1.0	1	1953	205.7	411.6	0.11	0.0	1
280.99	0	0.0	0.0	0.0	0.0	0.0	1.0	1	1953	205.7	411.6	0.11	0.0	1
281.09	0	0.0	0.0	0.0	0.0	0.0	1.0	1	1953	205.7	411.6	0.11	0.0	1
281.19	0	0.0	0.0	0.0	0.0	0.0	1.0	1	1953	205.7	411.6	0.11	0.0	1
281.29	0	0.0	0.0	0.0	0.0	0.0	1.0	1	1953	205.7	411.6	0.11	0.0	1
281.39	0	0.0	0.0	0.0	0.0	0.0	1.0	1	1953	205.7	411.6	0.11	0.0	1
281.49	0	0.0	0.0	0.0	0.0	0.0	1.0	1	1953	205.7	411.6	0.11	0.0	1
281.59	0	0.0	0.0	0.0	0.0	0.0	1.0	1	1953	205.7	411.6	0.11	0.0	1
281.69	0	0.0	0.0	0.0	0.0	0.0	1.0	1	1953	205.7	411.6	0.11	0.0	1
281.79	0	0.0	0.0	0.0	0.0	0.0	1.0	1	1953	205.7	411.6	0.11	0.0	1
281.89	0	0.0	0.0	0.0	0.0	0.0	1.0	1	1953	205.7	411.6	0.11	0.0	1
281.99	0	0.0	0.0	0.0	0.0	0.0	1.0	1	1953	205.7	411.6	0.11	0.0	1
282.09	0	0.0	0.0	0.0	0.0	0.0	1.0	1	1953	205.7	411.6	0.11	0.0	1
282.19	0	0.0	0.0	0.0	0.0	0.0	1.0	1	1953	205.7	411.6	0.11	0.0	1
282.29	0	0.0	0.0	0.0	0.0	0.0	1.0	1	1953	205.7	411.6	0.11	0.0	1
282.39	0	0.0	0.0	0.0	0.0	0.0	1.0	1	1953	205.7	411.6	0.11	0.0	1
282.49	0	0.0	0.0	0.0	0.0	0.0	1.0	1	1953	205.7	411.6	0.11	0.0	1
282.59	0	0.0	0.0	0.0	0.0	0.0	1.0	1	1953	205.7	411.6	0.11	0.0	1
282.69	0	0.0	0.0	0.0	0.0	0.0	1.0	1	1953	205.7	411.6	0.11	0.0	1
282.79	0	0.0	0.0	0.0	0.0	0.0	1.0	1	1953	205.7	411.6	0.11	0.0	1
282.89	0	0.0	0.0	0.0	0.0	0.0	1.0	1	1953	205.7	411.6	0.11	0.0	1
282.99	0	0.0	0.0	0.0	0.0	0.0	1.0	1	1953	205.7	411.6	0.11	0.0	1
283.09	0	0.0	0.0	0.0	0.0	0.0	1.0	1	1953	205.7	411.6	0.11	0.0	1
283.19	0	0.0	0.0	0.0	0.0	0.0	1.0	1	1953	205.7	411.6	0.11	0.0	1
283.29	0	0.0	0.0	0.0	0.0	0.0	1.0	1	1953	205.7	411.6	0.11	0.0	1
283.39	0	0.0	0.0	0.0	0.0	0.0	1.0	1	1953	205.7	411.6	0.11	0.0	1
283.49	0	0.0	0.0	0.0	0.0	0.0	1.0	1	1953	205.7	411.6	0.11	0.0	1
283.59	0	0.0	0.0	0.0	0.0	0.0	1.0	1	1953	205.7	411.6	0.11	0.0	1
283.69	0	0.0	0.0	0.0	0.0	0.0	1.0	1	1953	205.7	411.6	0.11	0.0	1
283.79	0	0.0	0.0	0.0	0.0	0.0	1.0	1	1953	205.7	411.6	0.11	0.0	1
283.89	0	0.0	0.0	0.0	0.0	0.0	1.0	1	1953	205.7	411.6	0.11	0.0	1
283.99	0	0.0	0.0	0.0	0.0	0.0	1.0	1	1953	205.7	411.6	0.11	0.0	1
284.09	0	0.0	0.0	0.0	0.0	0.0	1.0	1	1953	205.7	411.6	0.11	0.0	1
284.19	0	0.0	0.0	0.0	0.0	0.0	1.0	1	1953	205.7	411.6	0.11	0.0	1
284.29	0	0.0	0.0	0.0	0.0	0.0	1.0	1	1953	205.7	411.6	0.11	0.0	1
284.39	0	0.0	0.0	0.0	0.0	0.0	1.0	1	1953	205.7	411.6	0.11	0.0	1
284.49	0	0.0	0.0	0.0	0.0	0.0	1.0	1	1953	205.7	411.6	0.11	0.0	1
284.59	0	0.0	0.0	0.0	0.0	0.0	1.0	1	1953	205.7	411.6	0.11	0.0	1
284.69	0	0.0	0.0	0.0	0.0	0.0	1.0	1	1953	205.7	411.6	0.11	0.0	1
284.79	0	0.0	0.0	0.0	0.0	0.0	1.0	1	1953	205.7	411.6	0.11	0.0	1
284.89	0	0.0	0.0	0.0	0.0	0.0	1.0	1	1953	205.7	411.6	0.11	0.0	1
284.99	0	0.0	0.0	0.0	0.0	0.0	1.0	1	1953	205.7	411.6	0.11	0.0	1
285.09	0	0.0	0.0	0.0	0.0	0.0	1.0	1	1953	205.7	411.6	0.11	0.0	1
285.19	0	0.0	0.0	0.0	0.0	0.0	1.0	1	1953	205.7	411.6	0.11	0.0	1
285.29	0	0.0	0.0	0.0	0.0	0.0	1.0	1	1953	205.7	411.6	0.11	0.0	1
285.39	0	0.0	0.0	0.0	0.0	0.0	1.0	1	1953	205.7	411.6	0.11	0.0	1
285.49	0	0.0	0.0	0.0	0.0	0.0	1.0	1	1953	205.7	411.6	0.11	0.0	1
285.59	0	0.0	0.0	0.0	0.0	0.0	1.0	1	1953	205.7	411.6	0.11	0.0	1
285.71	0	0.0	0.0	0.0	0.0	0.0	1.0	1	1953	205.7	411.6	0.11	0.0	1
285.8	0	0.0	0.0	0.0	0.0	0.0	1.0	1	1953	205.7	411.6	0.11	0.0	1
285.9	0	0.0	0.0	0.0	0.0	0.0	1.0	1	1953	205.7	411.6	0.11	0.0	1
286.0	0	0.0	0.0	0.0	0.0	0.0	1.0	1	1953	205.7	411.6	0.11	0.0	1
286.1	0	0.0	0.0	0.0	0.0	0.0	1.0	1	1953	205.7	411.6	0.11	0.0	1
286.2	0	0.0	0.0	0.0	0.0	0.0	1.0	1	1953	205.7	411.6	0.11	0.0	1
286.3	0	0.0	0.0	0.0	0.0	0.0	1.0	1	1953	205.7	411.6	0.11	0.0	1
286.4	0	0.0	0.0	0.0	0.0	0.0	1.0	1	1953	205.7	411.6	0.11	0.0	1
286.5	0	0.0	0.0	0.0	0.0	0.0	1.0	1	1953	205.7	411.6	0.11	0.0	1
286.6	0	0.0	0.0	0.0	0.0	0.0	1.0	1	1953	205.7	411.6	0.11	0.0	1
286.71	0	0.0	0.0	0.0	0.0	0.0	1.0	1	1953	205.7	411.6	0.11	0.0	1
286.8	0	0.0	0.0	0.0	0.0	0.0	1.0	1	1953	205.7	411.6	0.11	0.0	1
286.9	0	0.0	0.0	0.0	0.0	0.0	1.0	1	1953	205.7	411.6	0.11	0.0	1
287.0	0	0.0	0.0	0.0	0.0	0.0	1.0	1	1953	205.7	411.6	0.11	0.0	1
287.1	0	0.0	0.0	0.0	0.0	0.0	1.0	1	1953	205.7	411.6	0.11	0.0	1
287.2	0	0.0	0.0	0.0	0.0	0.0	1.0	1	1953	205.7	411.6	0.11	0.0	1
287.3	0	0.0	0.0	0.0	0.0	0.0	1.0	1	1953	205.7	411.6	0.11	0.0	1
287.4	0	0.0	0.0	0.0	0.0	0.0	1.0	1	1953	205.7	411.6	0.11	0.0	1
287.5	0	0.0	0.0	0.0	0.0	0.0	1.0	1	1953	205.7	411.6	0.11	0.0	1
287.6	0	0.0	0.0	0.0	0.0	0.0	1.0	1	1953	205.7	411.6	0.11	0.0	1
287.7	0	0.0	0.0	0.0	0.0	0.0	1.0	1	1953	205.7	411.6	0.11	0.0	1
287.8	0	0.0	0.0	0.0	0.0	0.0	1.0	1	1953	205.7	411.6	0.11	0.0	1
287.9	0	0.0	0.0	0.0	0.0	0.0	1.0	1	1953	205.7	411.6	0.11	0.0	1
288.01	0	0.0	0.0	0.0	0.0	0.0	1.0	1	1953	205.7	411.6	0.11	0.0	1
288.11	0	0.0	0.0	0.0	0.0	0.0	1.0	1	1953	205.7	411.6	0.11	0.0	1
288.21	0	0.0	0.0	0.0	0.0	0.0	1.0	1	1953	205.7	411.6	0.11	0.0	1
288.31	0	0.0	0.0	0.0	0.0	0.0	1.0	1	1953	205.7	411.6	0.11	0.0	1
288.41	0	0.0	0.0	0.0	0.0	0.0	1.0	1	1953	205.7	411.6	0.11	0.0	1
288.51	0	0.0	0.0	0.0	0.0	0.0	1.0	1	1953	205.7	411.6	0.11	0.0	1
288.61	0	0.0	0.0	0.0	0.0	0.0	1.0	1	1953	205.7	411.6	0.11	0.0	1
288.71	0	0.0	0.0	0.0	0.0	0.0	1.0	1	1953	205.7	411.6	0.11	0.0	1
288.81	0	0.0	0.0	0.0	0.0	0.0	1.0	1	1953	205.7	411.6	0.11	0.0	1
288.91	0	0.0	0.0	0.0	0.0	0.0	1.0	1	1953	205.7	411.6	0.11	0.0	1
289.01	0	0.0	0.0	0.0	0.0	0.0	1.0	1	1953	205.7	411.6	0.11	0.0	1
289.11	0	0.0	0.0	0.0	0.0	0.0	1.0	1	1953	205.7	411.6	0.11	0.0	1
289.21	0	0.0	0.0	0.0	0.0	0.0	1.0	1	1953	205.7	411.6	0.11	0.0	1
289.31	0	0.0	0.0	0.0	0.0	0.0	1.0	1	1953	205.7	411.6	0.11	0.0	1
289.41	0	0.0	0.0	0.0	0.0	0.0	1.0	1	1953	205.7	411.6	0.11	0.0	1
289.51	0	0.0	0.0	0.0	0.0	0.0	1.0	1	1953	205.7	411.6	0.11	0.0	1
289.61	0	0.0	0.0	0.0	0.0	0.0	1.0	1	1953	205.7	411.6	0.11	0.0	1
289.71	0	0.0	0.0	0.0	0.0	0.0	1.0	1	1953	205.7	411.6	0.11	0.0	1
289.81	0	0.0	0.0	0.0	0.0	0.0	1.0	1	1953	205.7	411.6	0.11	0.0	1
289.91	0	0.0	0.0	0.0	0.0	0.0	1.0	1	1953	205.7	411.6	0.11	0.0	1
290.02	0	0.0	0.0	0.0	0.0	0.0	1.0	1	1953	205.7	411.6	0.11	0.0	1
290.12	0	0.0	0.0	0.0	0.0	0.0	1.0	1	1953	205.7	411.6	0.11	0.0	1
290.22	0	0.0	0.0	0.0	0.0	0.0	1.0	1	1953	205.7	411.6	0.11	0.0	1
290.32	0	0.0	0.0	0.0	0.0	0.0	1.0	1	1953	205.7	411.6	0.11	0.0	1
290.42	0	0.0	0.0	0.0	0.0	0.0	1.0	1	1953	205.7	411.6	0.11	0.0	1
290.52	0	0.0	0.0	0.0	0.0	0.0	1.0	1	1953	205.7	411.6	0.11	0.0	1
290.62	0	0.0	0.0	0.0	0.0	0.0	1.0	1	1953	205.7	411.6	0.11	0.0	1
290.72	0	0.0	0.0	0.0	0.0	0.0	1.0	1	1953	205.7	411.6	0.11	0.0	1
290.82	0	0.0	0.0	0.0	0.0	0.0	1.0	1	1953	205.7	411.6	0.11	0.0	1
290.92	0	0.0	0.0	0.0	0.0	0.0	1.0	1	1953	205.7	411.6	0.11	0.0	1
291.02	0	0.0	0.0	0.0	0.0	0.0	1.0	1	1953	205.7	411.6	0.11	0.0	1
291.12	0	0.0	0.0	0.0	0.0	0.0	1.0	1	1953	205.7	411.6	0.11	0.0	1
291.22	0	0.0	0.0	0.0	0.0	0.0	1.0	1	1953	205.7	411.6	0.11	0.0	1
291.32	0	0.0	0.0	0.0	0.0	0.0	1.0	1	1953	205.7	411.6	0.11	0.0	1
291.42	0	0.0	0.0	0.0	0.0	0.0	1.0	1	1953	205.7	411.6	0.11	0.0	1
291.52	0	0.0	0.0	0.0	0.0	0.0	1.0	1	1953	205.7	411.6	0.11	0.0	1
291.62	0	0.0	0.0	0.0	0.0	0.0	1.0	1	1953	205.7	411.6	0.11	0.0	1
291.72	0	0.0	0.0	0.0	0.0	0.0	1.0	1	1953	205.7	411.6	0.11	0.0	1
291.82	0	0.0	0.0	0.0	0.0	0.0	1.0	1	1953	205.7	411.6	0.11	0.0	1
291.92	0	0.0	0.0	0.0	0.0	0.0	1.0	1	1953	205.7	411.6	0.11	0.0	1
292.03	0	0.0	0.0	0.0	0.0	0.0	1.0	1	1953	205.7	411.6	0.11	0.0	1
292.13	0	0.0	0.0	0.0	0.0	0.0	1.0	1	1953	205.7	411.6	0.11	0.0	1
292.23	0	0.0	0.0	0.0	0.0	0.0	1.0	1	1953	205.7	411.6	0.11	0.0	1
292.33	0	0.0	0.0	0.0	0.0	0.0	1.0	1	1953	205.7	411.6	0.11	0.0	1
292.43	0	0.0	0.0	0.0	0.0	0.0	1.0	1	1953	205.7	411.6	0.11	0.0	1
292.53	0	0.0	0.0	0.0	0.0	0.0	1.0	1	1953	205.7	411.6	0.11	0.0	1
292.63	0	0.0	0.0	0.0	0.0	0.0	1.0	1	1953	205.7	411.6	0.11	0.0	1
292.73	0	0.0	0.0	0.0	0.0	0.0	1.0	1	1953	205.7	411.6	0.11	0.0	1
292.83	0	0.0	0.0	0.0	0.0	0.0	1.0	1	1953	205.7	411.6	0.11	0.0	1
292.93	0	0.0	0.0	0.0	0.0	0.0	1.0	1	1953	205.7	411.6	0.11	0.0	1
293.03	0	0.0	0.0	0.0	0.0	0.0	1.0	1	1953	205.7	411.6	0.11	0.0	1
293.13	0	0.0	0.0	0.0	0.0	0.0	1.0	1	1953	205.7	411.6	0.11	0.0	1
293.23	0	0.0	0.0	0.0	0.0	0.0	1.0	1	1953	205.7	411.6	0.11	0.0	1
293.33	0	0.0	0.0	0.0	0.0	0.0	1.0	1	1953	205.7	411.6	0.11	0.0	1
293.43	0	0.0	0.0	0.0	0.0	0.0	1.0	1	1953	205.7	411.6	0.11	0.0	1
293.53	0	0.0	0.0	0.0	0.0	0.0	1.0	1	1953	205.7	411.6	0.11	0.0	1
293.63	0	0.0	0.0	0.0	0.0	0.0	1.0	1	1953	205.7	411.6	0.11	0.0	1
293.73	0	0.0	0.0	0.0	0.0	0.0	1.0	1	1953	205.7	411.6	0.11	0.0	1
293.83	0	0.0	0.0	0.0	0.0	0.0	1.0	1	1953	205.7	411.6	0.11	0.0	1
293.93	0	0.0	0.0	0.0	0.0	0.0	1.0	1	1953	205.7	411.6	0.11	0.0	1
294.03	0	0.0	0.0	0.0	0.0	0.0	1.0	1	1953	205.7	411.6	0.11	0.0	1
294.13	0	0.0	0.0	0.0	0.0	0.0	1.0	1	1953	205.7	411.6	0.11	0.0	1
294.23	0	0.0	0.0	0.0	0.0	0.0	1.0	1	1953	205.7	411.6	0.11	0.0	1
294.33	0	0.0	0.0	0.0	0.0	0.0	1.0	1	1953	205.7	411.6	0.11	0.0	1
294.43	0	0.0	0.0	0.0	0.0	0.0	1.0	1	1953	205.7	411.6	0.11	0.0	1
294.53	0	0.0	0.0	0.0	0.0	0.0	1.0	1	1953	205.7	411.6	0.11	0.0	1
294.63	0	0.0	0.0	0.0	0.0	0.0	1.0	1	1953	205.7	411.6	0.11	0.0	1
294.73	0	0.0	0.0	0.0	0.0	0.0	1.0	1	1953	205.7	411.6	0.12	0.0	1
294.83	0	0.0	0.0	0.0	0.0	0.0	1.0	1	1953	205.7	411.6	0.12	0.0	1
294.93	0	0.0	0.0	0.0	0.0	0.0	1.0	1	1953	205.7	411.6	0.12	0.0	1
295.03	0	0.0	0.0	0.0	0.0	0.0	1.0	1	1953	205.7	411.6	0.12	0.0	1
295.13	0	0.0	0.0	0.0	0.0	0.0	1.0	1	1953	205.7	411.6	0.12	0.0	1
295.23	0	0.0	0.0	0.0	0.0	0.0	1.0	1	1953	205.7	411.6	0.12	0.0	1
295.33	0	0.0	0.0	0.0	0.0	0.0	1.0	1	1953	205.7	411.6	0.12	0.0	1
295.43	0	0.0	0.0	0.0	0.0	0.0	1.0	1	1953	205.7	411.6	0.12	0.0	1
295.53	0	0.0	0.0	0.0	0.0	0.0	1.0	1	1953	205.7	411.6	0.12	0.0	1
295.63	0	0.0	0.0	0.0	0.0	0.0	1.0	1	1953	205.7	411.6	0.12	0.0	1
295.73	0	0.0	0.0	0.0	0.0	0.0	1.0	1	1953	205.7	411.6	0.12	0.0	1
295.83	0	0.0	0.0	0.0	0.0	0.0	1.0	1	1953	205.7	411.6	0.12	0.0	1
295.93	0	0.0	0.0	0.0	0.0	0.0	1.0	1	1953	205.7	411.6	0.12	0.0	1
296.03	0	0.0	0.0	0.0	0.0	0.0	1.0	1	1953	205.7	411.6	0.12	0.0	1
296.13	0	0.0	0.0	0.0	0.0	0.0	1.0	1	1953	205.7	411.6	0.12	0.0	1
296.23	0	0.0	0.0	0.0	0.0	0.0	1.0	1	1953	205.7	411.6	0.12	0.0	1
296.33	0	0.0	0.0	0.0	0.0	0.0	1.0	1	1953	205.7	411.6	0.12	0.0	1
296.43	0	0.0	0.0	0.0	0.0	0.0	1.0	1	1953	205.7	411.6	0.12	0.0	1
296.53	0	0.0	0.0	0.0	0.0	0.0	1.0	1	1953	205.7	411.6	0.12	0.0	1
296.63	0	0.0	0.0	0.0	0.0	0.0	1.0	1	1953	205.7	411.6	0.12	0.0	1
296.76	0	0.0	0.0	0.0	0.0	0.0	1.0	1	1953	205.7	411.6	0.12	0.0	1
296.87	0	0.0	0.0	0.0	0.0	0.0	1.0	1	1953	205.7	411.6	0.12	0.0	1
296.97	0	0.0	0.0	0.0	0.0	0.0	1.0	1	1953	205.7	411.6	0.12	0.0	1
297.07	0	0.0	0.0	0.0	0.0	0.0	1.0	1	1953	205.7	411.6	0.12	0.0	1
297.16	0	0.0	0.0	0.0	0.0	0.0	1.0	1	1953	205.7	411.6	0.12	0.0	1
297.27	0	0.0	0.0	0.0	0.0	0.0	1.0	1	1953	205.7	411.6	0.12	0.0	1
297.36	0	0.0	0.0	0.0	0.0	0.0	1.0	1	1953	205.7	411.6	0.12	0.0	1
297.47	0	0.0	0.0	0.0	0.0	0.0	1.0	1	1953	205.7	411.6	0.12	0.0	1
297.56	0	0.0	0.0	0.0	0.0	0.0	1.0	1	1953	205.7	411.6	0.12	0.0	1
297.67	0	0.0	0.0	0.0	0.0	0.0	1.0	1	1953	205.7	411.6	0.12	0.0	1
297.77	0	0.0	0.0	0.0	0.0	0.0	1.0	1	1953	205.7	411.6	0.12	0.0	1
297.86	0	0.0	0.0	0.0	0.0	0.0	1.0	1	1953	205.7	411.6	0.12	0.0	1
297.97	0	0.0	0.0	0.0	0.0	0.0	1.0	1	1953	205.7	411.6	0.12	0.0	1
298.07	0	0.0	0.0	0.0	0.0	0.0	1.0	1	1953	205.7	411.6	0.12	0.0	1
298.17	0	0.0	0.0	0.0	0.0	0.0	1.0	1	1953	205.7	411.6	0.12	0.0	1
298.27	0	0.0	0.0	0.0	0.0	0.0	1.0	1	1953	205.7	411.6	0.12	0.0	1
298.37	0	0.0	0.0	0.0	0.0	0.0	1.0	1	1953	205.7	411.6	0.12	0.0	1
298.47	0	0.0	0.0	0.0	0.0	0.0	1.0	1	1953	205.7	411.6	0.12	0.0	1
298.57	0	0.0	0.0	0.0	0.0	0.0	1.0	1	1953	205.7	411.6	0.12	0.0	1
298.67	0	0.0	0.0	0.0	0.0	0.0	1.0	1	1953	205.7	411.6	0.12	0.0	1
298.77	0	0.0	0.0	0.0	0.0	0.0	1.0	1	1953	205.7	411.6	0.12	0.0	1
298.87	0	0.0	0.0	0.0	0.0	0.0	1.0	1	1953	205.7	411.6	0.12	0.0	1
298.97	0	0.0	0.0	0.0	0.0	0.0	1.0	1	1953	205.7	411.6	0.12	0.0	1
299.07	0	0.0	0.0	0.0	0.0	0.0	1.0	1	1953	205.7	411.6	0.12	0.0	1
299.17	0	0.0	0.0	0.0	0.0	0.0	1.0	1	1953	205.7	411.6	0.12	0.0	1
299.27	0	0.0	0.0	0.0	0.0	0.0	1.0	1	1953	205.7	411.6	0.12	0.0	1
299.37	0	0.0	0.0	0.0	0.0	0.0	1.0	1	1953	205.7	411.6	0.12	0.0	1
299.47	0	0.0	0.0	0.0	0.0	0.0	1.0	1	1953	205.7	411.6	0.12	0.0	1
299.57	0	0.0	0.0	0.0	0.0	0.0	1.0	1	1953	205.7	411.6	0.12	0.0	1
299.67	0	0.0	0.0	0.0	0.0	0.0	1.0	1	1953	205.7	411.6	0.12	0.0	1
299.77	0	0.0	0.0	0.0	0.0	0.0	1.0	1	1953	205.7	411.6	0.12	0.0	1
299.87	0	0.0	0.0	0.0	0.0	0.0	1.0	1	1953	205.7	411.6	0.12	0.0	1
299.97	0	0.0	0.0	0.0	0.0	0.0	1.0	1	1953	205.7	411.6	0.12	0.0	1
300.07	0	0.0	0.0	0.0	0.0	0.0	1.0	1	1953	205.7	411.6	0.12	0.0	1
300.17	0	0.0	0.0	0.0	0.0	0.0	1.0	1	1953	205.7	411.6	0.12	0.0	1
300.27	0	0.0	0.0	0.0	0.0	0.0	1.0	1	1953	205.7	411.6	0.12	0.0	1
300.37	0	0.0	0.0	0.0	0.0	0.0	1.0	1	1953	205.7	411.6	0.12	0.0	1
300.47	0	0.0	0.0	0.0	0.0	0.0	1.0	1	1953	205.7	411.6	0.12	0.0	1
300.57	0	0.0	0.0	0.0	0.0	0.0	1.0	1	1953	205.7	411.6	0.12	0.0	1
300.67	0	0.0	0.0	0.0	0.0	0.0	1.0	1	1953	205.7	411.6	0.12	0.0	1
300.77	0	0.0	0.0	0.0	0.0	0.0	1.0	1	1953	205.7	411.6	0.12	0.0	1
300.87	0	0.0	0.0	0.0	0.0	0.0	1.0	1	1953	205.7	411.6	0.12	0.0	1
300.97	0	0.0	0.0	0.0	0.0	0.0	1.0	1	1953	205.7	411.6	0.12	0.0	1
301.07	0	0.0	0.0	0.0	0.0	0.0	1.0	1	1953	205.7	411.6	0.12	0.0	1
301.17	0	0.0	0.0	0.0	0.0	0.0	1.0	1	1953	205.7	411.6	0.12	0.0	1
301.27	0	0.0	0.0	0.0	0.0	0.0	1.0	1	1953	205.7	411.6	0.12	0.0	1
301.37	0	0.0	0.0	0.0	0.0	0.0	1.0	1	1953	205.7	411.6	0.12	0.0	1
301.47	0	0.0	0.0	0.0	0.0	0.0	1.0	1	1953	205.7	411.6	0.12	0.0	1
301.57	0	0.0	0.0	0.0	0.0	0.0	1.0	1	1953	205.7	411.6	0.12	0.0	1
301.67	0	0.0	0.0	0.0	0.0	0.0	1.0	1	1953	205.7	411.6	0.12	0.0	1
301.77	0	0.0	0.0	0.0	0.0	0.0	1.0	1	1953	205.7	411.6	0.12	0.0	1
301.87	0	0.0	0.0	0.0	0.0	0.0	1.0	1	1953	205.7	411.6	0.12	0.0	1
301.97	0	0.0	0.0	0.0	0.0	0.0	1.0	1	1953	205.7	411.6	0.12	0.0	1
302.07	0	0.0	0.0	0.0	0.0	0.0	1.0	1	1953	205.7	411.6	0.12	0.0	1
302.17	0	0.0	0.0	0.0	0.0	0.0	1.0	1	1953	205.7	411.6	0.12	0.0	1
302.27	0	0.0	0.0	0.0	0.0	0.0	1.0	1	1953	205.7	411.6	0.12	0.0	1
302.37	0	0.0	0.0	0.0	0.0	0.0	1.0	1	1953	205.7	411.6	0.12	0.0	1
302.47	0	0.0	0.0	0.0	0.0	0.0	1.0	1	1953	205.7	411.6	0.12	0.0	1
302.57	0	0.0	0.0	0.0	0.0	0.0	1.0	1	1953	205.7	411.6	0.12	0.0	1
302.67	0	0.0	0.0	0.0	0.0	0.0	1.0	1	1953	205.7	411.6	0.12	0.0	1
302.77	0	0.0	0.0	0.0	0.0	0.0	1.0	1	1953	205.7	411.6	0.12	0.0	1
302.87	0	0.0	0.0	0.0	0.0	0.0	1.0	1	1953	205.7	411.6	0.12	0.0	1
302.97	0	0.0	0.0	0.0	0.0	0.0	1.0	1	1953	205.7	411.6	0.12	0.0	1
303.07	0	0.0	0.0	0.0	0.0	0.0	1.0	1	1953	205.7	411.6	0.12	0.0	1
303.17	0	0.0	0.0	0.0	0.0	0.0	1.0	1	1953	205.7	411.6	0.12	0.0	1
303.27	0	0.0	0.0	0.0	0.0	0.0	1.0	1	1953	205.7	411.6	0.12	0.0	1
303.37	0	0.0	0.0	0.0	0.0	0.0	1.0	1	1953	205.7	411.6	0.12	0.0	1
303.47	0	0.0	0.0	0.0	0.0	0.0	1.0	1	1953	205.7	411.6	0.12	0.0	1
303.57	0	0.0	0.0	0.0	0.0	0.0	1.0	1	1953	205.7	411.6	0.12	0.0	1
303.67	0	0.0	0.0	0.0	0.0	0.0	1.0	1	1953	205.7	411.6	0.12	0.0	1
303.77	0	0.0	0.0	0.0	0.0	0.0	1.0	1	1953	205.7	411.6	0.12	0.0	1
303.87	0	0.0	0.0	0.0	0.0	0.0	1.0	1	1953	205.7	411.6	0.12	0.0	1
303.97	0	0.0	0.0	0.0	0.0	0.0	1.0	1	1953	205.7	411.6	0.12	0.0	1
304.07	0	0.0	0.0	0.0	0.0	0.0	1.0	1	1953	205.7	411.6	0.12	0.0	1
304.17	0	0.0	0.0	0.0	0.0	0.0	1.0	1	1953	205.7	411.6	0.12	0.0	1
304.27	0	0.0	0.0	0.0	0.0	0.0	1.0	1	1953	205.7	411.6	0.12	0.0	1
304.37	0	0.0	0.0	0.0	0.0	0.0	1.0	1	1953	205.7	411.6	0.12	0.0	1
304.47	0	0.0	0.0	0.0	0.0	0.0	1.0	1	1953	205.7	411.6	0.12	0.0	1
304.57	0	0.0	0.0	0.0	0.0	0.0	1.0	1	1953	205.7	411.6	0.12	0.0	1
304.67	0	0.0	0.0	0.0	0.0	0.0	1.0	1	1953	205.7	411.6	0.12	0.0	1
304.77	0	0.0	0.0	0.0	0.0	0.0	1.0	1	1953	205.7	411.6	0.12	0.0	1
304.87	0	0.0	0.0	0.0	0.0	0.0	1.0	1	1953	205.7	411.6	0.12	0.0	1
304.97	0	0.0	0.0	0.0	0.0	0.0	1.0	1	1953	205.7	411.6	0.12	0.0	1
305.07	0	0.0	0.0	0.0	0.0	0.0	1.0	1	1953	205.7	411.6	0.12	0.0	1
305.17	0	0.0	0.0	0.0	0.0	0.0	1.0	1	1953	205.7	411.6	0.12	0.0	1
305.27	0	0.0	0.0	0.0	0.0	0.0	1.0	1	1953	205.7	411.6	0.12	0.0	1
305.37	0	0.0	0.0	0.0	0.0	0.0	1.0	1	1953	205.7	411.6	0.12	0.0	1
305.47	0	0.0	0.0	0.0	0.0	0.0	1.0	1	1953	205.7	411.6	0.12	0.0	1
305.57	0	0.0	0.0	0.0	0.0	0.0	1.0	1	1953	205.7	411.6	0.12	0.0	1
305.68	0	0.0	0.0	0.0	0.0	0.0	1.0	1	1953	205.7	411.6	0.12	0.0	1
305.78	0	0.0	0.0	0.0	0.0	0.0	1.0	1	1953	205.7	411.6	0.12	0.0	1
305.88	0	0.0	0.0	0.0	0.0	0.0	1.0	1	1953	205.7	411.6	0.12	0.0	1
305.98	0	0.0	0.0	0.0	0.0	0.0	1.0	1	1953	205.7	411.6	0.12	0.0	1
306.08	0	0.0	0.0	0.0	0.0	0.0	1.0	1	1953	205.7	411.6	0.12	0.0	1
306.18	0	0.0	0.0	0.0	0.0	0.0	1.0	1	1953	205.7	411.6	0.12	0.0	1
306.28	0	0.0	0.0	0.0	0.0	0.0	1.0	1	1953	205.7	411.6	0.12	0.0	1
306.38	0	0.0	0.0	0.0	0.0	0.0	1.0	1	1953	205.7	411.6	0.12	0.0	1
306.48	0	0.0	0.0	0.0	0.0	0.0	1.0	1	1953	205.7	411.6	0.12	0.0	1
306.58	0	0.0	0.0	0.0	0.0	0.0	1.0	1	1953	205.7	411.6	0.12	0.0	1
306.69	0	0.0	0.0	0.0	0.0	0.0	1.0	1	1953	205.7	411.6	0.12	0.0	1
306.78	0	0.0	0.0	0.0	0.0	0.0	1.0	1	1953	205.7	411.6	0.12	0.0	1
306.88	0	0.0	0.0	0.0	0.0	0.0	1.0	1	1953	205.7	411.6	0.12	0.0	1
306.98	0	0.0	0.0	0.0	0.0	0.0	1.0	1	1953	205.7	411.6	0.12	0.0	1
307.08	0	0.0	0.0	0.0	0.0	0.0	1.0	1	1953	205.7	411.6	0.12	0.0	1
307.18	0	0.0	0.0	0.0	0.0	0.0	1.0	1	1953	205.7	411.6	0.12	0.0	1
307.28	0	0.0	0.0	0.0	0.0	0.0	1.0	1	1953	205.7	411.6	0.12	0.0	1
307.38	0	0.0	0.0	0.0	0.0	0.0	1.0	1	1953	205.7	411.6	0.12	0.0	1
307.48	0	0.0	0.0	0.0	0.0	0.0	1.0	1	1953	205.7	411.6	0.12	0.0	1
307.58	0	0.0	0.0	0.0	0.0	0.0	1.0	1	1953	205.7	411.6	0.12	0.0	1
307.68	0	0.0	0.0	0.0	0.0	0.0	1.0	1	1953	205.7	411.6	0.12	0.0	1
307.78	0	0.0	0.0	0.0	0.0	0.0	1.0	1	1953	205.7	411.6	0.12	0.0	1
307.88	0	0.0	0.0	0.0	0.0	0.0	1.0	1	1953	205.7	411.6	0.12	0.0	1
307.98	0	0.0	0.0	0.0	0.0	0.0	1.0	1	1953	205.7	411.6	0.12	0.0	1
308.08	0	0.0	0.0	0.0	0.0	0.0	1.0	1	1953	205.7	411.6	0.12	0.0	1
308.18	0	0.0	0.0	0.0	0.0	0.0	1.0	1	1953	205.7	411.6	0.12	0.0	1
308.28	0	0.0	0.0	0.0	0.0	0.0	1.0	1	1953	205.7	411.6	0.12	0.0	1
308.39	0	0.0	0.0	0.0	0.0	0.0	1.0	1	1953	205.7	411.6	0.12	0.0	1
308.48	0	0.0	0.0	0.0	0.0	0.0	1.0	1	1953	205.7	411.6	0.12	0.0	1
308.58	0	0.0	0.0	0.0	0.0	0.0	1.0	1	1953	205.7	411.6	0.12	0.0	1
308.68	0	0.0	0.0	0.0	0.0	0.0	1.0	1	1953	205.7	411.6	0.12	0.0	1
308.78	0	0.0	0.0	0.0	0.0	0.0	1.0	1	1953	205.7	411.6	0.12	0.0	1
308.89	0	0.0	0.0	0.0	0.0	0.0	1.0	1	1953	205.7	411.6	0.12	0.0	1
308.98	0	0.0	0.0	0.0	0.0	0.0	1.0	1	1953	205.7	411.6	0.12	0.0	1
309.08	0	0.0	0.0	0.0	0.0	0.0	1.0	1	1953	205.7	411.6	0.12	0.0	1
309.19	0	0.0	0.0	0.0	0.0	0.0	1.0	1	1953	205.7	411.6	0.12	0.0	1
309.29	0	0.0	0.0	0.0	0.0	0.0	1.0	1	1953	205.7	411.6	0.12	0.0	1
309.39	0	0.0	0.0	0.0	0.0	0.0	1.0	1	1953	205.7	411.6	0.12	0.0	1
309.49	0	0.0	0.0	0.0	0.0	0.0	1.0	1	1953	205.7	411.6	0.12	0.0	1
309.59	0	0.0	0.0	0.0	0.0	0.0	1.0	1	1953	205.7	411.6	0.12	0.0	1
309.69	0	0.0	0.0	0.0	0.0	0.0	1.0	1	1953	205.7	411.6	0.12	0.0	1
309.79	0	0.0	0.0	0.0	0.0	0.0	1.0	1	1953	205.7	411.6	0.12	0.0	1
309.89	0	0.0	0.0	0.0	0.0	0.0	1.0	1	1953	205.7	411.6	0.12	0.0	1
309.99	0	0.0	0.0	0.0	0.0	0.0	1.0	1	1953	205.7	411.6	0.12	0.0	1
310.09	0	0.0	0.0	0.0	0.0	0.0	1.0	1	1953	205.7	411.6	0.12	0.0	1
310.19	0	0.0	0.0	0.0	0.0	0.0	1.0	1	1953	205.7	411.6	0.12	0.0	1
310.29	0	0.0	0.0	0.0	0.0	0.0	1.0	1	1953	205.7	411.6	0.12	0.0	1
310.39	0	0.0	0.0	0.0	0.0	0.0	1.0	1	1953	205.7	411.6	0.12	0.0	1
310.49	0	0.0	0.0	0.0	0.0	0.0	1.0	1	1953	205.7	411.6	0.12	0.0	1
310.59	0	0.0	0.0	0.0	0.0	0.0	1.0	1	1953	205.7	411.6	0.12	0.0	1
310.69	0	0.0	0.0	0.0	0.0	0.0	1.0	1	1953	205.7	411.6	0.12	0.0	1
310.79	0	0.0	0.0	0.0	0.0	0.0	1.0	1	1953	205.7	411.6	0.12	0.0	1
310.89	0	0.0	0.0	0.0	0.0	0.0	1.0	1	1953	205.7	411.6	0.12	0.0	1
310.99	0	0.0	0.0	0.0	0.0	0.0	1.0	1	1953	205.7	411.6	0.12	0.0	1
311.09	0	0.0	0.0	0.0	0.0	0.0	1.0	1	1953	205.7	411.6	0.12	0.0	1
311.19	0	0.0	0.0	0.0	0.0	0.0	1.0	1	1953	205.7	411.6	0.12	0.0	1
311.3	0	0.0	0.0	0.0	0.0	0.0	1.0	1	1953	205.7	411.6	0.12	0.0	1
311.4	0	0.0	0.0	0.0	0.0	0.0	1.0	1	1953	205.7	411.6	0.12	0.0	1
311.5	0	0.0	0.0	0.0	0.0	0.0	1.0	1	1953	205.7	411.6	0.12	0.0	1
311.6	0	0.0	0.0	0.0	0.0	0.0	1.0	1	1953	205.7	411.6	0.12	0.0	1
311.7	0	0.0	0.0	0.0	0.0	0.0	1.0	1	1953	205.7	411.6	0.12	0.0	1
311.8	0	0.0	0.0	0.0	0.0	0.0	1.0	1	1953	205.7	411.6	0.12	0.0	1
311.9	0	0.0	0.0	0.0	0.0	0.0	1.0	1	1953	205.7	411.6	0.12	0.0	1
312.0	0	0.0	0.0	0.0	0.0	0.0	1.0	1	1953	205.7	411.6	0.12	0.0	1
312.1	0	0.0	0.0	0.0	0.0	0.0	1.0	1	1953	205.7	411.6	0.12	0.0	1
312.2	0	0.0	0.0	0.0	0.0	0.0	1.0	1	1953	205.7	411.6	0.12	0.0	1
312.3	0	0.0	0.0	0.0	0.0	0.0	1.0	1	1953	205.7	411.6	0.12	0.0	1
312.4	0	0.0	0.0	0.0	0.0	0.0	1.0	1	1953	205.7	411.6	0.12	0.0	1
312.5	0	0.0	0.0	0.0	0.0	0.0	1.0	1	1953	205.7	411.6	0.12	0.0	1
312.6	0	0.0	0.0	0.0	0.0	0.0	1.0	1	1953	205.7	411.6	0.12	0.0	1
312.7	0	0.0	0.0	0.0	0.0	0.0	1.0	1	1953	205.7	411.6	0.12	0.0	1
312.8	0	0.0	0.0	0.0	0.0	0.0	1.0	1	1953	205.7	411.6	0.12	0.0	1
312.9	0	0.0	0.0	0.0	0.0	0.0	1.0	1	1953	205.7	411.6	0.12	0.0	1
313.0	0	0.0	0.0	0.0	0.0	0.0	1.0	1	1953	205.7	411.6	0.12	0.0	1
313.1	0	0.0	0.0	0.0	0.0	0.0	1.0	1	1953	205.7	411.6	0.12	0.0	1
313.2	0	0.0	0.0	0.0	0.0	0.0	1.0	1	1953	205.7	411.6	0.12	0.0	1
313.31	0	0.0	0.0	0.0	0.0	0.0	1.0	1	1953	205.7	411.6	0.12	0.0	1
313.41	0	0.0	0.0	0.0	0.0	0.0	1.0	1	1953	205.7	411.6	0.12	0.0	1
313.51	0	0.0	0.0	0.0	0.0	0.0	1.0	1	1953	205.7	411.6	0.12	0.0	1
313.61	0	0.0	0.0	0.0	0.0	0.0	1.0	1	1953	205.7	411.6	0.12	0.0	1
313.71	0	0.0	0.0	0.0	0.0	0.0	1.0	1	1953	205.7	411.6	0.12	0.0	1
313.81	0	0.0	0.0	0.0	0.0	0.0	1.0	1	1953	205.7	411.6	0.12	0.0	1
313.9	0	0.0	0.0	0.0	0.0	0.0	1.0	1	1953	205.7	411.6	0.12	0.0	1
314.01	0	0.0	0.0	0.0	0.0	0.0	1.0	1	1953	205.7	411.6	0.12	0.0	1
314.11	0	0.0	0.0	0.0	0.0	0.0	1.0	1	1953	205.7	411.6	0.12	0.0	1
314.21	0	0.0	0.0	0.0	0.0	0.0	1.0	1	1953	205.7	411.6	0.12	0.0	1
314.31	0	0.0	0.0	0.0	0.0	0.0	1.0	1	1953	205.7	411.6	0.12	0.0	1
314.41	0	0.0	0.0	0.0	0.0	0.0	1.0	1	1953	205.7	411.6	0.12	0.0	1
314.51	0	0.0	0.0	0.0	0.0	0.0	1.0	1	1953	205.7	411.6	0.12	0.0	1
314.61	0	0.0	0.0	0.0	0.0	0.0	1.0	1	1953	205.7	411.6	0.12	0.0	1
314.71	0	0.0	0.0	0.0	0.0	0.0	1.0	1	1953	205.7	411.6	0.12	0.0	1
314.81	0	0.0	0.0	0.0	0.0	0.0	1.0	1	1953	205.7	411.6	0.12	0.0	1
314.91	0	0.0	0.0	0.0	0.0	0.0	1.0	1	1953	205.7	411.6	0.12	0.0	1
315.01	0	0.0	0.0	0.0	0.0	0.0	1.0	1	1953	205.7	411.6	0.12	0.0	1
315.11	0	0.0	0.0	0.0	0.0	0.0	1.0	1	1953	205.7	411.6	0.12	0.0	1
315.21	0	0.0	0.0	0.0	0.0	0.0	1.0	1	1953	205.7	411.6	0.12	0.0	1
315.31	0	0.0	0.0	0.0	0.0	0.0	1.0	1	1953	205.7	411.6	0.12	0.0	1
315.41	0	0.0	0.0	0.0	0.0	0.0	1.0	1	1953	205.7	411.6	0.12	0.0	1
315.51	0	0.0	0.0	0.0	0.0	0.0	1.0	1	1953	205.7	411.6	0.12	0.0	1
315.61	0	0.0	0.0	0.0	0.0	0.0	1.0	1	1953	205.7	411.6	0.12	0.0	1
315.71	0	0.0	0.0	0.0	0.0	0.0	1.0	1	1953	205.7	411.6	0.12	0.0	1
315.81	0	0.0	0.0	0.0	0.0	0.0	1.0	1	1953	205.7	411.6	0.12	0.0	1
315.91	0	0.0	0.0	0.0	0.0	0.0	1.0	1	1953	205.7	411.6	0.12	0.0	1
316.01	0	0.0	0.0	0.0	0.0	0.0	1.0	1	1953	205.7	411.6	0.12	0.0	1
316.11	0	0.0	0.0	0.0	0.0	0.0	1.0	1	1953	205.7	411.6	0.12	0.0	1
316.21	0	0.0	0.0	0.0	0.0	0.0	1.0	1	1953	205.7	411.6	0.12	0.0	1
316.31	0	0.0	0.0	0.0	0.0	0.0	1.0	1	1953	205.7	411.6	0.12	0.0	1
316.41	0	0.0	0.0	0.0	0.0	0.0	1.0	1	1953	205.7	411.6	0.12	0.0	1
316.51	0	0.0	0.0	0.0	0.0	0.0	1.0	1	1953	205.7	411.6	0.12	0.0	1
316.61	0	0.0	0.0	0.0	0.0	0.0	1.0	1	1953	205.7	411.6	0.12	0.0	1
316.75	0	0.0	0.0	0.0	0.0	0.0	1.0	1	1953	205.7	411.6	0.12	0.0	1
316.85	0	0.0	0.0	0.0	0.0	0.0	1.0	1	1953	205.7	411.6	0.12	0.0	1
316.95	0	0.0	0.0	0.0	0.0	0.0	1.0	1	1953	205.7	411.6	0.12	0.0	1
317.05	0	0.0	0.0	0.0	0.0	0.0	1.0	1	1953	205.7	411.6	0.12	0.0	1
317.15	0	0.0	0.0	0.0	0.0	0.0	1.0	1	1953	205.7	411.6	0.12	0.0	1
317.25	0	0.0	0.0	0.0	0.0	0.0	1.0	1	1953	205.7	411.6	0.12	0.0	1
317.35	0	0.0	0.0	0.0	0.0	0.0	1.0	1	1953	205.7	411.6	0.12	0.0	1
317.45	0	0.0	0.0	0.0	0.0	0.0	1.0	1	1953	205.7	411.6	0.12	0.0	1
317.55	0	0.0	0.0	0.0	0.0	0.0	1.0	1	1953	205.7	411.6	0.12	0.0	1
317.65	0	0.0	0.0	0.0	0.0	0.0	1.0	1	1953	205.7	411.6	0.12	0.0	1
317.75	0	0.0	0.0	0.0	0.0	0.0	1.0	1	1953	205.7	411.6	0.12	0.0	1
317.85	0	0.0	0.0	0.0	0.0	0.0	1.0	1	1953	205.7	411.6	0.12	0.0	1
317.95	0	0.0	0.0	0.0	0.0	0.0	1.0	1	1953	205.7	411.6	0.12	0.0	1
318.05	0	0.0	0.0	0.0	0.0	0.0	1.0	1	1953	205.7	411.6	0.12	0.0	1
318.15	0	0.0	0.0	0.0	0.0	0.0	1.0	1	1953	205.7	411.6	0.12	0.0	1
318.25	0	0.0	0.0	0.0	0.0	0.0	1.0	1	1953	205.7	411.6	0.12	0.0	1
318.35	0	0.0	0.0	0.0	0.0	0.0	1.0	1	1953	205.7	411.6	0.12	0.0	1
318.45	0	0.0	0.0	0.0	0.0	0.0	1.0	1	1953	205.7	411.6	0.12	0.0	1
318.55	0	0.0	0.0	0.0	0.0	0.0	1.0	1	1953	205.7	411.6	0.12	0.0	1
318.65	0	0.0	0.0	0.0	0.0	0.0	1.0	1	1953	205.7	411.6	0.12	0.0	1
318.75	0	0.0	0.0	0.0	0.0	0.0	1.0	1	1953	205.7	411.6	0.12	0.0	1
318.85	0	0.0	0.0	0.0	0.0	0.0	1.0	1	1953	205.7	411.6	0.12	0.0	1
318.95	0	0.0	0.0	0.0	0.0	0.0	1.0	1	1953	205.7	411.6	0.12	0.0	1
319.05	0	0.0	0.0	0.0	0.0	0.0	1.0	1	1953	205.7	411.6	0.12	0.0	1
319.15	0	0.0	0.0	0.0	0.0	0.0	1.0	1	1953	205.7	411.6	0.12	0.0	1
319.25	0	0.0	0.0	0.0	0.0	0.0	1.0	1	1953	205.7	411.6	0.12	0.0	1
319.35	0	0.0	0.0	0.0	0.0	0.0	1.0	1	1953	205.7	411.6	0.12	0.0	1
319.45	0	0.0	0.0	0.0	0.0	0.0	1.0	1	1953	205.7	411.6	0.12	0.0	1
319.55	0	0.0	0.0	0.0	0.0	0.0	1.0	1	1953	205.7	411.6	0.12	0.0	1
319.65	0	0.0	0.0	0.0	0.0	0.0	1.0	1	1953	205.7	411.6	0.12	0.0	1
319.75	0	0.0	0.0	0.0	0.0	0.0	1.0	1	1953	205.7	411.6	0.12	0.0	1
319.85	0	0.0	0.0	0.0	0.0	0.0	1.0	1	1953	205.7	411.6	0.12	0.0	1
319.95	0	0.0	0.0	0.0	0.0	0.0	1.0	1	1953	205.7	411.6	0.12	0.0	1
320.05	0	0.0	0.0	0.0	0.0	0.0	1.0	1	1953	205.7	411.6	0.12	0.0	1
320.15	0	0.0	0.0	0.0	0.0	0.0	1.0	1	1953	205.7	411.6	0.12	0.0	1
320.25	0	0.0	0.0	0.0	0.0	0.0	1.0	1	1953	205.7	411.6	0.12	0.0	1
320.35	0	0.0	0.0	0.0	0.0	0.0	1.0	1	1953	205.7	411.6	0.12	0.0	1
320.45	0	0.0	0.0	0.0	0.0	0.0	1.0	1	1953	205.7	411.6	0.13	0.0	1
320.55	0	0.0	0.0	0.0	0.0	0.0	1.0	1	1953	205.7	411.6	0.13	0.0	1
320.65	0	0.0	0.0	0.0	0.0	0.0	1.0	1	1953	205.7	411.6	0.13	0.0	1
320.75	0	0.0	0.0	0.0	0.0	0.0	1.0	1	1953	205.7	411.6	0.13	0.0	1
320.85	0	0.0	0.0	0.0	0.0	0.0	1.0	1	1953	205.7	411.6	0.13	0.0	1
320.95	0	0.0	0.0	0.0	0.0	0.0	1.0	1	1953	205.7	411.6	0.13	0.0	1
321.05	0	0.0	0.0	0.0	0.0	0.0	1.0	1	1953	205.7	411.6	0.13	0.0	1
321.15	0	0.0	0.0	0.0	0.0	0.0	1.0	1	1953	205.7	411.6	0.13	0.0	1
321.25	0	0.0	0.0	0.0	0.0	0.0	1.0	1	1953	205.7	411.6	0.13	0.0	1
321.35	0	0.0	0.0	0.0	0.0	0.0	1.0	1	1953	205.7	411.6	0.13	0.0	1
321.45	0	0.0	0.0	0.0	0.0	0.0	1.0	1	1953	205.7	411.6	0.13	0.0	1
321.55	0	0.0	0.0	0.0	0.0	0.0	1.0	1	1953	205.7	411.6	0.13	0.0	1
321.65	0	0.0	0.0	0.0	0.0	0.0	1.0	1	1953	205.7	411.6	0.13	0.0	1
321.75	0	0.0	0.0	0.0	0.0	0.0	1.0	1	1953	205.7	411.6	0.13	0.0	1
321.85	0	0.0	0.0	0.0	0.0	0.0	1.0	1	1953	205.7	411.6	0.13	0.0	1
321.95	0	0.0	0.0	0.0	0.0	0.0	1.0	1	1953	205.7	411.6	0.13	0.0	1
322.05	0	0.0	0.0	0.0	0.0	0.0	1.0	1	1953	205.7	411.6	0.13	0.0	1
322.15	0	0.0	0.0	0.0	0.0	0.0	1.0	1	1953	205.7	411.6	0.13	0.0	1
322.25	0	0.0	0.0	0.0	0.0	0.0	1.0	1	1953	205.7	411.6	0.13	0.0	1
322.35	0	0.0	0.0	0.0	0.0	0.0	1.0	1	1953	205.7	411.6	0.13	0.0	1
322.45	0	0.0	0.0	0.0	0.0	0.0	1.0	1	1953	205.7	411.6	0.13	0.0	1
322.55	0	0.0	0.0	0.0	0.0	0.0	1.0	1	1953	205.7	411.6	0.13	0.0	1
322.65	0	0.0	0.0	0.0	0.0	0.0	1.0	1	1953	205.7	411.6	0.13	0.0	1
322.75	0	0.0	0.0	0.0	0.0	0.0	1.0	1	1953	205.7	411.6	0.13	0.0	1
322.85	0	0.0	0.0	0.0	0.0	0.0	1.0	1	1953	205.7	411.6	0.13	0.0	1
322.95	0	0.0	0.0	0.0	0.0	0.0	1.0	1	1953	205.7	411.6	0.13	0.0	1
323.05	0	0.0	0.0	0.0	0.0	0.0	1.0	1	1953	205.7	411.6	0.13	0.0	1
323.15	0	0.0	0.0	0.0	0.0	0.0	1.0	1	1953	205.7	411.6	0.13	0.0	1
323.25	0	0.0	0.0	0.0	0.0	0.0	1.0	1	1953	205.7	411.6	0.13	0.0	1
323.35	0	0.0	0.0	0.0	0.0	0.0	1.0	1	1953	205.7	411.6	0.13	0.0	1
323.45	0	0.0	0.0	0.0	0.0	0.0	1.0	1	1953	205.7	411.6	0.13	0.0	1
323.55	0	0.0	0.0	0.0	0.0	0.0	1.0	1	1953	205.7	411.6	0.13	0.0	1
323.65	0	0.0	0.0	0.0	0.0	0.0	1.0	1	1953	205.7	411.6	0.13	0.0	1
323.75	0	0.0	0.0	0.0	0.0	0.0	1.0	1	1953	205.7	411.6	0.13	0.0	1
323.85	0	0.0	0.0	0.0	0.0	0.0	1.0	1	1953	205.7	411.6	0.13	0.0	1
323.95	0	0.0	0.0	0.0	0.0	0.0	1.0	1	1953	205.7	411.6	0.13	0.0	1
324.05	0	0.0	0.0	0.0	0.0	0.0	1.0	1	1953	205.7	411.6	0.13	0.0	1
324.15	0	0.0	0.0	0.0	0.0	0.0	1.0	1	1953	205.7	411.6	0.13	0.0	1
324.25	0	0.0	0.0	0.0	0.0	0.0	1.0	1	1953	205.7	411.6	0.13	0.0	1
324.35	0	0.0	0.0	0.0	0.0	0.0	1.0	1	1953	205.7	411.6	0.13	0.0	1
324.45	0	0.0	0.0	0.0	0.0	0.0	1.0	1	1953	205.7	411.6	0.13	0.0	1
324.55	0	0.0	0.0	0.0	0.0	0.0	1.0	1	1953	205.7	411.6	0.13	0.0	1
324.65	0	0.0	0.0	0.0	0.0	0.0	1.0	1	1953	205.7	411.6	0.13	0.0	1
324.75	0	0.0	0.0	0.0	0.0	0.0	1.0	1	1953	205.7	411.6	0.13	0.0	1
324.85	0	0.0	0.0	0.0	0.0	0.0	1.0	1	1953	205.7	411.6	0.13	0.0	1
324.95	0	0.0	0.0	0.0	0.0	0.0	1.0	1	1953	205.7	411.6	0.13	0.0	1
325.05	0	0.0	0.0	0.0	0.0	0.0	1.0	1	1953	205.7	411.6	0.13	0.0	1
325.15	0	0.0	0.0	0.0	0.0	0.0	1.0	1	1953	205.7	411.6	0.13	0.0	1
325.25	0	0.0	0.0	0.0	0.0	0.0	1.0	1	1953	205.7	411.6	0.13	0.0	1
325.35	0	0.0	0.0	0.0	0.0	0.0	1.0	1	1953	205.7	411.6	0.13	0.0	1
325.45	0	0.0	0.0	0.0	0.0	0.0	1.0	1	1953	205.7	411.6	0.13	0.0	1
325.55	0	0.0	0.0	0.0	0.0	0.0	1.0	1	1953	205.7	411.6	0.13	0.0	1
325.66	0	0.0	0.0	0.0	0.0	0.0	1.0	1	1953	205.7	411.6	0.13	0.0	1
325.75	0	0.0	0.0	0.0	0.0	0.0	1.0	1	1953	205.7	411.6	0.13	0.0	1
325.85	0	0.0	0.0	0.0	0.0	0.0	1.0	1	1953	205.7	411.6	0.13	0.0	1
325.95	0	0.0	0.0	0.0	0.0	0.0	1.0	1	1953	205.7	411.6	0.13	0.0	1
326.05	0	0.0	0.0	0.0	0.0	0.0	1.0	1	1953	205.7	411.6	0.13	0.0	1
326.15	0	0.0	0.0	0.0	0.0	0.0	1.0	1	1953	205.7	411.6	0.13	0.0	1
326.25	0	0.0	0.0	0.0	0.0	0.0	1.0	1	1953	205.7	411.6	0.13	0.0	1
326.35	0	0.0	0.0	0.0	0.0	0.0	1.0	1	1953	205.7	411.6	0.13	0.0	1
326.45	0	0.0	0.0	0.0	0.0	0.0	1.0	1	1953	205.7	411.6	0.13	0.0	1
326.55	0	0.0	0.0	0.0	0.0	0.0	1.0	1	1953	205.7	411.6	0.13	0.0	1
326.67	0	0.0	0.0	0.0	0.0	0.0	1.0	1	1953	205.7	411.6	0.13	0.0	1
326.76	0	0.0	0.0	0.0	0.0	0.0	1.0	1	1953	205.7	411.6	0.13	0.0	1
326.86	0	0.0	0.0	0.0	0.0	0.0	1.0	1	1953	205.7	411.6	0.13	0.0	1
326.96	0	0.0	0.0	0.0	0.0	0.0	1.0	1	1953	205.7	411.6	0.13	0.0	1
327.06	0	0.0	0.0	0.0	0.0	0.0	1.0	1	1953	205.7	411.6	0.13	0.0	1
327.16	0	0.0	0.0	0.0	0.0	0.0	1.0	1	1953	205.7	411.6	0.13	0.0	1
327.26	0	0.0	0.0	0.0	0.0	0.0	1.0	1	1953	205.7	411.6	0.13	0.0	1
327.36	0	0.0	0.0	0.0	0.0	0.0	1.0	1	1953	205.7	411.6	0.13	0.0	1
327.46	0	0.0	0.0	0.0	0.0	0.0	1.0	1	1953	205.7	411.6	0.13	0.0	1
327.56	0	0.0	0.0	0.0	0.0	0.0	1.0	1	1953	205.7	411.6	0.13	0.0	1
327.66	0	0.0	0.0	0.0	0.0	0.0	1.0	1	1953	205.7	411.6	0.13	0.0	1
327.76	0	0.0	0.0	0.0	0.0	0.0	1.0	1	1953	205.7	411.6	0.13	0.0	1
327.86	0	0.0	0.0	0.0	0.0	0.0	1.0	1	1953	205.7	411.6	0.13	0.0	1
327.96	0	0.0	0.0	0.0	0.0	0.0	1.0	1	1953	205.7	411.6	0.13	0.0	1
328.06	0	0.0	0.0	0.0	0.0	0.0	1.0	1	1953	205.7	411.6	0.13	0.0	1
328.16	0	0.0	0.0	0.0	0.0	0.0	1.0	1	1953	205.7	411.6	0.13	0.0	1
328.26	0	0.0	0.0	0.0	0.0	0.0	1.0	1	1953	205.7	411.6	0.13	0.0	1
328.36	0	0.0	0.0	0.0	0.0	0.0	1.0	1	1953	205.7	411.6	0.13	0.0	1
328.46	0	0.0	0.0	0.0	0.0	0.0	1.0	1	1953	205.7	411.6	0.13	0.0	1
328.56	0	0.0	0.0	0.0	0.0	0.0	1.0	1	1953	205.7	411.6	0.13	0.0	1
328.66	0	0.0	0.0	0.0	0.0	0.0	1.0	1	1953	205.7	411.6	0.13	0.0	1
328.76	0	0.0	0.0	0.0	0.0	0.0	1.0	1	1953	205.7	411.6	0.13	0.0	1
328.86	0	0.0	0.0	0.0	0.0	0.0	1.0	1	1953	205.7	411.6	0.13	0.0	1
328.96	0	0.0	0.0	0.0	0.0	0.0	1.0	1	1953	205.7	411.6	0.13	0.0	1
329.06	0	0.0	0.0	0.0	0.0	0.0	1.0	1	1953	205.7	411.6	0.13	0.0	1
329.16	0	0.0	0.0	0.0	0.0	0.0	1.0	1	1953	205.7	411.6	0.13	0.0	1
329.26	0	0.0	0.0	0.0	0.0	0.0	1.0	1	1953	205.7	411.6	0.13	0.0	1
329.36	0	0.0	0.0	0.0	0.0	0.0	1.0	1	1953	205.7	411.6	0.13	0.0	1
329.47	0	0.0	0.0	0.0	0.0	0.0	1.0	1	1953	205.7	411.6	0.13	0.0	1
329.57	0	0.0	0.0	0.0	0.0	0.0	1.0	1	1953	205.7	411.6	0.13	0.0	1
329.67	0	0.0	0.0	0.0	0.0	0.0	1.0	1	1953	205.7	411.6	0.13	0.0	1
329.77	0	0.0	0.0	0.0	0.0	0.0	1.0	1	1953	205.7	411.6	0.13	0.0	1
329.87	0	0.0	0.0	0.0	0.0	0.0	1.0	1	1953	205.7	411.6	0.13	0.0	1
329.97	0	0.0	0.0	0.0	0.0	0.0	1.0	1	1953	205.7	411.6	0.13	0.0	1
330.07	0	0.0	0.0	0.0	0.0	0.0	1.0	1	1953	205.7	411.6	0.13	0.0	1
330.17	0	0.0	0.0	0.0	0.0	0.0	1.0	1	1953	205.7	411.6	0.13	0.0	1
330.27	0	0.0	0.0	0.0	0.0	0.0	1.0	1	1953	205.7	411.6	0.13	0.0	1
330.37	0	0.0	0.0	0.0	0.0	0.0	1.0	1	1953	205.7	411.6	0.13	0.0	1
330.47	0	0.0	0.0	0.0	0.0	0.0	1.0	1	1953	205.7	411.6	0.13	0.0	1
330.57	0	0.0	0.0	0.0	0.0	0.0	1.0	1	1953	205.7	411.6	0.13	0.0	1
330.67	0	0.0	0.0	0.0	0.0	0.0	1.0	1	1953	205.7	411.6	0.13	0.0	1
330.77	0	0.0	0.0	0.0	0.0	0.0	1.0	1	1953	205.7	411.6	0.13	0.0	1
330.87	0	0.0	0.0	0.0	0.0	0.0	1.0	1	1953	205.7	411.6	0.13	0.0	1
330.97	0	0.0	0.0	0.0	0.0	0.0	1.0	1	1953	205.7	411.6	0.13	0.0	1
331.07	0	0.0	0.0	0.0	0.0	0.0	1.0	1	1953	205.7	411.6	0.13	0.0	1
331.17	0	0.0	0.0	0.0	0.0	0.0	1.0	1	1953	205.7	411.6	0.13	0.0	1
331.27	0	0.0	0.0	0.0	0.0	0.0	1.0	1	1953	205.7	411.6	0.13	0.0	1
331.37	0	0.0	0.0	0.0	0.0	0.0	1.0	1	1953	205.7	411.6	0.13	0.0	1
331.48	0	0.0	0.0	0.0	0.0	0.0	1.0	1	1953	205.7	411.6	0.13	0.0	1
331.58	0	0.0	0.0	0.0	0.0	0.0	1.0	1	1953	205.7	411.6	0.13	0.0	1
331.68	0	0.0	0.0	0.0	0.0	0.0	1.0	1	1953	205.7	411.6	0.13	0.0	1
331.78	0	0.0	0.0	0.0	0.0	0.0	1.0	1	1953	205.7	411.6	0.13	0.0	1
331.88	0	0.0	0.0	0.0	0.0	0.0	1.0	1	1953	205.7	411.6	0.13	0.0	1
331.98	0	0.0	0.0	0.0	0.0	0.0	1.0	1	1953	205.7	411.6	0.13	0.0	1
332.08	0	0.0	0.0	0.0	0.0	0.0	1.0	1	1953	205.7	411.6	0.13	0.0	1
332.18	0	0.0	0.0	0.0	0.0	0.0	1.0	1	1953	205.7	411.6	0.13	0.0	1
332.28	0	0.0	0.0	0.0	0.0	0.0	1.0	1	1953	205.7	411.6	0.13	0.0	1
332.38	0	0.0	0.0	0.0	0.0	0.0	1.0	1	1953	205.7	411.6	0.13	0.0	1
332.48	0	0.0	0.0	0.0	0.0	0.0	1.0	1	1953	205.7	411.6	0.13	0.0	1
332.58	0	0.0	0.0	0.0	0.0	0.0	1.0	1	1953	205.7	411.6	0.13	0.0	1
332.68	0	0.0	0.0	0.0	0.0	0.0	1.0	1	1953	205.7	411.6	0.13	0.0	1
332.78	0	0.0	0.0	0.0	0.0	0.0	1.0	1	1953	205.7	411.6	0.13	0.0	1
332.88	0	0.0	0.0	0.0	0.0	0.0	1.0	1	1953	205.7	411.6	0.13	0.0	1
332.98	0	0.0	0.0	0.0	0.0	0.0	1.0	1	1953	205.7	411.6	0.13	0.0	1
333.08	0	0.0	0.0	0.0	0.0	0.0	1.0	1	1953	205.7	411.6	0.13	0.0	1
333.18	0	0.0	0.0	0.0	0.0	0.0	1.0	1	1953	205.7	411.6	0.13	0.0	1
333.28	0	0.0	0.0	0.0	0.0	0.0	1.0	1	1953	205.7	411.6	0.13	0.0	1
333.38	0	0.0	0.0	0.0	0.0	0.0	1.0	1	1953	205.7	411.6	0.13	0.0	1
333.48	0	0.0	0.0	0.0	0.0	0.0	1.0	1	1953	205.7	411.6	0.13	0.0	1
333.58	0	0.0	0.0	0.0	0.0	0.0	1.0	1	1953	205.7	411.6	0.13	0.0	1
333.68	0	0.0	0.0	0.0	0.0	0.0	1.0	1	1953	205.7	411.6	0.13	0.0	1
333.78	0	0.0	0.0	0.0	0.0	0.0	1.0	1	1953	205.7	411.6	0.13	0.0	1
333.88	0	0.0	0.0	0.0	0.0	0.0	1.0	1	1953	205.7	411.6	0.13	0.0	1
333.98	0	0.0	0.0	0.0	0.0	0.0	1.0	1	1953	205.7	411.6	0.13	0.0	1
334.08	0	0.0	0.0	0.0	0.0	0.0	1.0	1	1953	205.7	411.6	0.13	0.0	1
334.18	0	0.0	0.0	0.0	0.0	0.0	1.0	1	1953	205.7	411.6	0.13	0.0	1
334.28	0	0.0	0.0	0.0	0.0	0.0	1.0	1	1953	205.7	411.6	0.13	0.0	1
334.38	0	0.0	0.0	0.0	0.0	0.0	1.0	1	1953	205.7	411.6	0.13	0.0	1
334.49	0	0.0	0.0	0.0	0.0	0.0	1.0	1	1953	205.7	411.6	0.13	0.0	1
334.59	0	0.0	0.0	0.0	0.0	0.0	1.0	1	1953	205.7	411.6	0.13	0.0	1
334.69	0	0.0	0.0	0.0	0.0	0.0	1.0	1	1953	205.7	411.6	0.13	0.0	1
334.79	0	0.0	0.0	0.0	0.0	0.0	1.0	1	1953	205.7	411.6	0.13	0.0	1
334.89	0	0.0	0.0	0.0	0.0	0.0	1.0	1	1953	205.7	411.6	0.13	0.0	1
334.99	0	0.0	0.0	0.0	0.0	0.0	1.0	1	1953	205.7	411.6	0.13	0.0	1
335.09	0	0.0	0.0	0.0	0.0	0.0	1.0	1	1953	205.7	411.6	0.13	0.0	1
335.19	0	0.0	0.0	0.0	0.0	0.0	1.0	1	1953	205.7	411.6	0.13	0.0	1
335.29	0	0.0	0.0	0.0	0.0	0.0	1.0	1	1953	205.7	411.6	0.13	0.0	1
335.39	0	0.0	0.0	0.0	0.0	0.0	1.0	1	1953	205.7	411.6	0.13	0.0	1
335.49	0	0.0	0.0	0.0	0.0	0.0	1.0	1	1953	205.7	411.6	0.13	0.0	1
335.59	0	0.0	0.0	0.0	0.0	0.0	1.0	1	1953	205.7	411.6	0.13	0.0	1
335.69	0	0.0	0.0	0.0	0.0	0.0	1.0	1	1953	205.7	411.6	0.13	0.0	1
335.79	0	0.0	0.0	0.0	0.0	0.0	1.0	1	1953	205.7	411.6	0.13	0.0	1
335.89	0	0.0	0.0	0.0	0.0	0.0	1.0	1	1953	205.7	411.6	0.13	0.0	1
335.99	0	0.0	0.0	0.0	0.0	0.0	1.0	1	1953	205.7	411.7	0.13	0.0	1
336.09	0	0.0	0.0	0.0	0.0	0.0	1.0	1	1953	205.7	411.7	0.13	0.0	1
336.19	0	0.0	0.0	0.0	0.0	0.0	1.0	1	1953	205.7	411.7	0.13	0.0	1
336.29	0	0.0	0.0	0.0	0.0	0.0	1.0	1	1953	205.7	411.7	0.13	0.0	1
336.39	0	0.0	0.0	0.0	0.0	0.0	1.0	1	1953	205.7	411.7	0.13	0.0	1
336.49	0	0.0	0.0	0.0	0.0	0.0	1.0	1	1953	205.7	411.7	0.13	0.0	1
336.59	0	0.0	0.0	0.0	0.0	0.0	1.0	1	1953	205.7	411.7	0.13	0.0	1
336.71	0	0.0	0.0	0.0	0.0	0.0	1.0	1	1953	205.7	411.7	0.13	0.0	1
336.81	0	0.0	0.0	0.0	0.0	0.0	1.0	1	1953	205.7	411.7	0.13	0.0	1
336.91	0	0.0	0.0	0.0	0.0	0.0	1.0	1	1953	205.7	411.7	0.13	0.0	1
337.01	0	0.0	0.0	0.0	0.0	0.0	1.0	1	1953	205.7	411.7	0.13	0.0	1
337.11	0	0.0	0.0	0.0	0.0	0.0	1.0	1	1953	205.7	411.7	0.13	0.0	1
337.21	0	0.0	0.0	0.0	0.0	0.0	1.0	1	1953	205.7	411.7	0.13	0.0	1
337.31	0	0.0	0.0	0.0	0.0	0.0	1.0	1	1953	205.7	411.7	0.13	0.0	1
337.41	0	0.0	0.0	0.0	0.0	0.0	1.0	1	1953	205.7	411.7	0.13	0.0	1
337.51	0	0.0	0.0	0.0	0.0	0.0	1.0	1	1953	205.7	411.7	0.13	0.0	1
337.61	0	0.0	0.0	0.0	0.0	0.0	1.0	1	1953	205.7	411.7	0.13	0.0	1
337.71	0	0.0	0.0	0.0	0.0	0.0	1.0	1	1953	205.7	411.7	0.13	0.0	1
337.81	0	0.0	0.0	0.0	0.0	0.0	1.0	1	1953	205.7	411.7	0.13	0.0	1
337.91	0	0.0	0.0	0.0	0.0	0.0	1.0	1	1953	205.7	411.7	0.13	0.0	1
338.01	0	0.0	0.0	0.0	0.0	0.0	1.0	1	1953	205.7	411.7	0.13	0.0	1
338.11	0	0.0	0.0	0.0	0.0	0.0	1.0	1	1953	205.7	411.7	0.13	0.0	1
338.21	0	0.0	0.0	0.0	0.0	0.0	1.0	1	1953	205.7	411.7	0.13	0.0	1
338.31	0	0.0	0.0	0.0	0.0	0.0	1.0	1	1953	205.7	411.7	0.13	0.0	1
338.41	0	0.0	0.0	0.0	0.0	0.0	1.0	1	1953	205.7	411.7	0.13	0.0	1
338.51	0	0.0	0.0	0.0	0.0	0.0	1.0	1	1953	205.7	411.7	0.13	0.0	1
338.61	0	0.0	0.0	0.0	0.0	0.0	1.0	1	1953	205.7	411.7	0.13	0.0	1
338.71	0	0.0	0.0	0.0	0.0	0.0	1.0	1	1953	205.7	411.7	0.13	0.0	1
338.81	0	0.0	0.0	0.0	0.0	0.0	1.0	1	1953	205.7	411.7	0.13	0.0	1
338.91	0	0.0	0.0	0.0	0.0	0.0	1.0	1	1953	205.7	411.7	0.13	0.0	1
339.01	0	0.0	0.0	0.0	0.0	0.0	1.0	1	1953	205.7	411.7	0.13	0.0	1
339.11	0	0.0	0.0	0.0	0.0	0.0	1.0	1	1953	205.7	411.7	0.13	0.0	1
339.21	0	0.0	0.0	0.0	0.0	0.0	1.0	1	1953	205.7	411.7	0.13	0.0	1
339.31	0	0.0	0.0	0.0	0.0	0.0	1.0	1	1953	205.7	411.7	0.13	0.0	1
339.41	0	0.0	0.0	0.0	0.0	0.0	1.0	1	1953	205.7	411.7	0.13	0.0	1
339.51	0	0.0	0.0	0.0	0.0	0.0	1.0	1	1953	205.7	411.7	0.13	0.0	1
339.61	0	0.0	0.0	0.0	0.0	0.0	1.0	1	1953	205.7	411.7	0.13	0.0	1
339.71	0	0.0	0.0	0.0	0.0	0.0	1.0	1	1953	205.7	411.7	0.13	0.0	1
339.81	0	0.0	0.0	0.0	0.0	0.0	1.0	1	1953	205.7	411.7	0.13	0.0	1
339.91	0	0.0	0.0	0.0	0.0	0.0	1.0	1	1953	205.7	411.7	0.13	0.0	1
340.01	0	0.0	0.0	0.0	0.0	0.0	1.0	1	1953	205.7	411.7	0.13	0.0	1
340.11	0	0.0	0.0	0.0	0.0	0.0	1.0	1	1953	205.7	411.7	0.13	0.0	1
340.21	0	0.0	0.0	0.0	0.0	0.0	1.0	1	1953	205.7	411.7	0.13	0.0	1
340.31	0	0.0	0.0	0.0	0.0	0.0	1.0	1	1953	205.7	411.7	0.13	0.0	1
340.41	0	0.0	0.0	0.0	0.0	0.0	1.0	1	1953	205.7	411.7	0.13	0.0	1
340.51	0	0.0	0.0	0.0	0.0	0.0	1.0	1	1953	205.7	411.7	0.13	0.0	1
340.61	0	0.0	0.0	0.0	0.0	0.0	1.0	1	1953	205.7	411.7	0.13	0.0	1
340.71	0	0.0	0.0	0.0	0.0	0.0	1.0	1	1953	205.7	411.7	0.13	0.0	1
340.81	0	0.0	0.0	0.0	0.0	0.0	1.0	1	1953	205.7	411.7	0.13	0.0	1
340.91	0	0.0	0.0	0.0	0.0	0.0	1.0	1	1953	205.7	411.7	0.13	0.0	1
341.01	0	0.0	0.0	0.0	0.0	0.0	1.0	1	1953	205.7	411.7	0.13	0.0	1
341.11	0	0.0	0.0	0.0	0.0	0.0	1.0	1	1953	205.7	411.7	0.13	0.0	1
341.21	0	0.0	0.0	0.0	0.0	0.0	1.0	1	1953	205.7	411.7	0.13	0.0	1
341.31	0	0.0	0.0	0.0	0.0	0.0	1.0	1	1953	205.7	411.7	0.13	0.0	1
341.41	0	0.0	0.0	0.0	0.0	0.0	1.0	1	1953	205.7	411.7	0.13	0.0	1
341.51	0	0.0	0.0	0.0	0.0	0.0	1.0	1	1953	205.7	411.7	0.13	0.0	1
341.61	0	0.0	0.0	0.0	0.0	0.0	1.0	1	1953	205.7	411.7	0.13	0.0	1
341.71	0	0.0	0.0	0.0	0.0	0.0	1.0	1	1953	205.7	411.7	0.13	0.0	1
341.81	0	0.0	0.0	0.0	0.0	0.0	1.0	1	1953	205.7	411.7	0.13	0.0	1
341.91	0	0.0	0.0	0.0	0.0	0.0	1.0	1	1953	205.7	411.7	0.13	0.0	1
342.01	0	0.0	0.0	0.0	0.0	0.0	1.0	1	1953	205.7	411.7	0.13	0.0	1
342.11	0	0.0	0.0	0.0	0.0	0.0	1.0	1	1953	205.7	411.7	0.13	0.0	1
342.21	0	0.0	0.0	0.0	0.0	0.0	1.0	1	1953	205.7	411.7	0.13	0.0	1
342.31	0	0.0	0.0	0.0	0.0	0.0	1.0	1	1953	205.7	411.7	0.13	0.0	1
342.41	0	0.0	0.0	0.0	0.0	0.0	1.0	1	1953	205.7	411.7	0.13	0.0	1
342.51	0	0.0	0.0	0.0	0.0	0.0	1.0	1	1953	205.7	411.7	0.13	0.0	1
342.61	0	0.0	0.0	0.0	0.0	0.0	1.0	1	1953	205.7	411.7	0.13	0.0	1
342.71	0	0.0	0.0	0.0	0.0	0.0	1.0	1	1953	205.7	411.7	0.13	0.0	1
342.81	0	0.0	0.0	0.0	0.0	0.0	1.0	1	1953	205.7	411.7	0.13	0.0	1
342.91	0	0.0	0.0	0.0	0.0	0.0	1.0	1	1953	205.7	411.7	0.13	0.0	1
343.01	0	0.0	0.0	0.0	0.0	0.0	1.0	1	1953	205.7	411.7	0.13	0.0	1
343.11	0	0.0	0.0	0.0	0.0	0.0	1.0	1	1953	205.7	411.7	0.13	0.0	1
343.21	0	0.0	0.0	0.0	0.0	0.0	1.0	1	1953	205.7	411.7	0.13	0.0	1
343.31	0	0.0	0.0	0.0	0.0	0.0	1.0	1	1953	205.7	411.7	0.13	0.0	1
343.41	0	0.0	0.0	0.0	0.0	0.0	1.0	1	1953	205.7	411.7	0.13	0.0	1
343.51	0	0.0	0.0	0.0	0.0	0.0	1.0	1	1953	205.7	411.7	0.13	0.0	1
343.61	0	0.0	0.0	0.0	0.0	0.0	1.0	1	1953	205.7	411.7	0.13	0.0	1
343.71	0	0.0	0.0	0.0	0.0	0.0	1.0	1	1953	205.7	411.7	0.13	0.0	1
343.81	0	0.0	0.0	0.0	0.0	0.0	1.0	1	1953	205.7	411.7	0.13	0.0	1
343.91	0	0.0	0.0	0.0	0.0	0.0	1.0	1	1953	205.7	411.7	0.13	0.0	1
344.01	0	0.0	0.0	0.0	0.0	0.0	1.0	1	1953	205.7	411.7	0.13	0.0	1
344.11	0	0.0	0.0	0.0	0.0	0.0	1.0	1	1953	205.7	411.7	0.13	0.0	1
344.21	0	0.0	0.0	0.0	0.0	0.0	1.0	1	1953	205.7	411.7	0.13	0.0	1
344.31	0	0.0	0.0	0.0	0.0	0.0	1.0	1	1953	205.7	411.7	0.13	0.0	1
344.41	0	0.0	0.0	0.0	0.0	0.0	1.0	1	1953	205.7	411.7	0.13	0.0	1
344.51	0	0.0	0.0	0.0	0.0	0.0	1.0	1	1953	205.7	411.7	0.13	0.0	1
344.61	0	0.0	0.0	0.0	0.0	0.0	1.0	1	1953	205.7	411.7	0.13	0.0	1
344.71	0	0.0	0.0	0.0	0.0	0.0	1.0	1	1953	205.7	411.7	0.13	0.0	1
344.81	0	0.0	0.0	0.0	0.0	0.0	1.0	1	1953	205.7	411.7	0.13	0.0	1
344.91	0	0.0	0.0	0.0	0.0	0.0	1.0	1	1953	205.7	411.7	0.13	0.0	1
345.01	0	0.0	0.0	0.0	0.0	0.0	1.0	1	1953	205.7	411.7	0.13	0.0	1
345.11	0	0.0	0.0	0.0	0.0	0.0	1.0	1	1953	205.7	411.7	0.13	0.0	1
345.21	0	0.0	0.0	0.0	0.0	0.0	1.0	1	1953	205.7	411.7	0.13	0.0	1
345.31	0	0.0	0.0	0.0	0.0	0.0	1.0	1	1953	205.7	411.7	0.13	0.0	1
345.41	0	0.0	0.0	0.0	0.0	0.0	1.0	1	1953	205.7	411.7	0.13	0.0	1
345.51	0	0.0	0.0	0.0	0.0	0.0	1.0	1	1953	205.7	411.7	0.13	0.0	1
345.63	0	0.0	0.0	0.0	0.0	0.0	1.0	1	1953	205.7	411.7	0.13	0.0	1
345.71	0	0.0	0.0	0.0	0.0	0.0	1.0	1	1953	205.7	411.7	0.13	0.0	1
345.81	0	0.0	0.0	0.0	0.0	0.0	1.0	1	1953	205.7	411.7	0.13	0.0	1
345.91	0	0.0	0.0	0.0	0.0	0.0	1.0	1	1953	205.7	411.7	0.13	0.0	1
346.01	0	0.0	0.0	0.0	0.0	0.0	1.0	1	1953	205.7	411.7	0.13	0.0	1
346.11	0	0.0	0.0	0.0	0.0	0.0	1.0	1	1953	205.7	411.7	0.14	0.0	1
346.21	0	0.0	0.0	0.0	0.0	0.0	1.0	1	1953	205.7	411.7	0.14	0.0	1
346.31	0	0.0	0.0	0.0	0.0	0.0	1.0	1	1953	205.7	411.7	0.14	0.0	1
346.41	0	0.0	0.0	0.0	0.0	0.0	1.0	1	1953	205.7	411.7	0.14	0.0	1
346.51	0	0.0	0.0	0.0	0.0	0.0	1.0	1	1953	205.7	411.7	0.14	0.0	1
346.65	0	0.0	0.0	0.0	0.0	0.0	1.0	1	1953	205.7	411.7	0.14	0.0	1
346.72	0	0.0	0.0	0.0	0.0	0.0	1.0	1	1953	205.7	411.7	0.14	0.0	1
346.82	0	0.0	0.0	0.0	0.0	0.0	1.0	1	1953	205.7	411.7	0.14	0.0	1
346.92	0	0.0	0.0	0.0	0.0	0.0	1.0	1	1953	205.7	411.7	0.14	0.0	1
347.02	0	0.0	0.0	0.0	0.0	0.0	1.0	1	1953	205.7	411.7	0.14	0.0	1
347.12	0	0.0	0.0	0.0	0.0	0.0	1.0	1	1953	205.7	411.7	0.14	0.0	1
347.22	0	0.0	0.0	0.0	0.0	0.0	1.0	1	1953	205.7	411.7	0.14	0.0	1
347.32	0	0.0	0.0	0.0	0.0	0.0	1.0	1	1953	205.7	411.7	0.14	0.0	1
347.42	0	0.0	0.0	0.0	0.0	0.0	1.0	1	1953	205.7	411.7	0.14	0.0	1
347.52	0	0.0	0.0	0.0	0.0	0.0	1.0	1	1953	205.7	411.7	0.14	0.0	1
347.62	0	0.0	0.0	0.0	0.0	0.0	1.0	1	1953	205.7	411.7	0.14	0.0	1
347.72	0	0.0	0.0	0.0	0.0	0.0	1.0	1	1953	205.7	411.7	0.14	0.0	1
347.82	0	0.0	0.0	0.0	0.0	0.0	1.0	1	1953	205.7	411.7	0.14	0.0	1
347.92	0	0.0	0.0	0.0	0.0	0.0	1.0	1	1953	205.7	411.7	0.14	0.0	1
348.02	0	0.0	0.0	0.0	0.0	0.0	1.0	1	1953	205.7	411.7	0.14	0.0	1
348.12	0	0.0	0.0	0.0	0.0	0.0	1.0	1	1953	205.7	411.7	0.14	0.0	1
348.22	0	0.0	0.0	0.0	0.0	0.0	1.0	1	1953	205.7	411.7	0.14	0.0	1
348.32	0	0.0	0.0	0.0	0.0	0.0	1.0	1	1953	205.7	411.7	0.14	0.0	1
348.42	0	0.0	0.0	0.0	0.0	0.0	1.0	1	1953	205.7	411.7	0.14	0.0	1
348.52	0	0.0	0.0	0.0	0.0	0.0	1.0	1	1953	205.7	411.7	0.14	0.0	1
348.62	0	0.0	0.0	0.0	0.0	0.0	1.0	1	1953	205.7	411.7	0.14	0.0	1
348.72	0	0.0	0.0	0.0	0.0	0.0	1.0	1	1953	205.7	411.7	0.14	0.0	1
348.82	0	0.0	0.0	0.0	0.0	0.0	1.0	1	1953	205.7	411.7	0.14	0.0	1
348.92	0	0.0	0.0	0.0	0.0	0.0	1.0	1	1953	205.7	411.7	0.14	0.0	1
349.02	0	0.0	0.0	0.0	0.0	0.0	1.0	1	1953	205.7	411.7	0.14	0.0	1
349.12	0	0.0	0.0	0.0	0.0	0.0	1.0	1	1953	205.7	411.7	0.14	0.0	1
349.22	0	0.0	0.0	0.0	0.0	0.0	1.0	1	1953	205.7	411.7	0.14	0.0	1
349.32	0	0.0	0.0	0.0	0.0	0.0	1.0	1	1953	205.7	411.7	0.14	0.0	1
349.42	0	0.0	0.0	0.0	0.0	0.0	1.0	1	1953	205.7	411.7	0.14	0.0	1
349.52	0	0.0	0.0	0.0	0.0	0.0	1.0	1	1953	205.7	411.7	0.14	0.0	1
349.63	0	0.0	0.0	0.0	0.0	0.0	1.0	1	1953	205.7	411.7	0.14	0.0	1
349.73	0	0.0	0.0	0.0	0.0	0.0	1.0	1	1953	205.7	411.7	0.14	0.0	1
349.83	0	0.0	0.0	0.0	0.0	0.0	1.0	1	1953	205.7	411.7	0.14	0.0	1
349.93	0	0.0	0.0	0.0	0.0	0.0	1.0	1	1953	205.7	411.7	0.14	0.0	1
350.03	0	0.0	0.0	0.0	0.0	0.0	1.0	1	1953	205.7	411.7	0.14	0.0	1
350.13	0	0.0	0.0	0.0	0.0	0.0	1.0	1	1953	205.7	411.7	0.14	0.0	1
350.23	0	0.0	0.0	0.0	0.0	0.0	1.0	1	1953	205.7	411.7	0.14	0.0	1
350.33	0	0.0	0.0	0.0	0.0	0.0	1.0	1	1953	205.7	411.7	0.14	0.0	1
350.43	0	0.0	0.0	0.0	0.0	0.0	1.0	1	1953	205.7	411.7	0.14	0.0	1
350.53	0	0.0	0.0	0.0	0.0	0.0	1.0	1	1953	205.7	411.7	0.14	0.0	1
350.63	0	0.0	0.0	0.0	0.0	0.0	1.0	1	1953	205.7	411.7	0.14	0.0	1
350.73	0	0.0	0.0	0.0	0.0	0.0	1.0	1	1953	205.7	411.7	0.14	0.0	1
350.83	0	0.0	0.0	0.0	0.0	0.0	1.0	1	1953	205.7	411.7	0.14	0.0	1
350.93	0	0.0	0.0	0.0	0.0	0.0	1.0	1	1953	205.7	411.7	0.14	0.0	1
351.03	0	0.0	0.0	0.0	0.0	0.0	1.0	1	1953	205.7	411.7	0.14	0.0	1
351.13	0	0.0	0.0	0.0	0.0	0.0	1.0	1	1953	205.7	411.7	0.14	0.0	1
351.23	0	0.0	0.0	0.0	0.0	0.0	1.0	1	1953	205.7	411.7	0.14	0.0	1
351.33	0	0.0	0.0	0.0	0.0	0.0	1.0	1	1953	205.7	411.7	0.14	0.0	1
351.43	0	0.0	0.0	0.0	0.0	0.0	1.0	1	1953	205.7	411.7	0.14	0.0	1
351.53	0	0.0	0.0	0.0	0.0	0.0	1.0	1	1953	205.7	411.7	0.14	0.0	1
351.64	0	0.0	0.0	0.0	0.0	0.0	1.0	1	1953	205.7	411.7	0.14	0.0	1
351.74	0	0.0	0.0	0.0	0.0	0.0	1.0	1	1953	205.7	411.7	0.14	0.0	1
351.84	0	0.0	0.0	0.0	0.0	0.0	1.0	1	1953	205.7	411.7	0.14	0.0	1
351.94	0	0.0	0.0	0.0	0.0	0.0	1.0	1	1953	205.7	411.7	0.14	0.0	1
352.04	0	0.0	0.0	0.0	0.0	0.0	1.0	1	1953	205.7	411.7	0.14	0.0	1
352.14	0	0.0	0.0	0.0	0.0	0.0	1.0	1	1953	205.7	411.7	0.14	0.0	1
352.24	0	0.0	0.0	0.0	0.0	0.0	1.0	1	1953	205.7	411.7	0.14	0.0	1
352.34	0	0.0	0.0	0.0	0.0	0.0	1.0	1	1953	205.7	411.7	0.14	0.0	1
352.44	0	0.0	0.0	0.0	0.0	0.0	1.0	1	1953	205.7	411.7	0.14	0.0	1
352.54	0	0.0	0.0	0.0	0.0	0.0	1.0	1	1953	205.7	411.7	0.14	0.0	1
352.64	0	0.0	0.0	0.0	0.0	0.0	1.0	1	1953	205.7	411.7	0.14	0.0	1
352.74	0	0.0	0.0	0.0	0.0	0.0	1.0	1	1953	205.7	411.7	0.14	0.0	1
352.84	0	0.0	0.0	0.0	0.0	0.0	1.0	1	1953	205.7	411.7	0.14	0.0	1
352.94	0	0.0	0.0	0.0	0.0	0.0	1.0	1	1953	205.7	411.7	0.14	0.0	1
353.04	0	0.0	0.0	0.0	0.0	0.0	1.0	1	1953	205.7	411.7	0.14	0.0	1
353.14	0	0.0	0.0	0.0	0.0	0.0	1.0	1	1953	205.7	411.7	0.14	0.0	1
353.24	0	0.0	0.0	0.0	0.0	0.0	1.0	1	1953	205.7	411.7	0.14	0.0	1
353.34	0	0.0	0.0	0.0	0.0	0.0	1.0	1	1953	205.7	411.7	0.14	0.0	1
353.44	0	0.0	0.0	0.0	0.0	0.0	1.0	1	1953	205.7	411.7	0.14	0.0	1
353.54	0	0.0	0.0	0.0	0.0	0.0	1.0	1	1953	205.7	411.7	0.14	0.0	1
353.64	0	0.0	0.0	0.0	0.0	0.0	1.0	1	1953	205.7	411.7	0.14	0.0	1
353.74	0	0.0	0.0	0.0	0.0	0.0	1.0	1	1953	205.7	411.7	0.14	0.0	1
353.84	0	0.0	0.0	0.0	0.0	0.0	1.0	1	1953	205.7	411.7	0.14	0.0	1
353.94	0	0.0	0.0	0.0	0.0	0.0	1.0	1	1953	205.7	411.7	0.14	0.0	1
354.04	0	0.0	0.0	0.0	0.0	0.0	1.0	1	1953	205.7	411.7	0.14	0.0	1
354.14	0	0.0	0.0	0.0	0.0	0.0	1.0	1	1953	205.7	411.7	0.14	0.0	1
354.24	0	0.0	0.0	0.0	0.0	0.0	1.0	1	1953	205.7	411.7	0.14	0.0	1
354.34	0	0.0	0.0	0.0	0.0	0.0	1.0	1	1953	205.7	411.7	0.14	0.0	1
354.44	0	0.0	0.0	0.0	0.0	0.0	1.0	1	1953	205.7	411.7	0.14	0.0	1
354.54	0	0.0	0.0	0.0	0.0	0.0	1.0	1	1953	205.7	411.7	0.14	0.0	1
354.64	0	0.0	0.0	0.0	0.0	0.0	1.0	1	1953	205.7	411.7	0.14	0.0	1
354.74	0	0.0	0.0	0.0	0.0	0.0	1.0	1	1953	205.7	411.7	0.14	0.0	1
354.84	0	0.0	0.0	0.0	0.0	0.0	1.0	1	1953	205.7	411.7	0.14	0.0	1
354.94	0	0.0	0.0	0.0	0.0	0.0	1.0	1	1953	205.7	411.7	0.14	0.0	1
355.04	0	0.0	0.0	0.0	0.0	0.0	1.0	1	1953	205.7	411.7	0.14	0.0	1
355.14	0	0.0	0.0	0.0	0.0	0.0	1.0	1	1953	205.7	411.7	0.14	0.0	1
355.24	0	0.0	0.0	0.0	0.0	0.0	1.0	1	1953	205.7	411.7	0.14	0.0	1
355.34	0	0.0	0.0	0.0	0.0	0.0	1.0	1	1953	205.7	411.7	0.14	0.0	1
355.44	0	0.0	0.0	0.0	0.0	0.0	1.0	1	1953	205.7	411.7	0.14	0.0	1
355.54	0	0.0	0.0	0.0	0.0	0.0	1.0	1	1953	205.7	411.7	0.14	0.0	1
355.65	0	0.0	0.0	0.0	0.0	0.0	1.0	1	1953	205.7	411.7	0.14	0.0	1
355.75	0	0.0	0.0	0.0	0.0	0.0	1.0	1	1953	205.7	411.7	0.14	0.0	1
355.85	0	0.0	0.0	0.0	0.0	0.0	1.0	1	1953	205.7	411.7	0.14	0.0	1
355.95	0	0.0	0.0	0.0	0.0	0.0	1.0	1	1953	205.7	411.7	0.14	0.0	1
356.05	0	0.0	0.0	0.0	0.0	0.0	1.0	1	1953	205.7	411.7	0.14	0.0	1
356.15	0	0.0	0.0	0.0	0.0	0.0	1.0	1	1953	205.7	411.7	0.14	0.0	1
356.25	0	0.0	0.0	0.0	0.0	0.0	1.0	1	1953	205.7	411.7	0.14	0.0	1
356.35	0	0.0	0.0	0.0	0.0	0.0	1.0	1	1953	205.7	411.7	0.14	0.0	1
356.45	0	0.0	0.0	0.0	0.0	0.0	1.0	1	1953	205.7	411.7	0.14	0.0	1
356.55	0	0.0	0.0	0.0	0.0	0.0	1.0	1	1953	205.7	411.7	0.14	0.0	1
356.66	0	0.0	0.0	0.0	0.0	0.0	1.0	1	1953	205.7	411.7	0.14	0.0	1
356.76	0	0.0	0.0	0.0	0.0	0.0	1.0	1	1953	205.7	411.7	0.14	0.0	1
356.86	0	0.0	0.0	0.0	0.0	0.0	1.0	1	1953	205.7	411.7	0.14	0.0	1
356.96	0	0.0	0.0	0.0	0.0	0.0	1.0	1	1953	205.7	411.7	0.14	0.0	1
357.06	0	0.0	0.0	0.0	0.0	0.0	1.0	1	1953	205.7	411.7	0.14	0.0	1
357.16	0	0.0	0.0	0.0	0.0	0.0	1.0	1	1953	205.7	411.7	0.14	0.0	1
357.26	0	0.0	0.0	0.0	0.0	0.0	1.0	1	1953	205.7	411.7	0.14	0.0	1
357.36	0	0.0	0.0	0.0	0.0	0.0	1.0	1	1953	205.7	411.7	0.14	0.0	1
357.46	0	0.0	0.0	0.0	0.0	0.0	1.0	1	1953	205.7	411.7	0.14	0.0	1
357.56	0	0.0	0.0	0.0	0.0	0.0	1.0	1	1953	205.7	411.7	0.14	0.0	1
357.66	0	0.0	0.0	0.0	0.0	0.0	1.0	1	1953	205.7	411.7	0.14	0.0	1
357.76	0	0.0	0.0	0.0	0.0	0.0	1.0	1	1953	205.7	411.7	0.14	0.0	1
357.86	0	0.0	0.0	0.0	0.0	0.0	1.0	1	1953	205.7	411.7	0.14	0.0	1
357.96	0	0.0	0.0	0.0	0.0	0.0	1.0	1	1953	205.7	411.7	0.14	0.0	1
358.06	0	0.0	0.0	0.0	0.0	0.0	1.0	1	1953	205.7	411.7	0.14	0.0	1
358.16	0	0.0	0.0	0.0	0.0	0.0	1.0	1	1953	205.7	411.7	0.14	0.0	1
358.26	0	0.0	0.0	0.0	0.0	0.0	1.0	1	1953	205.7	411.7	0.14	0.0	1
358.36	0	0.0	0.0	0.0	0.0	0.0	1.0	1	1953	205.7	411.7	0.14	0.0	1
358.46	0	0.0	0.0	0.0	0.0	0.0	1.0	1	1953	205.7	411.7	0.14	0.0	1
358.56	0	0.0	0.0	0.0	0.0	0.0	1.0	1	1953	205.7	411.7	0.14	0.0	1
358.67	0	0.0	0.0	0.0	0.0	0.0	1.0	1	1953	205.7	411.7	0.14	0.0	1
358.77	0	0.0	0.0	0.0	0.0	0.0	1.0	1	1953	205.7	411.7	0.14	0.0	1
358.87	0	0.0	0.0	0.0	0.0	0.0	1.0	1	1953	205.7	411.7	0.14	0.0	1
358.97	0	0.0	0.0	0.0	0.0	0.0	1.0	1	1953	205.7	411.7	0.14	0.0	1
359.07	0	0.0	0.0	0.0	0.0	0.0	1.0	1	1953	205.7	411.7	0.14	0.0	1
359.17	0	0.0	0.0	0.0	0.0	0.0	1.0	1	1953	205.7	411.7	0.14	0.0	1
359.27	0	0.0	0.0	0.0	0.0	0.0	1.0	1	1953	205.7	411.7	0.14	0.0	1
359.37	0	0.0	0.0	0.0	0.0	0.0	1.0	1	1953	205.7	411.7	0.14	0.0	1
359.47	0	0.0	0.0	0.0	0.0	0.0	1.0	1	1953	205.7	411.7	0.14	0.0	1
359.57	0	0.0	0.0	0.0	0.0	0.0	1.0	1	1953	205.7	411.7	0.14	0.0	1
359.67	0	0.0	0.0	0.0	0.0	0.0	1.0	1	1953	205.7	411.7	0.14	0.0	1
359.77	0	0.0	0.0	0.0	0.0	0.0	1.0	1	1953	205.7	411.7	0.14	0.0	1
359.87	0	0.0	0.0	0.0	0.0	0.0	1.0	1	1953	205.7	411.7	0.14	0.0	1
359.97	0	0.0	0.0	0.0	0.0	0.0	1.0	1	1953	205.7	411.7	0.14	0.0	1
360.07	0	0.0	0.0	0.0	0.0	0.0	1.0	1	1953	205.7	411.7	0.14	0.0	1
360.17	0	0.0	0.0	0.0	0.0	0.0	1.0	1	1953	205.7	411.7	0.14	0.0	1
360.27	0	0.0	0.0	0.0	0.0	0.0	1.0	1	1953	205.7	411.7	0.14	0.0	1
360.37	0	0.0	0.0	0.0	0.0	0.0	1.0	1	1953	205.7	411.7	0.14	0.0	1
360.47	0	0.0	0.0	0.0	0.0	0.0	1.0	1	1953	205.7	411.7	0.14	0.0	1
360.57	0	0.0	0.0	0.0	0.0	0.0	1.0	1	1953	205.7	411.7	0.14	0.0	1
360.67	0	0.0	0.0	0.0	0.0	0.0	1.0	1	1953	205.7	411.7	0.14	0.0	1
360.78	0	0.0	0.0	0.0	0.0	0.0	1.0	1	1953	205.7	411.7	0.14	0.0	1
360.88	0	0.0	0.0	0.0	0.0	0.0	1.0	1	1953	205.7	411.7	0.14	0.0	1
360.98	0	0.0	0.0	0.0	0.0	0.0	1.0	1	1953	205.7	411.7	0.14	0.0	1
361.08	0	0.0	0.0	0.0	0.0	0.0	1.0	1	1953	205.7	411.7	0.14	0.0	1
361.18	0	0.0	0.0	0.0	0.0	0.0	1.0	1	1953	205.7	411.7	0.14	0.0	1
361.28	0	0.0	0.0	0.0	0.0	0.0	1.0	1	1953	205.7	411.7	0.14	0.0	1
361.37	0	0.0	0.0	0.0	0.0	0.0	1.0	1	1953	205.7	411.7	0.14	0.0	1
361.47	0	0.0	0.0	0.0	0.0	0.0	1.0	1	1953	205.7	411.7	0.14	0.0	1
361.58	0	0.0	0.0	0.0	0.0	0.0	1.0	1	1953	205.7	411.7	0.14	0.0	1
361.68	0	0.0	0.0	0.0	0.0	0.0	1.0	1	1953	205.7	411.7	0.14	0.0	1
361.78	0	0.0	0.0	0.0	0.0	0.0	1.0	1	1953	205.7	411.7	0.14	0.0	1
361.88	0	0.0	0.0	0.0	0.0	0.0	1.0	1	1953	205.7	411.7	0.14	0.0	1
361.98	0	0.0	0.0	0.0	0.0	0.0	1.0	1	1953	205.7	411.7	0.14	0.0	1
362.08	0	0.0	0.0	0.0	0.0	0.0	1.0	1	1953	205.7	411.7	0.14	0.0	1
362.18	0	0.0	0.0	0.0	0.0	0.0	1.0	1	1953	205.7	411.7	0.14	0.0	1
362.28	0	0.0	0.0	0.0	0.0	0.0	1.0	1	1953	205.7	411.7	0.14	0.0	1
362.38	0	0.0	0.0	0.0	0.0	0.0	1.0	1	1953	205.7	411.7	0.14	0.0	1
362.48	0	0.0	0.0	0.0	0.0	0.0	1.0	1	1953	205.7	411.7	0.14	0.0	1
362.58	0	0.0	0.0	0.0	0.0	0.0	1.0	1	1953	205.7	411.7	0.14	0.0	1
362.68	0	0.0	0.0	0.0	0.0	0.0	1.0	1	1953	205.7	411.7	0.14	0.0	1
362.78	0	0.0	0.0	0.0	0.0	0.0	1.0	1	1953	205.7	411.7	0.14	0.0	1
362.88	0	0.0	0.0	0.0	0.0	0.0	1.0	1	1953	205.7	411.7	0.14	0.0	1
362.98	0	0.0	0.0	0.0	0.0	0.0	1.0	1	1953	205.7	411.7	0.14	0.0	1
363.08	0	0.0	0.0	0.0	0.0	0.0	1.0	1	1953	205.7	411.7	0.14	0.0	1
363.18	0	0.0	0.0	0.0	0.0	0.0	1.0	1	1953	205.7	411.7	0.14	0.0	1
363.28	0	0.0	0.0	0.0	0.0	0.0	1.0	1	1953	205.7	411.7	0.14	0.0	1
363.38	0	0.0	0.0	0.0	0.0	0.0	1.0	1	1953	205.7	411.7	0.14	0.0	1
363.48	0	0.0	0.0	0.0	0.0	0.0	1.0	1	1953	205.7	411.7	0.14	0.0	1
363.58	0	0.0	0.0	0.0	0.0	0.0	1.0	1	1953	205.7	411.7	0.14	0.0	1
363.68	0	0.0	0.0	0.0	0.0	0.0	1.0	1	1953	205.7	411.7	0.14	0.0	1
363.78	0	0.0	0.0	0.0	0.0	0.0	1.0	1	1953	205.7	411.7	0.14	0.0	1
363.88	0	0.0	0.0	0.0	0.0	0.0	1.0	1	1953	205.7	411.7	0.14	0.0	1
363.98	0	0.0	0.0	0.0	0.0	0.0	1.0	1	1953	205.7	411.7	0.14	0.0	1
364.08	0	0.0	0.0	0.0	0.0	0.0	1.0	1	1953	205.7	411.7	0.14	0.0	1
364.18	0	0.0	0.0	0.0	0.0	0.0	1.0	1	1953	205.7	411.7	0.14	0.0	1
364.28	0	0.0	0.0	0.0	0.0	0.0	1.0	1	1953	205.7	411.7	0.14	0.0	1
364.38	0	0.0	0.0	0.0	0.0	0.0	1.0	1	1953	205.7	411.7	0.14	0.0	1
364.48	0	0.0	0.0	0.0	0.0	0.0	1.0	1	1953	205.7	411.7	0.14	0.0	1
364.58	0	0.0	0.0	0.0	0.0	0.0	1.0	1	1953	205.7	411.7	0.14	0.0	1
364.68	0	0.0	0.0	0.0	0.0	0.0	1.0	1	1953	205.7	411.7	0.14	0.0	1
364.78	0	0.0	0.0	0.0	0.0	0.0	1.0	1	1953	205.7	411.7	0.14	0.0	1
364.88	0	0.0	0.0	0.0	0.0	0.0	1.0	1	1953	205.7	411.7	0.14	0.0	1
364.98	0	0.0	0.0	0.0	0.0	0.0	1.0	1	1953	205.7	411.7	0.14	0.0	1
365.08	0	0.0	0.0	0.0	0.0	0.0	1.0	1	1953	205.7	411.7	0.14	0.0	1
365.18	0	0.0	0.0	0.0	0.0	0.0	1.0	1	1953	205.7	411.7	0.14	0.0	1
365.28	0	0.0	0.0	0.0	0.0	0.0	1.0	1	1953	205.7	411.7	0.14	0.0	1
365.38	0	0.0	0.0	0.0	0.0	0.0	1.0	1	1953	205.7	411.7	0.14	0.0	1
365.48	0	0.0	0.0	0.0	0.0	0.0	1.0	1	1953	205.7	411.7	0.14	0.0	1
365.6	0	0.0	0.0	0.0	0.0	0.0	1.0	1	1953	205.7	411.7	0.14	0.0	1
365.7	0	0.0	0.0	0.0	0.0	0.0	1.0	1	1953	205.7	411.7	0.14	0.0	1
365.8	0	0.0	0.0	0.0	0.0	0.0	1.0	1	1953	205.7	411.7	0.14	0.0	1
365.9	0	0.0	0.0	0.0	0.0	0.0	1.0	1	1953	205.7	411.7	0.14	0.0	1
366.0	0	0.0	0.0	0.0	0.0	0.0	1.0	1	1953	205.7	411.7	0.14	0.0	1
366.1	0	0.0	0.0	0.0	0.0	0.0	1.0	1	1953	205.7	411.7	0.14	0.0	1
366.2	0	0.0	0.0	0.0	0.0	0.0	1.0	1	1953	205.7	411.7	0.14	0.0	1
366.3	0	0.0	0.0	0.0	0.0	0.0	1.0	1	1953	205.7	411.7	0.14	0.0	1
366.4	0	0.0	0.0	0.0	0.0	0.0	1.0	1	1953	205.7	411.7	0.14	0.0	1
366.5	0	0.0	0.0	0.0	0.0	0.0	1.0	1	1953	205.7	411.7	0.14	0.0	1
366.62	0	0.0	0.0	0.0	0.0	0.0	1.0	1	1953	205.7	411.7	0.14	0.0	1
366.72	0	0.0	0.0	0.0	0.0	0.0	1.0	1	1953	205.7	411.7	0.14	0.0	1
366.82	0	0.0	0.0	0.0	0.0	0.0	1.0	1	1953	205.7	411.7	0.14	0.0	1
366.92	0	0.0	0.0	0.0	0.0	0.0	1.0	1	1953	205.7	411.7	0.14	0.0	1
367.02	0	0.0	0.0	0.0	0.0	0.0	1.0	1	1953	205.7	411.7	0.14	0.0	1
367.12	0	0.0	0.0	0.0	0.0	0.0	1.0	1	1953	205.7	411.7	0.14	0.0	1
367.22	0	0.0	0.0	0.0	0.0	0.0	1.0	1	1953	205.7	411.7	0.14	0.0	1
367.32	0	0.0	0.0	0.0	0.0	0.0	1.0	1	1953	205.7	411.7	0.14	0.0	1
367.42	0	0.0	0.0	0.0	0.0	0.0	1.0	1	1953	205.7	411.7	0.14	0.0	1
367.52	0	0.0	0.0	0.0	0.0	0.0	1.0	1	1953	205.7	411.7	0.14	0.0	1
367.62	0	0.0	0.0	0.0	0.0	0.0	1.0	1	1953	205.7	411.7	0.14	0.0	1
367.72	0	0.0	0.0	0.0	0.0	0.0	1.0	1	1953	205.7	411.7	0.14	0.0	1
367.82	0	0.0	0.0	0.0	0.0	0.0	1.0	1	1953	205.7	411.7	0.14	0.0	1
367.92	0	0.0	0.0	0.0	0.0	0.0	1.0	1	1953	205.7	411.7	0.14	0.0	1
368.02	0	0.0	0.0	0.0	0.0	0.0	1.0	1	1953	205.7	411.7	0.14	0.0	1
368.12	0	0.0	0.0	0.0	0.0	0.0	1.0	1	1953	205.7	411.7	0.14	0.0	1
368.22	0	0.0	0.0	0.0	0.0	0.0	1.0	1	1953	205.7	411.7	0.14	0.0	1
368.32	0	0.0	0.0	0.0	0.0	0.0	1.0	1	1953	205.7	411.7	0.14	0.0	1
368.42	0	0.0	0.0	0.0	0.0	0.0	1.0	1	1953	205.7	411.7	0.14	0.0	1
368.52	0	0.0	0.0	0.0	0.0	0.0	1.0	1	1953	205.7	411.7	0.14	0.0	1
368.62	0	0.0	0.0	0.0	0.0	0.0	1.0	1	1953	205.7	411.7	0.14	0.0	1
368.72	0	0.0	0.0	0.0	0.0	0.0	1.0	1	1953	205.7	411.7	0.14	0.0	1
368.82	0	0.0	0.0	0.0	0.0	0.0	1.0	1	1953	205.7	411.7	0.14	0.0	1
368.92	0	0.0	0.0	0.0	0.0	0.0	1.0	1	1953	205.7	411.7	0.14	0.0	1
369.02	0	0.0	0.0	0.0	0.0	0.0	1.0	1	1953	205.7	411.7	0.14	0.0	1
369.12	0	0.0	0.0	0.0	0.0	0.0	1.0	1	1953	205.7	411.7	0.14	0.0	1
369.22	0	0.0	0.0	0.0	0.0	0.0	1.0	1	1953	205.7	411.7	0.14	0.0	1
369.32	0	0.0	0.0	0.0	0.0	0.0	1.0	1	1953	205.7	411.7	0.14	0.0	1
369.42	0	0.0	0.0	0.0	0.0	0.0	1.0	1	1953	205.7	411.7	0.14	0.0	1
369.52	0	0.0	0.0	0.0	0.0	0.0	1.0	1	1953	205.7	411.7	0.14	0.0	1
369.62	0	0.0	0.0	0.0	0.0	0.0	1.0	1	1953	205.7	411.7	0.14	0.0	1
369.72	0	0.0	0.0	0.0	0.0	0.0	1.0	1	1953	205.7	411.7	0.14	0.0	1
369.82	0	0.0	0.0	0.0	0.0	0.0	1.0	1	1953	205.7	411.7	0.14	0.0	1
369.92	0	0.0	0.0	0.0	0.0	0.0	1.0	1	1953	205.7	411.7	0.14	0.0	1
370.02	0	0.0	0.0	0.0	0.0	0.0	1.0	1	1953	205.7	411.7	0.14	0.0	1
370.12	0	0.0	0.0	0.0	0.0	0.0	1.0	1	1953	205.7	411.7	0.14	0.0	1
370.22	0	0.0	0.0	0.0	0.0	0.0	1.0	1	1953	205.7	411.7	0.14	0.0	1
370.32	0	0.0	0.0	0.0	0.0	0.0	1.0	1	1953	205.7	411.7	0.14	0.0	1
370.42	0	0.0	0.0	0.0	0.0	0.0	1.0	1	1953	205.7	411.7	0.14	0.0	1
370.52	0	0.0	0.0	0.0	0.0	0.0	1.0	1	1953	205.7	411.7	0.14	0.0	1
370.62	0	0.0	0.0	0.0	0.0	0.0	1.0	1	1953	205.7	411.7	0.14	0.0	1
370.72	0	0.0	0.0	0.0	0.0	0.0	1.0	1	1953	205.7	411.7	0.14	0.0	1
370.82	0	0.0	0.0	0.0	0.0	0.0	1.0	1	1953	205.7	411.7	0.14	0.0	1
370.92	0	0.0	0.0	0.0	0.0	0.0	1.0	1	1953	205.7	411.7	0.14	0.0	1
371.02	0	0.0	0.0	0.0	0.0	0.0	1.0	1	1953	205.7	411.7	0.14	0.0	1
371.12	0	0.0	0.0	0.0	0.0	0.0	1.0	1	1953	205.7	411.7	0.14	0.0	1
371.22	0	0.0	0.0	0.0	0.0	0.0	1.0	1	1953	205.7	411.7	0.14	0.0	1
371.32	0	0.0	0.0	0.0	0.0	0.0	1.0	1	1953	205.7	411.7	0.14	0.0	1
371.42	0	0.0	0.0	0.0	0.0	0.0	1.0	1	1953	205.7	411.7	0.14	0.0	1
371.52	0	0.0	0.0	0.0	0.0	0.0	1.0	1	1953	205.7	411.7	0.14	0.0	1
371.62	0	0.0	0.0	0.0	0.0	0.0	1.0	1	1953	205.7	411.7	0.14	0.0	1
371.72	0	0.0	0.0	0.0	0.0	0.0	1.0	1	1953	205.7	411.7	0.14	0.0	1
371.82	0	0.0	0.0	0.0	0.0	0.0	1.0	1	1953	205.7	411.7	0.15	0.0	1
371.92	0	0.0	0.0	0.0	0.0	0.0	1.0	1	1953	205.7	411.7	0.15	0.0	1
372.02	0	0.0	0.0	0.0	0.0	0.0	1.0	1	1953	205.7	411.7	0.15	0.0	1
372.12	0	0.0	0.0	0.0	0.0	0.0	1.0	1	1953	205.7	411.7	0.15	0.0	1
372.22	0	0.0	0.0	0.0	0.0	0.0	1.0	1	1953	205.7	411.7	0.15	0.0	1
372.32	0	0.0	0.0	0.0	0.0	0.0	1.0	1	1953	205.7	411.7	0.15	0.0	1
372.42	0	0.0	0.0	0.0	0.0	0.0	1.0	1	1953	205.7	411.7	0.15	0.0	1
372.52	0	0.0	0.0	0.0	0.0	0.0	1.0	1	1953	205.7	411.7	0.15	0.0	1
372.62	0	0.0	0.0	0.0	0.0	0.0	1.0	1	1953	205.7	411.7	0.15	0.0	1
372.72	0	0.0	0.0	0.0	0.0	0.0	1.0	1	1953	205.7	411.7	0.15	0.0	1
372.82	0	0.0	0.0	0.0	0.0	0.0	1.0	1	1953	205.7	411.7	0.15	0.0	1
372.92	0	0.0	0.0	0.0	0.0	0.0	1.0	1	1953	205.7	411.7	0.15	0.0	1
373.02	0	0.0	0.0	0.0	0.0	0.0	1.0	1	1953	205.7	411.7	0.15	0.0	1
373.12	0	0.0	0.0	0.0	0.0	0.0	1.0	1	1953	205.7	411.7	0.15	0.0	1
373.22	0	0.0	0.0	0.0	0.0	0.0	1.0	1	1953	205.7	411.7	0.15	0.0	1
373.32	0	0.0	0.0	0.0	0.0	0.0	1.0	1	1953	205.7	411.7	0.15	0.0	1
373.42	0	0.0	0.0	0.0	0.0	0.0	1.0	1	1953	205.7	411.7	0.15	0.0	1
373.52	0	0.0	0.0	0.0	0.0	0.0	1.0	1	1953	205.7	411.7	0.15	0.0	1
373.62	0	0.0	0.0	0.0	0.0	0.0	1.0	1	1953	205.7	411.7	0.15	0.0	1
373.72	0	0.0	0.0	0.0	0.0	0.0	1.0	1	1953	205.7	411.7	0.15	0.0	1
373.82	0	0.0	0.0	0.0	0.0	0.0	1.0	1	1953	205.7	411.7	0.15	0.0	1
373.92	0	0.0	0.0	0.0	0.0	0.0	1.0	1	1953	205.7	411.7	0.15	0.0	1
374.02	0	0.0	0.0	0.0	0.0	0.0	1.0	1	1953	205.7	411.7	0.15	0.0	1
374.12	0	0.0	0.0	0.0	0.0	0.0	1.0	1	1953	205.7	411.7	0.15	0.0	1
374.22	0	0.0	0.0	0.0	0.0	0.0	1.0	1	1953	205.7	411.7	0.15	0.0	1
374.32	0	0.0	0.0	0.0	0.0	0.0	1.0	1	1953	205.7	411.7	0.15	0.0	1
374.42	0	0.0	0.0	0.0	0.0	0.0	1.0	1	1953	205.7	411.7	0.15	0.0	1
374.52	0	0.0	0.0	0.0	0.0	0.0	1.0	1	1953	205.7	411.7	0.15	0.0	1
374.62	0	0.0	0.0	0.0	0.0	0.0	1.0	1	1953	205.7	411.7	0.15	0.0	1
374.72	0	0.0	0.0	0.0	0.0	0.0	1.0	1	1953	205.7	411.7	0.15	0.0	1
374.82	0	0.0	0.0	0.0	0.0	0.0	1.0	1	1953	205.7	411.7	0.15	0.0	1
374.92	0	0.0	0.0	0.0	0.0	0.0	1.0	1	1953	205.7	411.7	0.15	0.0	1
375.02	0	0.0	0.0	0.0	0.0	0.0	1.0	1	1953	205.7	411.7	0.15	0.0	1
375.12	0	0.0	0.0	0.0	0.0	0.0	1.0	1	1953	205.7	411.7	0.15	0.0	1
375.22	0	0.0	0.0	0.0	0.0	0.0	1.0	1	1953	205.7	411.7	0.15	0.0	1
375.32	0	0.0	0.0	0.0	0.0	0.0	1.0	1	1953	205.7	411.7	0.15	0.0	1
375.42	0	0.0	0.0	0.0	0.0	0.0	1.0	1	1953	205.7	411.7	0.15	0.0	1
375.52	0	0.0	0.0	0.0	0.0	0.0	1.0	1	1953	205.7	411.7	0.15	0.0	1
375.62	0	0.0	0.0	0.0	0.0	0.0	1.0	1	1953	205.7	411.7	0.15	0.0	1
375.72	0	0.0	0.0	0.0	0.0	0.0	1.0	1	1953	205.7	411.7	0.15	0.0	1
375.82	0	0.0	0.0	0.0	0.0	0.0	1.0	1	1953	205.7	411.7	0.15	0.0	1
375.92	0	0.0	0.0	0.0	0.0	0.0	1.0	1	1953	205.7	411.7	0.15	0.0	1
376.02	0	0.0	0.0	0.0	0.0	0.0	1.0	1	1953	205.7	411.7	0.15	0.0	1
376.12	0	0.0	0.0	0.0	0.0	0.0	1.0	1	1953	205.7	411.7	0.15	0.0	1
376.22	0	0.0	0.0	0.0	0.0	0.0	1.0	1	1953	205.7	411.7	0.15	0.0	1
376.32	0	0.0	0.0	0.0	0.0	0.0	1.0	1	1953	205.7	411.7	0.15	0.0	1
376.42	0	0.0	0.0	0.0	0.0	0.0	1.0	1	1953	205.7	411.7	0.15	0.0	1
376.52	0	0.0	0.0	0.0	0.0	0.0	1.0	1	1953	205.7	411.7	0.15	0.0	1
376.66	0	0.0	0.0	0.0	0.0	0.0	1.0	1	1953	205.7	411.7	0.15	0.0	1
376.76	0	0.0	0.0	0.0	0.0	0.0	1.0	1	1953	205.7	411.7	0.15	0.0	1
376.86	0	0.0	0.0	0.0	0.0	0.0	1.0	1	1953	205.7	411.7	0.15	0.0	1
376.96	0	0.0	0.0	0.0	0.0	0.0	1.0	1	1953	205.7	411.7	0.15	0.0	1
377.06	0	0.0	0.0	0.0	0.0	0.0	1.0	1	1953	205.7	411.7	0.15	0.0	1
377.16	0	0.0	0.0	0.0	0.0	0.0	1.0	1	1953	205.7	411.7	0.15	0.0	1
377.26	0	0.0	0.0	0.0	0.0	0.0	1.0	1	1953	205.7	411.7	0.15	0.0	1
377.36	0	0.0	0.0	0.0	0.0	0.0	1.0	1	1953	205.7	411.7	0.15	0.0	1
377.46	0	0.0	0.0	0.0	0.0	0.0	1.0	1	1953	205.7	411.7	0.15	0.0	1
377.56	0	0.0	0.0	0.0	0.0	0.0	1.0	1	1953	205.7	411.7	0.15	0.0	1
377.66	0	0.0	0.0	0.0	0.0	0.0	1.0	1	1953	205.7	411.7	0.15	0.0	1
377.76	0	0.0	0.0	0.0	0.0	0.0	1.0	1	1953	205.7	411.7	0.15	0.0	1
377.86	0	0.0	0.0	0.0	0.0	0.0	1.0	1	1953	205.7	411.7	0.15	0.0	1
377.96	0	0.0	0.0	0.0	0.0	0.0	1.0	1	1953	205.7	411.7	0.15	0.0	1
378.06	0	0.0	0.0	0.0	0.0	0.0	1.0	1	1953	205.7	411.7	0.15	0.0	1
378.16	0	0.0	0.0	0.0	0.0	0.0	1.0	1	1953	205.7	411.7	0.15	0.0	1
378.27	0	0.0	0.0	0.0	0.0	0.0	1.0	1	1953	205.7	411.7	0.15	0.0	1
378.37	0	0.0	0.0	0.0	0.0	0.0	1.0	1	1953	205.7	411.7	0.15	0.0	1
378.47	0	0.0	0.0	0.0	0.0	0.0	1.0	1	1953	205.7	411.7	0.15	0.0	1
378.57	0	0.0	0.0	0.0	0.0	0.0	1.0	1	1953	205.7	411.7	0.15	0.0	1
378.67	0	0.0	0.0	0.0	0.0	0.0	1.0	1	1953	205.7	411.7	0.15	0.0	1
378.77	0	0.0	0.0	0.0	0.0	0.0	1.0	1	1953	205.7	411.7	0.15	0.0	1
378.87	0	0.0	0.0	0.0	0.0	0.0	1.0	1	1953	205.7	411.7	0.15	0.0	1
378.97	0	0.0	0.0	0.0	0.0	0.0	1.0	1	1953	205.7	411.7	0.15	0.0	1
379.07	0	0.0	0.0	0.0	0.0	0.0	1.0	1	1953	205.7	411.7	0.15	0.0	1
379.17	0	0.0	0.0	0.0	0.0	0.0	1.0	1	1953	205.7	411.7	0.15	0.0	1
379.27	0	0.0	0.0	0.0	0.0	0.0	1.0	1	1953	205.7	411.7	0.15	0.0	1
379.37	0	0.0	0.0	0.0	0.0	0.0	1.0	1	1953	205.7	411.7	0.15	0.0	1
379.47	0	0.0	0.0	0.0	0.0	0.0	1.0	1	1953	205.7	411.7	0.15	0.0	1
379.57	0	0.0	0.0	0.0	0.0	0.0	1.0	1	1953	205.7	411.7	0.15	0.0	1
379.67	0	0.0	0.0	0.0	0.0	0.0	1.0	1	1953	205.7	411.7	0.15	0.0	1
379.77	0	0.0	0.0	0.0	0.0	0.0	1.0	1	1953	205.7	411.7	0.15	0.0	1
379.87	0	0.0	0.0	0.0	0.0	0.0	1.0	1	1953	205.7	411.7	0.15	0.0	1
379.97	0	0.0	0.0	0.0	0.0	0.0	1.0	1	1953	205.7	411.7	0.15	0.0	1
380.07	0	0.0	0.0	0.0	0.0	0.0	1.0	1	1953	205.7	411.7	0.15	0.0	1
380.17	0	0.0	0.0	0.0	0.0	0.0	1.0	1	1953	205.7	411.7	0.15	0.0	1
380.27	0	0.0	0.0	0.0	0.0	0.0	1.0	1	1953	205.7	411.7	0.15	0.0	1
380.37	0	0.0	0.0	0.0	0.0	0.0	1.0	1	1953	205.7	411.7	0.15	0.0	1
380.47	0	0.0	0.0	0.0	0.0	0.0	1.0	1	1953	205.7	411.7	0.15	0.0	1
380.57	0	0.0	0.0	0.0	0.0	0.0	1.0	1	1953	205.7	411.7	0.15	0.0	1
380.67	0	0.0	0.0	0.0	0.0	0.0	1.0	1	1953	205.7	411.7	0.15	0.0	1
380.77	0	0.0	0.0	0.0	0.0	0.0	1.0	1	1953	205.7	411.7	0.15	0.0	1
380.87	0	0.0	0.0	0.0	0.0	0.0	1.0	1	1953	205.7	411.7	0.15	0.0	1
380.97	0	0.0	0.0	0.0	0.0	0.0	1.0	1	1953	205.7	411.7	0.15	0.0	1
381.07	0	0.0	0.0	0.0	0.0	0.0	1.0	1	1953	205.7	411.7	0.15	0.0	1
381.17	0	0.0	0.0	0.0	0.0	0.0	1.0	1	1953	205.7	411.7	0.15	0.0	1
381.27	0	0.0	0.0	0.0	0.0	0.0	1.0	1	1953	205.7	411.7	0.15	0.0	1
381.37	0	0.0	0.0	0.0	0.0	0.0	1.0	1	1953	205.7	411.7	0.15	0.0	1
381.47	0	0.0	0.0	0.0	0.0	0.0	1.0	1	1953	205.7	411.7	0.15	0.0	1
381.57	0	0.0	0.0	0.0	0.0	0.0	1.0	1	1953	205.7	411.7	0.15	0.0	1
381.67	0	0.0	0.0	0.0	0.0	0.0	1.0	1	1953	205.7	411.7	0.15	0.0	1
381.77	0	0.0	0.0	0.0	0.0	0.0	1.0	1	1953	205.7	411.7	0.15	0.0	1
381.87	0	0.0	0.0	0.0	0.0	0.0	1.0	1	1953	205.7	411.7	0.15	0.0	1
381.97	0	0.0	0.0	0.0	0.0	0.0	1.0	1	1953	205.7	411.7	0.15	0.0	1
382.07	0	0.0	0.0	0.0	0.0	0.0	1.0	1	1953	205.7	411.7	0.15	0.0	1
382.17	0	0.0	0.0	0.0	0.0	0.0	1.0	1	1953	205.7	411.7	0.15	0.0	1
382.27	0	0.0	0.0	0.0	0.0	0.0	1.0	1	1953	205.7	411.7	0.15	0.0	1
382.37	0	0.0	0.0	0.0	0.0	0.0	1.0	1	1953	205.7	411.7	0.15	0.0	1
382.47	0	0.0	0.0	0.0	0.0	0.0	1.0	1	1953	205.7	411.7	0.15	0.0	1
382.57	0	0.0	0.0	0.0	0.0	0.0	1.0	1	1953	205.7	411.7	0.15	0.0	1
382.67	0	0.0	0.0	0.0	0.0	0.0	1.0	1	1953	205.7	411.7	0.15	0.0	1
382.77	0	0.0	0.0	0.0	0.0	0.0	1.0	1	1953	205.7	411.7	0.15	0.0	1
382.87	0	0.0	0.0	0.0	0.0	0.0	1.0	1	1953	205.7	411.7	0.15	0.0	1
382.97	0	0.0	0.0	0.0	0.0	0.0	1.0	1	1953	205.7	411.7	0.15	0.0	1
383.07	0	0.0	0.0	0.0	0.0	0.0	1.0	1	1953	205.7	411.7	0.15	0.0	1
383.17	0	0.0	0.0	0.0	0.0	0.0	1.0	1	1953	205.7	411.7	0.15	0.0	1
383.27	0	0.0	0.0	0.0	0.0	0.0	1.0	1	1953	205.7	411.7	0.15	0.0	1
383.37	0	0.0	0.0	0.0	0.0	0.0	1.0	1	1953	205.7	411.7	0.15	0.0	1
383.47	0	0.0	0.0	0.0	0.0	0.0	1.0	1	1953	205.7	411.7	0.15	0.0	1
383.57	0	0.0	0.0	0.0	0.0	0.0	1.0	1	1953	205.7	411.7	0.15	0.0	1
383.67	0	0.0	0.0	0.0	0.0	0.0	1.0	1	1953	205.7	411.7	0.15	0.0	1
383.77	0	0.0	0.0	0.0	0.0	0.0	1.0	1	1953	205.7	411.7	0.15	0.0	1
383.87	0	0.0	0.0	0.0	0.0	0.0	1.0	1	1953	205.7	411.7	0.15	0.0	1
383.97	0	0.0	0.0	0.0	0.0	0.0	1.0	1	1953	205.7	411.7	0.15	0.0	1
384.07	0	0.0	0.0	0.0	0.0	0.0	1.0	1	1953	205.7	411.7	0.15	0.0	1
384.17	0	0.0	0.0	0.0	0.0	0.0	1.0	1	1953	205.7	411.7	0.15	0.0	1
384.27	0	0.0	0.0	0.0	0.0	0.0	1.0	1	1953	205.7	411.7	0.15	0.0	1
384.37	0	0.0	0.0	0.0	0.0	0.0	1.0	1	1953	205.7	411.7	0.15	0.0	1
384.47	0	0.0	0.0	0.0	0.0	0.0	1.0	1	1953	205.7	411.7	0.15	0.0	1
384.57	0	0.0	0.0	0.0	0.0	0.0	1.0	1	1953	205.7	411.7	0.15	0.0	1
384.67	0	0.0	0.0	0.0	0.0	0.0	1.0	1	1953	205.7	411.7	0.15	0.0	1
384.77	0	0.0	0.0	0.0	0.0	0.0	1.0	1	1953	205.7	411.7	0.15	0.0	1
384.87	0	0.0	0.0	0.0	0.0	0.0	1.0	1	1953	205.7	411.7	0.15	0.0	1
384.97	0	0.0	0.0	0.0	0.0	0.0	1.0	1	1953	205.7	411.7	0.15	0.0	1
385.07	0	0.0	0.0	0.0	0.0	0.0	1.0	1	1953	205.7	411.7	0.15	0.0	1
385.17	0	0.0	0.0	0.0	0.0	0.0	1.0	1	1953	205.7	411.7	0.15	0.0	1
385.27	0	0.0	0.0	0.0	0.0	0.0	1.0	1	1953	205.7	411.7	0.15	0.0	1
385.37	0	0.0	0.0	0.0	0.0	0.0	1.0	1	1953	205.7	411.7	0.15	0.0	1
385.47	0	0.0	0.0	0.0	0.0	0.0	1.0	1	1953	205.7	411.7	0.15	0.0	1
385.61	0	0.0	0.0	0.0	0.0	0.0	1.0	1	1953	205.7	411.7	0.15	0.0	1
385.68	0	0.0	0.0	0.0	0.0	0.0	1.0	1	1953	205.7	411.7	0.15	0.0	1
385.78	0	0.0	0.0	0.0	0.0	0.0	1.0	1	1953	205.7	411.7	0.15	0.0	1
385.88	0	0.0	0.0	0.0	0.0	0.0	1.0	1	1953	205.7	411.7	0.15	0.0	1
385.98	0	0.0	0.0	0.0	0.0	0.0	1.0	1	1953	205.7	411.7	0.15	0.0	1
386.08	0	0.0	0.0	0.0	0.0	0.0	1.0	1	1953	205.7	411.7	0.15	0.0	1
386.18	0	0.0	0.0	0.0	0.0	0.0	1.0	1	1953	205.7	411.7	0.15	0.0	1
386.28	0	0.0	0.0	0.0	0.0	0.0	1.0	1	1953	205.7	411.7	0.15	0.0	1
386.38	0	0.0	0.0	0.0	0.0	0.0	1.0	1	1953	205.7	411.7	0.15	0.0	1
386.48	0	0.0	0.0	0.0	0.0	0.0	1.0	1	1953	205.7	411.7	0.15	0.0	1
386.6	0	0.0	0.0	0.0	0.0	0.0	1.0	1	1953	205.7	411.7	0.15	0.0	1
386.7	0	0.0	0.0	0.0	0.0	0.0	1.0	1	1953	205.7	411.7	0.15	0.0	1
386.79	0	0.0	0.0	0.0	0.0	0.0	1.0	1	1953	205.7	411.7	0.15	0.0	1
386.89	0	0.0	0.0	0.0	0.0	0.0	1.0	1	1953	205.7	411.7	0.15	0.0	1
387.0	0	0.0	0.0	0.0	0.0	0.0	1.0	1	1953	205.7	411.7	0.15	0.0	1
387.1	0	0.0	0.0	0.0	0.0	0.0	1.0	1	1953	205.7	411.7	0.15	0.0	1
387.2	0	0.0	0.0	0.0	0.0	0.0	1.0	1	1953	205.7	411.7	0.15	0.0	1
387.3	0	0.0	0.0	0.0	0.0	0.0	1.0	1	1953	205.7	411.7	0.15	0.0	1
387.4	0	0.0	0.0	0.0	0.0	0.0	1.0	1	1953	205.7	411.7	0.15	0.0	1
387.5	0	0.0	0.0	0.0	0.0	0.0	1.0	1	1953	205.7	411.7	0.15	0.0	1
387.6	0	0.0	0.0	0.0	0.0	0.0	1.0	1	1953	205.7	411.7	0.15	0.0	1
387.7	0	0.0	0.0	0.0	0.0	0.0	1.0	1	1953	205.7	411.7	0.15	0.0	1
387.8	0	0.0	0.0	0.0	0.0	0.0	1.0	1	1953	205.7	411.7	0.15	0.0	1
387.9	0	0.0	0.0	0.0	0.0	0.0	1.0	1	1953	205.7	411.7	0.15	0.0	1
388.0	0	0.0	0.0	0.0	0.0	0.0	1.0	1	1953	205.7	411.7	0.15	0.0	1
388.1	0	0.0	0.0	0.0	0.0	0.0	1.0	1	1953	205.7	411.7	0.15	0.0	1
388.2	0	0.0	0.0	0.0	0.0	0.0	1.0	1	1953	205.7	411.7	0.15	0.0	1
388.3	0	0.0	0.0	0.0	0.0	0.0	1.0	1	1953	205.7	411.7	0.15	0.0	1
388.39	0	0.0	0.0	0.0	0.0	0.0	1.0	1	1953	205.7	411.7	0.15	0.0	1
388.5	0	0.0	0.0	0.0	0.0	0.0	1.0	1	1953	205.7	411.7	0.15	0.0	1
388.6	0	0.0	0.0	0.0	0.0	0.0	1.0	1	1953	205.7	411.7	0.15	0.0	1
388.69	0	0.0	0.0	0.0	0.0	0.0	1.0	1	1953	205.7	411.7	0.15	0.0	1
388.8	0	0.0	0.0	0.0	0.0	0.0	1.0	1	1953	205.7	411.7	0.15	0.0	1
388.9	0	0.0	0.0	0.0	0.0	0.0	1.0	1	1953	205.7	411.7	0.15	0.0	1
389.0	0	0.0	0.0	0.0	0.0	0.0	1.0	1	1953	205.7	411.7	0.15	0.0	1
389.1	0	0.0	0.0	0.0	0.0	0.0	1.0	1	1953	205.7	411.7	0.15	0.0	1
389.19	0	0.0	0.0	0.0	0.0	0.0	1.0	1	1953	205.7	411.7	0.15	0.0	1
389.3	0	0.0	0.0	0.0	0.0	0.0	1.0	1	1953	205.7	411.7	0.15	0.0	1
389.39	0	0.0	0.0	0.0	0.0	0.0	1.0	1	1953	205.7	411.7	0.15	0.0	1
389.49	0	0.0	0.0	0.0	0.0	0.0	1.0	1	1953	205.7	411.7	0.15	0.0	1
389.59	0	0.0	0.0	0.0	0.0	0.0	1.0	1	1953	205.7	411.7	0.15	0.0	1
389.69	0	0.0	0.0	0.0	0.0	0.0	1.0	1	1953	205.7	411.7	0.15	0.0	1
389.8	0	0.0	0.0	0.0	0.0	0.0	1.0	1	1953	205.7	411.7	0.15	0.0	1
389.89	0	0.0	0.0	0.0	0.0	0.0	1.0	1	1953	205.7	411.7	0.15	0.0	1
390.0	0	0.0	0.0	0.0	0.0	0.0	1.0	1	1953	205.7	411.7	0.15	0.0	1
390.1	0	0.0	0.0	0.0	0.0	0.0	1.0	1	1953	205.7	411.7	0.15	0.0	1
390.2	0	0.0	0.0	0.0	0.0	0.0	1.0	1	1953	205.7	411.7	0.15	0.0	1
390.3	0	0.0	0.0	0.0	0.0	0.0	1.0	1	1953	205.7	411.7	0.15	0.0	1
390.4	0	0.0	0.0	0.0	0.0	0.0	1.0	1	1953	205.7	411.7	0.15	0.0	1
390.5	0	0.0	0.0	0.0	0.0	0.0	1.0	1	1953	205.7	411.7	0.15	0.0	1
390.6	0	0.0	0.0	0.0	0.0	0.0	1.0	1	1953	205.7	411.7	0.15	0.0	1
390.7	0	0.0	0.0	0.0	0.0	0.0	1.0	1	1953	205.7	411.7	0.15	0.0	1
390.8	0	0.0	0.0	0.0	0.0	0.0	1.0	1	1953	205.7	411.7	0.15	0.0	1
390.9	0	0.0	0.0	0.0	0.0	0.0	1.0	1	1953	205.7	411.7	0.15	0.0	1
391.0	0	0.0	0.0	0.0	0.0	0.0	1.0	1	1953	205.7	411.7	0.15	0.0	1
391.1	0	0.0	0.0	0.0	0.0	0.0	1.0	1	1953	205.7	411.7	0.15	0.0	1
391.2	0	0.0	0.0	0.0	0.0	0.0	1.0	1	1953	205.7	411.7	0.15	0.0	1
391.3	0	0.0	0.0	0.0	0.0	0.0	1.0	1	1953	205.7	411.7	0.15	0.0	1
391.4	0	0.0	0.0	0.0	0.0	0.0	1.0	1	1953	205.7	411.7	0.15	0.0	1
391.5	0	0.0	0.0	0.0	0.0	0.0	1.0	1	1953	205.7	411.7	0.15	0.0	1
391.6	0	0.0	0.0	0.0	0.0	0.0	1.0	1	1953	205.7	411.7	0.15	0.0	1
391.7	0	0.0	0.0	0.0	0.0	0.0	1.0	1	1953	205.7	411.7	0.15	0.0	1
391.8	0	0.0	0.0	0.0	0.0	0.0	1.0	1	1953	205.7	411.7	0.15	0.0	1
391.9	0	0.0	0.0	0.0	0.0	0.0	1.0	1	1953	205.7	411.7	0.15	0.0	1
392.0	0	0.0	0.0	0.0	0.0	0.0	1.0	1	1953	205.7	411.7	0.15	0.0	1
392.1	0	0.0	0.0	0.0	0.0	0.0	1.0	1	1953	205.7	411.7	0.15	0.0	1
392.2	0	0.0	0.0	0.0	0.0	0.0	1.0	1	1953	205.7	411.7	0.15	0.0	1
392.3	0	0.0	0.0	0.0	0.0	0.0	1.0	1	1953	205.7	411.7	0.15	0.0	1
392.4	0	0.0	0.0	0.0	0.0	0.0	1.0	1	1953	205.7	411.7	0.15	0.0	1
392.5	0	0.0	0.0	0.0	0.0	0.0	1.0	1	1953	205.7	411.7	0.15	0.0	1
392.6	0	0.0	0.0	0.0	0.0	0.0	1.0	1	1953	205.7	411.7	0.15	0.0	1
392.7	0	0.0	0.0	0.0	0.0	0.0	1.0	1	1953	205.7	411.7	0.15	0.0	1
392.8	0	0.0	0.0	0.0	0.0	0.0	1.0	1	1953	205.7	411.7	0.15	0.0	1
392.9	0	0.0	0.0	0.0	0.0	0.0	1.0	1	1953	205.7	411.7	0.15	0.0	1
393.0	0	0.0	0.0	0.0	0.0	0.0	1.0	1	1953	205.7	411.7	0.15	0.0	1
393.1	0	0.0	0.0	0.0	0.0	0.0	1.0	1	1953	205.7	411.7	0.15	0.0	1
393.2	0	0.0	0.0	0.0	0.0	0.0	1.0	1	1953	205.7	411.7	0.15	0.0	1
393.3	0	0.0	0.0	0.0	0.0	0.0	1.0	1	1953	205.7	411.7	0.15	0.0	1
393.4	0	0.0	0.0	0.0	0.0	0.0	1.0	1	1953	205.7	411.7	0.15	0.0	1
393.5	0	0.0	0.0	0.0	0.0	0.0	1.0	1	1953	205.7	411.7	0.15	0.0	1
393.6	0	0.0	0.0	0.0	0.0	0.0	1.0	1	1953	205.7	411.7	0.15	0.0	1
393.7	0	0.0	0.0	0.0	0.0	0.0	1.0	1	1953	205.7	411.7	0.15	0.0	1
393.8	0	0.0	0.0	0.0	0.0	0.0	1.0	1	1953	205.7	411.7	0.15	0.0	1
393.9	0	0.0	0.0	0.0	0.0	0.0	1.0	1	1953	205.7	411.7	0.15	0.0	1
394.0	0	0.0	0.0	0.0	0.0	0.0	1.0	1	1953	205.7	411.7	0.15	0.0	1
394.1	0	0.0	0.0	0.0	0.0	0.0	1.0	1	1953	205.7	411.7	0.15	0.0	1
394.2	0	0.0	0.0	0.0	0.0	0.0	1.0	1	1953	205.7	411.7	0.15	0.0	1
394.3	0	0.0	0.0	0.0	0.0	0.0	1.0	1	1953	205.7	411.7	0.15	0.0	1
394.4	0	0.0	0.0	0.0	0.0	0.0	1.0	1	1953	205.7	411.7	0.15	0.0	1
394.5	0	0.0	0.0	0.0	0.0	0.0	1.0	1	1953	205.7	411.7	0.15	0.0	1
394.6	0	0.0	0.0	0.0	0.0	0.0	1.0	1	1953	205.7	411.7	0.15	0.0	1
394.7	0	0.0	0.0	0.0	0.0	0.0	1.0	1	1953	205.7	411.7	0.15	0.0	1
394.8	0	0.0	0.0	0.0	0.0	0.0	1.0	1	1953	205.7	411.7	0.15	0.0	1
394.9	0	0.0	0.0	0.0	0.0	0.0	1.0	1	1953	205.7	411.7	0.15	0.0	1
395.0	0	0.0	0.0	0.0	0.0	0.0	1.0	1	1953	205.7	411.7	0.15	0.0	1
395.1	0	0.0	0.0	0.0	0.0	0.0	1.0	1	1953	205.7	411.7	0.15	0.0	1
395.2	0	0.0	0.0	0.0	0.0	0.0	1.0	1	1953	205.7	411.7	0.15	0.0	1
395.3	0	0.0	0.0	0.0	0.0	0.0	1.0	1	1953	205.7	411.7	0.15	0.0	1
395.4	0	0.0	0.0	0.0	0.0	0.0	1.0	1	1953	205.7	411.7	0.15	0.0	1
395.5	0	0.0	0.0	0.0	0.0	0.0	1.0	1	1953	205.7	411.7	0.15	0.0	1
395.6	0	0.0	0.0	0.0	0.0	0.0	1.0	1	1953	205.7	411.7	0.15	0.0	1
395.7	0	0.0	0.0	0.0	0.0	0.0	1.0	1	1953	205.7	411.7	0.15	0.0	1
395.8	0	0.0	0.0	0.0	0.0	0.0	1.0	1	1953	205.7	411.7	0.15	0.0	1
395.9	0	0.0	0.0	0.0	0.0	0.0	1.0	1	1953	205.7	411.7	0.15	0.0	1
396.0	0	0.0	0.0	0.0	0.0	0.0	1.0	1	1953	205.7	411.7	0.15	0.0	1
396.1	0	0.0	0.0	0.0	0.0	0.0	1.0	1	1953	205.7	411.7	0.15	0.0	1
396.2	0	0.0	0.0	0.0	0.0	0.0	1.0	1	1953	205.7	411.7	0.15	0.0	1
396.3	0	0.0	0.0	0.0	0.0	0.0	1.0	1	1953	205.7	411.7	0.15	0.0	1
396.4	0	0.0	0.0	0.0	0.0	0.0	1.0	1	1953	205.7	411.7	0.15	0.0	1
396.5	0	0.0	0.0	0.0	0.0	0.0	1.0	1	1953	205.7	411.7	0.15	0.0	1
396.62	0	0.0	0.0	0.0	0.0	0.0	1.0	1	1953	205.7	411.7	0.15	0.0	1
396.72	0	0.0	0.0	0.0	0.0	0.0	1.0	1	1953	205.7	411.7	0.15	0.0	1
396.82	0	0.0	0.0	0.0	0.0	0.0	1.0	1	1953	205.7	411.7	0.15	0.0	1
396.92	0	0.0	0.0	0.0	0.0	0.0	1.0	1	1953	205.7	411.7	0.15	0.0	1
397.03	0	0.0	0.0	0.0	0.0	0.0	1.0	1	1953	205.7	411.7	0.15	0.0	1
397.13	0	0.0	0.0	0.0	0.0	0.0	1.0	1	1953	205.7	411.7	0.15	0.0	1
397.23	0	0.0	0.0	0.0	0.0	0.0	1.0	1	1953	205.7	411.7	0.15	0.0	1
397.33	0	0.0	0.0	0.0	0.0	0.0	1.0	1	1953	205.7	411.7	0.15	0.0	1
397.43	0	0.0	0.0	0.0	0.0	0.0	1.0	1	1953	205.7	411.7	0.15	0.0	1
397.53	0	0.0	0.0	0.0	0.0	0.0	1.0	1	1953	205.7	411.7	0.16	0.0	1
397.63	0	0.0	0.0	0.0	0.0	0.0	1.0	1	1953	205.7	411.7	0.16	0.0	1
397.73	0	0.0	0.0	0.0	0.0	0.0	1.0	1	1953	205.7	411.7	0.16	0.0	1
397.83	0	0.0	0.0	0.0	0.0	0.0	1.0	1	1953	205.7	411.7	0.16	0.0	1
397.93	0	0.0	0.0	0.0	0.0	0.0	1.0	1	1953	205.7	411.7	0.16	0.0	1
398.03	0	0.0	0.0	0.0	0.0	0.0	1.0	1	1953	205.7	411.7	0.16	0.0	1
398.13	0	0.0	0.0	0.0	0.0	0.0	1.0	1	1953	205.7	411.7	0.16	0.0	1
398.23	0	0.0	0.0	0.0	0.0	0.0	1.0	1	1953	205.7	411.7	0.16	0.0	1
398.33	0	0.0	0.0	0.0	0.0	0.0	1.0	1	1953	205.7	411.7	0.16	0.0	1
398.43	0	0.0	0.0	0.0	0.0	0.0	1.0	1	1953	205.7	411.7	0.16	0.0	1
398.53	0	0.0	0.0	0.0	0.0	0.0	1.0	1	1953	205.7	411.7	0.16	0.0	1
398.63	0	0.0	0.0	0.0	0.0	0.0	1.0	1	1953	205.7	411.7	0.16	0.0	1
398.73	0	0.0	0.0	0.0	0.0	0.0	1.0	1	1953	205.7	411.7	0.16	0.0	1
398.83	0	0.0	0.0	0.0	0.0	0.0	1.0	1	1953	205.7	411.7	0.16	0.0	1
398.93	0	0.0	0.0	0.0	0.0	0.0	1.0	1	1953	205.7	411.7	0.16	0.0	1
399.03	0	0.0	0.0	0.0	0.0	0.0	1.0	1	1953	205.7	411.7	0.16	0.0	1
399.13	0	0.0	0.0	0.0	0.0	0.0	1.0	1	1953	205.7	411.7	0.16	0.0	1
399.23	0	0.0	0.0	0.0	0.0	0.0	1.0	1	1953	205.7	411.7	0.16	0.0	1
399.33	0	0.0	0.0	0.0	0.0	0.0	1.0	1	1953	205.7	411.7	0.16	0.0	1
399.43	0	0.0	0.0	0.0	0.0	0.0	1.0	1	1953	205.7	411.7	0.16	0.0	1
399.53	0	0.0	0.0	0.0	0.0	0.0	1.0	1	1953	205.7	411.7	0.16	0.0	1
399.63	0	0.0	0.0	0.0	0.0	0.0	1.0	1	1953	205.7	411.7	0.16	0.0	1
399.73	0	0.0	0.0	0.0	0.0	0.0	1.0	1	1953	205.7	411.7	0.16	0.0	1
399.83	0	0.0	0.0	0.0	0.0	0.0	1.0	1	1953	205.7	411.7	0.16	0.0	1
399.93	0	0.0	0.0	0.0	0.0	0.0	1.0	1	1953	205.7	411.7	0.16	0.0	1
400.03	0	0.0	0.0	0.0	0.0	0.0	1.0	1	1953	205.7	411.7	0.16	0.0	1
400.13	0	0.0	0.0	0.0	0.0	0.0	1.0	1	1953	205.7	411.7	0.16	0.0	1
400.23	0	0.0	0.0	0.0	0.0	0.0	1.0	1	1953	205.7	411.7	0.16	0.0	1
400.33	0	0.0	0.0	0.0	0.0	0.0	1.0	1	1953	205.7	411.7	0.16	0.0	1
400.43	0	0.0	0.0	0.0	0.0	0.0	1.0	1	1953	205.7	411.7	0.16	0.0	1
400.53	0	0.0	0.0	0.0	0.0	0.0	1.0	1	1953	205.7	411.7	0.16	0.0	1
400.63	0	0.0	0.0	0.0	0.0	0.0	1.0	1	1953	205.7	411.7	0.16	0.0	1
400.73	0	0.0	0.0	0.0	0.0	0.0	1.0	1	1953	205.7	411.7	0.16	0.0	1
400.85	0	0.0	0.0	0.0	0.0	0.0	1.0	1	1953	205.7	411.7	0.16	0.0	1
400.95	0	0.0	0.0	0.0	0.0	0.0	1.0	1	1953	205.7	411.7	0.16	0.0	1
401.05	0	0.0	0.0	0.0	0.0	0.0	1.0	1	1953	205.7	411.7	0.16	0.0	1
401.15	0	0.0	0.0	0.0	0.0	0.0	1.0	1	1953	205.7	411.7	0.16	0.0	1
401.25	0	0.0	0.0	0.0	0.0	0.0	1.0	1	1953	205.7	411.7	0.16	0.0	1
401.35	0	0.0	0.0	0.0	0.0	0.0	1.0	1	1953	205.7	411.7	0.16	0.0	1
401.45	0	0.0	0.0	0.0	0.0	0.0	1.0	1	1953	205.7	411.7	0.16	0.0	1
401.55	0	0.0	0.0	0.0	0.0	0.0	1.0	1	1953	205.7	411.7	0.16	0.0	1
401.65	0	0.0	0.0	0.0	0.0	0.0	1.0	1	1953	205.7	411.7	0.16	0.0	1
401.75	0	0.0	0.0	0.0	0.0	0.0	1.0	1	1953	205.7	411.7	0.16	0.0	1
401.85	0	0.0	0.0	0.0	0.0	0.0	1.0	1	1953	205.7	411.7	0.16	0.0	1
401.95	0	0.0	0.0	0.0	0.0	0.0	1.0	1	1953	205.7	411.7	0.16	0.0	1
402.05	0	0.0	0.0	0.0	0.0	0.0	1.0	1	1953	205.7	411.7	0.16	0.0	1
402.15	0	0.0	0.0	0.0	0.0	0.0	1.0	1	1953	205.7	411.7	0.16	0.0	1
402.25	0	0.0	0.0	0.0	0.0	0.0	1.0	1	1953	205.7	411.7	0.16	0.0	1
402.35	0	0.0	0.0	0.0	0.0	0.0	1.0	1	1953	205.7	411.7	0.16	0.0	1
402.45	0	0.0	0.0	0.0	0.0	0.0	1.0	1	1953	205.7	411.7	0.16	0.0	1
402.55	0	0.0	0.0	0.0	0.0	0.0	1.0	1	1953	205.7	411.7	0.16	0.0	1
402.65	0	0.0	0.0	0.0	0.0	0.0	1.0	1	1953	205.7	411.7	0.16	0.0	1
402.75	0	0.0	0.0	0.0	0.0	0.0	1.0	1	1953	205.7	411.7	0.16	0.0	1
402.85	0	0.0	0.0	0.0	0.0	0.0	1.0	1	1953	205.7	411.7	0.16	0.0	1
402.95	0	0.0	0.0	0.0	0.0	0.0	1.0	1	1953	205.7	411.7	0.16	0.0	1
403.05	0	0.0	0.0	0.0	0.0	0.0	1.0	1	1953	205.7	411.7	0.16	0.0	1
403.15	0	0.0	0.0	0.0	0.0	0.0	1.0	1	1953	205.7	411.7	0.16	0.0	1
403.25	0	0.0	0.0	0.0	0.0	0.0	1.0	1	1953	205.7	411.7	0.16	0.0	1
403.35	0	0.0	0.0	0.0	0.0	0.0	1.0	1	1953	205.7	411.7	0.16	0.0	1
403.45	0	0.0	0.0	0.0	0.0	0.0	1.0	1	1953	205.7	411.7	0.16	0.0	1
403.55	0	0.0	0.0	0.0	0.0	0.0	1.0	1	1953	205.7	411.7	0.16	0.0	1
403.65	0	0.0	0.0	0.0	0.0	0.0	1.0	1	1953	205.7	411.7	0.16	0.0	1
403.75	0	0.0	0.0	0.0	0.0	0.0	1.0	1	1953	205.7	411.7	0.16	0.0	1
403.85	0	0.0	0.0	0.0	0.0	0.0	1.0	1	1953	205.7	411.7	0.16	0.0	1
403.95	0	0.0	0.0	0.0	0.0	0.0	1.0	1	1953	205.7	411.7	0.16	0.0	1
404.05	0	0.0	0.0	0.0	0.0	0.0	1.0	1	1953	205.7	411.7	0.16	0.0	1
404.15	0	0.0	0.0	0.0	0.0	0.0	1.0	1	1953	205.7	411.7	0.16	0.0	1
404.25	0	0.0	0.0	0.0	0.0	0.0	1.0	1	1953	205.7	411.7	0.16	0.0	1
404.35	0	0.0	0.0	0.0	0.0	0.0	1.0	1	1953	205.7	411.7	0.16	0.0	1
404.45	0	0.0	0.0	0.0	0.0	0.0	1.0	1	1953	205.7	411.7	0.16	0.0	1
404.55	0	0.0	0.0	0.0	0.0	0.0	1.0	1	1953	205.7	411.7	0.16	0.0	1
404.65	0	0.0	0.0	0.0	0.0	0.0	1.0	1	1953	205.7	411.7	0.16	0.0	1
404.75	0	0.0	0.0	0.0	0.0	0.0	1.0	1	1953	205.7	411.7	0.16	0.0	1
404.85	0	0.0	0.0	0.0	0.0	0.0	1.0	1	1953	205.7	411.7	0.16	0.0	1
404.95	0	0.0	0.0	0.0	0.0	0.0	1.0	1	1953	205.7	411.7	0.16	0.0	1
405.05	0	0.0	0.0	0.0	0.0	0.0	1.0	1	1953	205.7	411.7	0.16	0.0	1
405.15	0	0.0	0.0	0.0	0.0	0.0	1.0	1	1953	205.7	411.7	0.16	0.0	1
405.25	0	0.0	0.0	0.0	0.0	0.0	1.0	1	1953	205.7	411.7	0.16	0.0	1
405.35	0	0.0	0.0	0.0	0.0	0.0	1.0	1	1953	205.7	411.7	0.16	0.0	1
405.45	0	0.0	0.0	0.0	0.0	0.0	1.0	1	1953	205.7	411.7	0.16	0.0	1
405.55	0	0.0	0.0	0.0	0.0	0.0	1.0	1	1953	205.7	411.7	0.16	0.0	1
405.66	0	0.0	0.0	0.0	0.0	0.0	1.0	1	1953	205.7	411.7	0.16	0.0	1
405.76	0	0.0	0.0	0.0	0.0	0.0	1.0	1	1953	205.7	411.7	0.16	0.0	1
405.86	0	0.0	0.0	0.0	0.0	0.0	1.0	1	1953	205.7	411.7	0.16	0.0	1
405.96	0	0.0	0.0	0.0	0.0	0.0	1.0	1	1953	205.7	411.7	0.16	0.0	1
406.06	0	0.0	0.0	0.0	0.0	0.0	1.0	1	1953	205.7	411.7	0.16	0.0	1
406.16	0	0.0	0.0	0.0	0.0	0.0	1.0	1	1953	205.7	411.7	0.16	0.0	1
406.26	0	0.0	0.0	0.0	0.0	0.0	1.0	1	1953	205.7	411.7	0.16	0.0	1
406.36	0	0.0	0.0	0.0	0.0	0.0	1.0	1	1953	205.7	411.7	0.16	0.0	1
406.46	0	0.0	0.0	0.0	0.0	0.0	1.0	1	1953	205.7	411.7	0.16	0.0	1
406.58	0	0.0	0.0	0.0	0.0	0.0	1.0	1	1953	205.7	411.7	0.16	0.0	1
406.69	0	0.0	0.0	0.0	0.0	0.0	1.0	1	1953	205.7	411.7	0.16	0.0	1
406.79	0	0.0	0.0	0.0	0.0	0.0	1.0	1	1953	205.7	411.7	0.16	0.0	1
406.89	0	0.0	0.0	0.0	0.0	0.0	1.0	1	1953	205.7	411.7	0.16	0.0	1
406.99	0	0.0	0.0	0.0	0.0	0.0	1.0	1	1953	205.7	411.7	0.16	0.0	1
407.09	0	0.0	0.0	0.0	0.0	0.0	1.0	1	1953	205.7	411.7	0.16	0.0	1
407.19	0	0.0	0.0	0.0	0.0	0.0	1.0	1	1953	205.7	411.7	0.16	0.0	1
407.29	0	0.0	0.0	0.0	0.0	0.0	1.0	1	1953	205.7	411.7	0.16	0.0	1
407.39	0	0.0	0.0	0.0	0.0	0.0	1.0	1	1953	205.7	411.7	0.16	0.0	1
407.49	0	0.0	0.0	0.0	0.0	0.0	1.0	1	1953	205.7	411.7	0.16	0.0	1
407.59	0	0.0	0.0	0.0	0.0	0.0	1.0	1	1953	205.7	411.7	0.16	0.0	1
407.69	0	0.0	0.0	0.0	0.0	0.0	1.0	1	1953	205.7	411.7	0.16	0.0	1
407.79	0	0.0	0.0	0.0	0.0	0.0	1.0	1	1953	205.7	411.7	0.16	0.0	1
407.89	0	0.0	0.0	0.0	0.0	0.0	1.0	1	1953	205.7	411.7	0.16	0.0	1
407.99	0	0.0	0.0	0.0	0.0	0.0	1.0	1	1953	205.7	411.7	0.16	0.0	1
408.09	0	0.0	0.0	0.0	0.0	0.0	1.0	1	1953	205.7	411.7	0.16	0.0	1
408.19	0	0.0	0.0	0.0	0.0	0.0	1.0	1	1953	205.7	411.7	0.16	0.0	1
408.29	0	0.0	0.0	0.0	0.0	0.0	1.0	1	1953	205.7	411.7	0.16	0.0	1
408.39	0	0.0	0.0	0.0	0.0	0.0	1.0	1	1953	205.7	411.7	0.16	0.0	1
408.49	0	0.0	0.0	0.0	0.0	0.0	1.0	1	1953	205.7	411.7	0.16	0.0	1
408.59	0	0.0	0.0	0.0	0.0	0.0	1.0	1	1953	205.7	411.7	0.16	0.0	1
408.69	0	0.0	0.0	0.0	0.0	0.0	1.0	1	1953	205.7	411.7	0.16	0.0	1
408.79	0	0.0	0.0	0.0	0.0	0.0	1.0	1	1953	205.7	411.7	0.16	0.0	1
408.89	0	0.0	0.0	0.0	0.0	0.0	1.0	1	1953	205.7	411.7	0.16	0.0	1
408.99	0	0.0	0.0	0.0	0.0	0.0	1.0	1	1953	205.7	411.7	0.16	0.0	1
409.09	0	0.0	0.0	0.0	0.0	0.0	1.0	1	1953	205.7	411.7	0.16	0.0	1
409.19	0	0.0	0.0	0.0	0.0	0.0	1.0	1	1953	205.7	411.7	0.16	0.0	1
409.29	0	0.0	0.0	0.0	0.0	0.0	1.0	1	1953	205.7	411.7	0.16	0.0	1
409.39	0	0.0	0.0	0.0	0.0	0.0	1.0	1	1953	205.7	411.7	0.16	0.0	1
409.49	0	0.0	0.0	0.0	0.0	0.0	1.0	1	1953	205.7	411.7	0.16	0.0	1
409.59	0	0.0	0.0	0.0	0.0	0.0	1.0	1	1953	205.7	411.7	0.16	0.0	1
409.69	0	0.0	0.0	0.0	0.0	0.0	1.0	1	1953	205.7	411.7	0.16	0.0	1
409.79	0	0.0	0.0	0.0	0.0	0.0	1.0	1	1953	205.7	411.7	0.16	0.0	1
409.89	0	0.0	0.0	0.0	0.0	0.0	1.0	1	1953	205.7	411.7	0.16	0.0	1
409.99	0	0.0	0.0	0.0	0.0	0.0	1.0	1	1953	205.7	411.7	0.16	0.0	1
410.09	0	0.0	0.0	0.0	0.0	0.0	1.0	1	1953	205.7	411.7	0.16	0.0	1
410.19	0	0.0	0.0	0.0	0.0	0.0	1.0	1	1953	205.7	411.7	0.16	0.0	1
410.29	0	0.0	0.0	0.0	0.0	0.0	1.0	1	1953	205.7	411.7	0.16	0.0	1
410.39	0	0.0	0.0	0.0	0.0	0.0	1.0	1	1953	205.7	411.7	0.16	0.0	1
410.49	0	0.0	0.0	0.0	0.0	0.0	1.0	1	1953	205.7	411.7	0.16	0.0	1
410.59	0	0.0	0.0	0.0	0.0	0.0	1.0	1	1953	205.7	411.7	0.16	0.0	1
410.69	0	0.0	0.0	0.0	0.0	0.0	1.0	1	1953	205.7	411.7	0.16	0.0	1
410.79	0	0.0	0.0	0.0	0.0	0.0	1.0	1	1953	205.7	411.7	0.16	0.0	1
410.89	0	0.0	0.0	0.0	0.0	0.0	1.0	1	1953	205.7	411.7	0.16	0.0	1
410.99	0	0.0	0.0	0.0	0.0	0.0	1.0	1	1953	205.7	411.7	0.16	0.0	1
411.09	0	0.0	0.0	0.0	0.0	0.0	1.0	1	1953	205.7	411.7	0.16	0.0	1
411.19	0	0.0	0.0	0.0	0.0	0.0	1.0	1	1953	205.7	411.7	0.16	0.0	1
411.29	0	0.0	0.0	0.0	0.0	0.0	1.0	1	1953	205.7	411.7	0.16	0.0	1
411.39	0	0.0	0.0	0.0	0.0	0.0	1.0	1	1953	205.7	411.7	0.16	0.0	1
411.49	0	0.0	0.0	0.0	0.0	0.0	1.0	1	1953	205.7	411.7	0.16	0.0	1
411.59	0	0.0	0.0	0.0	0.0	0.0	1.0	1	1953	205.7	411.7	0.16	0.0	1
411.69	0	0.0	0.0	0.0	0.0	0.0	1.0	1	1953	205.7	411.7	0.16	0.0	1
411.79	0	0.0	0.0	0.0	0.0	0.0	1.0	1	1953	205.7	411.7	0.16	0.0	1
411.89	0	0.0	0.0	0.0	0.0	0.0	1.0	1	1953	205.7	411.7	0.16	0.0	1
411.99	0	0.0	0.0	0.0	0.0	0.0	1.0	1	1953	205.7	411.7	0.16	0.0	1
412.09	0	0.0	0.0	0.0	0.0	0.0	1.0	1	1953	205.7	411.7	0.16	0.0	1
412.19	0	0.0	0.0	0.0	0.0	0.0	1.0	1	1953	205.7	411.7	0.16	0.0	1
412.29	0	0.0	0.0	0.0	0.0	0.0	1.0	1	1953	205.7	411.7	0.16	0.0	1
412.39	0	0.0	0.0	0.0	0.0	0.0	1.0	1	1953	205.7	411.7	0.16	0.0	1
412.49	0	0.0	0.0	0.0	0.0	0.0	1.0	1	1953	205.7	411.7	0.16	0.0	1
412.59	0	0.0	0.0	0.0	0.0	0.0	1.0	1	1953	205.7	411.7	0.16	0.0	1
412.69	0	0.0	0.0	0.0	0.0	0.0	1.0	1	1953	205.7	411.7	0.16	0.0	1
412.79	0	0.0	0.0	0.0	0.0	0.0	1.0	1	1953	205.7	411.7	0.16	0.0	1
412.91	0	0.0	0.0	0.0	0.0	0.0	1.0	1	1953	205.7	411.7	0.16	0.0	1
412.99	0	0.0	0.0	0.0	0.0	0.0	1.0	1	1953	205.7	411.7	0.16	0.0	1
413.09	0	0.0	0.0	0.0	0.0	0.0	1.0	1	1953	205.7	411.7	0.16	0.0	1
413.19	0	0.0	0.0	0.0	0.0	0.0	1.0	1	1953	205.7	411.7	0.16	0.0	1
413.29	0	0.0	0.0	0.0	0.0	0.0	1.0	1	1953	205.7	411.7	0.16	0.0	1
413.39	0	0.0	0.0	0.0	0.0	0.0	1.0	1	1953	205.7	411.7	0.16	0.0	1
413.49	0	0.0	0.0	0.0	0.0	0.0	1.0	1	1953	205.7	411.7	0.16	0.0	1
413.59	0	0.0	0.0	0.0	0.0	0.0	1.0	1	1953	205.7	411.7	0.16	0.0	1
413.69	0	0.0	0.0	0.0	0.0	0.0	1.0	1	1953	205.7	411.7	0.16	0.0	1
413.79	0	0.0	0.0	0.0	0.0	0.0	1.0	1	1953	205.7	411.7	0.16	0.0	1
413.89	0	0.0	0.0	0.0	0.0	0.0	1.0	1	1953	205.7	411.7	0.16	0.0	1
413.99	0	0.0	0.0	0.0	0.0	0.0	1.0	1	1953	205.7	411.7	0.16	0.0	1
414.09	0	0.0	0.0	0.0	0.0	0.0	1.0	1	1953	205.7	411.7	0.16	0.0	1
414.19	0	0.0	0.0	0.0	0.0	0.0	1.0	1	1953	205.7	411.7	0.16	0.0	1
414.29	0	0.0	0.0	0.0	0.0	0.0	1.0	1	1953	205.7	411.7	0.16	0.0	1
414.39	0	0.0	0.0	0.0	0.0	0.0	1.0	1	1953	205.7	411.7	0.16	0.0	1
414.49	0	0.0	0.0	0.0	0.0	0.0	1.0	1	1953	205.7	411.7	0.16	0.0	1
414.59	0	0.0	0.0	0.0	0.0	0.0	1.0	1	1953	205.7	411.7	0.16	0.0	1
414.69	0	0.0	0.0	0.0	0.0	0.0	1.0	1	1953	205.7	411.7	0.16	0.0	1
414.79	0	0.0	0.0	0.0	0.0	0.0	1.0	1	1953	205.7	411.7	0.16	0.0	1
414.89	0	0.0	0.0	0.0	0.0	0.0	1.0	1	1953	205.7	411.7	0.16	0.0	1
414.99	0	0.0	0.0	0.0	0.0	0.0	1.0	1	1953	205.7	411.7	0.16	0.0	1
415.09	0	0.0	0.0	0.0	0.0	0.0	1.0	1	1953	205.7	411.7	0.16	0.0	1
415.19	0	0.0	0.0	0.0	0.0	0.0	1.0	1	1953	205.7	411.7	0.16	0.0	1
415.29	0	0.0	0.0	0.0	0.0	0.0	1.0	1	1953	205.7	411.7	0.16	0.0	1
415.39	0	0.0	0.0	0.0	0.0	0.0	1.0	1	1953	205.7	411.7	0.16	0.0	1
415.49	0	0.0	0.0	0.0	0.0	0.0	1.0	1	1953	205.7	411.7	0.16	0.0	1
415.61	0	0.0	0.0	0.0	0.0	0.0	1.0	1	1953	205.7	411.7	0.16	0.0	1
415.7	0	0.0	0.0	0.0	0.0	0.0	1.0	1	1953	205.7	411.7	0.16	0.0	1
415.8	0	0.0	0.0	0.0	0.0	0.0	1.0	1	1953	205.7	411.7	0.16	0.0	1
415.9	0	0.0	0.0	0.0	0.0	0.0	1.0	1	1953	205.7	411.7	0.16	0.0	1
416.0	0	0.0	0.0	0.0	0.0	0.0	1.0	1	1953	205.7	411.7	0.16	0.0	1
416.1	0	0.0	0.0	0.0	0.0	0.0	1.0	1	1953	205.7	411.7	0.16	0.0	1
416.19	0	0.0	0.0	0.0	0.0	0.0	1.0	1	1953	205.7	411.7	0.16	0.0	1
416.29	0	0.0	0.0	0.0	0.0	0.0	1.0	1	1953	205.7	411.7	0.16	0.0	1
416.39	0	0.0	0.0	0.0	0.0	0.0	1.0	1	1953	205.7	411.7	0.16	0.0	1
416.49	0	0.0	0.0	0.0	0.0	0.0	1.0	1	1953	205.7	411.7	0.16	0.0	1
416.63	0	0.0	0.0	0.0	0.0	0.0	1.0	1	1953	205.7	411.7	0.16	0.0	1
416.73	0	0.0	0.0	0.0	0.0	0.0	1.0	1	1953	205.7	411.7	0.16	0.0	1
416.83	0	0.0	0.0	0.0	0.0	0.0	1.0	1	1953	205.7	411.7	0.16	0.0	1
416.93	0	0.0	0.0	0.0	0.0	0.0	1.0	1	1953	205.7	411.7	0.16	0.0	1
417.03	0	0.0	0.0	0.0	0.0	0.0	1.0	1	1953	205.7	411.7	0.16	0.0	1
417.13	0	0.0	0.0	0.0	0.0	0.0	1.0	1	1953	205.7	411.7	0.16	0.0	1
417.23	0	0.0	0.0	0.0	0.0	0.0	1.0	1	1953	205.7	411.7	0.16	0.0	1
417.33	0	0.0	0.0	0.0	0.0	0.0	1.0	1	1953	205.7	411.7	0.16	0.0	1
417.43	0	0.0	0.0	0.0	0.0	0.0	1.0	1	1953	205.7	411.7	0.16	0.0	1
417.53	0	0.0	0.0	0.0	0.0	0.0	1.0	1	1953	205.7	411.7	0.16	0.0	1
417.63	0	0.0	0.0	0.0	0.0	0.0	1.0	1	1953	205.7	411.7	0.16	0.0	1
417.73	0	0.0	0.0	0.0	0.0	0.0	1.0	1	1953	205.7	411.7	0.16	0.0	1
417.83	0	0.0	0.0	0.0	0.0	0.0	1.0	1	1953	205.7	411.7	0.16	0.0	1
417.93	0	0.0	0.0	0.0	0.0	0.0	1.0	1	1953	205.7	411.7	0.16	0.0	1
418.03	0	0.0	0.0	0.0	0.0	0.0	1.0	1	1953	205.7	411.7	0.16	0.0	1
418.13	0	0.0	0.0	0.0	0.0	0.0	1.0	1	1953	205.7	411.7	0.16	0.0	1
418.23	0	0.0	0.0	0.0	0.0	0.0	1.0	1	1953	205.7	411.7	0.16	0.0	1
418.33	0	0.0	0.0	0.0	0.0	0.0	1.0	1	1953	205.7	411.7	0.16	0.0	1
418.43	0	0.0	0.0	0.0	0.0	0.0	1.0	1	1953	205.7	411.7	0.16	0.0	1
418.53	0	0.0	0.0	0.0	0.0	0.0	1.0	1	1953	205.7	411.7	0.16	0.0	1
418.63	0	0.0	0.0	0.0	0.0	0.0	1.0	1	1953	205.7	411.7	0.16	0.0	1
418.73	0	0.0	0.0	0.0	0.0	0.0	1.0	1	1953	205.7	411.7	0.16	0.0	1
418.83	0	0.0	0.0	0.0	0.0	0.0	1.0	1	1953	205.7	411.7	0.16	0.0	1
418.93	0	0.0	0.0	0.0	0.0	0.0	1.0	1	1953	205.7	411.7	0.16	0.0	1
419.03	0	0.0	0.0	0.0	0.0	0.0	1.0	1	1953	205.7	411.7	0.16	0.0	1
419.13	0	0.0	0.0	0.0	0.0	0.0	1.0	1	1953	205.7	411.7	0.16	0.0	1
419.23	0	0.0	0.0	0.0	0.0	0.0	1.0	1	1953	205.7	411.7	0.16	0.0	1
419.33	0	0.0	0.0	0.0	0.0	0.0	1.0	1	1953	205.7	411.7	0.16	0.0	1
419.43	0	0.0	0.0	0.0	0.0	0.0	1.0	1	1953	205.7	411.7	0.16	0.0	1
419.53	0	0.0	0.0	0.0	0.0	0.0	1.0	1	1953	205.7	411.7	0.16	0.0	1
419.63	0	0.0	0.0	0.0	0.0	0.0	1.0	1	1953	205.7	411.7	0.16	0.0	1
419.73	0	0.0	0.0	0.0	0.0	0.0	1.0	1	1953	205.7	411.7	0.16	0.0	1
419.83	0	0.0	0.0	0.0	0.0	0.0	1.0	1	1953	205.7	411.7	0.16	0.0	1
419.93	0	0.0	0.0	0.0	0.0	0.0	1.0	1	1953	205.7	411.7	0.16	0.0	1
420.03	0	0.0	0.0	0.0	0.0	0.0	1.0	1	1953	205.7	411.7	0.16	0.0	1
420.13	0	0.0	0.0	0.0	0.0	0.0	1.0	1	1953	205.7	411.7	0.16	0.0	1
420.23	0	0.0	0.0	0.0	0.0	0.0	1.0	1	1953	205.7	411.7	0.16	0.0	1
420.33	0	0.0	0.0	0.0	0.0	0.0	1.0	1	1953	205.7	411.7	0.16	0.0	1
420.43	0	0.0	0.0	0.0	0.0	0.0	1.0	1	1953	205.7	411.7	0.16	0.0	1
420.53	0	0.0	0.0	0.0	0.0	0.0	1.0	1	1953	205.7	411.7	0.16	0.0	1
420.63	0	0.0	0.0	0.0	0.0	0.0	1.0	1	1953	205.7	411.7	0.16	0.0	1
420.73	0	0.0	0.0	0.0	0.0	0.0	1.0	1	1953	205.7	411.7	0.16	0.0	1
420.83	0	0.0	0.0	0.0	0.0	0.0	1.0	1	1953	205.7	411.7	0.16	0.0	1
420.93	0	0.0	0.0	0.0	0.0	0.0	1.0	1	1953	205.7	411.7	0.16	0.0	1
421.03	0	0.0	0.0	0.0	0.0	0.0	1.0	1	1953	205.7	411.7	0.16	0.0	1
421.13	0	0.0	0.0	0.0	0.0	0.0	1.0	1	1953	205.7	411.7	0.16	0.0	1
421.23	0	0.0	0.0	0.0	0.0	0.0	1.0	1	1953	205.7	411.7	0.16	0.0	1
421.33	0	0.0	0.0	0.0	0.0	0.0	1.0	1	1953	205.7	411.7	0.16	0.0	1
421.43	0	0.0	0.0	0.0	0.0	0.0	1.0	1	1953	205.7	411.7	0.16	0.0	1
421.53	0	0.0	0.0	0.0	0.0	0.0	1.0	1	1953	205.7	411.7	0.16	0.0	1
421.63	0	0.0	0.0	0.0	0.0	0.0	1.0	1	1953	205.7	411.7	0.16	0.0	1
421.73	0	0.0	0.0	0.0	0.0	0.0	1.0	1	1953	205.7	411.7	0.16	0.0	1
421.83	0	0.0	0.0	0.0	0.0	0.0	1.0	1	1953	205.7	411.7	0.16	0.0	1
421.93	0	0.0	0.0	0.0	0.0	0.0	1.0	1	1953	205.7	411.7	0.16	0.0	1
422.03	0	0.0	0.0	0.0	0.0	0.0	1.0	1	1953	205.7	411.7	0.16	0.0	1
422.13	0	0.0	0.0	0.0	0.0	0.0	1.0	1	1953	205.7	411.7	0.16	0.0	1
422.23	0	0.0	0.0	0.0	0.0	0.0	1.0	1	1953	205.7	411.7	0.16	0.0	1
422.33	0	0.0	0.0	0.0	0.0	0.0	1.0	1	1953	205.7	411.7	0.16	0.0	1
422.43	0	0.0	0.0	0.0	0.0	0.0	1.0	1	1953	205.7	411.7	0.16	0.0	1
422.53	0	0.0	0.0	0.0	0.0	0.0	1.0	1	1953	205.7	411.7	0.16	0.0	1
422.63	0	0.0	0.0	0.0	0.0	0.0	1.0	1	1953	205.7	411.7	0.16	0.0	1
422.73	0	0.0	0.0	0.0	0.0	0.0	1.0	1	1953	205.7	411.7	0.16	0.0	1
422.83	0	0.0	0.0	0.0	0.0	0.0	1.0	1	1953	205.7	411.7	0.16	0.0	1
422.93	0	0.0	0.0	0.0	0.0	0.0	1.0	1	1953	205.7	411.7	0.16	0.0	1
423.03	0	0.0	0.0	0.0	0.0	0.0	1.0	1	1953	205.7	411.7	0.16	0.0	1
423.13	0	0.0	0.0	0.0	0.0	0.0	1.0	1	1953	205.7	411.7	0.16	0.0	1
423.23	0	0.0	0.0	0.0	0.0	0.0	1.0	1	1953	205.7	411.7	0.16	0.0	1
423.33	0	0.0	0.0	0.0	0.0	0.0	1.0	1	1953	205.7	411.7	0.17	0.0	1
423.43	0	0.0	0.0	0.0	0.0	0.0	1.0	1	1953	205.7	411.7	0.17	0.0	1
423.53	0	0.0	0.0	0.0	0.0	0.0	1.0	1	1953	205.7	411.7	0.17	0.0	1
423.63	0	0.0	0.0	0.0	0.0	0.0	1.0	1	1953	205.7	411.7	0.17	0.0	1
423.73	0	0.0	0.0	0.0	0.0	0.0	1.0	1	1953	205.7	411.7	0.17	0.0	1
423.83	0	0.0	0.0	0.0	0.0	0.0	1.0	1	1953	205.7	411.7	0.17	0.0	1
423.93	0	0.0	0.0	0.0	0.0	0.0	1.0	1	1953	205.7	411.7	0.17	0.0	1
424.03	0	0.0	0.0	0.0	0.0	0.0	1.0	1	1953	205.7	411.7	0.17	0.0	1
424.13	0	0.0	0.0	0.0	0.0	0.0	1.0	1	1953	205.7	411.7	0.17	0.0	1
424.23	0	0.0	0.0	0.0	0.0	0.0	1.0	1	1953	205.7	411.7	0.17	0.0	1
424.33	0	0.0	0.0	0.0	0.0	0.0	1.0	1	1953	205.7	411.7	0.17	0.0	1
424.43	0	0.0	0.0	0.0	0.0	0.0	1.0	1	1953	205.7	411.7	0.17	0.0	1
424.53	0	0.0	0.0	0.0	0.0	0.0	1.0	1	1953	205.7	411.7	0.17	0.0	1
424.63	0	0.0	0.0	0.0	0.0	0.0	1.0	1	1953	205.7	411.7	0.17	0.0	1
424.73	0	0.0	0.0	0.0	0.0	0.0	1.0	1	1953	205.7	411.7	0.17	0.0	1
424.83	0	0.0	0.0	0.0	0.0	0.0	1.0	1	1953	205.7	411.7	0.17	0.0	1
424.93	0	0.0	0.0	0.0	0.0	0.0	1.0	1	1953	205.7	411.7	0.17	0.0	1
425.03	0	0.0	0.0	0.0	0.0	0.0	1.0	1	1953	205.7	411.7	0.17	0.0	1
425.13	0	0.0	0.0	0.0	0.0	0.0	1.0	1	1953	205.7	411.7	0.17	0.0	1
425.23	0	0.0	0.0	0.0	0.0	0.0	1.0	1	1953	205.7	411.7	0.17	0.0	1
425.33	0	0.0	0.0	0.0	0.0	0.0	1.0	1	1953	205.7	411.7	0.17	0.0	1
425.43	0	0.0	0.0	0.0	0.0	0.0	1.0	1	1953	205.7	411.7	0.17	0.0	1
425.53	0	0.0	0.0	0.0	0.0	0.0	1.0	1	1953	205.7	411.7	0.17	0.0	1
425.63	0	0.0	0.0	0.0	0.0	0.0	1.0	1	1953	205.7	411.7	0.17	0.0	1
425.73	0	0.0	0.0	0.0	0.0	0.0	1.0	1	1953	205.7	411.7	0.17	0.0	1
425.83	0	0.0	0.0	0.0	0.0	0.0	1.0	1	1953	205.7	411.7	0.17	0.0	1
425.93	0	0.0	0.0	0.0	0.0	0.0	1.0	1	1953	205.7	411.7	0.17	0.0	1
426.03	0	0.0	0.0	0.0	0.0	0.0	1.0	1	1953	205.7	411.7	0.17	0.0	1
426.13	0	0.0	0.0	0.0	0.0	0.0	1.0	1	1953	205.7	411.7	0.17	0.0	1
426.23	0	0.0	0.0	0.0	0.0	0.0	1.0	1	1953	205.7	411.7	0.17	0.0	1
426.33	0	0.0	0.0	0.0	0.0	0.0	1.0	1	1953	205.7	411.7	0.17	0.0	1
426.43	0	0.0	0.0	0.0	0.0	0.0	1.0	1	1953	205.7	411.7	0.17	0.0	1
426.55	0	0.0	0.0	0.0	0.0	0.0	1.0	1	1953	205.7	411.7	0.17	0.0	1
426.67	0	0.0	0.0	0.0	0.0	0.0	1.0	1	1953	205.7	411.7	0.17	0.0	1
426.77	0	0.0	0.0	0.0	0.0	0.0	1.0	1	1953	205.7	411.7	0.17	0.0	1
426.87	0	0.0	0.0	0.0	0.0	0.0	1.0	1	1953	205.7	411.7	0.17	0.0	1
426.97	0	0.0	0.0	0.0	0.0	0.0	1.0	1	1953	205.7	411.7	0.17	0.0	1
427.07	0	0.0	0.0	0.0	0.0	0.0	1.0	1	1953	205.7	411.7	0.17	0.0	1
427.17	0	0.0	0.0	0.0	0.0	0.0	1.0	1	1953	205.7	411.7	0.17	0.0	1
427.27	0	0.0	0.0	0.0	0.0	0.0	1.0	1	1953	205.7	411.7	0.17	0.0	1
427.37	0	0.0	0.0	0.0	0.0	0.0	1.0	1	1953	205.7	411.7	0.17	0.0	1
427.47	0	0.0	0.0	0.0	0.0	0.0	1.0	1	1953	205.7	411.7	0.17	0.0	1
427.57	0	0.0	0.0	0.0	0.0	0.0	1.0	1	1953	205.7	411.7	0.17	0.0	1
427.67	0	0.0	0.0	0.0	0.0	0.0	1.0	1	1953	205.7	411.7	0.17	0.0	1
427.77	0	0.0	0.0	0.0	0.0	0.0	1.0	1	1953	205.7	411.7	0.17	0.0	1
427.87	0	0.0	0.0	0.0	0.0	0.0	1.0	1	1953	205.7	411.7	0.17	0.0	1
427.97	0	0.0	0.0	0.0	0.0	0.0	1.0	1	1953	205.7	411.7	0.17	0.0	1
428.07	0	0.0	0.0	0.0	0.0	0.0	1.0	1	1953	205.7	411.7	0.17	0.0	1
428.17	0	0.0	0.0	0.0	0.0	0.0	1.0	1	1953	205.7	411.7	0.17	0.0	1
428.27	0	0.0	0.0	0.0	0.0	0.0	1.0	1	1953	205.7	411.7	0.17	0.0	1
428.37	0	0.0	0.0	0.0	0.0	0.0	1.0	1	1953	205.7	411.7	0.17	0.0	1
428.47	0	0.0	0.0	0.0	0.0	0.0	1.0	1	1953	205.7	411.7	0.17	0.0	1
428.57	0	0.0	0.0	0.0	0.0	0.0	1.0	1	1953	205.7	411.7	0.17	0.0	1
428.67	0	0.0	0.0	0.0	0.0	0.0	1.0	1	1953	205.7	411.7	0.17	0.0	1
428.77	0	0.0	0.0	0.0	0.0	0.0	1.0	1	1953	205.7	411.7	0.17	0.0	1
428.87	0	0.0	0.0	0.0	0.0	0.0	1.0	1	1953	205.7	411.7	0.17	0.0	1
428.97	0	0.0	0.0	0.0	0.0	0.0	1.0	1	1953	205.7	411.7	0.17	0.0	1
429.07	0	0.0	0.0	0.0	0.0	0.0	1.0	1	1953	205.7	411.7	0.17	0.0	1
429.17	0	0.0	0.0	0.0	0.0	0.0	1.0	1	1953	205.7	411.7	0.17	0.0	1
429.27	0	0.0	0.0	0.0	0.0	0.0	1.0	1	1953	205.7	411.7	0.17	0.0	1
429.37	0	0.0	0.0	0.0	0.0	0.0	1.0	1	1953	205.7	411.7	0.17	0.0	1
429.47	0	0.0	0.0	0.0	0.0	0.0	1.0	1	1953	205.7	411.7	0.17	0.0	1
429.57	0	0.0	0.0	0.0	0.0	0.0	1.0	1	1953	205.7	411.7	0.17	0.0	1
429.67	0	0.0	0.0	0.0	0.0	0.0	1.0	1	1953	205.7	411.7	0.17	0.0	1
429.77	0	0.0	0.0	0.0	0.0	0.0	1.0	1	1953	205.7	411.7	0.17	0.0	1
429.87	0	0.0	0.0	0.0	0.0	0.0	1.0	1	1953	205.7	411.7	0.17	0.0	1
429.97	0	0.0	0.0	0.0	0.0	0.0	1.0	1	1953	205.7	411.7	0.17	0.0	1
430.07	0	0.0	0.0	0.0	0.0	0.0	1.0	1	1953	205.7	411.7	0.17	0.0	1
430.17	0	0.0	0.0	0.0	0.0	0.0	1.0	1	1953	205.7	411.7	0.17	0.0	1
430.27	0	0.0	0.0	0.0	0.0	0.0	1.0	1	1953	205.7	411.7	0.17	0.0	1
430.37	0	0.0	0.0	0.0	0.0	0.0	1.0	1	1953	205.7	411.7	0.17	0.0	1
430.47	0	0.0	0.0	0.0	0.0	0.0	1.0	1	1953	205.7	411.7	0.17	0.0	1
430.57	0	0.0	0.0	0.0	0.0	0.0	1.0	1	1953	205.7	411.7	0.17	0.0	1
430.67	0	0.0	0.0	0.0	0.0	0.0	1.0	1	1953	205.7	411.7	0.17	0.0	1
430.77	0	0.0	0.0	0.0	0.0	0.0	1.0	1	1953	205.7	411.7	0.17	0.0	1
430.87	0	0.0	0.0	0.0	0.0	0.0	1.0	1	1953	205.7	411.7	0.17	0.0	1
430.97	0	0.0	0.0	0.0	0.0	0.0	1.0	1	1953	205.7	411.7	0.17	0.0	1
431.07	0	0.0	0.0	0.0	0.0	0.0	1.0	1	1953	205.7	411.7	0.17	0.0	1
431.17	0	0.0	0.0	0.0	0.0	0.0	1.0	1	1953	205.7	411.7	0.17	0.0	1
431.27	0	0.0	0.0	0.0	0.0	0.0	1.0	1	1953	205.7	411.7	0.17	0.0	1
431.37	0	0.0	0.0	0.0	0.0	0.0	1.0	1	1953	205.7	411.7	0.17	0.0	1
431.47	0	0.0	0.0	0.0	0.0	0.0	1.0	1	1953	205.7	411.7	0.17	0.0	1
431.57	0	0.0	0.0	0.0	0.0	0.0	1.0	1	1953	205.7	411.7	0.17	0.0	1
431.67	0	0.0	0.0	0.0	0.0	0.0	1.0	1	1953	205.7	411.7	0.17	0.0	1
431.77	0	0.0	0.0	0.0	0.0	0.0	1.0	1	1953	205.7	411.7	0.17	0.0	1
431.87	0	0.0	0.0	0.0	0.0	0.0	1.0	1	1953	205.7	411.7	0.17	0.0	1
431.97	0	0.0	0.0	0.0	0.0	0.0	1.0	1	1953	205.7	411.7	0.17	0.0	1
432.07	0	0.0	0.0	0.0	0.0	0.0	1.0	1	1953	205.7	411.7	0.17	0.0	1
432.17	0	0.0	0.0	0.0	0.0	0.0	1.0	1	1953	205.7	411.7	0.17	0.0	1
432.27	0	0.0	0.0	0.0	0.0	0.0	1.0	1	1953	205.7	411.7	0.17	0.0	1
432.37	0	0.0	0.0	0.0	0.0	0.0	1.0	1	1953	205.7	411.7	0.17	0.0	1
432.47	0	0.0	0.0	0.0	0.0	0.0	1.0	1	1953	205.7	411.7	0.17	0.0	1
432.57	0	0.0	0.0	0.0	0.0	0.0	1.0	1	1953	205.7	411.7	0.17	0.0	1
432.67	0	0.0	0.0	0.0	0.0	0.0	1.0	1	1953	205.7	411.7	0.17	0.0	1
432.77	0	0.0	0.0	0.0	0.0	0.0	1.0	1	1953	205.7	411.7	0.17	0.0	1
432.87	0	0.0	0.0	0.0	0.0	0.0	1.0	1	1953	205.7	411.7	0.17	0.0	1
432.97	0	0.0	0.0	0.0	0.0	0.0	1.0	1	1953	205.7	411.7	0.17	0.0	1
433.07	0	0.0	0.0	0.0	0.0	0.0	1.0	1	1953	205.7	411.7	0.17	0.0	1
433.17	0	0.0	0.0	0.0	0.0	0.0	1.0	1	1953	205.7	411.7	0.17	0.0	1
433.27	0	0.0	0.0	0.0	0.0	0.0	1.0	1	1953	205.7	411.7	0.17	0.0	1
433.37	0	0.0	0.0	0.0	0.0	0.0	1.0	1	1953	205.7	411.7	0.17	0.0	1
433.47	0	0.0	0.0	0.0	0.0	0.0	1.0	1	1953	205.7	411.7	0.17	0.0	1
433.57	0	0.0	0.0	0.0	0.0	0.0	1.0	1	1953	205.7	411.7	0.17	0.0	1
433.67	0	0.0	0.0	0.0	0.0	0.0	1.0	1	1953	205.7	411.7	0.17	0.0	1
433.77	0	0.0	0.0	0.0	0.0	0.0	1.0	1	1953	205.7	411.7	0.17	0.0	1
433.87	0	0.0	0.0	0.0	0.0	0.0	1.0	1	1953	205.7	411.7	0.17	0.0	1
433.97	0	0.0	0.0	0.0	0.0	0.0	1.0	1	1953	205.7	411.7	0.17	0.0	1
434.07	0	0.0	0.0	0.0	0.0	0.0	1.0	1	1953	205.7	411.7	0.17	0.0	1
434.17	0	0.0	0.0	0.0	0.0	0.0	1.0	1	1953	205.7	411.7	0.17	0.0	1
434.27	0	0.0	0.0	0.0	0.0	0.0	1.0	1	1953	205.7	411.7	0.17	0.0	1
434.37	0	0.0	0.0	0.0	0.0	0.0	1.0	1	1953	205.7	411.7	0.17	0.0	1
434.47	0	0.0	0.0	0.0	0.0	0.0	1.0	1	1953	205.7	411.7	0.17	0.0	1
434.57	0	0.0	0.0	0.0	0.0	0.0	1.0	1	1953	205.7	411.7	0.17	0.0	1
434.67	0	0.0	0.0	0.0	0.0	0.0	1.0	1	1953	205.7	411.7	0.17	0.0	1
434.77	0	0.0	0.0	0.0	0.0	0.0	1.0	1	1953	205.7	411.7	0.17	0.0	1
434.87	0	0.0	0.0	0.0	0.0	0.0	1.0	1	1953	205.7	411.7	0.17	0.0	1
434.97	0	0.0	0.0	0.0	0.0	0.0	1.0	1	1953	205.7	411.7	0.17	0.0	1
435.07	0	0.0	0.0	0.0	0.0	0.0	1.0	1	1953	205.7	411.7	0.17	0.0	1
435.17	0	0.0	0.0	0.0	0.0	0.0	1.0	1	1953	205.7	411.7	0.17	0.0	1
435.27	0	0.0	0.0	0.0	0.0	0.0	1.0	1	1953	205.7	411.7	0.17	0.0	1
435.37	0	0.0	0.0	0.0	0.0	0.0	1.0	1	1953	205.7	411.7	0.17	0.0	1
435.47	0	0.0	0.0	0.0	0.0	0.0	1.0	1	1953	205.7	411.7	0.17	0.0	1
435.57	0	0.0	0.0	0.0	0.0	0.0	1.0	1	1953	205.7	411.7	0.17	0.0	1
435.67	0	0.0	0.0	0.0	0.0	0.0	1.0	1	1953	205.7	411.7	0.17	0.0	1
435.77	0	0.0	0.0	0.0	0.0	0.0	1.0	1	1953	205.7	411.7	0.17	0.0	1
435.87	0	0.0	0.0	0.0	0.0	0.0	1.0	1	1953	205.7	411.7	0.17	0.0	1
435.97	0	0.0	0.0	0.0	0.0	0.0	1.0	1	1953	205.7	411.7	0.17	0.0	1
436.07	0	0.0	0.0	0.0	0.0	0.0	1.0	1	1953	205.7	411.7	0.17	0.0	1
436.17	0	0.0	0.0	0.0	0.0	0.0	1.0	1	1953	205.7	411.7	0.17	0.0	1
436.27	0	0.0	0.0	0.0	0.0	0.0	1.0	1	1953	205.7	411.7	0.17	0.0	1
436.37	0	0.0	0.0	0.0	0.0	0.0	1.0	1	1953	205.7	411.7	0.17	0.0	1
436.47	0	0.0	0.0	0.0	0.0	0.0	1.0	1	1953	205.7	411.7	0.17	0.0	1
436.61	0	0.0	0.0	0.0	0.0	0.0	1.0	1	1953	205.7	411.7	0.17	0.0	1
436.71	0	0.0	0.0	0.0	0.0	0.0	1.0	1	1953	205.7	411.7	0.17	0.0	1
436.81	0	0.0	0.0	0.0	0.0	0.0	1.0	1	1953	205.7	411.7	0.17	0.0	1
436.91	0	0.0	0.0	0.0	0.0	0.0	1.0	1	1953	205.7	411.7	0.17	0.0	1
437.01	0	0.0	0.0	0.0	0.0	0.0	1.0	1	1953	205.7	411.7	0.17	0.0	1
437.11	0	0.0	0.0	0.0	0.0	0.0	1.0	1	1953	205.7	411.7	0.17	0.0	1
437.21	0	0.0	0.0	0.0	0.0	0.0	1.0	1	1953	205.7	411.7	0.17	0.0	1
437.31	0	0.0	0.0	0.0	0.0	0.0	1.0	1	1953	205.7	411.7	0.17	0.0	1
437.41	0	0.0	0.0	0.0	0.0	0.0	1.0	1	1953	205.7	411.7	0.17	0.0	1
437.51	0	0.0	0.0	0.0	0.0	0.0	1.0	1	1953	205.7	411.7	0.17	0.0	1
437.61	0	0.0	0.0	0.0	0.0	0.0	1.0	1	1953	205.7	411.7	0.17	0.0	1
437.71	0	0.0	0.0	0.0	0.0	0.0	1.0	1	1953	205.7	411.7	0.17	0.0	1
437.81	0	0.0	0.0	0.0	0.0	0.0	1.0	1	1953	205.7	411.7	0.17	0.0	1
437.91	0	0.0	0.0	0.0	0.0	0.0	1.0	1	1953	205.7	411.7	0.17	0.0	1
438.01	0	0.0	0.0	0.0	0.0	0.0	1.0	1	1953	205.7	411.7	0.17	0.0	1
438.11	0	0.0	0.0	0.0	0.0	0.0	1.0	1	1953	205.7	411.7	0.17	0.0	1
438.21	0	0.0	0.0	0.0	0.0	0.0	1.0	1	1953	205.7	411.7	0.17	0.0	1
438.31	0	0.0	0.0	0.0	0.0	0.0	1.0	1	1953	205.7	411.7	0.17	0.0	1
438.41	0	0.0	0.0	0.0	0.0	0.0	1.0	1	1953	205.7	411.7	0.17	0.0	1
438.51	0	0.0	0.0	0.0	0.0	0.0	1.0	1	1953	205.7	411.7	0.17	0.0	1
438.61	0	0.0	0.0	0.0	0.0	0.0	1.0	1	1953	205.7	411.7	0.17	0.0	1
438.71	0	0.0	0.0	0.0	0.0	0.0	1.0	1	1953	205.7	411.7	0.17	0.0	1
438.81	0	0.0	0.0	0.0	0.0	0.0	1.0	1	1953	205.7	411.7	0.17	0.0	1
438.91	0	0.0	0.0	0.0	0.0	0.0	1.0	1	1953	205.7	411.7	0.17	0.0	1
439.01	0	0.0	0.0	0.0	0.0	0.0	1.0	1	1953	205.7	411.7	0.17	0.0	1
439.11	0	0.0	0.0	0.0	0.0	0.0	1.0	1	1953	205.7	411.7	0.17	0.0	1
439.21	0	0.0	0.0	0.0	0.0	0.0	1.0	1	1953	205.7	411.7	0.17	0.0	1
439.31	0	0.0	0.0	0.0	0.0	0.0	1.0	1	1953	205.7	411.7	0.17	0.0	1
439.41	0	0.0	0.0	0.0	0.0	0.0	1.0	1	1953	205.7	411.7	0.17	0.0	1
439.51	0	0.0	0.0	0.0	0.0	0.0	1.0	1	1953	205.7	411.7	0.17	0.0	1
439.61	0	0.0	0.0	0.0	0.0	0.0	1.0	1	1953	205.7	411.7	0.17	0.0	1
439.71	0	0.0	0.0	0.0	0.0	0.0	1.0	1	1953	205.7	411.7	0.17	0.0	1
439.81	0	0.0	0.0	0.0	0.0	0.0	1.0	1	1953	205.7	411.7	0.17	0.0	1
439.91	0	0.0	0.0	0.0	0.0	0.0	1.0	1	1953	205.7	411.7	0.17	0.0	1
440.01	0	0.0	0.0	0.0	0.0	0.0	1.0	1	1953	205.7	411.7	0.17	0.0	1
440.11	0	0.0	0.0	0.0	0.0	0.0	1.0	1	1953	205.7	411.7	0.17	0.0	1
440.21	0	0.0	0.0	0.0	0.0	0.0	1.0	1	1953	205.7	411.7	0.17	0.0	1
440.31	0	0.0	0.0	0.0	0.0	0.0	1.0	1	1953	205.7	411.7	0.17	0.0	1
440.41	0	0.0	0.0	0.0	0.0	0.0	1.0	1	1953	205.7	411.7	0.17	0.0	1
440.51	0	0.0	0.0	0.0	0.0	0.0	1.0	1	1953	205.7	411.7	0.17	0.0	1
440.61	0	0.0	0.0	0.0	0.0	0.0	1.0	1	1953	205.7	411.7	0.17	0.0	1
440.71	0	0.0	0.0	0.0	0.0	0.0	1.0	1	1953	205.7	411.7	0.17	0.0	1
440.81	0	0.0	0.0	0.0	0.0	0.0	1.0	1	1953	205.7	411.7	0.17	0.0	1
440.91	0	0.0	0.0	0.0	0.0	0.0	1.0	1	1953	205.7	411.7	0.17	0.0	1
441.01	0	0.0	0.0	0.0	0.0	0.0	1.0	1	1953	205.7	411.7	0.17	0.0	1
441.11	0	0.0	0.0	0.0	0.0	0.0	1.0	1	1953	205.7	411.7	0.17	0.0	1
441.21	0	0.0	0.0	0.0	0.0	0.0	1.0	1	1953	205.7	411.7	0.17	0.0	1
441.31	0	0.0	0.0	0.0	0.0	0.0	1.0	1	1953	205.7	411.7	0.17	0.0	1
441.41	0	0.0	0.0	0.0	0.0	0.0	1.0	1	1953	205.7	411.7	0.17	0.0	1
441.51	0	0.0	0.0	0.0	0.0	0.0	1.0	1	1953	205.7	411.7	0.17	0.0	1
441.61	0	0.0	0.0	0.0	0.0	0.0	1.0	1	1953	205.7	411.7	0.17	0.0	1
441.71	0	0.0	0.0	0.0	0.0	0.0	1.0	1	1953	205.7	411.7	0.17	0.0	1
441.81	0	0.0	0.0	0.0	0.0	0.0	1.0	1	1953	205.7	411.7	0.17	0.0	1
441.91	0	0.0	0.0	0.0	0.0	0.0	1.0	1	1953	205.7	411.7	0.17	0.0	1
442.01	0	0.0	0.0	0.0	0.0	0.0	1.0	1	1953	205.7	411.7	0.17	0.0	1
442.11	0	0.0	0.0	0.0	0.0	0.0	1.0	1	1953	205.7	411.7	0.17	0.0	1
442.21	0	0.0	0.0	0.0	0.0	0.0	1.0	1	1953	205.7	411.7	0.17	0.0	1
442.31	0	0.0	0.0	0.0	0.0	0.0	1.0	1	1953	205.7	411.7	0.17	0.0	1
442.41	0	0.0	0.0	0.0	0.0	0.0	1.0	1	1953	205.7	411.7	0.17	0.0	1
442.51	0	0.0	0.0	0.0	0.0	0.0	1.0	1	1953	205.7	411.7	0.17	0.0	1
442.61	0	0.0	0.0	0.0	0.0	0.0	1.0	1	1953	205.7	411.7	0.17	0.0	1
442.71	0	0.0	0.0	0.0	0.0	0.0	1.0	1	1953	205.7	411.7	0.17	0.0	1
442.81	0	0.0	0.0	0.0	0.0	0.0	1.0	1	1953	205.7	411.7	0.17	0.0	1
442.91	0	0.0	0.0	0.0	0.0	0.0	1.0	1	1953	205.7	411.7	0.17	0.0	1
443.01	0	0.0	0.0	0.0	0.0	0.0	1.0	1	1953	205.7	411.7	0.17	0.0	1
443.11	0	0.0	0.0	0.0	0.0	0.0	1.0	1	1953	205.7	411.7	0.17	0.0	1
443.21	0	0.0	0.0	0.0	0.0	0.0	1.0	1	1953	205.7	411.7	0.17	0.0	1
443.31	0	0.0	0.0	0.0	0.0	0.0	1.0	1	1953	205.7	411.7	0.17	0.0	1
443.41	0	0.0	0.0	0.0	0.0	0.0	1.0	1	1953	205.7	411.7	0.17	0.0	1
443.51	0	0.0	0.0	0.0	0.0	0.0	1.0	1	1953	205.7	411.7	0.17	0.0	1
443.61	0	0.0	0.0	0.0	0.0	0.0	1.0	1	1953	205.7	411.7	0.17	0.0	1
443.71	0	0.0	0.0	0.0	0.0	0.0	1.0	1	1953	205.7	411.7	0.17	0.0	1
443.81	0	0.0	0.0	0.0	0.0	0.0	1.0	1	1953	205.7	411.7	0.17	0.0	1
443.91	0	0.0	0.0	0.0	0.0	0.0	1.0	1	1953	205.7	411.7	0.17	0.0	1
444.01	0	0.0	0.0	0.0	0.0	0.0	1.0	1	1953	205.7	411.7	0.17	0.0	1
444.11	0	0.0	0.0	0.0	0.0	0.0	1.0	1	1953	205.7	411.7	0.17	0.0	1
444.21	0	0.0	0.0	0.0	0.0	0.0	1.0	1	1953	205.7	411.7	0.17	0.0	1
444.31	0	0.0	0.0	0.0	0.0	0.0	1.0	1	1953	205.7	411.7	0.17	0.0	1
444.41	0	0.0	0.0	0.0	0.0	0.0	1.0	1	1953	205.7	411.7	0.17	0.0	1
444.51	0	0.0	0.0	0.0	0.0	0.0	1.0	1	1953	205.7	411.7	0.17	0.0	1
444.61	0	0.0	0.0	0.0	0.0	0.0	1.0	1	1953	205.7	411.7	0.17	0.0	1
444.71	0	0.0	0.0	0.0	0.0	0.0	1.0	1	1953	205.7	411.7	0.17	0.0	1
444.81	0	0.0	0.0	0.0	0.0	0.0	1.0	1	1953	205.7	411.7	0.17	0.0	1
444.91	0	0.0	0.0	0.0	0.0	0.0	1.0	1	1953	205.7	411.7	0.17	0.0	1
445.01	0	0.0	0.0	0.0	0.0	0.0	1.0	1	1953	205.7	411.7	0.17	0.0	1
445.11	0	0.0	0.0	0.0	0.0	0.0	1.0	1	1953	205.7	411.7	0.17	0.0	1
445.21	0	0.0	0.0	0.0	0.0	0.0	1.0	1	1953	205.7	411.7	0.17	0.0	1
445.31	0	0.0	0.0	0.0	0.0	0.0	1.0	1	1953	205.7	411.7	0.17	0.0	1
445.41	0	0.0	0.0	0.0	0.0	0.0	1.0	1	1953	205.7	411.7	0.17	0.0	1
445.51	0	0.0	0.0	0.0	0.0	0.0	1.0	1	1953	205.7	411.7	0.17	0.0	1
445.63	0	0.0	0.0	0.0	0.0	0.0	1.0	1	1953	205.7	411.7	0.17	0.0	1
445.71	0	0.0	0.0	0.0	0.0	0.0	1.0	1	1953	205.7	411.7	0.17	0.0	1
445.81	0	0.0	0.0	0.0	0.0	0.0	1.0	1	1953	205.7	411.7	0.17	0.0	1
445.91	0	0.0	0.0	0.0	0.0	0.0	1.0	1	1953	205.7	411.7	0.17	0.0	1
446.01	0	0.0	0.0	0.0	0.0	0.0	1.0	1	1953	205.7	411.7	0.17	0.0	1
446.11	0	0.0	0.0	0.0	0.0	0.0	1.0	1	1953	205.7	411.7	0.17	0.0	1
446.21	0	0.0	0.0	0.0	0.0	0.0	1.0	1	1953	205.7	411.7	0.17	0.0	1
446.31	0	0.0	0.0	0.0	0.0	0.0	1.0	1	1953	205.7	411.7	0.17	0.0	1
446.41	0	0.0	0.0	0.0	0.0	0.0	1.0	1	1953	205.7	411.7	0.17	0.0	1
446.53	0	0.0	0.0	0.0	0.0	0.0	1.0	1	1953	205.7	411.7	0.17	0.0	1
446.64	0	0.0	0.0	0.0	0.0	0.0	1.0	1	1953	205.7	411.7	0.17	0.0	1
446.75	0	0.0	0.0	0.0	0.0	0.0	1.0	1	1953	205.7	411.7	0.17	0.0	1
446.84	0	0.0	0.0	0.0	0.0	0.0	1.0	1	1953	205.7	411.7	0.17	0.0	1
446.95	0	0.0	0.0	0.0	0.0	0.0	1.0	1	1953	205.7	411.7	0.17	0.0	1
447.04	0	0.0	0.0	0.0	0.0	0.0	1.0	1	1953	205.7	411.7	0.17	0.0	1
447.14	0	0.0	0.0	0.0	0.0	0.0	1.0	1	1953	205.7	411.7	0.17	0.0	1
447.24	0	0.0	0.0	0.0	0.0	0.0	1.0	1	1953	205.7	411.7	0.17	0.0	1
447.34	0	0.0	0.0	0.0	0.0	0.0	1.0	1	1953	205.7	411.7	0.17	0.0	1
447.45	0	0.0	0.0	0.0	0.0	0.0	1.0	1	1953	205.7	411.7	0.17	0.0	1
447.55	0	0.0	0.0	0.0	0.0	0.0	1.0	1	1953	205.7	411.7	0.17	0.0	1
447.64	0	0.0	0.0	0.0	0.0	0.0	1.0	1	1953	205.7	411.7	0.17	0.0	1
447.74	0	0.0	0.0	0.0	0.0	0.0	1.0	1	1953	205.7	411.7	0.17	0.0	1
447.84	0	0.0	0.0	0.0	0.0	0.0	1.0	1	1953	205.7	411.7	0.17	0.0	1
447.95	0	0.0	0.0	0.0	0.0	0.0	1.0	1	1953	205.7	411.7	0.17	0.0	1
448.05	0	0.0	0.0	0.0	0.0	0.0	1.0	1	1953	205.7	411.7	0.17	0.0	1
448.14	0	0.0	0.0	0.0	0.0	0.0	1.0	1	1953	205.7	411.7	0.17	0.0	1
448.25	0	0.0	0.0	0.0	0.0	0.0	1.0	1	1953	205.7	411.7	0.17	0.0	1
448.34	0	0.0	0.0	0.0	0.0	0.0	1.0	1	1953	205.7	411.7	0.17	0.0	1
448.44	0	0.0	0.0	0.0	0.0	0.0	1.0	1	1953	205.7	411.7	0.17	0.0	1
448.54	0	0.0	0.0	0.0	0.0	0.0	1.0	1	1953	205.7	411.7	0.17	0.0	1
448.64	0	0.0	0.0	0.0	0.0	0.0	1.0	1	1953	205.7	411.7	0.17	0.0	1
448.74	0	0.0	0.0	0.0	0.0	0.0	1.0	1	1953	205.7	411.7	0.17	0.0	1
448.84	0	0.0	0.0	0.0	0.0	0.0	1.0	1	1953	205.7	411.7	0.17	0.0	1
448.95	0	0.0	0.0	0.0	0.0	0.0	1.0	1	1953	205.7	411.7	0.17	0.0	1
449.04	0	0.0	0.0	0.0	0.0	0.0	1.0	1	1953	205.7	411.7	0.18	0.0	1
449.14	0	0.0	0.0	0.0	0.0	0.0	1.0	1	1953	205.7	411.7	0.18	0.0	1
449.24	0	0.0	0.0	0.0	0.0	0.0	1.0	1	1953	205.7	411.7	0.18	0.0	1
449.34	0	0.0	0.0	0.0	0.0	0.0	1.0	1	1953	205.7	411.7	0.18	0.0	1
449.44	0	0.0	0.0	0.0	0.0	0.0	1.0	1	1953	205.7	411.7	0.18	0.0	1
449.54	0	0.0	0.0	0.0	0.0	0.0	1.0	1	1953	205.7	411.7	0.18	0.0	1
449.64	0	0.0	0.0	0.0	0.0	0.0	1.0	1	1953	205.7	411.7	0.18	0.0	1
449.74	0	0.0	0.0	0.0	0.0	0.0	1.0	1	1953	205.7	411.7	0.18	0.0	1
449.85	0	0.0	0.0	0.0	0.0	0.0	1.0	1	1953	205.7	411.7	0.18	0.0	1
449.95	0	0.0	0.0	0.0	0.0	0.0	1.0	1	1953	205.7	411.7	0.18	0.0	1
450.04	0	0.0	0.0	0.0	0.0	0.0	1.0	1	1953	205.7	411.7	0.18	0.0	1
450.14	0	0.0	0.0	0.0	0.0	0.0	1.0	1	1953	205.7	411.7	0.18	0.0	1
450.24	0	0.0	0.0	0.0	0.0	0.0	1.0	1	1953	205.7	411.7	0.18	0.0	1
450.34	0	0.0	0.0	0.0	0.0	0.0	1.0	1	1953	205.7	411.7	0.18	0.0	1
450.44	0	0.0	0.0	0.0	0.0	0.0	1.0	1	1953	205.7	411.7	0.18	0.0	1
450.55	0	0.0	0.0	0.0	0.0	0.0	1.0	1	1953	205.7	411.7	0.18	0.0	1
450.64	0	0.0	0.0	0.0	0.0	0.0	1.0	1	1953	205.7	411.7	0.18	0.0	1
450.74	0	0.0	0.0	0.0	0.0	0.0	1.0	1	1953	205.7	411.7	0.18	0.0	1
450.84	0	0.0	0.0	0.0	0.0	0.0	1.0	1	1953	205.7	411.7	0.18	0.0	1
450.95	0	0.0	0.0	0.0	0.0	0.0	1.0	1	1953	205.7	411.7	0.18	0.0	1
451.04	0	0.0	0.0	0.0	0.0	0.0	1.0	1	1953	205.7	411.7	0.18	0.0	1
451.15	0	0.0	0.0	0.0	0.0	0.0	1.0	1	1953	205.7	411.7	0.18	0.0	1
451.24	0	0.0	0.0	0.0	0.0	0.0	1.0	1	1953	205.7	411.7	0.18	0.0	1
451.34	0	0.0	0.0	0.0	0.0	0.0	1.0	1	1953	205.7	411.7	0.18	0.0	1
451.44	0	0.0	0.0	0.0	0.0	0.0	1.0	1	1953	205.7	411.7	0.18	0.0	1
451.55	0	0.0	0.0	0.0	0.0	0.0	1.0	1	1953	205.7	411.7	0.18	0.0	1
451.64	0	0.0	0.0	0.0	0.0	0.0	1.0	1	1953	205.7	411.7	0.18	0.0	1
451.74	0	0.0	0.0	0.0	0.0	0.0	1.0	1	1953	205.7	411.7	0.18	0.0	1
451.84	0	0.0	0.0	0.0	0.0	0.0	1.0	1	1953	205.7	411.7	0.18	0.0	1
451.95	0	0.0	0.0	0.0	0.0	0.0	1.0	1	1953	205.7	411.7	0.18	0.0	1
452.05	0	0.0	0.0	0.0	0.0	0.0	1.0	1	1953	205.7	411.7	0.18	0.0	1
452.15	0	0.0	0.0	0.0	0.0	0.0	1.0	1	1953	205.7	411.7	0.18	0.0	1
452.24	0	0.0	0.0	0.0	0.0	0.0	1.0	1	1953	205.7	411.7	0.18	0.0	1
452.34	0	0.0	0.0	0.0	0.0	0.0	1.0	1	1953	205.7	411.7	0.18	0.0	1
452.44	0	0.0	0.0	0.0	0.0	0.0	1.0	1	1953	205.7	411.7	0.18	0.0	1
452.54	0	0.0	0.0	0.0	0.0	0.0	1.0	1	1953	205.7	411.7	0.18	0.0	1
452.64	0	0.0	0.0	0.0	0.0	0.0	1.0	1	1953	205.7	411.7	0.18	0.0	1
452.74	0	0.0	0.0	0.0	0.0	0.0	1.0	1	1953	205.7	411.7	0.18	0.0	1
452.84	0	0.0	0.0	0.0	0.0	0.0	1.0	1	1953	205.7	411.7	0.18	0.0	1
452.95	0	0.0	0.0	0.0	0.0	0.0	1.0	1	1953	205.7	411.7	0.18	0.0	1
453.04	0	0.0	0.0	0.0	0.0	0.0	1.0	1	1953	205.7	411.7	0.18	0.0	1
453.14	0	0.0	0.0	0.0	0.0	0.0	1.0	1	1953	205.7	411.7	0.18	0.0	1
453.24	0	0.0	0.0	0.0	0.0	0.0	1.0	1	1953	205.7	411.7	0.18	0.0	1
453.34	0	0.0	0.0	0.0	0.0	0.0	1.0	1	1953	205.7	411.7	0.18	0.0	1
453.44	0	0.0	0.0	0.0	0.0	0.0	1.0	1	1953	205.7	411.7	0.18	0.0	1
453.54	0	0.0	0.0	0.0	0.0	0.0	1.0	1	1953	205.7	411.7	0.18	0.0	1
453.64	0	0.0	0.0	0.0	0.0	0.0	1.0	1	1953	205.7	411.7	0.18	0.0	1
453.75	0	0.0	0.0	0.0	0.0	0.0	1.0	1	1953	205.7	411.7	0.18	0.0	1
453.84	0	0.0	0.0	0.0	0.0	0.0	1.0	1	1953	205.7	411.7	0.18	0.0	1
453.95	0	0.0	0.0	0.0	0.0	0.0	1.0	1	1953	205.7	411.7	0.18	0.0	1
454.04	0	0.0	0.0	0.0	0.0	0.0	1.0	1	1953	205.7	411.7	0.18	0.0	1
454.14	0	0.0	0.0	0.0	0.0	0.0	1.0	1	1953	205.7	411.7	0.18	0.0	1
454.24	0	0.0	0.0	0.0	0.0	0.0	1.0	1	1953	205.7	411.7	0.18	0.0	1
454.34	0	0.0	0.0	0.0	0.0	0.0	1.0	1	1953	205.7	411.7	0.18	0.0	1
454.44	0	0.0	0.0	0.0	0.0	0.0	1.0	1	1953	205.7	411.7	0.18	0.0	1
454.55	0	0.0	0.0	0.0	0.0	0.0	1.0	1	1953	205.7	411.7	0.18	0.0	1
454.65	0	0.0	0.0	0.0	0.0	0.0	1.0	1	1953	205.7	411.7	0.18	0.0	1
454.75	0	0.0	0.0	0.0	0.0	0.0	1.0	1	1953	205.7	411.7	0.18	0.0	1
454.85	0	0.0	0.0	0.0	0.0	0.0	1.0	1	1953	205.7	411.7	0.18	0.0	1
454.95	0	0.0	0.0	0.0	0.0	0.0	1.0	1	1953	205.7	411.7	0.18	0.0	1
455.05	0	0.0	0.0	0.0	0.0	0.0	1.0	1	1953	205.7	411.7	0.18	0.0	1
455.15	0	0.0	0.0	0.0	0.0	0.0	1.0	1	1953	205.7	411.7	0.18	0.0	1
455.25	0	0.0	0.0	0.0	0.0	0.0	1.0	1	1953	205.7	411.7	0.18	0.0	1
455.35	0	0.0	0.0	0.0	0.0	0.0	1.0	1	1953	205.7	411.7	0.18	0.0	1
455.45	0	0.0	0.0	0.0	0.0	0.0	1.0	1	1953	205.7	411.7	0.18	0.0	1
455.55	0	0.0	0.0	0.0	0.0	0.0	1.0	1	1953	205.7	411.7	0.18	0.0	1
455.66	0	0.0	0.0	0.0	0.0	0.0	1.0	1	1953	205.7	411.7	0.18	0.0	1
455.76	0	0.0	0.0	0.0	0.0	0.0	1.0	1	1953	205.7	411.7	0.18	0.0	1
455.86	0	0.0	0.0	0.0	0.0	0.0	1.0	1	1953	205.7	411.7	0.18	0.0	1
455.96	0	0.0	0.0	0.0	0.0	0.0	1.0	1	1953	205.7	411.7	0.18	0.0	1
456.06	0	0.0	0.0	0.0	0.0	0.0	1.0	1	1953	205.7	411.7	0.18	0.0	1
456.16	0	0.0	0.0	0.0	0.0	0.0	1.0	1	1953	205.7	411.7	0.18	0.0	1
456.26	0	0.0	0.0	0.0	0.0	0.0	1.0	1	1953	205.7	411.7	0.18	0.0	1
456.36	0	0.0	0.0	0.0	0.0	0.0	1.0	1	1953	205.7	411.7	0.18	0.0	1
456.49	0	0.0	0.0	0.0	0.0	0.0	1.0	1	1953	205.7	411.7	0.18	0.0	1
456.59	0	0.0	0.0	0.0	0.0	0.0	1.0	1	1953	205.7	411.7	0.18	0.0	1
456.69	0	0.0	0.0	0.0	0.0	0.0	1.0	1	1953	205.7	411.7	0.18	0.0	1
456.79	0	0.0	0.0	0.0	0.0	0.0	1.0	1	1953	205.7	411.7	0.18	0.0	1
456.89	0	0.0	0.0	0.0	0.0	0.0	1.0	1	1953	205.7	411.7	0.18	0.0	1
456.99	0	0.0	0.0	0.0	0.0	0.0	1.0	1	1953	205.7	411.7	0.18	0.0	1
457.09	0	0.0	0.0	0.0	0.0	0.0	1.0	1	1953	205.7	411.7	0.18	0.0	1
457.19	0	0.0	0.0	0.0	0.0	0.0	1.0	1	1953	205.7	411.7	0.18	0.0	1
457.29	0	0.0	0.0	0.0	0.0	0.0	1.0	1	1953	205.7	411.7	0.18	0.0	1
457.39	0	0.0	0.0	0.0	0.0	0.0	1.0	1	1953	205.7	411.7	0.18	0.0	1
457.49	0	0.0	0.0	0.0	0.0	0.0	1.0	1	1953	205.7	411.7	0.18	0.0	1
457.59	0	0.0	0.0	0.0	0.0	0.0	1.0	1	1953	205.7	411.7	0.18	0.0	1
457.69	0	0.0	0.0	0.0	0.0	0.0	1.0	1	1953	205.7	411.7	0.18	0.0	1
457.79	0	0.0	0.0	0.0	0.0	0.0	1.0	1	1953	205.7	411.7	0.18	0.0	1
457.89	0	0.0	0.0	0.0	0.0	0.0	1.0	1	1953	205.7	411.7	0.18	0.0	1
457.99	0	0.0	0.0	0.0	0.0	0.0	1.0	1	1953	205.7	411.7	0.18	0.0	1
458.09	0	0.0	0.0	0.0	0.0	0.0	1.0	1	1953	205.7	411.7	0.18	0.0	1
458.19	0	0.0	0.0	0.0	0.0	0.0	1.0	1	1953	205.7	411.7	0.18	0.0	1
458.29	0	0.0	0.0	0.0	0.0	0.0	1.0	1	1953	205.7	411.7	0.18	0.0	1
458.39	0	0.0	0.0	0.0	0.0	0.0	1.0	1	1953	205.7	411.7	0.18	0.0	1
458.49	0	0.0	0.0	0.0	0.0	0.0	1.0	1	1953	205.7	411.7	0.18	0.0	1
458.59	0	0.0	0.0	0.0	0.0	0.0	1.0	1	1953	205.7	411.7	0.18	0.0	1
458.69	0	0.0	0.0	0.0	0.0	0.0	1.0	1	1953	205.7	411.7	0.18	0.0	1
458.79	0	0.0	0.0	0.0	0.0	0.0	1.0	1	1953	205.7	411.7	0.18	0.0	1
458.89	0	0.0	0.0	0.0	0.0	0.0	1.0	1	1953	205.7	411.7	0.18	0.0	1
458.99	0	0.0	0.0	0.0	0.0	0.0	1.0	1	1953	205.7	411.7	0.18	0.0	1
459.09	0	0.0	0.0	0.0	0.0	0.0	1.0	1	1953	205.7	411.7	0.18	0.0	1
459.19	0	0.0	0.0	0.0	0.0	0.0	1.0	1	1953	205.7	411.7	0.18	0.0	1
459.29	0	0.0	0.0	0.0	0.0	0.0	1.0	1	1953	205.7	411.7	0.18	0.0	1
459.39	0	0.0	0.0	0.0	0.0	0.0	1.0	1	1953	205.7	411.7	0.18	0.0	1
459.49	0	0.0	0.0	0.0	0.0	0.0	1.0	1	1953	205.7	411.7	0.18	0.0	1
459.59	0	0.0	0.0	0.0	0.0	0.0	1.0	1	1953	205.7	411.7	0.18	0.0	1
459.69	0	0.0	0.0	0.0	0.0	0.0	1.0	1	1953	205.7	411.7	0.18	0.0	1
459.79	0	0.0	0.0	0.0	0.0	0.0	1.0	1	1953	205.7	411.7	0.18	0.0	1
459.89	0	0.0	0.0	0.0	0.0	0.0	1.0	1	1953	205.7	411.7	0.18	0.0	1
459.99	0	0.0	0.0	0.0	0.0	0.0	1.0	1	1953	205.7	411.7	0.18	0.0	1
460.09	0	0.0	0.0	0.0	0.0	0.0	1.0	1	1953	205.7	411.7	0.18	0.0	1
460.19	0	0.0	0.0	0.0	0.0	0.0	1.0	1	1953	205.7	411.7	0.18	0.0	1
460.29	0	0.0	0.0	0.0	0.0	0.0	1.0	1	1953	205.7	411.7	0.18	0.0	1
460.39	0	0.0	0.0	0.0	0.0	0.0	1.0	1	1953	205.7	411.7	0.18	0.0	1
460.49	0	0.0	0.0	0.0	0.0	0.0	1.0	1	1953	205.7	411.7	0.18	0.0	1
460.59	0	0.0	0.0	0.0	0.0	0.0	1.0	1	1953	205.7	411.7	0.18	0.0	1
460.69	0	0.0	0.0	0.0	0.0	0.0	1.0	1	1953	205.7	411.7	0.18	0.0	1
460.79	0	0.0	0.0	0.0	0.0	0.0	1.0	1	1953	205.7	411.7	0.18	0.0	1
460.89	0	0.0	0.0	0.0	0.0	0.0	1.0	1	1953	205.7	411.7	0.18	0.0	1
460.99	0	0.0	0.0	0.0	0.0	0.0	1.0	1	1953	205.7	411.7	0.18	0.0	1
461.09	0	0.0	0.0	0.0	0.0	0.0	1.0	1	1953	205.7	411.7	0.18	0.0	1
461.19	0	0.0	0.0	0.0	0.0	0.0	1.0	1	1953	205.7	411.7	0.18	0.0	1
461.29	0	0.0	0.0	0.0	0.0	0.0	1.0	1	1953	205.7	411.7	0.18	0.0	1
461.39	0	0.0	0.0	0.0	0.0	0.0	1.0	1	1953	205.7	411.7	0.18	0.0	1
461.49	0	0.0	0.0	0.0	0.0	0.0	1.0	1	1953	205.7	411.7	0.18	0.0	1
461.59	0	0.0	0.0	0.0	0.0	0.0	1.0	1	1953	205.7	411.7	0.18	0.0	1
461.69	0	0.0	0.0	0.0	0.0	0.0	1.0	1	1953	205.7	411.7	0.18	0.0	1
461.79	0	0.0	0.0	0.0	0.0	0.0	1.0	1	1953	205.7	411.7	0.18	0.0	1
461.89	0	0.0	0.0	0.0	0.0	0.0	1.0	1	1953	205.7	411.7	0.18	0.0	1
461.99	0	0.0	0.0	0.0	0.0	0.0	1.0	1	1953	205.7	411.7	0.18	0.0	1
462.09	0	0.0	0.0	0.0	0.0	0.0	1.0	1	1953	205.7	411.7	0.18	0.0	1
462.19	0	0.0	0.0	0.0	0.0	0.0	1.0	1	1953	205.7	411.7	0.18	0.0	1
462.29	0	0.0	0.0	0.0	0.0	0.0	1.0	1	1953	205.7	411.7	0.18	0.0	1
462.39	0	0.0	0.0	0.0	0.0	0.0	1.0	1	1953	205.7	411.7	0.18	0.0	1
462.49	0	0.0	0.0	0.0	0.0	0.0	1.0	1	1953	205.7	411.7	0.18	0.01	1
462.59	0	0.0	0.0	0.0	0.0	0.0	1.0	1	1953	205.7	411.7	0.18	0.01	1
462.69	0	0.0	0.0	0.0	0.0	0.0	1.0	1	1953	205.7	411.7	0.18	0.01	1
462.79	0	0.0	0.0	0.0	0.0	0.0	1.0	1	1953	205.7	411.7	0.18	0.01	1
462.89	0	0.0	0.0	0.0	0.0	0.0	1.0	1	1953	205.7	411.7	0.18	0.01	1
462.99	0	0.0	0.0	0.0	0.0	0.0	1.0	1	1953	205.7	411.7	0.18	0.01	1
463.09	0	0.0	0.0	0.0	0.0	0.0	1.0	1	1953	205.7	411.7	0.18	0.01	1
463.19	0	0.0	0.0	0.0	0.0	0.0	1.0	1	1953	205.7	411.7	0.18	0.01	1
463.29	0	0.0	0.0	0.0	0.0	0.0	1.0	1	1953	205.7	411.7	0.18	0.01	1
463.39	0	0.0	0.0	0.0	0.0	0.0	1.0	1	1953	205.7	411.7	0.18	0.01	1
463.49	0	0.0	0.0	0.0	0.0	0.0	1.0	1	1953	205.7	411.7	0.18	0.02	1
463.59	0	0.0	0.0	0.0	0.0	0.0	1.0	1	1953	205.7	411.7	0.18	0.02	1
463.69	0	0.0	0.0	0.0	0.0	0.0	1.0	1	1953	205.7	411.7	0.18	0.02	1
463.79	0	0.0	0.0	0.0	0.0	0.0	1.0	1	1953	205.7	411.7	0.18	0.02	1
463.89	0	0.0	0.0	0.0	0.0	0.0	1.0	1	1953	205.7	411.7	0.18	0.02	1
463.99	0	0.0	0.0	0.0	0.0	0.0	1.0	1	1953	205.7	411.7	0.18	0.02	1
464.09	0	0.0	0.0	0.0	0.0	0.0	1.0	1	1953	205.7	411.7	0.18	0.02	1
464.19	0	0.0	0.0	0.0	0.0	0.0	1.0	1	1953	205.7	411.7	0.18	0.02	1
464.29	0	0.0	0.0	0.0	0.0	0.0	1.0	1	1953	205.7	411.7	0.18	0.02	1
464.39	0	0.0	0.0	0.0	0.0	0.0	1.0	1	1953	205.7	411.7	0.18	0.03	1
464.49	0	0.0	0.0	0.0	0.0	0.0	1.0	1	1953	205.7	411.7	0.18	0.03	1
464.59	0	0.0	0.0	0.0	0.0	0.0	1.0	1	1953	205.7	411.7	0.18	0.03	1
464.69	0	0.0	0.0	0.0	0.0	0.0	1.0	1	1953	205.7	411.7	0.18	0.03	1
464.79	0	0.0	0.0	0.0	0.0	0.0	1.0	1	1953	205.7	411.7	0.18	0.03	1
464.89	0	0.0	0.0	0.0	0.0	0.0	1.0	1	1953	205.7	411.7	0.18	0.03	1
464.99	0	0.0	0.0	0.0	0.0	0.0	1.0	1	1953	205.7	411.7	0.18	0.03	1
465.09	0	0.0	0.0	0.0	0.0	0.0	1.0	1	1953	205.7	411.7	0.18	0.03	1
465.19	0	0.0	0.0	0.0	0.0	0.0	1.0	1	1953	205.7	411.7	0.18	0.03	1
465.29	0	0.0	0.0	0.0	0.0	0.0	1.0	1	1953	205.7	411.7	0.18	0.03	1
465.39	0	0.0	0.0	0.0	0.0	0.0	1.0	1	1953	205.7	411.7	0.18	0.04	1
465.49	0	0.0	0.0	0.0	0.0	0.0	1.0	1	1953	205.7	411.7	0.18	0.04	1
465.62	0	0.0	0.0	0.0	0.0	0.0	1.0	1	1953	205.7	411.7	0.18	0.04	1
465.7	0	0.0	0.0	0.0	0.0	0.0	1.0	1	1953	205.7	411.7	0.18	0.04	1
465.81	0	0.0	0.0	0.0	0.0	0.0	1.0	1	1953	205.7	411.7	0.18	0.04	1
465.91	0	0.0	0.0	0.0	0.0	0.0	1.0	1	1953	205.7	411.7	0.18	0.04	1
466.01	0	0.0	0.0	0.0	0.0	0.0	1.0	1	1953	205.7	411.7	0.18	0.04	1
466.11	0	0.0	0.0	0.0	0.0	0.0	1.0	1	1953	205.7	411.7	0.18	0.04	1
466.21	0	0.0	0.0	0.0	0.0	0.0	1.0	1	1953	205.7	411.7	0.18	0.04	1
466.31	0	0.0	0.0	0.0	0.0	0.0	1.0	1	1953	205.7	411.7	0.18	0.04	1
466.41	0	0.0	0.0	0.0	0.0	0.0	1.0	1	1953	205.7	411.7	0.18	0.05	1
466.51	0	0.0	0.0	0.0	0.0	0.0	1.0	1	1953	205.7	411.7	0.18	0.05	1
466.61	0	0.0	0.0	0.0	0.0	0.0	1.0	1	1953	205.7	411.7	0.18	0.05	1
466.71	0	0.0	0.0	0.0	0.0	0.0	1.0	1	1953	205.7	411.7	0.18	0.05	1
466.81	0	0.0	0.0	0.0	0.0	0.0	1.0	1	1953	205.7	411.7	0.18	0.05	1
466.91	0	0.1	0.0	0.0	0.0	0.0	1.0	1	1953	205.7	411.7	0.18	0.05	1
467.01	0	0.1	0.0	0.0	0.0	0.0	1.0	1	1953	205.7	411.7	0.18	0.05	1
467.11	0	0.1	0.0	0.0	0.0	0.0	1.0	1	1953	205.7	411.7	0.18	0.05	1
467.21	0	0.1	0.0	0.0	0.0	0.0	1.0	1	1953	205.7	411.7	0.18	0.05	1
467.31	0	0.1	0.0	0.0	0.0	0.0	1.0	1	1953	205.7	411.7	0.18	0.05	1
467.41	0	0.1	0.0	0.0	0.0	0.0	1.0	1	1953	205.7	411.7	0.18	0.06	1
467.51	0	0.1	0.0	0.0	0.0	0.0	1.0	1	1953	205.7	411.7	0.18	0.06	1
467.61	0	0.1	0.0	0.0	0.0	0.0	1.0	1	1953	205.7	411.7	0.18	0.06	1
467.71	0	0.1	0.0	0.0	0.0	0.0	1.0	1	1953	205.7	411.7	0.18	0.06	1
467.81	0	0.1	0.0	0.0	0.0	0.0	1.0	1	1953	205.7	411.7	0.18	0.06	1
467.91	0	0.1	0.0	0.0	0.0	0.0	1.0	1	1953	205.7	411.7	0.18	0.06	1
468.01	0	0.1	0.0	0.0	0.0	0.0	1.0	1	1953	205.7	411.7	0.18	0.06	1
468.11	0	0.1	0.0	0.0	0.0	0.0	1.0	1	1953	205.7	411.7	0.18	0.06	1
468.21	0	0.1	0.0	0.0	0.0	0.0	1.0	1	1953	205.7	411.7	0.18	0.06	1
468.31	0	0.1	0.0	0.0	0.0	0.0	1.0	1	1953	205.7	411.7	0.18	0.07	1
468.41	0	0.1	0.0	0.0	0.0	0.0	1.0	1	1953	205.7	411.7	0.18	0.07	1
468.51	0	0.1	0.0	0.0	0.0	0.0	1.0	1	1953	205.7	411.7	0.18	0.07	1
468.61	0	0.1	0.0	0.0	0.0	0.0	1.0	1	1953	205.7	411.7	0.18	0.07	1
468.71	0	0.1	0.0	0.0	0.0	0.0	1.0	1	1953	205.7	411.7	0.18	0.07	1
468.81	0	0.1	0.0	0.0	0.0	0.0	1.0	1	1953	205.7	411.7	0.18	0.07	1
468.91	0	0.1	0.0	0.0	0.0	0.0	1.0	1	1953	205.7	411.7	0.18	0.07	1
469.01	0	0.1	0.0	0.0	0.0	0.0	1.0	1	1953	205.7	411.7	0.18	0.07	1
469.11	0	0.1	0.0	0.0	0.0	0.0	1.0	1	1953	205.7	411.7	0.18	0.07	1
469.21	0	0.1	0.0	0.0	0.0	0.0	1.0	1	1953	205.7	411.7	0.18	0.07	1
469.31	0	0.1	0.0	0.0	0.0	0.0	1.0	1	1953	205.7	411.7	0.18	0.08	1
469.41	0	0.1	0.0	0.0	0.0	0.0	1.0	1	1953	205.7	411.7	0.18	0.08	1
469.51	0	0.1	0.0	0.0	0.0	0.0	1.0	1	1953	205.7	411.7	0.18	0.08	1
469.61	0	0.1	0.0	0.0	0.0	0.0	1.0	1	1953	205.7	411.7	0.18	0.08	1
469.71	0	0.1	0.0	0.0	0.0	0.0	1.0	1	1953	205.7	411.7	0.18	0.08	1
469.81	0	0.1	0.0	0.0	0.0	0.0	1.0	1	1953	205.7	411.7	0.18	0.08	1
469.91	0	0.1	0.0	0.0	0.0	0.0	1.0	1	1953	205.7	411.7	0.18	0.08	1
470.01	0	0.1	0.0	0.0	0.0	0.0	1.0	1	1953	205.7	411.7	0.18	0.08	1
470.11	0	0.1	0.0	0.0	0.0	0.0	1.0	1	1953	205.7	411.7	0.18	0.08	1
470.21	0	0.1	0.0	0.0	0.0	0.0	1.0	1	1953	205.7	411.7	0.18	0.09	1
470.31	0	0.1	0.0	0.0	0.0	0.0	1.0	1	1953	205.7	411.7	0.18	0.09	1
470.41	0	0.1	0.0	0.0	0.0	0.0	1.0	1	1953	205.7	411.7	0.18	0.09	1
470.51	0	0.1	0.0	0.0	0.0	0.0	1.0	1	1953	205.7	411.7	0.18	0.09	1
470.61	0	0.1	0.0	0.0	0.0	0.0	1.0	1	1953	205.7	411.7	0.18	0.09	1
470.71	0	0.1	0.0	0.0	0.0	0.0	1.0	1	1953	205.7	411.7	0.18	0.09	1
470.81	0	0.1	0.0	0.0	0.0	0.0	1.0	1	1953	205.7	411.7	0.18	0.09	1
470.91	0	0.1	0.0	0.0	0.0	0.0	1.0	1	1953	205.7	411.7	0.18	0.09	1
471.01	0	0.1	0.0	0.0	0.0	0.0	1.0	1	1953	205.7	411.7	0.18	0.09	1
471.11	0	0.1	0.0	0.0	0.0	0.0	1.0	1	1953	205.7	411.7	0.18	0.09	1
471.21	0	0.1	0.0	0.0	0.0	0.0	1.0	1	1953	205.7	411.7	0.18	0.1	1
471.31	0	0.1	0.0	0.0	0.0	0.0	1.0	1	1953	205.7	411.7	0.18	0.1	1
471.41	0	0.1	0.0	0.0	0.0	0.0	1.0	1	1953	205.7	411.7	0.18	0.1	1
471.51	0	0.1	0.0	0.0	0.0	0.0	1.0	1	1953	205.7	411.7	0.18	0.1	1
471.61	0	0.1	0.0	0.0	0.0	0.0	1.0	1	1953	205.7	411.7	0.18	0.1	1
471.71	0	0.1	0.0	0.0	0.0	0.0	1.0	1	1953	205.7	411.7	0.18	0.1	1
471.81	0	0.1	0.0	0.0	0.0	0.0	1.0	1	1953	205.7	411.7	0.18	0.1	1
471.91	0	0.1	0.0	0.0	0.0	0.0	1.0	1	1953	205.7	411.7	0.18	0.1	1
472.01	0	0.1	0.0	0.0	0.0	0.0	1.0	1	1953	205.7	411.7	0.18	0.1	1
472.11	0	0.1	0.0	0.0	0.0	0.0	1.0	1	1953	205.7	411.7	0.18	0.11	1
472.21	0	0.1	0.0	0.0	0.0	0.0	1.0	1	1953	205.7	411.7	0.18	0.11	1
472.31	0	0.1	0.0	0.0	0.0	0.0	1.0	1	1953	205.7	411.7	0.18	0.11	1
472.41	0	0.1	0.0	0.0	0.0	0.0	1.0	1	1953	205.7	411.7	0.18	0.11	1
472.51	0	0.1	0.0	0.0	0.0	0.0	1.0	1	1953	205.7	411.7	0.18	0.11	1
472.61	0	0.1	0.0	0.0	0.0	0.0	1.0	1	1953	205.7	411.7	0.18	0.11	1
472.71	0	0.1	0.0	0.0	0.0	0.0	1.0	1	1953	205.7	411.7	0.18	0.11	1
472.81	0	0.1	0.0	0.0	0.0	0.0	1.0	1	1953	205.7	411.7	0.18	0.11	1
472.91	0	0.1	0.0	0.0	0.0	0.0	1.0	1	1953	205.7	411.7	0.18	0.11	1
473.01	0	0.1	0.0	0.0	0.0	0.0	1.0	1	1953	205.7	411.7	0.18	0.11	1
473.11	0	0.1	0.0	0.0	0.0	0.0	1.0	1	1953	205.7	411.7	0.18	0.12	1
473.21	0	0.1	0.0	0.0	0.0	0.0	1.0	1	1953	205.7	411.7	0.18	0.12	1
473.31	0	0.1	0.0	0.0	0.0	0.0	1.0	1	1953	205.7	411.7	0.18	0.12	1
473.41	0	0.1	0.0	0.0	0.0	0.0	1.0	1	1953	205.7	411.7	0.18	0.12	1
473.51	0	0.1	0.0	0.0	0.0	0.0	1.0	1	1953	205.7	411.7	0.18	0.12	1
473.61	0	0.1	0.0	0.0	0.0	0.0	1.0	1	1953	205.7	411.7	0.18	0.12	1
473.71	0	0.1	0.0	0.0	0.0	0.0	1.0	1	1953	205.7	411.7	0.18	0.12	1
473.81	0	0.1	0.0	0.0	0.0	0.0	1.0	1	1953	205.7	411.7	0.18	0.12	1
473.91	0	0.1	0.0	0.0	0.0	0.0	1.0	1	1953	205.7	411.7	0.18	0.12	1
474.01	0	0.1	0.0	0.0	0.0	0.0	1.0	1	1953	205.7	411.7	0.18	0.13	1
474.11	0	0.1	0.0	0.0	0.0	0.0	1.0	1	1953	205.7	411.7	0.18	0.13	1
474.21	0	0.1	0.0	0.0	0.0	0.0	1.0	1	1953	205.7	411.7	0.18	0.13	1
474.31	0	0.1	0.0	0.0	0.0	0.0	1.0	1	1953	205.7	411.7	0.18	0.13	1
474.41	0	0.1	0.0	0.0	0.0	0.0	1.0	1	1953	205.7	411.7	0.18	0.13	1
474.51	0	0.1	0.0	0.0	0.0	0.0	1.0	1	1953	205.7	411.7	0.18	0.13	1
474.61	0	0.1	0.0	0.0	0.0	0.0	1.0	1	1953	205.7	411.7	0.18	0.13	1
474.71	0	0.1	0.0	0.0	0.0	0.0	1.0	1	1953	205.7	411.7	0.18	0.13	1
474.81	0	0.1	0.0	0.0	0.0	0.0	1.0	1	1953	205.7	411.7	0.19	0.13	1
474.91	0	0.1	0.0	0.0	0.0	0.0	1.0	1	1953	205.7	411.7	0.19	0.13	1
475.01	0	0.1	0.0	0.0	0.0	0.0	1.0	1	1953	205.7	411.7	0.19	0.14	1
475.11	0	0.1	0.0	0.0	0.0	0.0	1.0	1	1953	205.7	411.7	0.19	0.14	1
475.21	0	0.1	0.0	0.0	0.0	0.0	1.0	1	1953	205.7	411.7	0.19	0.14	1
475.31	0	0.1	0.0	0.0	0.0	0.0	1.0	1	1953	205.7	411.7	0.19	0.14	1
475.41	0	0.1	0.0	0.0	0.0	0.0	1.0	1	1953	205.7	411.7	0.19	0.14	1
475.51	0	0.1	0.0	0.0	0.0	0.0	1.0	1	1953	205.7	411.7	0.19	0.14	1
475.61	0	0.1	0.0	0.0	0.0	0.0	1.0	1	1953	205.7	411.7	0.19	0.14	1
475.71	0	0.1	0.0	0.0	0.0	0.0	1.0	1	1953	205.7	411.7	0.19	0.14	1
475.85	0	0.1	0.0	0.0	0.0	0.0	1.0	1	1953	205.7	411.7	0.19	0.14	1
475.95	0	0.1	0.0	0.0	0.0	0.0	1.0	1	1953	205.7	411.7	0.19	0.15	1
476.05	0	0.1	0.0	0.0	0.0	0.0	1.0	1	1953	205.7	411.7	0.19	0.15	1
476.15	0	0.1	0.0	0.0	0.0	0.0	1.0	1	1953	205.7	411.7	0.19	0.15	1
476.25	0	0.1	0.0	0.0	0.0	0.0	1.0	1	1953	205.7	411.7	0.19	0.15	1
476.35	0	0.2	0.0	0.0	0.0	0.0	1.0	1	1953	205.7	411.7	0.19	0.15	1
476.45	0	0.2	0.0	0.0	0.0	0.0	1.0	1	1953	205.7	411.7	0.19	0.15	1
476.55	0	0.2	0.0	0.0	0.0	0.0	1.0	1	1953	205.7	411.7	0.19	0.15	1
476.65	0	0.2	0.0	0.0	0.0	0.0	1.0	1	1953	205.7	411.7	0.19	0.15	1
476.75	0	0.2	0.0	0.0	0.0	0.0	1.0	1	1953	205.7	411.7	0.19	0.15	1
476.85	0	0.2	0.0	0.0	0.0	0.0	1.0	1	1953	205.7	411.7	0.19	0.16	1
476.95	0	0.2	0.0	0.0	0.0	0.0	1.0	1	1953	205.7	411.7	0.19	0.16	1
477.05	0	0.2	0.0	0.0	0.0	0.0	1.0	1	1953	205.7	411.7	0.19	0.16	1
477.15	0	0.2	0.0	0.0	0.0	0.0	1.0	1	1953	205.7	411.7	0.19	0.16	1
477.25	0	0.2	0.0	0.0	0.0	0.0	1.0	1	1953	205.7	411.7	0.19	0.16	1
477.35	0	0.2	0.0	0.0	0.0	0.0	1.0	1	1953	205.7	411.7	0.19	0.16	1
477.45	0	0.2	0.0	0.0	0.0	0.0	1.0	1	1953	205.7	411.7	0.19	0.16	1
477.55	0	0.2	0.0	0.0	0.0	0.0	1.0	1	1953	205.7	411.7	0.19	0.16	1
477.65	0	0.2	0.0	0.0	0.0	0.0	1.0	1	1953	205.7	411.7	0.19	0.16	1
477.75	0	0.2	0.0	0.0	0.0	0.0	1.0	1	1953	205.7	411.7	0.19	0.17	1
477.85	0	0.2	0.0	0.0	0.0	0.0	1.0	1	1953	205.7	411.7	0.19	0.17	1
477.95	0	0.2	0.0	0.0	0.0	0.0	1.0	1	1953	205.7	411.7	0.19	0.17	1
478.05	0	0.2	0.0	0.0	0.0	0.0	1.0	1	1953	205.7	411.7	0.19	0.17	1
478.15	0	0.2	0.0	0.0	0.0	0.0	1.0	1	1953	205.7	411.7	0.19	0.17	1
478.25	0	0.2	0.0	0.0	0.0	0.0	1.0	1	1953	205.7	411.7	0.19	0.17	1
478.35	0	0.2	0.0	0.0	0.0	0.0	1.0	1	1953	205.7	411.7	0.19	0.17	1
478.45	0	0.2	0.0	0.0	0.0	0.0	1.0	1	1953	205.7	411.7	0.19	0.17	1
478.55	0	0.2	0.0	0.0	0.0	0.0	1.0	1	1953	205.7	411.7	0.19	0.17	1
478.65	0	0.2	0.0	0.0	0.0	0.0	1.0	1	1953	205.7	411.7	0.19	0.17	1
478.75	0	0.2	0.0	0.0	0.0	0.0	1.0	1	1953	205.7	411.7	0.19	0.18	1
478.85	0	0.2	0.0	0.0	0.0	0.0	1.0	1	1953	205.7	411.7	0.19	0.18	1
478.95	0	0.2	0.0	0.0	0.0	0.0	1.0	1	1953	205.7	411.7	0.19	0.18	1
479.05	0	0.2	0.0	0.0	0.0	0.0	1.0	1	1953	205.7	411.7	0.19	0.18	1
479.15	0	0.2	0.0	0.0	0.0	0.0	1.0	1	1953	205.7	411.7	0.19	0.18	1
479.25	0	0.2	0.0	0.0	0.0	0.0	1.0	1	1953	205.7	411.7	0.19	0.18	1
479.35	0	0.2	0.0	0.0	0.0	0.0	1.0	1	1953	205.7	411.7	0.19	0.18	1
479.45	0	0.2	0.0	0.0	0.0	0.0	1.0	1	1953	205.7	411.7	0.19	0.18	1
479.55	0	0.2	0.0	0.0	0.0	0.0	1.0	1	1953	205.7	411.7	0.19	0.18	1
479.65	0	0.2	0.0	0.0	0.0	0.0	1.0	1	1953	205.7	411.7	0.19	0.19	1
479.75	0	0.2	0.0	0.0	0.0	0.0	1.0	1	1953	205.7	411.7	0.19	0.19	1
479.85	0	0.2	0.0	0.0	0.0	0.0	1.0	1	1953	205.7	411.7	0.19	0.19	1
479.95	0	0.2	0.0	0.0	0.0	0.0	1.0	1	1953	205.7	411.7	0.19	0.19	1
480.05	0	0.2	0.0	0.0	0.0	0.0	1.0	1	1953	205.7	411.7	0.19	0.19	1
480.15	0	0.2	0.0	0.0	0.0	0.0	1.0	1	1953	205.7	411.7	0.19	0.19	1
480.25	0	0.2	0.0	0.0	0.0	0.0	1.0	1	1953	205.7	411.7	0.19	0.19	1
480.35	0	0.2	0.0	0.0	0.0	0.0	1.0	1	1953	205.7	411.7	0.19	0.19	1
480.45	0	0.2	0.0	0.0	0.0	0.0	1.0	1	1953	205.7	411.7	0.19	0.19	1
480.55	0	0.2	0.0	0.0	0.0	0.0	1.0	1	1953	205.7	411.7	0.19	0.2	1
480.65	0	0.2	0.0	0.0	0.0	0.0	1.0	1	1953	205.7	411.7	0.19	0.2	1
480.75	0	0.2	0.0	0.0	0.0	0.0	1.0	1	1953	205.7	411.7	0.19	0.2	1
480.85	0	0.2	0.0	0.0	0.0	0.0	1.0	1	1953	205.7	411.7	0.19	0.2	1
480.95	0	0.2	0.0	0.0	0.0	0.0	1.0	1	1953	205.7	411.7	0.19	0.2	1
481.05	0	0.2	0.0	0.0	0.0	0.0	1.0	1	1953	205.7	411.7	0.19	0.2	1
481.15	0	0.2	0.0	0.0	0.0	0.0	1.0	1	1953	205.7	411.7	0.19	0.2	1
481.25	0	0.2	0.0	0.0	0.0	0.0	1.0	1	1953	205.7	411.7	0.19	0.2	1
481.35	0	0.2	0.0	0.0	0.0	0.0	1.0	1	1953	205.7	411.7	0.19	0.2	1
481.45	0	0.2	0.0	0.0	0.0	0.0	1.0	1	1953	205.7	411.7	0.19	0.21	1
481.55	0	0.2	0.0	0.0	0.0	0.0	1.0	1	1953	205.7	411.7	0.19	0.21	1
481.65	0	0.2	0.0	0.0	0.0	0.0	1.0	1	1953	205.7	411.7	0.19	0.21	1
481.75	0	0.2	0.0	0.0	0.0	0.0	1.0	1	1953	205.7	411.7	0.19	0.21	1
481.85	0	0.2	0.0	0.0	0.0	0.0	1.0	1	1953	205.7	411.7	0.19	0.21	1
481.95	0	0.2	0.0	0.0	0.0	0.0	1.0	1	1953	205.7	411.7	0.19	0.21	1
482.05	0	0.2	0.0	0.0	0.0	0.0	1.0	1	1953	205.7	411.7	0.19	0.21	1
482.15	0	0.2	0.0	0.0	0.0	0.0	1.0	1	1953	205.7	411.7	0.19	0.21	1
482.25	0	0.2	0.0	0.0	0.0	0.0	1.0	1	1953	205.7	411.7	0.19	0.21	1
482.35	0	0.2	0.0	0.0	0.0	0.0	1.0	1	1953	205.7	411.7	0.19	0.22	1
482.45	0	0.2	0.0	0.0	0.0	0.0	1.0	1	1953	205.7	411.7	0.19	0.22	1
482.55	0	0.2	0.0	0.0	0.0	0.0	1.0	1	1953	205.7	411.7	0.19	0.22	1
482.65	0	0.2	0.0	0.0	0.0	0.0	1.0	1	1953	205.7	411.7	0.19	0.22	1
482.75	0	0.2	0.0	0.0	0.0	0.0	1.0	1	1953	205.7	411.7	0.19	0.22	1
482.85	0	0.2	0.0	0.0	0.0	0.0	1.0	1	1953	205.7	411.7	0.19	0.22	1
482.95	0	0.2	0.0	0.0	0.0	0.0	1.0	1	1953	205.7	411.7	0.19	0.22	1
483.05	0	0.2	0.0	0.0	0.0	0.0	1.0	1	1953	205.7	411.7	0.19	0.22	1
483.15	0	0.2	0.0	0.0	0.0	0.0	1.0	1	1953	205.7	411.7	0.19	0.22	1
483.25	0	0.2	0.0	0.0	0.0	0.0	1.0	1	1953	205.7	411.7	0.19	0.23	1
483.35	0	0.2	0.0	0.0	0.0	0.0	1.0	1	1953	205.7	411.7	0.19	0.23	1
483.45	0	0.2	0.0	0.0	0.0	0.0	1.0	1	1953	205.7	411.7	0.19	0.23	1
483.55	0	0.2	0.0	0.0	0.0	0.0	1.0	1	1953	205.7	411.7	0.19	0.23	1
483.65	0	0.2	0.0	0.0	0.0	0.0	1.0	1	1953	205.7	411.7	0.19	0.23	1
483.75	0	0.2	0.0	0.0	0.0	0.0	1.0	1	1953	205.7	411.7	0.19	0.23	1
483.85	0	0.2	0.0	0.0	0.0	0.0	1.0	1	1953	205.7	411.7	0.19	0.23	1
483.95	0	0.2	0.0	0.0	0.0	0.0	1.0	1	1953	205.7	411.7	0.19	0.23	1
484.05	0	0.2	0.0	0.0	0.0	0.0	1.0	1	1953	205.7	411.7	0.19	0.23	1
484.15	0	0.2	0.0	0.0	0.0	0.0	1.0	1	1953	205.7	411.7	0.19	0.24	1
484.25	0	0.2	0.0	0.0	0.0	0.0	1.0	1	1953	205.7	411.7	0.19	0.24	1
484.35	0	0.2	0.0	0.0	0.0	0.0	1.0	1	1953	205.7	411.7	0.19	0.24	1
484.45	0	0.2	0.0	0.0	0.0	0.0	1.0	1	1953	205.7	411.7	0.19	0.24	1
484.55	0	0.2	0.0	0.0	0.0	0.0	1.0	1	1953	205.7	411.7	0.19	0.24	1
484.65	0	0.2	0.0	0.0	0.0	0.0	1.0	1	1953	205.7	411.7	0.19	0.24	1
484.75	0	0.2	0.0	0.0	0.0	0.0	1.0	1	1953	205.7	411.7	0.19	0.24	1
484.85	0	0.2	0.0	0.0	0.0	0.0	1.0	1	1953	205.7	411.7	0.19	0.24	1
484.95	0	0.2	0.0	0.0	0.0	0.0	1.0	1	1953	205.7	411.7	0.19	0.24	1
485.05	0	0.2	0.0	0.0	0.0	0.0	1.0	1	1953	205.7	411.7	0.19	0.25	1
485.15	0	0.2	0.0	0.0	0.0	0.0	1.0	1	1953	205.7	411.7	0.19	0.25	1
485.25	0	0.2	0.0	0.0	0.0	0.0	1.0	1	1953	205.7	411.7	0.19	0.25	1
485.35	0	0.2	0.0	0.0	0.0	0.0	1.0	1	1953	205.7	411.7	0.19	0.25	1
485.45	0	0.2	0.0	0.0	0.0	0.0	1.0	1	1953	205.7	411.7	0.19	0.25	1
485.55	0	0.3	0.0	0.0	0.0	0.0	1.0	1	1953	205.7	411.7	0.19	0.25	1
485.65	0	0.3	0.0	0.0	0.0	0.0	1.0	1	1953	205.7	411.7	0.19	0.25	1
485.78	0	0.3	0.0	0.0	0.0	0.0	1.0	1	1953	205.7	411.7	0.19	0.25	1
485.88	0	0.3	0.0	0.0	0.0	0.0	1.0	1	1953	205.7	411.7	0.19	0.25	1
486.0	0	0.3	0.0	0.0	0.0	0.0	1.0	1	1953	205.7	411.7	0.19	0.26	1
486.1	0	0.3	0.0	0.0	0.0	0.0	1.0	1	1953	205.7	411.7	0.19	0.26	1
486.2	0	0.3	0.0	0.0	0.0	0.0	1.0	1	1953	205.7	411.7	0.19	0.26	1
486.3	0	0.3	0.0	0.0	0.0	0.0	1.0	1	1953	205.7	411.7	0.19	0.26	1
486.4	0	0.3	0.0	0.0	0.0	0.0	1.0	1	1953	205.7	411.7	0.19	0.26	1
486.5	0	0.3	0.0	0.0	0.0	0.0	1.0	1	1953	205.7	411.7	0.19	0.26	1
486.6	0	0.3	0.0	0.0	0.0	0.0	1.0	1	1953	205.7	411.7	0.19	0.26	1
486.7	0	0.3	0.0	0.0	0.0	0.0	1.0	1	1953	205.7	411.7	0.19	0.26	1
486.8	0	0.3	0.0	0.0	0.0	0.0	1.0	1	1953	205.7	411.7	0.19	0.26	1
486.9	0	0.3	0.0	0.0	0.0	0.0	1.0	1	1953	205.7	411.7	0.19	0.27	1
487.0	0	0.3	0.0	0.0	0.0	0.0	1.0	1	1953	205.7	411.7	0.19	0.27	1
487.1	0	0.3	0.0	0.0	0.0	0.0	1.0	1	1953	205.7	411.7	0.19	0.27	1
487.2	0	0.3	0.0	0.0	0.0	0.0	1.0	1	1953	205.7	411.7	0.19	0.27	1
487.3	0	0.3	0.0	0.0	0.0	0.0	1.0	1	1953	205.7	411.7	0.19	0.27	1
487.4	0	0.3	0.0	0.0	0.0	0.0	1.0	1	1953	205.7	411.7	0.19	0.27	1
487.5	0	0.3	0.0	0.0	0.0	0.0	1.0	1	1953	205.7	411.7	0.19	0.27	1
487.6	0	0.3	0.0	0.0	0.0	0.0	1.0	1	1953	205.7	411.7	0.19	0.27	1
487.7	0	0.3	0.0	0.0	0.0	0.0	1.0	1	1953	205.7	411.7	0.19	0.27	1
487.8	0	0.3	0.0	0.0	0.0	0.0	1.0	1	1953	205.7	411.7	0.19	0.28	1
487.9	0	0.3	0.0	0.0	0.0	0.0	1.0	1	1953	205.7	411.7	0.19	0.28	1
488.0	0	0.3	0.0	0.0	0.0	0.0	1.0	1	1953	205.7	411.7	0.19	0.28	1
488.1	0	0.3	0.0	0.0	0.0	0.0	1.0	1	1953	205.7	411.7	0.19	0.28	1
488.2	0	0.3	0.0	0.0	0.0	0.0	1.0	1	1953	205.7	411.7	0.19	0.28	1
488.3	0	0.3	0.0	0.0	0.0	0.0	1.0	1	1953	205.7	411.7	0.19	0.28	1
488.4	0	0.3	0.0	0.0	0.0	0.0	1.0	1	1953	205.7	411.7	0.19	0.28	1
488.5	0	0.3	0.0	0.0	0.0	0.0	1.0	1	1953	205.7	411.7	0.19	0.28	1
488.6	0	0.3	0.0	0.0	0.0	0.0	1.0	1	1953	205.7	411.7	0.19	0.28	1
488.7	0	0.3	0.0	0.0	0.0	0.0	1.0	1	1953	205.7	411.7	0.19	0.29	1
488.8	0	0.3	0.0	0.0	0.0	0.0	1.0	1	1953	205.7	411.7	0.19	0.29	1
488.9	0	0.3	0.0	0.0	0.0	0.0	1.0	1	1953	205.7	411.7	0.19	0.29	1
489.0	0	0.3	0.0	0.0	0.0	0.0	1.0	1	1953	205.7	411.7	0.19	0.29	1
489.1	0	0.3	0.0	0.0	0.0	0.0	1.0	1	1953	205.7	411.7	0.19	0.29	1
489.2	0	0.3	0.0	0.0	0.0	0.0	1.0	1	1953	205.7	411.7	0.19	0.29	1
489.3	0	0.3	0.0	0.0	0.0	0.0	1.0	1	1953	205.7	411.7	0.19	0.29	1
489.4	0	0.3	0.0	0.0	0.0	0.0	1.0	1	1953	205.7	411.7	0.19	0.29	1
489.5	0	0.3	0.0	0.0	0.0	0.0	1.0	1	1953	205.7	411.7	0.19	0.29	1
489.6	0	0.3	0.0	0.0	0.0	0.0	1.0	1	1953	205.7	411.7	0.19	0.3	1
489.7	0	0.3	0.0	0.0	0.0	0.0	1.0	1	1953	205.7	411.7	0.19	0.3	1
489.8	0	0.3	0.0	0.0	0.0	0.0	1.0	1	1953	205.7	411.7	0.19	0.3	1
489.9	0	0.3	0.0	0.0	0.0	0.0	1.0	1	1953	205.7	411.7	0.19	0.3	1
490.0	0	0.3	0.0	0.0	0.0	0.0	1.0	1	1953	205.7	411.7	0.19	0.3	1
490.1	0	0.3	0.0	0.0	0.0	0.0	1.0	1	1953	205.7	411.7	0.19	0.3	1
490.2	0	0.3	0.0	0.0	0.0	0.0	1.0	1	1953	205.7	411.7	0.19	0.3	1
490.3	0	0.3	0.0	0.0	0.0	0.0	1.0	1	1953	205.7	411.7	0.19	0.3	1
490.4	0	0.3	0.0	0.0	0.0	0.0	1.0	1	1953	205.7	411.7	0.19	0.3	1
490.5	0	0.3	0.0	0.0	0.0	0.0	1.0	1	1953	205.7	411.7	0.19	0.31	1
490.6	0	0.3	0.0	0.0	0.0	0.0	1.0	1	1953	205.7	411.7	0.19	0.31	1
490.7	0	0.3	0.0	0.0	0.0	0.0	1.0	1	1953	205.7	411.7	0.19	0.31	1
490.8	0	0.3	0.0	0.0	0.0	0.0	1.0	1	1953	205.7	411.7	0.19	0.31	1
490.9	0	0.3	0.0	0.0	0.0	0.0	1.0	1	1953	205.7	411.7	0.19	0.31	1
491.0	0	0.3	0.0	0.0	0.0	0.0	1.0	1	1953	205.7	411.7	0.19	0.31	1
491.1	0	0.3	0.0	0.0	0.0	0.0	1.0	1	1953	205.7	411.7	0.19	0.31	1
491.2	0	0.3	0.0	0.0	0.0	0.0	1.0	1	1953	205.7	411.7	0.19	0.31	1
491.3	0	0.3	0.0	0.0	0.0	0.0	1.0	1	1953	205.7	411.7	0.19	0.32	1
491.4	0	0.3	0.0	0.0	0.0	0.0	1.0	1	1953	205.7	411.7	0.19	0.32	1
491.5	0	0.3	0.0	0.0	0.0	0.0	1.0	1	1953	205.7	411.7	0.19	0.32	1
491.6	0	0.3	0.0	0.0	0.0	0.0	1.0	1	1953	205.7	411.7	0.19	0.32	1
491.7	0	0.3	0.0	0.0	0.0	0.0	1.0	1	1953	205.7	411.7	0.19	0.32	1
491.8	0	0.3	0.0	0.0	0.0	0.0	1.0	1	1953	205.7	411.7	0.19	0.32	1
491.9	0	0.3	0.0	0.0	0.0	0.0	1.0	1	1953	205.7	411.7	0.19	0.32	1
492.0	0	0.3	0.0	0.0	0.0	0.0	1.0	1	1953	205.7	411.7	0.19	0.32	1
492.1	0	0.3	0.0	0.0	0.0	0.0	1.0	1	1953	205.7	411.7	0.19	0.32	1
492.2	0	0.3	0.0	0.0	0.0	0.0	1.0	1	1953	205.7	411.7	0.19	0.33	1
492.3	0	0.3	0.0	0.0	0.0	0.0	1.0	1	1953	205.7	411.7	0.19	0.33	1
492.4	0	0.3	0.0	0.0	0.0	0.0	1.0	1	1953	205.7	411.7	0.19	0.33	1
492.5	0	0.3	0.0	0.0	0.0	0.0	1.0	1	1953	205.7	411.7	0.19	0.33	1
492.6	0	0.3	0.0	0.0	0.0	0.0	1.0	1	1953	205.7	411.7	0.19	0.33	1
492.7	0	0.3	0.0	0.0	0.0	0.0	1.0	1	1953	205.7	411.7	0.19	0.33	1
492.8	0	0.3	0.0	0.0	0.0	0.0	1.0	1	1953	205.7	411.7	0.19	0.33	1
492.9	0	0.3	0.0	0.0	0.0	0.0	1.0	1	1953	205.7	411.7	0.19	0.33	1
493.0	0	0.3	0.0	0.0	0.0	0.0	1.0	1	1953	205.7	411.7	0.19	0.33	1
493.1	0	0.3	0.0	0.0	0.0	0.0	1.0	1	1953	205.7	411.7	0.19	0.34	1
493.2	0	0.3	0.0	0.0	0.0	0.0	1.0	1	1953	205.7	411.7	0.19	0.34	1
493.3	0	0.3	0.0	0.0	0.0	0.0	1.0	1	1953	205.7	411.7	0.19	0.34	1
493.4	0	0.3	0.0	0.0	0.0	0.0	1.0	1	1953	205.7	411.7	0.19	0.34	1
493.5	0	0.3	0.0	0.0	0.0	0.0	1.0	1	1953	205.7	411.7	0.19	0.34	1
493.6	0	0.3	0.0	0.0	0.0	0.0	1.0	1	1953	205.7	411.7	0.19	0.34	1
493.7	0	0.3	0.0	0.0	0.0	0.0	1.0	1	1953	205.7	411.7	0.19	0.34	1
493.8	0	0.3	0.0	0.0	0.0	0.0	1.0	1	1953	205.7	411.7	0.19	0.34	1
493.9	0	0.3	0.0	0.0	0.0	0.0	1.0	1	1953	205.7	411.7	0.19	0.34	1
494.0	0	0.3	0.0	0.0	0.0	0.0	1.0	1	1953	205.7	411.7	0.19	0.35	1
494.1	0	0.3	0.0	0.0	0.0	0.0	1.0	1	1953	205.7	411.7	0.19	0.35	1
494.2	0	0.3	0.0	0.0	0.0	0.0	1.0	1	1953	205.7	411.7	0.19	0.35	1
494.3	0	0.3	0.0	0.0	0.0	0.0	1.0	1	1953	205.7	411.7	0.19	0.35	1
494.41	0	0.4	0.0	0.0	0.0	0.0	1.0	1	1953	205.7	411.7	0.19	0.35	1
494.51	0	0.4	0.0	0.0	0.0	0.0	1.0	1	1953	205.7	411.7	0.19	0.35	1
494.61	0	0.4	0.0	0.0	0.0	0.0	1.0	1	1953	205.7	411.7	0.19	0.35	1
494.71	0	0.4	0.0	0.0	0.0	0.0	1.0	1	1953	205.7	411.7	0.19	0.35	1
494.81	0	0.4	0.0	0.0	0.0	0.0	1.0	1	1953	205.7	411.7	0.19	0.36	1
494.91	0	0.4	0.0	0.0	0.0	0.0	1.0	1	1953	205.7	411.7	0.19	0.36	1
495.01	0	0.4	0.0	0.0	0.0	0.0	1.0	1	1953	205.7	411.7	0.19	0.36	1
495.11	0	0.4	0.0	0.0	0.0	0.0	1.0	1	1953	205.7	411.7	0.19	0.36	1
495.21	0	0.4	0.0	0.0	0.0	0.0	1.0	1	1953	205.7	411.7	0.19	0.36	1
495.31	0	0.4	0.0	0.0	0.0	0.0	1.0	1	1953	205.7	411.7	0.19	0.36	1
495.41	0	0.4	0.0	0.0	0.0	0.0	1.0	1	1953	205.7	411.7	0.19	0.36	1
495.51	0	0.4	0.0	0.0	0.0	0.0	1.0	1	1953	205.7	411.7	0.19	0.36	1
495.61	0	0.4	0.0	0.0	0.0	0.0	1.0	1	1953	205.7	411.7	0.19	0.36	1
495.75	0	0.4	0.0	0.0	0.0	0.0	1.0	1	1953	205.7	411.7	0.19	0.37	1
495.85	0	0.4	0.0	0.0	0.0	0.0	1.0	1	1953	205.7	411.7	0.19	0.37	1
495.95	0	0.4	0.0	0.0	0.0	0.0	1.0	1	1953	205.7	411.7	0.19	0.37	1
496.05	0	0.4	0.0	0.0	0.0	0.0	1.0	1	1953	205.7	411.7	0.19	0.37	1
496.15	0	0.4	0.0	0.0	0.0	0.0	1.0	1	1953	205.7	411.7	0.19	0.37	1
496.25	0	0.4	0.0	0.0	0.0	0.0	1.0	1	1953	205.7	411.7	0.19	0.37	1
496.35	0	0.4	0.0	0.0	0.0	0.0	1.0	1	1953	205.7	411.7	0.19	0.37	1
496.45	0	0.4	0.0	0.0	0.0	0.0	1.0	1	1953	205.7	411.7	0.19	0.37	1
496.55	0	0.4	0.0	0.0	0.0	0.0	1.0	1	1953	205.7	411.7	0.19	0.38	1
496.65	0	0.4	0.0	0.0	0.0	0.0	1.0	1	1953	205.7	411.7	0.19	0.38	1
496.75	0	0.4	0.0	0.0	0.0	0.0	1.0	1	1953	205.7	411.7	0.19	0.38	1
496.85	0	0.4	0.0	0.0	0.0	0.0	1.0	1	1953	205.7	411.7	0.19	0.38	1
496.95	0	0.4	0.0	0.0	0.0	0.0	1.0	1	1953	205.7	411.7	0.19	0.38	1
497.05	0	0.4	0.0	0.0	0.0	0.0	1.0	1	1953	205.7	411.7	0.19	0.38	1
497.15	0	0.4	0.0	0.0	0.0	0.0	1.0	1	1953	205.7	411.7	0.19	0.38	1
497.25	0	0.4	0.0	0.0	0.0	0.0	1.0	1	1953	205.7	411.7	0.19	0.38	1
497.35	0	0.4	0.0	0.0	0.0	0.0	1.0	1	1953	205.7	411.7	0.19	0.38	1
497.45	0	0.4	0.0	0.0	0.0	0.0	1.0	1	1953	205.7	411.7	0.19	0.39	1
497.55	0	0.4	0.0	0.0	0.0	0.0	1.0	1	1953	205.7	411.7	0.19	0.39	1
497.65	0	0.4	0.0	0.0	0.0	0.0	1.0	1	1953	205.7	411.7	0.19	0.39	1
497.75	0	0.4	0.0	0.0	0.0	0.0	1.0	1	1953	205.7	411.7	0.19	0.39	1
497.85	0	0.4	0.0	0.0	0.0	0.0	1.0	1	1953	205.7	411.7	0.19	0.39	1
497.95	0	0.4	0.0	0.0	0.0	0.0	1.0	1	1953	205.7	411.7	0.19	0.39	1
498.05	0	0.4	0.0	0.0	0.0	0.0	1.0	1	1953	205.7	411.7	0.19	0.39	1
498.15	0	0.4	0.0	0.0	0.0	0.0	1.0	1	1953	205.7	411.7	0.19	0.39	1
498.25	0	0.4	0.0	0.0	0.0	0.0	1.0	1	1953	205.7	411.7	0.19	0.4	1
498.35	0	0.4	0.0	0.0	0.0	0.0	1.0	1	1953	205.7	411.7	0.19	0.4	1
498.45	0	0.4	0.0	0.0	0.0	0.0	1.0	1	1953	205.7	411.7	0.19	0.4	1
498.55	0	0.4	0.0	0.0	0.0	0.0	1.0	1	1953	205.7	411.7	0.19	0.4	1
498.65	0	0.4	0.0	0.0	0.0	0.0	1.0	1	1953	205.7	411.7	0.19	0.4	1
498.75	0	0.4	0.0	0.0	0.0	0.0	1.0	1	1953	205.7	411.7	0.19	0.4	1
498.85	0	0.4	0.0	0.0	0.0	0.0	1.0	1	1953	205.7	411.7	0.19	0.4	1
498.95	0	0.4	0.0	0.0	0.0	0.0	1.0	1	1953	205.7	411.7	0.19	0.4	1
499.05	0	0.4	0.0	0.0	0.0	0.0	1.0	1	1953	205.7	411.7	0.19	0.4	1
499.15	0	0.4	0.0	0.0	0.0	0.0	1.0	1	1953	205.7	411.7	0.19	0.41	1
499.25	0	0.4	0.0	0.0	0.0	0.0	1.0	1	1953	205.7	411.7	0.19	0.41	1
499.35	0	0.4	0.0	0.0	0.0	0.0	1.0	1	1953	205.7	411.7	0.19	0.41	1
499.45	0	0.4	0.0	0.0	0.0	0.0	1.0	1	1953	205.7	411.7	0.19	0.41	1
499.55	0	0.4	0.0	0.0	0.0	0.0	1.0	1	1953	205.7	411.7	0.19	0.41	1
499.65	0	0.4	0.0	0.0	0.0	0.0	1.0	1	1953	205.7	411.7	0.19	0.41	1
499.75	0	0.4	0.0	0.0	0.0	0.0	1.0	1	1953	205.7	411.7	0.19	0.41	1
499.85	0	0.4	0.0	0.0	0.0	0.0	1.0	1	1953	205.7	411.7	0.19	0.41	1
499.95	0	0.4	0.0	0.0	0.0	0.0	1.0	1	1953	205.7	411.7	0.19	0.42	1
500.05	0	0.4	0.0	0.0	0.0	0.0	1.0	1	1953	205.7	411.7	0.19	0.42	1
500.15	0	0.4	0.0	0.0	0.0	0.0	1.0	1	1953	205.7	411.7	0.19	0.42	1
500.25	0	0.4	0.0	0.0	0.0	0.0	1.0	1	1953	205.7	411.7	0.19	0.42	1
500.35	0	0.4	0.0	0.0	0.0	0.0	1.0	1	1953	205.7	411.7	0.19	0.42	1
500.45	0	0.4	0.0	0.0	0.0	0.0	1.0	1	1953	205.7	411.7	0.2	0.42	1
500.55	0	0.4	0.0	0.0	0.0	0.0	1.0	1	1953	205.7	411.7	0.2	0.42	1
500.65	0	0.4	0.0	0.0	0.0	0.0	1.0	1	1953	205.7	411.7	0.2	0.42	1
500.75	0	0.4	0.0	0.0	0.0	0.0	1.0	1	1953	205.7	411.7	0.2	0.42	1
500.85	0	0.4	0.0	0.0	0.0	0.0	1.0	1	1953	205.7	411.7	0.2	0.43	1
500.95	0	0.4	0.0	0.0	0.0	0.0	1.0	1	1953	205.7	411.7	0.2	0.43	1
501.05	0	0.4	0.0	0.0	0.0	0.0	1.0	1	1953	205.7	411.7	0.2	0.43	1
501.15	0	0.4	0.0	0.0	0.0	0.0	1.0	1	1953	205.7	411.7	0.2	0.43	1
501.25	0	0.4	0.0	0.0	0.0	0.0	1.0	1	1953	205.7	411.7	0.2	0.43	1
501.35	0	0.4	0.0	0.0	0.0	0.0	1.0	1	1953	205.7	411.7	0.2	0.43	1
501.45	0	0.4	0.0	0.0	0.0	0.0	1.0	1	1953	205.7	411.7	0.2	0.43	1
501.55	0	0.4	0.0	0.0	0.0	0.0	1.0	1	1953	205.7	411.7	0.2	0.43	1
501.65	0	0.4	0.0	0.0	0.0	0.0	1.0	1	1953	205.7	411.7	0.2	0.44	1
501.75	0	0.4	0.0	0.0	0.0	0.0	1.0	1	1953	205.7	411.7	0.2	0.44	1
501.85	0	0.4	0.0	0.0	0.0	0.0	1.0	1	1953	205.7	411.7	0.2	0.44	1
501.95	0	0.4	0.0	0.0	0.0	0.0	1.0	1	1953	205.7	411.7	0.2	0.44	1
502.05	0	0.4	0.0	0.0	0.0	0.0	1.0	1	1953	205.7	411.7	0.2	0.44	1
502.15	0	0.4	0.0	0.0	0.0	0.0	1.0	1	1953	205.7	411.7	0.2	0.44	1
502.25	0	0.4	0.0	0.0	0.0	0.0	1.0	1	1953	205.7	411.7	0.2	0.44	1
502.35	0	0.4	0.0	0.0	0.0	0.0	1.0	1	1953	205.7	411.7	0.2	0.44	1
502.46	0	0.4	0.0	0.0	0.0	0.0	1.0	1	1953	205.7	411.7	0.2	0.44	1
502.56	0	0.4	0.0	0.0	0.0	0.0	1.0	1	1953	205.7	411.7	0.2	0.45	1
502.66	0	0.4	0.0	0.0	0.0	0.0	1.0	1	1953	205.7	411.7	0.2	0.45	1
502.76	0	0.4	0.0	0.0	0.0	0.0	1.0	1	1953	205.7	411.7	0.2	0.45	1
502.86	0	0.4	0.0	0.0	0.0	0.0	1.0	1	1953	205.7	411.7	0.2	0.45	1
502.96	0	0.5	0.0	0.0	0.0	0.0	1.0	1	1953	205.7	411.7	0.2	0.45	1
503.06	0	0.5	0.0	0.0	0.0	0.0	1.0	1	1953	205.7	411.7	0.2	0.45	1
503.16	0	0.5	0.0	0.0	0.0	0.0	1.0	1	1953	205.7	411.7	0.2	0.45	1
503.26	0	0.5	0.0	0.0	0.0	0.0	1.0	1	1953	205.7	411.7	0.2	0.45	1
503.36	0	0.5	0.0	0.0	0.0	0.0	1.0	1	1953	205.7	411.7	0.2	0.46	1
503.46	0	0.5	0.0	0.0	0.0	0.0	1.0	1	1953	205.7	411.7	0.2	0.46	1
503.56	0	0.5	0.0	0.0	0.0	0.0	1.0	1	1953	205.7	411.7	0.2	0.46	1
503.66	0	0.5	0.0	0.0	0.0	0.0	1.0	1	1953	205.7	411.7	0.2	0.46	1
503.76	0	0.5	0.0	0.0	0.0	0.0	1.0	1	1953	205.7	411.7	0.2	0.46	1
503.86	0	0.5	0.0	0.0	0.0	0.0	1.0	1	1953	205.7	411.7	0.2	0.46	1
503.96	0	0.5	0.0	0.0	0.0	0.0	1.0	1	1953	205.7	411.7	0.2	0.46	1
504.06	0	0.5	0.0	0.0	0.0	0.0	1.0	1	1953	205.7	411.7	0.2	0.46	1
504.16	0	0.5	0.0	0.0	0.0	0.0	1.0	1	1953	205.7	411.7	0.2	0.47	1
504.26	0	0.5	0.0	0.0	0.0	0.0	1.0	1	1953	205.7	411.7	0.2	0.47	1
504.36	0	0.5	0.0	0.0	0.0	0.0	1.0	1	1953	205.7	411.7	0.2	0.47	1
504.46	0	0.5	0.0	0.0	0.0	0.0	1.0	1	1953	205.7	411.7	0.2	0.47	1
504.56	0	0.5	0.0	0.0	0.0	0.0	1.0	1	1953	205.7	411.7	0.2	0.47	1
504.66	0	0.5	0.0	0.0	0.0	0.0	1.0	1	1953	205.7	411.7	0.2	0.47	1
504.76	0	0.5	0.0	0.0	0.0	0.0	1.0	1	1953	205.7	411.7	0.2	0.47	1
504.86	0	0.5	0.0	0.0	0.0	0.0	1.0	1	1953	205.7	411.7	0.2	0.47	1
504.96	0	0.5	0.0	0.0	0.0	0.0	1.0	1	1953	205.7	411.7	0.2	0.47	1
505.06	0	0.5	0.0	0.0	0.0	0.0	1.0	1	1953	205.7	411.7	0.2	0.48	1
505.16	0	0.5	0.0	0.0	0.0	0.0	1.0	1	1953	205.7	411.7	0.2	0.48	1
505.26	0	0.5	0.0	0.0	0.0	0.0	1.0	1	1953	205.7	411.7	0.2	0.48	1
505.36	0	0.5	0.0	0.0	0.0	0.0	1.0	1	1953	205.7	411.7	0.2	0.48	1
505.46	0	0.5	0.0	0.0	0.0	0.0	1.0	1	1953	205.7	411.7	0.2	0.48	1
505.56	0	0.5	0.0	0.0	0.0	0.0	1.0	1	1953	205.7	411.7	0.2	0.48	1
505.66	0	0.5	0.0	0.0	0.0	0.0	1.0	1	1953	205.7	411.7	0.2	0.48	1
505.8	0	0.5	0.0	0.0	0.0	0.0	1.0	1	1953	205.7	411.7	0.2	0.48	1
505.9	0	0.5	0.0	0.0	0.0	0.0	1.0	1	1953	205.7	411.7	0.2	0.49	1
506.0	0	0.5	0.0	0.0	0.0	0.0	1.0	1	1953	205.7	411.7	0.2	0.49	1
506.1	0	0.5	0.0	0.0	0.0	0.0	1.0	1	1953	205.7	411.7	0.2	0.49	1
506.2	0	0.5	0.0	0.0	0.0	0.0	1.0	1	1953	205.7	411.7	0.2	0.49	1
506.3	0	0.5	0.0	0.0	0.0	0.0	1.0	1	1953	205.7	411.7	0.2	0.49	1
506.4	0	0.5	0.0	0.0	0.0	0.0	1.0	1	1953	205.7	411.7	0.2	0.49	1
506.5	0	0.5	0.0	0.0	0.0	0.0	1.0	1	1953	205.7	411.7	0.2	0.49	1
506.6	0	0.5	0.0	0.0	0.0	0.0	1.0	1	1953	205.7	411.7	0.2	0.49	1
506.7	0	0.5	0.0	0.0	0.0	0.0	1.0	1	1953	205.7	411.7	0.2	0.5	1
506.8	0	0.5	0.0	0.0	0.0	0.0	1.0	1	1953	205.7	411.7	0.2	0.5	1
506.9	0	0.5	0.0	0.0	0.0	0.0	1.0	1	1953	205.7	411.7	0.2	0.5	1
507.0	0	0.5	0.0	0.0	0.0	0.0	1.0	1	1953	205.7	411.7	0.2	0.5	1
507.1	0	0.5	0.0	0.0	0.0	0.0	1.0	1	1953	205.7	411.7	0.2	0.5	1
507.2	0	0.5	0.0	0.0	0.0	0.0	1.0	1	1953	205.7	411.7	0.2	0.5	1
507.3	0	0.5	0.0	0.0	0.0	0.0	1.0	1	1953	205.7	411.7	0.2	0.5	1
507.4	0	0.5	0.0	0.0	0.0	0.0	1.0	1	1953	205.7	411.7	0.2	0.5	1
507.49	0	0.5	0.0	0.0	0.0	0.0	1.0	1	1953	205.7	411.7	0.2	0.51	1
507.59	0	0.5	0.0	0.0	0.0	0.0	1.0	1	1953	205.7	411.7	0.2	0.51	1
507.69	0	0.5	0.0	0.0	0.0	0.0	1.0	1	1953	205.7	411.7	0.2	0.51	1
507.79	0	0.5	0.0	0.0	0.0	0.0	1.0	1	1953	205.7	411.7	0.2	0.51	1
507.89	0	0.5	0.0	0.0	0.0	0.0	1.0	1	1953	205.7	411.7	0.2	0.51	1
507.99	0	0.5	0.0	0.0	0.0	0.0	1.0	1	1953	205.7	411.7	0.2	0.51	1
508.09	0	0.5	0.0	0.0	0.0	0.0	1.0	1	1953	205.7	411.7	0.2	0.51	1
508.19	0	0.5	0.0	0.0	0.0	0.0	1.0	1	1953	205.7	411.7	0.2	0.51	1
508.29	0	0.5	0.0	0.0	0.0	0.0	1.0	1	1953	205.7	411.7	0.2	0.51	1
508.39	0	0.5	0.0	0.0	0.0	0.0	1.0	1	1953	205.7	411.7	0.2	0.52	1
508.5	0	0.5	0.0	0.0	0.0	0.0	1.0	1	1953	205.7	411.7	0.2	0.52	1
508.6	0	0.5	0.0	0.0	0.0	0.0	1.0	1	1953	205.7	411.7	0.2	0.52	1
508.7	0	0.5	0.0	0.0	0.0	0.0	1.0	1	1953	205.7	411.7	0.2	0.52	1
508.8	0	0.5	0.0	0.0	0.0	0.0	1.0	1	1953	205.7	411.7	0.2	0.52	1
508.9	0	0.5	0.0	0.0	0.0	0.0	1.0	1	1953	205.7	411.7	0.2	0.52	1
509.0	0	0.5	0.0	0.0	0.0	0.0	1.0	1	1953	205.7	411.7	0.2	0.52	1
509.1	0	0.5	0.0	0.0	0.0	0.0	1.0	1	1953	205.7	411.7	0.2	0.52	1
509.2	0	0.5	0.0	0.0	0.0	0.0	1.0	1	1953	205.7	411.7	0.2	0.53	1
509.3	0	0.5	0.0	0.0	0.0	0.0	1.0	1	1953	205.7	411.7	0.2	0.53	1
509.4	0	0.5	0.0	0.0	0.0	0.0	1.0	1	1953	205.7	411.7	0.2	0.53	1
509.5	0	0.5	0.0	0.0	0.0	0.0	1.0	1	1953	205.7	411.7	0.2	0.53	1
509.6	0	0.5	0.0	0.0	0.0	0.0	1.0	1	1953	205.7	411.7	0.2	0.53	1
509.7	0	0.5	0.0	0.0	0.0	0.0	1.0	1	1953	205.7	411.7	0.2	0.53	1
509.8	0	0.5	0.0	0.0	0.0	0.0	1.0	1	1953	205.7	411.7	0.2	0.53	1
509.9	0	0.5	0.0	0.0	0.0	0.0	1.0	1	1953	205.7	411.7	0.2	0.53	1
510.0	0	0.5	0.0	0.0	0.0	0.0	1.0	1	1953	205.7	411.7	0.2	0.54	1
510.1	0	0.5	0.0	0.0	0.0	0.0	1.0	1	1953	205.7	411.7	0.2	0.54	1
510.2	0	0.5	0.0	0.0	0.0	0.0	1.0	1	1953	205.7	411.7	0.2	0.54	1
510.3	0	0.5	0.0	0.0	0.0	0.0	1.0	1	1953	205.7	411.7	0.2	0.54	1
510.4	0	0.5	0.0	0.0	0.0	0.0	1.0	1	1953	205.7	411.7	0.2	0.54	1
510.51	0	0.5	0.0	0.0	0.0	0.0	1.0	1	1953	205.7	411.7	0.2	0.54	1
510.61	0	0.5	0.0	0.0	0.0	0.0	1.0	1	1953	205.7	411.7	0.2	0.54	1
510.71	0	0.5	0.0	0.0	0.0	0.0	1.0	1	1953	205.7	411.7	0.2	0.54	1
510.81	0	0.5	0.0	0.0	0.0	0.0	1.0	1	1953	205.7	411.7	0.2	0.55	1
510.91	0	0.5	0.0	0.0	0.0	0.0	1.0	1	1953	205.7	411.7	0.2	0.55	1
511.01	0	0.5	0.0	0.0	0.0	0.0	1.0	1	1953	205.7	411.7	0.2	0.55	1
511.11	0	0.5	0.0	0.0	0.0	0.0	1.0	1	1953	205.7	411.7	0.2	0.55	1
511.21	0	0.6	0.0	0.0	0.0	0.0	1.0	1	1953	205.7	411.7	0.2	0.55	1
511.31	0	0.6	0.0	0.0	0.0	0.0	1.0	1	1953	205.7	411.7	0.2	0.55	1
511.41	0	0.6	0.0	0.0	0.0	0.0	1.0	1	1953	205.7	411.7	0.2	0.55	1
511.51	0	0.6	0.0	0.0	0.0	0.0	1.0	1	1953	205.7	411.7	0.2	0.55	1
511.61	0	0.6	0.0	0.0	0.0	0.0	1.0	1	1953	205.7	411.7	0.2	0.56	1
511.71	0	0.6	0.0	0.0	0.0	0.0	1.0	1	1953	205.7	411.7	0.2	0.56	1
511.81	0	0.6	0.0	0.0	0.0	0.0	1.0	1	1953	205.7	411.7	0.2	0.56	1
511.91	0	0.6	0.0	0.0	0.0	0.0	1.0	1	1953	205.7	411.7	0.2	0.56	1
512.01	0	0.6	0.0	0.0	0.0	0.0	1.0	1	1953	205.7	411.7	0.2	0.56	1
512.11	0	0.6	0.0	0.0	0.0	0.0	1.0	1	1953	205.7	411.7	0.2	0.56	1
512.21	0	0.6	0.0	0.0	0.0	0.0	1.0	1	1953	205.7	411.7	0.2	0.56	1
512.31	0	0.6	0.0	0.0	0.0	0.0	1.0	1	1953	205.7	411.7	0.2	0.56	1
512.41	0	0.6	0.0	0.0	0.0	0.0	1.0	1	1953	205.7	411.7	0.2	0.56	1
512.51	0	0.6	0.0	0.0	0.0	0.0	1.0	1	1953	205.7	411.7	0.2	0.57	1
512.61	0	0.6	0.0	0.0	0.0	0.0	1.0	1	1953	205.7	411.7	0.2	0.57	1
512.71	0	0.6	0.0	0.0	0.0	0.0	1.0	1	1953	205.7	411.7	0.2	0.57	1
512.81	0	0.6	0.0	0.0	0.0	0.0	1.0	1	1953	205.7	411.7	0.2	0.57	1
512.91	0	0.6	0.0	0.0	0.0	0.0	1.0	1	1953	205.7	411.7	0.2	0.57	1
513.01	0	0.6	0.0	0.0	0.0	0.0	1.0	1	1953	205.7	411.7	0.2	0.57	1
513.11	0	0.6	0.0	0.0	0.0	0.0	1.0	1	1953	205.7	411.7	0.2	0.57	1
513.21	0	0.6	0.0	0.0	0.0	0.0	1.0	1	1953	205.7	411.7	0.2	0.57	1
513.31	0	0.6	0.0	0.0	0.0	0.0	1.0	1	1953	205.7	411.7	0.2	0.58	1
513.41	0	0.6	0.0	0.0	0.0	0.0	1.0	1	1953	205.7	411.7	0.2	0.58	1
513.51	0	0.6	0.0	0.0	0.0	0.0	1.0	1	1953	205.7	411.7	0.2	0.58	1
513.61	0	0.6	0.0	0.0	0.0	0.0	1.0	1	1953	205.7	411.7	0.2	0.58	1
513.71	0	0.6	0.0	0.0	0.0	0.0	1.0	1	1953	205.7	411.7	0.2	0.58	1
513.81	0	0.6	0.0	0.0	0.0	0.0	1.0	1	1953	205.7	411.7	0.2	0.58	1
513.91	0	0.6	0.0	0.0	0.0	0.0	1.0	1	1953	205.7	411.7	0.2	0.58	1
514.01	0	0.6	0.0	0.0	0.0	0.0	1.0	1	1953	205.7	411.7	0.2	0.58	1
514.11	0	0.6	0.0	0.0	0.0	0.0	1.0	1	1953	205.7	411.7	0.2	0.59	1
514.21	0	0.6	0.0	0.0	0.0	0.0	1.0	1	1953	205.7	411.7	0.2	0.59	1
514.31	0	0.6	0.0	0.0	0.0	0.0	1.0	1	1953	205.7	411.7	0.2	0.59	1
514.41	0	0.6	0.0	0.0	0.0	0.0	1.0	1	1953	205.7	411.7	0.2	0.59	1
514.51	0	0.6	0.0	0.0	0.0	0.0	1.0	1	1953	205.7	411.7	0.2	0.59	1
514.61	0	0.6	0.0	0.0	0.0	0.0	1.0	1	1953	205.7	411.7	0.2	0.59	1
514.71	0	0.6	0.0	0.0	0.0	0.0	1.0	1	1953	205.7	411.7	0.2	0.59	1
514.81	0	0.6	0.0	0.0	0.0	0.0	1.0	1	1953	205.7	411.7	0.2	0.59	1
514.91	0	0.6	0.0	0.0	0.0	0.0	1.0	1	1953	205.7	411.7	0.2	0.6	1
515.01	0	0.6	0.0	0.0	0.0	0.0	1.0	1	1953	205.7	411.7	0.2	0.6	1
515.11	0	0.6	0.0	0.0	0.0	0.0	1.0	1	1953	205.7	411.7	0.2	0.6	1
515.21	0	0.6	0.0	0.0	0.0	0.0	1.0	1	1953	205.7	411.7	0.2	0.6	1
515.31	0	0.6	0.0	0.0	0.0	0.0	1.0	1	1953	205.7	411.7	0.2	0.6	1
515.41	0	0.6	0.0	0.0	0.0	0.0	1.0	1	1953	205.7	411.7	0.2	0.6	1
515.51	0	0.6	0.0	0.0	0.0	0.0	1.0	1	1953	205.7	411.7	0.2	0.6	1
515.61	0	0.6	0.0	0.0	0.0	0.0	1.0	1	1953	205.7	411.7	0.2	0.6	1
515.73	0	0.6	0.0	0.0	0.0	0.0	1.0	1	1953	205.7	411.7	0.2	0.61	1
515.85	0	0.6	0.0	0.0	0.0	0.0	1.0	1	1953	205.7	411.7	0.2	0.61	1
515.95	0	0.6	0.0	0.0	0.0	0.0	1.0	1	1953	205.7	411.7	0.2	0.61	1
516.05	0	0.6	0.0	0.0	0.0	0.0	1.0	1	1953	205.7	411.7	0.2	0.61	1
516.15	0	0.6	0.0	0.0	0.0	0.0	1.0	1	1953	205.7	411.7	0.2	0.61	1
516.25	0	0.6	0.0	0.0	0.0	0.0	1.0	1	1953	205.7	411.7	0.2	0.61	1
516.35	0	0.6	0.0	0.0	0.0	0.0	1.0	1	1953	205.7	411.7	0.2	0.61	1
516.45	0	0.6	0.0	0.0	0.0	0.0	1.0	1	1953	205.7	411.7	0.2	0.61	1
516.55	0	0.6	0.0	0.0	0.0	0.0	1.0	1	1953	205.7	411.7	0.2	0.62	1
516.65	0	0.6	0.0	0.0	0.0	0.0	1.0	1	1953	205.7	411.7	0.2	0.62	1
516.75	0	0.6	0.0	0.0	0.0	0.0	1.0	1	1953	205.7	411.7	0.2	0.62	1
516.85	0	0.6	0.0	0.0	0.0	0.0	1.0	1	1953	205.7	411.7	0.2	0.62	1
516.95	0	0.6	0.0	0.0	0.0	0.0	1.0	1	1953	205.7	411.7	0.2	0.62	1
517.04	0	0.6	0.0	0.0	0.0	0.0	1.0	1	1953	205.7	411.7	0.2	0.62	1
517.15	0	0.6	0.0	0.0	0.0	0.0	1.0	1	1953	205.7	411.7	0.2	0.62	1
517.25	0	0.6	0.0	0.0	0.0	0.0	1.0	1	1953	205.7	411.7	0.2	0.62	1
517.35	0	0.6	0.0	0.0	0.0	0.0	1.0	1	1953	205.7	411.7	0.2	0.63	1
517.45	0	0.6	0.0	0.0	0.0	0.0	1.0	1	1953	205.7	411.7	0.2	0.63	1
517.55	0	0.6	0.0	0.0	0.0	0.0	1.0	1	1953	205.7	411.7	0.2	0.63	1
517.65	0	0.6	0.0	0.0	0.0	0.0	1.0	1	1953	205.7	411.7	0.2	0.63	1
517.75	0	0.6	0.0	0.0	0.0	0.0	1.0	1	1953	205.7	411.7	0.2	0.63	1
517.85	0	0.6	0.0	0.0	0.0	0.0	1.0	1	1953	205.7	411.7	0.2	0.63	1
517.95	0	0.6	0.0	0.0	0.0	0.0	1.0	1	1953	205.7	411.7	0.2	0.63	1
518.05	0	0.6	0.0	0.0	0.0	0.0	1.0	1	1953	205.7	411.7	0.2	0.63	1
518.15	0	0.6	0.0	0.0	0.0	0.0	1.0	1	1953	205.7	411.7	0.2	0.64	1
518.25	0	0.6	0.0	0.0	0.0	0.0	1.0	1	1953	205.7	411.7	0.2	0.64	1
518.35	0	0.6	0.0	0.0	0.0	0.0	1.0	1	1953	205.7	411.7	0.2	0.64	1
518.45	0	0.6	0.0	0.0	0.0	0.0	1.0	1	1953	205.7	411.7	0.2	0.64	1
518.56	0	0.6	0.0	0.0	0.0	0.0	1.0	1	1953	205.7	411.7	0.2	0.64	1
518.66	0	0.6	0.0	0.0	0.0	0.0	1.0	1	1953	205.7	411.7	0.2	0.64	1
518.76	0	0.6	0.0	0.0	0.0	0.0	1.0	1	1953	205.7	411.7	0.2	0.64	1
518.86	0	0.6	0.0	0.0	0.0	0.0	1.0	1	1953	205.7	411.7	0.2	0.65	1
518.96	0	0.6	0.0	0.0	0.0	0.0	1.0	1	1953	205.7	411.7	0.2	0.65	1
519.06	0	0.6	0.0	0.0	0.0	0.0	1.0	1	1953	205.7	411.7	0.2	0.65	1
519.16	0	0.6	0.0	0.0	0.0	0.0	1.0	1	1953	205.7	411.7	0.2	0.65	1
519.26	0	0.7	0.0	0.0	0.0	0.0	1.0	1	1953	205.7	411.7	0.2	0.65	1
519.36	0	0.7	0.0	0.0	0.0	0.0	1.0	1	1953	205.7	411.7	0.2	0.65	1
519.46	0	0.7	0.0	0.0	0.0	0.0	1.0	1	1953	205.7	411.7	0.2	0.65	1
519.56	0	0.7	0.0	0.0	0.0	0.0	1.0	1	1953	205.7	411.7	0.2	0.65	1
519.66	0	0.7	0.0	0.0	0.0	0.0	1.0	1	1953	205.7	411.7	0.2	0.66	1
519.76	0	0.7	0.0	0.0	0.0	0.0	1.0	1	1953	205.7	411.7	0.2	0.66	1
519.86	0	0.7	0.0	0.0	0.0	0.0	1.0	1	1953	205.7	411.7	0.2	0.66	1
519.96	0	0.7	0.0	0.0	0.0	0.0	1.0	1	1953	205.7	411.7	0.2	0.66	1
520.06	0	0.7	0.0	0.0	0.0	0.0	1.0	1	1953	205.7	411.7	0.2	0.66	1
520.16	0	0.7	0.0	0.0	0.0	0.0	1.0	1	1953	205.7	411.7	0.2	0.66	1
520.26	0	0.7	0.0	0.0	0.0	0.0	1.0	1	1953	205.7	411.7	0.2	0.66	1
520.36	0	0.7	0.0	0.0	0.0	0.0	1.0	1	1953	205.7	411.7	0.2	0.66	1
520.46	0	0.7	0.0	0.0	0.0	0.0	1.0	1	1953	205.7	411.7	0.2	0.67	1
520.56	0	0.7	0.0	0.0	0.0	0.0	1.0	1	1953	205.7	411.7	0.2	0.67	1
520.66	0	0.7	0.0	0.0	0.0	0.0	1.0	1	1953	205.7	411.7	0.2	0.67	1
520.76	0	0.7	0.0	0.0	0.0	0.0	1.0	1	1953	205.7	411.7	0.2	0.67	1
520.86	0	0.7	0.0	0.0	0.0	0.0	1.0	1	1953	205.7	411.7	0.2	0.67	1
520.96	0	0.7	0.0	0.0	0.0	0.0	1.0	1	1953	205.7	411.7	0.2	0.67	1
521.06	0	0.7	0.0	0.0	0.0	0.0	1.0	1	1953	205.7	411.7	0.2	0.67	1
521.16	0	0.7	0.0	0.0	0.0	0.0	1.0	1	1953	205.7	411.7	0.2	0.67	1
521.26	0	0.7	0.0	0.0	0.0	0.0	1.0	1	1953	205.7	411.7	0.2	0.68	1
521.36	0	0.7	0.0	0.0	0.0	0.0	1.0	1	1953	205.7	411.7	0.2	0.68	1
521.46	0	0.7	0.0	0.0	0.0	0.0	1.0	1	1953	205.7	411.7	0.2	0.68	1
521.56	0	0.7	0.0	0.0	0.0	0.0	1.0	1	1953	205.7	411.7	0.2	0.68	1
521.66	0	0.7	0.0	0.0	0.0	0.0	1.0	1	1953	205.7	411.7	0.2	0.68	1
521.76	0	0.7	0.0	0.0	0.0	0.0	1.0	1	1953	205.7	411.7	0.2	0.68	1
521.86	0	0.7	0.0	0.0	0.0	0.0	1.0	1	1953	205.7	411.7	0.2	0.68	1
521.96	0	0.7	0.0	0.0	0.0	0.0	1.0	1	1953	205.7	411.7	0.2	0.68	1
522.06	0	0.7	0.0	0.0	0.0	0.0	1.0	1	1953	205.7	411.7	0.2	0.69	1
522.16	0	0.7	0.0	0.0	0.0	0.0	1.0	1	1953	205.7	411.7	0.2	0.69	1
522.26	0	0.7	0.0	0.0	0.0	0.0	1.0	1	1953	205.7	411.7	0.2	0.69	1
522.36	0	0.7	0.0	0.0	0.0	0.0	1.0	1	1953	205.7	411.7	0.2	0.69	1
522.46	0	0.7	0.0	0.0	0.0	0.0	1.0	1	1953	205.7	411.7	0.2	0.69	1
522.56	0	0.7	0.0	0.0	0.0	0.0	1.0	1	1953	205.7	411.7	0.2	0.69	1
522.66	0	0.7	0.0	0.0	0.0	0.0	1.0	1	1953	205.7	411.7	0.2	0.69	1
522.76	0	0.7	0.0	0.0	0.0	0.0	1.0	1	1953	205.7	411.7	0.2	0.69	1
522.86	0	0.7	0.0	0.0	0.0	0.0	1.0	1	1953	205.7	411.7	0.2	0.7	1
522.96	0	0.7	0.0	0.0	0.0	0.0	1.0	1	1953	205.7	411.7	0.2	0.7	1
523.06	0	0.7	0.0	0.0	0.0	0.0	1.0	1	1953	205.7	411.7	0.2	0.7	1
523.16	0	0.7	0.0	0.0	0.0	0.0	1.0	1	1953	205.7	411.7	0.2	0.7	1
523.26	0	0.7	0.0	0.0	0.0	0.0	1.0	1	1953	205.7	411.7	0.2	0.7	1
523.36	0	0.7	0.0	0.0	0.0	0.0	1.0	1	1953	205.7	411.7	0.2	0.7	1
523.46	0	0.7	0.0	0.0	0.0	0.0	1.0	1	1953	205.7	411.7	0.2	0.7	1
523.56	0	0.7	0.0	0.0	0.0	0.0	1.0	1	1953	205.7	411.7	0.2	0.7	1
523.66	0	0.7	0.0	0.0	0.0	0.0	1.0	1	1953	205.7	411.7	0.2	0.71	1
523.76	0	0.7	0.0	0.0	0.0	0.0	1.0	1	1953	205.7	411.7	0.2	0.71	1
523.86	0	0.7	0.0	0.0	0.0	0.0	1.0	1	1953	205.7	411.7	0.2	0.71	1
523.96	0	0.7	0.0	0.0	0.0	0.0	1.0	1	1953	205.7	411.7	0.2	0.71	1
524.06	0	0.7	0.0	0.0	0.0	0.0	1.0	1	1953	205.7	411.7	0.2	0.71	1
524.16	0	0.7	0.0	0.0	0.0	0.0	1.0	1	1953	205.7	411.7	0.2	0.71	1
524.26	0	0.7	0.0	0.0	0.0	0.0	1.0	1	1953	205.7	411.7	0.2	0.71	1
524.36	0	0.7	0.0	0.0	0.0	0.0	1.0	1	1953	205.7	411.7	0.2	0.71	1
524.46	0	0.7	0.0	0.0	0.0	0.0	1.0	1	1953	205.7	411.7	0.2	0.72	1
524.56	0	0.7	0.0	0.0	0.0	0.0	1.0	1	1953	205.7	411.7	0.2	0.72	1
524.66	0	0.7	0.0	0.0	0.0	0.0	1.0	1	1953	205.7	411.7	0.2	0.72	1
524.76	0	0.7	0.0	0.0	0.0	0.0	1.0	1	1953	205.7	411.7	0.2	0.72	1
524.86	0	0.7	0.0	0.0	0.0	0.0	1.0	1	1953	205.7	411.7	0.2	0.72	1
524.96	0	0.7	0.0	0.0	0.0	0.0	1.0	1	1953	205.7	411.7	0.2	0.72	1
525.06	0	0.7	0.0	0.0	0.0	0.0	1.0	1	1953	205.7	411.7	0.2	0.72	1
525.16	0	0.7	0.0	0.0	0.0	0.0	1.0	1	1953	205.7	411.7	0.2	0.73	1
525.26	0	0.7	0.0	0.0	0.0	0.0	1.0	1	1953	205.7	411.7	0.2	0.73	1
525.36	0	0.7	0.0	0.0	0.0	0.0	1.0	1	1953	205.7	411.7	0.2	0.73	1
525.46	0	0.7	0.0	0.0	0.0	0.0	1.0	1	1953	205.7	411.7	0.2	0.73	1
525.56	0	0.7	0.0	0.0	0.0	0.0	1.0	1	1953	205.7	411.7	0.2	0.73	1
525.66	0	0.7	0.0	0.0	0.0	0.0	1.0	1	1953	205.7	411.7	0.2	0.73	1
525.8	0	0.7	0.0	0.0	0.0	0.0	1.0	1	1953	205.7	411.7	0.2	0.73	1
525.9	0	0.7	0.0	0.0	0.0	0.0	1.0	1	1953	205.7	411.7	0.2	0.73	1
526.0	0	0.7	0.0	0.0	0.0	0.0	1.0	1	1953	205.7	411.7	0.2	0.74	1
526.1	0	0.7	0.0	0.0	0.0	0.0	1.0	1	1953	205.7	411.7	0.2	0.74	1
526.2	0	0.7	0.0	0.0	0.0	0.0	1.0	1	1953	205.7	411.7	0.21	0.74	1
526.3	0	0.7	0.0	0.0	0.0	0.0	1.0	1	1953	205.7	411.7	0.21	0.74	1
526.4	0	0.7	0.0	0.0	0.0	0.0	1.0	1	1953	205.7	411.7	0.21	0.74	1
526.5	0	0.7	0.0	0.0	0.0	0.0	1.0	1	1953	205.7	411.7	0.21	0.74	1
526.61	0	0.7	0.0	0.0	0.0	0.0	1.0	1	1953	205.7	411.7	0.21	0.74	1
526.71	0	0.7	0.0	0.0	0.0	0.0	1.0	1	1953	205.7	411.7	0.21	0.75	1
526.81	0	0.7	0.0	0.0	0.0	0.0	1.0	1	1953	205.7	411.7	0.21	0.75	1
526.91	0	0.7	0.0	0.0	0.0	0.0	1.0	1	1953	205.7	411.7	0.21	0.75	1
527.01	0	0.7	0.0	0.0	0.0	0.0	1.0	1	1953	205.7	411.7	0.21	0.75	1
527.11	0	0.8	0.0	0.0	0.0	0.0	1.0	1	1953	205.7	411.7	0.21	0.75	1
527.21	0	0.8	0.0	0.0	0.0	0.0	1.0	1	1953	205.7	411.7	0.21	0.75	1
527.31	0	0.8	0.0	0.0	0.0	0.0	1.0	1	1953	205.7	411.7	0.21	0.75	1
527.41	0	0.8	0.0	0.0	0.0	0.0	1.0	1	1953	205.7	411.7	0.21	0.75	1
527.51	0	0.8	0.0	0.0	0.0	0.0	1.0	1	1953	205.7	411.7	0.21	0.76	1
527.61	0	0.8	0.0	0.0	0.0	0.0	1.0	1	1953	205.7	411.7	0.21	0.76	1
527.71	0	0.8	0.0	0.0	0.0	0.0	1.0	1	1953	205.7	411.7	0.21	0.76	1
527.81	0	0.8	0.0	0.0	0.0	0.0	1.0	1	1953	205.7	411.7	0.21	0.76	1
527.91	0	0.8	0.0	0.0	0.0	0.0	1.0	1	1953	205.7	411.7	0.21	0.76	1
528.01	0	0.8	0.0	0.0	0.0	0.0	1.0	1	1953	205.7	411.7	0.21	0.76	1
528.11	0	0.8	0.0	0.0	0.0	0.0	1.0	1	1953	205.7	411.7	0.21	0.76	1
528.21	0	0.8	0.0	0.0	0.0	0.0	1.0	1	1953	205.7	411.7	0.21	0.76	1
528.31	0	0.8	0.0	0.0	0.0	0.0	1.0	1	1953	205.7	411.7	0.21	0.77	1
528.41	0	0.8	0.0	0.0	0.0	0.0	1.0	1	1953	205.7	411.7	0.21	0.77	1
528.51	0	0.8	0.0	0.0	0.0	0.0	1.0	1	1953	205.7	411.7	0.21	0.77	1
528.61	0	0.8	0.0	0.0	0.0	0.0	1.0	1	1953	205.7	411.7	0.21	0.77	1
528.71	0	0.8	0.0	0.0	0.0	0.0	1.0	1	1953	205.7	411.7	0.21	0.77	1
528.81	0	0.8	0.0	0.0	0.0	0.0	1.0	1	1953	205.7	411.7	0.21	0.77	1
528.91	0	0.8	0.0	0.0	0.0	0.0	1.0	1	1953	205.7	411.7	0.21	0.77	1
529.01	0	0.8	0.0	0.0	0.0	0.0	1.0	1	1953	205.7	411.7	0.21	0.78	1
529.11	0	0.8	0.0	0.0	0.0	0.0	1.0	1	1953	205.7	411.7	0.21	0.78	1
529.21	0	0.8	0.0	0.0	0.0	0.0	1.0	1	1953	205.7	411.7	0.21	0.78	1
529.31	0	0.8	0.0	0.0	0.0	0.0	1.0	1	1953	205.7	411.7	0.21	0.78	1
529.41	0	0.8	0.0	0.0	0.0	0.0	1.0	1	1953	205.7	411.7	0.21	0.78	1
529.51	0	0.8	0.0	0.0	0.0	0.0	1.0	1	1953	205.7	411.7	0.21	0.78	1
529.61	0	0.8	0.0	0.0	0.0	0.0	1.0	1	1953	205.7	411.7	0.21	0.78	1
529.71	0	0.8	0.0	0.0	0.0	0.0	1.0	1	1953	205.7	411.7	0.21	0.78	1
529.81	0	0.8	0.0	0.0	0.0	0.0	1.0	1	1953	205.7	411.7	0.21	0.79	1
529.91	0	0.8	0.0	0.0	0.0	0.0	1.0	1	1953	205.7	411.7	0.21	0.79	1
530.01	0	0.8	0.0	0.0	0.0	0.0	1.0	1	1953	205.7	411.7	0.21	0.79	1
530.11	0	0.8	0.0	0.0	0.0	0.0	1.0	1	1953	205.7	411.7	0.21	0.79	1
530.21	0	0.8	0.0	0.0	0.0	0.0	1.0	1	1953	205.7	411.7	0.21	0.79	1
530.31	0	0.8	0.0	0.0	0.0	0.0	1.0	1	1953	205.7	411.7	0.21	0.79	1
530.41	0	0.8	0.0	0.0	0.0	0.0	1.0	1	1953	205.7	411.7	0.21	0.79	1
530.51	0	0.8	0.0	0.0	0.0	0.0	1.0	1	1953	205.7	411.7	0.21	0.79	1
530.61	0	0.8	0.0	0.0	0.0	0.0	1.0	1	1953	205.7	411.7	0.21	0.8	1
530.71	0	0.8	0.0	0.0	0.0	0.0	1.0	1	1953	205.7	411.7	0.21	0.8	1
530.81	0	0.8	0.0	0.0	0.0	0.0	1.0	1	1953	205.7	411.7	0.21	0.8	1
530.91	0	0.8	0.0	0.0	0.0	0.0	1.0	1	1953	205.7	411.7	0.21	0.8	1
531.01	0	0.8	0.0	0.0	0.0	0.0	1.0	1	1953	205.7	411.7	0.21	0.8	1
531.11	0	0.8	0.0	0.0	0.0	0.0	1.0	1	1953	205.7	411.7	0.21	0.8	1
531.21	0	0.8	0.0	0.0	0.0	0.0	1.0	1	1953	205.7	411.7	0.21	0.8	1
531.31	0	0.8	0.0	0.0	0.0	0.0	1.0	1	1953	205.7	411.7	0.21	0.81	1
531.41	0	0.8	0.0	0.0	0.0	0.0	1.0	1	1953	205.7	411.7	0.21	0.81	1
531.51	0	0.8	0.0	0.0	0.0	0.0	1.0	1	1953	205.7	411.7	0.21	0.81	1
531.61	0	0.8	0.0	0.0	0.0	0.0	1.0	1	1953	205.7	411.7	0.21	0.81	1
531.71	0	0.8	0.0	0.0	0.0	0.0	1.0	1	1953	205.7	411.7	0.21	0.81	1
531.81	0	0.8	0.0	0.0	0.0	0.0	1.0	1	1953	205.7	411.7	0.21	0.81	1
531.91	0	0.8	0.0	0.0	0.0	0.0	1.0	1	1953	205.7	411.7	0.21	0.81	1
532.01	0	0.8	0.0	0.0	0.0	0.0	1.0	1	1953	205.7	411.7	0.21	0.81	1
532.11	0	0.8	0.0	0.0	0.0	0.0	1.0	1	1953	205.7	411.7	0.21	0.82	1
532.21	0	0.8	0.0	0.0	0.0	0.0	1.0	1	1953	205.7	411.7	0.21	0.82	1
532.31	0	0.8	0.0	0.0	0.0	0.0	1.0	1	1953	205.7	411.7	0.21	0.82	1
532.41	0	0.8	0.0	0.0	0.0	0.0	1.0	1	1953	205.7	411.7	0.21	0.82	1
532.51	0	0.8	0.0	0.0	0.0	0.0	1.0	1	1953	205.7	411.7	0.21	0.82	1
532.61	0	0.8	0.0	0.0	0.0	0.0	1.0	1	1953	205.7	411.7	0.21	0.82	1
532.71	0	0.8	0.0	0.0	0.0	0.0	1.0	1	1953	205.7	411.7	0.21	0.82	1
532.81	0	0.8	0.0	0.0	0.0	0.0	1.0	1	1953	205.7	411.7	0.21	0.82	1
532.91	0	0.8	0.0	0.0	0.0	0.0	1.0	1	1953	205.7	411.7	0.21	0.83	1
533.01	0	0.8	0.0	0.0	0.0	0.0	1.0	1	1953	205.7	411.7	0.21	0.83	1
533.11	0	0.8	0.0	0.0	0.0	0.0	1.0	1	1953	205.7	411.7	0.21	0.83	1
533.21	0	0.8	0.0	0.0	0.0	0.0	1.0	1	1953	205.7	411.7	0.21	0.83	1
533.31	0	0.8	0.0	0.0	0.0	0.0	1.0	1	1953	205.7	411.7	0.21	0.83	1
533.41	0	0.8	0.0	0.0	0.0	0.0	1.0	1	1953	205.7	411.7	0.21	0.83	1
533.51	0	0.8	0.0	0.0	0.0	0.0	1.0	1	1953	205.7	411.7	0.21	0.83	1
533.61	0	0.8	0.0	0.0	0.0	0.0	1.0	1	1953	205.7	411.7	0.21	0.84	1
533.71	0	0.8	0.0	0.0	0.0	0.0	1.0	1	1953	205.7	411.7	0.21	0.84	1
533.81	0	0.8	0.0	0.0	0.0	0.0	1.0	1	1953	205.7	411.7	0.21	0.84	1
533.91	0	0.8	0.0	0.0	0.0	0.0	1.0	1	1953	205.7	411.7	0.21	0.84	1
534.01	0	0.8	0.0	0.0	0.0	0.0	1.0	1	1953	205.7	411.7	0.21	0.84	1
534.11	0	0.8	0.0	0.0	0.0	0.0	1.0	1	1953	205.7	411.7	0.21	0.84	1
534.21	0	0.8	0.0	0.0	0.0	0.0	1.0	1	1953	205.7	411.7	0.21	0.84	1
534.31	0	0.8	0.0	0.0	0.0	0.0	1.0	1	1953	205.7	411.7	0.21	0.84	1
534.41	0	0.8	0.0	0.0	0.0	0.0	1.0	1	1953	205.7	411.7	0.21	0.85	1
534.51	0	0.8	0.0	0.0	0.0	0.0	1.0	1	1953	205.7	411.7	0.21	0.85	1
534.63	0	0.8	0.0	0.0	0.0	0.0	1.0	1	1953	205.7	411.7	0.21	0.85	1
534.73	0	0.9	0.0	0.0	0.0	0.0	1.0	1	1953	205.7	411.7	0.21	0.85	1
534.83	0	0.9	0.0	0.0	0.0	0.0	1.0	1	1953	205.7	411.7	0.21	0.85	1
534.93	0	0.9	0.0	0.0	0.0	0.0	1.0	1	1953	205.7	411.7	0.21	0.85	1
535.03	0	0.9	0.0	0.0	0.0	0.0	1.0	1	1953	205.7	411.7	0.21	0.85	1
535.13	0	0.9	0.0	0.0	0.0	0.0	1.0	1	1953	205.7	411.7	0.21	0.86	1
535.23	0	0.9	0.0	0.0	0.0	0.0	1.0	1	1953	205.7	411.7	0.21	0.86	1
535.33	0	0.9	0.0	0.0	0.0	0.0	1.0	1	1953	205.7	411.7	0.21	0.86	1
535.43	0	0.9	0.0	0.0	0.0	0.0	1.0	1	1953	205.7	411.7	0.21	0.86	1
535.53	0	0.9	0.0	0.0	0.0	0.0	1.0	1	1953	205.7	411.7	0.21	0.86	1
535.63	0	0.9	0.0	0.0	0.0	0.0	1.0	1	1953	205.7	411.7	0.21	0.86	1
535.76	0	0.9	0.0	0.0	0.0	0.0	1.0	1	1953	205.7	411.7	0.21	0.86	1
535.86	0	0.9	0.0	0.0	0.0	0.0	1.0	1	1953	205.7	411.7	0.21	0.87	1
535.96	0	0.9	0.0	0.0	0.0	0.0	1.0	1	1953	205.7	411.7	0.21	0.87	1
536.06	0	0.9	0.0	0.0	0.0	0.0	1.0	1	1953	205.7	411.7	0.21	0.87	1
536.16	0	0.9	0.0	0.0	0.0	0.0	1.0	1	1953	205.7	411.7	0.21	0.87	1
536.26	0	0.9	0.0	0.0	0.0	0.0	1.0	1	1953	205.7	411.7	0.21	0.87	1
536.36	0	0.9	0.0	0.0	0.0	0.0	1.0	1	1953	205.7	411.7	0.21	0.87	1
536.46	0	0.9	0.0	0.0	0.0	0.0	1.0	1	1953	205.7	411.7	0.21	0.87	1
536.56	0	0.9	0.0	0.0	0.0	0.0	1.0	1	1953	205.7	411.7	0.21	0.87	1
536.66	0	0.9	0.0	0.0	0.0	0.0	1.0	1	1953	205.7	411.7	0.21	0.88	1
536.76	0	0.9	0.0	0.0	0.0	0.0	1.0	1	1953	205.7	411.7	0.21	0.88	1
536.86	0	0.9	0.0	0.0	0.0	0.0	1.0	1	1953	205.7	411.7	0.21	0.88	1
536.96	0	0.9	0.0	0.0	0.0	0.0	1.0	1	1953	205.7	411.7	0.21	0.88	1
537.06	0	0.9	0.0	0.0	0.0	0.0	1.0	1	1953	205.7	411.7	0.21	0.88	1
537.16	0	0.9	0.0	0.0	0.0	0.0	1.0	1	1953	205.7	411.7	0.21	0.88	1
537.26	0	0.9	0.0	0.0	0.0	0.0	1.0	1	1953	205.7	411.7	0.21	0.88	1
537.36	0	0.9	0.0	0.0	0.0	0.0	1.0	1	1953	205.7	411.7	0.21	0.89	1
537.46	0	0.9	0.0	0.0	0.0	0.0	1.0	1	1953	205.7	411.7	0.21	0.89	1
537.56	0	0.9	0.0	0.0	0.0	0.0	1.0	1	1953	205.7	411.7	0.21	0.89	1
537.66	0	0.9	0.0	0.0	0.0	0.0	1.0	1	1953	205.7	411.7	0.21	0.89	1
537.76	0	0.9	0.0	0.0	0.0	0.0	1.0	1	1953	205.7	411.7	0.21	0.89	1
537.86	0	0.9	0.0	0.0	0.0	0.0	1.0	1	1953	205.7	411.7	0.21	0.89	1
537.96	0	0.9	0.0	0.0	0.0	0.0	1.0	1	1953	205.7	411.7	0.21	0.89	1
538.06	0	0.9	0.0	0.0	0.0	0.0	1.0	1	1953	205.7	411.7	0.21	0.89	1
538.16	0	0.9	0.0	0.0	0.0	0.0	1.0	1	1953	205.7	411.7	0.21	0.9	1
538.26	0	0.9	0.0	0.0	0.0	0.0	1.0	1	1953	205.7	411.7	0.21	0.9	1
538.36	0	0.9	0.0	0.0	0.0	0.0	1.0	1	1953	205.7	411.7	0.21	0.9	1
538.46	0	0.9	0.0	0.0	0.0	0.0	1.0	1	1953	205.7	411.7	0.21	0.9	1
538.56	0	0.9	0.0	0.0	0.0	0.0	1.0	1	1953	205.7	411.7	0.21	0.9	1
538.66	0	0.9	0.0	0.0	0.0	0.0	1.0	1	1953	205.7	411.7	0.21	0.9	1
538.76	0	0.9	0.0	0.0	0.0	0.0	1.0	1	1953	205.7	411.7	0.21	0.9	1
538.86	0	0.9	0.0	0.0	0.0	0.0	1.0	1	1953	205.7	411.7	0.21	0.91	1
538.96	0	0.9	0.0	0.0	0.0	0.0	1.0	1	1953	205.7	411.7	0.21	0.91	1
539.06	0	0.9	0.0	0.0	0.0	0.0	1.0	1	1953	205.7	411.7	0.21	0.91	1
539.16	0	0.9	0.0	0.0	0.0	0.0	1.0	1	1953	205.7	411.7	0.21	0.91	1
539.26	0	0.9	0.0	0.0	0.0	0.0	1.0	1	1953	205.7	411.7	0.21	0.91	1
539.36	0	0.9	0.0	0.0	0.0	0.0	1.0	1	1953	205.7	411.7	0.21	0.91	1
539.46	0	0.9	0.0	0.0	0.0	0.0	1.0	1	1953	205.7	411.7	0.21	0.91	1
539.56	0	0.9	0.0	0.0	0.0	0.0	1.0	1	1953	205.7	411.7	0.21	0.91	1
539.66	0	0.9	0.0	0.0	0.0	0.0	1.0	1	1953	205.7	411.7	0.21	0.92	1
539.76	0	0.9	0.0	0.0	0.0	0.0	1.0	1	1953	205.7	411.7	0.21	0.92	1
539.86	0	0.9	0.0	0.0	0.0	0.0	1.0	1	1953	205.7	411.7	0.21	0.92	1
539.96	0	0.9	0.0	0.0	0.0	0.0	1.0	1	1953	205.7	411.7	0.21	0.92	1
540.06	0	0.9	0.0	0.0	0.0	0.0	1.0	1	1953	205.7	411.7	0.21	0.92	1
540.16	0	0.9	0.0	0.0	0.0	0.0	1.0	1	1953	205.7	411.7	0.21	0.92	1
540.26	0	0.9	0.0	0.0	0.0	0.0	1.0	1	1953	205.7	411.7	0.21	0.92	1
540.36	0	0.9	0.0	0.0	0.0	0.0	1.0	1	1953	205.7	411.7	0.21	0.93	1
540.46	0	0.9	0.0	0.0	0.0	0.0	1.0	1	1953	205.7	411.7	0.21	0.93	1
540.56	0	0.9	0.0	0.0	0.0	0.0	1.0	1	1953	205.7	411.7	0.21	0.93	1
540.66	0	0.9	0.0	0.0	0.0	0.0	1.0	1	1953	205.7	411.7	0.21	0.93	1
540.76	0	0.9	0.0	0.0	0.0	0.0	1.0	1	1953	205.7	411.7	0.21	0.93	1
540.86	0	0.9	0.0	0.0	0.0	0.0	1.0	1	1953	205.7	411.7	0.21	0.93	1
540.96	0	0.9	0.0	0.0	0.0	0.0	1.0	1	1953	205.7	411.7	0.21	0.93	1
541.06	0	0.9	0.0	0.0	0.0	0.0	1.0	1	1953	205.7	411.7	0.21	0.94	1
541.16	0	0.9	0.0	0.0	0.0	0.0	1.0	1	1953	205.7	411.7	0.21	0.94	1
541.26	0	0.9	0.0	0.0	0.0	0.0	1.0	1	1953	205.7	411.7	0.21	0.94	1
541.36	0	0.9	0.0	0.0	0.0	0.0	1.0	1	1953	205.7	411.7	0.21	0.94	1
541.46	0	0.9	0.0	0.0	0.0	0.0	1.0	1	1953	205.7	411.7	0.21	0.94	1
541.56	0	0.9	0.0	0.0	0.0	0.0	1.0	1	1953	205.7	411.7	0.21	0.94	1
541.66	0	0.9	0.0	0.0	0.0	0.0	1.0	1	1953	205.7	411.7	0.21	0.94	1
541.76	0	0.9	0.0	0.0	0.0	0.0	1.0	1	1953	205.7	411.7	0.21	0.94	1
541.86	0	0.9	0.0	0.0	0.0	0.0	1.0	1	1953	205.7	411.7	0.21	0.95	1
541.96	0	0.9	0.0	0.0	0.0	0.0	1.0	1	1953	205.7	411.7	0.21	0.95	1
542.06	0	0.9	0.0	0.0	0.0	0.0	1.0	1	1953	205.7	411.7	0.21	0.95	1
542.16	0	0.9	0.0	0.0	0.0	0.0	1.0	1	1953	205.7	411.7	0.21	0.95	1
542.26	0	1.0	0.0	0.0	0.0	0.0	1.0	1	1953	205.7	411.7	0.21	0.95	1
542.36	0	1.0	0.0	0.0	0.0	0.0	1.0	1	1953	205.7	411.7	0.21	0.95	1
542.46	0	1.0	0.0	0.0	0.0	0.0	1.0	1	1953	205.7	411.7	0.21	0.95	1
542.56	0	1.0	0.0	0.0	0.0	0.0	1.0	1	1953	205.7	411.7	0.21	0.96	1
542.66	0	1.0	0.0	0.0	0.0	0.0	1.0	1	1953	205.7	411.7	0.21	0.96	1
542.76	0	1.0	0.0	0.0	0.0	0.0	1.0	1	1953	205.7	411.7	0.21	0.96	1
542.86	0	1.0	0.0	0.0	0.0	0.0	1.0	1	1953	205.7	411.7	0.21	0.96	1
542.96	0	1.0	0.0	0.0	0.0	0.0	1.0	1	1953	205.7	411.7	0.21	0.96	1
543.06	0	1.0	0.0	0.0	0.0	0.0	1.0	1	1953	205.7	411.7	0.21	0.96	1
543.16	0	1.0	0.0	0.0	0.0	0.0	1.0	1	1953	205.7	411.7	0.21	0.96	1
543.26	0	1.0	0.0	0.0	0.0	0.0	1.0	1	1953	205.7	411.7	0.21	0.96	1
543.36	0	1.0	0.0	0.0	0.0	0.0	1.0	1	1953	205.7	411.7	0.21	0.97	1
543.46	0	1.0	0.0	0.0	0.0	0.0	1.0	1	1953	205.7	411.7	0.21	0.97	1
543.56	0	1.0	0.0	0.0	0.0	0.0	1.0	1	1953	205.7	411.7	0.21	0.97	1
543.66	0	1.0	0.0	0.0	0.0	0.0	1.0	1	1953	205.7	411.7	0.21	0.97	1
543.76	0	1.0	0.0	0.0	0.0	0.0	1.0	1	1953	205.7	411.7	0.21	0.97	1
543.86	0	1.0	0.0	0.0	0.0	0.0	1.0	1	1953	205.7	411.7	0.21	0.97	1
543.96	0	1.0	0.0	0.0	0.0	0.0	1.0	1	1953	205.7	411.7	0.21	0.97	1
544.06	0	1.0	0.0	0.0	0.0	0.0	1.0	1	1953	205.7	411.7	0.21	0.98	1
544.16	0	1.0	0.0	0.0	0.0	0.0	1.0	1	1953	205.7	411.7	0.21	0.98	1
544.26	0	1.0	0.0	0.0	0.0	0.0	1.0	1	1953	205.7	411.7	0.21	0.98	1
544.36	0	1.0	0.0	0.0	0.0	0.0	1.0	1	1953	205.7	411.7	0.21	0.98	1
544.46	0	1.0	0.0	0.0	0.0	0.0	1.0	1	1953	205.7	411.7	0.21	0.98	1
544.56	0	1.0	0.0	0.0	0.0	0.0	1.0	1	1953	205.7	411.7	0.21	0.98	1
544.66	0	1.0	0.0	0.0	0.0	0.0	1.0	1	1953	205.7	411.7	0.21	0.98	1
544.76	0	1.0	0.0	0.0	0.0	0.0	1.0	1	1953	205.7	411.7	0.21	0.99	1
544.86	0	1.0	0.0	0.0	0.0	0.0	1.0	1	1953	205.7	411.7	0.21	0.99	1
544.96	0	1.0	0.0	0.0	0.0	0.0	1.0	1	1953	205.7	411.7	0.21	0.99	1
545.06	0	1.0	0.0	0.0	0.0	0.0	1.0	1	1953	205.7	411.7	0.21	0.99	1
545.16	0	1.0	0.0	0.0	0.0	0.0	1.0	1	1953	205.7	411.7	0.21	0.99	1
545.26	0	1.0	0.0	0.0	0.0	0.0	1.0	1	1953	205.7	411.7	0.21	0.99	1
545.36	0	1.0	0.0	0.0	0.0	0.0	1.0	1	1953	205.7	411.7	0.21	0.99	1
545.46	0	1.0	0.0	0.0	0.0	0.0	1.0	1	1953	205.7	411.7	0.21	0.99	1
545.56	0	1.0	0.0	0.0	0.0	0.0	1.0	1	1953	205.7	411.7	0.21	1.0	1
545.66	0	1.0	0.0	0.0	0.0	0.0	1.0	1	1953	205.7	411.7	0.21	1.0	1
545.8	0	1.0	0.0	0.0	0.0	0.0	1.0	1	1953	205.7	411.7	0.21	1.0	1
545.9	0	1.0	0.0	0.0	0.0	0.0	1.0	1	1953	205.7	411.7	0.21	1.0	1
546.0	0	1.0	0.0	0.0	0.0	0.0	1.0	1	1953	205.7	411.7	0.21	1.0	1
546.1	0	1.0	0.0	0.0	0.0	0.0	1.0	1	1953	205.7	411.7	0.21	1.0	1
546.2	0	1.0	0.0	0.0	0.0	0.0	1.0	1	1953	205.7	411.7	0.21	1.01	1
546.3	0	1.0	0.0	0.0	0.0	0.0	1.0	1	1953	205.7	411.7	0.21	1.01	1
546.4	0	1.0	0.0	0.0	0.0	0.0	1.0	1	1953	205.7	411.7	0.21	1.01	1
546.5	0	1.0	0.0	0.0	0.0	0.0	1.0	1	1953	205.7	411.7	0.21	1.01	1
546.6	0	1.0	0.0	0.0	0.0	0.0	1.0	1	1953	205.7	411.7	0.21	1.01	1
546.7	0	1.0	0.0	0.0	0.0	0.0	1.0	1	1953	205.7	411.7	0.21	1.01	1
546.8	0	1.0	0.0	0.0	0.0	0.0	1.0	1	1953	205.7	411.7	0.21	1.01	1
546.9	0	1.0	0.0	0.0	0.0	0.0	1.0	1	1953	205.7	411.7	0.21	1.01	1
547.0	0	1.0	0.0	0.0	0.0	0.0	1.0	1	1953	205.7	411.7	0.21	1.02	1
547.1	0	1.0	0.0	0.0	0.0	0.0	1.0	1	1953	205.7	411.7	0.21	1.02	1
547.2	0	1.0	0.0	0.0	0.0	0.0	1.0	1	1953	205.7	411.7	0.21	1.02	1
547.3	0	1.0	0.0	0.0	0.0	0.0	1.0	1	1953	205.7	411.7	0.21	1.02	1
547.4	0	1.0	0.0	0.0	0.0	0.0	1.0	1	1953	205.7	411.7	0.21	1.02	1
547.5	0	1.0	0.0	0.0	0.0	0.0	1.0	1	1953	205.7	411.7	0.21	1.02	1
547.6	0	1.0	0.0	0.0	0.0	0.0	1.0	1	1953	205.7	411.7	0.21	1.02	1
547.7	0	1.0	0.0	0.0	0.0	0.0	1.0	1	1953	205.7	411.7	0.21	1.03	1
547.8	0	1.0	0.0	0.0	0.0	0.0	1.0	1	1953	205.7	411.7	0.21	1.03	1
547.9	0	1.0	0.0	0.0	0.0	0.0	1.0	1	1953	205.7	411.7	0.21	1.03	1
548.0	0	1.0	0.0	0.0	0.0	0.0	1.0	1	1953	205.7	411.7	0.21	1.03	1
548.1	0	1.0	0.0	0.0	0.0	0.0	1.0	1	1953	205.7	411.7	0.21	1.03	1
548.2	0	1.0	0.0	0.0	0.0	0.0	1.0	1	1953	205.7	411.7	0.21	1.03	1
548.3	0	1.0	0.0	0.0	0.0	0.0	1.0	1	1953	205.7	411.7	0.21	1.03	1
548.4	0	1.0	0.0	0.0	0.0	0.0	1.0	1	1953	205.7	411.7	0.21	1.04	1
548.5	0	1.0	0.0	0.0	0.0	0.0	1.0	1	1953	205.7	411.7	0.21	1.04	1
548.6	0	1.0	0.0	0.0	0.0	0.0	1.0	1	1953	205.7	411.7	0.21	1.04	1
548.7	0	1.0	0.0	0.0	0.0	0.0	1.0	1	1953	205.7	411.7	0.21	1.04	1
548.8	0	1.0	0.0	0.0	0.0	0.0	1.0	1	1953	205.7	411.7	0.21	1.04	1
548.9	0	1.0	0.0	0.0	0.0	0.0	1.0	1	1953	205.7	411.7	0.21	1.04	1
549.0	0	1.0	0.0	0.0	0.0	0.0	1.0	1	1953	205.7	411.7	0.21	1.04	1
549.1	0	1.0	0.0	0.0	0.0	0.0	1.0	1	1953	205.7	411.7	0.21	1.05	1
549.2	0	1.0	0.0	0.0	0.0	0.0	1.0	1	1953	205.7	411.7	0.21	1.05	1
549.3	0	1.0	0.0	0.0	0.0	0.0	1.0	1	1953	205.7	411.7	0.21	1.05	1
549.4	0	1.0	0.0	0.0	0.0	0.0	1.0	1	1953	205.7	411.7	0.21	1.05	1
549.5	0	1.1	0.0	0.0	0.0	0.0	1.0	1	1953	205.7	411.7	0.21	1.05	1
549.6	0	1.1	0.0	0.0	0.0	0.0	1.0	1	1953	205.7	411.7	0.21	1.05	1
549.7	0	1.1	0.0	0.0	0.0	0.0	1.0	1	1953	205.7	411.7	0.21	1.05	1
549.8	0	1.1	0.0	0.0	0.0	0.0	1.0	1	1953	205.7	411.7	0.21	1.05	1
549.9	0	1.1	0.0	0.0	0.0	0.0	1.0	1	1953	205.7	411.7	0.21	1.06	1
550.0	0	1.1	0.0	0.0	0.0	0.0	1.0	1	1953	205.7	411.7	0.21	1.06	1
550.1	0	1.1	0.0	0.0	0.0	0.0	1.0	1	1953	205.7	411.7	0.21	1.06	1
550.2	0	1.1	0.0	0.0	0.0	0.0	1.0	1	1953	205.7	411.7	0.21	1.06	1
550.3	0	1.1	0.0	0.0	0.0	0.0	1.0	1	1953	205.7	411.7	0.21	1.06	1
550.4	0	1.1	0.0	0.0	0.0	0.0	1.0	1	1953	205.7	411.7	0.21	1.06	1
550.5	0	1.1	0.0	0.0	0.0	0.0	1.0	1	1953	205.7	411.7	0.21	1.06	1
550.6	0	1.1	0.0	0.0	0.0	0.0	1.0	1	1953	205.7	411.7	0.21	1.07	1
550.71	0	1.1	0.0	0.0	0.0	0.0	1.0	1	1953	205.7	411.7	0.21	1.07	1
550.81	0	1.1	0.0	0.0	0.0	0.0	1.0	1	1953	205.7	411.7	0.21	1.07	1
550.91	0	1.1	0.0	0.0	0.0	0.0	1.0	1	1953	205.7	411.7	0.21	1.07	1
551.01	0	1.1	0.0	0.0	0.0	0.0	1.0	1	1953	205.7	411.7	0.21	1.07	1
551.11	0	1.1	0.0	0.0	0.0	0.0	1.0	1	1953	205.7	411.7	0.21	1.07	1
551.21	0	1.1	0.0	0.0	0.0	0.0	1.0	1	1953	205.7	411.7	0.21	1.07	1
551.31	0	1.1	0.0	0.0	0.0	0.0	1.0	1	1953	205.7	411.7	0.21	1.08	1
551.41	0	1.1	0.0	0.0	0.0	0.0	1.0	1	1953	205.7	411.7	0.21	1.08	1
551.51	0	1.1	0.0	0.0	0.0	0.0	1.0	1	1953	205.7	411.7	0.21	1.08	1
551.61	0	1.1	0.0	0.0	0.0	0.0	1.0	1	1953	205.7	411.7	0.21	1.08	1
551.71	0	1.1	0.0	0.0	0.0	0.0	1.0	1	1953	205.7	411.7	0.21	1.08	1
551.81	0	1.1	0.0	0.0	0.0	0.0	1.0	1	1953	205.7	411.7	0.21	1.08	1
551.91	0	1.1	0.0	0.0	0.0	0.0	1.0	1	1953	205.7	411.7	0.22	1.08	1
552.01	0	1.1	0.0	0.0	0.0	0.0	1.0	1	1953	205.7	411.7	0.22	1.09	1
552.11	0	1.1	0.0	0.0	0.0	0.0	1.0	1	1953	205.7	411.7	0.22	1.09	1
552.21	0	1.1	0.0	0.0	0.0	0.0	1.0	1	1953	205.7	411.7	0.22	1.09	1
552.31	0	1.1	0.0	0.0	0.0	0.0	1.0	1	1953	205.7	411.7	0.22	1.09	1
552.41	0	1.1	0.0	0.0	0.0	0.0	1.0	1	1953	205.7	411.7	0.22	1.09	1
552.51	0	1.1	0.0	0.0	0.0	0.0	1.0	1	1953	205.7	411.7	0.22	1.09	1
552.61	0	1.1	0.0	0.0	0.0	0.0	1.0	1	1953	205.7	411.7	0.22	1.09	1
552.71	0	1.1	0.0	0.0	0.0	0.0	1.0	1	1953	205.7	411.7	0.22	1.1	1
552.81	0	1.1	0.0	0.0	0.0	0.0	1.0	1	1953	205.7	411.7	0.22	1.1	1
552.91	0	1.1	0.0	0.0	0.0	0.0	1.0	1	1953	205.7	411.7	0.22	1.1	1
553.01	0	1.1	0.0	0.0	0.0	0.0	1.0	1	1953	205.7	411.7	0.22	1.1	1
553.11	0	1.1	0.0	0.0	0.0	0.0	1.0	1	1953	205.7	411.7	0.22	1.1	1
553.21	0	1.1	0.0	0.0	0.0	0.0	1.0	1	1953	205.7	411.7	0.22	1.1	1
553.31	0	1.1	0.0	0.0	0.0	0.0	1.0	1	1953	205.7	411.7	0.22	1.1	1
553.41	0	1.1	0.0	0.0	0.0	0.0	1.0	1	1953	205.7	411.7	0.22	1.11	1
553.51	0	1.1	0.0	0.0	0.0	0.0	1.0	1	1953	205.7	411.7	0.22	1.11	1
553.61	0	1.1	0.0	0.0	0.0	0.0	1.0	1	1953	205.7	411.7	0.22	1.11	1
553.71	0	1.1	0.0	0.0	0.0	0.0	1.0	1	1953	205.7	411.7	0.22	1.11	1
553.81	0	1.1	0.0	0.0	0.0	0.0	1.0	1	1953	205.7	411.7	0.22	1.11	1
553.91	0	1.1	0.0	0.0	0.0	0.0	1.0	1	1953	205.7	411.7	0.22	1.11	1
554.01	0	1.1	0.0	0.0	0.0	0.0	1.0	1	1953	205.7	411.7	0.22	1.11	1
554.11	0	1.1	0.0	0.0	0.0	0.0	1.0	1	1953	205.7	411.7	0.22	1.12	1
554.21	0	1.1	0.0	0.0	0.0	0.0	1.0	1	1953	205.7	411.7	0.22	1.12	1
554.31	0	1.1	0.0	0.0	0.0	0.0	1.0	1	1953	205.7	411.7	0.22	1.12	1
554.41	0	1.1	0.0	0.0	0.0	0.0	1.0	1	1953	205.7	411.7	0.22	1.12	1
554.51	0	1.1	0.0	0.0	0.0	0.0	1.0	1	1953	205.7	411.7	0.22	1.12	1
554.61	0	1.1	0.0	0.0	0.0	0.0	1.0	1	1953	205.7	411.7	0.22	1.12	1
554.71	0	1.1	0.0	0.0	0.0	0.0	1.0	1	1953	205.7	411.7	0.22	1.12	1
554.81	0	1.1	0.0	0.0	0.0	0.0	1.0	1	1953	205.7	411.7	0.22	1.13	1
554.91	0	1.1	0.0	0.0	0.0	0.0	1.0	1	1953	205.7	411.7	0.22	1.13	1
555.01	0	1.1	0.0	0.0	0.0	0.0	1.0	1	1953	205.7	411.7	0.22	1.13	1
555.11	0	1.1	0.0	0.0	0.0	0.0	1.0	1	1953	205.7	411.7	0.22	1.13	1
555.21	0	1.1	0.0	0.0	0.0	0.0	1.0	1	1953	205.7	411.7	0.22	1.13	1
555.31	0	1.1	0.0	0.0	0.0	0.0	1.0	1	1953	205.7	411.7	0.22	1.13	1
555.41	0	1.1	0.0	0.0	0.0	0.0	1.0	1	1953	205.7	411.7	0.22	1.13	1
555.51	0	1.1	0.0	0.0	0.0	0.0	1.0	1	1953	205.7	411.7	0.22	1.14	1
555.61	0	1.1	0.0	0.0	0.0	0.0	1.0	1	1953	205.7	411.7	0.22	1.14	1
555.73	0	1.1	0.0	0.0	0.0	0.0	1.0	1	1953	205.7	411.7	0.22	1.14	1
555.85	0	1.1	0.0	0.0	0.0	0.0	1.0	1	1953	205.7	411.7	0.22	1.14	1
555.95	0	1.1	0.0	0.0	0.0	0.0	1.0	1	1953	205.7	411.7	0.22	1.14	1
556.04	0	1.1	0.0	0.0	0.0	0.0	1.0	1	1953	205.7	411.7	0.22	1.14	1
556.15	0	1.1	0.0	0.0	0.0	0.0	1.0	1	1953	205.7	411.7	0.22	1.14	1
556.25	0	1.1	0.0	0.0	0.0	0.0	1.0	1	1953	205.7	411.7	0.22	1.15	1
556.35	0	1.1	0.0	0.0	0.0	0.0	1.0	1	1953	205.7	411.7	0.22	1.15	1
556.44	0	1.1	0.0	0.0	0.0	0.0	1.0	1	1953	205.7	411.7	0.22	1.15	1
556.55	0	1.1	0.0	0.0	0.0	0.0	1.0	1	1953	205.7	411.7	0.22	1.15	1
556.65	0	1.2	0.0	0.0	0.0	0.0	1.0	1	1953	205.7	411.7	0.22	1.15	1
556.75	0	1.2	0.0	0.0	0.0	0.0	1.0	1	1953	205.7	411.7	0.22	1.15	1
556.84	0	1.2	0.0	0.0	0.0	0.0	1.0	1	1953	205.7	411.7	0.22	1.15	1
556.94	0	1.2	0.0	0.0	0.0	0.0	1.0	1	1953	205.7	411.7	0.22	1.16	1
557.05	0	1.2	0.0	0.0	0.0	0.0	1.0	1	1953	205.7	411.7	0.22	1.16	1
557.15	0	1.2	0.0	0.0	0.0	0.0	1.0	1	1953	205.7	411.7	0.22	1.16	1
557.25	0	1.2	0.0	0.0	0.0	0.0	1.0	1	1953	205.7	411.7	0.22	1.16	1
557.35	0	1.2	0.0	0.0	0.0	0.0	1.0	1	1953	205.7	411.7	0.22	1.16	1
557.45	0	1.2	0.0	0.0	0.0	0.0	1.0	1	1953	205.7	411.7	0.22	1.16	1
557.55	0	1.2	0.0	0.0	0.0	0.0	1.0	1	1953	205.7	411.7	0.22	1.16	1
557.65	0	1.2	0.0	0.0	0.0	0.0	1.0	1	1953	205.7	411.7	0.22	1.17	1
557.75	0	1.2	0.0	0.0	0.0	0.0	1.0	1	1953	205.7	411.7	0.22	1.17	1
557.85	0	1.2	0.0	0.0	0.0	0.0	1.0	1	1953	205.7	411.7	0.22	1.17	1
557.95	0	1.2	0.0	0.0	0.0	0.0	1.0	1	1953	205.7	411.7	0.22	1.17	1
558.05	0	1.2	0.0	0.0	0.0	0.0	1.0	1	1953	205.7	411.7	0.22	1.17	1
558.15	0	1.2	0.0	0.0	0.0	0.0	1.0	1	1953	205.7	411.7	0.22	1.17	1
558.25	0	1.2	0.0	0.0	0.0	0.0	1.0	1	1953	205.7	411.7	0.22	1.17	1
558.35	0	1.2	0.0	0.0	0.0	0.0	1.0	1	1953	205.7	411.7	0.22	1.18	1
558.45	0	1.2	0.0	0.0	0.0	0.0	1.0	1	1953	205.7	411.7	0.22	1.18	1
558.55	0	1.2	0.0	0.0	0.0	0.0	1.0	1	1953	205.7	411.7	0.22	1.18	1
558.65	0	1.2	0.0	0.0	0.0	0.0	1.0	1	1953	205.7	411.7	0.22	1.18	1
558.77	0	1.2	0.0	0.0	0.0	0.0	1.0	1	1953	205.7	411.7	0.22	1.18	1
558.86	0	1.2	0.0	0.0	0.0	0.0	1.0	1	1953	205.7	411.7	0.22	1.18	1
558.96	0	1.2	0.0	0.0	0.0	0.0	1.0	1	1953	205.7	411.7	0.22	1.18	1
559.06	0	1.2	0.0	0.0	0.0	0.0	1.0	1	1953	205.7	411.7	0.22	1.19	1
559.16	0	1.2	0.0	0.0	0.0	0.0	1.0	1	1953	205.7	411.7	0.22	1.19	1
559.26	0	1.2	0.0	0.0	0.0	0.0	1.0	1	1953	205.7	411.7	0.22	1.19	1
559.36	0	1.2	0.0	0.0	0.0	0.0	1.0	1	1953	205.7	411.7	0.22	1.19	1
559.46	0	1.2	0.0	0.0	0.0	0.0	1.0	1	1953	205.7	411.7	0.22	1.19	1
559.56	0	1.2	0.0	0.0	0.0	0.0	1.0	1	1953	205.7	411.7	0.22	1.19	1
559.66	0	1.2	0.0	0.0	0.0	0.0	1.0	1	1953	205.7	411.7	0.22	1.19	1
559.76	0	1.2	0.0	0.0	0.0	0.0	1.0	1	1953	205.7	411.7	0.22	1.2	1
559.86	0	1.2	0.0	0.0	0.0	0.0	1.0	1	1953	205.7	411.7	0.22	1.2	1
559.96	0	1.2	0.0	0.0	0.0	0.0	1.0	1	1953	205.7	411.7	0.22	1.2	1
560.06	0	1.2	0.0	0.0	0.0	0.0	1.0	1	1953	205.7	411.7	0.22	1.2	1
560.16	0	1.2	0.0	0.0	0.0	0.0	1.0	1	1953	205.7	411.7	0.22	1.2	1
560.26	0	1.2	0.0	0.0	0.0	0.0	1.0	1	1953	205.7	411.7	0.22	1.2	1
560.36	0	1.2	0.0	0.0	0.0	0.0	1.0	1	1953	205.7	411.7	0.22	1.2	1
560.46	0	1.2	0.0	0.0	0.0	0.0	1.0	1	1953	205.7	411.7	0.22	1.21	1
560.56	0	1.2	0.0	0.0	0.0	0.0	1.0	1	1953	205.7	411.7	0.22	1.21	1
560.66	0	1.2	0.0	0.0	0.0	0.0	1.0	1	1953	205.7	411.7	0.22	1.21	1
560.76	0	1.2	0.0	0.0	0.0	0.0	1.0	1	1953	205.7	411.7	0.22	1.21	1
560.86	0	1.2	0.0	0.0	0.0	0.0	1.0	1	1953	205.7	411.7	0.22	1.21	1
560.96	0	1.2	0.0	0.0	0.0	0.0	1.0	1	1953	205.7	411.7	0.22	1.21	1
561.06	0	1.2	0.0	0.0	0.0	0.0	1.0	1	1953	205.7	411.7	0.22	1.21	1
561.16	0	1.2	0.0	0.0	0.0	0.0	1.0	1	1953	205.7	411.7	0.22	1.22	1
561.26	0	1.2	0.0	0.0	0.0	0.0	1.0	1	1953	205.7	411.7	0.22	1.22	1
561.36	0	1.2	0.0	0.0	0.0	0.0	1.0	1	1953	205.7	411.7	0.22	1.22	1
561.46	0	1.2	0.0	0.0	0.0	0.0	1.0	1	1953	205.7	411.7	0.22	1.22	1
561.56	0	1.2	0.0	0.0	0.0	0.0	1.0	1	1953	205.7	411.7	0.22	1.22	1
561.66	0	1.2	0.0	0.0	0.0	0.0	1.0	1	1953	205.7	411.7	0.22	1.22	1
561.76	0	1.2	0.0	0.0	0.0	0.0	1.0	1	1953	205.7	411.7	0.22	1.22	1
561.86	0	1.2	0.0	0.0	0.0	0.0	1.0	1	1953	205.7	411.7	0.22	1.23	1
561.96	0	1.2	0.0	0.0	0.0	0.0	1.0	1	1953	205.7	411.7	0.22	1.23	1
562.06	0	1.2	0.0	0.0	0.0	0.0	1.0	1	1953	205.7	411.7	0.22	1.23	1
562.16	0	1.2	0.0	0.0	0.0	0.0	1.0	1	1953	205.7	411.7	0.22	1.23	1
562.26	0	1.2	0.0	0.0	0.0	0.0	1.0	1	1953	205.7	411.7	0.22	1.23	1
562.36	0	1.2	0.0	0.0	0.0	0.0	1.0	1	1953	205.7	411.7	0.22	1.23	1
562.46	0	1.2	0.0	0.0	0.0	0.0	1.0	1	1953	205.7	411.7	0.22	1.23	1
562.56	0	1.2	0.0	0.0	0.0	0.0	1.0	1	1953	205.7	411.7	0.22	1.24	1
562.66	0	1.2	0.0	0.0	0.0	0.0	1.0	1	1953	205.7	411.7	0.22	1.24	1
562.76	0	1.2	0.0	0.0	0.0	0.0	1.0	1	1953	205.7	411.7	0.22	1.24	1
562.86	0	1.2	0.0	0.0	0.0	0.0	1.0	1	1953	205.7	411.7	0.22	1.24	1
562.96	0	1.2	0.0	0.0	0.0	0.0	1.0	1	1953	205.7	411.7	0.22	1.24	1
563.06	0	1.2	0.0	0.0	0.0	0.0	1.0	1	1953	205.7	411.7	0.22	1.24	1
563.16	0	1.2	0.0	0.0	0.0	0.0	1.0	1	1953	205.7	411.7	0.22	1.24	1
563.28	0	1.2	0.0	0.0	0.0	0.0	1.0	1	1953	205.7	411.7	0.22	1.25	1
563.38	0	1.2	0.0	0.0	0.0	0.0	1.0	1	1953	205.7	411.7	0.22	1.25	1
563.48	0	1.2	0.0	0.0	0.0	0.0	1.0	1	1953	205.7	411.7	0.22	1.25	1
563.58	0	1.3	0.0	0.0	0.0	0.0	1.0	1	1953	205.7	411.7	0.22	1.25	1
563.68	0	1.3	0.0	0.0	0.0	0.0	1.0	1	1953	205.7	411.7	0.22	1.25	1
563.78	0	1.3	0.0	0.0	0.0	0.0	1.0	1	1953	205.7	411.7	0.22	1.25	1
563.88	0	1.3	0.0	0.0	0.0	0.0	1.0	1	1953	205.7	411.7	0.22	1.26	1
563.98	0	1.3	0.0	0.0	0.0	0.0	1.0	1	1953	205.7	411.7	0.22	1.26	1
564.08	0	1.3	0.0	0.0	0.0	0.0	1.0	1	1953	205.7	411.7	0.22	1.26	1
564.18	0	1.3	0.0	0.0	0.0	0.0	1.0	1	1953	205.7	411.7	0.22	1.26	1
564.28	0	1.3	0.0	0.0	0.0	0.0	1.0	1	1953	205.7	411.7	0.22	1.26	1
564.38	0	1.3	0.0	0.0	0.0	0.0	1.0	1	1953	205.7	411.7	0.22	1.26	1
564.48	0	1.3	0.0	0.0	0.0	0.0	1.0	1	1953	205.7	411.7	0.22	1.26	1
564.58	0	1.3	0.0	0.0	0.0	0.0	1.0	1	1953	205.7	411.7	0.22	1.27	1
564.68	0	1.3	0.0	0.0	0.0	0.0	1.0	1	1953	205.7	411.7	0.22	1.27	1
564.78	0	1.3	0.0	0.0	0.0	0.0	1.0	1	1953	205.7	411.7	0.22	1.27	1
564.88	0	1.3	0.0	0.0	0.0	0.0	1.0	1	1953	205.7	411.7	0.22	1.27	1
564.98	0	1.3	0.0	0.0	0.0	0.0	1.0	1	1953	205.7	411.7	0.22	1.27	1
565.08	0	1.3	0.0	0.0	0.0	0.0	1.0	1	1953	205.7	411.7	0.22	1.27	1
565.18	0	1.3	0.0	0.0	0.0	0.0	1.0	1	1953	205.7	411.7	0.22	1.27	1
565.28	0	1.3	0.0	0.0	0.0	0.0	1.0	1	1953	205.7	411.7	0.22	1.28	1
565.38	0	1.3	0.0	0.0	0.0	0.0	1.0	1	1953	205.7	411.7	0.22	1.28	1
565.48	0	1.3	0.0	0.0	0.0	0.0	1.0	1	1953	205.7	411.7	0.22	1.28	1
565.58	0	1.3	0.0	0.0	0.0	0.0	1.0	1	1953	205.7	411.7	0.22	1.28	1
565.68	0	1.3	0.0	0.0	0.0	0.0	1.0	1	1953	205.7	411.7	0.22	1.28	1
565.81	0	1.3	0.0	0.0	0.0	0.0	1.0	1	1953	205.7	411.7	0.22	1.28	1
565.91	0	1.3	0.0	0.0	0.0	0.0	1.0	1	1953	205.7	411.7	0.22	1.28	1
566.01	0	1.3	0.0	0.0	0.0	0.0	1.0	1	1953	205.7	411.7	0.22	1.29	1
566.11	0	1.3	0.0	0.0	0.0	0.0	1.0	1	1953	205.7	411.7	0.22	1.29	1
566.21	0	1.3	0.0	0.0	0.0	0.0	1.0	1	1953	205.7	411.7	0.22	1.29	1
566.31	0	1.3	0.0	0.0	0.0	0.0	1.0	1	1953	205.7	411.7	0.22	1.29	1
566.41	0	1.3	0.0	0.0	0.0	0.0	1.0	1	1953	205.7	411.7	0.22	1.29	1
566.51	0	1.3	0.0	0.0	0.0	0.0	1.0	1	1953	205.7	411.7	0.22	1.29	1
566.61	0	1.3	0.0	0.0	0.0	0.0	1.0	1	1953	205.7	411.7	0.22	1.3	1
566.71	0	1.3	0.0	0.0	0.0	0.0	1.0	1	1953	205.7	411.7	0.22	1.3	1
566.84	0	1.3	0.0	0.0	0.0	0.0	1.0	1	1953	205.7	411.7	0.22	1.3	1
566.93	0	1.3	0.0	0.0	0.0	0.0	1.0	1	1953	205.7	411.7	0.22	1.3	1
567.03	0	1.3	0.0	0.0	0.0	0.0	1.0	1	1953	205.7	411.7	0.22	1.3	1
567.13	0	1.3	0.0	0.0	0.0	0.0	1.0	1	1953	205.7	411.7	0.22	1.3	1
567.23	0	1.3	0.0	0.0	0.0	0.0	1.0	1	1953	205.7	411.7	0.22	1.3	1
567.33	0	1.3	0.0	0.0	0.0	0.0	1.0	1	1953	205.7	411.7	0.22	1.31	1
567.43	0	1.3	0.0	0.0	0.0	0.0	1.0	1	1953	205.7	411.7	0.22	1.31	1
567.53	0	1.3	0.0	0.0	0.0	0.0	1.0	1	1953	205.7	411.7	0.22	1.31	1
567.63	0	1.3	0.0	0.0	0.0	0.0	1.0	1	1953	205.7	411.7	0.22	1.31	1
567.73	0	1.3	0.0	0.0	0.0	0.0	1.0	1	1953	205.7	411.7	0.22	1.31	1
567.83	0	1.3	0.0	0.0	0.0	0.0	1.0	1	1953	205.7	411.7	0.22	1.31	1
567.93	0	1.3	0.0	0.0	0.0	0.0	1.0	1	1953	205.7	411.7	0.22	1.31	1
568.03	0	1.3	0.0	0.0	0.0	0.0	1.0	1	1953	205.7	411.7	0.22	1.32	1
568.13	0	1.3	0.0	0.0	0.0	0.0	1.0	1	1953	205.7	411.7	0.22	1.32	1
568.23	0	1.3	0.0	0.0	0.0	0.0	1.0	1	1953	205.7	411.7	0.22	1.32	1
568.33	0	1.3	0.0	0.0	0.0	0.0	1.0	1	1953	205.7	411.7	0.22	1.32	1
568.43	0	1.3	0.0	0.0	0.0	0.0	1.0	1	1953	205.7	411.7	0.22	1.32	1
568.53	0	1.3	0.0	0.0	0.0	0.0	1.0	1	1953	205.7	411.7	0.22	1.32	1
568.63	0	1.3	0.0	0.0	0.0	0.0	1.0	1	1953	205.7	411.7	0.22	1.32	1
568.73	0	1.3	0.0	0.0	0.0	0.0	1.0	1	1953	205.7	411.7	0.22	1.33	1
568.83	0	1.3	0.0	0.0	0.0	0.0	1.0	1	1953	205.7	411.7	0.22	1.33	1
568.93	0	1.3	0.0	0.0	0.0	0.0	1.0	1	1953	205.7	411.7	0.22	1.33	1
569.03	0	1.3	0.0	0.0	0.0	0.0	1.0	1	1953	205.7	411.7	0.22	1.33	1
569.13	0	1.3	0.0	0.0	0.0	0.0	1.0	1	1953	205.7	411.7	0.22	1.33	1
569.23	0	1.3	0.0	0.0	0.0	0.0	1.0	1	1953	205.7	411.7	0.22	1.33	1
569.33	0	1.3	0.0	0.0	0.0	0.0	1.0	1	1953	205.7	411.7	0.22	1.34	1
569.43	0	1.3	0.0	0.0	0.0	0.0	1.0	1	1953	205.7	411.7	0.22	1.34	1
569.53	0	1.3	0.0	0.0	0.0	0.0	1.0	1	1953	205.7	411.7	0.22	1.34	1
569.63	0	1.3	0.0	0.0	0.0	0.0	1.0	1	1953	205.7	411.7	0.22	1.34	1
569.73	0	1.3	0.0	0.0	0.0	0.0	1.0	1	1953	205.7	411.7	0.22	1.34	1
569.83	0	1.3	0.0	0.0	0.0	0.0	1.0	1	1953	205.7	411.7	0.22	1.34	1
569.93	0	1.3	0.0	0.0	0.0	0.0	1.0	1	1953	205.7	411.7	0.22	1.34	1
570.03	0	1.3	0.0	0.0	0.0	0.0	1.0	1	1953	205.7	411.7	0.22	1.35	1
570.13	0	1.3	0.0	0.0	0.0	0.0	1.0	1	1953	205.7	411.7	0.22	1.35	1
570.23	0	1.3	0.0	0.0	0.0	0.0	1.0	1	1953	205.7	411.7	0.22	1.35	1
570.33	0	1.3	0.0	0.0	0.0	0.0	1.0	1	1953	205.7	411.7	0.22	1.35	1
570.43	0	1.4	0.0	0.0	0.0	0.0	1.0	1	1953	205.7	411.7	0.22	1.35	1
570.53	0	1.4	0.0	0.0	0.0	0.0	1.0	1	1953	205.7	411.7	0.22	1.35	1
570.63	0	1.4	0.0	0.0	0.0	0.0	1.0	1	1953	205.7	411.7	0.22	1.35	1
570.73	0	1.4	0.0	0.0	0.0	0.0	1.0	1	1953	205.7	411.7	0.22	1.36	1
570.83	0	1.4	0.0	0.0	0.0	0.0	1.0	1	1953	205.7	411.7	0.22	1.36	1
570.93	0	1.4	0.0	0.0	0.0	0.0	1.0	1	1953	205.7	411.7	0.22	1.36	1
571.03	0	1.4	0.0	0.0	0.0	0.0	1.0	1	1953	205.7	411.7	0.22	1.36	1
571.13	0	1.4	0.0	0.0	0.0	0.0	1.0	1	1953	205.7	411.7	0.22	1.36	1
571.23	0	1.4	0.0	0.0	0.0	0.0	1.0	1	1953	205.7	411.7	0.22	1.36	1
571.33	0	1.4	0.0	0.0	0.0	0.0	1.0	1	1953	205.7	411.7	0.22	1.36	1
571.43	0	1.4	0.0	0.0	0.0	0.0	1.0	1	1953	205.7	411.7	0.22	1.37	1
571.53	0	1.4	0.0	0.0	0.0	0.0	1.0	1	1953	205.7	411.7	0.22	1.37	1
571.63	0	1.4	0.0	0.0	0.0	0.0	1.0	1	1953	205.7	411.7	0.22	1.37	1
571.73	0	1.4	0.0	0.0	0.0	0.0	1.0	1	1953	205.7	411.7	0.22	1.37	1
571.83	0	1.4	0.0	0.0	0.0	0.0	1.0	1	1953	205.7	411.7	0.22	1.37	1
571.93	0	1.4	0.0	0.0	0.0	0.0	1.0	1	1953	205.7	411.7	0.22	1.37	1
572.03	0	1.4	0.0	0.0	0.0	0.0	1.0	1	1953	205.7	411.7	0.22	1.38	1
572.13	0	1.4	0.0	0.0	0.0	0.0	1.0	1	1953	205.7	411.7	0.22	1.38	1
572.23	0	1.4	0.0	0.0	0.0	0.0	1.0	1	1953	205.7	411.7	0.22	1.38	1
572.33	0	1.4	0.0	0.0	0.0	0.0	1.0	1	1953	205.7	411.7	0.22	1.38	1
572.43	0	1.4	0.0	0.0	0.0	0.0	1.0	1	1953	205.7	411.7	0.22	1.38	1
572.53	0	1.4	0.0	0.0	0.0	0.0	1.0	1	1953	205.7	411.7	0.22	1.38	1
572.63	0	1.4	0.0	0.0	0.0	0.0	1.0	1	1953	205.7	411.7	0.22	1.38	1
572.73	0	1.4	0.0	0.0	0.0	0.0	1.0	1	1953	205.7	411.7	0.22	1.39	1
572.83	0	1.4	0.0	0.0	0.0	0.0	1.0	1	1953	205.7	411.7	0.22	1.39	1
572.93	0	1.4	0.0	0.0	0.0	0.0	1.0	1	1953	205.7	411.7	0.22	1.39	1
573.03	0	1.4	0.0	0.0	0.0	0.0	1.0	1	1953	205.7	411.7	0.22	1.39	1
573.13	0	1.4	0.0	0.0	0.0	0.0	1.0	1	1953	205.7	411.7	0.22	1.39	1
573.23	0	1.4	0.0	0.0	0.0	0.0	1.0	1	1953	205.7	411.7	0.22	1.39	1
573.33	0	1.4	0.0	0.0	0.0	0.0	1.0	1	1953	205.7	411.7	0.22	1.39	1
573.43	0	1.4	0.0	0.0	0.0	0.0	1.0	1	1953	205.7	411.7	0.22	1.4	1
573.53	0	1.4	0.0	0.0	0.0	0.0	1.0	1	1953	205.7	411.7	0.22	1.4	1
573.63	0	1.4	0.0	0.0	0.0	0.0	1.0	1	1953	205.7	411.7	0.22	1.4	1
573.73	0	1.4	0.0	0.0	0.0	0.0	1.0	1	1953	205.7	411.7	0.22	1.4	1
573.83	0	1.4	0.0	0.0	0.0	0.0	1.0	1	1953	205.7	411.7	0.22	1.4	1
573.93	0	1.4	0.0	0.0	0.0	0.0	1.0	1	1953	205.7	411.7	0.22	1.4	1
574.03	0	1.4	0.0	0.0	0.0	0.0	1.0	1	1953	205.7	411.7	0.22	1.41	1
574.13	0	1.4	0.0	0.0	0.0	0.0	1.0	1	1953	205.7	411.7	0.22	1.41	1
574.23	0	1.4	0.0	0.0	0.0	0.0	1.0	1	1953	205.7	411.7	0.22	1.41	1
574.33	0	1.4	0.0	0.0	0.0	0.0	1.0	1	1953	205.7	411.7	0.22	1.41	1
574.43	0	1.4	0.0	0.0	0.0	0.0	1.0	1	1953	205.7	411.7	0.22	1.41	1
574.53	0	1.4	0.0	0.0	0.0	0.0	1.0	1	1953	205.7	411.7	0.22	1.41	1
574.63	0	1.4	0.0	0.0	0.0	0.0	1.0	1	1953	205.7	411.7	0.22	1.41	1
574.73	0	1.4	0.0	0.0	0.0	0.0	1.0	1	1953	205.7	411.7	0.22	1.42	1
574.83	0	1.4	0.0	0.0	0.0	0.0	1.0	1	1953	205.7	411.7	0.22	1.42	1
574.94	0	1.4	0.0	0.0	0.0	0.0	1.0	1	1953	205.7	411.7	0.22	1.42	1
575.04	0	1.4	0.0	0.0	0.0	0.0	1.0	1	1953	205.7	411.7	0.22	1.42	1
575.14	0	1.4	0.0	0.0	0.0	0.0	1.0	1	1953	205.7	411.7	0.22	1.42	1
575.24	0	1.4	0.0	0.0	0.0	0.0	1.0	1	1953	205.7	411.7	0.22	1.42	1
575.34	0	1.4	0.0	0.0	0.0	0.0	1.0	1	1953	205.7	411.7	0.22	1.42	1
575.44	0	1.4	0.0	0.0	0.0	0.0	1.0	1	1953	205.7	411.7	0.22	1.43	1
575.54	0	1.4	0.0	0.0	0.0	0.0	1.0	1	1953	205.7	411.7	0.22	1.43	1
575.64	0	1.4	0.0	0.0	0.0	0.0	1.0	1	1953	205.7	411.7	0.22	1.43	1
575.76	0	1.4	0.0	0.0	0.0	0.0	1.0	1	1953	205.7	411.7	0.22	1.43	1
575.86	0	1.4	0.0	0.0	0.0	0.0	1.0	1	1953	205.7	411.7	0.22	1.43	1
575.96	0	1.4	0.0	0.0	0.0	0.0	1.0	1	1953	205.7	411.7	0.22	1.43	1
576.06	0	1.4	0.0	0.0	0.0	0.0	1.0	1	1953	205.7	411.7	0.22	1.44	1
576.16	0	1.4	0.0	0.0	0.0	0.0	1.0	1	1953	205.7	411.7	0.22	1.44	1
576.26	0	1.4	0.0	0.0	0.0	0.0	1.0	1	1953	205.7	411.7	0.22	1.44	1
576.36	0	1.4	0.0	0.0	0.0	0.0	1.0	1	1953	205.7	411.7	0.22	1.44	1
576.46	0	1.4	0.0	0.0	0.0	0.0	1.0	1	1953	205.7	411.7	0.22	1.44	1
576.56	0	1.4	0.0	0.0	0.0	0.0	1.0	1	1953	205.7	411.7	0.22	1.44	1
576.66	0	1.4	0.0	0.0	0.0	0.0	1.0	1	1953	205.7	411.7	0.22	1.44	1
576.76	0	1.4	0.0	0.0	0.0	0.0	1.0	1	1953	205.7	411.7	0.22	1.45	1
576.86	0	1.4	0.0	0.0	0.0	0.0	1.0	1	1953	205.7	411.7	0.22	1.45	1
576.96	0	1.4	0.0	0.0	0.0	0.0	1.0	1	1953	205.7	411.7	0.22	1.45	1
577.06	0	1.5	0.0	0.0	0.0	0.0	1.0	1	1953	205.7	411.7	0.22	1.45	1
577.16	0	1.5	0.0	0.0	0.0	0.0	1.0	1	1953	205.7	411.7	0.22	1.45	1
577.26	0	1.5	0.0	0.0	0.0	0.0	1.0	1	1953	205.7	411.7	0.22	1.45	1
577.36	0	1.5	0.0	0.0	0.0	0.0	1.0	1	1953	205.7	411.7	0.22	1.46	1
577.46	0	1.5	0.0	0.0	0.0	0.0	1.0	1	1953	205.7	411.7	0.22	1.46	1
577.56	0	1.5	0.0	0.0	0.0	0.0	1.0	1	1953	205.7	411.7	0.22	1.46	1
577.66	0	1.5	0.0	0.0	0.0	0.0	1.0	1	1953	205.7	411.7	0.23	1.46	1
577.76	0	1.5	0.0	0.0	0.0	0.0	1.0	1	1953	205.7	411.7	0.23	1.46	1
577.86	0	1.5	0.0	0.0	0.0	0.0	1.0	1	1953	205.7	411.7	0.23	1.46	1
577.96	0	1.5	0.0	0.0	0.0	0.0	1.0	1	1953	205.7	411.7	0.23	1.46	1
578.06	0	1.5	0.0	0.0	0.0	0.0	1.0	1	1953	205.7	411.7	0.23	1.47	1
578.16	0	1.5	0.0	0.0	0.0	0.0	1.0	1	1953	205.7	411.7	0.23	1.47	1
578.26	0	1.5	0.0	0.0	0.0	0.0	1.0	1	1953	205.7	411.7	0.23	1.47	1
578.36	0	1.5	0.0	0.0	0.0	0.0	1.0	1	1953	205.7	411.7	0.23	1.47	1
578.46	0	1.5	0.0	0.0	0.0	0.0	1.0	1	1953	205.7	411.7	0.23	1.47	1
578.56	0	1.5	0.0	0.0	0.0	0.0	1.0	1	1953	205.7	411.7	0.23	1.47	1
578.66	0	1.5	0.0	0.0	0.0	0.0	1.0	1	1953	205.7	411.7	0.23	1.47	1
578.76	0	1.5	0.0	0.0	0.0	0.0	1.0	1	1953	205.7	411.7	0.23	1.48	1
578.86	0	1.5	0.0	0.0	0.0	0.0	1.0	1	1953	205.7	411.7	0.23	1.48	1
578.96	0	1.5	0.0	0.0	0.0	0.0	1.0	1	1953	205.7	411.7	0.23	1.48	1
579.06	0	1.5	0.0	0.0	0.0	0.0	1.0	1	1953	205.7	411.7	0.23	1.48	1
579.16	0	1.5	0.0	0.0	0.0	0.0	1.0	1	1953	205.7	411.7	0.23	1.48	1
579.26	0	1.5	0.0	0.0	0.0	0.0	1.0	1	1953	205.7	411.7	0.23	1.48	1
579.36	0	1.5	0.0	0.0	0.0	0.0	1.0	1	1953	205.7	411.7	0.23	1.49	1
579.46	0	1.5	0.0	0.0	0.0	0.0	1.0	1	1953	205.7	411.7	0.23	1.49	1
579.56	0	1.5	0.0	0.0	0.0	0.0	1.0	1	1953	205.7	411.7	0.23	1.49	1
579.66	0	1.5	0.0	0.0	0.0	0.0	1.0	1	1953	205.7	411.7	0.23	1.49	1
579.76	0	1.5	0.0	0.0	0.0	0.0	1.0	1	1953	205.7	411.7	0.23	1.49	1
579.86	0	1.5	0.0	0.0	0.0	0.0	1.0	1	1953	205.7	411.7	0.23	1.49	1
579.96	0	1.5	0.0	0.0	0.0	0.0	1.0	1	1953	205.7	411.7	0.23	1.49	1
580.06	0	1.5	0.0	0.0	0.0	0.0	1.0	1	1953	205.7	411.7	0.23	1.5	1
580.16	0	1.5	0.0	0.0	0.0	0.0	1.0	1	1953	205.7	411.7	0.23	1.5	1
580.26	0	1.5	0.0	0.0	0.0	0.0	1.0	1	1953	205.7	411.7	0.23	1.5	1
580.36	0	1.5	0.0	0.0	0.0	0.0	1.0	1	1953	205.7	411.7	0.23	1.5	1
580.46	0	1.5	0.0	0.0	0.0	0.0	1.0	1	1953	205.7	411.7	0.23	1.5	1
580.56	0	1.5	0.0	0.0	0.0	0.0	1.0	1	1953	205.7	411.7	0.23	1.5	1
580.66	0	1.5	0.0	0.0	0.0	0.0	1.0	1	1953	205.7	411.7	0.23	1.51	1
580.76	0	1.5	0.0	0.0	0.0	0.0	1.0	1	1953	205.7	411.7	0.23	1.51	1
580.86	0	1.5	0.0	0.0	0.0	0.0	1.0	1	1953	205.7	411.7	0.23	1.51	1
580.96	0	1.5	0.0	0.0	0.0	0.0	1.0	1	1953	205.7	411.7	0.23	1.51	1
581.06	0	1.5	0.0	0.0	0.0	0.0	1.0	1	1953	205.7	411.7	0.23	1.51	1
581.16	0	1.5	0.0	0.0	0.0	0.0	1.0	1	1953	205.7	411.7	0.23	1.51	1
581.26	0	1.5	0.0	0.0	0.0	0.0	1.0	1	1953	205.7	411.7	0.23	1.51	1
581.36	0	1.5	0.0	0.0	0.0	0.0	1.0	1	1953	205.7	411.7	0.23	1.52	1
581.46	0	1.5	0.0	0.0	0.0	0.0	1.0	1	1953	205.7	411.7	0.23	1.52	1
581.56	0	1.5	0.0	0.0	0.0	0.0	1.0	1	1953	205.7	411.7	0.23	1.52	1
581.66	0	1.5	0.0	0.0	0.0	0.0	1.0	1	1953	205.7	411.7	0.23	1.52	1
581.76	0	1.5	0.0	0.0	0.0	0.0	1.0	1	1953	205.7	411.7	0.23	1.52	1
581.86	0	1.5	0.0	0.0	0.0	0.0	1.0	1	1953	205.7	411.7	0.23	1.52	1
581.96	0	1.5	0.0	0.0	0.0	0.0	1.0	1	1953	205.7	411.7	0.23	1.53	1
582.06	0	1.5	0.0	0.0	0.0	0.0	1.0	1	1953	205.7	411.7	0.23	1.53	1
582.16	0	1.5	0.0	0.0	0.0	0.0	1.0	1	1953	205.7	411.7	0.23	1.53	1
582.26	0	1.5	0.0	0.0	0.0	0.0	1.0	1	1953	205.7	411.7	0.23	1.53	1
582.36	0	1.5	0.0	0.0	0.0	0.0	1.0	1	1953	205.7	411.7	0.23	1.53	1
582.46	0	1.5	0.0	0.0	0.0	0.0	1.0	1	1953	205.7	411.7	0.23	1.53	1
582.56	0	1.5	0.0	0.0	0.0	0.0	1.0	1	1953	205.7	411.7	0.23	1.53	1
582.66	0	1.5	0.0	0.0	0.0	0.0	1.0	1	1953	205.7	411.7	0.23	1.54	1
582.76	0	1.5	0.0	0.0	0.0	0.0	1.0	1	1953	205.7	411.7	0.23	1.54	1
582.86	0	1.5	0.0	0.0	0.0	0.0	1.0	1	1953	205.7	411.7	0.23	1.54	1
582.96	0	1.5	0.0	0.0	0.0	0.0	1.0	1	1953	205.7	411.7	0.23	1.54	1
583.06	0	1.5	0.0	0.0	0.0	0.0	1.0	1	1953	205.7	411.7	0.23	1.54	1
583.16	0	1.5	0.0	0.0	0.0	0.0	1.0	1	1953	205.7	411.7	0.23	1.54	1
583.26	0	1.5	0.0	0.0	0.0	0.0	1.0	1	1953	205.7	411.7	0.23	1.55	1
583.36	0	1.5	0.0	0.0	0.0	0.0	1.0	1	1953	205.7	411.7	0.23	1.55	1
583.46	0	1.5	0.0	0.0	0.0	0.0	1.0	1	1953	205.7	411.7	0.23	1.55	1
583.56	0	1.5	0.0	0.0	0.0	0.0	1.0	1	1953	205.7	411.7	0.23	1.55	1
583.66	0	1.6	0.0	0.0	0.0	0.0	1.0	1	1953	205.7	411.7	0.23	1.55	1
583.76	0	1.6	0.0	0.0	0.0	0.0	1.0	1	1953	205.7	411.7	0.23	1.55	1
583.86	0	1.6	0.0	0.0	0.0	0.0	1.0	1	1953	205.7	411.7	0.23	1.55	1
583.96	0	1.6	0.0	0.0	0.0	0.0	1.0	1	1953	205.7	411.7	0.23	1.56	1
584.06	0	1.6	0.0	0.0	0.0	0.0	1.0	1	1953	205.7	411.7	0.23	1.56	1
584.16	0	1.6	0.0	0.0	0.0	0.0	1.0	1	1953	205.7	411.7	0.23	1.56	1
584.26	0	1.6	0.0	0.0	0.0	0.0	1.0	1	1953	205.7	411.7	0.23	1.56	1
584.36	0	1.6	0.0	0.0	0.0	0.0	1.0	1	1953	205.7	411.7	0.23	1.56	1
584.46	0	1.6	0.0	0.0	0.0	0.0	1.0	1	1953	205.7	411.7	0.23	1.56	1
584.56	0	1.6	0.0	0.0	0.0	0.0	1.0	1	1953	205.7	411.7	0.23	1.57	1
584.66	0	1.6	0.0	0.0	0.0	0.0	1.0	1	1953	205.7	411.7	0.23	1.57	1
584.76	0	1.6	0.0	0.0	0.0	0.0	1.0	1	1953	205.7	411.7	0.23	1.57	1
584.86	0	1.6	0.0	0.0	0.0	0.0	1.0	1	1953	205.7	411.7	0.23	1.57	1
584.96	0	1.6	0.0	0.0	0.0	0.0	1.0	1	1953	205.7	411.7	0.23	1.57	1
585.06	0	1.6	0.0	0.0	0.0	0.0	1.0	1	1953	205.7	411.7	0.23	1.57	1
585.16	0	1.6	0.0	0.0	0.0	0.0	1.0	1	1953	205.7	411.7	0.23	1.57	1
585.26	0	1.6	0.0	0.0	0.0	0.0	1.0	1	1953	205.7	411.7	0.23	1.58	1
585.36	0	1.6	0.0	0.0	0.0	0.0	1.0	1	1953	205.7	411.7	0.23	1.58	1
585.46	0	1.6	0.0	0.0	0.0	0.0	1.0	1	1953	205.7	411.7	0.23	1.58	1
585.56	0	1.6	0.0	0.0	0.0	0.0	1.0	1	1953	205.7	411.7	0.23	1.58	1
585.66	0	1.6	0.0	0.0	0.0	0.0	1.0	1	1953	205.7	411.7	0.23	1.58	1
585.78	0	1.6	0.0	0.0	0.0	0.0	1.0	1	1953	205.7	411.7	0.23	1.58	1
585.88	0	1.6	0.0	0.0	0.0	0.0	1.0	1	1953	205.7	411.7	0.23	1.59	1
585.98	0	1.6	0.0	0.0	0.0	0.0	1.0	1	1953	205.7	411.7	0.23	1.59	1
586.08	0	1.6	0.0	0.0	0.0	0.0	1.0	1	1953	205.7	411.7	0.23	1.59	1
586.18	0	1.6	0.0	0.0	0.0	0.0	1.0	1	1953	205.7	411.7	0.23	1.59	1
586.28	0	1.6	0.0	0.0	0.0	0.0	1.0	1	1953	205.7	411.7	0.23	1.59	1
586.38	0	1.6	0.0	0.0	0.0	0.0	1.0	1	1953	205.7	411.7	0.23	1.59	1
586.48	0	1.6	0.0	0.0	0.0	0.0	1.0	1	1953	205.7	411.7	0.23	1.59	1
586.58	0	1.6	0.0	0.0	0.0	0.0	1.0	1	1953	205.7	411.7	0.23	1.6	1
586.68	0	1.6	0.0	0.0	0.0	0.0	1.0	1	1953	205.7	411.7	0.23	1.6	1
586.78	0	1.6	0.0	0.0	0.0	0.0	1.0	1	1953	205.7	411.7	0.23	1.6	1
586.88	0	1.6	0.0	0.0	0.0	0.0	1.0	1	1953	205.7	411.7	0.23	1.6	1
586.98	0	1.6	0.0	0.0	0.0	0.0	1.0	1	1953	205.7	411.7	0.23	1.6	1
587.08	0	1.6	0.0	0.0	0.0	0.0	1.0	1	1953	205.7	411.7	0.23	1.6	1
587.18	0	1.6	0.0	0.0	0.0	0.0	1.0	1	1953	205.7	411.7	0.23	1.61	1
587.28	0	1.6	0.0	0.0	0.0	0.0	1.0	1	1953	205.7	411.7	0.23	1.61	1
587.38	0	1.6	0.0	0.0	0.0	0.0	1.0	1	1953	205.7	411.7	0.23	1.61	1
587.48	0	1.6	0.0	0.0	0.0	0.0	1.0	1	1953	205.7	411.7	0.23	1.61	1
587.58	0	1.6	0.0	0.0	0.0	0.0	1.0	1	1953	205.7	411.7	0.23	1.61	1
587.68	0	1.6	0.0	0.0	0.0	0.0	1.0	1	1953	205.7	411.7	0.23	1.61	1
587.78	0	1.6	0.0	0.0	0.0	0.0	1.0	1	1953	205.7	411.7	0.23	1.62	1
587.88	0	1.6	0.0	0.0	0.0	0.0	1.0	1	1953	205.7	411.7	0.23	1.62	1
587.98	0	1.6	0.0	0.0	0.0	0.0	1.0	1	1953	205.7	411.7	0.23	1.62	1
588.08	0	1.6	0.0	0.0	0.0	0.0	1.0	1	1953	205.7	411.7	0.23	1.62	1
588.18	0	1.6	0.0	0.0	0.0	0.0	1.0	1	1953	205.7	411.7	0.23	1.62	1
588.28	0	1.6	0.0	0.0	0.0	0.0	1.0	1	1953	205.7	411.7	0.23	1.62	1
588.38	0	1.6	0.0	0.0	0.0	0.0	1.0	1	1953	205.7	411.7	0.23	1.62	1
588.48	0	1.6	0.0	0.0	0.0	0.0	1.0	1	1953	205.7	411.7	0.23	1.63	1
588.58	0	1.6	0.0	0.0	0.0	0.0	1.0	1	1953	205.7	411.7	0.23	1.63	1
588.68	0	1.6	0.0	0.0	0.0	0.0	1.0	1	1953	205.7	411.7	0.23	1.63	1
588.78	0	1.6	0.0	0.0	0.0	0.0	1.0	1	1953	205.7	411.7	0.23	1.63	1
588.88	0	1.6	0.0	0.0	0.0	0.0	1.0	1	1953	205.7	411.7	0.23	1.63	1
588.98	0	1.6	0.0	0.0	0.0	0.0	1.0	1	1953	205.7	411.7	0.23	1.63	1
589.08	0	1.6	0.0	0.0	0.0	0.0	1.0	1	1953	205.7	411.7	0.23	1.64	1
589.18	0	1.6	0.0	0.0	0.0	0.0	1.0	1	1953	205.7	411.7	0.23	1.64	1
589.28	0	1.6	0.0	0.0	0.0	0.0	1.0	1	1953	205.7	411.7	0.23	1.64	1
589.38	0	1.6	0.0	0.0	0.0	0.0	1.0	1	1953	205.7	411.7	0.23	1.64	1
589.48	0	1.6	0.0	0.0	0.0	0.0	1.0	1	1953	205.7	411.7	0.23	1.64	1
589.58	0	1.6	0.0	0.0	0.0	0.0	1.0	1	1953	205.7	411.7	0.23	1.64	1
589.68	0	1.6	0.0	0.0	0.0	0.0	1.0	1	1953	205.7	411.7	0.23	1.64	1
589.78	0	1.6	0.0	0.0	0.0	0.0	1.0	1	1953	205.7	411.7	0.23	1.65	1
589.88	0	1.6	0.0	0.0	0.0	0.0	1.0	1	1953	205.7	411.7	0.23	1.65	1
589.98	0	1.6	0.0	0.0	0.0	0.0	1.0	1	1953	205.7	411.7	0.23	1.65	1
590.08	0	1.7	0.0	0.0	0.0	0.0	1.0	1	1953	205.7	411.7	0.23	1.65	1
590.18	0	1.7	0.0	0.0	0.0	0.0	1.0	1	1953	205.7	411.7	0.23	1.65	1
590.28	0	1.7	0.0	0.0	0.0	0.0	1.0	1	1953	205.7	411.7	0.23	1.65	1
590.38	0	1.7	0.0	0.0	0.0	0.0	1.0	1	1953	205.7	411.7	0.23	1.66	1
590.48	0	1.7	0.0	0.0	0.0	0.0	1.0	1	1953	205.7	411.7	0.23	1.66	1
590.58	0	1.7	0.0	0.0	0.0	0.0	1.0	1	1953	205.7	411.7	0.23	1.66	1
590.68	0	1.7	0.0	0.0	0.0	0.0	1.0	1	1953	205.7	411.7	0.23	1.66	1
590.78	0	1.7	0.0	0.0	0.0	0.0	1.0	1	1953	205.7	411.7	0.23	1.66	1
590.88	0	1.7	0.0	0.0	0.0	0.0	1.0	1	1953	205.7	411.7	0.23	1.66	1
590.99	0	1.7	0.0	0.0	0.0	0.0	1.0	1	1953	205.7	411.7	0.23	1.67	1
591.09	0	1.7	0.0	0.0	0.0	0.0	1.0	1	1953	205.7	411.7	0.23	1.67	1
591.19	0	1.7	0.0	0.0	0.0	0.0	1.0	1	1953	205.7	411.7	0.23	1.67	1
591.29	0	1.7	0.0	0.0	0.0	0.0	1.0	1	1953	205.7	411.7	0.23	1.67	1
591.39	0	1.7	0.0	0.0	0.0	0.0	1.0	1	1953	205.7	411.7	0.23	1.67	1
591.49	0	1.7	0.0	0.0	0.0	0.0	1.0	1	1953	205.7	411.7	0.23	1.67	1
591.59	0	1.7	0.0	0.0	0.0	0.0	1.0	1	1953	205.7	411.7	0.23	1.67	1
591.69	0	1.7	0.0	0.0	0.0	0.0	1.0	1	1953	205.7	411.7	0.23	1.68	1
591.79	0	1.7	0.0	0.0	0.0	0.0	1.0	1	1953	205.7	411.7	0.23	1.68	1
591.89	0	1.7	0.0	0.0	0.0	0.0	1.0	1	1953	205.7	411.7	0.23	1.68	1
591.99	0	1.7	0.0	0.0	0.0	0.0	1.0	1	1953	205.7	411.7	0.23	1.68	1
592.09	0	1.7	0.0	0.0	0.0	0.0	1.0	1	1953	205.7	411.7	0.23	1.68	1
592.19	0	1.7	0.0	0.0	0.0	0.0	1.0	1	1953	205.7	411.7	0.23	1.68	1
592.29	0	1.7	0.0	0.0	0.0	0.0	1.0	1	1953	205.7	411.7	0.23	1.69	1
592.39	0	1.7	0.0	0.0	0.0	0.0	1.0	1	1953	205.7	411.7	0.23	1.69	1
592.49	0	1.7	0.0	0.0	0.0	0.0	1.0	1	1953	205.7	411.8	0.23	1.69	1
592.59	0	1.7	0.0	0.0	0.0	0.0	1.0	1	1953	205.7	411.8	0.23	1.69	1
592.69	0	1.7	0.0	0.0	0.0	0.0	1.0	1	1953	205.7	411.8	0.23	1.69	1
592.79	0	1.7	0.0	0.0	0.0	0.0	1.0	1	1953	205.7	411.8	0.23	1.69	1
592.89	0	1.7	0.0	0.0	0.0	0.0	1.0	1	1953	205.7	411.8	0.23	1.7	1
592.99	0	1.7	0.0	0.0	0.0	0.0	1.0	1	1953	205.7	411.8	0.23	1.7	1
593.09	0	1.7	0.0	0.0	0.0	0.0	1.0	1	1953	205.7	411.8	0.23	1.7	1
593.19	0	1.7	0.0	0.0	0.0	0.0	1.0	1	1953	205.7	411.8	0.23	1.7	1
593.29	0	1.7	0.0	0.0	0.0	0.0	1.0	1	1953	205.7	411.8	0.23	1.7	1
593.39	0	1.7	0.0	0.0	0.0	0.0	1.0	1	1953	205.7	411.8	0.23	1.7	1
593.49	0	1.7	0.0	0.0	0.0	0.0	1.0	1	1953	205.7	411.8	0.23	1.7	1
593.59	0	1.7	0.0	0.0	0.0	0.0	1.0	1	1953	205.7	411.8	0.23	1.71	1
593.69	0	1.7	0.0	0.0	0.0	0.0	1.0	1	1953	205.7	411.8	0.23	1.71	1
593.79	0	1.7	0.0	0.0	0.0	0.0	1.0	1	1953	205.7	411.8	0.23	1.71	1
593.89	0	1.7	0.0	0.0	0.0	0.0	1.0	1	1953	205.7	411.8	0.23	1.71	1
593.99	0	1.7	0.0	0.0	0.0	0.0	1.0	1	1953	205.7	411.8	0.23	1.71	1
594.09	0	1.7	0.0	0.0	0.0	0.0	1.0	1	1953	205.7	411.8	0.23	1.71	1
594.19	0	1.7	0.0	0.0	0.0	0.0	1.0	1	1953	205.7	411.8	0.23	1.72	1
594.29	0	1.7	0.0	0.0	0.0	0.0	1.0	1	1953	205.7	411.8	0.23	1.72	1
594.39	0	1.7	0.0	0.0	0.0	0.0	1.0	1	1953	205.7	411.8	0.23	1.72	1
594.49	0	1.7	0.0	0.0	0.0	0.0	1.0	1	1953	205.7	411.8	0.23	1.72	1
594.59	0	1.7	0.0	0.0	0.0	0.0	1.0	1	1953	205.7	411.8	0.23	1.72	1
594.69	0	1.7	0.0	0.0	0.0	0.0	1.0	1	1953	205.7	411.8	0.23	1.72	1
594.79	0	1.7	0.0	0.0	0.0	0.0	1.0	1	1953	205.7	411.8	0.23	1.73	1
594.89	0	1.7	0.0	0.0	0.0	0.0	1.0	1	1953	205.7	411.8	0.23	1.73	1
594.99	0	1.7	0.0	0.0	0.0	0.0	1.0	1	1953	205.7	411.8	0.23	1.73	1
595.09	0	1.7	0.0	0.0	0.0	0.0	1.0	1	1953	205.7	411.8	0.23	1.73	1
595.19	0	1.7	0.0	0.0	0.0	0.0	1.0	1	1953	205.7	411.8	0.23	1.73	1
595.29	0	1.7	0.0	0.0	0.0	0.0	1.0	1	1953	205.7	411.8	0.23	1.73	1
595.39	0	1.7	0.0	0.0	0.0	0.0	1.0	1	1953	205.7	411.8	0.23	1.73	1
595.49	0	1.7	0.0	0.0	0.0	0.0	1.0	1	1953	205.7	411.8	0.23	1.74	1
595.59	0	1.7	0.0	0.0	0.0	0.0	1.0	1	1953	205.7	411.8	0.23	1.74	1
595.69	0	1.7	0.0	0.0	0.0	0.0	1.0	1	1953	205.7	411.8	0.23	1.74	1
595.81	0	1.7	0.0	0.0	0.0	0.0	1.0	1	1953	205.7	411.8	0.23	1.74	1
595.91	0	1.7	0.0	0.0	0.0	0.0	1.0	1	1953	205.7	411.8	0.23	1.74	1
596.01	0	1.7	0.0	0.0	0.0	0.0	1.0	1	1953	205.7	411.8	0.23	1.74	1
596.11	0	1.7	0.0	0.0	0.0	0.0	1.0	1	1953	205.7	411.8	0.23	1.75	1
596.21	0	1.7	0.0	0.0	0.0	0.0	1.0	1	1953	205.7	411.8	0.23	1.75	1
596.31	0	1.7	0.0	0.0	0.0	0.0	1.0	1	1953	205.7	411.8	0.23	1.75	1
596.41	0	1.8	0.0	0.0	0.0	0.0	1.0	1	1953	205.7	411.8	0.23	1.75	1
596.51	0	1.8	0.0	0.0	0.0	0.0	1.0	1	1953	205.7	411.8	0.23	1.75	1
596.61	0	1.8	0.0	0.0	0.0	0.0	1.0	1	1953	205.7	411.8	0.23	1.75	1
596.71	0	1.8	0.0	0.0	0.0	0.0	1.0	1	1953	205.7	411.8	0.23	1.76	1
596.81	0	1.8	0.0	0.0	0.0	0.0	1.0	1	1953	205.7	411.8	0.23	1.76	1
596.91	0	1.8	0.0	0.0	0.0	0.0	1.0	1	1953	205.7	411.8	0.23	1.76	1
597.01	0	1.8	0.0	0.0	0.0	0.0	1.0	1	1953	205.7	411.8	0.23	1.76	1
597.11	0	1.8	0.0	0.0	0.0	0.0	1.0	1	1953	205.7	411.8	0.23	1.76	1
597.21	0	1.8	0.0	0.0	0.0	0.0	1.0	1	1953	205.7	411.8	0.23	1.76	1
597.31	0	1.8	0.0	0.0	0.0	0.0	1.0	1	1953	205.7	411.8	0.23	1.77	1
597.41	0	1.8	0.0	0.0	0.0	0.0	1.0	1	1953	205.7	411.8	0.23	1.77	1
597.51	0	1.8	0.0	0.0	0.0	0.0	1.0	1	1953	205.7	411.8	0.23	1.77	1
597.61	0	1.8	0.0	0.0	0.0	0.0	1.0	1	1953	205.7	411.8	0.23	1.77	1
597.71	0	1.8	0.0	0.0	0.0	0.0	1.0	1	1953	205.7	411.8	0.23	1.77	1
597.81	0	1.8	0.0	0.0	0.0	0.0	1.0	1	1953	205.7	411.8	0.23	1.77	1
597.91	0	1.8	0.0	0.0	0.0	0.0	1.0	1	1953	205.7	411.8	0.23	1.78	1
598.01	0	1.8	0.0	0.0	0.0	0.0	1.0	1	1953	205.7	411.8	0.23	1.78	1
598.11	0	1.8	0.0	0.0	0.0	0.0	1.0	1	1953	205.7	411.8	0.23	1.78	1
598.21	0	1.8	0.0	0.0	0.0	0.0	1.0	1	1953	205.7	411.8	0.23	1.78	1
598.31	0	1.8	0.0	0.0	0.0	0.0	1.0	1	1953	205.7	411.8	0.23	1.78	1
598.41	0	1.8	0.0	0.0	0.0	0.0	1.0	1	1953	205.7	411.8	0.23	1.78	1
598.51	0	1.8	0.0	0.0	0.0	0.0	1.0	1	1953	205.7	411.8	0.23	1.78	1
598.61	0	1.8	0.0	0.0	0.0	0.0	1.0	1	1953	205.7	411.8	0.23	1.79	1
598.71	0	1.8	0.0	0.0	0.0	0.0	1.0	1	1953	205.7	411.8	0.23	1.79	1
598.81	0	1.8	0.0	0.0	0.0	0.0	1.0	1	1953	205.7	411.8	0.23	1.79	1
598.91	0	1.8	0.0	0.0	0.0	0.0	1.0	1	1953	205.7	411.8	0.23	1.79	1
599.03	0	1.8	0.0	0.0	0.0	0.0	1.0	1	1953	205.7	411.8	0.23	1.79	1
599.13	0	1.8	0.0	0.0	0.0	0.0	1.0	1	1953	205.7	411.8	0.23	1.79	1
599.23	0	1.8	0.0	0.0	0.0	0.0	1.0	1	1953	205.7	411.8	0.23	1.8	1
599.33	0	1.8	0.0	0.0	0.0	0.0	1.0	1	1953	205.7	411.8	0.23	1.8	1
599.43	0	1.8	0.0	0.0	0.0	0.0	1.0	1	1953	205.7	411.8	0.23	1.8	1
599.53	0	1.8	0.0	0.0	0.0	0.0	1.0	1	1953	205.7	411.8	0.23	1.8	1
599.63	0	1.8	0.0	0.0	0.0	0.0	1.0	1	1953	205.7	411.8	0.23	1.8	1
599.73	0	1.8	0.0	0.0	0.0	0.0	1.0	1	1953	205.7	411.8	0.23	1.8	1
599.83	0	1.8	0.0	0.0	0.0	0.0	1.0	1	1953	205.7	411.8	0.23	1.81	1
599.93	0	1.8	0.0	0.0	0.0	0.0	1.0	1	1953	205.7	411.8	0.23	1.81	1
600.03	0	1.8	0.0	0.0	0.0	0.0	1.0	1	1953	205.7	411.8	0.23	1.81	1
600.13	0	1.8	0.0	0.0	0.0	0.0	1.0	1	1953	205.7	411.8	0.23	1.81	1
600.24	0	1.8	0.0	0.0	0.0	0.0	1.0	1	1953	205.7	411.8	0.23	1.81	1
600.34	0	1.8	0.0	0.0	0.0	0.0	1.0	1	1953	205.7	411.8	0.23	1.81	1
600.44	0	1.8	0.0	0.0	0.0	0.0	1.0	1	1953	205.7	411.8	0.23	1.82	1
600.54	0	1.8	0.0	0.0	0.0	0.0	1.0	1	1953	205.7	411.8	0.23	1.82	1
600.64	0	1.8	0.0	0.0	0.0	0.0	1.0	1	1953	205.7	411.8	0.23	1.82	1
600.74	0	1.8	0.0	0.0	0.0	0.0	1.0	1	1953	205.7	411.8	0.23	1.82	1
600.84	0	1.8	0.0	0.0	0.0	0.0	1.0	1	1953	205.7	411.8	0.23	1.82	1
600.94	0	1.8	0.0	0.0	0.0	0.0	1.0	1	1953	205.7	411.8	0.23	1.82	1
601.04	0	1.8	0.0	0.0	0.0	0.0	1.0	1	1953	205.7	411.8	0.23	1.83	1
601.14	0	1.8	0.0	0.0	0.0	0.0	1.0	1	1953	205.7	411.8	0.23	1.83	1
601.24	0	1.8	0.0	0.0	0.0	0.0	1.0	1	1953	205.7	411.8	0.23	1.83	1
601.34	0	1.8	0.0	0.0	0.0	0.0	1.0	1	1953	205.7	411.8	0.23	1.83	1
601.44	0	1.8	0.0	0.0	0.0	0.0	1.0	1	1953	205.7	411.8	0.23	1.83	1
601.54	0	1.8	0.0	0.0	0.0	0.0	1.0	1	1953	205.7	411.8	0.23	1.83	1
601.64	0	1.8	0.0	0.0	0.0	0.0	1.0	1	1953	205.7	411.8	0.23	1.84	1
601.74	0	1.8	0.0	0.0	0.0	0.0	1.0	1	1953	205.7	411.8	0.23	1.84	1
601.84	0	1.8	0.0	0.0	0.0	0.0	1.0	1	1953	205.7	411.8	0.23	1.84	1
601.94	0	1.8	0.0	0.0	0.0	0.0	1.0	1	1953	205.7	411.8	0.23	1.84	1
602.04	0	1.8	0.0	0.0	0.0	0.0	1.0	1	1953	205.7	411.8	0.23	1.84	1
602.14	0	1.8	0.0	0.0	0.0	0.0	1.0	1	1953	205.7	411.8	0.23	1.84	1
602.24	0	1.8	0.0	0.0	0.0	0.0	1.0	1	1953	205.7	411.8	0.23	1.84	1
602.34	0	1.8	0.0	0.0	0.0	0.0	1.0	1	1953	205.7	411.8	0.23	1.85	1
602.44	0	1.8	0.0	0.0	0.0	0.0	1.0	1	1953	205.7	411.8	0.23	1.85	1
602.54	0	1.8	0.0	0.0	0.0	0.0	1.0	1	1953	205.7	411.8	0.23	1.85	1
602.64	0	1.9	0.0	0.0	0.0	0.0	1.0	1	1953	205.7	411.8	0.23	1.85	1
602.74	0	1.9	0.0	0.0	0.0	0.0	1.0	1	1953	205.7	411.8	0.23	1.85	1
602.84	0	1.9	0.0	0.0	0.0	0.0	1.0	1	1953	205.7	411.8	0.23	1.85	1
602.94	0	1.9	0.0	0.0	0.0	0.0	1.0	1	1953	205.7	411.8	0.23	1.86	1
603.04	0	1.9	0.0	0.0	0.0	0.0	1.0	1	1953	205.7	411.8	0.23	1.86	1
603.14	0	1.9	0.0	0.0	0.0	0.0	1.0	1	1953	205.7	411.8	0.23	1.86	1
603.24	0	1.9	0.0	0.0	0.0	0.0	1.0	1	1953	205.7	411.8	0.23	1.86	1
603.34	0	1.9	0.0	0.0	0.0	0.0	1.0	1	1953	205.7	411.8	0.24	1.86	1
603.44	0	1.9	0.0	0.0	0.0	0.0	1.0	1	1953	205.7	411.8	0.24	1.86	1
603.54	0	1.9	0.0	0.0	0.0	0.0	1.0	1	1953	205.7	411.8	0.24	1.87	1
603.64	0	1.9	0.0	0.0	0.0	0.0	1.0	1	1953	205.7	411.8	0.24	1.87	1
603.74	0	1.9	0.0	0.0	0.0	0.0	1.0	1	1953	205.7	411.8	0.24	1.87	1
603.84	0	1.9	0.0	0.0	0.0	0.0	1.0	1	1953	205.7	411.8	0.24	1.87	1
603.94	0	1.9	0.0	0.0	0.0	0.0	1.0	1	1953	205.7	411.8	0.24	1.87	1
604.04	0	1.9	0.0	0.0	0.0	0.0	1.0	1	1953	205.7	411.8	0.24	1.87	1
604.14	0	1.9	0.0	0.0	0.0	0.0	1.0	1	1953	205.7	411.8	0.24	1.88	1
604.24	0	1.9	0.0	0.0	0.0	0.0	1.0	1	1953	205.7	411.8	0.24	1.88	1
604.34	0	1.9	0.0	0.0	0.0	0.0	1.0	1	1953	205.7	411.8	0.24	1.88	1
604.44	0	1.9	0.0	0.0	0.0	0.0	1.0	1	1953	205.7	411.8	0.24	1.88	1
604.54	0	1.9	0.0	0.0	0.0	0.0	1.0	1	1953	205.7	411.8	0.24	1.88	1
604.64	0	1.9	0.0	0.0	0.0	0.0	1.0	1	1953	205.7	411.8	0.24	1.88	1
604.74	0	1.9	0.0	0.0	0.0	0.0	1.0	1	1953	205.7	411.8	0.24	1.89	1
604.84	0	1.9	0.0	0.0	0.0	0.0	1.0	1	1953	205.7	411.8	0.24	1.89	1
604.94	0	1.9	0.0	0.0	0.0	0.0	1.0	1	1953	205.7	411.8	0.24	1.89	1
605.04	0	1.9	0.0	0.0	0.0	0.0	1.0	1	1953	205.7	411.8	0.24	1.89	1
605.14	0	1.9	0.0	0.0	0.0	0.0	1.0	1	1953	205.7	411.8	0.24	1.89	1
605.24	0	1.9	0.0	0.0	0.0	0.0	1.0	1	1953	205.7	411.8	0.24	1.89	1
605.34	0	1.9	0.0	0.0	0.0	0.0	1.0	1	1953	205.7	411.8	0.24	1.9	1
605.44	0	1.9	0.0	0.0	0.0	0.0	1.0	1	1953	205.7	411.8	0.24	1.9	1
605.54	0	1.9	0.0	0.0	0.0	0.0	1.0	1	1953	205.7	411.8	0.24	1.9	1
605.64	0	1.9	0.0	0.0	0.0	0.0	1.0	1	1953	205.7	411.8	0.24	1.9	1
605.74	0	1.9	0.0	0.0	0.0	0.0	1.0	1	1953	205.7	411.8	0.24	1.9	1
605.84	0	1.9	0.0	0.0	0.0	0.0	1.0	1	1953	205.7	411.8	0.24	1.9	1
605.94	0	1.9	0.0	0.0	0.0	0.0	1.0	1	1953	205.7	411.8	0.24	1.91	1
606.04	0	1.9	0.0	0.0	0.0	0.0	1.0	1	1953	205.7	411.8	0.24	1.91	1
606.14	0	1.9	0.0	0.0	0.0	0.0	1.0	1	1953	205.7	411.8	0.24	1.91	1
606.24	0	1.9	0.0	0.0	0.0	0.0	1.0	1	1953	205.7	411.8	0.24	1.91	1
606.34	0	1.9	0.0	0.0	0.0	0.0	1.0	1	1953	205.7	411.8	0.24	1.91	1
606.44	0	1.9	0.0	0.0	0.0	0.0	1.0	1	1953	205.7	411.8	0.24	1.91	1
606.54	0	1.9	0.0	0.0	0.0	0.0	1.0	1	1953	205.7	411.8	0.24	1.91	1
606.64	0	1.9	0.0	0.0	0.0	0.0	1.0	1	1953	205.7	411.8	0.24	1.92	1
606.78	0	1.9	0.0	0.0	0.0	0.0	1.0	1	1953	205.7	411.8	0.24	1.92	1
606.88	0	1.9	0.0	0.0	0.0	0.0	1.0	1	1953	205.7	411.8	0.24	1.92	1
606.98	0	1.9	0.0	0.0	0.0	0.0	1.0	1	1953	205.7	411.8	0.24	1.92	1
607.11	0	1.9	0.0	0.0	0.0	0.0	1.0	1	1953	205.7	411.8	0.24	1.92	1
607.18	0	1.9	0.0	0.0	0.0	0.0	1.0	1	1953	205.7	411.8	0.24	1.93	1
607.28	0	1.9	0.0	0.0	0.0	0.0	1.0	1	1953	205.7	411.8	0.24	1.93	1
607.38	0	1.9	0.0	0.0	0.0	0.0	1.0	1	1953	205.7	411.8	0.24	1.93	1
607.48	0	1.9	0.0	0.0	0.0	0.0	1.0	1	1953	205.7	411.8	0.24	1.93	1
607.58	0	1.9	0.0	0.0	0.0	0.0	1.0	1	1953	205.7	411.8	0.24	1.93	1
607.68	0	1.9	0.0	0.0	0.0	0.0	1.0	1	1953	205.7	411.8	0.24	1.93	1
607.78	0	1.9	0.0	0.0	0.0	0.0	1.0	1	1953	205.7	411.8	0.24	1.94	1
607.88	0	1.9	0.0	0.0	0.0	0.0	1.0	1	1953	205.7	411.8	0.24	1.94	1
607.98	0	1.9	0.0	0.0	0.0	0.0	1.0	1	1953	205.7	411.8	0.24	1.94	1
608.08	0	1.9	0.0	0.0	0.0	0.0	1.0	1	1953	205.7	411.8	0.24	1.94	1
608.18	0	1.9	0.0	0.0	0.0	0.0	1.0	1	1953	205.7	411.8	0.24	1.94	1
608.28	0	1.9	0.0	0.0	0.0	0.0	1.0	1	1953	205.7	411.8	0.24	1.94	1
608.38	0	1.9	0.0	0.0	0.0	0.0	1.0	1	1953	205.7	411.8	0.24	1.95	1
608.48	0	1.9	0.0	0.0	0.0	0.0	1.0	1	1953	205.7	411.8	0.24	1.95	1
608.58	0	1.9	0.0	0.0	0.0	0.0	1.0	1	1953	205.7	411.8	0.24	1.95	1
608.68	0	2.0	0.0	0.0	0.0	0.0	1.0	1	1953	205.7	411.8	0.24	1.95	1
608.78	0	2.0	0.0	0.0	0.0	0.0	1.0	1	1953	205.7	411.8	0.24	1.95	1
608.88	0	2.0	0.0	0.0	0.0	0.0	1.0	1	1953	205.7	411.8	0.24	1.95	1
608.98	0	2.0	0.0	0.0	0.0	0.0	1.0	1	1953	205.7	411.8	0.24	1.95	1
609.08	0	2.0	0.0	0.0	0.0	0.0	1.0	1	1953	205.7	411.8	0.24	1.96	1
609.18	0	2.0	0.0	0.0	0.0	0.0	1.0	1	1953	205.7	411.8	0.24	1.96	1
609.28	0	2.0	0.0	0.0	0.0	0.0	1.0	1	1953	205.7	411.8	0.24	1.96	1
609.38	0	2.0	0.0	0.0	0.0	0.0	1.0	1	1953	205.7	411.8	0.24	1.96	1
609.48	0	2.0	0.0	0.0	0.0	0.0	1.0	1	1953	205.7	411.8	0.24	1.96	1
609.58	0	2.0	0.0	0.0	0.0	0.0	1.0	1	1953	205.7	411.8	0.24	1.96	1
609.68	0	2.0	0.0	0.0	0.0	0.0	1.0	1	1953	205.7	411.8	0.24	1.97	1
609.78	0	2.0	0.0	0.0	0.0	0.0	1.0	1	1953	205.7	411.8	0.24	1.97	1
609.88	0	2.0	0.0	0.0	0.0	0.0	1.0	1	1953	205.7	411.8	0.24	1.97	1
609.98	0	2.0	0.0	0.0	0.0	0.0	1.0	1	1953	205.7	411.8	0.24	1.97	1
610.08	0	2.0	0.0	0.0	0.0	0.0	1.0	1	1953	205.7	411.8	0.24	1.97	1
610.18	0	2.0	0.0	0.0	0.0	0.0	1.0	1	1953	205.7	411.8	0.24	1.97	1
610.28	0	2.0	0.0	0.0	0.0	0.0	1.0	1	1953	205.7	411.8	0.24	1.98	1
610.38	0	2.0	0.0	0.0	0.0	0.0	1.0	1	1953	205.7	411.8	0.24	1.98	1
610.48	0	2.0	0.0	0.0	0.0	0.0	1.0	1	1953	205.7	411.8	0.24	1.98	1
610.58	0	2.0	0.0	0.0	0.0	0.0	1.0	1	1953	205.7	411.8	0.24	1.98	1
610.68	0	2.0	0.0	0.0	0.0	0.0	1.0	1	1953	205.7	411.8	0.24	1.98	1
610.78	0	2.0	0.0	0.0	0.0	0.0	1.0	1	1953	205.7	411.8	0.24	1.98	1
610.88	0	2.0	0.0	0.0	0.0	0.0	1.0	1	1953	205.7	411.8	0.24	1.99	1
610.98	0	2.0	0.0	0.0	0.0	0.0	1.0	1	1953	205.7	411.8	0.24	1.99	1
611.08	0	2.0	0.0	0.0	0.0	0.0	1.0	1	1953	205.7	411.8	0.24	1.99	1
611.18	0	2.0	0.0	0.0	0.0	0.0	1.0	1	1953	205.7	411.8	0.24	1.99	1
611.28	0	2.0	0.0	0.0	0.0	0.0	1.0	1	1953	205.7	411.8	0.24	1.99	1
611.38	0	2.0	0.0	0.0	0.0	0.0	1.0	1	1953	205.7	411.8	0.24	1.99	1
611.48	0	2.0	0.0	0.0	0.0	0.0	1.0	1	1953	205.7	411.8	0.24	2.0	1
611.58	0	2.0	0.0	0.0	0.0	0.0	1.0	1	1953	205.7	411.8	0.24	2.0	1
611.68	0	2.0	0.0	0.0	0.0	0.0	1.0	1	1953	205.7	411.8	0.24	2.0	1
611.78	0	2.0	0.0	0.0	0.0	0.0	1.0	1	1953	205.7	411.8	0.24	2.0	1
611.88	0	2.0	0.0	0.0	0.0	0.0	1.0	1	1953	205.7	411.8	0.24	2.0	1
611.98	0	2.0	0.0	0.0	0.0	0.0	1.0	1	1953	205.7	411.8	0.24	2.0	1
612.08	0	2.0	0.0	0.0	0.0	0.0	1.0	1	1953	205.7	411.8	0.24	2.01	1
612.18	0	2.0	0.0	0.0	0.0	0.0	1.0	1	1953	205.7	411.8	0.24	2.01	1
612.28	0	2.0	0.0	0.0	0.0	0.0	1.0	1	1953	205.7	411.8	0.24	2.01	1
612.38	0	2.0	0.0	0.0	0.0	0.0	1.0	1	1953	205.7	411.8	0.24	2.01	1
612.48	0	2.0	0.0	0.0	0.0	0.0	1.0	1	1953	205.7	411.8	0.24	2.01	1
612.58	0	2.0	0.0	0.0	0.0	0.0	1.0	1	1953	205.7	411.8	0.24	2.01	1
612.68	0	2.0	0.0	0.0	0.0	0.0	1.0	1	1953	205.7	411.8	0.24	2.02	1
612.78	0	2.0	0.0	0.0	0.0	0.0	1.0	1	1953	205.7	411.8	0.24	2.02	1
612.88	0	2.0	0.0	0.0	0.0	0.0	1.0	1	1953	205.7	411.8	0.24	2.02	1
612.98	0	2.0	0.0	0.0	0.0	0.0	1.0	1	1953	205.7	411.8	0.24	2.02	1
613.08	0	2.0	0.0	0.0	0.0	0.0	1.0	1	1953	205.7	411.8	0.24	2.02	1
613.18	0	2.0	0.0	0.0	0.0	0.0	1.0	1	1953	205.7	411.8	0.24	2.02	1
613.28	0	2.0	0.0	0.0	0.0	0.0	1.0	1	1953	205.7	411.8	0.24	2.03	1
613.38	0	2.0	0.0	0.0	0.0	0.0	1.0	1	1953	205.7	411.8	0.24	2.03	1
613.48	0	2.0	0.0	0.0	0.0	0.0	1.0	1	1953	205.7	411.8	0.24	2.03	1
613.58	0	2.0	0.0	0.0	0.0	0.0	1.0	1	1953	205.7	411.8	0.24	2.03	1
613.68	0	2.0	0.0	0.0	0.0	0.0	1.0	1	1953	205.7	411.8	0.24	2.03	1
613.78	0	2.0	0.0	0.0	0.0	0.0	1.0	1	1953	205.7	411.8	0.24	2.03	1
613.88	0	2.0	0.0	0.0	0.0	0.0	1.0	1	1953	205.7	411.8	0.24	2.04	1
613.98	0	2.0	0.0	0.0	0.0	0.0	1.0	1	1953	205.7	411.8	0.24	2.04	1
614.08	0	2.0	0.0	0.0	0.0	0.0	1.0	1	1953	205.7	411.8	0.24	2.04	1
614.18	0	2.0	0.0	0.0	0.0	0.0	1.0	1	1953	205.7	411.8	0.24	2.04	1
614.28	0	2.0	0.0	0.0	0.0	0.0	1.0	1	1953	205.7	411.8	0.24	2.04	1
614.38	0	2.0	0.0	0.0	0.0	0.0	1.0	1	1953	205.7	411.8	0.24	2.04	1
614.48	0	2.0	0.0	0.0	0.0	0.0	1.0	1	1953	205.7	411.8	0.24	2.05	1
614.58	0	2.0	0.0	0.0	0.0	0.0	1.0	1	1953	205.7	411.8	0.24	2.05	1
614.68	0	2.0	0.0	0.0	0.0	0.0	1.0	1	1953	205.7	411.8	0.24	2.05	1
614.78	0	2.1	0.0	0.0	0.0	0.0	1.0	1	1953	205.7	411.8	0.24	2.05	1
614.88	0	2.1	0.0	0.0	0.0	0.0	1.0	1	1953	205.7	411.8	0.24	2.05	1
614.98	0	2.1	0.0	0.0	0.0	0.0	1.0	1	1953	205.7	411.8	0.24	2.05	1
615.08	0	2.1	0.0	0.0	0.0	0.0	1.0	1	1953	205.7	411.8	0.24	2.06	1
615.19	0	2.1	0.0	0.0	0.0	0.0	1.0	1	1953	205.7	411.8	0.24	2.06	1
615.29	0	2.1	0.0	0.0	0.0	0.0	1.0	1	1953	205.7	411.8	0.24	2.06	1
615.39	0	2.1	0.0	0.0	0.0	0.0	1.0	1	1953	205.7	411.8	0.24	2.06	1
615.49	0	2.1	0.0	0.0	0.0	0.0	1.0	1	1953	205.7	411.8	0.24	2.06	1
615.59	0	2.1	0.0	0.0	0.0	0.0	1.0	1	1953	205.7	411.8	0.24	2.07	1
615.69	0	2.1	0.0	0.0	0.0	0.0	1.0	1	1953	205.7	411.8	0.24	2.07	1
615.79	0	2.1	0.0	0.0	0.0	0.0	1.0	1	1953	205.7	411.8	0.24	2.07	1
615.89	0	2.1	0.0	0.0	0.0	0.0	1.0	1	1953	205.7	411.8	0.24	2.07	1
615.99	0	2.1	0.0	0.0	0.0	0.0	1.0	1	1953	205.7	411.8	0.24	2.07	1
616.09	0	2.1	0.0	0.0	0.0	0.0	1.0	1	1953	205.7	411.8	0.24	2.07	1
616.19	0	2.1	0.0	0.0	0.0	0.0	1.0	1	1953	205.7	411.8	0.24	2.08	1
616.29	0	2.1	0.0	0.0	0.0	0.0	1.0	1	1953	205.7	411.8	0.24	2.08	1
616.39	0	2.1	0.0	0.0	0.0	0.0	1.0	1	1953	205.7	411.8	0.24	2.08	1
616.49	0	2.1	0.0	0.0	0.0	0.0	1.0	1	1953	205.7	411.8	0.24	2.08	1
616.59	0	2.1	0.0	0.0	0.0	0.0	1.0	1	1953	205.7	411.8	0.24	2.08	1
616.69	0	2.1	0.0	0.0	0.0	0.0	1.0	1	1953	205.7	411.8	0.24	2.08	1
616.83	0	2.1	0.0	0.0	0.0	0.0	1.0	1	1953	205.7	411.8	0.24	2.09	1
616.94	0	2.1	0.0	0.0	0.0	0.0	1.0	1	1953	205.7	411.8	0.24	2.09	1
617.04	0	2.1	0.0	0.0	0.0	0.0	1.0	1	1953	205.7	411.8	0.24	2.09	1
617.14	0	2.1	0.0	0.0	0.0	0.0	1.0	1	1953	205.7	411.8	0.24	2.09	1
617.24	0	2.1	0.0	0.0	0.0	0.0	1.0	1	1953	205.7	411.8	0.24	2.09	1
617.34	0	2.1	0.0	0.0	0.0	0.0	1.0	1	1953	205.7	411.8	0.24	2.09	1
617.44	0	2.1	0.0	0.0	0.0	0.0	1.0	1	1953	205.7	411.8	0.24	2.1	1
617.54	0	2.1	0.0	0.0	0.0	0.0	1.0	1	1953	205.7	411.8	0.24	2.1	1
617.64	0	2.1	0.0	0.0	0.0	0.0	1.0	1	1953	205.7	411.8	0.24	2.1	1
617.74	0	2.1	0.0	0.0	0.0	0.0	1.0	1	1953	205.7	411.8	0.24	2.1	1
617.84	0	2.1	0.0	0.0	0.0	0.0	1.0	1	1953	205.7	411.8	0.24	2.1	1
617.94	0	2.1	0.0	0.0	0.0	0.0	1.0	1	1953	205.7	411.8	0.24	2.1	1
618.04	0	2.1	0.0	0.0	0.0	0.0	1.0	1	1953	205.7	411.8	0.24	2.11	1
618.14	0	2.1	0.0	0.0	0.0	0.0	1.0	1	1953	205.7	411.8	0.24	2.11	1
618.24	0	2.1	0.0	0.0	0.0	0.0	1.0	1	1953	205.7	411.8	0.24	2.11	1
618.34	0	2.1	0.0	0.0	0.0	0.0	1.0	1	1953	205.7	411.8	0.24	2.11	1
618.44	0	2.1	0.0	0.0	0.0	0.0	1.0	1	1953	205.7	411.8	0.24	2.11	1
618.54	0	2.1	0.0	0.0	0.0	0.0	1.0	1	1953	205.7	411.8	0.24	2.11	1
618.64	0	2.1	0.0	0.0	0.0	0.0	1.0	1	1953	205.7	411.8	0.24	2.12	1
618.74	0	2.1	0.0	0.0	0.0	0.0	1.0	1	1953	205.7	411.8	0.24	2.12	1
618.84	0	2.1	0.0	0.0	0.0	0.0	1.0	1	1953	205.7	411.8	0.24	2.12	1
618.94	0	2.1	0.0	0.0	0.0	0.0	1.0	1	1953	205.7	411.8	0.24	2.12	1
619.04	0	2.1	0.0	0.0	0.0	0.0	1.0	1	1953	205.7	411.8	0.24	2.12	1
619.14	0	2.1	0.0	0.0	0.0	0.0	1.0	1	1953	205.7	411.8	0.24	2.12	1
619.24	0	2.1	0.0	0.0	0.0	0.0	1.0	1	1953	205.7	411.8	0.24	2.13	1
619.34	0	2.1	0.0	0.0	0.0	0.0	1.0	1	1953	205.7	411.8	0.24	2.13	1
619.44	0	2.1	0.0	0.0	0.0	0.0	1.0	1	1953	205.7	411.8	0.24	2.13	1
619.54	0	2.1	0.0	0.0	0.0	0.0	1.0	1	1953	205.7	411.8	0.24	2.13	1
619.64	0	2.1	0.0	0.0	0.0	0.0	1.0	1	1953	205.7	411.8	0.24	2.13	1
619.74	0	2.1	0.0	0.0	0.0	0.0	1.0	1	1953	205.7	411.8	0.24	2.14	1
619.84	0	2.1	0.0	0.0	0.0	0.0	1.0	1	1953	205.7	411.8	0.24	2.14	1
619.94	0	2.1	0.0	0.0	0.0	0.0	1.0	1	1953	205.7	411.8	0.24	2.14	1
620.04	0	2.1	0.0	0.0	0.0	0.0	1.0	1	1953	205.7	411.8	0.24	2.14	1
620.14	0	2.1	0.0	0.0	0.0	0.0	1.0	1	1953	205.7	411.8	0.24	2.14	1
620.24	0	2.1	0.0	0.0	0.0	0.0	1.0	1	1953	205.7	411.8	0.24	2.14	1
620.34	0	2.1	0.0	0.0	0.0	0.0	1.0	1	1953	205.7	411.8	0.24	2.15	1
620.44	0	2.1	0.0	0.0	0.0	0.0	1.0	1	1953	205.7	411.8	0.24	2.15	1
620.54	0	2.1	0.0	0.0	0.0	0.0	1.0	1	1953	205.7	411.8	0.24	2.15	1
620.64	0	2.2	0.0	0.0	0.0	0.0	1.0	1	1953	205.7	411.8	0.24	2.15	1
620.74	0	2.2	0.0	0.0	0.0	0.0	1.0	1	1953	205.7	411.8	0.24	2.15	1
620.84	0	2.2	0.0	0.0	0.0	0.0	1.0	1	1953	205.7	411.8	0.24	2.15	1
620.94	0	2.2	0.0	0.0	0.0	0.0	1.0	1	1953	205.7	411.8	0.24	2.16	1
621.04	0	2.2	0.0	0.0	0.0	0.0	1.0	1	1953	205.7	411.8	0.24	2.16	1
621.14	0	2.2	0.0	0.0	0.0	0.0	1.0	1	1953	205.7	411.8	0.24	2.16	1
621.24	0	2.2	0.0	0.0	0.0	0.0	1.0	1	1953	205.7	411.8	0.24	2.16	1
621.34	0	2.2	0.0	0.0	0.0	0.0	1.0	1	1953	205.7	411.8	0.24	2.16	1
621.44	0	2.2	0.0	0.0	0.0	0.0	1.0	1	1953	205.7	411.8	0.24	2.16	1
621.54	0	2.2	0.0	0.0	0.0	0.0	1.0	1	1953	205.7	411.8	0.24	2.17	1
621.64	0	2.2	0.0	0.0	0.0	0.0	1.0	1	1953	205.7	411.8	0.24	2.17	1
621.74	0	2.2	0.0	0.0	0.0	0.0	1.0	1	1953	205.7	411.8	0.24	2.17	1
621.84	0	2.2	0.0	0.0	0.0	0.0	1.0	1	1953	205.7	411.8	0.24	2.17	1
621.94	0	2.2	0.0	0.0	0.0	0.0	1.0	1	1953	205.7	411.8	0.24	2.17	1
622.04	0	2.2	0.0	0.0	0.0	0.0	1.0	1	1953	205.7	411.8	0.24	2.17	1
622.14	0	2.2	0.0	0.0	0.0	0.0	1.0	1	1953	205.7	411.8	0.24	2.18	1
622.24	0	2.2	0.0	0.0	0.0	0.0	1.0	1	1953	205.7	411.8	0.24	2.18	1
622.34	0	2.2	0.0	0.0	0.0	0.0	1.0	1	1953	205.7	411.8	0.24	2.18	1
622.44	0	2.2	0.0	0.0	0.0	0.0	1.0	1	1953	205.7	411.8	0.24	2.18	1
622.54	0	2.2	0.0	0.0	0.0	0.0	1.0	1	1953	205.7	411.8	0.24	2.18	1
622.64	0	2.2	0.0	0.0	0.0	0.0	1.0	1	1953	205.7	411.8	0.24	2.18	1
622.74	0	2.2	0.0	0.0	0.0	0.0	1.0	1	1953	205.7	411.8	0.24	2.19	1
622.84	0	2.2	0.0	0.0	0.0	0.0	1.0	1	1953	205.7	411.8	0.24	2.19	1
622.94	0	2.2	0.0	0.0	0.0	0.0	1.0	1	1953	205.7	411.8	0.24	2.19	1
623.04	0	2.2	0.0	0.0	0.0	0.0	1.0	1	1953	205.7	411.8	0.24	2.19	1
623.14	0	2.2	0.0	0.0	0.0	0.0	1.0	1	1953	205.7	411.8	0.24	2.19	1
623.25	0	2.2	0.0	0.0	0.0	0.0	1.0	1	1953	205.7	411.8	0.24	2.19	1
623.36	0	2.2	0.0	0.0	0.0	0.0	1.0	1	1953	205.7	411.8	0.24	2.2	1
623.46	0	2.2	0.0	0.0	0.0	0.0	1.0	1	1953	205.7	411.8	0.24	2.2	1
623.56	0	2.2	0.0	0.0	0.0	0.0	1.0	1	1953	205.7	411.8	0.24	2.2	1
623.66	0	2.2	0.0	0.0	0.0	0.0	1.0	1	1953	205.7	411.8	0.24	2.2	1
623.76	0	2.2	0.0	0.0	0.0	0.0	1.0	1	1953	205.7	411.8	0.24	2.2	1
623.86	0	2.2	0.0	0.0	0.0	0.0	1.0	1	1953	205.7	411.8	0.24	2.21	1
623.96	0	2.2	0.0	0.0	0.0	0.0	1.0	1	1953	205.7	411.8	0.24	2.21	1
624.06	0	2.2	0.0	0.0	0.0	0.0	1.0	1	1953	205.7	411.8	0.24	2.21	1
624.16	0	2.2	0.0	0.0	0.0	0.0	1.0	1	1953	205.7	411.8	0.24	2.21	1
624.26	0	2.2	0.0	0.0	0.0	0.0	1.0	1	1953	205.7	411.8	0.24	2.21	1
624.36	0	2.2	0.0	0.0	0.0	0.0	1.0	1	1953	205.7	411.8	0.24	2.21	1
624.46	0	2.2	0.0	0.0	0.0	0.0	1.0	1	1953	205.7	411.8	0.24	2.22	1
624.56	0	2.2	0.0	0.0	0.0	0.0	1.0	1	1953	205.7	411.8	0.24	2.22	1
624.66	0	2.2	0.0	0.0	0.0	0.0	1.0	1	1953	205.7	411.8	0.24	2.22	1
624.76	0	2.2	0.0	0.0	0.0	0.0	1.0	1	1953	205.7	411.8	0.24	2.22	1
624.86	0	2.2	0.0	0.0	0.0	0.0	1.0	1	1953	205.7	411.8	0.24	2.22	1
624.96	0	2.2	0.0	0.0	0.0	0.0	1.0	1	1953	205.7	411.8	0.24	2.22	1
625.06	0	2.2	0.0	0.0	0.0	0.0	1.0	1	1953	205.7	411.8	0.24	2.23	1
625.16	0	2.2	0.0	0.0	0.0	0.0	1.0	1	1953	205.7	411.8	0.24	2.23	1
625.26	0	2.2	0.0	0.0	0.0	0.0	1.0	1	1953	205.7	411.8	0.24	2.23	1
625.36	0	2.2	0.0	0.0	0.0	0.0	1.0	1	1953	205.7	411.8	0.24	2.23	1
625.46	0	2.2	0.0	0.0	0.0	0.0	1.0	1	1953	205.7	411.8	0.24	2.23	1
625.56	0	2.2	0.0	0.0	0.0	0.0	1.0	1	1953	205.7	411.8	0.24	2.23	1
625.66	0	2.2	0.0	0.0	0.0	0.0	1.0	1	1953	205.7	411.8	0.24	2.24	1
625.76	0	2.2	0.0	0.0	0.0	0.0	1.0	1	1953	205.7	411.8	0.24	2.24	1
625.86	0	2.2	0.0	0.0	0.0	0.0	1.0	1	1953	205.7	411.8	0.24	2.24	1
625.96	0	2.2	0.0	0.0	0.0	0.0	1.0	1	1953	205.7	411.8	0.24	2.24	1
626.06	0	2.2	0.0	0.0	0.0	0.0	1.0	1	1953	205.7	411.8	0.24	2.24	1
626.16	0	2.2	0.0	0.0	0.0	0.0	1.0	1	1953	205.7	411.8	0.24	2.24	1
626.26	0	2.2	0.0	0.0	0.0	0.0	1.0	1	1953	205.7	411.8	0.24	2.25	1
626.36	0	2.2	0.0	0.0	0.0	0.0	1.0	1	1953	205.7	411.8	0.24	2.25	1
626.46	0	2.3	0.0	0.0	0.0	0.0	1.0	1	1953	205.7	411.8	0.24	2.25	1
626.56	0	2.3	0.0	0.0	0.0	0.0	1.0	1	1953	205.7	411.8	0.24	2.25	1
626.66	0	2.3	0.0	0.0	0.0	0.0	1.0	1	1953	205.7	411.8	0.24	2.25	1
626.79	0	2.3	0.0	0.0	0.0	0.0	1.0	1	1953	205.7	411.8	0.24	2.26	1
626.89	0	2.3	0.0	0.0	0.0	0.0	1.0	1	1953	205.7	411.8	0.24	2.26	1
626.99	0	2.3	0.0	0.0	0.0	0.0	1.0	1	1953	205.7	411.8	0.24	2.26	1
627.09	0	2.3	0.0	0.0	0.0	0.0	1.0	1	1953	205.7	411.8	0.24	2.26	1
627.19	0	2.3	0.0	0.0	0.0	0.0	1.0	1	1953	205.7	411.8	0.24	2.26	1
627.29	0	2.3	0.0	0.0	0.0	0.0	1.0	1	1953	205.7	411.8	0.24	2.26	1
627.39	0	2.3	0.0	0.0	0.0	0.0	1.0	1	1953	205.7	411.8	0.24	2.27	1
627.49	0	2.3	0.0	0.0	0.0	0.0	1.0	1	1953	205.7	411.8	0.24	2.27	1
627.59	0	2.3	0.0	0.0	0.0	0.0	1.0	1	1953	205.7	411.8	0.24	2.27	1
627.69	0	2.3	0.0	0.0	0.0	0.0	1.0	1	1953	205.7	411.8	0.24	2.27	1
627.79	0	2.3	0.0	0.0	0.0	0.0	1.0	1	1953	205.7	411.8	0.24	2.27	1
627.89	0	2.3	0.0	0.0	0.0	0.0	1.0	1	1953	205.7	411.8	0.24	2.27	1
627.99	0	2.3	0.0	0.0	0.0	0.0	1.0	1	1953	205.7	411.8	0.24	2.28	1
628.09	0	2.3	0.0	0.0	0.0	0.0	1.0	1	1953	205.7	411.8	0.24	2.28	1
628.19	0	2.3	0.0	0.0	0.0	0.0	1.0	1	1953	205.7	411.8	0.24	2.28	1
628.29	0	2.3	0.0	0.0	0.0	0.0	1.0	1	1953	205.7	411.8	0.24	2.28	1
628.39	0	2.3	0.0	0.0	0.0	0.0	1.0	1	1953	205.7	411.8	0.24	2.28	1
628.49	0	2.3	0.0	0.0	0.0	0.0	1.0	1	1953	205.7	411.8	0.24	2.29	1
628.59	0	2.3	0.0	0.0	0.0	0.0	1.0	1	1953	205.7	411.8	0.24	2.29	1
628.69	0	2.3	0.0	0.0	0.0	0.0	1.0	1	1953	205.7	411.8	0.24	2.29	1
628.79	0	2.3	0.0	0.0	0.0	0.0	1.0	1	1953	205.7	411.8	0.24	2.29	1
628.89	0	2.3	0.0	0.0	0.0	0.0	1.0	1	1953	205.7	411.8	0.24	2.29	1
628.99	0	2.3	0.0	0.0	0.0	0.0	1.0	1	1953	205.7	411.8	0.24	2.29	1
629.09	0	2.3	0.0	0.0	0.0	0.0	1.0	1	1953	205.7	411.8	0.25	2.3	1
629.19	0	2.3	0.0	0.0	0.0	0.0	1.0	1	1953	205.7	411.8	0.25	2.3	1
629.29	0	2.3	0.0	0.0	0.0	0.0	1.0	1	1953	205.7	411.8	0.25	2.3	1
629.39	0	2.3	0.0	0.0	0.0	0.0	1.0	1	1953	205.7	411.8	0.25	2.3	1
629.49	0	2.3	0.0	0.0	0.0	0.0	1.0	1	1953	205.7	411.8	0.25	2.3	1
629.59	0	2.3	0.0	0.0	0.0	0.0	1.0	1	1953	205.7	411.8	0.25	2.3	1
629.69	0	2.3	0.0	0.0	0.0	0.0	1.0	1	1953	205.7	411.8	0.25	2.31	1
629.79	0	2.3	0.0	0.0	0.0	0.0	1.0	1	1953	205.7	411.8	0.25	2.31	1
629.89	0	2.3	0.0	0.0	0.0	0.0	1.0	1	1953	205.7	411.8	0.25	2.31	1
629.99	0	2.3	0.0	0.0	0.0	0.0	1.0	1	1953	205.7	411.8	0.25	2.31	1
630.09	0	2.3	0.0	0.0	0.0	0.0	1.0	1	1953	205.7	411.8	0.25	2.31	1
630.19	0	2.3	0.0	0.0	0.0	0.0	1.0	1	1953	205.7	411.8	0.25	2.31	1
630.29	0	2.3	0.0	0.0	0.0	0.0	1.0	1	1953	205.7	411.8	0.25	2.32	1
630.39	0	2.3	0.0	0.0	0.0	0.0	1.0	1	1953	205.7	411.8	0.25	2.32	1
630.49	0	2.3	0.0	0.0	0.0	0.0	1.0	1	1953	205.7	411.8	0.25	2.32	1
630.59	0	2.3	0.0	0.0	0.0	0.0	1.0	1	1953	205.7	411.8	0.25	2.32	1
630.69	0	2.3	0.0	0.0	0.0	0.0	1.0	1	1953	205.7	411.8	0.25	2.32	1
630.79	0	2.3	0.0	0.0	0.0	0.0	1.0	1	1953	205.7	411.8	0.25	2.33	1
630.89	0	2.3	0.0	0.0	0.0	0.0	1.0	1	1953	205.7	411.8	0.25	2.33	1
630.99	0	2.3	0.0	0.0	0.0	0.0	1.0	1	1953	205.7	411.8	0.25	2.33	1
631.09	0	2.3	0.0	0.0	0.0	0.0	1.0	1	1953	205.7	411.8	0.25	2.33	1
631.19	0	2.3	0.0	0.0	0.0	0.0	1.0	1	1953	205.7	411.8	0.25	2.33	1
631.33	0	2.3	0.0	0.0	0.0	0.0	1.0	1	1953	205.7	411.8	0.25	2.33	1
631.41	0	2.3	0.0	0.0	0.0	0.0	1.0	1	1953	205.7	411.8	0.25	2.34	1
631.51	0	2.3	0.0	0.0	0.0	0.0	1.0	1	1953	205.7	411.8	0.25	2.34	1
631.61	0	2.3	0.0	0.0	0.0	0.0	1.0	1	1953	205.7	411.8	0.25	2.34	1
631.71	0	2.3	0.0	0.0	0.0	0.0	1.0	1	1953	205.7	411.8	0.25	2.34	1
631.81	0	2.3	0.0	0.0	0.0	0.0	1.0	1	1953	205.7	411.8	0.25	2.34	1
631.91	0	2.3	0.0	0.0	0.0	0.0	1.0	1	1953	205.7	411.8	0.25	2.34	1
632.01	0	2.3	0.0	0.0	0.0	0.0	1.0	1	1953	205.7	411.8	0.25	2.35	1
632.11	0	2.3	0.0	0.0	0.0	0.0	1.0	1	1953	205.7	411.8	0.25	2.35	1
632.21	0	2.3	0.0	0.0	0.0	0.0	1.0	1	1953	205.7	411.8	0.25	2.35	1
632.31	0	2.4	0.0	0.0	0.0	0.0	1.0	1	1953	205.7	411.8	0.25	2.35	1
632.41	0	2.4	0.0	0.0	0.0	0.0	1.0	1	1953	205.7	411.8	0.25	2.35	1
632.51	0	2.4	0.0	0.0	0.0	0.0	1.0	1	1953	205.7	411.8	0.25	2.36	1
632.61	0	2.4	0.0	0.0	0.0	0.0	1.0	1	1953	205.7	411.8	0.25	2.36	1
632.71	0	2.4	0.0	0.0	0.0	0.0	1.0	1	1953	205.7	411.8	0.25	2.36	1
632.81	0	2.4	0.0	0.0	0.0	0.0	1.0	1	1953	205.7	411.8	0.25	2.36	1
632.91	0	2.4	0.0	0.0	0.0	0.0	1.0	1	1953	205.7	411.8	0.25	2.36	1
633.01	0	2.4	0.0	0.0	0.0	0.0	1.0	1	1953	205.7	411.8	0.25	2.36	1
633.11	0	2.4	0.0	0.0	0.0	0.0	1.0	1	1953	205.7	411.8	0.25	2.37	1
633.21	0	2.4	0.0	0.0	0.0	0.0	1.0	1	1953	205.7	411.8	0.25	2.37	1
633.31	0	2.4	0.0	0.0	0.0	0.0	1.0	1	1953	205.7	411.8	0.25	2.37	1
633.41	0	2.4	0.0	0.0	0.0	0.0	1.0	1	1953	205.7	411.8	0.25	2.37	1
633.51	0	2.4	0.0	0.0	0.0	0.0	1.0	1	1953	205.7	411.8	0.25	2.37	1
633.61	0	2.4	0.0	0.0	0.0	0.0	1.0	1	1953	205.7	411.8	0.25	2.37	1
633.71	0	2.4	0.0	0.0	0.0	0.0	1.0	1	1953	205.7	411.8	0.25	2.38	1
633.81	0	2.4	0.0	0.0	0.0	0.0	1.0	1	1953	205.7	411.8	0.25	2.38	1
633.91	0	2.4	0.0	0.0	0.0	0.0	1.0	1	1953	205.7	411.8	0.25	2.38	1
634.01	0	2.4	0.0	0.0	0.0	0.0	1.0	1	1953	205.7	411.8	0.25	2.38	1
634.11	0	2.4	0.0	0.0	0.0	0.0	1.0	1	1953	205.7	411.8	0.25	2.38	1
634.21	0	2.4	0.0	0.0	0.0	0.0	1.0	1	1953	205.7	411.8	0.25	2.39	1
634.31	0	2.4	0.0	0.0	0.0	0.0	1.0	1	1953	205.7	411.8	0.25	2.39	1
634.41	0	2.4	0.0	0.0	0.0	0.0	1.0	1	1953	205.7	411.8	0.25	2.39	1
634.51	0	2.4	0.0	0.0	0.0	0.0	1.0	1	1953	205.7	411.8	0.25	2.39	1
634.61	0	2.4	0.0	0.0	0.0	0.0	1.0	1	1953	205.7	411.8	0.25	2.39	1
634.71	0	2.4	0.0	0.0	0.0	0.0	1.0	1	1953	205.7	411.8	0.25	2.39	1
634.81	0	2.4	0.0	0.0	0.0	0.0	1.0	1	1953	205.7	411.8	0.25	2.4	1
634.91	0	2.4	0.0	0.0	0.0	0.0	1.0	1	1953	205.7	411.8	0.25	2.4	1
635.01	0	2.4	0.0	0.0	0.0	0.0	1.0	1	1953	205.7	411.8	0.25	2.4	1
635.11	0	2.4	0.0	0.0	0.0	0.0	1.0	1	1953	205.7	411.8	0.25	2.4	1
635.21	0	2.4	0.0	0.0	0.0	0.0	1.0	1	1953	205.7	411.8	0.25	2.4	1
635.31	0	2.4	0.0	0.0	0.0	0.0	1.0	1	1953	205.7	411.8	0.25	2.4	1
635.41	0	2.4	0.0	0.0	0.0	0.0	1.0	1	1953	205.7	411.8	0.25	2.41	1
635.51	0	2.4	0.0	0.0	0.0	0.0	1.0	1	1953	205.7	411.8	0.25	2.41	1
635.61	0	2.4	0.0	0.0	0.0	0.0	1.0	1	1953	205.7	411.8	0.25	2.41	1
635.71	0	2.4	0.0	0.0	0.0	0.0	1.0	1	1953	205.7	411.8	0.25	2.41	1
635.81	0	2.4	0.0	0.0	0.0	0.0	1.0	1	1953	205.7	411.8	0.25	2.41	1
635.91	0	2.4	0.0	0.0	0.0	0.0	1.0	1	1953	205.7	411.8	0.25	2.42	1
636.01	0	2.4	0.0	0.0	0.0	0.0	1.0	1	1953	205.7	411.8	0.25	2.42	1
636.11	0	2.4	0.0	0.0	0.0	0.0	1.0	1	1953	205.7	411.8	0.25	2.42	1
636.21	0	2.4	0.0	0.0	0.0	0.0	1.0	1	1953	205.7	411.8	0.25	2.42	1
636.31	0	2.4	0.0	0.0	0.0	0.0	1.0	1	1953	205.7	411.8	0.25	2.42	1
636.41	0	2.4	0.0	0.0	0.0	0.0	1.0	1	1953	205.7	411.8	0.25	2.42	1
636.51	0	2.4	0.0	0.0	0.0	0.0	1.0	1	1953	205.7	411.8	0.25	2.43	1
636.61	0	2.4	0.0	0.0	0.0	0.0	1.0	1	1953	205.7	411.8	0.25	2.43	1
636.73	0	2.4	0.0	0.0	0.0	0.0	1.0	1	1953	205.7	411.8	0.25	2.43	1
636.84	0	2.4	0.0	0.0	0.0	0.0	1.0	1	1953	205.7	411.8	0.25	2.43	1
636.94	0	2.4	0.0	0.0	0.0	0.0	1.0	1	1953	205.7	411.8	0.25	2.43	1
637.04	0	2.4	0.0	0.0	0.0	0.0	1.0	1	1953	205.7	411.8	0.25	2.44	1
637.14	0	2.4	0.0	0.0	0.0	0.0	1.0	1	1953	205.7	411.8	0.25	2.44	1
637.24	0	2.4	0.0	0.0	0.0	0.0	1.0	1	1953	205.7	411.8	0.25	2.44	1
637.34	0	2.4	0.0	0.0	0.0	0.0	1.0	1	1953	205.7	411.8	0.25	2.44	1
637.44	0	2.4	0.0	0.0	0.0	0.0	1.0	1	1953	205.7	411.8	0.25	2.44	1
637.54	0	2.4	0.0	0.0	0.0	0.0	1.0	1	1953	205.7	411.8	0.25	2.44	1
637.64	0	2.4	0.0	0.0	0.0	0.0	1.0	1	1953	205.7	411.8	0.25	2.45	1
637.74	0	2.4	0.0	0.0	0.0	0.0	1.0	1	1953	205.7	411.8	0.25	2.45	1
637.84	0	2.4	0.0	0.0	0.0	0.0	1.0	1	1953	205.7	411.8	0.25	2.45	1
637.94	0	2.5	0.0	0.0	0.0	0.0	1.0	1	1953	205.7	411.8	0.25	2.45	1
638.04	0	2.5	0.0	0.0	0.0	0.0	1.0	1	1953	205.7	411.8	0.25	2.45	1
638.15	0	2.5	0.0	0.0	0.0	0.0	1.0	1	1953	205.7	411.8	0.25	2.45	1
638.24	0	2.5	0.0	0.0	0.0	0.0	1.0	1	1953	205.7	411.8	0.25	2.46	1
638.34	0	2.5	0.0	0.0	0.0	0.0	1.0	1	1953	205.7	411.8	0.25	2.46	1
638.44	0	2.5	0.0	0.0	0.0	0.0	1.0	1	1953	205.7	411.8	0.25	2.46	1
638.54	0	2.5	0.0	0.0	0.0	0.0	1.0	1	1953	205.7	411.8	0.25	2.46	1
638.64	0	2.5	0.0	0.0	0.0	0.0	1.0	1	1953	205.7	411.8	0.25	2.46	1
638.74	0	2.5	0.0	0.0	0.0	0.0	1.0	1	1953	205.7	411.8	0.25	2.47	1
638.84	0	2.5	0.0	0.0	0.0	0.0	1.0	1	1953	205.7	411.8	0.25	2.47	1
638.94	0	2.5	0.0	0.0	0.0	0.0	1.0	1	1953	205.7	411.8	0.25	2.47	1
639.04	0	2.5	0.0	0.0	0.0	0.0	1.0	1	1953	205.7	411.8	0.25	2.47	1
639.14	0	2.5	0.0	0.0	0.0	0.0	1.0	1	1953	205.7	411.8	0.25	2.47	1
639.24	0	2.5	0.0	0.0	0.0	0.0	1.0	1	1953	205.7	411.8	0.25	2.47	1
639.34	0	2.5	0.0	0.0	0.0	0.0	1.0	1	1953	205.7	411.8	0.25	2.48	1
639.46	0	2.5	0.0	0.0	0.0	0.0	1.0	1	1953	205.7	411.8	0.25	2.48	1
639.56	0	2.5	0.0	0.0	0.0	0.0	1.0	1	1953	205.7	411.8	0.25	2.48	1
639.66	0	2.5	0.0	0.0	0.0	0.0	1.0	1	1953	205.7	411.8	0.25	2.48	1
639.76	0	2.5	0.0	0.0	0.0	0.0	1.0	1	1953	205.7	411.8	0.25	2.48	1
639.86	0	2.5	0.0	0.0	0.0	0.0	1.0	1	1953	205.7	411.8	0.25	2.49	1
639.96	0	2.5	0.0	0.0	0.0	0.0	1.0	1	1953	205.7	411.8	0.25	2.49	1
640.06	0	2.5	0.0	0.0	0.0	0.0	1.0	1	1953	205.7	411.8	0.25	2.49	1
640.16	0	2.5	0.0	0.0	0.0	0.0	1.0	1	1953	205.7	411.8	0.25	2.49	1
640.26	0	2.5	0.0	0.0	0.0	0.0	1.0	1	1953	205.7	411.8	0.25	2.49	1
640.36	0	2.5	0.0	0.0	0.0	0.0	1.0	1	1953	205.7	411.8	0.25	2.49	1
640.46	0	2.5	0.0	0.0	0.0	0.0	1.0	1	1953	205.7	411.8	0.25	2.5	1
640.56	0	2.5	0.0	0.0	0.0	0.0	1.0	1	1953	205.7	411.8	0.25	2.5	1
640.66	0	2.5	0.0	0.0	0.0	0.0	1.0	1	1953	205.7	411.8	0.25	2.5	1
640.76	0	2.5	0.0	0.0	0.0	0.0	1.0	1	1953	205.7	411.8	0.25	2.5	1
640.86	0	2.5	0.0	0.0	0.0	0.0	1.0	1	1953	205.7	411.8	0.25	2.5	1
640.96	0	2.5	0.0	0.0	0.0	0.0	1.0	1	1953	205.7	411.8	0.25	2.5	1
641.06	0	2.5	0.0	0.0	0.0	0.0	1.0	1	1953	205.7	411.8	0.25	2.51	1
641.16	0	2.5	0.0	0.0	0.0	0.0	1.0	1	1953	205.7	411.8	0.25	2.51	1
641.26	0	2.5	0.0	0.0	0.0	0.0	1.0	1	1953	205.7	411.8	0.25	2.51	1
641.36	0	2.5	0.0	0.0	0.0	0.0	1.0	1	1953	205.7	411.8	0.25	2.51	1
641.46	0	2.5	0.0	0.0	0.0	0.0	1.0	1	1953	205.7	411.8	0.25	2.51	1
641.56	0	2.5	0.0	0.0	0.0	0.0	1.0	1	1953	205.7	411.8	0.25	2.52	1
641.66	0	2.5	0.0	0.0	0.0	0.0	1.0	1	1953	205.7	411.8	0.25	2.52	1
641.76	0	2.5	0.0	0.0	0.0	0.0	1.0	1	1953	205.7	411.8	0.25	2.52	1
641.86	0	2.5	0.0	0.0	0.0	0.0	1.0	1	1953	205.7	411.8	0.25	2.52	1
641.96	0	2.5	0.0	0.0	0.0	0.0	1.0	1	1953	205.7	411.8	0.25	2.52	1
642.06	0	2.5	0.0	0.0	0.0	0.0	1.0	1	1953	205.7	411.8	0.25	2.52	1
642.16	0	2.5	0.0	0.0	0.0	0.0	1.0	1	1953	205.7	411.8	0.25	2.53	1
642.26	0	2.5	0.0	0.0	0.0	0.0	1.0	1	1953	205.7	411.8	0.25	2.53	1
642.36	0	2.5	0.0	0.0	0.0	0.0	1.0	1	1953	205.7	411.8	0.25	2.53	1
642.46	0	2.5	0.0	0.0	0.0	0.0	1.0	1	1953	205.7	411.8	0.25	2.53	1
642.56	0	2.5	0.0	0.0	0.0	0.0	1.0	1	1953	205.7	411.8	0.25	2.53	1
642.66	0	2.5	0.0	0.0	0.0	0.0	1.0	1	1953	205.7	411.8	0.25	2.54	1
642.76	0	2.5	0.0	0.0	0.0	0.0	1.0	1	1953	205.7	411.8	0.25	2.54	1
642.86	0	2.5	0.0	0.0	0.0	0.0	1.0	1	1953	205.7	411.8	0.25	2.54	1
642.96	0	2.5	0.0	0.0	0.0	0.0	1.0	1	1953	205.7	411.8	0.25	2.54	1
643.06	0	2.5	0.0	0.0	0.0	0.0	1.0	1	1953	205.7	411.8	0.25	2.54	1
643.16	0	2.5	0.0	0.0	0.0	0.0	1.0	1	1953	205.7	411.8	0.25	2.54	1
643.26	0	2.5	0.0	0.0	0.0	0.0	1.0	1	1953	205.7	411.8	0.25	2.55	1
643.36	0	2.5	0.0	0.0	0.0	0.0	1.0	1	1953	205.7	411.8	0.25	2.55	1
643.46	0	2.5	0.0	0.0	0.0	0.0	1.0	1	1953	205.7	411.8	0.25	2.55	1
643.56	0	2.6	0.0	0.0	0.0	0.0	1.0	1	1953	205.7	411.8	0.25	2.55	1
643.66	0	2.6	0.0	0.0	0.0	0.0	1.0	1	1953	205.7	411.8	0.25	2.55	1
643.76	0	2.6	0.0	0.0	0.0	0.0	1.0	1	1953	205.7	411.8	0.25	2.56	1
643.86	0	2.6	0.0	0.0	0.0	0.0	1.0	1	1953	205.7	411.8	0.25	2.56	1
643.96	0	2.6	0.0	0.0	0.0	0.0	1.0	1	1953	205.7	411.8	0.25	2.56	1
644.06	0	2.6	0.0	0.0	0.0	0.0	1.0	1	1953	205.7	411.8	0.25	2.56	1
644.16	0	2.6	0.0	0.0	0.0	0.0	1.0	1	1953	205.7	411.8	0.25	2.56	1
644.26	0	2.6	0.0	0.0	0.0	0.0	1.0	1	1953	205.7	411.8	0.25	2.56	1
644.36	0	2.6	0.0	0.0	0.0	0.0	1.0	1	1953	205.7	411.8	0.25	2.57	1
644.46	0	2.6	0.0	0.0	0.0	0.0	1.0	1	1953	205.7	411.8	0.25	2.57	1
644.56	0	2.6	0.0	0.0	0.0	0.0	1.0	1	1953	205.7	411.8	0.25	2.57	1
644.66	0	2.6	0.0	0.0	0.0	0.0	1.0	1	1953	205.7	411.8	0.25	2.57	1
644.76	0	2.6	0.0	0.0	0.0	0.0	1.0	1	1953	205.7	411.8	0.25	2.57	1
644.86	0	2.6	0.0	0.0	0.0	0.0	1.0	1	1953	205.7	411.8	0.25	2.57	1
644.96	0	2.6	0.0	0.0	0.0	0.0	1.0	1	1953	205.7	411.8	0.25	2.58	1
645.06	0	2.6	0.0	0.0	0.0	0.0	1.0	1	1953	205.7	411.8	0.25	2.58	1
645.16	0	2.6	0.0	0.0	0.0	0.0	1.0	1	1953	205.7	411.8	0.25	2.58	1
645.26	0	2.6	0.0	0.0	0.0	0.0	1.0	1	1953	205.7	411.8	0.25	2.58	1
645.36	0	2.6	0.0	0.0	0.0	0.0	1.0	1	1953	205.7	411.8	0.25	2.58	1
645.46	0	2.6	0.0	0.0	0.0	0.0	1.0	1	1953	205.7	411.8	0.25	2.59	1
645.56	0	2.6	0.0	0.0	0.0	0.0	1.0	1	1953	205.7	411.8	0.25	2.59	1
645.66	0	2.6	0.0	0.0	0.0	0.0	1.0	1	1953	205.7	411.8	0.25	2.59	1
645.76	0	2.6	0.0	0.0	0.0	0.0	1.0	1	1953	205.7	411.8	0.25	2.59	1
645.86	0	2.6	0.0	0.0	0.0	0.0	1.0	1	1953	205.7	411.8	0.25	2.59	1
645.96	0	2.6	0.0	0.0	0.0	0.0	1.0	1	1953	205.7	411.8	0.25	2.59	1
646.06	0	2.6	0.0	0.0	0.0	0.0	1.0	1	1953	205.7	411.8	0.25	2.6	1
646.16	0	2.6	0.0	0.0	0.0	0.0	1.0	1	1953	205.7	411.8	0.25	2.6	1
646.26	0	2.6	0.0	0.0	0.0	0.0	1.0	1	1953	205.7	411.8	0.25	2.6	1
646.36	0	2.6	0.0	0.0	0.0	0.0	1.0	1	1953	205.7	411.8	0.25	2.6	1
646.46	0	2.6	0.0	0.0	0.0	0.0	1.0	1	1953	205.7	411.8	0.25	2.6	1
646.56	0	2.6	0.0	0.0	0.0	0.0	1.0	1	1953	205.7	411.8	0.25	2.61	1
646.66	0	2.6	0.0	0.0	0.0	0.0	1.0	1	1953	205.7	411.8	0.25	2.61	1
646.79	0	2.6	0.0	0.0	0.0	0.0	1.0	1	1953	205.7	411.8	0.25	2.61	1
646.89	0	2.6	0.0	0.0	0.0	0.0	1.0	1	1953	205.7	411.8	0.25	2.61	1
646.99	0	2.6	0.0	0.0	0.0	0.0	1.0	1	1953	205.7	411.8	0.25	2.61	1
647.09	0	2.6	0.0	0.0	0.0	0.0	1.0	1	1953	205.7	411.8	0.25	2.62	1
647.19	0	2.6	0.0	0.0	0.0	0.0	1.0	1	1953	205.7	411.8	0.25	2.62	1
647.29	0	2.6	0.0	0.0	0.0	0.0	1.0	1	1953	205.7	411.8	0.25	2.62	1
647.39	0	2.6	0.0	0.0	0.0	0.0	1.0	1	1953	205.7	411.8	0.25	2.62	1
647.5	0	2.6	0.0	0.0	0.0	0.0	1.0	1	1953	205.7	411.8	0.25	2.62	1
647.61	0	2.6	0.0	0.0	0.0	0.0	1.0	1	1953	205.7	411.8	0.25	2.62	1
647.71	0	2.6	0.0	0.0	0.0	0.0	1.0	1	1953	205.7	411.8	0.25	2.63	1
647.81	0	2.6	0.0	0.0	0.0	0.0	1.0	1	1953	205.7	411.8	0.25	2.63	1
647.91	0	2.6	0.0	0.0	0.0	0.0	1.0	1	1953	205.7	411.8	0.25	2.63	1
648.01	0	2.6	0.0	0.0	0.0	0.0	1.0	1	1953	205.7	411.8	0.25	2.63	1
648.11	0	2.6	0.0	0.0	0.0	0.0	1.0	1	1953	205.7	411.8	0.25	2.63	1
648.21	0	2.6	0.0	0.0	0.0	0.0	1.0	1	1953	205.7	411.8	0.25	2.64	1
648.31	0	2.6	0.0	0.0	0.0	0.0	1.0	1	1953	205.7	411.8	0.25	2.64	1
648.41	0	2.6	0.0	0.0	0.0	0.0	1.0	1	1953	205.7	411.8	0.25	2.64	1
648.51	0	2.6	0.0	0.0	0.0	0.0	1.0	1	1953	205.7	411.8	0.25	2.64	1
648.61	0	2.6	0.0	0.0	0.0	0.0	1.0	1	1953	205.7	411.8	0.25	2.64	1
648.71	0	2.6	0.0	0.0	0.0	0.0	1.0	1	1953	205.7	411.8	0.25	2.64	1
648.81	0	2.6	0.0	0.0	0.0	0.0	1.0	1	1953	205.7	411.8	0.25	2.65	1
648.91	0	2.6	0.0	0.0	0.0	0.0	1.0	1	1953	205.7	411.8	0.25	2.65	1
649.01	0	2.7	0.0	0.0	0.0	0.0	1.0	1	1953	205.7	411.8	0.25	2.65	1
649.11	0	2.7	0.0	0.0	0.0	0.0	1.0	1	1953	205.7	411.8	0.25	2.65	1
649.21	0	2.7	0.0	0.0	0.0	0.0	1.0	1	1953	205.7	411.8	0.25	2.65	1
649.31	0	2.7	0.0	0.0	0.0	0.0	1.0	1	1953	205.7	411.8	0.25	2.66	1
649.41	0	2.7	0.0	0.0	0.0	0.0	1.0	1	1953	205.7	411.8	0.25	2.66	1
649.51	0	2.7	0.0	0.0	0.0	0.0	1.0	1	1953	205.7	411.8	0.25	2.66	1
649.61	0	2.7	0.0	0.0	0.0	0.0	1.0	1	1953	205.7	411.8	0.25	2.66	1
649.71	0	2.7	0.0	0.0	0.0	0.0	1.0	1	1953	205.7	411.8	0.25	2.66	1
649.81	0	2.7	0.0	0.0	0.0	0.0	1.0	1	1953	205.7	411.8	0.25	2.66	1
649.91	0	2.7	0.0	0.0	0.0	0.0	1.0	1	1953	205.7	411.8	0.25	2.67	1
650.01	0	2.7	0.0	0.0	0.0	0.0	1.0	1	1953	205.7	411.8	0.25	2.67	1
650.11	0	2.7	0.0	0.0	0.0	0.0	1.0	1	1953	205.7	411.8	0.25	2.67	1
650.21	0	2.7	0.0	0.0	0.0	0.0	1.0	1	1953	205.7	411.8	0.25	2.67	1
650.31	0	2.7	0.0	0.0	0.0	0.0	1.0	1	1953	205.7	411.8	0.25	2.67	1
650.41	0	2.7	0.0	0.0	0.0	0.0	1.0	1	1953	205.7	411.8	0.25	2.68	1
650.51	0	2.7	0.0	0.0	0.0	0.0	1.0	1	1953	205.7	411.8	0.25	2.68	1
650.61	0	2.7	0.0	0.0	0.0	0.0	1.0	1	1953	205.7	411.8	0.25	2.68	1
650.71	0	2.7	0.0	0.0	0.0	0.0	1.0	1	1953	205.7	411.8	0.25	2.68	1
650.81	0	2.7	0.0	0.0	0.0	0.0	1.0	1	1953	205.7	411.8	0.25	2.68	1
650.91	0	2.7	0.0	0.0	0.0	0.0	1.0	1	1953	205.7	411.8	0.25	2.68	1
651.01	0	2.7	0.0	0.0	0.0	0.0	1.0	1	1953	205.7	411.8	0.25	2.69	1
651.11	0	2.7	0.0	0.0	0.0	0.0	1.0	1	1953	205.7	411.8	0.25	2.69	1
651.21	0	2.7	0.0	0.0	0.0	0.0	1.0	1	1953	205.7	411.8	0.25	2.69	1
651.31	0	2.7	0.0	0.0	0.0	0.0	1.0	1	1953	205.7	411.8	0.25	2.69	1
651.41	0	2.7	0.0	0.0	0.0	0.0	1.0	1	1953	205.7	411.8	0.25	2.69	1
651.51	0	2.7	0.0	0.0	0.0	0.0	1.0	1	1953	205.7	411.8	0.25	2.7	1
651.61	0	2.7	0.0	0.0	0.0	0.0	1.0	1	1953	205.7	411.8	0.25	2.7	1
651.71	0	2.7	0.0	0.0	0.0	0.0	1.0	1	1953	205.7	411.8	0.25	2.7	1
651.81	0	2.7	0.0	0.0	0.0	0.0	1.0	1	1953	205.7	411.8	0.25	2.7	1
651.91	0	2.7	0.0	0.0	0.0	0.0	1.0	1	1953	205.7	411.8	0.25	2.7	1
652.01	0	2.7	0.0	0.0	0.0	0.0	1.0	1	1953	205.7	411.8	0.25	2.71	1
652.11	0	2.7	0.0	0.0	0.0	0.0	1.0	1	1953	205.7	411.8	0.25	2.71	1
652.21	0	2.7	0.0	0.0	0.0	0.0	1.0	1	1953	205.7	411.8	0.25	2.71	1
652.31	0	2.7	0.0	0.0	0.0	0.0	1.0	1	1953	205.7	411.8	0.25	2.71	1
652.41	0	2.7	0.0	0.0	0.0	0.0	1.0	1	1953	205.7	411.8	0.25	2.71	1
652.51	0	2.7	0.0	0.0	0.0	0.0	1.0	1	1953	205.7	411.8	0.25	2.71	1
652.61	0	2.7	0.0	0.0	0.0	0.0	1.0	1	1953	205.7	411.8	0.25	2.72	1
652.71	0	2.7	0.0	0.0	0.0	0.0	1.0	1	1953	205.7	411.8	0.25	2.72	1
652.81	0	2.7	0.0	0.0	0.0	0.0	1.0	1	1953	205.7	411.8	0.25	2.72	1
652.91	0	2.7	0.0	0.0	0.0	0.0	1.0	1	1953	205.7	411.8	0.25	2.72	1
653.01	0	2.7	0.0	0.0	0.0	0.0	1.0	1	1953	205.7	411.8	0.25	2.72	1
653.11	0	2.7	0.0	0.0	0.0	0.0	1.0	1	1953	205.7	411.8	0.25	2.73	1
653.21	0	2.7	0.0	0.0	0.0	0.0	1.0	1	1953	205.7	411.8	0.25	2.73	1
653.31	0	2.7	0.0	0.0	0.0	0.0	1.0	1	1953	205.7	411.8	0.25	2.73	1
653.41	0	2.7	0.0	0.0	0.0	0.0	1.0	1	1953	205.7	411.8	0.25	2.73	1
653.51	0	2.7	0.0	0.0	0.0	0.0	1.0	1	1953	205.7	411.8	0.25	2.73	1
653.61	0	2.7	0.0	0.0	0.0	0.0	1.0	1	1953	205.7	411.8	0.25	2.73	1
653.71	0	2.7	0.0	0.0	0.0	0.0	1.0	1	1953	205.7	411.8	0.25	2.74	1
653.81	0	2.7	0.0	0.0	0.0	0.0	1.0	1	1953	205.7	411.8	0.25	2.74	1
653.91	0	2.7	0.0	0.0	0.0	0.0	1.0	1	1953	205.7	411.8	0.25	2.74	1
654.01	0	2.7	0.0	0.0	0.0	0.0	1.0	1	1953	205.7	411.8	0.25	2.74	1
654.11	0	2.7	0.0	0.0	0.0	0.0	1.0	1	1953	205.7	411.8	0.25	2.74	1
654.21	0	2.7	0.0	0.0	0.0	0.0	1.0	1	1953	205.7	411.8	0.25	2.75	1
654.31	0	2.7	0.0	0.0	0.0	0.0	1.0	1	1953	205.7	411.8	0.25	2.75	1
654.41	0	2.7	0.0	0.0	0.0	0.0	1.0	1	1953	205.7	411.8	0.25	2.75	1
654.51	0	2.8	0.0	0.0	0.0	0.0	1.0	1	1953	205.7	411.8	0.25	2.75	1
654.61	0	2.8	0.0	0.0	0.0	0.0	1.0	1	1953	205.7	411.8	0.25	2.75	1
654.71	0	2.8	0.0	0.0	0.0	0.0	1.0	1	1953	205.7	411.8	0.25	2.75	1
654.81	0	2.8	0.0	0.0	0.0	0.0	1.0	1	1953	205.7	411.8	0.25	2.76	1
654.91	0	2.8	0.0	0.0	0.0	0.0	1.0	1	1953	205.7	411.8	0.26	2.76	1
655.01	0	2.8	0.0	0.0	0.0	0.0	1.0	1	1953	205.7	411.8	0.26	2.76	1
655.11	0	2.8	0.0	0.0	0.0	0.0	1.0	1	1953	205.7	411.8	0.26	2.76	1
655.21	0	2.8	0.0	0.0	0.0	0.0	1.0	1	1953	205.7	411.8	0.26	2.76	1
655.31	0	2.8	0.0	0.0	0.0	0.0	1.0	1	1953	205.7	411.8	0.26	2.77	1
655.41	0	2.8	0.0	0.0	0.0	0.0	1.0	1	1953	205.7	411.8	0.26	2.77	1
655.54	0	2.8	0.0	0.0	0.0	0.0	1.0	1	1953	205.7	411.8	0.26	2.77	1
655.63	0	2.8	0.0	0.0	0.0	0.0	1.0	1	1953	205.7	411.8	0.26	2.77	1
655.73	0	2.8	0.0	0.0	0.0	0.0	1.0	1	1953	205.7	411.8	0.26	2.77	1
655.83	0	2.8	0.0	0.0	0.0	0.0	1.0	1	1953	205.7	411.8	0.26	2.78	1
655.93	0	2.8	0.0	0.0	0.0	0.0	1.0	1	1953	205.7	411.8	0.26	2.78	1
656.03	0	2.8	0.0	0.0	0.0	0.0	1.0	1	1953	205.7	411.8	0.26	2.78	1
656.13	0	2.8	0.0	0.0	0.0	0.0	1.0	1	1953	205.7	411.8	0.26	2.78	1
656.23	0	2.8	0.0	0.0	0.0	0.0	1.0	1	1953	205.7	411.8	0.26	2.78	1
656.33	0	2.8	0.0	0.0	0.0	0.0	1.0	1	1953	205.7	411.8	0.26	2.78	1
656.43	0	2.8	0.0	0.0	0.0	0.0	1.0	1	1953	205.7	411.8	0.26	2.79	1
656.53	0	2.8	0.0	0.0	0.0	0.0	1.0	1	1953	205.7	411.8	0.26	2.79	1
656.63	0	2.8	0.0	0.0	0.0	0.0	1.0	1	1953	205.7	411.8	0.26	2.79	1
656.76	0	2.8	0.0	0.0	0.0	0.0	1.0	1	1953	205.7	411.8	0.26	2.79	1
656.86	0	2.8	0.0	0.0	0.0	0.0	1.0	1	1953	205.7	411.8	0.26	2.79	1
656.96	0	2.8	0.0	0.0	0.0	0.0	1.0	1	1953	205.7	411.8	0.26	2.8	1
657.06	0	2.8	0.0	0.0	0.0	0.0	1.0	1	1953	205.7	411.8	0.26	2.8	1
657.16	0	2.8	0.0	0.0	0.0	0.0	1.0	1	1953	205.7	411.8	0.26	2.8	1
657.26	0	2.8	0.0	0.0	0.0	0.0	1.0	1	1953	205.7	411.8	0.26	2.8	1
657.36	0	2.8	0.0	0.0	0.0	0.0	1.0	1	1953	205.7	411.8	0.26	2.8	1
657.46	0	2.8	0.0	0.0	0.0	0.0	1.0	1	1953	205.7	411.8	0.26	2.81	1
657.56	0	2.8	0.0	0.0	0.0	0.0	1.0	1	1953	205.7	411.8	0.26	2.81	1
657.66	0	2.8	0.0	0.0	0.0	0.0	1.0	1	1953	205.7	411.8	0.26	2.81	1
657.76	0	2.8	0.0	0.0	0.0	0.0	1.0	1	1953	205.7	411.8	0.26	2.81	1
657.86	0	2.8	0.0	0.0	0.0	0.0	1.0	1	1953	205.7	411.8	0.26	2.81	1
657.96	0	2.8	0.0	0.0	0.0	0.0	1.0	1	1953	205.7	411.8	0.26	2.82	1
658.06	0	2.8	0.0	0.0	0.0	0.0	1.0	1	1953	205.7	411.8	0.26	2.82	1
658.16	0	2.8	0.0	0.0	0.0	0.0	1.0	1	1953	205.7	411.8	0.26	2.82	1
658.26	0	2.8	0.0	0.0	0.0	0.0	1.0	1	1953	205.7	411.8	0.26	2.82	1
658.36	0	2.8	0.0	0.0	0.0	0.0	1.0	1	1953	205.7	411.8	0.26	2.82	1
658.46	0	2.8	0.0	0.0	0.0	0.0	1.0	1	1953	205.7	411.8	0.26	2.82	1
658.56	0	2.8	0.0	0.0	0.0	0.0	1.0	1	1953	205.7	411.8	0.26	2.83	1
658.66	0	2.8	0.0	0.0	0.0	0.0	1.0	1	1953	205.7	411.8	0.26	2.83	1
658.76	0	2.8	0.0	0.0	0.0	0.0	1.0	1	1953	205.7	411.8	0.26	2.83	1
658.86	0	2.8	0.0	0.0	0.0	0.0	1.0	1	1953	205.7	411.8	0.26	2.83	1
658.96	0	2.8	0.0	0.0	0.0	0.0	1.0	1	1953	205.7	411.8	0.26	2.83	1
659.06	0	2.8	0.0	0.0	0.0	0.0	1.0	1	1953	205.7	411.8	0.26	2.84	1
659.16	0	2.8	0.0	0.0	0.0	0.0	1.0	1	1953	205.7	411.8	0.26	2.84	1
659.26	0	2.8	0.0	0.0	0.0	0.0	1.0	1	1953	205.7	411.8	0.26	2.84	1
659.36	0	2.8	0.0	0.0	0.0	0.0	1.0	1	1953	205.7	411.8	0.26	2.84	1
659.46	0	2.8	0.0	0.0	0.0	0.0	1.0	1	1953	205.7	411.8	0.26	2.84	1
659.56	0	2.8	0.0	0.0	0.0	0.0	1.0	1	1953	205.7	411.8	0.26	2.85	1
659.66	0	2.8	0.0	0.0	0.0	0.0	1.0	1	1953	205.7	411.8	0.26	2.85	1
659.76	0	2.8	0.0	0.0	0.0	0.0	1.0	1	1953	205.7	411.8	0.26	2.85	1
659.86	0	2.9	0.0	0.0	0.0	0.0	1.0	1	1953	205.7	411.8	0.26	2.85	1
659.96	0	2.9	0.0	0.0	0.0	0.0	1.0	1	1953	205.7	411.8	0.26	2.85	1
660.06	0	2.9	0.0	0.0	0.0	0.0	1.0	1	1953	205.7	411.8	0.26	2.85	1
660.16	0	2.9	0.0	0.0	0.0	0.0	1.0	1	1953	205.7	411.8	0.26	2.86	1
660.26	0	2.9	0.0	0.0	0.0	0.0	1.0	1	1953	205.7	411.8	0.26	2.86	1
660.36	0	2.9	0.0	0.0	0.0	0.0	1.0	1	1953	205.7	411.8	0.26	2.86	1
660.46	0	2.9	0.0	0.0	0.0	0.0	1.0	1	1953	205.7	411.8	0.26	2.86	1
660.56	0	2.9	0.0	0.0	0.0	0.0	1.0	1	1953	205.7	411.8	0.26	2.86	1
660.66	0	2.9	0.0	0.0	0.0	0.0	1.0	1	1953	205.7	411.8	0.26	2.87	1
660.76	0	2.9	0.0	0.0	0.0	0.0	1.0	1	1953	205.7	411.8	0.26	2.87	1
660.86	0	2.9	0.0	0.0	0.0	0.0	1.0	1	1953	205.7	411.8	0.26	2.87	1
660.96	0	2.9	0.0	0.0	0.0	0.0	1.0	1	1953	205.7	411.8	0.26	2.87	1
661.06	0	2.9	0.0	0.0	0.0	0.0	1.0	1	1953	205.7	411.8	0.26	2.87	1
661.16	0	2.9	0.0	0.0	0.0	0.0	1.0	1	1953	205.7	411.8	0.26	2.88	1
661.26	0	2.9	0.0	0.0	0.0	0.0	1.0	1	1953	205.7	411.8	0.26	2.88	1
661.36	0	2.9	0.0	0.0	0.0	0.0	1.0	1	1953	205.7	411.8	0.26	2.88	1
661.46	0	2.9	0.0	0.0	0.0	0.0	1.0	1	1953	205.7	411.8	0.26	2.88	1
661.56	0	2.9	0.0	0.0	0.0	0.0	1.0	1	1953	205.7	411.8	0.26	2.88	1
661.66	0	2.9	0.0	0.0	0.0	0.0	1.0	1	1953	205.7	411.8	0.26	2.88	1
661.76	0	2.9	0.0	0.0	0.0	0.0	1.0	1	1953	205.7	411.8	0.26	2.89	1
661.86	0	2.9	0.0	0.0	0.0	0.0	1.0	1	1953	205.7	411.8	0.26	2.89	1
661.96	0	2.9	0.0	0.0	0.0	0.0	1.0	1	1953	205.7	411.8	0.26	2.89	1
662.06	0	2.9	0.0	0.0	0.0	0.0	1.0	1	1953	205.7	411.8	0.26	2.89	1
662.16	0	2.9	0.0	0.0	0.0	0.0	1.0	1	1953	205.7	411.8	0.26	2.89	1
662.26	0	2.9	0.0	0.0	0.0	0.0	1.0	1	1953	205.7	411.8	0.26	2.9	1
662.36	0	2.9	0.0	0.0	0.0	0.0	1.0	1	1953	205.7	411.8	0.26	2.9	1
662.46	0	2.9	0.0	0.0	0.0	0.0	1.0	1	1953	205.7	411.8	0.26	2.9	1
662.56	0	2.9	0.0	0.0	0.0	0.0	1.0	1	1953	205.7	411.8	0.26	2.9	1
662.66	0	2.9	0.0	0.0	0.0	0.0	1.0	1	1953	205.7	411.8	0.26	2.9	1
662.76	0	2.9	0.0	0.0	0.0	0.0	1.0	1	1953	205.7	411.8	0.26	2.91	1
662.86	0	2.9	0.0	0.0	0.0	0.0	1.0	1	1953	205.7	411.8	0.26	2.91	1
662.96	0	2.9	0.0	0.0	0.0	0.0	1.0	1	1953	205.7	411.8	0.26	2.91	1
663.06	0	2.9	0.0	0.0	0.0	0.0	1.0	1	1953	205.7	411.8	0.26	2.91	1
663.16	0	2.9	0.0	0.0	0.0	0.0	1.0	1	1953	205.7	411.8	0.26	2.91	1
663.26	0	2.9	0.0	0.0	0.0	0.0	1.0	1	1953	205.7	411.8	0.26	2.91	1
663.36	0	2.9	0.0	0.0	0.0	0.0	1.0	1	1953	205.7	411.8	0.26	2.92	1
663.46	0	2.9	0.0	0.0	0.0	0.0	1.0	1	1953	205.7	411.8	0.26	2.92	1
663.56	0	2.9	0.0	0.0	0.0	0.0	1.0	1	1953	205.7	411.8	0.26	2.92	1
663.68	0	2.9	0.0	0.0	0.0	0.0	1.0	1	1953	205.7	411.8	0.26	2.92	1
663.78	0	2.9	0.0	0.0	0.0	0.0	1.0	1	1953	205.7	411.8	0.26	2.92	1
663.88	0	2.9	0.0	0.0	0.0	0.0	1.0	1	1953	205.7	411.8	0.26	2.93	1
663.98	0	2.9	0.0	0.0	0.0	0.0	1.0	1	1953	205.7	411.8	0.26	2.93	1
664.08	0	2.9	0.0	0.0	0.0	0.0	1.0	1	1953	205.7	411.8	0.26	2.93	1
664.18	0	2.9	0.0	0.0	0.0	0.0	1.0	1	1953	205.7	411.8	0.26	2.93	1
664.28	0	2.9	0.0	0.0	0.0	0.0	1.0	1	1953	205.7	411.8	0.26	2.93	1
664.38	0	2.9	0.0	0.0	0.0	0.0	1.0	1	1953	205.7	411.8	0.26	2.94	1
664.48	0	2.9	0.0	0.0	0.0	0.0	1.0	1	1953	205.7	411.8	0.26	2.94	1
664.58	0	2.9	0.0	0.0	0.0	0.0	1.0	1	1953	205.7	411.8	0.26	2.94	1
664.68	0	2.9	0.0	0.0	0.0	0.0	1.0	1	1953	205.7	411.8	0.26	2.94	1
664.78	0	2.9	0.0	0.0	0.0	0.0	1.0	1	1953	205.7	411.8	0.26	2.94	1
664.88	0	2.9	0.0	0.0	0.0	0.0	1.0	1	1953	205.7	411.8	0.26	2.95	1
664.98	0	2.9	0.0	0.0	0.0	0.0	1.0	1	1953	205.7	411.8	0.26	2.95	1
665.08	0	2.9	0.0	0.0	0.0	0.0	1.0	1	1953	205.7	411.8	0.26	2.95	1
665.18	0	3.0	0.0	0.0	0.0	0.0	1.0	1	1953	205.7	411.8	0.26	2.95	1
665.28	0	3.0	0.0	0.0	0.0	0.0	1.0	1	1953	205.7	411.8	0.26	2.95	1
665.38	0	3.0	0.0	0.0	0.0	0.0	1.0	1	1953	205.7	411.8	0.26	2.95	1
665.48	0	3.0	0.0	0.0	0.0	0.0	1.0	1	1953	205.7	411.8	0.26	2.96	1
665.58	0	3.0	0.0	0.0	0.0	0.0	1.0	1	1953	205.7	411.8	0.26	2.96	1
665.68	0	3.0	0.0	0.0	0.0	0.0	1.0	1	1953	205.7	411.8	0.26	2.96	1
665.78	0	3.0	0.0	0.0	0.0	0.0	1.0	1	1953	205.7	411.8	0.26	2.96	1
665.88	0	3.0	0.0	0.0	0.0	0.0	1.0	1	1953	205.7	411.8	0.26	2.96	1
665.98	0	3.0	0.0	0.0	0.0	0.0	1.0	1	1953	205.7	411.8	0.26	2.97	1
666.08	0	3.0	0.0	0.0	0.0	0.0	1.0	1	1953	205.7	411.8	0.26	2.97	1
666.18	0	3.0	0.0	0.0	0.0	0.0	1.0	1	1953	205.7	411.8	0.26	2.97	1
666.28	0	3.0	0.0	0.0	0.0	0.0	1.0	1	1953	205.7	411.8	0.26	2.97	1
666.38	0	3.0	0.0	0.0	0.0	0.0	1.0	1	1953	205.7	411.8	0.26	2.97	1
666.48	0	3.0	0.0	0.0	0.0	0.0	1.0	1	1953	205.7	411.8	0.26	2.98	1
666.58	0	3.0	0.0	0.0	0.0	0.0	1.0	1	1953	205.7	411.8	0.26	2.98	1
666.68	0	3.0	0.0	0.0	0.0	0.0	1.0	1	1953	205.7	411.8	0.26	2.98	1
666.81	0	3.0	0.0	0.0	0.0	0.0	1.0	1	1953	205.7	411.8	0.26	2.98	1
666.91	0	3.0	0.0	0.0	0.0	0.0	1.0	1	1953	205.7	411.8	0.26	2.98	1
667.01	0	3.0	0.0	0.0	0.0	0.0	1.0	1	1953	205.7	411.8	0.26	2.99	1
667.11	0	3.0	0.0	0.0	0.0	0.0	1.0	1	1953	205.7	411.8	0.26	2.99	1
667.21	0	3.0	0.0	0.0	0.0	0.0	1.0	1	1953	205.7	411.8	0.26	2.99	1
667.31	0	3.0	0.0	0.0	0.0	0.0	1.0	1	1953	205.7	411.8	0.26	2.99	1
667.41	0	3.0	0.0	0.0	0.0	0.0	1.0	1	1953	205.7	411.8	0.26	2.99	1
667.51	0	3.0	0.0	0.0	0.0	0.0	1.0	1	1953	205.7	411.8	0.26	3.0	1
667.61	0	3.0	0.0	0.0	0.0	0.0	1.0	1	1953	205.7	411.8	0.26	3.0	1
667.71	0	3.0	0.0	0.0	0.0	0.0	1.0	1	1953	205.7	411.8	0.26	3.0	1
667.81	0	3.0	0.0	0.0	0.0	0.0	1.0	1	1953	205.7	411.8	0.26	3.0	1
667.91	0	3.0	0.0	0.0	0.0	0.0	1.0	1	1953	205.7	411.8	0.26	3.0	1
668.01	0	3.0	0.0	0.0	0.0	0.0	1.0	1	1953	205.7	411.8	0.26	3.0	1
668.11	0	3.0	0.0	0.0	0.0	0.0	1.0	1	1953	205.7	411.8	0.26	3.01	1
668.21	0	3.0	0.0	0.0	0.0	0.0	1.0	1	1953	205.7	411.8	0.26	3.01	1
668.31	0	3.0	0.0	0.0	0.0	0.0	1.0	1	1953	205.7	411.8	0.26	3.01	1
668.41	0	3.0	0.0	0.0	0.0	0.0	1.0	1	1953	205.7	411.8	0.26	3.01	1
668.51	0	3.0	0.0	0.0	0.0	0.0	1.0	1	1953	205.7	411.8	0.26	3.01	1
668.61	0	3.0	0.0	0.0	0.0	0.0	1.0	1	1953	205.7	411.8	0.26	3.02	1
668.71	0	3.0	0.0	0.0	0.0	0.0	1.0	1	1953	205.7	411.8	0.26	3.02	1
668.81	0	3.0	0.0	0.0	0.0	0.0	1.0	1	1953	205.7	411.8	0.26	3.02	1
668.91	0	3.0	0.0	0.0	0.0	0.0	1.0	1	1953	205.7	411.8	0.26	3.02	1
669.01	0	3.0	0.0	0.0	0.0	0.0	1.0	1	1953	205.7	411.8	0.26	3.02	1
669.11	0	3.0	0.0	0.0	0.0	0.0	1.0	1	1953	205.7	411.8	0.26	3.03	1
669.21	0	3.0	0.0	0.0	0.0	0.0	1.0	1	1953	205.7	411.8	0.26	3.03	1
669.31	0	3.0	0.0	0.0	0.0	0.0	1.0	1	1953	205.7	411.8	0.26	3.03	1
669.41	0	3.0	0.0	0.0	0.0	0.0	1.0	1	1953	205.7	411.8	0.26	3.03	1
669.51	0	3.0	0.0	0.0	0.0	0.0	1.0	1	1953	205.7	411.8	0.26	3.03	1
669.61	0	3.0	0.0	0.0	0.0	0.0	1.0	1	1953	205.7	411.8	0.26	3.04	1
669.71	0	3.0	0.0	0.0	0.0	0.0	1.0	1	1953	205.7	411.8	0.26	3.04	1
669.81	0	3.0	0.0	0.0	0.0	0.0	1.0	1	1953	205.7	411.8	0.26	3.04	1
669.91	0	3.0	0.0	0.0	0.0	0.0	1.0	1	1953	205.7	411.8	0.26	3.04	1
670.01	0	3.0	0.0	0.0	0.0	0.0	1.0	1	1953	205.7	411.8	0.26	3.04	1
670.11	0	3.0	0.0	0.0	0.0	0.0	1.0	1	1953	205.7	411.8	0.26	3.04	1
670.23	0	3.0	0.0	0.0	0.0	0.0	1.0	1	1953	205.7	411.8	0.26	3.05	1
670.33	0	3.0	0.0	0.0	0.0	0.0	1.0	1	1953	205.7	411.8	0.26	3.05	1
670.43	0	3.1	0.0	0.0	0.0	0.0	1.0	1	1953	205.7	411.8	0.26	3.05	1
670.53	0	3.1	0.0	0.0	0.0	0.0	1.0	1	1953	205.7	411.8	0.26	3.05	1
670.63	0	3.1	0.0	0.0	0.0	0.0	1.0	1	1953	205.7	411.8	0.26	3.05	1
670.73	0	3.1	0.0	0.0	0.0	0.0	1.0	1	1953	205.7	411.8	0.26	3.06	1
670.83	0	3.1	0.0	0.0	0.0	0.0	1.0	1	1953	205.7	411.8	0.26	3.06	1
670.93	0	3.1	0.0	0.0	0.0	0.0	1.0	1	1953	205.7	411.8	0.26	3.06	1
671.03	0	3.1	0.0	0.0	0.0	0.0	1.0	1	1953	205.7	411.8	0.26	3.06	1
671.13	0	3.1	0.0	0.0	0.0	0.0	1.0	1	1953	205.7	411.8	0.26	3.06	1
671.23	0	3.1	0.0	0.0	0.0	0.0	1.0	1	1953	205.7	411.8	0.26	3.07	1
671.33	0	3.1	0.0	0.0	0.0	0.0	1.0	1	1953	205.7	411.8	0.26	3.07	1
671.43	0	3.1	0.0	0.0	0.0	0.0	1.0	1	1953	205.7	411.8	0.26	3.07	1
671.53	0	3.1	0.0	0.0	0.0	0.0	1.0	1	1953	205.7	411.8	0.26	3.07	1
671.63	0	3.1	0.0	0.0	0.0	0.0	1.0	1	1953	205.7	411.8	0.26	3.07	1
671.75	0	3.1	0.0	0.0	0.0	0.0	1.0	1	1953	205.7	411.8	0.26	3.08	1
671.84	0	3.1	0.0	0.0	0.0	0.0	1.0	1	1953	205.7	411.8	0.26	3.08	1
671.94	0	3.1	0.0	0.0	0.0	0.0	1.0	1	1953	205.7	411.8	0.26	3.08	1
672.04	0	3.1	0.0	0.0	0.0	0.0	1.0	1	1953	205.7	411.8	0.26	3.08	1
672.14	0	3.1	0.0	0.0	0.0	0.0	1.0	1	1953	205.7	411.8	0.26	3.08	1
672.24	0	3.1	0.0	0.0	0.0	0.0	1.0	1	1953	205.7	411.8	0.26	3.09	1
672.34	0	3.1	0.0	0.0	0.0	0.0	1.0	1	1953	205.7	411.8	0.26	3.09	1
672.44	0	3.1	0.0	0.0	0.0	0.0	1.0	1	1953	205.7	411.8	0.26	3.09	1
672.54	0	3.1	0.0	0.0	0.0	0.0	1.0	1	1953	205.7	411.8	0.26	3.09	1
672.64	0	3.1	0.0	0.0	0.0	0.0	1.0	1	1953	205.7	411.8	0.26	3.09	1
672.74	0	3.1	0.0	0.0	0.0	0.0	1.0	1	1953	205.7	411.8	0.26	3.1	1
672.84	0	3.1	0.0	0.0	0.0	0.0	1.0	1	1953	205.7	411.8	0.26	3.1	1
672.94	0	3.1	0.0	0.0	0.0	0.0	1.0	1	1953	205.7	411.8	0.26	3.1	1
673.04	0	3.1	0.0	0.0	0.0	0.0	1.0	1	1953	205.7	411.8	0.26	3.1	1
673.14	0	3.1	0.0	0.0	0.0	0.0	1.0	1	1953	205.7	411.8	0.26	3.1	1
673.24	0	3.1	0.0	0.0	0.0	0.0	1.0	1	1953	205.7	411.8	0.26	3.1	1
673.34	0	3.1	0.0	0.0	0.0	0.0	1.0	1	1953	205.7	411.8	0.26	3.11	1
673.44	0	3.1	0.0	0.0	0.0	0.0	1.0	1	1953	205.7	411.8	0.26	3.11	1
673.54	0	3.1	0.0	0.0	0.0	0.0	1.0	1	1953	205.7	411.8	0.26	3.11	1
673.64	0	3.1	0.0	0.0	0.0	0.0	1.0	1	1953	205.7	411.8	0.26	3.11	1
673.74	0	3.1	0.0	0.0	0.0	0.0	1.0	1	1953	205.7	411.8	0.26	3.11	1
673.84	0	3.1	0.0	0.0	0.0	0.0	1.0	1	1953	205.7	411.8	0.26	3.12	1
673.94	0	3.1	0.0	0.0	0.0	0.0	1.0	1	1953	205.7	411.8	0.26	3.12	1
674.04	0	3.1	0.0	0.0	0.0	0.0	1.0	1	1953	205.7	411.8	0.26	3.12	1
674.14	0	3.1	0.0	0.0	0.0	0.0	1.0	1	1953	205.7	411.8	0.26	3.12	1
674.24	0	3.1	0.0	0.0	0.0	0.0	1.0	1	1953	205.7	411.8	0.26	3.12	1
674.34	0	3.1	0.0	0.0	0.0	0.0	1.0	1	1953	205.7	411.8	0.26	3.13	1
674.44	0	3.1	0.0	0.0	0.0	0.0	1.0	1	1953	205.7	411.8	0.26	3.13	1
674.54	0	3.1	0.0	0.0	0.0	0.0	1.0	1	1953	205.7	411.8	0.26	3.13	1
674.64	0	3.1	0.0	0.0	0.0	0.0	1.0	1	1953	205.7	411.8	0.26	3.13	1
674.74	0	3.1	0.0	0.0	0.0	0.0	1.0	1	1953	205.7	411.8	0.26	3.13	1
674.84	0	3.1	0.0	0.0	0.0	0.0	1.0	1	1953	205.7	411.8	0.26	3.14	1
674.94	0	3.1	0.0	0.0	0.0	0.0	1.0	1	1953	205.7	411.8	0.26	3.14	1
675.04	0	3.1	0.0	0.0	0.0	0.0	1.0	1	1953	205.7	411.8	0.26	3.14	1
675.15	0	3.1	0.0	0.0	0.0	0.0	1.0	1	1953	205.7	411.8	0.26	3.14	1
675.24	0	3.1	0.0	0.0	0.0	0.0	1.0	1	1953	205.7	411.8	0.26	3.14	1
675.34	0	3.1	0.0	0.0	0.0	0.0	1.0	1	1953	205.7	411.8	0.26	3.15	1
675.44	0	3.1	0.0	0.0	0.0	0.0	1.0	1	1953	205.7	411.8	0.26	3.15	1
675.54	0	3.1	0.0	0.0	0.0	0.0	1.0	1	1953	205.7	411.8	0.26	3.15	1
675.64	0	3.2	0.0	0.0	0.0	0.0	1.0	1	1953	205.7	411.8	0.26	3.15	1
675.74	0	3.2	0.0	0.0	0.0	0.0	1.0	1	1953	205.7	411.8	0.26	3.15	1
675.84	0	3.2	0.0	0.0	0.0	0.0	1.0	1	1953	205.7	411.8	0.26	3.16	1
675.94	0	3.2	0.0	0.0	0.0	0.0	1.0	1	1953	205.7	411.8	0.26	3.16	1
676.04	0	3.2	0.0	0.0	0.0	0.0	1.0	1	1953	205.7	411.8	0.26	3.16	1
676.14	0	3.2	0.0	0.0	0.0	0.0	1.0	1	1953	205.7	411.8	0.26	3.16	1
676.24	0	3.2	0.0	0.0	0.0	0.0	1.0	1	1953	205.7	411.8	0.26	3.16	1
676.34	0	3.2	0.0	0.0	0.0	0.0	1.0	1	1953	205.7	411.8	0.26	3.16	1
676.44	0	3.2	0.0	0.0	0.0	0.0	1.0	1	1953	205.7	411.8	0.26	3.17	1
676.54	0	3.2	0.0	0.0	0.0	0.0	1.0	1	1953	205.7	411.8	0.26	3.17	1
676.64	0	3.2	0.0	0.0	0.0	0.0	1.0	1	1953	205.7	411.8	0.26	3.17	1
676.78	0	3.2	0.0	0.0	0.0	0.0	1.0	1	1953	205.7	411.8	0.26	3.17	1
676.88	0	3.2	0.0	0.0	0.0	0.0	1.0	1	1953	205.7	411.8	0.26	3.18	1
676.98	0	3.2	0.0	0.0	0.0	0.0	1.0	1	1953	205.7	411.8	0.26	3.18	1
677.08	0	3.2	0.0	0.0	0.0	0.0	1.0	1	1953	205.7	411.8	0.26	3.18	1
677.18	0	3.2	0.0	0.0	0.0	0.0	1.0	1	1953	205.7	411.8	0.26	3.18	1
677.28	0	3.2	0.0	0.0	0.0	0.0	1.0	1	1953	205.7	411.8	0.26	3.18	1
677.38	0	3.2	0.0	0.0	0.0	0.0	1.0	1	1953	205.7	411.8	0.26	3.19	1
677.48	0	3.2	0.0	0.0	0.0	0.0	1.0	1	1953	205.7	411.8	0.26	3.19	1
677.58	0	3.2	0.0	0.0	0.0	0.0	1.0	1	1953	205.7	411.8	0.26	3.19	1
677.68	0	3.2	0.0	0.0	0.0	0.0	1.0	1	1953	205.7	411.8	0.26	3.19	1
677.78	0	3.2	0.0	0.0	0.0	0.0	1.0	1	1953	205.7	411.8	0.26	3.19	1
677.88	0	3.2	0.0	0.0	0.0	0.0	1.0	1	1953	205.7	411.8	0.26	3.19	1
677.98	0	3.2	0.0	0.0	0.0	0.0	1.0	1	1953	205.7	411.8	0.26	3.2	1
678.08	0	3.2	0.0	0.0	0.0	0.0	1.0	1	1953	205.7	411.8	0.26	3.2	1
678.18	0	3.2	0.0	0.0	0.0	0.0	1.0	1	1953	205.7	411.8	0.26	3.2	1
678.28	0	3.2	0.0	0.0	0.0	0.0	1.0	1	1953	205.7	411.8	0.26	3.2	1
678.38	0	3.2	0.0	0.0	0.0	0.0	1.0	1	1953	205.7	411.8	0.26	3.2	1
678.48	0	3.2	0.0	0.0	0.0	0.0	1.0	1	1953	205.7	411.8	0.26	3.21	1
678.58	0	3.2	0.0	0.0	0.0	0.0	1.0	1	1953	205.7	411.8	0.26	3.21	1
678.68	0	3.2	0.0	0.0	0.0	0.0	1.0	1	1953	205.7	411.8	0.26	3.21	1
678.78	0	3.2	0.0	0.0	0.0	0.0	1.0	1	1953	205.7	411.8	0.26	3.21	1
678.88	0	3.2	0.0	0.0	0.0	0.0	1.0	1	1953	205.7	411.8	0.26	3.21	1
678.98	0	3.2	0.0	0.0	0.0	0.0	1.0	1	1953	205.7	411.8	0.26	3.22	1
679.08	0	3.2	0.0	0.0	0.0	0.0	1.0	1	1953	205.7	411.8	0.26	3.22	1
679.18	0	3.2	0.0	0.0	0.0	0.0	1.0	1	1953	205.7	411.8	0.26	3.22	1
679.28	0	3.2	0.0	0.0	0.0	0.0	1.0	1	1953	205.7	411.8	0.26	3.22	1
679.38	0	3.2	0.0	0.0	0.0	0.0	1.0	1	1953	205.7	411.8	0.26	3.22	1
679.48	0	3.2	0.0	0.0	0.0	0.0	1.0	1	1953	205.7	411.8	0.26	3.23	1
679.58	0	3.2	0.0	0.0	0.0	0.0	1.0	1	1953	205.7	411.8	0.26	3.23	1
679.68	0	3.2	0.0	0.0	0.0	0.0	1.0	1	1953	205.7	411.8	0.26	3.23	1
679.78	0	3.2	0.0	0.0	0.0	0.0	1.0	1	1953	205.7	411.8	0.26	3.23	1
679.89	0	3.2	0.0	0.0	0.0	0.0	1.0	1	1953	205.7	411.8	0.26	3.23	1
679.99	0	3.2	0.0	0.0	0.0	0.0	1.0	1	1953	205.7	411.8	0.26	3.24	1
680.09	0	3.2	0.0	0.0	0.0	0.0	1.0	1	1953	205.7	411.8	0.26	3.24	1
680.19	0	3.2	0.0	0.0	0.0	0.0	1.0	1	1953	205.7	411.8	0.26	3.24	1
680.29	0	3.2	0.0	0.0	0.0	0.0	1.0	1	1953	205.7	411.8	0.26	3.24	1
680.39	0	3.2	0.0	0.0	0.0	0.0	1.0	1	1953	205.7	411.8	0.26	3.24	1
680.49	0	3.2	0.0	0.0	0.0	0.0	1.0	1	1953	205.7	411.8	0.26	3.25	1
680.59	0	3.2	0.0	0.0	0.0	0.0	1.0	1	1953	205.7	411.8	0.26	3.25	1
680.69	0	3.2	0.0	0.0	0.0	0.0	1.0	1	1953	205.7	411.8	0.27	3.25	1
680.79	0	3.3	0.0	0.0	0.0	0.0	1.0	1	1953	205.7	411.8	0.27	3.25	1
680.89	0	3.3	0.0	0.0	0.0	0.0	1.0	1	1953	205.7	411.8	0.27	3.25	1
680.99	0	3.3	0.0	0.0	0.0	0.0	1.0	1	1953	205.7	411.8	0.27	3.26	1
681.09	0	3.3	0.0	0.0	0.0	0.0	1.0	1	1953	205.7	411.8	0.27	3.26	1
681.19	0	3.3	0.0	0.0	0.0	0.0	1.0	1	1953	205.7	411.8	0.27	3.26	1
681.29	0	3.3	0.0	0.0	0.0	0.0	1.0	1	1953	205.7	411.8	0.27	3.26	1
681.39	0	3.3	0.0	0.0	0.0	0.0	1.0	1	1953	205.7	411.8	0.27	3.26	1
681.49	0	3.3	0.0	0.0	0.0	0.0	1.0	1	1953	205.7	411.8	0.27	3.27	1
681.59	0	3.3	0.0	0.0	0.0	0.0	1.0	1	1953	205.7	411.8	0.27	3.27	1
681.69	0	3.3	0.0	0.0	0.0	0.0	1.0	1	1953	205.7	411.8	0.27	3.27	1
681.79	0	3.3	0.0	0.0	0.0	0.0	1.0	1	1953	205.7	411.8	0.27	3.27	1
681.89	0	3.3	0.0	0.0	0.0	0.0	1.0	1	1953	205.7	411.8	0.27	3.27	1
681.99	0	3.3	0.0	0.0	0.0	0.0	1.0	1	1953	205.7	411.8	0.27	3.28	1
682.09	0	3.3	0.0	0.0	0.0	0.0	1.0	1	1953	205.7	411.8	0.27	3.28	1
682.19	0	3.3	0.0	0.0	0.0	0.0	1.0	1	1953	205.7	411.8	0.27	3.28	1
682.29	0	3.3	0.0	0.0	0.0	0.0	1.0	1	1953	205.7	411.8	0.27	3.28	1
682.39	0	3.3	0.0	0.0	0.0	0.0	1.0	1	1953	205.7	411.8	0.27	3.28	1
682.49	0	3.3	0.0	0.0	0.0	0.0	1.0	1	1953	205.7	411.8	0.27	3.29	1
682.59	0	3.3	0.0	0.0	0.0	0.0	1.0	1	1953	205.7	411.8	0.27	3.29	1
682.69	0	3.3	0.0	0.0	0.0	0.0	1.0	1	1953	205.7	411.8	0.27	3.29	1
682.79	0	3.3	0.0	0.0	0.0	0.0	1.0	1	1953	205.7	411.8	0.27	3.29	1
682.89	0	3.3	0.0	0.0	0.0	0.0	1.0	1	1953	205.7	411.8	0.27	3.29	1
682.99	0	3.3	0.0	0.0	0.0	0.0	1.0	1	1953	205.7	411.8	0.27	3.3	1
683.09	0	3.3	0.0	0.0	0.0	0.0	1.0	1	1953	205.7	411.8	0.27	3.3	1
683.19	0	3.3	0.0	0.0	0.0	0.0	1.0	1	1953	205.7	411.8	0.27	3.3	1
683.29	0	3.3	0.0	0.0	0.0	0.0	1.0	1	1953	205.7	411.8	0.27	3.3	1
683.39	0	3.3	0.0	0.0	0.0	0.0	1.0	1	1953	205.7	411.8	0.27	3.3	1
683.49	0	3.3	0.0	0.0	0.0	0.0	1.0	1	1953	205.7	411.8	0.27	3.3	1
683.59	0	3.3	0.0	0.0	0.0	0.0	1.0	1	1953	205.7	411.8	0.27	3.31	1
683.69	0	3.3	0.0	0.0	0.0	0.0	1.0	1	1953	205.7	411.8	0.27	3.31	1
683.79	0	3.3	0.0	0.0	0.0	0.0	1.0	1	1953	205.7	411.8	0.27	3.31	1
683.89	0	3.3	0.0	0.0	0.0	0.0	1.0	1	1953	205.7	411.8	0.27	3.31	1
683.99	0	3.3	0.0	0.0	0.0	0.0	1.0	1	1953	205.7	411.8	0.27	3.31	1
684.09	0	3.3	0.0	0.0	0.0	0.0	1.0	1	1953	205.7	411.8	0.27	3.32	1
684.19	0	3.3	0.0	0.0	0.0	0.0	1.0	1	1953	205.7	411.8	0.27	3.32	1
684.29	0	3.3	0.0	0.0	0.0	0.0	1.0	1	1953	205.7	411.8	0.27	3.32	1
684.39	0	3.3	0.0	0.0	0.0	0.0	1.0	1	1953	205.7	411.8	0.27	3.32	1
684.49	0	3.3	0.0	0.0	0.0	0.0	1.0	1	1953	205.7	411.8	0.27	3.32	1
684.59	0	3.3	0.0	0.0	0.0	0.0	1.0	1	1953	205.7	411.8	0.27	3.33	1
684.69	0	3.3	0.0	0.0	0.0	0.0	1.0	1	1953	205.7	411.8	0.27	3.33	1
684.79	0	3.3	0.0	0.0	0.0	0.0	1.0	1	1953	205.7	411.8	0.27	3.33	1
684.89	0	3.3	0.0	0.0	0.0	0.0	1.0	1	1953	205.7	411.8	0.27	3.33	1
684.99	0	3.3	0.0	0.0	0.0	0.0	1.0	1	1953	205.7	411.8	0.27	3.33	1
685.09	0	3.3	0.0	0.0	0.0	0.0	1.0	1	1953	205.7	411.8	0.27	3.34	1
685.19	0	3.3	0.0	0.0	0.0	0.0	1.0	1	1953	205.7	411.8	0.27	3.34	1
685.29	0	3.3	0.0	0.0	0.0	0.0	1.0	1	1953	205.7	411.8	0.27	3.34	1
685.39	0	3.3	0.0	0.0	0.0	0.0	1.0	1	1953	205.7	411.8	0.27	3.34	1
685.49	0	3.3	0.0	0.0	0.0	0.0	1.0	1	1953	205.7	411.8	0.27	3.34	1
685.59	0	3.3	0.0	0.0	0.0	0.0	1.0	1	1953	205.7	411.8	0.27	3.35	1
685.69	0	3.3	0.0	0.0	0.0	0.0	1.0	1	1953	205.7	411.8	0.27	3.35	1
685.79	0	3.4	0.0	0.0	0.0	0.0	1.0	1	1953	205.7	411.8	0.27	3.35	1
685.89	0	3.4	0.0	0.0	0.0	0.0	1.0	1	1953	205.7	411.8	0.27	3.35	1
685.99	0	3.4	0.0	0.0	0.0	0.0	1.0	1	1953	205.7	411.8	0.27	3.35	1
686.09	0	3.4	0.0	0.0	0.0	0.0	1.0	1	1953	205.7	411.8	0.27	3.36	1
686.19	0	3.4	0.0	0.0	0.0	0.0	1.0	1	1953	205.7	411.8	0.27	3.36	1
686.29	0	3.4	0.0	0.0	0.0	0.0	1.0	1	1953	205.7	411.8	0.27	3.36	1
686.39	0	3.4	0.0	0.0	0.0	0.0	1.0	1	1953	205.7	411.8	0.27	3.36	1
686.49	0	3.4	0.0	0.0	0.0	0.0	1.0	1	1953	205.7	411.8	0.27	3.36	1
686.59	0	3.4	0.0	0.0	0.0	0.0	1.0	1	1953	205.7	411.8	0.27	3.37	1
686.69	0	3.4	0.0	0.0	0.0	0.0	1.0	1	1953	205.7	411.8	0.27	3.37	1
686.83	0	3.4	0.0	0.0	0.0	0.0	1.0	1	1953	205.7	411.8	0.27	3.37	1
686.93	0	3.4	0.0	0.0	0.0	0.0	1.0	1	1953	205.7	411.8	0.27	3.37	1
687.03	0	3.4	0.0	0.0	0.0	0.0	1.0	1	1953	205.7	411.8	0.27	3.37	1
687.13	0	3.4	0.0	0.0	0.0	0.0	1.0	1	1953	205.7	411.8	0.27	3.38	1
687.23	0	3.4	0.0	0.0	0.0	0.0	1.0	1	1953	205.7	411.8	0.27	3.38	1
687.33	0	3.4	0.0	0.0	0.0	0.0	1.0	1	1953	205.7	411.8	0.27	3.38	1
687.43	0	3.4	0.0	0.0	0.0	0.0	1.0	1	1953	205.7	411.8	0.27	3.38	1
687.54	0	3.4	0.0	0.0	0.0	0.0	1.0	1	1953	205.7	411.8	0.27	3.39	1
687.64	0	3.4	0.0	0.0	0.0	0.0	1.0	1	1953	205.7	411.8	0.27	3.39	1
687.74	0	3.4	0.0	0.0	0.0	0.0	1.0	1	1953	205.7	411.8	0.27	3.39	1
687.84	0	3.4	0.0	0.0	0.0	0.0	1.0	1	1953	205.7	411.8	0.27	3.39	1
687.96	0	3.4	0.0	0.0	0.0	0.0	1.0	1	1953	205.7	411.8	0.27	3.39	1
688.06	0	3.4	0.0	0.0	0.0	0.0	1.0	1	1953	205.7	411.8	0.27	3.4	1
688.16	0	3.4	0.0	0.0	0.0	0.0	1.0	1	1953	205.7	411.8	0.27	3.4	1
688.26	0	3.4	0.0	0.0	0.0	0.0	1.0	1	1953	205.7	411.8	0.27	3.4	1
688.36	0	3.4	0.0	0.0	0.0	0.0	1.0	1	1953	205.7	411.8	0.27	3.4	1
688.46	0	3.4	0.0	0.0	0.0	0.0	1.0	1	1953	205.7	411.8	0.27	3.4	1
688.56	0	3.4	0.0	0.0	0.0	0.0	1.0	1	1953	205.7	411.8	0.27	3.41	1
688.66	0	3.4	0.0	0.0	0.0	0.0	1.0	1	1953	205.7	411.8	0.27	3.41	1
688.76	0	3.4	0.0	0.0	0.0	0.0	1.0	1	1953	205.7	411.8	0.27	3.41	1
688.86	0	3.4	0.0	0.0	0.0	0.0	1.0	1	1953	205.7	411.8	0.27	3.41	1
688.96	0	3.4	0.0	0.0	0.0	0.0	1.0	1	1953	205.7	411.8	0.27	3.41	1
689.06	0	3.4	0.0	0.0	0.0	0.0	1.0	1	1953	205.7	411.8	0.27	3.42	1
689.16	0	3.4	0.0	0.0	0.0	0.0	1.0	1	1953	205.7	411.8	0.27	3.42	1
689.26	0	3.4	0.0	0.0	0.0	0.0	1.0	1	1953	205.7	411.8	0.27	3.42	1
689.36	0	3.4	0.0	0.0	0.0	0.0	1.0	1	1953	205.7	411.8	0.27	3.42	1
689.46	0	3.4	0.0	0.0	0.0	0.0	1.0	1	1953	205.7	411.8	0.27	3.42	1
689.56	0	3.4	0.0	0.0	0.0	0.0	1.0	1	1953	205.7	411.8	0.27	3.43	1
689.66	0	3.4	0.0	0.0	0.0	0.0	1.0	1	1953	205.7	411.8	0.27	3.43	1
689.76	0	3.4	0.0	0.0	0.0	0.0	1.0	1	1953	205.7	411.8	0.27	3.43	1
689.86	0	3.4	0.0	0.0	0.0	0.0	1.0	1	1953	205.7	411.8	0.27	3.43	1
689.96	0	3.4	0.0	0.0	0.0	0.0	1.0	1	1953	205.7	411.8	0.27	3.43	1
690.06	0	3.4	0.0	0.0	0.0	0.0	1.0	1	1953	205.7	411.8	0.27	3.44	1
690.16	0	3.4	0.0	0.0	0.0	0.0	1.0	1	1953	205.7	411.8	0.27	3.44	1
690.26	0	3.4	0.0	0.0	0.0	0.0	1.0	1	1953	205.7	411.8	0.27	3.44	1
690.36	0	3.4	0.0	0.0	0.0	0.0	1.0	1	1953	205.7	411.8	0.27	3.44	1
690.46	0	3.4	0.0	0.0	0.0	0.0	1.0	1	1953	205.7	411.8	0.27	3.44	1
690.56	0	3.4	0.0	0.0	0.0	0.0	1.0	1	1953	205.7	411.8	0.27	3.45	1
690.66	0	3.4	0.0	0.0	0.0	0.0	1.0	1	1953	205.7	411.8	0.27	3.45	1
690.76	0	3.4	0.0	0.0	0.0	0.0	1.0	1	1953	205.7	411.8	0.27	3.45	1
690.86	0	3.5	0.0	0.0	0.0	0.0	1.0	1	1953	205.7	411.8	0.27	3.45	1
690.96	0	3.5	0.0	0.0	0.0	0.0	1.0	1	1953	205.7	411.8	0.27	3.45	1
691.06	0	3.5	0.0	0.0	0.0	0.0	1.0	1	1953	205.7	411.8	0.27	3.46	1
691.16	0	3.5	0.0	0.0	0.0	0.0	1.0	1	1953	205.7	411.8	0.27	3.46	1
691.26	0	3.5	0.0	0.0	0.0	0.0	1.0	1	1953	205.7	411.8	0.27	3.46	1
691.36	0	3.5	0.0	0.0	0.0	0.0	1.0	1	1953	205.7	411.8	0.27	3.46	1
691.46	0	3.5	0.0	0.0	0.0	0.0	1.0	1	1953	205.7	411.8	0.27	3.46	1
691.56	0	3.5	0.0	0.0	0.0	0.0	1.0	1	1953	205.7	411.8	0.27	3.47	1
691.66	0	3.5	0.0	0.0	0.0	0.0	1.0	1	1953	205.7	411.8	0.27	3.47	1
691.76	0	3.5	0.0	0.0	0.0	0.0	1.0	1	1953	205.7	411.8	0.27	3.47	1
691.86	0	3.5	0.0	0.0	0.0	0.0	1.0	1	1953	205.7	411.8	0.27	3.47	1
691.96	0	3.5	0.0	0.0	0.0	0.0	1.0	1	1953	205.7	411.8	0.27	3.47	1
692.06	0	3.5	0.0	0.0	0.0	0.0	1.0	1	1953	205.7	411.8	0.27	3.48	1
692.16	0	3.5	0.0	0.0	0.0	0.0	1.0	1	1953	205.7	411.8	0.27	3.48	1
692.26	0	3.5	0.0	0.0	0.0	0.0	1.0	1	1953	205.7	411.8	0.27	3.48	1
692.36	0	3.5	0.0	0.0	0.0	0.0	1.0	1	1953	205.7	411.8	0.27	3.48	1
692.46	0	3.5	0.0	0.0	0.0	0.0	1.0	1	1953	205.7	411.8	0.27	3.48	1
692.56	0	3.5	0.0	0.0	0.0	0.0	1.0	1	1953	205.7	411.8	0.27	3.49	1
692.66	0	3.5	0.0	0.0	0.0	0.0	1.0	1	1953	205.7	411.8	0.27	3.49	1
692.76	0	3.5	0.0	0.0	0.0	0.0	1.0	1	1953	205.7	411.8	0.27	3.49	1
692.86	0	3.5	0.0	0.0	0.0	0.0	1.0	1	1953	205.7	411.8	0.27	3.49	1
692.96	0	3.5	0.0	0.0	0.0	0.0	1.0	1	1953	205.7	411.8	0.27	3.49	1
693.06	0	3.5	0.0	0.0	0.0	0.0	1.0	1	1953	205.7	411.8	0.27	3.5	1
693.16	0	3.5	0.0	0.0	0.0	0.0	1.0	1	1953	205.7	411.8	0.27	3.5	1
693.26	0	3.5	0.0	0.0	0.0	0.0	1.0	1	1953	205.7	411.8	0.27	3.5	1
693.36	0	3.5	0.0	0.0	0.0	0.0	1.0	1	1953	205.7	411.8	0.27	3.5	1
693.46	0	3.5	0.0	0.0	0.0	0.0	1.0	1	1953	205.7	411.8	0.27	3.5	1
693.56	0	3.5	0.0	0.0	0.0	0.0	1.0	1	1953	205.7	411.8	0.27	3.51	1
693.66	0	3.5	0.0	0.0	0.0	0.0	1.0	1	1953	205.7	411.8	0.27	3.51	1
693.76	0	3.5	0.0	0.0	0.0	0.0	1.0	1	1953	205.7	411.8	0.27	3.51	1
693.86	0	3.5	0.0	0.0	0.0	0.0	1.0	1	1953	205.7	411.8	0.27	3.51	1
693.96	0	3.5	0.0	0.0	0.0	0.0	1.0	1	1953	205.7	411.8	0.27	3.51	1
694.06	0	3.5	0.0	0.0	0.0	0.0	1.0	1	1953	205.7	411.8	0.27	3.52	1
694.16	0	3.5	0.0	0.0	0.0	0.0	1.0	1	1953	205.7	411.8	0.27	3.52	1
694.26	0	3.5	0.0	0.0	0.0	0.0	1.0	1	1953	205.7	411.8	0.27	3.52	1
694.36	0	3.5	0.0	0.0	0.0	0.0	1.0	1	1953	205.7	411.8	0.27	3.52	1
694.46	0	3.5	0.0	0.0	0.0	0.0	1.0	1	1953	205.7	411.8	0.27	3.52	1
694.56	0	3.5	0.0	0.0	0.0	0.0	1.0	1	1953	205.7	411.8	0.27	3.53	1
694.66	0	3.5	0.0	0.0	0.0	0.0	1.0	1	1953	205.7	411.8	0.27	3.53	1
694.76	0	3.5	0.0	0.0	0.0	0.0	1.0	1	1953	205.7	411.8	0.27	3.53	1
694.86	0	3.5	0.0	0.0	0.0	0.0	1.0	1	1953	205.7	411.8	0.27	3.53	1
694.96	0	3.5	0.0	0.0	0.0	0.0	1.0	1	1953	205.7	411.8	0.27	3.53	1
695.06	0	3.5	0.0	0.0	0.0	0.0	1.0	1	1953	205.7	411.8	0.27	3.54	1
695.16	0	3.5	0.0	0.0	0.0	0.0	1.0	1	1953	205.7	411.8	0.27	3.54	1
695.26	0	3.5	0.0	0.0	0.0	0.0	1.0	1	1953	205.7	411.8	0.27	3.54	1
695.36	0	3.5	0.0	0.0	0.0	0.0	1.0	1	1953	205.7	411.8	0.27	3.54	1
695.46	0	3.5	0.0	0.0	0.0	0.0	1.0	1	1953	205.7	411.8	0.27	3.54	1
695.56	0	3.5	0.0	0.0	0.0	0.0	1.0	1	1953	205.7	411.8	0.27	3.55	1
695.66	0	3.5	0.0	0.0	0.0	0.0	1.0	1	1953	205.7	411.8	0.27	3.55	1
695.76	0	3.6	0.0	0.0	0.0	0.0	1.0	1	1953	205.7	411.8	0.27	3.55	1
695.86	0	3.6	0.0	0.0	0.0	0.0	1.0	1	1953	205.7	411.8	0.27	3.55	1
695.96	0	3.6	0.0	0.0	0.0	0.0	1.0	1	1953	205.7	411.8	0.27	3.55	1
696.06	0	3.6	0.0	0.0	0.0	0.0	1.0	1	1953	205.7	411.8	0.27	3.56	1
696.16	0	3.6	0.0	0.0	0.0	0.0	1.0	1	1953	205.7	411.8	0.27	3.56	1
696.26	0	3.6	0.0	0.0	0.0	0.0	1.0	1	1953	205.7	411.8	0.27	3.56	1
696.36	0	3.6	0.0	0.0	0.0	0.0	1.0	1	1953	205.7	411.8	0.27	3.56	1
696.46	0	3.6	0.0	0.0	0.0	0.0	1.0	1	1953	205.7	411.8	0.27	3.56	1
696.56	0	3.6	0.0	0.0	0.0	0.0	1.0	1	1953	205.7	411.8	0.27	3.57	1
696.66	0	3.6	0.0	0.0	0.0	0.0	1.0	1	1953	205.7	411.8	0.27	3.57	1
696.79	0	3.6	0.0	0.0	0.0	0.0	1.0	1	1953	205.7	411.8	0.27	3.57	1
696.89	0	3.6	0.0	0.0	0.0	0.0	1.0	1	1953	205.7	411.8	0.27	3.57	1
696.99	0	3.6	0.0	0.0	0.0	0.0	1.0	1	1953	205.7	411.8	0.27	3.58	1
697.09	0	3.6	0.0	0.0	0.0	0.0	1.0	1	1953	205.7	411.8	0.27	3.58	1
697.19	0	3.6	0.0	0.0	0.0	0.0	1.0	1	1953	205.7	411.8	0.27	3.58	1
697.29	0	3.6	0.0	0.0	0.0	0.0	1.0	1	1953	205.7	411.8	0.27	3.58	1
697.39	0	3.6	0.0	0.0	0.0	0.0	1.0	1	1953	205.7	411.8	0.27	3.58	1
697.49	0	3.6	0.0	0.0	0.0	0.0	1.0	1	1953	205.7	411.8	0.27	3.59	1
697.59	0	3.6	0.0	0.0	0.0	0.0	1.0	1	1953	205.7	411.8	0.27	3.59	1
697.69	0	3.6	0.0	0.0	0.0	0.0	1.0	1	1953	205.7	411.8	0.27	3.59	1
697.79	0	3.6	0.0	0.0	0.0	0.0	1.0	1	1953	205.7	411.8	0.27	3.59	1
697.89	0	3.6	0.0	0.0	0.0	0.0	1.0	1	1953	205.7	411.8	0.27	3.59	1
697.99	0	3.6	0.0	0.0	0.0	0.0	1.0	1	1953	205.7	411.8	0.27	3.6	1
698.09	0	3.6	0.0	0.0	0.0	0.0	1.0	1	1953	205.7	411.8	0.27	3.6	1
698.19	0	3.6	0.0	0.0	0.0	0.0	1.0	1	1953	205.7	411.8	0.27	3.6	1
698.29	0	3.6	0.0	0.0	0.0	0.0	1.0	1	1953	205.7	411.8	0.27	3.6	1
698.39	0	3.6	0.0	0.0	0.0	0.0	1.0	1	1953	205.7	411.8	0.27	3.6	1
698.49	0	3.6	0.0	0.0	0.0	0.0	1.0	1	1953	205.7	411.8	0.27	3.61	1
698.59	0	3.6	0.0	0.0	0.0	0.0	1.0	1	1953	205.7	411.8	0.27	3.61	1
698.69	0	3.6	0.0	0.0	0.0	0.0	1.0	1	1953	205.7	411.8	0.27	3.61	1
698.79	0	3.6	0.0	0.0	0.0	0.0	1.0	1	1953	205.7	411.8	0.27	3.61	1
698.89	0	3.6	0.0	0.0	0.0	0.0	1.0	1	1953	205.7	411.8	0.27	3.61	1
698.99	0	3.6	0.0	0.0	0.0	0.0	1.0	1	1953	205.7	411.8	0.27	3.62	1
699.09	0	3.6	0.0	0.0	0.0	0.0	1.0	1	1953	205.7	411.8	0.27	3.62	1
699.19	0	3.6	0.0	0.0	0.0	0.0	1.0	1	1953	205.7	411.8	0.27	3.62	1
699.29	0	3.6	0.0	0.0	0.0	0.0	1.0	1	1953	205.7	411.8	0.27	3.62	1
699.39	0	3.6	0.0	0.0	0.0	0.0	1.0	1	1953	205.7	411.8	0.27	3.62	1
699.49	0	3.6	0.0	0.0	0.0	0.0	1.0	1	1953	205.7	411.8	0.27	3.63	1
699.59	0	3.6	0.0	0.0	0.0	0.0	1.0	1	1953	205.7	411.8	0.27	3.63	1
699.69	0	3.6	0.0	0.0	0.0	0.0	1.0	1	1953	205.7	411.8	0.27	3.63	1
699.79	0	3.6	0.0	0.0	0.0	0.0	1.0	1	1953	205.7	411.8	0.27	3.63	1
699.89	0	3.6	0.0	0.0	0.0	0.0	1.0	1	1953	205.7	411.8	0.27	3.63	1
699.99	0	3.6	0.0	0.0	0.0	0.0	1.0	1	1953	205.7	411.8	0.27	3.64	1
700.09	0	3.6	0.0	0.0	0.0	0.0	1.0	1	1953	205.7	411.8	0.27	3.64	1
700.19	0	3.6	0.0	0.0	0.0	0.0	1.0	1	1953	205.7	411.8	0.27	3.64	1
700.29	0	3.6	0.0	0.0	0.0	0.0	1.0	1	1953	205.7	411.8	0.27	3.64	1
700.39	0	3.6	0.0	0.0	0.0	0.0	1.0	1	1953	205.7	411.8	0.27	3.64	1
700.49	0	3.6	0.0	0.0	0.0	0.0	1.0	1	1953	205.7	411.8	0.27	3.65	1
700.59	0	3.6	0.0	0.0	0.0	0.0	1.0	1	1953	205.7	411.8	0.27	3.65	1
700.69	0	3.7	0.0	0.0	0.0	0.0	1.0	1	1953	205.7	411.8	0.27	3.65	1
700.79	0	3.7	0.0	0.0	0.0	0.0	1.0	1	1953	205.7	411.8	0.27	3.65	1
700.89	0	3.7	0.0	0.0	0.0	0.0	1.0	1	1953	205.7	411.8	0.27	3.65	1
700.99	0	3.7	0.0	0.0	0.0	0.0	1.0	1	1953	205.7	411.8	0.27	3.66	1
701.09	0	3.7	0.0	0.0	0.0	0.0	1.0	1	1953	205.7	411.8	0.27	3.66	1
701.19	0	3.7	0.0	0.0	0.0	0.0	1.0	1	1953	205.7	411.8	0.27	3.66	1
701.29	0	3.7	0.0	0.0	0.0	0.0	1.0	1	1953	205.7	411.8	0.27	3.66	1
701.39	0	3.7	0.0	0.0	0.0	0.0	1.0	1	1953	205.7	411.8	0.27	3.67	1
701.49	0	3.7	0.0	0.0	0.0	0.0	1.0	1	1953	205.7	411.8	0.27	3.67	1
701.59	0	3.7	0.0	0.0	0.0	0.0	1.0	1	1953	205.7	411.8	0.27	3.67	1
701.69	0	3.7	0.0	0.0	0.0	0.0	1.0	1	1953	205.7	411.8	0.27	3.67	1
701.79	0	3.7	0.0	0.0	0.0	0.0	1.0	1	1953	205.7	411.8	0.27	3.67	1
701.89	0	3.7	0.0	0.0	0.0	0.0	1.0	1	1953	205.7	411.8	0.27	3.68	1
701.99	0	3.7	0.0	0.0	0.0	0.0	1.0	1	1953	205.7	411.8	0.27	3.68	1
702.09	0	3.7	0.0	0.0	0.0	0.0	1.0	1	1953	205.7	411.8	0.27	3.68	1
702.19	0	3.7	0.0	0.0	0.0	0.0	1.0	1	1953	205.7	411.8	0.27	3.68	1
702.29	0	3.7	0.0	0.0	0.0	0.0	1.0	1	1953	205.7	411.8	0.27	3.68	1
702.39	0	3.7	0.0	0.0	0.0	0.0	1.0	1	1953	205.7	411.8	0.27	3.69	1
702.49	0	3.7	0.0	0.0	0.0	0.0	1.0	1	1953	205.7	411.8	0.27	3.69	1
702.59	0	3.7	0.0	0.0	0.0	0.0	1.0	1	1953	205.7	411.8	0.27	3.69	1
702.69	0	3.7	0.0	0.0	0.0	0.0	1.0	1	1953	205.7	411.8	0.27	3.69	1
702.79	0	3.7	0.0	0.0	0.0	0.0	1.0	1	1953	205.7	411.8	0.27	3.69	1
702.89	0	3.7	0.0	0.0	0.0	0.0	1.0	1	1953	205.7	411.8	0.27	3.7	1
702.99	0	3.7	0.0	0.0	0.0	0.0	1.0	1	1953	205.7	411.8	0.27	3.7	1
703.09	0	3.7	0.0	0.0	0.0	0.0	1.0	1	1953	205.7	411.8	0.27	3.7	1
703.19	0	3.7	0.0	0.0	0.0	0.0	1.0	1	1953	205.7	411.8	0.27	3.7	1
703.29	0	3.7	0.0	0.0	0.0	0.0	1.0	1	1953	205.7	411.8	0.27	3.7	1
703.39	0	3.7	0.0	0.0	0.0	0.0	1.0	1	1953	205.7	411.8	0.27	3.71	1
703.49	0	3.7	0.0	0.0	0.0	0.0	1.0	1	1953	205.7	411.8	0.27	3.71	1
703.59	0	3.7	0.0	0.0	0.0	0.0	1.0	1	1953	205.7	411.8	0.27	3.71	1
703.69	0	3.7	0.0	0.0	0.0	0.0	1.0	1	1953	205.7	411.8	0.27	3.71	1
703.79	0	3.7	0.0	0.0	0.0	0.0	1.0	1	1953	205.7	411.8	0.27	3.71	1
703.89	0	3.7	0.0	0.0	0.0	0.0	1.0	1	1953	205.7	411.8	0.27	3.72	1
703.99	0	3.7	0.0	0.0	0.0	0.0	1.0	1	1953	205.7	411.8	0.27	3.72	1
704.12	0	3.7	0.0	0.0	0.0	0.0	1.0	1	1953	205.7	411.8	0.27	3.72	1
704.21	0	3.7	0.0	0.0	0.0	0.0	1.0	1	1953	205.7	411.8	0.27	3.72	1
704.31	0	3.7	0.0	0.0	0.0	0.0	1.0	1	1953	205.7	411.8	0.27	3.73	1
704.41	0	3.7	0.0	0.0	0.0	0.0	1.0	1	1953	205.7	411.8	0.27	3.73	1
704.51	0	3.7	0.0	0.0	0.0	0.0	1.0	1	1953	205.7	411.8	0.27	3.73	1
704.61	0	3.7	0.0	0.0	0.0	0.0	1.0	1	1953	205.7	411.8	0.27	3.73	1
704.71	0	3.7	0.0	0.0	0.0	0.0	1.0	1	1953	205.7	411.8	0.27	3.73	1
704.81	0	3.7	0.0	0.0	0.0	0.0	1.0	1	1953	205.7	411.8	0.27	3.74	1
704.91	0	3.7	0.0	0.0	0.0	0.0	1.0	1	1953	205.7	411.8	0.27	3.74	1
705.01	0	3.7	0.0	0.0	0.0	0.0	1.0	1	1953	205.7	411.8	0.27	3.74	1
705.11	0	3.7	0.0	0.0	0.0	0.0	1.0	1	1953	205.7	411.8	0.27	3.74	1
705.21	0	3.7	0.0	0.0	0.0	0.0	1.0	1	1953	205.7	411.8	0.27	3.74	1
705.31	0	3.7	0.0	0.0	0.0	0.0	1.0	1	1953	205.7	411.8	0.27	3.75	1
705.41	0	3.7	0.0	0.0	0.0	0.0	1.0	1	1953	205.7	411.8	0.27	3.75	1
705.51	0	3.7	0.0	0.0	0.0	0.0	1.0	1	1953	205.7	411.8	0.27	3.75	1
705.61	0	3.8	0.0	0.0	0.0	0.0	1.0	1	1953	205.7	411.8	0.27	3.75	1
705.71	0	3.8	0.0	0.0	0.0	0.0	1.0	1	1953	205.7	411.8	0.27	3.75	1
705.81	0	3.8	0.0	0.0	0.0	0.0	1.0	1	1953	205.7	411.8	0.27	3.76	1
705.91	0	3.8	0.0	0.0	0.0	0.0	1.0	1	1953	205.7	411.8	0.27	3.76	1
706.01	0	3.8	0.0	0.0	0.0	0.0	1.0	1	1953	205.7	411.8	0.27	3.76	1
706.11	0	3.8	0.0	0.0	0.0	0.0	1.0	1	1953	205.7	411.8	0.27	3.76	1
706.21	0	3.8	0.0	0.0	0.0	0.0	1.0	1	1953	205.7	411.8	0.27	3.76	1
706.31	0	3.8	0.0	0.0	0.0	0.0	1.0	1	1953	205.7	411.8	0.27	3.77	1
706.41	0	3.8	0.0	0.0	0.0	0.0	1.0	1	1953	205.7	411.8	0.27	3.77	1
706.51	0	3.8	0.0	0.0	0.0	0.0	1.0	1	1953	205.7	411.8	0.28	3.77	1
706.61	0	3.8	0.0	0.0	0.0	0.0	1.0	1	1953	205.7	411.8	0.28	3.77	1
706.73	0	3.8	0.0	0.0	0.0	0.0	1.0	1	1953	205.7	411.8	0.28	3.78	1
706.84	0	3.8	0.0	0.0	0.0	0.0	1.0	1	1953	205.7	411.8	0.28	3.78	1
706.94	0	3.8	0.0	0.0	0.0	0.0	1.0	1	1953	205.7	411.8	0.28	3.78	1
707.04	0	3.8	0.0	0.0	0.0	0.0	1.0	1	1953	205.7	411.8	0.28	3.78	1
707.14	0	3.8	0.0	0.0	0.0	0.0	1.0	1	1953	205.7	411.8	0.28	3.78	1
707.24	0	3.8	0.0	0.0	0.0	0.0	1.0	1	1953	205.7	411.8	0.28	3.79	1
707.34	0	3.8	0.0	0.0	0.0	0.0	1.0	1	1953	205.7	411.8	0.28	3.79	1
707.44	0	3.8	0.0	0.0	0.0	0.0	1.0	1	1953	205.7	411.8	0.28	3.79	1
707.54	0	3.8	0.0	0.0	0.0	0.0	1.0	1	1953	205.7	411.8	0.28	3.79	1
707.64	0	3.8	0.0	0.0	0.0	0.0	1.0	1	1953	205.7	411.8	0.28	3.79	1
707.74	0	3.8	0.0	0.0	0.0	0.0	1.0	1	1953	205.7	411.8	0.28	3.8	1
707.84	0	3.8	0.0	0.0	0.0	0.0	1.0	1	1953	205.7	411.8	0.28	3.8	1
707.94	0	3.8	0.0	0.0	0.0	0.0	1.0	1	1953	205.7	411.8	0.28	3.8	1
708.04	0	3.8	0.0	0.0	0.0	0.0	1.0	1	1953	205.7	411.8	0.28	3.8	1
708.14	0	3.8	0.0	0.0	0.0	0.0	1.0	1	1953	205.7	411.8	0.28	3.8	1
708.24	0	3.8	0.0	0.0	0.0	0.0	1.0	1	1953	205.7	411.8	0.28	3.81	1
708.34	0	3.8	0.0	0.0	0.0	0.0	1.0	1	1953	205.7	411.8	0.28	3.81	1
708.44	0	3.8	0.0	0.0	0.0	0.0	1.0	1	1953	205.7	411.8	0.28	3.81	1
708.54	0	3.8	0.0	0.0	0.0	0.0	1.0	1	1953	205.7	411.8	0.28	3.81	1
708.64	0	3.8	0.0	0.0	0.0	0.0	1.0	1	1953	205.7	411.8	0.28	3.82	1
708.74	0	3.8	0.0	0.0	0.0	0.0	1.0	1	1953	205.7	411.8	0.28	3.82	1
708.84	0	3.8	0.0	0.0	0.0	0.0	1.0	1	1953	205.7	411.8	0.28	3.82	1
708.94	0	3.8	0.0	0.0	0.0	0.0	1.0	1	1953	205.7	411.8	0.28	3.82	1
709.04	0	3.8	0.0	0.0	0.0	0.0	1.0	1	1953	205.7	411.8	0.28	3.82	1
709.14	0	3.8	0.0	0.0	0.0	0.0	1.0	1	1953	205.7	411.8	0.28	3.83	1
709.24	0	3.8	0.0	0.0	0.0	0.0	1.0	1	1953	205.7	411.8	0.28	3.83	1
709.34	0	3.8	0.0	0.0	0.0	0.0	1.0	1	1953	205.7	411.8	0.28	3.83	1
709.44	0	3.8	0.0	0.0	0.0	0.0	1.0	1	1953	205.7	411.8	0.28	3.83	1
709.54	0	3.8	0.0	0.0	0.0	0.0	1.0	1	1953	205.7	411.8	0.28	3.83	1
709.64	0	3.8	0.0	0.0	0.0	0.0	1.0	1	1953	205.7	411.8	0.28	3.84	1
709.74	0	3.8	0.0	0.0	0.0	0.0	1.0	1	1953	205.7	411.8	0.28	3.84	1
709.84	0	3.8	0.0	0.0	0.0	0.0	1.0	1	1953	205.7	411.8	0.28	3.84	1
709.94	0	3.8	0.0	0.0	0.0	0.0	1.0	1	1953	205.7	411.8	0.28	3.84	1
710.04	0	3.8	0.0	0.0	0.0	0.0	1.0	1	1953	205.7	411.8	0.28	3.84	1
710.14	0	3.8	0.0	0.0	0.0	0.0	1.0	1	1953	205.7	411.8	0.28	3.85	1
710.24	0	3.8	0.0	0.0	0.0	0.0	1.0	1	1953	205.7	411.8	0.28	3.85	1
710.34	0	3.9	0.0	0.0	0.0	0.0	1.0	1	1953	205.7	411.8	0.28	3.85	1
710.44	0	3.9	0.0	0.0	0.0	0.0	1.0	1	1953	205.7	411.8	0.28	3.85	1
710.54	0	3.9	0.0	0.0	0.0	0.0	1.0	1	1953	205.7	411.8	0.28	3.85	1
710.64	0	3.9	0.0	0.0	0.0	0.0	1.0	1	1953	205.7	411.8	0.28	3.86	1
710.74	0	3.9	0.0	0.0	0.0	0.0	1.0	1	1953	205.7	411.8	0.28	3.86	1
710.84	0	3.9	0.0	0.0	0.0	0.0	1.0	1	1953	205.7	411.8	0.28	3.86	1
710.94	0	3.9	0.0	0.0	0.0	0.0	1.0	1	1953	205.7	411.8	0.28	3.86	1
711.04	0	3.9	0.0	0.0	0.0	0.0	1.0	1	1953	205.7	411.8	0.28	3.87	1
711.14	0	3.9	0.0	0.0	0.0	0.0	1.0	1	1953	205.7	411.8	0.28	3.87	1
711.26	0	3.9	0.0	0.0	0.0	0.0	1.0	1	1953	205.7	411.8	0.28	3.87	1
711.36	0	3.9	0.0	0.0	0.0	0.0	1.0	1	1953	205.7	411.8	0.28	3.87	1
711.46	0	3.9	0.0	0.0	0.0	0.0	1.0	1	1953	205.7	411.8	0.28	3.87	1
711.56	0	3.9	0.0	0.0	0.0	0.0	1.0	1	1953	205.7	411.8	0.28	3.88	1
711.66	0	3.9	0.0	0.0	0.0	0.0	1.0	1	1953	205.7	411.8	0.28	3.88	1
711.76	0	3.9	0.0	0.0	0.0	0.0	1.0	1	1953	205.7	411.8	0.28	3.88	1
711.86	0	3.9	0.0	0.0	0.0	0.0	1.0	1	1953	205.7	411.8	0.28	3.88	1
711.96	0	3.9	0.0	0.0	0.0	0.0	1.0	1	1953	205.7	411.8	0.28	3.88	1
712.06	0	3.9	0.0	0.0	0.0	0.0	1.0	1	1953	205.7	411.8	0.28	3.89	1
712.16	0	3.9	0.0	0.0	0.0	0.0	1.0	1	1953	205.7	411.8	0.28	3.89	1
712.28	0	3.9	0.0	0.0	0.0	0.0	1.0	1	1953	205.7	411.8	0.28	3.89	1
712.37	0	3.9	0.0	0.0	0.0	0.0	1.0	1	1953	205.7	411.8	0.28	3.89	1
712.48	0	3.9	0.0	0.0	0.0	0.0	1.0	1	1953	205.7	411.8	0.28	3.9	1
712.58	0	3.9	0.0	0.0	0.0	0.0	1.0	1	1953	205.7	411.8	0.28	3.9	1
712.68	0	3.9	0.0	0.0	0.0	0.0	1.0	1	1953	205.7	411.8	0.28	3.9	1
712.78	0	3.9	0.0	0.0	0.0	0.0	1.0	1	1953	205.7	411.8	0.28	3.9	1
712.88	0	3.9	0.0	0.0	0.0	0.0	1.0	1	1953	205.7	411.8	0.28	3.9	1
712.98	0	3.9	0.0	0.0	0.0	0.0	1.0	1	1953	205.7	411.8	0.28	3.91	1
713.08	0	3.9	0.0	0.0	0.0	0.0	1.0	1	1953	205.7	411.8	0.28	3.91	1
713.18	0	3.9	0.0	0.0	0.0	0.0	1.0	1	1953	205.7	411.8	0.28	3.91	1
713.28	0	3.9	0.0	0.0	0.0	0.0	1.0	1	1953	205.7	411.8	0.28	3.91	1
713.38	0	3.9	0.0	0.0	0.0	0.0	1.0	1	1953	205.7	411.8	0.28	3.91	1
713.48	0	3.9	0.0	0.0	0.0	0.0	1.0	1	1953	205.7	411.8	0.28	3.92	1
713.58	0	3.9	0.0	0.0	0.0	0.0	1.0	1	1953	205.7	411.8	0.28	3.92	1
713.68	0	3.9	0.0	0.0	0.0	0.0	1.0	1	1953	205.7	411.8	0.28	3.92	1
713.78	0	3.9	0.0	0.0	0.0	0.0	1.0	1	1953	205.7	411.8	0.28	3.92	1
713.88	0	3.9	0.0	0.0	0.0	0.0	1.0	1	1953	205.7	411.8	0.28	3.92	1
713.98	0	3.9	0.0	0.0	0.0	0.0	1.0	1	1953	205.7	411.8	0.28	3.93	1
714.08	0	3.9	0.0	0.0	0.0	0.0	1.0	1	1953	205.7	411.8	0.28	3.93	1
714.18	0	3.9	0.0	0.0	0.0	0.0	1.0	1	1953	205.7	411.8	0.28	3.93	1
714.28	0	3.9	0.0	0.0	0.0	0.0	1.0	1	1953	205.7	411.8	0.28	3.93	1
714.38	0	3.9	0.0	0.0	0.0	0.0	1.0	1	1953	205.7	411.8	0.28	3.94	1
714.48	0	3.9	0.0	0.0	0.0	0.0	1.0	1	1953	205.7	411.8	0.28	3.94	1
714.58	0	3.9	0.0	0.0	0.0	0.0	1.0	1	1953	205.7	411.8	0.28	3.94	1
714.68	0	3.9	0.0	0.0	0.0	0.0	1.0	1	1953	205.7	411.8	0.28	3.94	1
714.78	0	3.9	0.0	0.0	0.0	0.0	1.0	1	1953	205.7	411.8	0.28	3.94	1
714.88	0	3.9	0.0	0.0	0.0	0.0	1.0	1	1953	205.7	411.8	0.28	3.95	1
714.98	0	3.9	0.0	0.0	0.0	0.0	1.0	1	1953	205.7	411.8	0.28	3.95	1
715.08	0	3.9	0.0	0.0	0.0	0.0	1.0	1	1953	205.7	411.8	0.28	3.95	1
715.18	0	4.0	0.0	0.0	0.0	0.0	1.0	1	1953	205.7	411.8	0.28	3.95	1
715.28	0	4.0	0.0	0.0	0.0	0.0	1.0	1	1953	205.7	411.8	0.28	3.95	1
715.38	0	4.0	0.0	0.0	0.0	0.0	1.0	1	1953	205.7	411.8	0.28	3.96	1
715.48	0	4.0	0.0	0.0	0.0	0.0	1.0	1	1953	205.7	411.8	0.28	3.96	1
715.58	0	4.0	0.0	0.0	0.0	0.0	1.0	1	1953	205.7	411.8	0.28	3.96	1
715.68	0	4.0	0.0	0.0	0.0	0.0	1.0	1	1953	205.7	411.8	0.28	3.96	1
715.78	0	4.0	0.0	0.0	0.0	0.0	1.0	1	1953	205.7	411.8	0.28	3.96	1
715.88	0	4.0	0.0	0.0	0.0	0.0	1.0	1	1953	205.7	411.8	0.28	3.97	1
715.98	0	4.0	0.0	0.0	0.0	0.0	1.0	1	1953	205.7	411.8	0.28	3.97	1
716.08	0	4.0	0.0	0.0	0.0	0.0	1.0	1	1953	205.7	411.8	0.28	3.97	1
716.18	0	4.0	0.0	0.0	0.0	0.0	1.0	1	1953	205.7	411.8	0.28	3.97	1
716.28	0	4.0	0.0	0.0	0.0	0.0	1.0	1	1953	205.7	411.8	0.28	3.98	1
716.38	0	4.0	0.0	0.0	0.0	0.0	1.0	1	1953	205.7	411.8	0.28	3.98	1
716.48	0	4.0	0.0	0.0	0.0	0.0	1.0	1	1953	205.7	411.8	0.28	3.98	1
716.58	0	4.0	0.0	0.0	0.0	0.0	1.0	1	1953	205.7	411.8	0.28	3.98	1
716.68	0	4.0	0.0	0.0	0.0	0.0	1.0	1	1953	205.7	411.8	0.28	3.98	1
716.81	0	4.0	0.0	0.0	0.0	0.0	1.0	1	1953	205.7	411.8	0.28	3.99	1
716.91	0	4.0	0.0	0.0	0.0	0.0	1.0	1	1953	205.7	411.8	0.28	3.99	1
717.01	0	4.0	0.0	0.0	0.0	0.0	1.0	1	1953	205.7	411.8	0.28	3.99	1
717.11	0	4.0	0.0	0.0	0.0	0.0	1.0	1	1953	205.7	411.8	0.28	3.99	1
717.21	0	4.0	0.0	0.0	0.0	0.0	1.0	1	1953	205.7	411.8	0.28	4.0	1
717.31	0	4.0	0.0	0.0	0.0	0.0	1.0	1	1953	205.7	411.8	0.28	4.0	1
717.41	0	4.0	0.0	0.0	0.0	0.0	1.0	1	1953	205.7	411.8	0.28	4.0	1
717.51	0	4.0	0.0	0.0	0.0	0.0	1.0	1	1953	205.7	411.8	0.28	4.0	1
717.61	0	4.0	0.0	0.0	0.0	0.0	1.0	1	1953	205.7	411.8	0.28	4.0	1
717.71	0	4.0	0.0	0.0	0.0	0.0	1.0	1	1953	205.7	411.8	0.28	4.01	1
717.81	0	4.0	0.0	0.0	0.0	0.0	1.0	1	1953	205.7	411.8	0.28	4.01	1
717.91	0	4.0	0.0	0.0	0.0	0.0	1.0	1	1953	205.7	411.8	0.28	4.01	1
718.01	0	4.0	0.0	0.0	0.0	0.0	1.0	1	1953	205.7	411.8	0.28	4.01	1
718.11	0	4.0	0.0	0.0	0.0	0.0	1.0	1	1953	205.7	411.8	0.28	4.01	1
718.21	0	4.0	0.0	0.0	0.0	0.0	1.0	1	1953	205.7	411.8	0.28	4.02	1
718.31	0	4.0	0.0	0.0	0.0	0.0	1.0	1	1953	205.7	411.8	0.28	4.02	1
718.41	0	4.0	0.0	0.0	0.0	0.0	1.0	1	1953	205.7	411.8	0.28	4.02	1
718.51	0	4.0	0.0	0.0	0.0	0.0	1.0	1	1953	205.7	411.8	0.28	4.02	1
718.61	0	4.0	0.0	0.0	0.0	0.0	1.0	1	1953	205.7	411.8	0.28	4.02	1
718.71	0	4.0	0.0	0.0	0.0	0.0	1.0	1	1953	205.7	411.8	0.28	4.03	1
718.81	0	4.0	0.0	0.0	0.0	0.0	1.0	1	1953	205.7	411.8	0.28	4.03	1
718.91	0	4.0	0.0	0.0	0.0	0.0	1.0	1	1953	205.7	411.8	0.28	4.03	1
719.01	0	4.0	0.0	0.0	0.0	0.0	1.0	1	1953	205.7	411.8	0.28	4.03	1
719.11	0	4.0	0.0	0.0	0.0	0.0	1.0	1	1953	205.7	411.8	0.28	4.04	1
719.21	0	4.0	0.0	0.0	0.0	0.0	1.0	1	1953	205.7	411.8	0.28	4.04	1
719.31	0	4.0	0.0	0.0	0.0	0.0	1.0	1	1953	205.7	411.8	0.28	4.04	1
719.41	0	4.0	0.0	0.0	0.0	0.0	1.0	1	1953	205.7	411.8	0.28	4.04	1
719.51	0	4.0	0.0	0.0	0.0	0.0	1.0	1	1953	205.7	411.8	0.28	4.04	1
719.61	0	4.0	0.0	0.0	0.0	0.0	1.0	1	1953	205.7	411.8	0.28	4.05	1
719.71	0	4.0	0.0	0.0	0.0	0.0	1.0	1	1953	205.7	411.8	0.28	4.05	1
719.81	0	4.1	0.0	0.0	0.0	0.0	1.0	1	1953	205.7	411.8	0.28	4.05	1
719.91	0	4.1	0.0	0.0	0.0	0.0	1.0	1	1953	205.7	411.8	0.28	4.05	1
720.01	0	4.1	0.0	0.0	0.0	0.0	1.0	1	1953	205.7	411.8	0.28	4.05	1
720.11	0	4.1	0.0	0.0	0.0	0.0	1.0	1	1953	205.7	411.8	0.28	4.06	1
720.21	0	4.1	0.0	0.0	0.0	0.0	1.0	1	1953	205.7	411.8	0.28	4.06	1
720.34	0	4.1	0.0	0.0	0.0	0.0	1.0	1	1953	205.7	411.8	0.28	4.06	1
720.43	0	4.1	0.0	0.0	0.0	0.0	1.0	1	1953	205.7	411.8	0.28	4.06	1
720.53	0	4.1	0.0	0.0	0.0	0.0	1.0	1	1953	205.7	411.8	0.28	4.07	1
720.63	0	4.1	0.0	0.0	0.0	0.0	1.0	1	1953	205.7	411.8	0.28	4.07	1
720.73	0	4.1	0.0	0.0	0.0	0.0	1.0	1	1953	205.7	411.8	0.28	4.07	1
720.83	0	4.1	0.0	0.0	0.0	0.0	1.0	1	1953	205.7	411.8	0.28	4.07	1
720.93	0	4.1	0.0	0.0	0.0	0.0	1.0	1	1953	205.7	411.8	0.28	4.07	1
721.03	0	4.1	0.0	0.0	0.0	0.0	1.0	1	1953	205.7	411.8	0.28	4.08	1
721.13	0	4.1	0.0	0.0	0.0	0.0	1.0	1	1953	205.7	411.8	0.28	4.08	1
721.23	0	4.1	0.0	0.0	0.0	0.0	1.0	1	1953	205.7	411.8	0.28	4.08	1
721.33	0	4.1	0.0	0.0	0.0	0.0	1.0	1	1953	205.7	411.8	0.28	4.08	1
721.43	0	4.1	0.0	0.0	0.0	0.0	1.0	1	1953	205.7	411.8	0.28	4.08	1
721.53	0	4.1	0.0	0.0	0.0	0.0	1.0	1	1953	205.7	411.8	0.28	4.09	1
721.63	0	4.1	0.0	0.0	0.0	0.0	1.0	1	1953	205.7	411.8	0.28	4.09	1
721.73	0	4.1	0.0	0.0	0.0	0.0	1.0	1	1953	205.7	411.8	0.28	4.09	1
721.83	0	4.1	0.0	0.0	0.0	0.0	1.0	1	1953	205.7	411.8	0.28	4.09	1
721.93	0	4.1	0.0	0.0	0.0	0.0	1.0	1	1953	205.7	411.8	0.28	4.1	1
722.03	0	4.1	0.0	0.0	0.0	0.0	1.0	1	1953	205.7	411.8	0.28	4.1	1
722.13	0	4.1	0.0	0.0	0.0	0.0	1.0	1	1953	205.7	411.8	0.28	4.1	1
722.23	0	4.1	0.0	0.0	0.0	0.0	1.0	1	1953	205.7	411.8	0.28	4.1	1
722.33	0	4.1	0.0	0.0	0.0	0.0	1.0	1	1953	205.7	411.8	0.28	4.1	1
722.43	0	4.1	0.0	0.0	0.0	0.0	1.0	1	1953	205.7	411.8	0.28	4.11	1
722.53	0	4.1	0.0	0.0	0.0	0.0	1.0	1	1953	205.7	411.8	0.28	4.11	1
722.63	0	4.1	0.0	0.0	0.0	0.0	1.0	1	1953	205.7	411.8	0.28	4.11	1
722.73	0	4.1	0.0	0.0	0.0	0.0	1.0	1	1953	205.7	411.8	0.28	4.11	1
722.83	0	4.1	0.0	0.0	0.0	0.0	1.0	1	1953	205.7	411.8	0.28	4.11	1
722.93	0	4.1	0.0	0.0	0.0	0.0	1.0	1	1953	205.7	411.8	0.28	4.12	1
723.03	0	4.1	0.0	0.0	0.0	0.0	1.0	1	1953	205.7	411.8	0.28	4.12	1
723.13	0	4.1	0.0	0.0	0.0	0.0	1.0	1	1953	205.7	411.8	0.28	4.12	1
723.23	0	4.1	0.0	0.0	0.0	0.0	1.0	1	1953	205.7	411.8	0.28	4.12	1
723.33	0	4.1	0.0	0.0	0.0	0.0	1.0	1	1953	205.7	411.8	0.28	4.13	1
723.43	0	4.1	0.0	0.0	0.0	0.0	1.0	1	1953	205.7	411.8	0.28	4.13	1
723.53	0	4.1	0.0	0.0	0.0	0.0	1.0	1	1953	205.7	411.8	0.28	4.13	1
723.63	0	4.1	0.0	0.0	0.0	0.0	1.0	1	1953	205.7	411.8	0.28	4.13	1
723.73	0	4.1	0.0	0.0	0.0	0.0	1.0	1	1953	205.7	411.8	0.28	4.13	1
723.83	0	4.1	0.0	0.0	0.0	0.0	1.0	1	1953	205.7	411.8	0.28	4.14	1
723.93	0	4.1	0.0	0.0	0.0	0.0	1.0	1	1953	205.7	411.8	0.28	4.14	1
724.03	0	4.1	0.0	0.0	0.0	0.0	1.0	1	1953	205.7	411.8	0.28	4.14	1
724.13	0	4.1	0.0	0.0	0.0	0.0	1.0	1	1953	205.7	411.8	0.28	4.14	1
724.23	0	4.1	0.0	0.0	0.0	0.0	1.0	1	1953	205.7	411.8	0.28	4.14	1
724.33	0	4.1	0.0	0.0	0.0	0.0	1.0	1	1953	205.7	411.8	0.28	4.15	1
724.43	0	4.1	0.0	0.0	0.0	0.0	1.0	1	1953	205.7	411.8	0.28	4.15	1
724.53	0	4.2	0.0	0.0	0.0	0.0	1.0	1	1953	205.7	411.8	0.28	4.15	1
724.63	0	4.2	0.0	0.0	0.0	0.0	1.0	1	1953	205.7	411.8	0.28	4.15	1
724.73	0	4.2	0.0	0.0	0.0	0.0	1.0	1	1953	205.7	411.8	0.28	4.16	1
724.83	0	4.2	0.0	0.0	0.0	0.0	1.0	1	1953	205.7	411.8	0.28	4.16	1
724.93	0	4.2	0.0	0.0	0.0	0.0	1.0	1	1953	205.7	411.8	0.28	4.16	1
725.03	0	4.2	0.0	0.0	0.0	0.0	1.0	1	1953	205.7	411.8	0.28	4.16	1
725.13	0	4.2	0.0	0.0	0.0	0.0	1.0	1	1953	205.7	411.8	0.28	4.16	1
725.23	0	4.2	0.0	0.0	0.0	0.0	1.0	1	1953	205.7	411.8	0.28	4.17	1
725.33	0	4.2	0.0	0.0	0.0	0.0	1.0	1	1953	205.7	411.8	0.28	4.17	1
725.43	0	4.2	0.0	0.0	0.0	0.0	1.0	1	1953	205.7	411.8	0.28	4.17	1
725.53	0	4.2	0.0	0.0	0.0	0.0	1.0	1	1953	205.7	411.8	0.28	4.17	1
725.63	0	4.2	0.0	0.0	0.0	0.0	1.0	1	1953	205.7	411.8	0.28	4.18	1
725.73	0	4.2	0.0	0.0	0.0	0.0	1.0	1	1953	205.7	411.8	0.28	4.18	1
725.83	0	4.2	0.0	0.0	0.0	0.0	1.0	1	1953	205.7	411.8	0.28	4.18	1
725.93	0	4.2	0.0	0.0	0.0	0.0	1.0	1	1953	205.7	411.8	0.28	4.18	1
726.03	0	4.2	0.0	0.0	0.0	0.0	1.0	1	1953	205.7	411.8	0.28	4.18	1
726.13	0	4.2	0.0	0.0	0.0	0.0	1.0	1	1953	205.7	411.8	0.28	4.19	1
726.23	0	4.2	0.0	0.0	0.0	0.0	1.0	1	1953	205.7	411.8	0.28	4.19	1
726.33	0	4.2	0.0	0.0	0.0	0.0	1.0	1	1953	205.7	411.8	0.28	4.19	1
726.43	0	4.2	0.0	0.0	0.0	0.0	1.0	1	1953	205.7	411.8	0.28	4.19	1
726.53	0	4.2	0.0	0.0	0.0	0.0	1.0	1	1953	205.7	411.8	0.28	4.19	1
726.63	0	4.2	0.0	0.0	0.0	0.0	1.0	1	1953	205.7	411.8	0.28	4.2	1
726.76	0	4.2	0.0	0.0	0.0	0.0	1.0	1	1953	205.7	411.8	0.28	4.2	1
726.86	0	4.2	0.0	0.0	0.0	0.0	1.0	1	1953	205.7	411.8	0.28	4.2	1
726.96	0	4.2	0.0	0.0	0.0	0.0	1.0	1	1953	205.7	411.8	0.28	4.2	1
727.06	0	4.2	0.0	0.0	0.0	0.0	1.0	1	1953	205.7	411.8	0.28	4.21	1
727.16	0	4.2	0.0	0.0	0.0	0.0	1.0	1	1953	205.7	411.8	0.28	4.21	1
727.26	0	4.2	0.0	0.0	0.0	0.0	1.0	1	1953	205.7	411.8	0.28	4.21	1
727.36	0	4.2	0.0	0.0	0.0	0.0	1.0	1	1953	205.7	411.8	0.28	4.21	1
727.46	0	4.2	0.0	0.0	0.0	0.0	1.0	1	1953	205.7	411.8	0.28	4.21	1
727.56	0	4.2	0.0	0.0	0.0	0.0	1.0	1	1953	205.7	411.8	0.28	4.22	1
727.66	0	4.2	0.0	0.0	0.0	0.0	1.0	1	1953	205.7	411.8	0.28	4.22	1
727.76	0	4.2	0.0	0.0	0.0	0.0	1.0	1	1953	205.7	411.8	0.28	4.22	1
727.86	0	4.2	0.0	0.0	0.0	0.0	1.0	1	1953	205.7	411.8	0.28	4.22	1
727.96	0	4.2	0.0	0.0	0.0	0.0	1.0	1	1953	205.7	411.8	0.28	4.23	1
728.06	0	4.2	0.0	0.0	0.0	0.0	1.0	1	1953	205.7	411.8	0.28	4.23	1
728.16	0	4.2	0.0	0.0	0.0	0.0	1.0	1	1953	205.7	411.8	0.28	4.23	1
728.26	0	4.2	0.0	0.0	0.0	0.0	1.0	1	1953	205.7	411.8	0.28	4.23	1
728.36	0	4.2	0.0	0.0	0.0	0.0	1.0	1	1953	205.7	411.8	0.28	4.23	1
728.47	0	4.2	0.0	0.0	0.0	0.0	1.0	1	1953	205.7	411.8	0.28	4.24	1
728.58	0	4.2	0.0	0.0	0.0	0.0	1.0	1	1953	205.7	411.8	0.28	4.24	1
728.68	0	4.2	0.0	0.0	0.0	0.0	1.0	1	1953	205.7	411.8	0.28	4.24	1
728.78	0	4.2	0.0	0.0	0.0	0.0	1.0	1	1953	205.7	411.8	0.28	4.24	1
728.88	0	4.2	0.0	0.0	0.0	0.0	1.0	1	1953	205.7	411.8	0.28	4.25	1
728.98	0	4.2	0.0	0.0	0.0	0.0	1.0	1	1953	205.7	411.8	0.28	4.25	1
729.08	0	4.2	0.0	0.0	0.0	0.0	1.0	1	1953	205.7	411.8	0.28	4.25	1
729.18	0	4.3	0.0	0.0	0.0	0.0	1.0	1	1953	205.7	411.8	0.28	4.25	1
729.28	0	4.3	0.0	0.0	0.0	0.0	1.0	1	1953	205.7	411.8	0.28	4.25	1
729.38	0	4.3	0.0	0.0	0.0	0.0	1.0	1	1953	205.7	411.8	0.28	4.26	1
729.48	0	4.3	0.0	0.0	0.0	0.0	1.0	1	1953	205.7	411.8	0.28	4.26	1
729.58	0	4.3	0.0	0.0	0.0	0.0	1.0	1	1953	205.7	411.8	0.28	4.26	1
729.68	0	4.3	0.0	0.0	0.0	0.0	1.0	1	1953	205.7	411.8	0.28	4.26	1
729.78	0	4.3	0.0	0.0	0.0	0.0	1.0	1	1953	205.7	411.8	0.28	4.26	1
729.88	0	4.3	0.0	0.0	0.0	0.0	1.0	1	1953	205.7	411.8	0.28	4.27	1
729.98	0	4.3	0.0	0.0	0.0	0.0	1.0	1	1953	205.7	411.8	0.28	4.27	1
730.08	0	4.3	0.0	0.0	0.0	0.0	1.0	1	1953	205.7	411.8	0.28	4.27	1
730.18	0	4.3	0.0	0.0	0.0	0.0	1.0	1	1953	205.7	411.8	0.28	4.27	1
730.28	0	4.3	0.0	0.0	0.0	0.0	1.0	1	1953	205.7	411.8	0.28	4.28	1
730.38	0	4.3	0.0	0.0	0.0	0.0	1.0	1	1953	205.7	411.8	0.28	4.28	1
730.48	0	4.3	0.0	0.0	0.0	0.0	1.0	1	1953	205.7	411.8	0.28	4.28	1
730.58	0	4.3	0.0	0.0	0.0	0.0	1.0	1	1953	205.7	411.8	0.28	4.28	1
730.68	0	4.3	0.0	0.0	0.0	0.0	1.0	1	1953	205.7	411.8	0.28	4.28	1
730.78	0	4.3	0.0	0.0	0.0	0.0	1.0	1	1953	205.7	411.8	0.28	4.29	1
730.88	0	4.3	0.0	0.0	0.0	0.0	1.0	1	1953	205.7	411.8	0.28	4.29	1
730.98	0	4.3	0.0	0.0	0.0	0.0	1.0	1	1953	205.7	411.8	0.28	4.29	1
731.08	0	4.3	0.0	0.0	0.0	0.0	1.0	1	1953	205.7	411.8	0.28	4.29	1
731.18	0	4.3	0.0	0.0	0.0	0.0	1.0	1	1953	205.7	411.8	0.28	4.3	1
731.28	0	4.3	0.0	0.0	0.0	0.0	1.0	1	1953	205.7	411.8	0.28	4.3	1
731.38	0	4.3	0.0	0.0	0.0	0.0	1.0	1	1953	205.7	411.8	0.28	4.3	1
731.48	0	4.3	0.0	0.0	0.0	0.0	1.0	1	1953	205.7	411.8	0.28	4.3	1
731.58	0	4.3	0.0	0.0	0.0	0.0	1.0	1	1953	205.7	411.8	0.28	4.3	1
731.68	0	4.3	0.0	0.0	0.0	0.0	1.0	1	1953	205.7	411.8	0.28	4.31	1
731.78	0	4.3	0.0	0.0	0.0	0.0	1.0	1	1953	205.7	411.8	0.28	4.31	1
731.88	0	4.3	0.0	0.0	0.0	0.0	1.0	1	1953	205.7	411.8	0.28	4.31	1
731.98	0	4.3	0.0	0.0	0.0	0.0	1.0	1	1953	205.7	411.8	0.28	4.31	1
732.08	0	4.3	0.0	0.0	0.0	0.0	1.0	1	1953	205.7	411.8	0.28	4.32	1
732.18	0	4.3	0.0	0.0	0.0	0.0	1.0	1	1953	205.7	411.8	0.28	4.32	1
732.28	0	4.3	0.0	0.0	0.0	0.0	1.0	1	1953	205.7	411.8	0.28	4.32	1
732.38	0	4.3	0.0	0.0	0.0	0.0	1.0	1	1953	205.7	411.8	0.29	4.32	1
732.48	0	4.3	0.0	0.0	0.0	0.0	1.0	1	1953	205.7	411.8	0.29	4.32	1
732.58	0	4.3	0.0	0.0	0.0	0.0	1.0	1	1953	205.7	411.8	0.29	4.33	1
732.68	0	4.3	0.0	0.0	0.0	0.0	1.0	1	1953	205.7	411.8	0.29	4.33	1
732.78	0	4.3	0.0	0.0	0.0	0.0	1.0	1	1953	205.7	411.8	0.29	4.33	1
732.88	0	4.3	0.0	0.0	0.0	0.0	1.0	1	1953	205.7	411.8	0.29	4.33	1
732.98	0	4.3	0.0	0.0	0.0	0.0	1.0	1	1953	205.7	411.8	0.29	4.33	1
733.08	0	4.3	0.0	0.0	0.0	0.0	1.0	1	1953	205.7	411.8	0.29	4.34	1
733.18	0	4.3	0.0	0.0	0.0	0.0	1.0	1	1953	205.7	411.8	0.29	4.34	1
733.28	0	4.3	0.0	0.0	0.0	0.0	1.0	1	1953	205.7	411.8	0.29	4.34	1
733.38	0	4.3	0.0	0.0	0.0	0.0	1.0	1	1953	205.7	411.8	0.29	4.34	1
733.48	0	4.3	0.0	0.0	0.0	0.0	1.0	1	1953	205.7	411.8	0.29	4.35	1
733.58	0	4.3	0.0	0.0	0.0	0.0	1.0	1	1953	205.7	411.8	0.29	4.35	1
733.68	0	4.4	0.0	0.0	0.0	0.0	1.0	1	1953	205.7	411.8	0.29	4.35	1
733.78	0	4.4	0.0	0.0	0.0	0.0	1.0	1	1953	205.7	411.8	0.29	4.35	1
733.88	0	4.4	0.0	0.0	0.0	0.0	1.0	1	1953	205.7	411.8	0.29	4.35	1
733.98	0	4.4	0.0	0.0	0.0	0.0	1.0	1	1953	205.7	411.8	0.29	4.36	1
734.08	0	4.4	0.0	0.0	0.0	0.0	1.0	1	1953	205.7	411.8	0.29	4.36	1
734.18	0	4.4	0.0	0.0	0.0	0.0	1.0	1	1953	205.7	411.8	0.29	4.36	1
734.28	0	4.4	0.0	0.0	0.0	0.0	1.0	1	1953	205.7	411.8	0.29	4.36	1
734.38	0	4.4	0.0	0.0	0.0	0.0	1.0	1	1953	205.7	411.8	0.29	4.37	1
734.48	0	4.4	0.0	0.0	0.0	0.0	1.0	1	1953	205.7	411.8	0.29	4.37	1
734.58	0	4.4	0.0	0.0	0.0	0.0	1.0	1	1953	205.7	411.8	0.29	4.37	1
734.68	0	4.4	0.0	0.0	0.0	0.0	1.0	1	1953	205.7	411.8	0.29	4.37	1
734.78	0	4.4	0.0	0.0	0.0	0.0	1.0	1	1953	205.7	411.8	0.29	4.37	1
734.88	0	4.4	0.0	0.0	0.0	0.0	1.0	1	1953	205.7	411.8	0.29	4.38	1
734.98	0	4.4	0.0	0.0	0.0	0.0	1.0	1	1953	205.7	411.8	0.29	4.38	1
735.08	0	4.4	0.0	0.0	0.0	0.0	1.0	1	1953	205.7	411.8	0.29	4.38	1
735.18	0	4.4	0.0	0.0	0.0	0.0	1.0	1	1953	205.7	411.8	0.29	4.38	1
735.28	0	4.4	0.0	0.0	0.0	0.0	1.0	1	1953	205.7	411.8	0.29	4.39	1
735.38	0	4.4	0.0	0.0	0.0	0.0	1.0	1	1953	205.7	411.8	0.29	4.39	1
735.48	0	4.4	0.0	0.0	0.0	0.0	1.0	1	1953	205.7	411.8	0.29	4.39	1
735.58	0	4.4	0.0	0.0	0.0	0.0	1.0	1	1953	205.7	411.8	0.29	4.39	1
735.68	0	4.4	0.0	0.0	0.0	0.0	1.0	1	1953	205.7	411.8	0.29	4.39	1
735.78	0	4.4	0.0	0.0	0.0	0.0	1.0	1	1953	205.7	411.8	0.29	4.4	1
735.88	0	4.4	0.0	0.0	0.0	0.0	1.0	1	1953	205.7	411.8	0.29	4.4	1
735.98	0	4.4	0.0	0.0	0.0	0.0	1.0	1	1953	205.7	411.8	0.29	4.4	1
736.08	0	4.4	0.0	0.0	0.0	0.0	1.0	1	1953	205.7	411.8	0.29	4.4	1
736.18	0	4.4	0.0	0.0	0.0	0.0	1.0	1	1953	205.7	411.8	0.29	4.4	1
736.28	0	4.4	0.0	0.0	0.0	0.0	1.0	1	1953	205.7	411.8	0.29	4.41	1
736.38	0	4.4	0.0	0.0	0.0	0.0	1.0	1	1953	205.7	411.8	0.29	4.41	1
736.48	0	4.4	0.0	0.0	0.0	0.0	1.0	1	1953	205.7	411.8	0.29	4.41	1
736.59	0	4.4	0.0	0.0	0.0	0.0	1.0	1	1953	205.7	411.8	0.29	4.41	1
736.69	0	4.4	0.0	0.0	0.0	0.0	1.0	1	1953	205.7	411.8	0.29	4.42	1
736.83	0	4.4	0.0	0.0	0.0	0.0	1.0	1	1953	205.7	411.8	0.29	4.42	1
736.93	0	4.4	0.0	0.0	0.0	0.0	1.0	1	1953	205.7	411.8	0.29	4.42	1
737.03	0	4.4	0.0	0.0	0.0	0.0	1.0	1	1953	205.7	411.8	0.29	4.42	1
737.13	0	4.4	0.0	0.0	0.0	0.0	1.0	1	1953	205.7	411.8	0.29	4.43	1
737.23	0	4.4	0.0	0.0	0.0	0.0	1.0	1	1953	205.7	411.8	0.29	4.43	1
737.33	0	4.4	0.0	0.0	0.0	0.0	1.0	1	1953	205.7	411.8	0.29	4.43	1
737.43	0	4.4	0.0	0.0	0.0	0.0	1.0	1	1953	205.7	411.8	0.29	4.43	1
737.53	0	4.4	0.0	0.0	0.0	0.0	1.0	1	1953	205.7	411.8	0.29	4.43	1
737.63	0	4.4	0.0	0.0	0.0	0.0	1.0	1	1953	205.7	411.8	0.29	4.44	1
737.73	0	4.4	0.0	0.0	0.0	0.0	1.0	1	1953	205.7	411.8	0.29	4.44	1
737.83	0	4.4	0.0	0.0	0.0	0.0	1.0	1	1953	205.7	411.8	0.29	4.44	1
737.93	0	4.4	0.0	0.0	0.0	0.0	1.0	1	1953	205.7	411.8	0.29	4.44	1
738.03	0	4.4	0.0	0.0	0.0	0.0	1.0	1	1953	205.7	411.8	0.29	4.45	1
738.13	0	4.4	0.0	0.0	0.0	0.0	1.0	1	1953	205.7	411.8	0.29	4.45	1
738.23	0	4.5	0.0	0.0	0.0	0.0	1.0	1	1953	205.7	411.8	0.29	4.45	1
738.33	0	4.5	0.0	0.0	0.0	0.0	1.0	1	1953	205.7	411.8	0.29	4.45	1
738.43	0	4.5	0.0	0.0	0.0	0.0	1.0	1	1953	205.7	411.8	0.29	4.45	1
738.53	0	4.5	0.0	0.0	0.0	0.0	1.0	1	1953	205.7	411.8	0.29	4.46	1
738.63	0	4.5	0.0	0.0	0.0	0.0	1.0	1	1953	205.7	411.8	0.29	4.46	1
738.73	0	4.5	0.0	0.0	0.0	0.0	1.0	1	1953	205.7	411.8	0.29	4.46	1
738.83	0	4.5	0.0	0.0	0.0	0.0	1.0	1	1953	205.7	411.8	0.29	4.46	1
738.93	0	4.5	0.0	0.0	0.0	0.0	1.0	1	1953	205.7	411.8	0.29	4.47	1
739.03	0	4.5	0.0	0.0	0.0	0.0	1.0	1	1953	205.7	411.8	0.29	4.47	1
739.13	0	4.5	0.0	0.0	0.0	0.0	1.0	1	1953	205.7	411.8	0.29	4.47	1
739.23	0	4.5	0.0	0.0	0.0	0.0	1.0	1	1953	205.7	411.8	0.29	4.47	1
739.33	0	4.5	0.0	0.0	0.0	0.0	1.0	1	1953	205.7	411.8	0.29	4.47	1
739.43	0	4.5	0.0	0.0	0.0	0.0	1.0	1	1953	205.7	411.8	0.29	4.48	1
739.53	0	4.5	0.0	0.0	0.0	0.0	1.0	1	1953	205.7	411.8	0.29	4.48	1
739.63	0	4.5	0.0	0.0	0.0	0.0	1.0	1	1953	205.7	411.8	0.29	4.48	1
739.73	0	4.5	0.0	0.0	0.0	0.0	1.0	1	1953	205.7	411.8	0.29	4.48	1
739.83	0	4.5	0.0	0.0	0.0	0.0	1.0	1	1953	205.7	411.8	0.29	4.49	1
739.93	0	4.5	0.0	0.0	0.0	0.0	1.0	1	1953	205.7	411.8	0.29	4.49	1
740.03	0	4.5	0.0	0.0	0.0	0.0	1.0	1	1953	205.7	411.8	0.29	4.49	1
740.13	0	4.5	0.0	0.0	0.0	0.0	1.0	1	1953	205.7	411.8	0.29	4.49	1
740.23	0	4.5	0.0	0.0	0.0	0.0	1.0	1	1953	205.7	411.8	0.29	4.49	1
740.33	0	4.5	0.0	0.0	0.0	0.0	1.0	1	1953	205.7	411.8	0.29	4.5	1
740.43	0	4.5	0.0	0.0	0.0	0.0	1.0	1	1953	205.7	411.8	0.29	4.5	1
740.53	0	4.5	0.0	0.0	0.0	0.0	1.0	1	1953	205.7	411.8	0.29	4.5	1
740.63	0	4.5	0.0	0.0	0.0	0.0	1.0	1	1953	205.7	411.8	0.29	4.5	1
740.73	0	4.5	0.0	0.0	0.0	0.0	1.0	1	1953	205.7	411.8	0.29	4.51	1
740.83	0	4.5	0.0	0.0	0.0	0.0	1.0	1	1953	205.7	411.8	0.29	4.51	1
740.93	0	4.5	0.0	0.0	0.0	0.0	1.0	1	1953	205.7	411.8	0.29	4.51	1
741.03	0	4.5	0.0	0.0	0.0	0.0	1.0	1	1953	205.7	411.8	0.29	4.51	1
741.13	0	4.5	0.0	0.0	0.0	0.0	1.0	1	1953	205.7	411.8	0.29	4.51	1
741.23	0	4.5	0.0	0.0	0.0	0.0	1.0	1	1953	205.7	411.8	0.29	4.52	1
741.33	0	4.5	0.0	0.0	0.0	0.0	1.0	1	1953	205.7	411.8	0.29	4.52	1
741.43	0	4.5	0.0	0.0	0.0	0.0	1.0	1	1953	205.7	411.8	0.29	4.52	1
741.53	0	4.5	0.0	0.0	0.0	0.0	1.0	1	1953	205.7	411.8	0.29	4.52	1
741.63	0	4.5	0.0	0.0	0.0	0.0	1.0	1	1953	205.7	411.8	0.29	4.53	1
741.73	0	4.5	0.0	0.0	0.0	0.0	1.0	1	1953	205.7	411.8	0.29	4.53	1
741.83	0	4.5	0.0	0.0	0.0	0.0	1.0	1	1953	205.7	411.8	0.29	4.53	1
741.93	0	4.5	0.0	0.0	0.0	0.0	1.0	1	1953	205.7	411.8	0.29	4.53	1
742.03	0	4.5	0.0	0.0	0.0	0.0	1.0	1	1953	205.7	411.8	0.29	4.53	1
742.13	0	4.5	0.0	0.0	0.0	0.0	1.0	1	1953	205.7	411.8	0.29	4.54	1
742.23	0	4.5	0.0	0.0	0.0	0.0	1.0	1	1953	205.7	411.8	0.29	4.54	1
742.33	0	4.5	0.0	0.0	0.0	0.0	1.0	1	1953	205.7	411.8	0.29	4.54	1
742.43	0	4.5	0.0	0.0	0.0	0.0	1.0	1	1953	205.7	411.8	0.29	4.54	1
742.53	0	4.5	0.0	0.0	0.0	0.0	1.0	1	1953	205.7	411.8	0.29	4.55	1
742.63	0	4.5	0.0	0.0	0.0	0.0	1.0	1	1953	205.7	411.8	0.29	4.55	1
742.73	0	4.6	0.0	0.0	0.0	0.0	1.0	1	1953	205.7	411.8	0.29	4.55	1
742.83	0	4.6	0.0	0.0	0.0	0.0	1.0	1	1953	205.7	411.8	0.29	4.55	1
742.93	0	4.6	0.0	0.0	0.0	0.0	1.0	1	1953	205.7	411.8	0.29	4.55	1
743.03	0	4.6	0.0	0.0	0.0	0.0	1.0	1	1953	205.7	411.8	0.29	4.56	1
743.13	0	4.6	0.0	0.0	0.0	0.0	1.0	1	1953	205.7	411.8	0.29	4.56	1
743.23	0	4.6	0.0	0.0	0.0	0.0	1.0	1	1953	205.7	411.8	0.29	4.56	1
743.33	0	4.6	0.0	0.0	0.0	0.0	1.0	1	1953	205.7	411.8	0.29	4.56	1
743.43	0	4.6	0.0	0.0	0.0	0.0	1.0	1	1953	205.7	411.8	0.29	4.57	1
743.53	0	4.6	0.0	0.0	0.0	0.0	1.0	1	1953	205.7	411.8	0.29	4.57	1
743.63	0	4.6	0.0	0.0	0.0	0.0	1.0	1	1953	205.7	411.8	0.29	4.57	1
743.73	0	4.6	0.0	0.0	0.0	0.0	1.0	1	1953	205.7	411.8	0.29	4.57	1
743.83	0	4.6	0.0	0.0	0.0	0.0	1.0	1	1953	205.7	411.8	0.29	4.57	1
743.93	0	4.6	0.0	0.0	0.0	0.0	1.0	1	1953	205.7	411.8	0.29	4.58	1
744.03	0	4.6	0.0	0.0	0.0	0.0	1.0	1	1953	205.7	411.8	0.29	4.58	1
744.13	0	4.6	0.0	0.0	0.0	0.0	1.0	1	1953	205.7	411.8	0.29	4.58	1
744.23	0	4.6	0.0	0.0	0.0	0.0	1.0	1	1953	205.7	411.8	0.29	4.58	1
744.33	0	4.6	0.0	0.0	0.0	0.0	1.0	1	1953	205.7	411.8	0.29	4.59	1
744.43	0	4.6	0.0	0.0	0.0	0.0	1.0	1	1953	205.7	411.8	0.29	4.59	1
744.53	0	4.6	0.0	0.0	0.0	0.0	1.0	1	1953	205.7	411.8	0.29	4.59	1
744.66	0	4.6	0.0	0.0	0.0	0.0	1.0	1	1953	205.7	411.8	0.29	4.59	1
744.74	0	4.6	0.0	0.0	0.0	0.0	1.0	1	1953	205.7	411.8	0.29	4.6	1
744.84	0	4.6	0.0	0.0	0.0	0.0	1.0	1	1953	205.7	411.8	0.29	4.6	1
744.94	0	4.6	0.0	0.0	0.0	0.0	1.0	1	1953	205.7	411.8	0.29	4.6	1
745.04	0	4.6	0.0	0.0	0.0	0.0	1.0	1	1953	205.7	411.8	0.29	4.6	1
745.14	0	4.6	0.0	0.0	0.0	0.0	1.0	1	1953	205.7	411.8	0.29	4.6	1
745.24	0	4.6	0.0	0.0	0.0	0.0	1.0	1	1953	205.7	411.8	0.29	4.61	1
745.34	0	4.6	0.0	0.0	0.0	0.0	1.0	1	1953	205.7	411.8	0.29	4.61	1
745.44	0	4.6	0.0	0.0	0.0	0.0	1.0	1	1953	205.7	411.8	0.29	4.61	1
745.54	0	4.6	0.0	0.0	0.0	0.0	1.0	1	1953	205.7	411.8	0.29	4.61	1
745.64	0	4.6	0.0	0.0	0.0	0.0	1.0	1	1953	205.7	411.8	0.29	4.62	1
745.74	0	4.6	0.0	0.0	0.0	0.0	1.0	1	1953	205.7	411.8	0.29	4.62	1
745.84	0	4.6	0.0	0.0	0.0	0.0	1.0	1	1953	205.7	411.8	0.29	4.62	1
745.94	0	4.6	0.0	0.0	0.0	0.0	1.0	1	1953	205.7	411.8	0.29	4.62	1
746.04	0	4.6	0.0	0.0	0.0	0.0	1.0	1	1953	205.7	411.8	0.29	4.62	1
746.14	0	4.6	0.0	0.0	0.0	0.0	1.0	1	1953	205.7	411.8	0.29	4.63	1
746.24	0	4.6	0.0	0.0	0.0	0.0	1.0	1	1953	205.7	411.8	0.29	4.63	1
746.34	0	4.6	0.0	0.0	0.0	0.0	1.0	1	1953	205.7	411.8	0.29	4.63	1
746.44	0	4.6	0.0	0.0	0.0	0.0	1.0	1	1953	205.7	411.8	0.29	4.63	1
746.54	0	4.6	0.0	0.0	0.0	0.0	1.0	1	1953	205.7	411.8	0.29	4.64	1
746.64	0	4.6	0.0	0.0	0.0	0.0	1.0	1	1953	205.7	411.8	0.29	4.64	1
746.78	0	4.6	0.0	0.0	0.0	0.0	1.0	1	1953	205.7	411.8	0.29	4.64	1
746.88	0	4.6	0.0	0.0	0.0	0.0	1.0	1	1953	205.7	411.8	0.29	4.64	1
746.98	0	4.6	0.0	0.0	0.0	0.0	1.0	1	1953	205.7	411.8	0.29	4.65	1
747.08	0	4.6	0.0	0.0	0.0	0.0	1.0	1	1953	205.7	411.8	0.29	4.65	1
747.18	0	4.6	0.0	0.0	0.0	0.0	1.0	1	1953	205.7	411.8	0.29	4.65	1
747.28	0	4.7	0.0	0.0	0.0	0.0	1.0	1	1953	205.7	411.8	0.29	4.65	1
747.38	0	4.7	0.0	0.0	0.0	0.0	1.0	1	1953	205.7	411.8	0.29	4.65	1
747.48	0	4.7	0.0	0.0	0.0	0.0	1.0	1	1953	205.7	411.8	0.29	4.66	1
747.58	0	4.7	0.0	0.0	0.0	0.0	1.0	1	1953	205.7	411.8	0.29	4.66	1
747.68	0	4.7	0.0	0.0	0.0	0.0	1.0	1	1953	205.7	411.8	0.29	4.66	1
747.78	0	4.7	0.0	0.0	0.0	0.0	1.0	1	1953	205.7	411.8	0.29	4.66	1
747.88	0	4.7	0.0	0.0	0.0	0.0	1.0	1	1953	205.7	411.8	0.29	4.67	1
747.98	0	4.7	0.0	0.0	0.0	0.0	1.0	1	1953	205.7	411.8	0.29	4.67	1
748.08	0	4.7	0.0	0.0	0.0	0.0	1.0	1	1953	205.7	411.8	0.29	4.67	1
748.18	0	4.7	0.0	0.0	0.0	0.0	1.0	1	1953	205.7	411.8	0.29	4.67	1
748.28	0	4.7	0.0	0.0	0.0	0.0	1.0	1	1953	205.7	411.8	0.29	4.67	1
748.38	0	4.7	0.0	0.0	0.0	0.0	1.0	1	1953	205.7	411.8	0.29	4.68	1
748.48	0	4.7	0.0	0.0	0.0	0.0	1.0	1	1953	205.7	411.8	0.29	4.68	1
748.58	0	4.7	0.0	0.0	0.0	0.0	1.0	1	1953	205.7	411.8	0.29	4.68	1
748.68	0	4.7	0.0	0.0	0.0	0.0	1.0	1	1953	205.7	411.8	0.29	4.68	1
748.77	0	4.7	0.0	0.0	0.0	0.0	1.0	1	1953	205.7	411.8	0.29	4.69	1
748.88	0	4.7	0.0	0.0	0.0	0.0	1.0	1	1953	205.7	411.8	0.29	4.69	1
748.98	0	4.7	0.0	0.0	0.0	0.0	1.0	1	1953	205.7	411.8	0.29	4.69	1
749.08	0	4.7	0.0	0.0	0.0	0.0	1.0	1	1953	205.7	411.8	0.29	4.69	1
749.18	0	4.7	0.0	0.0	0.0	0.0	1.0	1	1953	205.7	411.8	0.29	4.69	1
749.28	0	4.7	0.0	0.0	0.0	0.0	1.0	1	1953	205.7	411.8	0.29	4.7	1
749.38	0	4.7	0.0	0.0	0.0	0.0	1.0	1	1953	205.7	411.8	0.29	4.7	1
749.48	0	4.7	0.0	0.0	0.0	0.0	1.0	1	1953	205.7	411.8	0.29	4.7	1
749.58	0	4.7	0.0	0.0	0.0	0.0	1.0	1	1953	205.7	411.8	0.29	4.7	1
749.68	0	4.7	0.0	0.0	0.0	0.0	1.0	1	1953	205.7	411.8	0.29	4.71	1
749.78	0	4.7	0.0	0.0	0.0	0.0	1.0	1	1953	205.7	411.8	0.29	4.71	1
749.88	0	4.7	0.0	0.0	0.0	0.0	1.0	1	1953	205.7	411.8	0.29	4.71	1
749.98	0	4.7	0.0	0.0	0.0	0.0	1.0	1	1953	205.7	411.8	0.29	4.71	1
750.08	0	4.7	0.0	0.0	0.0	0.0	1.0	1	1953	205.7	411.8	0.29	4.72	1
750.18	0	4.7	0.0	0.0	0.0	0.0	1.0	1	1953	205.7	411.8	0.29	4.72	1
750.28	0	4.7	0.0	0.0	0.0	0.0	1.0	1	1953	205.7	411.8	0.29	4.72	1
750.38	0	4.7	0.0	0.0	0.0	0.0	1.0	1	1953	205.7	411.8	0.29	4.72	1
750.48	0	4.7	0.0	0.0	0.0	0.0	1.0	1	1953	205.7	411.8	0.29	4.72	1
750.58	0	4.7	0.0	0.0	0.0	0.0	1.0	1	1953	205.7	411.8	0.29	4.73	1
750.68	0	4.7	0.0	0.0	0.0	0.0	1.0	1	1953	205.7	411.8	0.29	4.73	1
750.78	0	4.7	0.0	0.0	0.0	0.0	1.0	1	1953	205.7	411.8	0.29	4.73	1
750.88	0	4.7	0.0	0.0	0.0	0.0	1.0	1	1953	205.7	411.8	0.29	4.73	1
750.98	0	4.7	0.0	0.0	0.0	0.0	1.0	1	1953	205.7	411.8	0.29	4.74	1
751.08	0	4.7	0.0	0.0	0.0	0.0	1.0	1	1953	205.7	411.8	0.29	4.74	1
751.18	0	4.7	0.0	0.0	0.0	0.0	1.0	1	1953	205.7	411.8	0.29	4.74	1
751.28	0	4.7	0.0	0.0	0.0	0.0	1.0	1	1953	205.7	411.8	0.29	4.74	1
751.38	0	4.7	0.0	0.0	0.0	0.0	1.0	1	1953	205.7	411.8	0.29	4.74	1
751.48	0	4.7	0.0	0.0	0.0	0.0	1.0	1	1953	205.7	411.8	0.29	4.75	1
751.58	0	4.7	0.0	0.0	0.0	0.0	1.0	1	1953	205.7	411.8	0.29	4.75	1
751.68	0	4.8	0.0	0.0	0.0	0.0	1.0	1	1953	205.7	411.8	0.29	4.75	1
751.78	0	4.8	0.0	0.0	0.0	0.0	1.0	1	1953	205.7	411.8	0.29	4.75	1
751.88	0	4.8	0.0	0.0	0.0	0.0	1.0	1	1953	205.7	411.8	0.29	4.76	1
751.98	0	4.8	0.0	0.0	0.0	0.0	1.0	1	1953	205.7	411.8	0.29	4.76	1
752.08	0	4.8	0.0	0.0	0.0	0.0	1.0	1	1953	205.7	411.8	0.29	4.76	1
752.18	0	4.8	0.0	0.0	0.0	0.0	1.0	1	1953	205.7	411.8	0.29	4.76	1
752.28	0	4.8	0.0	0.0	0.0	0.0	1.0	1	1953	205.7	411.8	0.29	4.77	1
752.38	0	4.8	0.0	0.0	0.0	0.0	1.0	1	1953	205.7	411.8	0.29	4.77	1
752.48	0	4.8	0.0	0.0	0.0	0.0	1.0	1	1953	205.7	411.8	0.29	4.77	1
752.58	0	4.8	0.0	0.0	0.0	0.0	1.0	1	1953	205.7	411.8	0.29	4.77	1
752.68	0	4.8	0.0	0.0	0.0	0.0	1.0	1	1953	205.7	411.8	0.29	4.77	1
752.79	0	4.8	0.0	0.0	0.0	0.0	1.0	1	1953	205.7	411.8	0.29	4.78	1
752.89	0	4.8	0.0	0.0	0.0	0.0	1.0	1	1953	205.7	411.8	0.29	4.78	1
752.99	0	4.8	0.0	0.0	0.0	0.0	1.0	1	1953	205.7	411.8	0.29	4.78	1
753.09	0	4.8	0.0	0.0	0.0	0.0	1.0	1	1953	205.7	411.8	0.29	4.78	1
753.19	0	4.8	0.0	0.0	0.0	0.0	1.0	1	1953	205.7	411.8	0.29	4.79	1
753.29	0	4.8	0.0	0.0	0.0	0.0	1.0	1	1953	205.7	411.8	0.29	4.79	1
753.39	0	4.8	0.0	0.0	0.0	0.0	1.0	1	1953	205.7	411.8	0.29	4.79	1
753.49	0	4.8	0.0	0.0	0.0	0.0	1.0	1	1953	205.7	411.8	0.29	4.79	1
753.59	0	4.8	0.0	0.0	0.0	0.0	1.0	1	1953	205.7	411.8	0.29	4.8	1
753.69	0	4.8	0.0	0.0	0.0	0.0	1.0	1	1953	205.7	411.8	0.29	4.8	1
753.79	0	4.8	0.0	0.0	0.0	0.0	1.0	1	1953	205.7	411.8	0.29	4.8	1
753.89	0	4.8	0.0	0.0	0.0	0.0	1.0	1	1953	205.7	411.8	0.29	4.8	1
753.99	0	4.8	0.0	0.0	0.0	0.0	1.0	1	1953	205.7	411.8	0.29	4.8	1
754.09	0	4.8	0.0	0.0	0.0	0.0	1.0	1	1953	205.7	411.8	0.29	4.81	1
754.19	0	4.8	0.0	0.0	0.0	0.0	1.0	1	1953	205.7	411.8	0.29	4.81	1
754.29	0	4.8	0.0	0.0	0.0	0.0	1.0	1	1953	205.7	411.8	0.29	4.81	1
754.39	0	4.8	0.0	0.0	0.0	0.0	1.0	1	1953	205.7	411.8	0.29	4.81	1
754.49	0	4.8	0.0	0.0	0.0	0.0	1.0	1	1953	205.7	411.8	0.29	4.82	1
754.59	0	4.8	0.0	0.0	0.0	0.0	1.0	1	1953	205.7	411.8	0.29	4.82	1
754.69	0	4.8	0.0	0.0	0.0	0.0	1.0	1	1953	205.7	411.8	0.29	4.82	1
754.79	0	4.8	0.0	0.0	0.0	0.0	1.0	1	1953	205.7	411.8	0.29	4.82	1
754.89	0	4.8	0.0	0.0	0.0	0.0	1.0	1	1953	205.7	411.8	0.29	4.82	1
754.99	0	4.8	0.0	0.0	0.0	0.0	1.0	1	1953	205.7	411.8	0.29	4.83	1
755.09	0	4.8	0.0	0.0	0.0	0.0	1.0	1	1953	205.7	411.8	0.29	4.83	1
755.19	0	4.8	0.0	0.0	0.0	0.0	1.0	1	1953	205.7	411.8	0.29	4.83	1
755.29	0	4.8	0.0	0.0	0.0	0.0	1.0	1	1953	205.7	411.8	0.29	4.83	1
755.39	0	4.8	0.0	0.0	0.0	0.0	1.0	1	1953	205.7	411.8	0.29	4.84	1
755.49	0	4.8	0.0	0.0	0.0	0.0	1.0	1	1953	205.7	411.8	0.29	4.84	1
755.59	0	4.8	0.0	0.0	0.0	0.0	1.0	1	1953	205.7	411.8	0.29	4.84	1
755.69	0	4.8	0.0	0.0	0.0	0.0	1.0	1	1953	205.7	411.8	0.29	4.84	1
755.79	0	4.8	0.0	0.0	0.0	0.0	1.0	1	1953	205.7	411.8	0.29	4.85	1
755.89	0	4.8	0.0	0.0	0.0	0.0	1.0	1	1953	205.7	411.8	0.29	4.85	1
755.99	0	4.8	0.0	0.0	0.0	0.0	1.0	1	1953	205.7	411.8	0.29	4.85	1
756.09	0	4.9	0.0	0.0	0.0	0.0	1.0	1	1953	205.7	411.8	0.29	4.85	1
756.19	0	4.9	0.0	0.0	0.0	0.0	1.0	1	1953	205.7	411.8	0.29	4.85	1
756.29	0	4.9	0.0	0.0	0.0	0.0	1.0	1	1953	205.7	411.8	0.29	4.86	1
756.39	0	4.9	0.0	0.0	0.0	0.0	1.0	1	1953	205.7	411.8	0.29	4.86	1
756.49	0	4.9	0.0	0.0	0.0	0.0	1.0	1	1953	205.7	411.8	0.29	4.86	1
756.59	0	4.9	0.0	0.0	0.0	0.0	1.0	1	1953	205.7	411.8	0.29	4.86	1
756.69	0	4.9	0.0	0.0	0.0	0.0	1.0	1	1953	205.7	411.8	0.29	4.87	1
756.83	0	4.9	0.0	0.0	0.0	0.0	1.0	1	1953	205.7	411.8	0.29	4.87	1
756.93	0	4.9	0.0	0.0	0.0	0.0	1.0	1	1953	205.7	411.8	0.29	4.87	1
757.03	0	4.9	0.0	0.0	0.0	0.0	1.0	1	1953	205.7	411.8	0.29	4.87	1
757.13	0	4.9	0.0	0.0	0.0	0.0	1.0	1	1953	205.7	411.8	0.29	4.88	1
757.23	0	4.9	0.0	0.0	0.0	0.0	1.0	1	1953	205.7	411.8	0.29	4.88	1
757.33	0	4.9	0.0	0.0	0.0	0.0	1.0	1	1953	205.7	411.8	0.29	4.88	1
757.43	0	4.9	0.0	0.0	0.0	0.0	1.0	1	1953	205.7	411.8	0.29	4.88	1
757.53	0	4.9	0.0	0.0	0.0	0.0	1.0	1	1953	205.7	411.8	0.29	4.88	1
757.63	0	4.9	0.0	0.0	0.0	0.0	1.0	1	1953	205.7	411.8	0.29	4.89	1
757.73	0	4.9	0.0	0.0	0.0	0.0	1.0	1	1953	205.7	411.8	0.29	4.89	1
757.83	0	4.9	0.0	0.0	0.0	0.0	1.0	1	1953	205.7	411.8	0.29	4.89	1
757.93	0	4.9	0.0	0.0	0.0	0.0	1.0	1	1953	205.7	411.8	0.29	4.89	1
758.03	0	4.9	0.0	0.0	0.0	0.0	1.0	1	1953	205.7	411.8	0.29	4.9	1
758.13	0	4.9	0.0	0.0	0.0	0.0	1.0	1	1953	205.7	411.8	0.29	4.9	1
758.23	0	4.9	0.0	0.0	0.0	0.0	1.0	1	1953	205.7	411.8	0.3	4.9	1
758.33	0	4.9	0.0	0.0	0.0	0.0	1.0	1	1953	205.7	411.8	0.3	4.9	1
758.43	0	4.9	0.0	0.0	0.0	0.0	1.0	1	1953	205.7	411.8	0.3	4.91	1
758.53	0	4.9	0.0	0.0	0.0	0.0	1.0	1	1953	205.7	411.8	0.3	4.91	1
758.63	0	4.9	0.0	0.0	0.0	0.0	1.0	1	1953	205.7	411.8	0.3	4.91	1
758.73	0	4.9	0.0	0.0	0.0	0.0	1.0	1	1953	205.7	411.8	0.3	4.91	1
758.83	0	4.9	0.0	0.0	0.0	0.0	1.0	1	1953	205.7	411.8	0.3	4.91	1
758.93	0	4.9	0.0	0.0	0.0	0.0	1.0	1	1953	205.7	411.8	0.3	4.92	1
759.03	0	4.9	0.0	0.0	0.0	0.0	1.0	1	1953	205.7	411.8	0.3	4.92	1
759.13	0	4.9	0.0	0.0	0.0	0.0	1.0	1	1953	205.7	411.8	0.3	4.92	1
759.23	0	4.9	0.0	0.0	0.0	0.0	1.0	1	1953	205.7	411.8	0.3	4.92	1
759.33	0	4.9	0.0	0.0	0.0	0.0	1.0	1	1953	205.7	411.8	0.3	4.93	1
759.43	0	4.9	0.0	0.0	0.0	0.0	1.0	1	1953	205.7	411.8	0.3	4.93	1
759.53	0	4.9	0.0	0.0	0.0	0.0	1.0	1	1953	205.7	411.8	0.3	4.93	1
759.63	0	4.9	0.0	0.0	0.0	0.0	1.0	1	1953	205.7	411.8	0.3	4.93	1
759.73	0	4.9	0.0	0.0	0.0	0.0	1.0	1	1953	205.7	411.8	0.3	4.94	1
759.83	0	4.9	0.0	0.0	0.0	0.0	1.0	1	1953	205.7	411.8	0.3	4.94	1
759.93	0	4.9	0.0	0.0	0.0	0.0	1.0	1	1953	205.7	411.8	0.3	4.94	1
760.03	0	4.9	0.0	0.0	0.0	0.0	1.0	1	1953	205.7	411.8	0.3	4.94	1
760.13	0	4.9	0.0	0.0	0.0	0.0	1.0	1	1953	205.7	411.8	0.3	4.94	1
760.23	0	4.9	0.0	0.0	0.0	0.0	1.0	1	1953	205.7	411.8	0.3	4.95	1
760.33	0	4.9	0.0	0.0	0.0	0.0	1.0	1	1953	205.7	411.8	0.3	4.95	1
760.43	0	5.0	0.0	0.0	0.0	0.0	1.0	1	1953	205.7	411.8	0.3	4.95	1
760.53	0	5.0	0.0	0.0	0.0	0.0	1.0	1	1953	205.7	411.8	0.3	4.95	1
760.63	0	5.0	0.0	0.0	0.0	0.0	1.0	1	1953	205.7	411.8	0.3	4.96	1
760.73	0	5.0	0.0	0.0	0.0	0.0	1.0	1	1953	205.7	411.8	0.3	4.96	1
760.83	0	5.0	0.0	0.0	0.0	0.0	1.0	1	1953	205.7	411.8	0.3	4.96	1
760.94	0	5.0	0.0	0.0	0.0	0.0	1.0	1	1953	205.7	411.8	0.3	4.96	1
761.04	0	5.0	0.0	0.0	0.0	0.0	1.0	1	1953	205.7	411.8	0.3	4.97	1
761.14	0	5.0	0.0	0.0	0.0	0.0	1.0	1	1953	205.7	411.8	0.3	4.97	1
761.24	0	5.0	0.0	0.0	0.0	0.0	1.0	1	1953	205.7	411.8	0.3	4.97	1
761.34	0	5.0	0.0	0.0	0.0	0.0	1.0	1	1953	205.7	411.8	0.3	4.97	1
761.44	0	5.0	0.0	0.0	0.0	0.0	1.0	1	1953	205.7	411.8	0.3	4.98	1
761.54	0	5.0	0.0	0.0	0.0	0.0	1.0	1	1953	205.7	411.8	0.3	4.98	1
761.64	0	5.0	0.0	0.0	0.0	0.0	1.0	1	1953	205.7	411.8	0.3	4.98	1
761.74	0	5.0	0.0	0.0	0.0	0.0	1.0	1	1953	205.7	411.8	0.3	4.98	1
761.84	0	5.0	0.0	0.0	0.0	0.0	1.0	1	1953	205.7	411.8	0.3	4.98	1
761.94	0	5.0	0.0	0.0	0.0	0.0	1.0	1	1953	205.7	411.8	0.3	4.99	1
762.04	0	5.0	0.0	0.0	0.0	0.0	1.0	1	1953	205.7	411.8	0.3	4.99	1
762.14	0	5.0	0.0	0.0	0.0	0.0	1.0	1	1953	205.7	411.8	0.3	4.99	1
762.24	0	5.0	0.0	0.0	0.0	0.0	1.0	1	1953	205.7	411.8	0.3	4.99	1
762.34	0	5.0	0.0	0.0	0.0	0.0	1.0	1	1953	205.7	411.8	0.3	5.0	1
762.44	0	5.0	0.0	0.0	0.0	0.0	1.0	1	1953	205.7	411.8	0.3	5.0	1
762.54	0	5.0	0.0	0.0	0.0	0.0	1.0	1	1953	205.7	411.8	0.3	5.0	1
762.64	0	5.0	0.0	0.0	0.0	0.0	1.0	1	1953	205.7	411.8	0.3	5.0	1
762.74	0	5.0	0.0	0.0	0.0	0.0	1.0	1	1953	205.7	411.8	0.3	5.01	1
762.84	0	5.0	0.0	0.0	0.0	0.0	1.0	1	1953	205.7	411.8	0.3	5.01	1
762.94	0	5.0	0.0	0.0	0.0	0.0	1.0	1	1953	205.7	411.8	0.3	5.01	1
763.04	0	5.0	0.0	0.0	0.0	0.0	1.0	1	1953	205.7	411.8	0.3	5.01	1
763.14	0	5.0	0.0	0.0	0.0	0.0	1.0	1	1953	205.7	411.8	0.3	5.01	1
763.24	0	5.0	0.0	0.0	0.0	0.0	1.0	1	1953	205.7	411.8	0.3	5.02	1
763.34	0	5.0	0.0	0.0	0.0	0.0	1.0	1	1953	205.7	411.8	0.3	5.02	1
763.44	0	5.0	0.0	0.0	0.0	0.0	1.0	1	1953	205.7	411.8	0.3	5.02	1
763.54	0	5.0	0.0	0.0	0.0	0.0	1.0	1	1953	205.7	411.8	0.3	5.02	1
763.64	0	5.0	0.0	0.0	0.0	0.0	1.0	1	1953	205.7	411.8	0.3	5.03	1
763.74	0	5.0	0.0	0.0	0.0	0.0	1.0	1	1953	205.7	411.8	0.3	5.03	1
763.84	0	5.0	0.0	0.0	0.0	0.0	1.0	1	1953	205.7	411.8	0.3	5.03	1
763.94	0	5.0	0.0	0.0	0.0	0.0	1.0	1	1953	205.7	411.8	0.3	5.03	1
764.04	0	5.0	0.0	0.0	0.0	0.0	1.0	1	1953	205.7	411.8	0.3	5.04	1
764.14	0	5.0	0.0	0.0	0.0	0.0	1.0	1	1953	205.7	411.8	0.3	5.04	1
764.24	0	5.0	0.0	0.0	0.0	0.0	1.0	1	1953	205.7	411.8	0.3	5.04	1
764.34	0	5.0	0.0	0.0	0.0	0.0	1.0	1	1953	205.7	411.8	0.3	5.04	1
764.44	0	5.0	0.0	0.0	0.0	0.0	1.0	1	1953	205.7	411.8	0.3	5.04	1
764.54	0	5.0	0.0	0.0	0.0	0.0	1.0	1	1953	205.7	411.8	0.3	5.05	1
764.64	0	5.0	0.0	0.0	0.0	0.0	1.0	1	1953	205.7	411.8	0.3	5.05	1
764.74	0	5.1	0.0	0.0	0.0	0.0	1.0	1	1953	205.7	411.8	0.3	5.05	1
764.84	0	5.1	0.0	0.0	0.0	0.0	1.0	1	1953	205.7	411.8	0.3	5.05	1
764.94	0	5.1	0.0	0.0	0.0	0.0	1.0	1	1953	205.7	411.8	0.3	5.06	1
765.04	0	5.1	0.0	0.0	0.0	0.0	1.0	1	1953	205.7	411.8	0.3	5.06	1
765.14	0	5.1	0.0	0.0	0.0	0.0	1.0	1	1953	205.7	411.8	0.3	5.06	1
765.24	0	5.1	0.0	0.0	0.0	0.0	1.0	1	1953	205.7	411.8	0.3	5.06	1
765.34	0	5.1	0.0	0.0	0.0	0.0	1.0	1	1953	205.7	411.8	0.3	5.07	1
765.44	0	5.1	0.0	0.0	0.0	0.0	1.0	1	1953	205.7	411.8	0.3	5.07	1
765.54	0	5.1	0.0	0.0	0.0	0.0	1.0	1	1953	205.7	411.8	0.3	5.07	1
765.64	0	5.1	0.0	0.0	0.0	0.0	1.0	1	1953	205.7	411.8	0.3	5.07	1
765.74	0	5.1	0.0	0.0	0.0	0.0	1.0	1	1953	205.7	411.8	0.3	5.07	1
765.84	0	5.1	0.0	0.0	0.0	0.0	1.0	1	1953	205.7	411.8	0.3	5.08	1
765.94	0	5.1	0.0	0.0	0.0	0.0	1.0	1	1953	205.7	411.8	0.3	5.08	1
766.04	0	5.1	0.0	0.0	0.0	0.0	1.0	1	1953	205.7	411.8	0.3	5.08	1
766.14	0	5.1	0.0	0.0	0.0	0.0	1.0	1	1953	205.7	411.8	0.3	5.08	1
766.24	0	5.1	0.0	0.0	0.0	0.0	1.0	1	1953	205.7	411.8	0.3	5.09	1
766.34	0	5.1	0.0	0.0	0.0	0.0	1.0	1	1953	205.7	411.8	0.3	5.09	1
766.44	0	5.1	0.0	0.0	0.0	0.0	1.0	1	1953	205.7	411.8	0.3	5.09	1
766.54	0	5.1	0.0	0.0	0.0	0.0	1.0	1	1953	205.7	411.8	0.3	5.09	1
766.64	0	5.1	0.0	0.0	0.0	0.0	1.0	1	1953	205.7	411.8	0.3	5.1	1
766.78	0	5.1	0.0	0.0	0.0	0.0	1.0	1	1953	205.7	411.8	0.3	5.1	1
766.88	0	5.1	0.0	0.0	0.0	0.0	1.0	1	1953	205.7	411.8	0.3	5.1	1
766.98	0	5.1	0.0	0.0	0.0	0.0	1.0	1	1953	205.7	411.8	0.3	5.1	1
767.08	0	5.1	0.0	0.0	0.0	0.0	1.0	1	1953	205.7	411.8	0.3	5.11	1
767.18	0	5.1	0.0	0.0	0.0	0.0	1.0	1	1953	205.7	411.8	0.3	5.11	1
767.28	0	5.1	0.0	0.0	0.0	0.0	1.0	1	1953	205.7	411.8	0.3	5.11	1
767.38	0	5.1	0.0	0.0	0.0	0.0	1.0	1	1953	205.7	411.8	0.3	5.11	1
767.48	0	5.1	0.0	0.0	0.0	0.0	1.0	1	1953	205.7	411.8	0.3	5.12	1
767.58	0	5.1	0.0	0.0	0.0	0.0	1.0	1	1953	205.7	411.8	0.3	5.12	1
767.68	0	5.1	0.0	0.0	0.0	0.0	1.0	1	1953	205.7	411.8	0.3	5.12	1
767.78	0	5.1	0.0	0.0	0.0	0.0	1.0	1	1953	205.7	411.8	0.3	5.12	1
767.88	0	5.1	0.0	0.0	0.0	0.0	1.0	1	1953	205.7	411.8	0.3	5.12	1
767.98	0	5.1	0.0	0.0	0.0	0.0	1.0	1	1953	205.7	411.8	0.3	5.13	1
768.08	0	5.1	0.0	0.0	0.0	0.0	1.0	1	1953	205.7	411.8	0.3	5.13	1
768.18	0	5.1	0.0	0.0	0.0	0.0	1.0	1	1953	205.7	411.8	0.3	5.13	1
768.28	0	5.1	0.0	0.0	0.0	0.0	1.0	1	1953	205.7	411.8	0.3	5.13	1
768.38	0	5.1	0.0	0.0	0.0	0.0	1.0	1	1953	205.7	411.8	0.3	5.14	1
768.48	0	5.1	0.0	0.0	0.0	0.0	1.0	1	1953	205.7	411.8	0.3	5.14	1
768.57	0	5.1	0.0	0.0	0.0	0.0	1.0	1	1953	205.7	411.8	0.3	5.14	1
768.67	0	5.1	0.0	0.0	0.0	0.0	1.0	1	1953	205.7	411.8	0.3	5.14	1
768.77	0	5.1	0.0	0.0	0.0	0.0	1.0	1	1953	205.7	411.8	0.3	5.15	1
768.87	0	5.1	0.0	0.0	0.0	0.0	1.0	1	1953	205.7	411.8	0.3	5.15	1
769.01	0	5.2	0.0	0.0	0.0	0.0	1.0	1	1953	205.7	411.8	0.3	5.15	1
769.09	0	5.2	0.0	0.0	0.0	0.0	1.0	1	1953	205.7	411.8	0.3	5.15	1
769.19	0	5.2	0.0	0.0	0.0	0.0	1.0	1	1953	205.7	411.8	0.3	5.16	1
769.29	0	5.2	0.0	0.0	0.0	0.0	1.0	1	1953	205.7	411.8	0.3	5.16	1
769.39	0	5.2	0.0	0.0	0.0	0.0	1.0	1	1953	205.7	411.8	0.3	5.16	1
769.49	0	5.2	0.0	0.0	0.0	0.0	1.0	1	1953	205.7	411.8	0.3	5.16	1
769.59	0	5.2	0.0	0.0	0.0	0.0	1.0	1	1953	205.7	411.8	0.3	5.16	1
769.69	0	5.2	0.0	0.0	0.0	0.0	1.0	1	1953	205.7	411.8	0.3	5.17	1
769.79	0	5.2	0.0	0.0	0.0	0.0	1.0	1	1953	205.7	411.8	0.3	5.17	1
769.89	0	5.2	0.0	0.0	0.0	0.0	1.0	1	1953	205.7	411.8	0.3	5.17	1
769.99	0	5.2	0.0	0.0	0.0	0.0	1.0	1	1953	205.7	411.8	0.3	5.17	1
770.09	0	5.2	0.0	0.0	0.0	0.0	1.0	1	1953	205.7	411.8	0.3	5.18	1
770.19	0	5.2	0.0	0.0	0.0	0.0	1.0	1	1953	205.7	411.8	0.3	5.18	1
770.29	0	5.2	0.0	0.0	0.0	0.0	1.0	1	1953	205.7	411.8	0.3	5.18	1
770.39	0	5.2	0.0	0.0	0.0	0.0	1.0	1	1953	205.7	411.8	0.3	5.18	1
770.49	0	5.2	0.0	0.0	0.0	0.0	1.0	1	1953	205.7	411.8	0.3	5.19	1
770.59	0	5.2	0.0	0.0	0.0	0.0	1.0	1	1953	205.7	411.8	0.3	5.19	1
770.69	0	5.2	0.0	0.0	0.0	0.0	1.0	1	1953	205.7	411.8	0.3	5.19	1
770.79	0	5.2	0.0	0.0	0.0	0.0	1.0	1	1953	205.7	411.8	0.3	5.19	1
770.89	0	5.2	0.0	0.0	0.0	0.0	1.0	1	1953	205.7	411.8	0.3	5.2	1
770.99	0	5.2	0.0	0.0	0.0	0.0	1.0	1	1953	205.7	411.8	0.3	5.2	1
771.09	0	5.2	0.0	0.0	0.0	0.0	1.0	1	1953	205.7	411.8	0.3	5.2	1
771.19	0	5.2	0.0	0.0	0.0	0.0	1.0	1	1953	205.7	411.8	0.3	5.2	1
771.29	0	5.2	0.0	0.0	0.0	0.0	1.0	1	1953	205.7	411.8	0.3	5.2	1
771.39	0	5.2	0.0	0.0	0.0	0.0	1.0	1	1953	205.7	411.8	0.3	5.21	1
771.49	0	5.2	0.0	0.0	0.0	0.0	1.0	1	1953	205.7	411.8	0.3	5.21	1
771.59	0	5.2	0.0	0.0	0.0	0.0	1.0	1	1953	205.7	411.8	0.3	5.21	1
771.69	0	5.2	0.0	0.0	0.0	0.0	1.0	1	1953	205.7	411.8	0.3	5.21	1
771.79	0	5.2	0.0	0.0	0.0	0.0	1.0	1	1953	205.7	411.8	0.3	5.22	1
771.89	0	5.2	0.0	0.0	0.0	0.0	1.0	1	1953	205.7	411.8	0.3	5.22	1
771.99	0	5.2	0.0	0.0	0.0	0.0	1.0	1	1953	205.7	411.8	0.3	5.22	1
772.09	0	5.2	0.0	0.0	0.0	0.0	1.0	1	1953	205.7	411.8	0.3	5.22	1
772.19	0	5.2	0.0	0.0	0.0	0.0	1.0	1	1953	205.7	411.8	0.3	5.23	1
772.29	0	5.2	0.0	0.0	0.0	0.0	1.0	1	1953	205.7	411.8	0.3	5.23	1
772.39	0	5.2	0.0	0.0	0.0	0.0	1.0	1	1953	205.7	411.8	0.3	5.23	1
772.49	0	5.2	0.0	0.0	0.0	0.0	1.0	1	1953	205.7	411.8	0.3	5.23	1
772.59	0	5.2	0.0	0.0	0.0	0.0	1.0	1	1953	205.7	411.8	0.3	5.24	1
772.69	0	5.2	0.0	0.0	0.0	0.0	1.0	1	1953	205.7	411.8	0.3	5.24	1
772.79	0	5.2	0.0	0.0	0.0	0.0	1.0	1	1953	205.7	411.8	0.3	5.24	1
772.89	0	5.2	0.0	0.0	0.0	0.0	1.0	1	1953	205.7	411.8	0.3	5.24	1
772.99	0	5.2	0.0	0.0	0.0	0.0	1.0	1	1953	205.7	411.8	0.3	5.25	1
773.09	0	5.2	0.0	0.0	0.0	0.0	1.0	1	1953	205.7	411.8	0.3	5.25	1
773.19	0	5.2	0.0	0.0	0.0	0.0	1.0	1	1953	205.7	411.8	0.3	5.25	1
773.29	0	5.3	0.0	0.0	0.0	0.0	1.0	1	1953	205.7	411.8	0.3	5.25	1
773.39	0	5.3	0.0	0.0	0.0	0.0	1.0	1	1953	205.7	411.8	0.3	5.25	1
773.49	0	5.3	0.0	0.0	0.0	0.0	1.0	1	1953	205.7	411.8	0.3	5.26	1
773.59	0	5.3	0.0	0.0	0.0	0.0	1.0	1	1953	205.7	411.8	0.3	5.26	1
773.69	0	5.3	0.0	0.0	0.0	0.0	1.0	1	1953	205.7	411.8	0.3	5.26	1
773.79	0	5.3	0.0	0.0	0.0	0.0	1.0	1	1953	205.7	411.8	0.3	5.26	1
773.89	0	5.3	0.0	0.0	0.0	0.0	1.0	1	1953	205.7	411.8	0.3	5.27	1
773.99	0	5.3	0.0	0.0	0.0	0.0	1.0	1	1953	205.7	411.8	0.3	5.27	1
774.09	0	5.3	0.0	0.0	0.0	0.0	1.0	1	1953	205.7	411.8	0.3	5.27	1
774.19	0	5.3	0.0	0.0	0.0	0.0	1.0	1	1953	205.7	411.8	0.3	5.27	1
774.29	0	5.3	0.0	0.0	0.0	0.0	1.0	1	1953	205.7	411.8	0.3	5.28	1
774.39	0	5.3	0.0	0.0	0.0	0.0	1.0	1	1953	205.7	411.8	0.3	5.28	1
774.49	0	5.3	0.0	0.0	0.0	0.0	1.0	1	1953	205.7	411.8	0.3	5.28	1
774.59	0	5.3	0.0	0.0	0.0	0.0	1.0	1	1953	205.7	411.8	0.3	5.28	1
774.69	0	5.3	0.0	0.0	0.0	0.0	1.0	1	1953	205.7	411.8	0.3	5.29	1
774.79	0	5.3	0.0	0.0	0.0	0.0	1.0	1	1953	205.7	411.8	0.3	5.29	1
774.89	0	5.3	0.0	0.0	0.0	0.0	1.0	1	1953	205.7	411.8	0.3	5.29	1
774.99	0	5.3	0.0	0.0	0.0	0.0	1.0	1	1953	205.7	411.8	0.3	5.29	1
775.09	0	5.3	0.0	0.0	0.0	0.0	1.0	1	1953	205.7	411.8	0.3	5.29	1
775.19	0	5.3	0.0	0.0	0.0	0.0	1.0	1	1953	205.7	411.8	0.3	5.3	1
775.29	0	5.3	0.0	0.0	0.0	0.0	1.0	1	1953	205.7	411.8	0.3	5.3	1
775.39	0	5.3	0.0	0.0	0.0	0.0	1.0	1	1953	205.7	411.8	0.3	5.3	1
775.49	0	5.3	0.0	0.0	0.0	0.0	1.0	1	1953	205.7	411.8	0.3	5.3	1
775.59	0	5.3	0.0	0.0	0.0	0.0	1.0	1	1953	205.7	411.8	0.3	5.31	1
775.69	0	5.3	0.0	0.0	0.0	0.0	1.0	1	1953	205.7	411.8	0.3	5.31	1
775.79	0	5.3	0.0	0.0	0.0	0.0	1.0	1	1953	205.7	411.8	0.3	5.31	1
775.89	0	5.3	0.0	0.0	0.0	0.0	1.0	1	1953	205.7	411.8	0.3	5.31	1
775.99	0	5.3	0.0	0.0	0.0	0.0	1.0	1	1953	205.7	411.8	0.3	5.32	1
776.09	0	5.3	0.0	0.0	0.0	0.0	1.0	1	1953	205.7	411.8	0.3	5.32	1
776.19	0	5.3	0.0	0.0	0.0	0.0	1.0	1	1953	205.7	411.8	0.3	5.32	1
776.29	0	5.3	0.0	0.0	0.0	0.0	1.0	1	1953	205.7	411.8	0.3	5.32	1
776.39	0	5.3	0.0	0.0	0.0	0.0	1.0	1	1953	205.7	411.8	0.3	5.33	1
776.49	0	5.3	0.0	0.0	0.0	0.0	1.0	1	1953	205.7	411.8	0.3	5.33	1
776.59	0	5.3	0.0	0.0	0.0	0.0	1.0	1	1953	205.7	411.8	0.3	5.33	1
776.69	0	5.3	0.0	0.0	0.0	0.0	1.0	1	1953	205.7	411.8	0.3	5.33	1
776.83	0	5.3	0.0	0.0	0.0	0.0	1.0	1	1953	205.7	411.8	0.3	5.34	1
776.93	0	5.3	0.0	0.0	0.0	0.0	1.0	1	1953	205.7	411.8	0.3	5.34	1
777.03	0	5.3	0.0	0.0	0.0	0.0	1.0	1	1953	205.7	411.8	0.3	5.34	1
777.14	0	5.3	0.0	0.0	0.0	0.0	1.0	1	1953	205.7	411.8	0.3	5.34	1
777.24	0	5.3	0.0	0.0	0.0	0.0	1.0	1	1953	205.7	411.8	0.3	5.35	1
777.34	0	5.3	0.0	0.0	0.0	0.0	1.0	1	1953	205.7	411.8	0.3	5.35	1
777.44	0	5.4	0.0	0.0	0.0	0.0	1.0	1	1953	205.7	411.8	0.3	5.35	1
777.54	0	5.4	0.0	0.0	0.0	0.0	1.0	1	1953	205.7	411.8	0.3	5.35	1
777.64	0	5.4	0.0	0.0	0.0	0.0	1.0	1	1953	205.7	411.8	0.3	5.36	1
777.74	0	5.4	0.0	0.0	0.0	0.0	1.0	1	1953	205.7	411.8	0.3	5.36	1
777.84	0	5.4	0.0	0.0	0.0	0.0	1.0	1	1953	205.7	411.8	0.3	5.36	1
777.94	0	5.4	0.0	0.0	0.0	0.0	1.0	1	1953	205.7	411.8	0.3	5.36	1
778.04	0	5.4	0.0	0.0	0.0	0.0	1.0	1	1953	205.7	411.8	0.3	5.36	1
778.14	0	5.4	0.0	0.0	0.0	0.0	1.0	1	1953	205.7	411.8	0.3	5.37	1
778.24	0	5.4	0.0	0.0	0.0	0.0	1.0	1	1953	205.7	411.8	0.3	5.37	1
778.34	0	5.4	0.0	0.0	0.0	0.0	1.0	1	1953	205.7	411.8	0.3	5.37	1
778.44	0	5.4	0.0	0.0	0.0	0.0	1.0	1	1953	205.7	411.8	0.3	5.37	1
778.54	0	5.4	0.0	0.0	0.0	0.0	1.0	1	1953	205.7	411.8	0.3	5.38	1
778.64	0	5.4	0.0	0.0	0.0	0.0	1.0	1	1953	205.7	411.8	0.3	5.38	1
778.74	0	5.4	0.0	0.0	0.0	0.0	1.0	1	1953	205.7	411.8	0.3	5.38	1
778.84	0	5.4	0.0	0.0	0.0	0.0	1.0	1	1953	205.7	411.8	0.3	5.38	1
778.94	0	5.4	0.0	0.0	0.0	0.0	1.0	1	1953	205.7	411.8	0.3	5.39	1
779.04	0	5.4	0.0	0.0	0.0	0.0	1.0	1	1953	205.7	411.8	0.3	5.39	1
779.14	0	5.4	0.0	0.0	0.0	0.0	1.0	1	1953	205.7	411.8	0.3	5.39	1
779.24	0	5.4	0.0	0.0	0.0	0.0	1.0	1	1953	205.7	411.8	0.3	5.39	1
779.34	0	5.4	0.0	0.0	0.0	0.0	1.0	1	1953	205.7	411.8	0.3	5.4	1
779.44	0	5.4	0.0	0.0	0.0	0.0	1.0	1	1953	205.7	411.8	0.3	5.4	1
779.54	0	5.4	0.0	0.0	0.0	0.0	1.0	1	1953	205.7	411.8	0.3	5.4	1
779.64	0	5.4	0.0	0.0	0.0	0.0	1.0	1	1953	205.7	411.8	0.3	5.4	1
779.74	0	5.4	0.0	0.0	0.0	0.0	1.0	1	1953	205.7	411.8	0.3	5.41	1
779.84	0	5.4	0.0	0.0	0.0	0.0	1.0	1	1953	205.7	411.8	0.3	5.41	1
779.94	0	5.4	0.0	0.0	0.0	0.0	1.0	1	1953	205.7	411.8	0.3	5.41	1
780.04	0	5.4	0.0	0.0	0.0	0.0	1.0	1	1953	205.7	411.8	0.3	5.41	1
780.14	0	5.4	0.0	0.0	0.0	0.0	1.0	1	1953	205.7	411.8	0.3	5.42	1
780.24	0	5.4	0.0	0.0	0.0	0.0	1.0	1	1953	205.7	411.8	0.3	5.42	1
780.34	0	5.4	0.0	0.0	0.0	0.0	1.0	1	1953	205.7	411.8	0.3	5.42	1
780.44	0	5.4	0.0	0.0	0.0	0.0	1.0	1	1953	205.7	411.8	0.3	5.42	1
780.54	0	5.4	0.0	0.0	0.0	0.0	1.0	1	1953	205.7	411.8	0.3	5.42	1
780.64	0	5.4	0.0	0.0	0.0	0.0	1.0	1	1953	205.7	411.8	0.3	5.43	1
780.74	0	5.4	0.0	0.0	0.0	0.0	1.0	1	1953	205.7	411.8	0.3	5.43	1
780.84	0	5.4	0.0	0.0	0.0	0.0	1.0	1	1953	205.7	411.8	0.3	5.43	1
780.94	0	5.4	0.0	0.0	0.0	0.0	1.0	1	1953	205.7	411.8	0.3	5.43	1
781.04	0	5.4	0.0	0.0	0.0	0.0	1.0	1	1953	205.7	411.8	0.3	5.44	1
781.14	0	5.4	0.0	0.0	0.0	0.0	1.0	1	1953	205.7	411.8	0.3	5.44	1
781.24	0	5.4	0.0	0.0	0.0	0.0	1.0	1	1953	205.7	411.8	0.3	5.44	1
781.34	0	5.4	0.0	0.0	0.0	0.0	1.0	1	1953	205.7	411.8	0.3	5.44	1
781.44	0	5.4	0.0	0.0	0.0	0.0	1.0	1	1953	205.7	411.8	0.3	5.45	1
781.54	0	5.4	0.0	0.0	0.0	0.0	1.0	1	1953	205.7	411.8	0.3	5.45	1
781.64	0	5.5	0.0	0.0	0.0	0.0	1.0	1	1953	205.7	411.8	0.3	5.45	1
781.74	0	5.5	0.0	0.0	0.0	0.0	1.0	1	1953	205.7	411.8	0.3	5.45	1
781.84	0	5.5	0.0	0.0	0.0	0.0	1.0	1	1953	205.7	411.8	0.3	5.46	1
781.94	0	5.5	0.0	0.0	0.0	0.0	1.0	1	1953	205.7	411.8	0.3	5.46	1
782.04	0	5.5	0.0	0.0	0.0	0.0	1.0	1	1953	205.7	411.8	0.3	5.46	1
782.14	0	5.5	0.0	0.0	0.0	0.0	1.0	1	1953	205.7	411.8	0.3	5.46	1
782.24	0	5.5	0.0	0.0	0.0	0.0	1.0	1	1953	205.7	411.8	0.3	5.47	1
782.34	0	5.5	0.0	0.0	0.0	0.0	1.0	1	1953	205.7	411.8	0.3	5.47	1
782.44	0	5.5	0.0	0.0	0.0	0.0	1.0	1	1953	205.7	411.8	0.3	5.47	1
782.54	0	5.5	0.0	0.0	0.0	0.0	1.0	1	1953	205.7	411.8	0.3	5.47	1
782.64	0	5.5	0.0	0.0	0.0	0.0	1.0	1	1953	205.7	411.8	0.3	5.47	1
782.74	0	5.5	0.0	0.0	0.0	0.0	1.0	1	1953	205.7	411.8	0.3	5.48	1
782.84	0	5.5	0.0	0.0	0.0	0.0	1.0	1	1953	205.7	411.8	0.3	5.48	1
782.94	0	5.5	0.0	0.0	0.0	0.0	1.0	1	1953	205.7	411.8	0.3	5.48	1
783.04	0	5.5	0.0	0.0	0.0	0.0	1.0	1	1953	205.7	411.8	0.3	5.48	1
783.14	0	5.5	0.0	0.0	0.0	0.0	1.0	1	1953	205.7	411.8	0.3	5.49	1
783.24	0	5.5	0.0	0.0	0.0	0.0	1.0	1	1953	205.7	411.8	0.3	5.49	1
783.34	0	5.5	0.0	0.0	0.0	0.0	1.0	1	1953	205.7	411.8	0.3	5.49	1
783.44	0	5.5	0.0	0.0	0.0	0.0	1.0	1	1953	205.7	411.8	0.3	5.49	1
783.54	0	5.5	0.0	0.0	0.0	0.0	1.0	1	1953	205.7	411.8	0.3	5.5	1
783.64	0	5.5	0.0	0.0	0.0	0.0	1.0	1	1953	205.7	411.8	0.3	5.5	1
783.74	0	5.5	0.0	0.0	0.0	0.0	1.0	1	1953	205.7	411.8	0.3	5.5	1
783.84	0	5.5	0.0	0.0	0.0	0.0	1.0	1	1953	205.7	411.8	0.3	5.5	1
783.94	0	5.5	0.0	0.0	0.0	0.0	1.0	1	1953	205.7	411.8	0.3	5.51	1
784.04	0	5.5	0.0	0.0	0.0	0.0	1.0	1	1953	205.7	411.8	0.31	5.51	1
784.14	0	5.5	0.0	0.0	0.0	0.0	1.0	1	1953	205.7	411.8	0.31	5.51	1
784.24	0	5.5	0.0	0.0	0.0	0.0	1.0	1	1953	205.7	411.8	0.31	5.51	1
784.34	0	5.5	0.0	0.0	0.0	0.0	1.0	1	1953	205.7	411.8	0.31	5.52	1
784.44	0	5.5	0.0	0.0	0.0	0.0	1.0	1	1953	205.7	411.8	0.31	5.52	1
784.54	0	5.5	0.0	0.0	0.0	0.0	1.0	1	1953	205.7	411.8	0.31	5.52	1
784.64	0	5.5	0.0	0.0	0.0	0.0	1.0	1	1953	205.7	411.8	0.31	5.52	1
784.74	0	5.5	0.0	0.0	0.0	0.0	1.0	1	1953	205.7	411.8	0.31	5.53	1
784.84	0	5.5	0.0	0.0	0.0	0.0	1.0	1	1953	205.7	411.8	0.31	5.53	1
784.94	0	5.5	0.0	0.0	0.0	0.0	1.0	1	1953	205.7	411.8	0.31	5.53	1
785.04	0	5.5	0.0	0.0	0.0	0.0	1.0	1	1953	205.7	411.8	0.31	5.53	1
785.14	0	5.5	0.0	0.0	0.0	0.0	1.0	1	1953	205.7	411.8	0.31	5.54	1
785.26	0	5.5	0.0	0.0	0.0	0.0	1.0	1	1953	205.7	411.8	0.31	5.54	1
785.36	0	5.5	0.0	0.0	0.0	0.0	1.0	1	1953	205.7	411.8	0.31	5.54	1
785.46	0	5.5	0.0	0.0	0.0	0.0	1.0	1	1953	205.7	411.8	0.31	5.54	1
785.56	0	5.5	0.0	0.0	0.0	0.0	1.0	1	1953	205.7	411.8	0.31	5.55	1
785.66	0	5.5	0.0	0.0	0.0	0.0	1.0	1	1953	205.7	411.8	0.31	5.55	1
785.76	0	5.6	0.0	0.0	0.0	0.0	1.0	1	1953	205.7	411.8	0.31	5.55	1
785.86	0	5.6	0.0	0.0	0.0	0.0	1.0	1	1953	205.7	411.8	0.31	5.55	1
785.96	0	5.6	0.0	0.0	0.0	0.0	1.0	1	1953	205.7	411.8	0.31	5.55	1
786.06	0	5.6	0.0	0.0	0.0	0.0	1.0	1	1953	205.7	411.8	0.31	5.56	1
786.16	0	5.6	0.0	0.0	0.0	0.0	1.0	1	1953	205.7	411.8	0.31	5.56	1
786.26	0	5.6	0.0	0.0	0.0	0.0	1.0	1	1953	205.7	411.8	0.31	5.56	1
786.36	0	5.6	0.0	0.0	0.0	0.0	1.0	1	1953	205.7	411.8	0.31	5.56	1
786.46	0	5.6	0.0	0.0	0.0	0.0	1.0	1	1953	205.7	411.8	0.31	5.57	1
786.56	0	5.6	0.0	0.0	0.0	0.0	1.0	1	1953	205.7	411.8	0.31	5.57	1
786.66	0	5.6	0.0	0.0	0.0	0.0	1.0	1	1953	205.7	411.8	0.31	5.57	1
786.79	0	5.6	0.0	0.0	0.0	0.0	1.0	1	1953	205.7	411.8	0.31	5.58	1
786.89	0	5.6	0.0	0.0	0.0	0.0	1.0	1	1953	205.7	411.8	0.31	5.58	1
786.99	0	5.6	0.0	0.0	0.0	0.0	1.0	1	1953	205.7	411.8	0.31	5.58	1
787.09	0	5.6	0.0	0.0	0.0	0.0	1.0	1	1953	205.7	411.8	0.31	5.58	1
787.19	0	5.6	0.0	0.0	0.0	0.0	1.0	1	1953	205.7	411.8	0.31	5.58	1
787.29	0	5.6	0.0	0.0	0.0	0.0	1.0	1	1953	205.7	411.8	0.31	5.59	1
787.39	0	5.6	0.0	0.0	0.0	0.0	1.0	1	1953	205.7	411.8	0.31	5.59	1
787.49	0	5.6	0.0	0.0	0.0	0.0	1.0	1	1953	205.7	411.8	0.31	5.59	1
787.59	0	5.6	0.0	0.0	0.0	0.0	1.0	1	1953	205.7	411.8	0.31	5.59	1
787.69	0	5.6	0.0	0.0	0.0	0.0	1.0	1	1953	205.7	411.8	0.31	5.6	1
787.79	0	5.6	0.0	0.0	0.0	0.0	1.0	1	1953	205.7	411.8	0.31	5.6	1
787.89	0	5.6	0.0	0.0	0.0	0.0	1.0	1	1953	205.7	411.8	0.31	5.6	1
787.99	0	5.6	0.0	0.0	0.0	0.0	1.0	1	1953	205.7	411.8	0.31	5.6	1
788.09	0	5.6	0.0	0.0	0.0	0.0	1.0	1	1953	205.7	411.8	0.31	5.61	1
788.19	0	5.6	0.0	0.0	0.0	0.0	1.0	1	1953	205.7	411.8	0.31	5.61	1
788.29	0	5.6	0.0	0.0	0.0	0.0	1.0	1	1953	205.7	411.8	0.31	5.61	1
788.39	0	5.6	0.0	0.0	0.0	0.0	1.0	1	1953	205.7	411.8	0.31	5.61	1
788.49	0	5.6	0.0	0.0	0.0	0.0	1.0	1	1953	205.7	411.8	0.31	5.62	1
788.59	0	5.6	0.0	0.0	0.0	0.0	1.0	1	1953	205.7	411.8	0.31	5.62	1
788.69	0	5.6	0.0	0.0	0.0	0.0	1.0	1	1953	205.7	411.8	0.31	5.62	1
788.79	0	5.6	0.0	0.0	0.0	0.0	1.0	1	1953	205.7	411.8	0.31	5.62	1
788.89	0	5.6	0.0	0.0	0.0	0.0	1.0	1	1953	205.7	411.8	0.31	5.63	1
788.99	0	5.6	0.0	0.0	0.0	0.0	1.0	1	1953	205.7	411.8	0.31	5.63	1
789.09	0	5.6	0.0	0.0	0.0	0.0	1.0	1	1953	205.7	411.8	0.31	5.63	1
789.19	0	5.6	0.0	0.0	0.0	0.0	1.0	1	1953	205.7	411.8	0.31	5.63	1
789.29	0	5.6	0.0	0.0	0.0	0.0	1.0	1	1953	205.7	411.8	0.31	5.64	1
789.39	0	5.6	0.0	0.0	0.0	0.0	1.0	1	1953	205.7	411.8	0.31	5.64	1
789.49	0	5.6	0.0	0.0	0.0	0.0	1.0	1	1953	205.7	411.8	0.31	5.64	1
789.59	0	5.6	0.0	0.0	0.0	0.0	1.0	1	1953	205.7	411.8	0.31	5.64	1
789.69	0	5.6	0.0	0.0	0.0	0.0	1.0	1	1953	205.7	411.8	0.31	5.65	1
789.79	0	5.6	0.0	0.0	0.0	0.0	1.0	1	1953	205.7	411.8	0.31	5.65	1
789.89	0	5.7	0.0	0.0	0.0	0.0	1.0	1	1953	205.7	411.8	0.31	5.65	1
789.99	0	5.7	0.0	0.0	0.0	0.0	1.0	1	1953	205.7	411.8	0.31	5.65	1
790.09	0	5.7	0.0	0.0	0.0	0.0	1.0	1	1953	205.7	411.8	0.31	5.66	1
790.19	0	5.7	0.0	0.0	0.0	0.0	1.0	1	1953	205.7	411.8	0.31	5.66	1
790.29	0	5.7	0.0	0.0	0.0	0.0	1.0	1	1953	205.7	411.8	0.31	5.66	1
790.39	0	5.7	0.0	0.0	0.0	0.0	1.0	1	1953	205.7	411.8	0.31	5.66	1
790.49	0	5.7	0.0	0.0	0.0	0.0	1.0	1	1953	205.7	411.8	0.31	5.67	1
790.59	0	5.7	0.0	0.0	0.0	0.0	1.0	1	1953	205.7	411.8	0.31	5.67	1
790.69	0	5.7	0.0	0.0	0.0	0.0	1.0	1	1953	205.7	411.8	0.31	5.67	1
790.79	0	5.7	0.0	0.0	0.0	0.0	1.0	1	1953	205.7	411.8	0.31	5.67	1
790.89	0	5.7	0.0	0.0	0.0	0.0	1.0	1	1953	205.7	411.8	0.31	5.67	1
790.99	0	5.7	0.0	0.0	0.0	0.0	1.0	1	1953	205.7	411.8	0.31	5.68	1
791.09	0	5.7	0.0	0.0	0.0	0.0	1.0	1	1953	205.7	411.8	0.31	5.68	1
791.19	0	5.7	0.0	0.0	0.0	0.0	1.0	1	1953	205.7	411.8	0.31	5.68	1
791.29	0	5.7	0.0	0.0	0.0	0.0	1.0	1	1953	205.7	411.8	0.31	5.68	1
791.39	0	5.7	0.0	0.0	0.0	0.0	1.0	1	1953	205.7	411.8	0.31	5.69	1
791.49	0	5.7	0.0	0.0	0.0	0.0	1.0	1	1953	205.7	411.8	0.31	5.69	1
791.61	0	5.7	0.0	0.0	0.0	0.0	1.0	1	1953	205.7	411.8	0.31	5.69	1
791.71	0	5.7	0.0	0.0	0.0	0.0	1.0	1	1953	205.7	411.8	0.31	5.69	1
791.81	0	5.7	0.0	0.0	0.0	0.0	1.0	1	1953	205.7	411.8	0.31	5.7	1
791.91	0	5.7	0.0	0.0	0.0	0.0	1.0	1	1953	205.7	411.8	0.31	5.7	1
792.01	0	5.7	0.0	0.0	0.0	0.0	1.0	1	1953	205.7	411.8	0.31	5.7	1
792.11	0	5.7	0.0	0.0	0.0	0.0	1.0	1	1953	205.7	411.8	0.31	5.7	1
792.21	0	5.7	0.0	0.0	0.0	0.0	1.0	1	1953	205.7	411.8	0.31	5.71	1
792.31	0	5.7	0.0	0.0	0.0	0.0	1.0	1	1953	205.7	411.8	0.31	5.71	1
792.41	0	5.7	0.0	0.0	0.0	0.0	1.0	1	1953	205.7	411.8	0.31	5.71	1
792.51	0	5.7	0.0	0.0	0.0	0.0	1.0	1	1953	205.7	411.8	0.31	5.71	1
792.61	0	5.7	0.0	0.0	0.0	0.0	1.0	1	1953	205.7	411.8	0.31	5.72	1
792.71	0	5.7	0.0	0.0	0.0	0.0	1.0	1	1953	205.7	411.8	0.31	5.72	1
792.81	0	5.7	0.0	0.0	0.0	0.0	1.0	1	1953	205.7	411.8	0.31	5.72	1
792.91	0	5.7	0.0	0.0	0.0	0.0	1.0	1	1953	205.7	411.8	0.31	5.72	1
793.01	0	5.7	0.0	0.0	0.0	0.0	1.0	1	1953	205.7	411.8	0.31	5.73	1
793.11	0	5.7	0.0	0.0	0.0	0.0	1.0	1	1953	205.7	411.8	0.31	5.73	1
793.21	0	5.7	0.0	0.0	0.0	0.0	1.0	1	1953	205.7	411.8	0.31	5.73	1
793.31	0	5.7	0.0	0.0	0.0	0.0	1.0	1	1953	205.7	411.8	0.31	5.73	1
793.42	0	5.7	0.0	0.0	0.0	0.0	1.0	1	1953	205.7	411.8	0.31	5.74	1
793.52	0	5.7	0.0	0.0	0.0	0.0	1.0	1	1953	205.7	411.8	0.31	5.74	1
793.62	0	5.7	0.0	0.0	0.0	0.0	1.0	1	1953	205.7	411.8	0.31	5.74	1
793.72	0	5.7	0.0	0.0	0.0	0.0	1.0	1	1953	205.7	411.8	0.31	5.74	1
793.82	0	5.7	0.0	0.0	0.0	0.0	1.0	1	1953	205.7	411.8	0.31	5.75	1
793.92	0	5.7	0.0	0.0	0.0	0.0	1.0	1	1953	205.7	411.8	0.31	5.75	1
794.02	0	5.8	0.0	0.0	0.0	0.0	1.0	1	1953	205.7	411.8	0.31	5.75	1
794.12	0	5.8	0.0	0.0	0.0	0.0	1.0	1	1953	205.7	411.8	0.31	5.75	1
794.22	0	5.8	0.0	0.0	0.0	0.0	1.0	1	1953	205.7	411.8	0.31	5.76	1
794.32	0	5.8	0.0	0.0	0.0	0.0	1.0	1	1953	205.7	411.8	0.31	5.76	1
794.42	0	5.8	0.0	0.0	0.0	0.0	1.0	1	1953	205.7	411.8	0.31	5.76	1
794.52	0	5.8	0.0	0.0	0.0	0.0	1.0	1	1953	205.7	411.8	0.31	5.76	1
794.62	0	5.8	0.0	0.0	0.0	0.0	1.0	1	1953	205.7	411.8	0.31	5.77	1
794.72	0	5.8	0.0	0.0	0.0	0.0	1.0	1	1953	205.7	411.8	0.31	5.77	1
794.82	0	5.8	0.0	0.0	0.0	0.0	1.0	1	1953	205.7	411.8	0.31	5.77	1
794.92	0	5.8	0.0	0.0	0.0	0.0	1.0	1	1953	205.7	411.8	0.31	5.77	1
795.02	0	5.8	0.0	0.0	0.0	0.0	1.0	1	1953	205.7	411.8	0.31	5.78	1
795.12	0	5.8	0.0	0.0	0.0	0.0	1.0	1	1953	205.7	411.8	0.31	5.78	1
795.22	0	5.8	0.0	0.0	0.0	0.0	1.0	1	1953	205.7	411.8	0.31	5.78	1
795.32	0	5.8	0.0	0.0	0.0	0.0	1.0	1	1953	205.7	411.8	0.31	5.78	1
795.42	0	5.8	0.0	0.0	0.0	0.0	1.0	1	1953	205.7	411.8	0.31	5.79	1
795.52	0	5.8	0.0	0.0	0.0	0.0	1.0	1	1953	205.7	411.8	0.31	5.79	1
795.62	0	5.8	0.0	0.0	0.0	0.0	1.0	1	1953	205.7	411.8	0.31	5.79	1
795.72	0	5.8	0.0	0.0	0.0	0.0	1.0	1	1953	205.7	411.8	0.31	5.79	1
795.82	0	5.8	0.0	0.0	0.0	0.0	1.0	1	1953	205.7	411.8	0.31	5.8	1
795.92	0	5.8	0.0	0.0	0.0	0.0	1.0	1	1953	205.7	411.8	0.31	5.8	1
796.02	0	5.8	0.0	0.0	0.0	0.0	1.0	1	1953	205.7	411.8	0.31	5.8	1
796.12	0	5.8	0.0	0.0	0.0	0.0	1.0	1	1953	205.7	411.8	0.31	5.8	1
796.22	0	5.8	0.0	0.0	0.0	0.0	1.0	1	1953	205.7	411.8	0.31	5.81	1
796.32	0	5.8	0.0	0.0	0.0	0.0	1.0	1	1953	205.7	411.8	0.31	5.81	1
796.42	0	5.8	0.0	0.0	0.0	0.0	1.0	1	1953	205.7	411.8	0.31	5.81	1
796.52	0	5.8	0.0	0.0	0.0	0.0	1.0	1	1953	205.7	411.8	0.31	5.81	1
796.62	0	5.8	0.0	0.0	0.0	0.0	1.0	1	1953	205.7	411.8	0.31	5.82	1
796.76	0	5.8	0.0	0.0	0.0	0.0	1.0	1	1953	205.7	411.8	0.31	5.82	1
796.86	0	5.8	0.0	0.0	0.0	0.0	1.0	1	1953	205.7	411.8	0.31	5.82	1
796.96	0	5.8	0.0	0.0	0.0	0.0	1.0	1	1953	205.7	411.8	0.31	5.82	1
797.06	0	5.8	0.0	0.0	0.0	0.0	1.0	1	1953	205.7	411.8	0.31	5.83	1
797.16	0	5.8	0.0	0.0	0.0	0.0	1.0	1	1953	205.7	411.8	0.31	5.83	1
797.26	0	5.8	0.0	0.0	0.0	0.0	1.0	1	1953	205.7	411.8	0.31	5.83	1
797.36	0	5.8	0.0	0.0	0.0	0.0	1.0	1	1953	205.7	411.8	0.31	5.83	1
797.46	0	5.8	0.0	0.0	0.0	0.0	1.0	1	1953	205.7	411.8	0.31	5.84	1
797.56	0	5.8	0.0	0.0	0.0	0.0	1.0	1	1953	205.7	411.8	0.31	5.84	1
797.66	0	5.8	0.0	0.0	0.0	0.0	1.0	1	1953	205.7	411.8	0.31	5.84	1
797.76	0	5.8	0.0	0.0	0.0	0.0	1.0	1	1953	205.7	411.8	0.31	5.84	1
797.86	0	5.8	0.0	0.0	0.0	0.0	1.0	1	1953	205.7	411.8	0.31	5.85	1
797.96	0	5.8	0.0	0.0	0.0	0.0	1.0	1	1953	205.7	411.8	0.31	5.85	1
798.06	0	5.9	0.0	0.0	0.0	0.0	1.0	1	1953	205.7	411.8	0.31	5.85	1
798.16	0	5.9	0.0	0.0	0.0	0.0	1.0	1	1953	205.7	411.8	0.31	5.85	1
798.26	0	5.9	0.0	0.0	0.0	0.0	1.0	1	1953	205.7	411.8	0.31	5.86	1
798.36	0	5.9	0.0	0.0	0.0	0.0	1.0	1	1953	205.7	411.8	0.31	5.86	1
798.46	0	5.9	0.0	0.0	0.0	0.0	1.0	1	1953	205.7	411.8	0.31	5.86	1
798.56	0	5.9	0.0	0.0	0.0	0.0	1.0	1	1953	205.7	411.8	0.31	5.86	1
798.66	0	5.9	0.0	0.0	0.0	0.0	1.0	1	1953	205.7	411.8	0.31	5.87	1
798.76	0	5.9	0.0	0.0	0.0	0.0	1.0	1	1953	205.7	411.8	0.31	5.87	1
798.86	0	5.9	0.0	0.0	0.0	0.0	1.0	1	1953	205.7	411.8	0.31	5.87	1
798.96	0	5.9	0.0	0.0	0.0	0.0	1.0	1	1953	205.7	411.8	0.31	5.87	1
799.06	0	5.9	0.0	0.0	0.0	0.0	1.0	1	1953	205.7	411.8	0.31	5.88	1
799.16	0	5.9	0.0	0.0	0.0	0.0	1.0	1	1953	205.7	411.8	0.31	5.88	1
799.26	0	5.9	0.0	0.0	0.0	0.0	1.0	1	1953	205.7	411.8	0.31	5.88	1
799.36	0	5.9	0.0	0.0	0.0	0.0	1.0	1	1953	205.7	411.8	0.31	5.88	1
799.46	0	5.9	0.0	0.0	0.0	0.0	1.0	1	1953	205.7	411.8	0.31	5.89	1
799.56	0	5.9	0.0	0.0	0.0	0.0	1.0	1	1953	205.7	411.8	0.31	5.89	1
799.66	0	5.9	0.0	0.0	0.0	0.0	1.0	1	1953	205.7	411.8	0.31	5.89	1
799.76	0	5.9	0.0	0.0	0.0	0.0	1.0	1	1953	205.7	411.8	0.31	5.89	1
799.86	0	5.9	0.0	0.0	0.0	0.0	1.0	1	1953	205.7	411.8	0.31	5.9	1
799.96	0	5.9	0.0	0.0	0.0	0.0	1.0	1	1953	205.7	411.8	0.31	5.9	1
800.06	0	5.9	0.0	0.0	0.0	0.0	1.0	1	1953	205.7	411.8	0.31	5.9	1
800.16	0	5.9	0.0	0.0	0.0	0.0	1.0	1	1953	205.7	411.8	0.31	5.9	1
800.26	0	5.9	0.0	0.0	0.0	0.0	1.0	1	1953	205.7	411.8	0.31	5.91	1
800.36	0	5.9	0.0	0.0	0.0	0.0	1.0	1	1953	205.7	411.8	0.31	5.91	1
800.46	0	5.9	0.0	0.0	0.0	0.0	1.0	1	1953	205.7	411.8	0.31	5.91	1
800.56	0	5.9	0.0	0.0	0.0	0.0	1.0	1	1953	205.7	411.8	0.31	5.91	1
800.66	0	5.9	0.0	0.0	0.0	0.0	1.0	1	1953	205.7	411.8	0.31	5.92	1
800.76	0	5.9	0.0	0.0	0.0	0.0	1.0	1	1953	205.7	411.8	0.31	5.92	1
800.86	0	5.9	0.0	0.0	0.0	0.0	1.0	1	1953	205.7	411.8	0.31	5.92	1
800.96	0	5.9	0.0	0.0	0.0	0.0	1.0	1	1953	205.7	411.8	0.31	5.92	1
801.06	0	5.9	0.0	0.0	0.0	0.0	1.0	1	1953	205.7	411.8	0.31	5.92	1
801.16	0	5.9	0.0	0.0	0.0	0.0	1.0	1	1953	205.7	411.8	0.31	5.93	1
801.26	0	5.9	0.0	0.0	0.0	0.0	1.0	1	1953	205.7	411.8	0.31	5.93	1
801.36	0	5.9	0.0	0.0	0.0	0.0	1.0	1	1953	205.7	411.8	0.31	5.93	1
801.46	0	5.9	0.0	0.0	0.0	0.0	1.0	1	1953	205.7	411.8	0.31	5.93	1
801.57	0	5.9	0.0	0.0	0.0	0.0	1.0	1	1953	205.7	411.8	0.31	5.94	1
801.67	0	5.9	0.0	0.0	0.0	0.0	1.0	1	1953	205.7	411.8	0.31	5.94	1
801.77	0	5.9	0.0	0.0	0.0	0.0	1.0	1	1953	205.7	411.8	0.31	5.94	1
801.87	0	5.9	0.0	0.0	0.0	0.0	1.0	1	1953	205.7	411.8	0.31	5.95	1
801.97	0	5.9	0.0	0.0	0.0	0.0	1.0	1	1953	205.7	411.8	0.31	5.95	1
802.07	0	6.0	0.0	0.0	0.0	0.0	1.0	1	1953	205.7	411.8	0.31	5.95	1
802.17	0	6.0	0.0	0.0	0.0	0.0	1.0	1	1953	205.7	411.8	0.31	5.95	1
802.27	0	6.0	0.0	0.0	0.0	0.0	1.0	1	1953	205.7	411.8	0.31	5.96	1
802.37	0	6.0	0.0	0.0	0.0	0.0	1.0	1	1953	205.7	411.8	0.31	5.96	1
802.47	0	6.0	0.0	0.0	0.0	0.0	1.0	1	1953	205.7	411.8	0.31	5.96	1
802.57	0	6.0	0.0	0.0	0.0	0.0	1.0	1	1953	205.7	411.8	0.31	5.96	1
802.67	0	6.0	0.0	0.0	0.0	0.0	1.0	1	1953	205.7	411.8	0.31	5.97	1
802.77	0	6.0	0.0	0.0	0.0	0.0	1.0	1	1953	205.7	411.8	0.31	5.97	1
802.87	0	6.0	0.0	0.0	0.0	0.0	1.0	1	1953	205.7	411.8	0.31	5.97	1
802.97	0	6.0	0.0	0.0	0.0	0.0	1.0	1	1953	205.7	411.8	0.31	5.97	1
803.07	0	6.0	0.0	0.0	0.0	0.0	1.0	1	1953	205.7	411.8	0.31	5.98	1
803.17	0	6.0	0.0	0.0	0.0	0.0	1.0	1	1953	205.7	411.8	0.31	5.98	1
803.27	0	6.0	0.0	0.0	0.0	0.0	1.0	1	1953	205.7	411.8	0.31	5.98	1
803.37	0	6.0	0.0	0.0	0.0	0.0	1.0	1	1953	205.7	411.8	0.31	5.98	1
803.47	0	6.0	0.0	0.0	0.0	0.0	1.0	1	1953	205.7	411.8	0.31	5.99	1
803.57	0	6.0	0.0	0.0	0.0	0.0	1.0	1	1953	205.7	411.8	0.31	5.99	1
803.67	0	6.0	0.0	0.0	0.0	0.0	1.0	1	1953	205.7	411.8	0.31	5.99	1
803.77	0	6.0	0.0	0.0	0.0	0.0	1.0	1	1953	205.7	411.8	0.31	5.99	1
803.87	0	6.0	0.0	0.0	0.0	0.0	1.0	1	1953	205.7	411.8	0.31	6.0	1
803.97	0	6.0	0.0	0.0	0.0	0.0	1.0	1	1953	205.7	411.8	0.31	6.0	1
804.07	0	6.0	0.0	0.0	0.0	0.0	1.0	1	1953	205.7	411.8	0.31	6.0	1
804.17	0	6.0	0.0	0.0	0.0	0.0	1.0	1	1953	205.7	411.8	0.31	6.0	1
804.27	0	6.0	0.0	0.0	0.0	0.0	1.0	1	1953	205.7	411.8	0.31	6.01	1
804.37	0	6.0	0.0	0.0	0.0	0.0	1.0	1	1953	205.7	411.8	0.31	6.01	1
804.47	0	6.0	0.0	0.0	0.0	0.0	1.0	1	1953	205.7	411.8	0.31	6.01	1
804.57	0	6.0	0.0	0.0	0.0	0.0	1.0	1	1953	205.7	411.8	0.31	6.01	1
804.67	0	6.0	0.0	0.0	0.0	0.0	1.0	1	1953	205.7	411.8	0.31	6.02	1
804.77	0	6.0	0.0	0.0	0.0	0.0	1.0	1	1953	205.7	411.8	0.31	6.02	1
804.87	0	6.0	0.0	0.0	0.0	0.0	1.0	1	1953	205.7	411.8	0.31	6.02	1
804.97	0	6.0	0.0	0.0	0.0	0.0	1.0	1	1953	205.7	411.8	0.31	6.02	1
805.07	0	6.0	0.0	0.0	0.0	0.0	1.0	1	1953	205.7	411.8	0.31	6.03	1
805.17	0	6.0	0.0	0.0	0.0	0.0	1.0	1	1953	205.7	411.8	0.31	6.03	1
805.27	0	6.0	0.0	0.0	0.0	0.0	1.0	1	1953	205.7	411.8	0.31	6.03	1
805.37	0	6.0	0.0	0.0	0.0	0.0	1.0	1	1953	205.7	411.8	0.31	6.03	1
805.47	0	6.0	0.0	0.0	0.0	0.0	1.0	1	1953	205.7	411.8	0.31	6.04	1
805.57	0	6.0	0.0	0.0	0.0	0.0	1.0	1	1953	205.7	411.8	0.31	6.04	1
805.67	0	6.0	0.0	0.0	0.0	0.0	1.0	1	1953	205.7	411.8	0.31	6.04	1
805.77	0	6.0	0.0	0.0	0.0	0.0	1.0	1	1953	205.7	411.8	0.31	6.04	1
805.87	0	6.0	0.0	0.0	0.0	0.0	1.0	1	1953	205.7	411.8	0.31	6.05	1
805.97	0	6.0	0.0	0.0	0.0	0.0	1.0	1	1953	205.7	411.8	0.31	6.05	1
806.07	0	6.1	0.0	0.0	0.0	0.0	1.0	1	1953	205.7	411.8	0.31	6.05	1
806.17	0	6.1	0.0	0.0	0.0	0.0	1.0	1	1953	205.7	411.8	0.31	6.05	1
806.27	0	6.1	0.0	0.0	0.0	0.0	1.0	1	1953	205.7	411.8	0.31	6.06	1
806.37	0	6.1	0.0	0.0	0.0	0.0	1.0	1	1953	205.7	411.8	0.31	6.06	1
806.47	0	6.1	0.0	0.0	0.0	0.0	1.0	1	1953	205.7	411.8	0.31	6.06	1
806.57	0	6.1	0.0	0.0	0.0	0.0	1.0	1	1953	205.7	411.8	0.31	6.06	1
806.67	0	6.1	0.0	0.0	0.0	0.0	1.0	1	1953	205.7	411.8	0.31	6.07	1
806.81	0	6.1	0.0	0.0	0.0	0.0	1.0	1	1953	205.7	411.8	0.31	6.07	1
806.91	0	6.1	0.0	0.0	0.0	0.0	1.0	1	1953	205.7	411.8	0.31	6.07	1
807.01	0	6.1	0.0	0.0	0.0	0.0	1.0	1	1953	205.7	411.8	0.31	6.07	1
807.11	0	6.1	0.0	0.0	0.0	0.0	1.0	1	1953	205.7	411.8	0.31	6.08	1
807.21	0	6.1	0.0	0.0	0.0	0.0	1.0	1	1953	205.7	411.8	0.31	6.08	1
807.31	0	6.1	0.0	0.0	0.0	0.0	1.0	1	1953	205.7	411.8	0.31	6.08	1
807.41	0	6.1	0.0	0.0	0.0	0.0	1.0	1	1953	205.7	411.8	0.31	6.08	1
807.51	0	6.1	0.0	0.0	0.0	0.0	1.0	1	1953	205.7	411.8	0.31	6.09	1
807.61	0	6.1	0.0	0.0	0.0	0.0	1.0	1	1953	205.7	411.8	0.31	6.09	1
807.71	0	6.1	0.0	0.0	0.0	0.0	1.0	1	1953	205.7	411.8	0.31	6.09	1
807.81	0	6.1	0.0	0.0	0.0	0.0	1.0	1	1953	205.7	411.8	0.31	6.09	1
807.91	0	6.1	0.0	0.0	0.0	0.0	1.0	1	1953	205.7	411.8	0.31	6.1	1
808.01	0	6.1	0.0	0.0	0.0	0.0	1.0	1	1953	205.7	411.8	0.31	6.1	1
808.11	0	6.1	0.0	0.0	0.0	0.0	1.0	1	1953	205.7	411.8	0.31	6.1	1
808.21	0	6.1	0.0	0.0	0.0	0.0	1.0	1	1953	205.7	411.8	0.31	6.1	1
808.31	0	6.1	0.0	0.0	0.0	0.0	1.0	1	1953	205.7	411.8	0.31	6.11	1
808.41	0	6.1	0.0	0.0	0.0	0.0	1.0	1	1953	205.7	411.8	0.31	6.11	1
808.51	0	6.1	0.0	0.0	0.0	0.0	1.0	1	1953	205.7	411.8	0.31	6.11	1
808.61	0	6.1	0.0	0.0	0.0	0.0	1.0	1	1953	205.7	411.8	0.31	6.11	1
808.71	0	6.1	0.0	0.0	0.0	0.0	1.0	1	1953	205.7	411.8	0.31	6.12	1
808.81	0	6.1	0.0	0.0	0.0	0.0	1.0	1	1953	205.7	411.8	0.31	6.12	1
808.91	0	6.1	0.0	0.0	0.0	0.0	1.0	1	1953	205.7	411.8	0.31	6.12	1
809.01	0	6.1	0.0	0.0	0.0	0.0	1.0	1	1953	205.7	411.8	0.31	6.12	1
809.11	0	6.1	0.0	0.0	0.0	0.0	1.0	1	1953	205.7	411.8	0.31	6.13	1
809.21	0	6.1	0.0	0.0	0.0	0.0	1.0	1	1953	205.7	411.8	0.31	6.13	1
809.31	0	6.1	0.0	0.0	0.0	0.0	1.0	1	1953	205.7	411.8	0.31	6.13	1
809.41	0	6.1	0.0	0.0	0.0	0.0	1.0	1	1953	205.7	411.8	0.31	6.13	1
809.51	0	6.1	0.0	0.0	0.0	0.0	1.0	1	1953	205.7	411.8	0.31	6.14	1
809.64	0	6.1	0.0	0.0	0.0	0.0	1.0	1	1953	205.7	411.8	0.31	6.14	1
809.72	0	6.1	0.0	0.0	0.0	0.0	1.0	1	1953	205.7	411.8	0.31	6.14	1
809.82	0	6.1	0.0	0.0	0.0	0.0	1.0	1	1953	205.7	411.8	0.31	6.14	1
809.92	0	6.1	0.0	0.0	0.0	0.0	1.0	1	1953	205.7	411.8	0.32	6.15	1
810.02	0	6.1	0.0	0.0	0.0	0.0	1.0	1	1953	205.7	411.8	0.32	6.15	1
810.12	0	6.2	0.0	0.0	0.0	0.0	1.0	1	1953	205.7	411.8	0.32	6.15	1
810.22	0	6.2	0.0	0.0	0.0	0.0	1.0	1	1953	205.7	411.8	0.32	6.15	1
810.32	0	6.2	0.0	0.0	0.0	0.0	1.0	1	1953	205.7	411.8	0.32	6.16	1
810.42	0	6.2	0.0	0.0	0.0	0.0	1.0	1	1953	205.7	411.8	0.32	6.16	1
810.52	0	6.2	0.0	0.0	0.0	0.0	1.0	1	1953	205.7	411.8	0.32	6.16	1
810.62	0	6.2	0.0	0.0	0.0	0.0	1.0	1	1953	205.7	411.8	0.32	6.16	1
810.72	0	6.2	0.0	0.0	0.0	0.0	1.0	1	1953	205.7	411.8	0.32	6.17	1
810.82	0	6.2	0.0	0.0	0.0	0.0	1.0	1	1953	205.7	411.8	0.32	6.17	1
810.92	0	6.2	0.0	0.0	0.0	0.0	1.0	1	1953	205.7	411.8	0.32	6.17	1
811.02	0	6.2	0.0	0.0	0.0	0.0	1.0	1	1953	205.7	411.8	0.32	6.17	1
811.12	0	6.2	0.0	0.0	0.0	0.0	1.0	1	1953	205.7	411.8	0.32	6.18	1
811.22	0	6.2	0.0	0.0	0.0	0.0	1.0	1	1953	205.7	411.8	0.32	6.18	1
811.32	0	6.2	0.0	0.0	0.0	0.0	1.0	1	1953	205.7	411.8	0.32	6.18	1
811.42	0	6.2	0.0	0.0	0.0	0.0	1.0	1	1953	205.7	411.8	0.32	6.18	1
811.52	0	6.2	0.0	0.0	0.0	0.0	1.0	1	1953	205.7	411.8	0.32	6.19	1
811.62	0	6.2	0.0	0.0	0.0	0.0	1.0	1	1953	205.7	411.8	0.32	6.19	1
811.72	0	6.2	0.0	0.0	0.0	0.0	1.0	1	1953	205.7	411.8	0.32	6.19	1
811.82	0	6.2	0.0	0.0	0.0	0.0	1.0	1	1953	205.7	411.8	0.32	6.19	1
811.92	0	6.2	0.0	0.0	0.0	0.0	1.0	1	1953	205.7	411.8	0.32	6.2	1
812.02	0	6.2	0.0	0.0	0.0	0.0	1.0	1	1953	205.7	411.8	0.32	6.2	1
812.12	0	6.2	0.0	0.0	0.0	0.0	1.0	1	1953	205.7	411.8	0.32	6.2	1
812.22	0	6.2	0.0	0.0	0.0	0.0	1.0	1	1953	205.7	411.8	0.32	6.2	1
812.32	0	6.2	0.0	0.0	0.0	0.0	1.0	1	1953	205.7	411.8	0.32	6.21	1
812.42	0	6.2	0.0	0.0	0.0	0.0	1.0	1	1953	205.7	411.8	0.32	6.21	1
812.52	0	6.2	0.0	0.0	0.0	0.0	1.0	1	1953	205.7	411.8	0.32	6.21	1
812.62	0	6.2	0.0	0.0	0.0	0.0	1.0	1	1953	205.7	411.8	0.32	6.22	1
812.72	0	6.2	0.0	0.0	0.0	0.0	1.0	1	1953	205.7	411.8	0.32	6.22	1
812.82	0	6.2	0.0	0.0	0.0	0.0	1.0	1	1953	205.7	411.8	0.32	6.22	1
812.92	0	6.2	0.0	0.0	0.0	0.0	1.0	1	1953	205.7	411.8	0.32	6.22	1
813.02	0	6.2	0.0	0.0	0.0	0.0	1.0	1	1953	205.7	411.8	0.32	6.23	1
813.12	0	6.2	0.0	0.0	0.0	0.0	1.0	1	1953	205.7	411.8	0.32	6.23	1
813.22	0	6.2	0.0	0.0	0.0	0.0	1.0	1	1953	205.7	411.8	0.32	6.23	1
813.32	0	6.2	0.0	0.0	0.0	0.0	1.0	1	1953	205.7	411.8	0.32	6.23	1
813.42	0	6.2	0.0	0.0	0.0	0.0	1.0	1	1953	205.7	411.8	0.32	6.24	1
813.52	0	6.2	0.0	0.0	0.0	0.0	1.0	1	1953	205.7	411.8	0.32	6.24	1
813.62	0	6.2	0.0	0.0	0.0	0.0	1.0	1	1953	205.7	411.8	0.32	6.24	1
813.72	0	6.2	0.0	0.0	0.0	0.0	1.0	1	1953	205.7	411.8	0.32	6.24	1
813.82	0	6.2	0.0	0.0	0.0	0.0	1.0	1	1953	205.7	411.8	0.32	6.25	1
813.92	0	6.2	0.0	0.0	0.0	0.0	1.0	1	1953	205.7	411.8	0.32	6.25	1
814.02	0	6.3	0.0	0.0	0.0	0.0	1.0	1	1953	205.7	411.8	0.32	6.25	1
814.12	0	6.3	0.0	0.0	0.0	0.0	1.0	1	1953	205.7	411.8	0.32	6.25	1
814.22	0	6.3	0.0	0.0	0.0	0.0	1.0	1	1953	205.7	411.8	0.32	6.26	1
814.32	0	6.3	0.0	0.0	0.0	0.0	1.0	1	1953	205.7	411.8	0.32	6.26	1
814.42	0	6.3	0.0	0.0	0.0	0.0	1.0	1	1953	205.7	411.8	0.32	6.26	1
814.52	0	6.3	0.0	0.0	0.0	0.0	1.0	1	1953	205.7	411.8	0.32	6.26	1
814.62	0	6.3	0.0	0.0	0.0	0.0	1.0	1	1953	205.7	411.8	0.32	6.27	1
814.72	0	6.3	0.0	0.0	0.0	0.0	1.0	1	1953	205.7	411.8	0.32	6.27	1
814.82	0	6.3	0.0	0.0	0.0	0.0	1.0	1	1953	205.7	411.8	0.32	6.27	1
814.92	0	6.3	0.0	0.0	0.0	0.0	1.0	1	1953	205.7	411.8	0.32	6.27	1
815.02	0	6.3	0.0	0.0	0.0	0.0	1.0	1	1953	205.7	411.8	0.32	6.28	1
815.12	0	6.3	0.0	0.0	0.0	0.0	1.0	1	1953	205.7	411.8	0.32	6.28	1
815.22	0	6.3	0.0	0.0	0.0	0.0	1.0	1	1953	205.7	411.8	0.32	6.28	1
815.32	0	6.3	0.0	0.0	0.0	0.0	1.0	1	1953	205.7	411.8	0.32	6.28	1
815.42	0	6.3	0.0	0.0	0.0	0.0	1.0	1	1953	205.7	411.8	0.32	6.29	1
815.52	0	6.3	0.0	0.0	0.0	0.0	1.0	1	1953	205.7	411.8	0.32	6.29	1
815.62	0	6.3	0.0	0.0	0.0	0.0	1.0	1	1953	205.7	411.8	0.32	6.29	1
815.72	0	6.3	0.0	0.0	0.0	0.0	1.0	1	1953	205.7	411.8	0.32	6.29	1
815.82	0	6.3	0.0	0.0	0.0	0.0	1.0	1	1953	205.7	411.8	0.32	6.3	1
815.92	0	6.3	0.0	0.0	0.0	0.0	1.0	1	1953	205.7	411.8	0.32	6.3	1
816.02	0	6.3	0.0	0.0	0.0	0.0	1.0	1	1953	205.7	411.8	0.32	6.3	1
816.12	0	6.3	0.0	0.0	0.0	0.0	1.0	1	1953	205.7	411.8	0.32	6.3	1
816.22	0	6.3	0.0	0.0	0.0	0.0	1.0	1	1953	205.7	411.8	0.32	6.31	1
816.32	0	6.3	0.0	0.0	0.0	0.0	1.0	1	1953	205.7	411.8	0.32	6.31	1
816.42	0	6.3	0.0	0.0	0.0	0.0	1.0	1	1953	205.7	411.8	0.32	6.31	1
816.52	0	6.3	0.0	0.0	0.0	0.0	1.0	1	1953	205.7	411.8	0.32	6.31	1
816.62	0	6.3	0.0	0.0	0.0	0.0	1.0	1	1953	205.7	411.8	0.32	6.32	1
816.76	0	6.3	0.0	0.0	0.0	0.0	1.0	1	1953	205.7	411.8	0.32	6.32	1
816.86	0	6.3	0.0	0.0	0.0	0.0	1.0	1	1953	205.7	411.8	0.32	6.32	1
816.96	0	6.3	0.0	0.0	0.0	0.0	1.0	1	1953	205.7	411.8	0.32	6.33	1
817.06	0	6.3	0.0	0.0	0.0	0.0	1.0	1	1953	205.7	411.8	0.32	6.33	1
817.16	0	6.3	0.0	0.0	0.0	0.0	1.0	1	1953	205.7	411.8	0.32	6.33	1
817.26	0	6.3	0.0	0.0	0.0	0.0	1.0	1	1953	205.7	411.8	0.32	6.33	1
817.36	0	6.3	0.0	0.0	0.0	0.0	1.0	1	1953	205.7	411.8	0.32	6.34	1
817.46	0	6.3	0.0	0.0	0.0	0.0	1.0	1	1953	205.7	411.8	0.32	6.34	1
817.56	0	6.3	0.0	0.0	0.0	0.0	1.0	1	1953	205.7	411.8	0.32	6.34	1
817.66	0	6.3	0.0	0.0	0.0	0.0	1.0	1	1953	205.7	411.8	0.32	6.34	1
817.78	0	6.3	0.0	0.0	0.0	0.0	1.0	1	1953	205.7	411.8	0.32	6.35	1
817.87	0	6.3	0.0	0.0	0.0	0.0	1.0	1	1953	205.7	411.8	0.32	6.35	1
817.97	0	6.4	0.0	0.0	0.0	0.0	1.0	1	1953	205.7	411.8	0.32	6.35	1
818.07	0	6.4	0.0	0.0	0.0	0.0	1.0	1	1953	205.7	411.8	0.32	6.35	1
818.17	0	6.4	0.0	0.0	0.0	0.0	1.0	1	1953	205.7	411.8	0.32	6.36	1
818.27	0	6.4	0.0	0.0	0.0	0.0	1.0	1	1953	205.7	411.8	0.32	6.36	1
818.37	0	6.4	0.0	0.0	0.0	0.0	1.0	1	1953	205.7	411.8	0.32	6.36	1
818.47	0	6.4	0.0	0.0	0.0	0.0	1.0	1	1953	205.7	411.8	0.32	6.36	1
818.57	0	6.4	0.0	0.0	0.0	0.0	1.0	1	1953	205.7	411.8	0.32	6.37	1
818.67	0	6.4	0.0	0.0	0.0	0.0	1.0	1	1953	205.7	411.8	0.32	6.37	1
818.77	0	6.4	0.0	0.0	0.0	0.0	1.0	1	1953	205.7	411.8	0.32	6.37	1
818.87	0	6.4	0.0	0.0	0.0	0.0	1.0	1	1953	205.7	411.8	0.32	6.37	1
818.97	0	6.4	0.0	0.0	0.0	0.0	1.0	1	1953	205.7	411.8	0.32	6.38	1
819.07	0	6.4	0.0	0.0	0.0	0.0	1.0	1	1953	205.7	411.8	0.32	6.38	1
819.17	0	6.4	0.0	0.0	0.0	0.0	1.0	1	1953	205.7	411.8	0.32	6.38	1
819.27	0	6.4	0.0	0.0	0.0	0.0	1.0	1	1953	205.7	411.8	0.32	6.38	1
819.37	0	6.4	0.0	0.0	0.0	0.0	1.0	1	1953	205.7	411.8	0.32	6.39	1
819.47	0	6.4	0.0	0.0	0.0	0.0	1.0	1	1953	205.7	411.8	0.32	6.39	1
819.57	0	6.4	0.0	0.0	0.0	0.0	1.0	1	1953	205.7	411.8	0.32	6.39	1
819.67	0	6.4	0.0	0.0	0.0	0.0	1.0	1	1953	205.7	411.8	0.32	6.39	1
819.77	0	6.4	0.0	0.0	0.0	0.0	1.0	1	1953	205.7	411.8	0.32	6.4	1
819.87	0	6.4	0.0	0.0	0.0	0.0	1.0	1	1953	205.7	411.8	0.32	6.4	1
819.97	0	6.4	0.0	0.0	0.0	0.0	1.0	1	1953	205.7	411.8	0.32	6.4	1
820.07	0	6.4	0.0	0.0	0.0	0.0	1.0	1	1953	205.7	411.8	0.32	6.41	1
820.17	0	6.4	0.0	0.0	0.0	0.0	1.0	1	1953	205.7	411.8	0.32	6.41	1
820.27	0	6.4	0.0	0.0	0.0	0.0	1.0	1	1953	205.7	411.8	0.32	6.41	1
820.37	0	6.4	0.0	0.0	0.0	0.0	1.0	1	1953	205.7	411.8	0.32	6.41	1
820.47	0	6.4	0.0	0.0	0.0	0.0	1.0	1	1953	205.7	411.8	0.32	6.42	1
820.57	0	6.4	0.0	0.0	0.0	0.0	1.0	1	1953	205.7	411.8	0.32	6.42	1
820.67	0	6.4	0.0	0.0	0.0	0.0	1.0	1	1953	205.7	411.8	0.32	6.42	1
820.77	0	6.4	0.0	0.0	0.0	0.0	1.0	1	1953	205.7	411.8	0.32	6.42	1
820.87	0	6.4	0.0	0.0	0.0	0.0	1.0	1	1953	205.7	411.8	0.32	6.43	1
820.97	0	6.4	0.0	0.0	0.0	0.0	1.0	1	1953	205.7	411.8	0.32	6.43	1
821.07	0	6.4	0.0	0.0	0.0	0.0	1.0	1	1953	205.7	411.8	0.32	6.43	1
821.17	0	6.4	0.0	0.0	0.0	0.0	1.0	1	1953	205.7	411.8	0.32	6.43	1
821.27	0	6.4	0.0	0.0	0.0	0.0	1.0	1	1953	205.7	411.8	0.32	6.44	1
821.37	0	6.4	0.0	0.0	0.0	0.0	1.0	1	1953	205.7	411.8	0.32	6.44	1
821.47	0	6.4	0.0	0.0	0.0	0.0	1.0	1	1953	205.7	411.8	0.32	6.44	1
821.58	0	6.4	0.0	0.0	0.0	0.0	1.0	1	1953	205.7	411.8	0.32	6.44	1
821.67	0	6.4	0.0	0.0	0.0	0.0	1.0	1	1953	205.7	411.8	0.32	6.45	1
821.77	0	6.4	0.0	0.0	0.0	0.0	1.0	1	1953	205.7	411.8	0.32	6.45	1
821.87	0	6.5	0.0	0.0	0.0	0.0	1.0	1	1953	205.7	411.8	0.32	6.45	1
821.97	0	6.5	0.0	0.0	0.0	0.0	1.0	1	1953	205.7	411.8	0.32	6.45	1
822.07	0	6.5	0.0	0.0	0.0	0.0	1.0	1	1953	205.7	411.8	0.32	6.46	1
822.17	0	6.5	0.0	0.0	0.0	0.0	1.0	1	1953	205.7	411.8	0.32	6.46	1
822.27	0	6.5	0.0	0.0	0.0	0.0	1.0	1	1953	205.7	411.8	0.32	6.46	1
822.37	0	6.5	0.0	0.0	0.0	0.0	1.0	1	1953	205.7	411.8	0.32	6.46	1
822.47	0	6.5	0.0	0.0	0.0	0.0	1.0	1	1953	205.7	411.8	0.32	6.47	1
822.57	0	6.5	0.0	0.0	0.0	0.0	1.0	1	1953	205.7	411.8	0.32	6.47	1
822.67	0	6.5	0.0	0.0	0.0	0.0	1.0	1	1953	205.7	411.8	0.32	6.47	1
822.77	0	6.5	0.0	0.0	0.0	0.0	1.0	1	1953	205.7	411.8	0.32	6.47	1
822.87	0	6.5	0.0	0.0	0.0	0.0	1.0	1	1953	205.7	411.8	0.32	6.48	1
822.97	0	6.5	0.0	0.0	0.0	0.0	1.0	1	1953	205.7	411.8	0.32	6.48	1
823.07	0	6.5	0.0	0.0	0.0	0.0	1.0	1	1953	205.7	411.8	0.32	6.48	1
823.17	0	6.5	0.0	0.0	0.0	0.0	1.0	1	1953	205.7	411.8	0.32	6.48	1
823.27	0	6.5	0.0	0.0	0.0	0.0	1.0	1	1953	205.7	411.8	0.32	6.49	1
823.37	0	6.5	0.0	0.0	0.0	0.0	1.0	1	1953	205.7	411.8	0.32	6.49	1
823.47	0	6.5	0.0	0.0	0.0	0.0	1.0	1	1953	205.7	411.8	0.32	6.49	1
823.57	0	6.5	0.0	0.0	0.0	0.0	1.0	1	1953	205.7	411.8	0.32	6.5	1
823.67	0	6.5	0.0	0.0	0.0	0.0	1.0	1	1953	205.7	411.8	0.32	6.5	1
823.77	0	6.5	0.0	0.0	0.0	0.0	1.0	1	1953	205.7	411.8	0.32	6.5	1
823.87	0	6.5	0.0	0.0	0.0	0.0	1.0	1	1953	205.7	411.8	0.32	6.5	1
823.97	0	6.5	0.0	0.0	0.0	0.0	1.0	1	1953	205.7	411.8	0.32	6.51	1
824.09	0	6.5	0.0	0.0	0.0	0.0	1.0	1	1953	205.7	411.8	0.32	6.51	1
824.19	0	6.5	0.0	0.0	0.0	0.0	1.0	1	1953	205.7	411.8	0.32	6.51	1
824.29	0	6.5	0.0	0.0	0.0	0.0	1.0	1	1953	205.7	411.8	0.32	6.51	1
824.39	0	6.5	0.0	0.0	0.0	0.0	1.0	1	1953	205.7	411.8	0.32	6.52	1
824.49	0	6.5	0.0	0.0	0.0	0.0	1.0	1	1953	205.7	411.8	0.32	6.52	1
824.59	0	6.5	0.0	0.0	0.0	0.0	1.0	1	1953	205.7	411.8	0.32	6.52	1
824.69	0	6.5	0.0	0.0	0.0	0.0	1.0	1	1953	205.7	411.8	0.32	6.52	1
824.79	0	6.5	0.0	0.0	0.0	0.0	1.0	1	1953	205.7	411.8	0.32	6.53	1
824.89	0	6.5	0.0	0.0	0.0	0.0	1.0	1	1953	205.7	411.8	0.32	6.53	1
824.99	0	6.5	0.0	0.0	0.0	0.0	1.0	1	1953	205.7	411.8	0.32	6.53	1
825.09	0	6.5	0.0	0.0	0.0	0.0	1.0	1	1953	205.7	411.8	0.32	6.53	1
825.19	0	6.5	0.0	0.0	0.0	0.0	1.0	1	1953	205.7	411.8	0.32	6.54	1
825.29	0	6.5	0.0	0.0	0.0	0.0	1.0	1	1953	205.7	411.8	0.32	6.54	1
825.39	0	6.5	0.0	0.0	0.0	0.0	1.0	1	1953	205.7	411.8	0.32	6.54	1
825.49	0	6.5	0.0	0.0	0.0	0.0	1.0	1	1953	205.7	411.8	0.32	6.54	1
825.59	0	6.5	0.0	0.0	0.0	0.0	1.0	1	1953	205.7	411.8	0.32	6.55	1
825.69	0	6.5	0.0	0.0	0.0	0.0	1.0	1	1953	205.7	411.8	0.32	6.55	1
825.79	0	6.6	0.0	0.0	0.0	0.0	1.0	1	1953	205.7	411.8	0.32	6.55	1
825.9	0	6.6	0.0	0.0	0.0	0.0	1.0	1	1953	205.7	411.8	0.32	6.56	1
825.99	0	6.6	0.0	0.0	0.0	0.0	1.0	1	1953	205.7	411.8	0.32	6.56	1
826.09	0	6.6	0.0	0.0	0.0	0.0	1.0	1	1953	205.7	411.8	0.32	6.56	1
826.19	0	6.6	0.0	0.0	0.0	0.0	1.0	1	1953	205.7	411.8	0.32	6.56	1
826.29	0	6.6	0.0	0.0	0.0	0.0	1.0	1	1953	205.7	411.8	0.32	6.57	1
826.39	0	6.6	0.0	0.0	0.0	0.0	1.0	1	1953	205.7	411.8	0.32	6.57	1
826.49	0	6.6	0.0	0.0	0.0	0.0	1.0	1	1953	205.7	411.8	0.32	6.57	1
826.59	0	6.6	0.0	0.0	0.0	0.0	1.0	1	1953	205.7	411.8	0.32	6.57	1
826.69	0	6.6	0.0	0.0	0.0	0.0	1.0	1	1953	205.7	411.8	0.32	6.58	1
826.82	0	6.6	0.0	0.0	0.0	0.0	1.0	1	1953	205.7	411.8	0.32	6.58	1
826.92	0	6.6	0.0	0.0	0.0	0.0	1.0	1	1953	205.7	411.8	0.32	6.58	1
827.02	0	6.6	0.0	0.0	0.0	0.0	1.0	1	1953	205.7	411.8	0.32	6.58	1
827.12	0	6.6	0.0	0.0	0.0	0.0	1.0	1	1953	205.7	411.8	0.32	6.59	1
827.22	0	6.6	0.0	0.0	0.0	0.0	1.0	1	1953	205.7	411.8	0.32	6.59	1
827.32	0	6.6	0.0	0.0	0.0	0.0	1.0	1	1953	205.7	411.8	0.32	6.59	1
827.42	0	6.6	0.0	0.0	0.0	0.0	1.0	1	1953	205.7	411.8	0.32	6.59	1
827.52	0	6.6	0.0	0.0	0.0	0.0	1.0	1	1953	205.7	411.8	0.32	6.6	1
827.62	0	6.6	0.0	0.0	0.0	0.0	1.0	1	1953	205.7	411.8	0.32	6.6	1
827.72	0	6.6	0.0	0.0	0.0	0.0	1.0	1	1953	205.7	411.8	0.32	6.6	1
827.82	0	6.6	0.0	0.0	0.0	0.0	1.0	1	1953	205.7	411.8	0.32	6.61	1
827.92	0	6.6	0.0	0.0	0.0	0.0	1.0	1	1953	205.7	411.8	0.32	6.61	1
828.02	0	6.6	0.0	0.0	0.0	0.0	1.0	1	1953	205.7	411.8	0.32	6.61	1
828.12	0	6.6	0.0	0.0	0.0	0.0	1.0	1	1953	205.7	411.8	0.32	6.61	1
828.22	0	6.6	0.0	0.0	0.0	0.0	1.0	1	1953	205.7	411.8	0.32	6.62	1
828.32	0	6.6	0.0	0.0	0.0	0.0	1.0	1	1953	205.7	411.8	0.32	6.62	1
828.42	0	6.6	0.0	0.0	0.0	0.0	1.0	1	1953	205.7	411.8	0.32	6.62	1
828.52	0	6.6	0.0	0.0	0.0	0.0	1.0	1	1953	205.7	411.8	0.32	6.62	1
828.62	0	6.6	0.0	0.0	0.0	0.0	1.0	1	1953	205.7	411.8	0.32	6.63	1
828.72	0	6.6	0.0	0.0	0.0	0.0	1.0	1	1953	205.7	411.8	0.32	6.63	1
828.82	0	6.6	0.0	0.0	0.0	0.0	1.0	1	1953	205.7	411.8	0.32	6.63	1
828.92	0	6.6	0.0	0.0	0.0	0.0	1.0	1	1953	205.7	411.8	0.32	6.63	1
829.02	0	6.6	0.0	0.0	0.0	0.0	1.0	1	1953	205.7	411.8	0.32	6.64	1
829.12	0	6.6	0.0	0.0	0.0	0.0	1.0	1	1953	205.7	411.8	0.32	6.64	1
829.22	0	6.6	0.0	0.0	0.0	0.0	1.0	1	1953	205.7	411.8	0.32	6.64	1
829.32	0	6.6	0.0	0.0	0.0	0.0	1.0	1	1953	205.7	411.8	0.32	6.64	1
829.42	0	6.6	0.0	0.0	0.0	0.0	1.0	1	1953	205.7	411.8	0.32	6.65	1
829.53	0	6.6	0.0	0.0	0.0	0.0	1.0	1	1953	205.7	411.8	0.32	6.65	1
829.62	0	6.7	0.0	0.0	0.0	0.0	1.0	1	1953	205.7	411.8	0.32	6.65	1
829.72	0	6.7	0.0	0.0	0.0	0.0	1.0	1	1953	205.7	411.8	0.32	6.65	1
829.82	0	6.7	0.0	0.0	0.0	0.0	1.0	1	1953	205.7	411.8	0.32	6.66	1
829.92	0	6.7	0.0	0.0	0.0	0.0	1.0	1	1953	205.7	411.8	0.32	6.66	1
830.02	0	6.7	0.0	0.0	0.0	0.0	1.0	1	1953	205.7	411.8	0.32	6.66	1
830.12	0	6.7	0.0	0.0	0.0	0.0	1.0	1	1953	205.7	411.8	0.32	6.67	1
830.22	0	6.7	0.0	0.0	0.0	0.0	1.0	1	1953	205.7	411.8	0.32	6.67	1
830.32	0	6.7	0.0	0.0	0.0	0.0	1.0	1	1953	205.7	411.8	0.32	6.67	1
830.42	0	6.7	0.0	0.0	0.0	0.0	1.0	1	1953	205.7	411.8	0.32	6.67	1
830.52	0	6.7	0.0	0.0	0.0	0.0	1.0	1	1953	205.7	411.8	0.32	6.68	1
830.62	0	6.7	0.0	0.0	0.0	0.0	1.0	1	1953	205.7	411.8	0.32	6.68	1
830.72	0	6.7	0.0	0.0	0.0	0.0	1.0	1	1953	205.7	411.8	0.32	6.68	1
830.82	0	6.7	0.0	0.0	0.0	0.0	1.0	1	1953	205.7	411.8	0.32	6.68	1
830.92	0	6.7	0.0	0.0	0.0	0.0	1.0	1	1953	205.7	411.8	0.32	6.69	1
831.02	0	6.7	0.0	0.0	0.0	0.0	1.0	1	1953	205.7	411.8	0.32	6.69	1
831.12	0	6.7	0.0	0.0	0.0	0.0	1.0	1	1953	205.7	411.8	0.32	6.69	1
831.22	0	6.7	0.0	0.0	0.0	0.0	1.0	1	1953	205.7	411.8	0.32	6.69	1
831.32	0	6.7	0.0	0.0	0.0	0.0	1.0	1	1953	205.7	411.8	0.32	6.7	1
831.42	0	6.7	0.0	0.0	0.0	0.0	1.0	1	1953	205.7	411.8	0.32	6.7	1
831.52	0	6.7	0.0	0.0	0.0	0.0	1.0	1	1953	205.7	411.8	0.32	6.7	1
831.62	0	6.7	0.0	0.0	0.0	0.0	1.0	1	1953	205.7	411.8	0.32	6.7	1
831.72	0	6.7	0.0	0.0	0.0	0.0	1.0	1	1953	205.7	411.8	0.32	6.71	1
831.82	0	6.7	0.0	0.0	0.0	0.0	1.0	1	1953	205.7	411.8	0.32	6.71	1
831.92	0	6.7	0.0	0.0	0.0	0.0	1.0	1	1953	205.7	411.8	0.32	6.71	1
832.02	0	6.7	0.0	0.0	0.0	0.0	1.0	1	1953	205.7	411.8	0.32	6.71	1
832.12	0	6.7	0.0	0.0	0.0	0.0	1.0	1	1953	205.7	411.8	0.32	6.72	1
832.22	0	6.7	0.0	0.0	0.0	0.0	1.0	1	1953	205.7	411.8	0.32	6.72	1
832.32	0	6.7	0.0	0.0	0.0	0.0	1.0	1	1953	205.7	411.8	0.32	6.72	1
832.42	0	6.7	0.0	0.0	0.0	0.0	1.0	1	1953	205.7	411.8	0.32	6.73	1
832.52	0	6.7	0.0	0.0	0.0	0.0	1.0	1	1953	205.7	411.8	0.32	6.73	1
832.62	0	6.7	0.0	0.0	0.0	0.0	1.0	1	1953	205.7	411.8	0.32	6.73	1
832.72	0	6.7	0.0	0.0	0.0	0.0	1.0	1	1953	205.7	411.8	0.32	6.73	1
832.82	0	6.7	0.0	0.0	0.0	0.0	1.0	1	1953	205.7	411.8	0.32	6.74	1
832.92	0	6.7	0.0	0.0	0.0	0.0	1.0	1	1953	205.7	411.8	0.32	6.74	1
833.02	0	6.7	0.0	0.0	0.0	0.0	1.0	1	1953	205.7	411.8	0.32	6.74	1
833.12	0	6.7	0.0	0.0	0.0	0.0	1.0	1	1953	205.7	411.8	0.32	6.74	1
833.22	0	6.7	0.0	0.0	0.0	0.0	1.0	1	1953	205.7	411.8	0.32	6.75	1
833.32	0	6.7	0.0	0.0	0.0	0.0	1.0	1	1953	205.7	411.8	0.32	6.75	1
833.42	0	6.8	0.0	0.0	0.0	0.0	1.0	1	1953	205.7	411.8	0.32	6.75	1
833.52	0	6.8	0.0	0.0	0.0	0.0	1.0	1	1953	205.7	411.8	0.32	6.75	1
833.62	0	6.8	0.0	0.0	0.0	0.0	1.0	1	1953	205.7	411.8	0.32	6.76	1
833.72	0	6.8	0.0	0.0	0.0	0.0	1.0	1	1953	205.7	411.8	0.32	6.76	1
833.82	0	6.8	0.0	0.0	0.0	0.0	1.0	1	1953	205.7	411.8	0.32	6.76	1
833.92	0	6.8	0.0	0.0	0.0	0.0	1.0	1	1953	205.7	411.8	0.32	6.76	1
834.04	0	6.8	0.0	0.0	0.0	0.0	1.0	1	1953	205.7	411.8	0.32	6.77	1
834.14	0	6.8	0.0	0.0	0.0	0.0	1.0	1	1953	205.7	411.8	0.32	6.77	1
834.24	0	6.8	0.0	0.0	0.0	0.0	1.0	1	1953	205.7	411.8	0.32	6.77	1
834.34	0	6.8	0.0	0.0	0.0	0.0	1.0	1	1953	205.7	411.8	0.32	6.78	1
834.44	0	6.8	0.0	0.0	0.0	0.0	1.0	1	1953	205.7	411.8	0.32	6.78	1
834.54	0	6.8	0.0	0.0	0.0	0.0	1.0	1	1953	205.7	411.8	0.32	6.78	1
834.64	0	6.8	0.0	0.0	0.0	0.0	1.0	1	1953	205.7	411.8	0.32	6.78	1
834.74	0	6.8	0.0	0.0	0.0	0.0	1.0	1	1953	205.7	411.8	0.32	6.79	1
834.84	0	6.8	0.0	0.0	0.0	0.0	1.0	1	1953	205.7	411.8	0.32	6.79	1
834.94	0	6.8	0.0	0.0	0.0	0.0	1.0	1	1953	205.7	411.8	0.32	6.79	1
835.04	0	6.8	0.0	0.0	0.0	0.0	1.0	1	1953	205.7	411.8	0.32	6.79	1
835.14	0	6.8	0.0	0.0	0.0	0.0	1.0	1	1953	205.7	411.8	0.32	6.8	1
835.24	0	6.8	0.0	0.0	0.0	0.0	1.0	1	1953	205.7	411.8	0.32	6.8	1
835.34	0	6.8	0.0	0.0	0.0	0.0	1.0	1	1953	205.7	411.8	0.32	6.8	1
835.44	0	6.8	0.0	0.0	0.0	0.0	1.0	1	1953	205.7	411.8	0.32	6.8	1
835.54	0	6.8	0.0	0.0	0.0	0.0	1.0	1	1953	205.7	411.8	0.32	6.81	1
835.64	0	6.8	0.0	0.0	0.0	0.0	1.0	1	1953	205.7	411.8	0.32	6.81	1
835.74	0	6.8	0.0	0.0	0.0	0.0	1.0	1	1953	205.7	411.8	0.32	6.81	1
835.84	0	6.8	0.0	0.0	0.0	0.0	1.0	1	1953	205.7	411.8	0.33	6.81	1
835.94	0	6.8	0.0	0.0	0.0	0.0	1.0	1	1953	205.7	411.8	0.33	6.82	1
836.04	0	6.8	0.0	0.0	0.0	0.0	1.0	1	1953	205.7	411.8	0.33	6.82	1
836.14	0	6.8	0.0	0.0	0.0	0.0	1.0	1	1953	205.7	411.8	0.33	6.82	1
836.24	0	6.8	0.0	0.0	0.0	0.0	1.0	1	1953	205.7	411.8	0.33	6.83	1
836.34	0	6.8	0.0	0.0	0.0	0.0	1.0	1	1953	205.7	411.8	0.33	6.83	1
836.44	0	6.8	0.0	0.0	0.0	0.0	1.0	1	1953	205.7	411.8	0.33	6.83	1
836.54	0	6.8	0.0	0.0	0.0	0.0	1.0	1	1953	205.7	411.8	0.33	6.83	1
836.64	0	6.8	0.0	0.0	0.0	0.0	1.0	1	1953	205.7	411.8	0.33	6.84	1
836.77	0	6.8	0.0	0.0	0.0	0.0	1.0	1	1953	205.7	411.8	0.33	6.84	1
836.87	0	6.8	0.0	0.0	0.0	0.0	1.0	1	1953	205.7	411.8	0.33	6.84	1
836.97	0	6.8	0.0	0.0	0.0	0.0	1.0	1	1953	205.7	411.8	0.33	6.84	1
837.07	0	6.8	0.0	0.0	0.0	0.0	1.0	1	1953	205.7	411.8	0.33	6.85	1
837.17	0	6.9	0.0	0.0	0.0	0.0	1.0	1	1953	205.7	411.8	0.33	6.85	1
837.27	0	6.9	0.0	0.0	0.0	0.0	1.0	1	1953	205.7	411.8	0.33	6.85	1
837.37	0	6.9	0.0	0.0	0.0	0.0	1.0	1	1953	205.7	411.8	0.33	6.86	1
837.47	0	6.9	0.0	0.0	0.0	0.0	1.0	1	1953	205.7	411.8	0.33	6.86	1
837.57	0	6.9	0.0	0.0	0.0	0.0	1.0	1	1953	205.7	411.8	0.33	6.86	1
837.67	0	6.9	0.0	0.0	0.0	0.0	1.0	1	1953	205.7	411.8	0.33	6.86	1
837.77	0	6.9	0.0	0.0	0.0	0.0	1.0	1	1953	205.7	411.8	0.33	6.87	1
837.87	0	6.9	0.0	0.0	0.0	0.0	1.0	1	1953	205.7	411.8	0.33	6.87	1
837.97	0	6.9	0.0	0.0	0.0	0.0	1.0	1	1953	205.7	411.8	0.33	6.87	1
838.07	0	6.9	0.0	0.0	0.0	0.0	1.0	1	1953	205.7	411.8	0.33	6.87	1
838.17	0	6.9	0.0	0.0	0.0	0.0	1.0	1	1953	205.7	411.8	0.33	6.88	1
838.27	0	6.9	0.0	0.0	0.0	0.0	1.0	1	1953	205.7	411.8	0.33	6.88	1
838.37	0	6.9	0.0	0.0	0.0	0.0	1.0	1	1953	205.7	411.8	0.33	6.88	1
838.47	0	6.9	0.0	0.0	0.0	0.0	1.0	1	1953	205.7	411.8	0.33	6.88	1
838.57	0	6.9	0.0	0.0	0.0	0.0	1.0	1	1953	205.7	411.8	0.33	6.89	1
838.67	0	6.9	0.0	0.0	0.0	0.0	1.0	1	1953	205.7	411.8	0.33	6.89	1
838.77	0	6.9	0.0	0.0	0.0	0.0	1.0	1	1953	205.7	411.8	0.33	6.89	1
838.87	0	6.9	0.0	0.0	0.0	0.0	1.0	1	1953	205.7	411.8	0.33	6.89	1
838.97	0	6.9	0.0	0.0	0.0	0.0	1.0	1	1953	205.7	411.8	0.33	6.9	1
839.07	0	6.9	0.0	0.0	0.0	0.0	1.0	1	1953	205.7	411.8	0.33	6.9	1
839.17	0	6.9	0.0	0.0	0.0	0.0	1.0	1	1953	205.7	411.8	0.33	6.9	1
839.27	0	6.9	0.0	0.0	0.0	0.0	1.0	1	1953	205.7	411.8	0.33	6.91	1
839.37	0	6.9	0.0	0.0	0.0	0.0	1.0	1	1953	205.7	411.8	0.33	6.91	1
839.47	0	6.9	0.0	0.0	0.0	0.0	1.0	1	1953	205.7	411.8	0.33	6.91	1
839.57	0	6.9	0.0	0.0	0.0	0.0	1.0	1	1953	205.7	411.8	0.33	6.91	1
839.67	0	6.9	0.0	0.0	0.0	0.0	1.0	1	1953	205.7	411.8	0.33	6.92	1
839.77	0	6.9	0.0	0.0	0.0	0.0	1.0	1	1953	205.7	411.8	0.33	6.92	1
839.87	0	6.9	0.0	0.0	0.0	0.0	1.0	1	1953	205.7	411.8	0.33	6.92	1
839.97	0	6.9	0.0	0.0	0.0	0.0	1.0	1	1953	205.7	411.8	0.33	6.92	1
840.07	0	6.9	0.0	0.0	0.0	0.0	1.0	1	1953	205.7	411.8	0.33	6.93	1
840.17	0	6.9	0.0	0.0	0.0	0.0	1.0	1	1953	205.7	411.8	0.33	6.93	1
840.27	0	6.9	0.0	0.0	0.0	0.0	1.0	1	1953	205.7	411.8	0.33	6.93	1
840.37	0	6.9	0.0	0.0	0.0	0.0	1.0	1	1953	205.7	411.8	0.33	6.93	1
840.47	0	6.9	0.0	0.0	0.0	0.0	1.0	1	1953	205.7	411.8	0.33	6.94	1
840.57	0	6.9	0.0	0.0	0.0	0.0	1.0	1	1953	205.7	411.8	0.33	6.94	1
840.67	0	6.9	0.0	0.0	0.0	0.0	1.0	1	1953	205.7	411.8	0.33	6.94	1
840.77	0	6.9	0.0	0.0	0.0	0.0	1.0	1	1953	205.7	411.8	0.33	6.95	1
840.87	0	6.9	0.0	0.0	0.0	0.0	1.0	1	1953	205.7	411.8	0.33	6.95	1
840.97	0	7.0	0.0	0.0	0.0	0.0	1.0	1	1953	205.7	411.8	0.33	6.95	1
841.07	0	7.0	0.0	0.0	0.0	0.0	1.0	1	1953	205.7	411.8	0.33	6.95	1
841.17	0	7.0	0.0	0.0	0.0	0.0	1.0	1	1953	205.7	411.8	0.33	6.96	1
841.27	0	7.0	0.0	0.0	0.0	0.0	1.0	1	1953	205.7	411.8	0.33	6.96	1
841.37	0	7.0	0.0	0.0	0.0	0.0	1.0	1	1953	205.7	411.8	0.33	6.96	1
841.47	0	7.0	0.0	0.0	0.0	0.0	1.0	1	1953	205.7	411.8	0.33	6.96	1
841.57	0	7.0	0.0	0.0	0.0	0.0	1.0	1	1953	205.7	411.8	0.33	6.97	1
841.67	0	7.0	0.0	0.0	0.0	0.0	1.0	1	1953	205.7	411.8	0.33	6.97	1
841.77	0	7.0	0.0	0.0	0.0	0.0	1.0	1	1953	205.7	411.8	0.33	6.97	1
841.87	0	7.0	0.0	0.0	0.0	0.0	1.0	1	1953	205.7	411.8	0.33	6.97	1
841.97	0	7.0	0.0	0.0	0.0	0.0	1.0	1	1953	205.7	411.8	0.33	6.98	1
842.07	0	7.0	0.0	0.0	0.0	0.0	1.0	1	1953	205.7	411.8	0.33	6.98	1
842.19	0	7.0	0.0	0.0	0.0	0.0	1.0	1	1953	205.7	411.8	0.33	6.98	1
842.29	0	7.0	0.0	0.0	0.0	0.0	1.0	1	1953	205.7	411.8	0.33	6.99	1
842.39	0	7.0	0.0	0.0	0.0	0.0	1.0	1	1953	205.7	411.8	0.33	6.99	1
842.49	0	7.0	0.0	0.0	0.0	0.0	1.0	1	1953	205.7	411.8	0.33	6.99	1
842.59	0	7.0	0.0	0.0	0.0	0.0	1.0	1	1953	205.7	411.8	0.33	6.99	1
842.69	0	7.0	0.0	0.0	0.0	0.0	1.0	1	1953	205.7	411.8	0.33	7.0	1
842.79	0	7.0	0.0	0.0	0.0	0.0	1.0	1	1953	205.7	411.8	0.33	7.0	1
842.89	0	7.0	0.0	0.0	0.0	0.0	1.0	1	1953	205.7	411.8	0.33	7.0	1
842.99	0	7.0	0.0	0.0	0.0	0.0	1.0	1	1953	205.7	411.8	0.33	7.0	1
843.09	0	7.0	0.0	0.0	0.0	0.0	1.0	1	1953	205.7	411.8	0.33	7.01	1
843.19	0	7.0	0.0	0.0	0.0	0.0	1.0	1	1953	205.7	411.8	0.33	7.01	1
843.29	0	7.0	0.0	0.0	0.0	0.0	1.0	1	1953	205.7	411.8	0.33	7.01	1
843.39	0	7.0	0.0	0.0	0.0	0.0	1.0	1	1953	205.7	411.8	0.33	7.01	1
843.49	0	7.0	0.0	0.0	0.0	0.0	1.0	1	1953	205.7	411.8	0.33	7.02	1
843.59	0	7.0	0.0	0.0	0.0	0.0	1.0	1	1953	205.7	411.8	0.33	7.02	1
843.69	0	7.0	0.0	0.0	0.0	0.0	1.0	1	1953	205.7	411.8	0.33	7.02	1
843.79	0	7.0	0.0	0.0	0.0	0.0	1.0	1	1953	205.7	411.8	0.33	7.03	1
843.89	0	7.0	0.0	0.0	0.0	0.0	1.0	1	1953	205.7	411.8	0.33	7.03	1
843.99	0	7.0	0.0	0.0	0.0	0.0	1.0	1	1953	205.7	411.8	0.33	7.03	1
844.09	0	7.0	0.0	0.0	0.0	0.0	1.0	1	1953	205.7	411.8	0.33	7.03	1
844.19	0	7.0	0.0	0.0	0.0	0.0	1.0	1	1953	205.7	411.8	0.33	7.04	1
844.29	0	7.0	0.0	0.0	0.0	0.0	1.0	1	1953	205.7	411.8	0.33	7.04	1
844.39	0	7.0	0.0	0.0	0.0	0.0	1.0	1	1953	205.7	411.8	0.33	7.04	1
844.49	0	7.0	0.0	0.0	0.0	0.0	1.0	1	1953	205.7	411.8	0.33	7.04	1
844.59	0	7.0	0.0	0.0	0.0	0.0	1.0	1	1953	205.7	411.8	0.33	7.05	1
844.69	0	7.0	0.0	0.0	0.0	0.0	1.0	1	1953	205.7	411.8	0.33	7.05	1
844.79	0	7.1	0.0	0.0	0.0	0.0	1.0	1	1953	205.7	411.8	0.33	7.05	1
844.89	0	7.1	0.0	0.0	0.0	0.0	1.0	1	1953	205.7	411.8	0.33	7.05	1
844.99	0	7.1	0.0	0.0	0.0	0.0	1.0	1	1953	205.7	411.8	0.33	7.06	1
845.09	0	7.1	0.0	0.0	0.0	0.0	1.0	1	1953	205.7	411.8	0.33	7.06	1
845.19	0	7.1	0.0	0.0	0.0	0.0	1.0	1	1953	205.7	411.8	0.33	7.06	1
845.29	0	7.1	0.0	0.0	0.0	0.0	1.0	1	1953	205.7	411.8	0.33	7.07	1
845.39	0	7.1	0.0	0.0	0.0	0.0	1.0	1	1953	205.7	411.8	0.33	7.07	1
845.49	0	7.1	0.0	0.0	0.0	0.0	1.0	1	1953	205.7	411.8	0.33	7.07	1
845.59	0	7.1	0.0	0.0	0.0	0.0	1.0	1	1953	205.7	411.8	0.33	7.07	1
845.69	0	7.1	0.0	0.0	0.0	0.0	1.0	1	1953	205.7	411.8	0.33	7.08	1
845.79	0	7.1	0.0	0.0	0.0	0.0	1.0	1	1953	205.7	411.8	0.33	7.08	1
845.89	0	7.1	0.0	0.0	0.0	0.0	1.0	1	1953	205.7	411.8	0.33	7.08	1
845.99	0	7.1	0.0	0.0	0.0	0.0	1.0	1	1953	205.7	411.8	0.33	7.08	1
846.09	0	7.1	0.0	0.0	0.0	0.0	1.0	1	1953	205.7	411.8	0.33	7.09	1
846.19	0	7.1	0.0	0.0	0.0	0.0	1.0	1	1953	205.7	411.8	0.33	7.09	1
846.29	0	7.1	0.0	0.0	0.0	0.0	1.0	1	1953	205.7	411.8	0.33	7.09	1
846.39	0	7.1	0.0	0.0	0.0	0.0	1.0	1	1953	205.7	411.8	0.33	7.1	1
846.49	0	7.1	0.0	0.0	0.0	0.0	1.0	1	1953	205.7	411.8	0.33	7.1	1
846.59	0	7.1	0.0	0.0	0.0	0.0	1.0	1	1953	205.7	411.8	0.33	7.1	1
846.69	0	7.1	0.0	0.0	0.0	0.0	1.0	1	1953	205.7	411.8	0.33	7.1	1
846.82	0	7.1	0.0	0.0	0.0	0.0	1.0	1	1953	205.7	411.8	0.33	7.11	1
846.92	0	7.1	0.0	0.0	0.0	0.0	1.0	1	1953	205.7	411.8	0.33	7.11	1
847.02	0	7.1	0.0	0.0	0.0	0.0	1.0	1	1953	205.7	411.8	0.33	7.11	1
847.12	0	7.1	0.0	0.0	0.0	0.0	1.0	1	1953	205.7	411.8	0.33	7.11	1
847.22	0	7.1	0.0	0.0	0.0	0.0	1.0	1	1953	205.7	411.8	0.33	7.12	1
847.32	0	7.1	0.0	0.0	0.0	0.0	1.0	1	1953	205.7	411.8	0.33	7.12	1
847.42	0	7.1	0.0	0.0	0.0	0.0	1.0	1	1953	205.7	411.8	0.33	7.12	1
847.52	0	7.1	0.0	0.0	0.0	0.0	1.0	1	1953	205.7	411.8	0.33	7.13	1
847.62	0	7.1	0.0	0.0	0.0	0.0	1.0	1	1953	205.7	411.8	0.33	7.13	1
847.72	0	7.1	0.0	0.0	0.0	0.0	1.0	1	1953	205.7	411.8	0.33	7.13	1
847.82	0	7.1	0.0	0.0	0.0	0.0	1.0	1	1953	205.7	411.8	0.33	7.13	1
847.92	0	7.1	0.0	0.0	0.0	0.0	1.0	1	1953	205.7	411.8	0.33	7.14	1
848.02	0	7.1	0.0	0.0	0.0	0.0	1.0	1	1953	205.7	411.8	0.33	7.14	1
848.12	0	7.1	0.0	0.0	0.0	0.0	1.0	1	1953	205.7	411.8	0.33	7.14	1
848.22	0	7.1	0.0	0.0	0.0	0.0	1.0	1	1953	205.7	411.8	0.33	7.14	1
848.32	0	7.1	0.0	0.0	0.0	0.0	1.0	1	1953	205.7	411.8	0.33	7.15	1
848.42	0	7.1	0.0	0.0	0.0	0.0	1.0	1	1953	205.7	411.8	0.33	7.15	1
848.52	0	7.2	0.0	0.0	0.0	0.0	1.0	1	1953	205.7	411.8	0.33	7.15	1
848.62	0	7.2	0.0	0.0	0.0	0.0	1.0	1	1953	205.7	411.8	0.33	7.16	1
848.72	0	7.2	0.0	0.0	0.0	0.0	1.0	1	1953	205.7	411.8	0.33	7.16	1
848.82	0	7.2	0.0	0.0	0.0	0.0	1.0	1	1953	205.7	411.8	0.33	7.16	1
848.92	0	7.2	0.0	0.0	0.0	0.0	1.0	1	1953	205.7	411.8	0.33	7.16	1
849.02	0	7.2	0.0	0.0	0.0	0.0	1.0	1	1953	205.7	411.8	0.33	7.17	1
849.12	0	7.2	0.0	0.0	0.0	0.0	1.0	1	1953	205.7	411.8	0.33	7.17	1
849.22	0	7.2	0.0	0.0	0.0	0.0	1.0	1	1953	205.7	411.8	0.33	7.17	1
849.32	0	7.2	0.0	0.0	0.0	0.0	1.0	1	1953	205.7	411.8	0.33	7.17	1
849.42	0	7.2	0.0	0.0	0.0	0.0	1.0	1	1953	205.7	411.8	0.33	7.18	1
849.52	0	7.2	0.0	0.0	0.0	0.0	1.0	1	1953	205.7	411.8	0.33	7.18	1
849.62	0	7.2	0.0	0.0	0.0	0.0	1.0	1	1953	205.7	411.8	0.33	7.18	1
849.72	0	7.2	0.0	0.0	0.0	0.0	1.0	1	1953	205.7	411.8	0.33	7.18	1
849.82	0	7.2	0.0	0.0	0.0	0.0	1.0	1	1953	205.7	411.8	0.33	7.19	1
849.92	0	7.2	0.0	0.0	0.0	0.0	1.0	1	1953	205.7	411.8	0.33	7.19	1
850.02	0	7.2	0.0	0.0	0.0	0.0	1.0	1	1953	205.7	411.8	0.33	7.19	1
850.12	0	7.2	0.0	0.0	0.0	0.0	1.0	1	1953	205.7	411.8	0.33	7.2	1
850.22	0	7.2	0.0	0.0	0.0	0.0	1.0	1	1953	205.7	411.8	0.33	7.2	1
850.34	0	7.2	0.0	0.0	0.0	0.0	1.0	1	1953	205.7	411.8	0.33	7.2	1
850.44	0	7.2	0.0	0.0	0.0	0.0	1.0	1	1953	205.7	411.8	0.33	7.2	1
850.54	0	7.2	0.0	0.0	0.0	0.0	1.0	1	1953	205.7	411.9	0.33	7.21	1
850.64	0	7.2	0.0	0.0	0.0	0.0	1.0	1	1953	205.7	411.9	0.33	7.21	1
850.74	0	7.2	0.0	0.0	0.0	0.0	1.0	1	1953	205.7	411.9	0.33	7.21	1
850.84	0	7.2	0.0	0.0	0.0	0.0	1.0	1	1953	205.7	411.9	0.33	7.21	1
850.94	0	7.2	0.0	0.0	0.0	0.0	1.0	1	1953	205.7	411.9	0.33	7.22	1
851.04	0	7.2	0.0	0.0	0.0	0.0	1.0	1	1953	205.7	411.9	0.33	7.22	1
851.14	0	7.2	0.0	0.0	0.0	0.0	1.0	1	1953	205.7	411.9	0.33	7.22	1
851.24	0	7.2	0.0	0.0	0.0	0.0	1.0	1	1953	205.7	411.9	0.33	7.23	1
851.34	0	7.2	0.0	0.0	0.0	0.0	1.0	1	1953	205.7	411.9	0.33	7.23	1
851.44	0	7.2	0.0	0.0	0.0	0.0	1.0	1	1953	205.7	411.9	0.33	7.23	1
851.54	0	7.2	0.0	0.0	0.0	0.0	1.0	1	1953	205.7	411.9	0.33	7.23	1
851.64	0	7.2	0.0	0.0	0.0	0.0	1.0	1	1953	205.7	411.9	0.33	7.24	1
851.74	0	7.2	0.0	0.0	0.0	0.0	1.0	1	1953	205.7	411.9	0.33	7.24	1
851.84	0	7.2	0.0	0.0	0.0	0.0	1.0	1	1953	205.7	411.9	0.33	7.24	1
851.94	0	7.2	0.0	0.0	0.0	0.0	1.0	1	1953	205.7	411.9	0.33	7.24	1
852.04	0	7.2	0.0	0.0	0.0	0.0	1.0	1	1953	205.7	411.9	0.33	7.25	1
852.14	0	7.2	0.0	0.0	0.0	0.0	1.0	1	1953	205.7	411.9	0.33	7.25	1
852.24	0	7.3	0.0	0.0	0.0	0.0	1.0	1	1953	205.7	411.9	0.33	7.25	1
852.34	0	7.3	0.0	0.0	0.0	0.0	1.0	1	1953	205.7	411.9	0.33	7.26	1
852.44	0	7.3	0.0	0.0	0.0	0.0	1.0	1	1953	205.7	411.9	0.33	7.26	1
852.54	0	7.3	0.0	0.0	0.0	0.0	1.0	1	1953	205.7	411.9	0.33	7.26	1
852.64	0	7.3	0.0	0.0	0.0	0.0	1.0	1	1953	205.7	411.9	0.33	7.26	1
852.74	0	7.3	0.0	0.0	0.0	0.0	1.0	1	1953	205.7	411.9	0.33	7.27	1
852.84	0	7.3	0.0	0.0	0.0	0.0	1.0	1	1953	205.7	411.9	0.33	7.27	1
852.94	0	7.3	0.0	0.0	0.0	0.0	1.0	1	1953	205.7	411.9	0.33	7.27	1
853.04	0	7.3	0.0	0.0	0.0	0.0	1.0	1	1953	205.7	411.9	0.33	7.27	1
853.14	0	7.3	0.0	0.0	0.0	0.0	1.0	1	1953	205.7	411.9	0.33	7.28	1
853.24	0	7.3	0.0	0.0	0.0	0.0	1.0	1	1953	205.7	411.9	0.33	7.28	1
853.34	0	7.3	0.0	0.0	0.0	0.0	1.0	1	1953	205.7	411.9	0.33	7.28	1
853.44	0	7.3	0.0	0.0	0.0	0.0	1.0	1	1953	205.7	411.9	0.33	7.29	1
853.54	0	7.3	0.0	0.0	0.0	0.0	1.0	1	1953	205.7	411.9	0.33	7.29	1
853.64	0	7.3	0.0	0.0	0.0	0.0	1.0	1	1953	205.7	411.9	0.33	7.29	1
853.74	0	7.3	0.0	0.0	0.0	0.0	1.0	1	1953	205.7	411.9	0.33	7.29	1
853.84	0	7.3	0.0	0.0	0.0	0.0	1.0	1	1953	205.7	411.9	0.33	7.3	1
853.94	0	7.3	0.0	0.0	0.0	0.0	1.0	1	1953	205.7	411.9	0.33	7.3	1
854.04	0	7.3	0.0	0.0	0.0	0.0	1.0	1	1953	205.7	411.9	0.33	7.3	1
854.14	0	7.3	0.0	0.0	0.0	0.0	1.0	1	1953	205.7	411.9	0.33	7.3	1
854.24	0	7.3	0.0	0.0	0.0	0.0	1.0	1	1953	205.7	411.9	0.33	7.31	1
854.34	0	7.3	0.0	0.0	0.0	0.0	1.0	1	1953	205.7	411.9	0.33	7.31	1
854.44	0	7.3	0.0	0.0	0.0	0.0	1.0	1	1953	205.7	411.9	0.33	7.31	1
854.54	0	7.3	0.0	0.0	0.0	0.0	1.0	1	1953	205.7	411.9	0.33	7.31	1
854.64	0	7.3	0.0	0.0	0.0	0.0	1.0	1	1953	205.7	411.9	0.33	7.32	1
854.74	0	7.3	0.0	0.0	0.0	0.0	1.0	1	1953	205.7	411.9	0.33	7.32	1
854.84	0	7.3	0.0	0.0	0.0	0.0	1.0	1	1953	205.7	411.9	0.33	7.32	1
854.94	0	7.3	0.0	0.0	0.0	0.0	1.0	1	1953	205.7	411.9	0.33	7.33	1
855.04	0	7.3	0.0	0.0	0.0	0.0	1.0	1	1953	205.7	411.9	0.33	7.33	1
855.14	0	7.3	0.0	0.0	0.0	0.0	1.0	1	1953	205.7	411.9	0.33	7.33	1
855.24	0	7.3	0.0	0.0	0.0	0.0	1.0	1	1953	205.7	411.9	0.33	7.33	1
855.34	0	7.3	0.0	0.0	0.0	0.0	1.0	1	1953	205.7	411.9	0.33	7.34	1
855.44	0	7.3	0.0	0.0	0.0	0.0	1.0	1	1953	205.7	411.9	0.33	7.34	1
855.54	0	7.3	0.0	0.0	0.0	0.0	1.0	1	1953	205.7	411.9	0.33	7.34	1
855.64	0	7.3	0.0	0.0	0.0	0.0	1.0	1	1953	205.7	411.9	0.33	7.34	1
855.74	0	7.3	0.0	0.0	0.0	0.0	1.0	1	1953	205.7	411.9	0.33	7.35	1
855.84	0	7.4	0.0	0.0	0.0	0.0	1.0	1	1953	205.7	411.9	0.33	7.35	1
855.94	0	7.4	0.0	0.0	0.0	0.0	1.0	1	1953	205.7	411.9	0.33	7.35	1
856.04	0	7.4	0.0	0.0	0.0	0.0	1.0	1	1953	205.7	411.9	0.33	7.36	1
856.14	0	7.4	0.0	0.0	0.0	0.0	1.0	1	1953	205.7	411.9	0.33	7.36	1
856.24	0	7.4	0.0	0.0	0.0	0.0	1.0	1	1953	205.7	411.9	0.33	7.36	1
856.34	0	7.4	0.0	0.0	0.0	0.0	1.0	1	1953	205.7	411.9	0.33	7.36	1
856.44	0	7.4	0.0	0.0	0.0	0.0	1.0	1	1953	205.7	411.9	0.33	7.37	1
856.54	0	7.4	0.0	0.0	0.0	0.0	1.0	1	1953	205.7	411.9	0.33	7.37	1
856.64	0	7.4	0.0	0.0	0.0	0.0	1.0	1	1953	205.7	411.9	0.33	7.37	1
856.77	0	7.4	0.0	0.0	0.0	0.0	1.0	1	1953	205.7	411.9	0.33	7.38	1
856.87	0	7.4	0.0	0.0	0.0	0.0	1.0	1	1953	205.7	411.9	0.33	7.38	1
856.97	0	7.4	0.0	0.0	0.0	0.0	1.0	1	1953	205.7	411.9	0.33	7.38	1
857.07	0	7.4	0.0	0.0	0.0	0.0	1.0	1	1953	205.7	411.9	0.33	7.38	1
857.17	0	7.4	0.0	0.0	0.0	0.0	1.0	1	1953	205.7	411.9	0.33	7.39	1
857.27	0	7.4	0.0	0.0	0.0	0.0	1.0	1	1953	205.7	411.9	0.33	7.39	1
857.37	0	7.4	0.0	0.0	0.0	0.0	1.0	1	1953	205.7	411.9	0.33	7.39	1
857.47	0	7.4	0.0	0.0	0.0	0.0	1.0	1	1953	205.7	411.9	0.33	7.39	1
857.57	0	7.4	0.0	0.0	0.0	0.0	1.0	1	1953	205.7	411.9	0.33	7.4	1
857.67	0	7.4	0.0	0.0	0.0	0.0	1.0	1	1953	205.7	411.9	0.33	7.4	1
857.77	0	7.4	0.0	0.0	0.0	0.0	1.0	1	1953	205.7	411.9	0.33	7.4	1
857.87	0	7.4	0.0	0.0	0.0	0.0	1.0	1	1953	205.7	411.9	0.33	7.41	1
857.97	0	7.4	0.0	0.0	0.0	0.0	1.0	1	1953	205.7	411.9	0.33	7.41	1
858.07	0	7.4	0.0	0.0	0.0	0.0	1.0	1	1953	205.7	411.9	0.33	7.41	1
858.17	0	7.4	0.0	0.0	0.0	0.0	1.0	1	1953	205.7	411.9	0.33	7.41	1
858.27	0	7.4	0.0	0.0	0.0	0.0	1.0	1	1953	205.7	411.9	0.33	7.42	1
858.37	0	7.4	0.0	0.0	0.0	0.0	1.0	1	1953	205.7	411.9	0.33	7.42	1
858.49	0	7.4	0.0	0.0	0.0	0.0	1.0	1	1953	205.7	411.9	0.33	7.42	1
858.59	0	7.4	0.0	0.0	0.0	0.0	1.0	1	1953	205.7	411.9	0.33	7.43	1
858.69	0	7.4	0.0	0.0	0.0	0.0	1.0	1	1953	205.7	411.9	0.33	7.43	1
858.79	0	7.4	0.0	0.0	0.0	0.0	1.0	1	1953	205.7	411.9	0.33	7.43	1
858.89	0	7.4	0.0	0.0	0.0	0.0	1.0	1	1953	205.7	411.9	0.33	7.43	1
858.99	0	7.4	0.0	0.0	0.0	0.0	1.0	1	1953	205.7	411.9	0.33	7.44	1
859.09	0	7.4	0.0	0.0	0.0	0.0	1.0	1	1953	205.7	411.9	0.33	7.44	1
859.19	0	7.4	0.0	0.0	0.0	0.0	1.0	1	1953	205.7	411.9	0.33	7.44	1
859.29	0	7.4	0.0	0.0	0.0	0.0	1.0	1	1953	205.7	411.9	0.33	7.44	1
859.39	0	7.4	0.0	0.0	0.0	0.0	1.0	1	1953	205.7	411.9	0.33	7.45	1
859.49	0	7.4	0.0	0.0	0.0	0.0	1.0	1	1953	205.7	411.9	0.33	7.45	1
859.59	0	7.5	0.0	0.0	0.0	0.0	1.0	1	1953	205.7	411.9	0.33	7.45	1
859.69	0	7.5	0.0	0.0	0.0	0.0	1.0	1	1953	205.7	411.9	0.33	7.46	1
859.79	0	7.5	0.0	0.0	0.0	0.0	1.0	1	1953	205.7	411.9	0.33	7.46	1
859.89	0	7.5	0.0	0.0	0.0	0.0	1.0	1	1953	205.7	411.9	0.33	7.46	1
859.99	0	7.5	0.0	0.0	0.0	0.0	1.0	1	1953	205.7	411.9	0.33	7.46	1
860.09	0	7.5	0.0	0.0	0.0	0.0	1.0	1	1953	205.7	411.9	0.33	7.47	1
860.19	0	7.5	0.0	0.0	0.0	0.0	1.0	1	1953	205.7	411.9	0.33	7.47	1
860.29	0	7.5	0.0	0.0	0.0	0.0	1.0	1	1953	205.7	411.9	0.33	7.47	1
860.39	0	7.5	0.0	0.0	0.0	0.0	1.0	1	1953	205.7	411.9	0.33	7.47	1
860.49	0	7.5	0.0	0.0	0.0	0.0	1.0	1	1953	205.7	411.9	0.33	7.48	1
860.59	0	7.5	0.0	0.0	0.0	0.0	1.0	1	1953	205.7	411.9	0.33	7.48	1
860.69	0	7.5	0.0	0.0	0.0	0.0	1.0	1	1953	205.7	411.9	0.33	7.48	1
860.79	0	7.5	0.0	0.0	0.0	0.0	1.0	1	1953	205.7	411.9	0.33	7.49	1
860.89	0	7.5	0.0	0.0	0.0	0.0	1.0	1	1953	205.7	411.9	0.33	7.49	1
860.99	0	7.5	0.0	0.0	0.0	0.0	1.0	1	1953	205.7	411.9	0.33	7.49	1
861.09	0	7.5	0.0	0.0	0.0	0.0	1.0	1	1953	205.7	411.9	0.33	7.49	1
861.19	0	7.5	0.0	0.0	0.0	0.0	1.0	1	1953	205.7	411.9	0.33	7.5	1
861.29	0	7.5	0.0	0.0	0.0	0.0	1.0	1	1953	205.7	411.9	0.33	7.5	1
861.39	0	7.5	0.0	0.0	0.0	0.0	1.0	1	1953	205.7	411.9	0.33	7.5	1
861.49	0	7.5	0.0	0.0	0.0	0.0	1.0	1	1953	205.7	411.9	0.33	7.5	1
861.59	0	7.5	0.0	0.0	0.0	0.0	1.0	1	1953	205.7	411.9	0.33	7.51	1
861.69	0	7.5	0.0	0.0	0.0	0.0	1.0	1	1953	205.7	411.9	0.33	7.51	1
861.79	0	7.5	0.0	0.0	0.0	0.0	1.0	1	1953	205.7	411.9	0.34	7.51	1
861.89	0	7.5	0.0	0.0	0.0	0.0	1.0	1	1953	205.7	411.9	0.34	7.52	1
861.99	0	7.5	0.0	0.0	0.0	0.0	1.0	1	1953	205.7	411.9	0.34	7.52	1
862.09	0	7.5	0.0	0.0	0.0	0.0	1.0	1	1953	205.7	411.9	0.34	7.52	1
862.19	0	7.5	0.0	0.0	0.0	0.0	1.0	1	1953	205.7	411.9	0.34	7.52	1
862.29	0	7.5	0.0	0.0	0.0	0.0	1.0	1	1953	205.7	411.9	0.34	7.53	1
862.39	0	7.5	0.0	0.0	0.0	0.0	1.0	1	1953	205.7	411.9	0.34	7.53	1
862.49	0	7.5	0.0	0.0	0.0	0.0	1.0	1	1953	205.7	411.9	0.34	7.53	1
862.59	0	7.5	0.0	0.0	0.0	0.0	1.0	1	1953	205.7	411.9	0.34	7.53	1
862.69	0	7.5	0.0	0.0	0.0	0.0	1.0	1	1953	205.7	411.9	0.34	7.54	1
862.79	0	7.5	0.0	0.0	0.0	0.0	1.0	1	1953	205.7	411.9	0.34	7.54	1
862.89	0	7.5	0.0	0.0	0.0	0.0	1.0	1	1953	205.7	411.9	0.34	7.54	1
862.99	0	7.5	0.0	0.0	0.0	0.0	1.0	1	1953	205.7	411.9	0.34	7.55	1
863.09	0	7.5	0.0	0.0	0.0	0.0	1.0	1	1953	205.7	411.9	0.34	7.55	1
863.19	0	7.6	0.0	0.0	0.0	0.0	1.0	1	1953	205.7	411.9	0.34	7.55	1
863.29	0	7.6	0.0	0.0	0.0	0.0	1.0	1	1953	205.7	411.9	0.34	7.55	1
863.39	0	7.6	0.0	0.0	0.0	0.0	1.0	1	1953	205.7	411.9	0.34	7.56	1
863.49	0	7.6	0.0	0.0	0.0	0.0	1.0	1	1953	205.7	411.9	0.34	7.56	1
863.59	0	7.6	0.0	0.0	0.0	0.0	1.0	1	1953	205.7	411.9	0.34	7.56	1
863.69	0	7.6	0.0	0.0	0.0	0.0	1.0	1	1953	205.7	411.9	0.34	7.57	1
863.79	0	7.6	0.0	0.0	0.0	0.0	1.0	1	1953	205.7	411.9	0.34	7.57	1
863.89	0	7.6	0.0	0.0	0.0	0.0	1.0	1	1953	205.7	411.9	0.34	7.57	1
863.99	0	7.6	0.0	0.0	0.0	0.0	1.0	1	1953	205.7	411.9	0.34	7.57	1
864.09	0	7.6	0.0	0.0	0.0	0.0	1.0	1	1953	205.7	411.9	0.34	7.58	1
864.19	0	7.6	0.0	0.0	0.0	0.0	1.0	1	1953	205.7	411.9	0.34	7.58	1
864.29	0	7.6	0.0	0.0	0.0	0.0	1.0	1	1953	205.7	411.9	0.34	7.58	1
864.39	0	7.6	0.0	0.0	0.0	0.0	1.0	1	1953	205.7	411.9	0.34	7.58	1
864.49	0	7.6	0.0	0.0	0.0	0.0	1.0	1	1953	205.7	411.9	0.34	7.59	1
864.59	0	7.6	0.0	0.0	0.0	0.0	1.0	1	1953	205.7	411.9	0.34	7.59	1
864.69	0	7.6	0.0	0.0	0.0	0.0	1.0	1	1953	205.7	411.9	0.34	7.59	1
864.79	0	7.6	0.0	0.0	0.0	0.0	1.0	1	1953	205.7	411.9	0.34	7.6	1
864.89	0	7.6	0.0	0.0	0.0	0.0	1.0	1	1953	205.7	411.9	0.34	7.6	1
864.99	0	7.6	0.0	0.0	0.0	0.0	1.0	1	1953	205.7	411.9	0.34	7.6	1
865.09	0	7.6	0.0	0.0	0.0	0.0	1.0	1	1953	205.7	411.9	0.34	7.6	1
865.19	0	7.6	0.0	0.0	0.0	0.0	1.0	1	1953	205.7	411.9	0.34	7.61	1
865.29	0	7.6	0.0	0.0	0.0	0.0	1.0	1	1953	205.7	411.9	0.34	7.61	1
865.39	0	7.6	0.0	0.0	0.0	0.0	1.0	1	1953	205.7	411.9	0.34	7.61	1
865.49	0	7.6	0.0	0.0	0.0	0.0	1.0	1	1953	205.7	411.9	0.34	7.61	1
865.59	0	7.6	0.0	0.0	0.0	0.0	1.0	1	1953	205.7	411.9	0.34	7.62	1
865.69	0	7.6	0.0	0.0	0.0	0.0	1.0	1	1953	205.7	411.9	0.34	7.62	1
865.79	0	7.6	0.0	0.0	0.0	0.0	1.0	1	1953	205.7	411.9	0.34	7.62	1
865.89	0	7.6	0.0	0.0	0.0	0.0	1.0	1	1953	205.7	411.9	0.34	7.63	1
865.99	0	7.6	0.0	0.0	0.0	0.0	1.0	1	1953	205.7	411.9	0.34	7.63	1
866.09	0	7.6	0.0	0.0	0.0	0.0	1.0	1	1953	205.7	411.9	0.34	7.63	1
866.19	0	7.6	0.0	0.0	0.0	0.0	1.0	1	1953	205.7	411.9	0.34	7.63	1
866.29	0	7.6	0.0	0.0	0.0	0.0	1.0	1	1953	205.7	411.9	0.34	7.64	1
866.39	0	7.6	0.0	0.0	0.0	0.0	1.0	1	1953	205.7	411.9	0.34	7.64	1
866.49	0	7.6	0.0	0.0	0.0	0.0	1.0	1	1953	205.7	411.9	0.34	7.64	1
866.59	0	7.6	0.0	0.0	0.0	0.0	1.0	1	1953	205.7	411.9	0.34	7.65	1
866.69	0	7.6	0.0	0.0	0.0	0.0	1.0	1	1953	205.7	411.9	0.34	7.65	1
866.82	0	7.7	0.0	0.0	0.0	0.0	1.0	1	1953	205.7	411.9	0.34	7.65	1
866.92	0	7.7	0.0	0.0	0.0	0.0	1.0	1	1953	205.7	411.9	0.34	7.65	1
867.02	0	7.7	0.0	0.0	0.0	0.0	1.0	1	1953	205.7	411.9	0.34	7.66	1
867.12	0	7.7	0.0	0.0	0.0	0.0	1.0	1	1953	205.7	411.9	0.34	7.66	1
867.22	0	7.7	0.0	0.0	0.0	0.0	1.0	1	1953	205.7	411.9	0.34	7.66	1
867.32	0	7.7	0.0	0.0	0.0	0.0	1.0	1	1953	205.7	411.9	0.34	7.67	1
867.42	0	7.7	0.0	0.0	0.0	0.0	1.0	1	1953	205.7	411.9	0.34	7.67	1
867.52	0	7.7	0.0	0.0	0.0	0.0	1.0	1	1953	205.7	411.9	0.34	7.67	1
867.62	0	7.7	0.0	0.0	0.0	0.0	1.0	1	1953	205.7	411.9	0.34	7.67	1
867.72	0	7.7	0.0	0.0	0.0	0.0	1.0	1	1953	205.7	411.9	0.34	7.68	1
867.82	0	7.7	0.0	0.0	0.0	0.0	1.0	1	1953	205.7	411.9	0.34	7.68	1
867.92	0	7.7	0.0	0.0	0.0	0.0	1.0	1	1953	205.7	411.9	0.34	7.68	1
868.02	0	7.7	0.0	0.0	0.0	0.0	1.0	1	1953	205.7	411.9	0.34	7.68	1
868.12	0	7.7	0.0	0.0	0.0	0.0	1.0	1	1953	205.7	411.9	0.34	7.69	1
868.22	0	7.7	0.0	0.0	0.0	0.0	1.0	1	1953	205.7	411.9	0.34	7.69	1
868.32	0	7.7	0.0	0.0	0.0	0.0	1.0	1	1953	205.7	411.9	0.34	7.69	1
868.42	0	7.7	0.0	0.0	0.0	0.0	1.0	1	1953	205.7	411.9	0.34	7.7	1
868.52	0	7.7	0.0	0.0	0.0	0.0	1.0	1	1953	205.7	411.9	0.34	7.7	1
868.62	0	7.7	0.0	0.0	0.0	0.0	1.0	1	1953	205.7	411.9	0.34	7.7	1
868.72	0	7.7	0.0	0.0	0.0	0.0	1.0	1	1953	205.7	411.9	0.34	7.7	1
868.82	0	7.7	0.0	0.0	0.0	0.0	1.0	1	1953	205.7	411.9	0.34	7.71	1
868.92	0	7.7	0.0	0.0	0.0	0.0	1.0	1	1953	205.7	411.9	0.34	7.71	1
869.02	0	7.7	0.0	0.0	0.0	0.0	1.0	1	1953	205.7	411.9	0.34	7.71	1
869.12	0	7.7	0.0	0.0	0.0	0.0	1.0	1	1953	205.7	411.9	0.34	7.72	1
869.22	0	7.7	0.0	0.0	0.0	0.0	1.0	1	1953	205.7	411.9	0.34	7.72	1
869.32	0	7.7	0.0	0.0	0.0	0.0	1.0	1	1953	205.7	411.9	0.34	7.72	1
869.42	0	7.7	0.0	0.0	0.0	0.0	1.0	1	1953	205.7	411.9	0.34	7.72	1
869.52	0	7.7	0.0	0.0	0.0	0.0	1.0	1	1953	205.7	411.9	0.34	7.73	1
869.62	0	7.7	0.0	0.0	0.0	0.0	1.0	1	1953	205.7	411.9	0.34	7.73	1
869.72	0	7.7	0.0	0.0	0.0	0.0	1.0	1	1953	205.7	411.9	0.34	7.73	1
869.82	0	7.7	0.0	0.0	0.0	0.0	1.0	1	1953	205.7	411.9	0.34	7.73	1
869.92	0	7.7	0.0	0.0	0.0	0.0	1.0	1	1953	205.7	411.9	0.34	7.74	1
870.02	0	7.7	0.0	0.0	0.0	0.0	1.0	1	1953	205.7	411.9	0.34	7.74	1
870.12	0	7.7	0.0	0.0	0.0	0.0	1.0	1	1953	205.7	411.9	0.34	7.74	1
870.22	0	7.7	0.0	0.0	0.0	0.0	1.0	1	1953	205.7	411.9	0.34	7.75	1
870.32	0	7.7	0.0	0.0	0.0	0.0	1.0	1	1953	205.7	411.9	0.34	7.75	1
870.42	0	7.8	0.0	0.0	0.0	0.0	1.0	1	1953	205.7	411.9	0.34	7.75	1
870.52	0	7.8	0.0	0.0	0.0	0.0	1.0	1	1953	205.7	411.9	0.34	7.75	1
870.62	0	7.8	0.0	0.0	0.0	0.0	1.0	1	1953	205.7	411.9	0.34	7.76	1
870.72	0	7.8	0.0	0.0	0.0	0.0	1.0	1	1953	205.7	411.9	0.34	7.76	1
870.82	0	7.8	0.0	0.0	0.0	0.0	1.0	1	1953	205.7	411.9	0.34	7.76	1
870.92	0	7.8	0.0	0.0	0.0	0.0	1.0	1	1953	205.7	411.9	0.34	7.77	1
871.02	0	7.8	0.0	0.0	0.0	0.0	1.0	1	1953	205.7	411.9	0.34	7.77	1
871.12	0	7.8	0.0	0.0	0.0	0.0	1.0	1	1953	205.7	411.9	0.34	7.77	1
871.22	0	7.8	0.0	0.0	0.0	0.0	1.0	1	1953	205.7	411.9	0.34	7.77	1
871.32	0	7.8	0.0	0.0	0.0	0.0	1.0	1	1953	205.7	411.9	0.34	7.78	1
871.42	0	7.8	0.0	0.0	0.0	0.0	1.0	1	1953	205.7	411.9	0.34	7.78	1
871.52	0	7.8	0.0	0.0	0.0	0.0	1.0	1	1953	205.7	411.9	0.34	7.78	1
871.62	0	7.8	0.0	0.0	0.0	0.0	1.0	1	1953	205.7	411.9	0.34	7.78	1
871.72	0	7.8	0.0	0.0	0.0	0.0	1.0	1	1953	205.7	411.9	0.34	7.79	1
871.82	0	7.8	0.0	0.0	0.0	0.0	1.0	1	1953	205.7	411.9	0.34	7.79	1
871.92	0	7.8	0.0	0.0	0.0	0.0	1.0	1	1953	205.7	411.9	0.34	7.79	1
872.02	0	7.8	0.0	0.0	0.0	0.0	1.0	1	1953	205.7	411.9	0.34	7.8	1
872.12	0	7.8	0.0	0.0	0.0	0.0	1.0	1	1953	205.7	411.9	0.34	7.8	1
872.22	0	7.8	0.0	0.0	0.0	0.0	1.0	1	1953	205.7	411.9	0.34	7.8	1
872.32	0	7.8	0.0	0.0	0.0	0.0	1.0	1	1953	205.7	411.9	0.34	7.8	1
872.42	0	7.8	0.0	0.0	0.0	0.0	1.0	1	1953	205.7	411.9	0.34	7.81	1
872.52	0	7.8	0.0	0.0	0.0	0.0	1.0	1	1953	205.7	411.9	0.34	7.81	1
872.62	0	7.8	0.0	0.0	0.0	0.0	1.0	1	1953	205.7	411.9	0.34	7.81	1
872.72	0	7.8	0.0	0.0	0.0	0.0	1.0	1	1953	205.7	411.9	0.34	7.82	1
872.82	0	7.8	0.0	0.0	0.0	0.0	1.0	1	1953	205.7	411.9	0.34	7.82	1
872.92	0	7.8	0.0	0.0	0.0	0.0	1.0	1	1953	205.7	411.9	0.34	7.82	1
873.02	0	7.8	0.0	0.0	0.0	0.0	1.0	1	1953	205.7	411.9	0.34	7.82	1
873.12	0	7.8	0.0	0.0	0.0	0.0	1.0	1	1953	205.7	411.9	0.34	7.83	1
873.22	0	7.8	0.0	0.0	0.0	0.0	1.0	1	1953	205.7	411.9	0.34	7.83	1
873.32	0	7.8	0.0	0.0	0.0	0.0	1.0	1	1953	205.7	411.9	0.34	7.83	1
873.42	0	7.8	0.0	0.0	0.0	0.0	1.0	1	1953	205.7	411.9	0.34	7.84	1
873.52	0	7.8	0.0	0.0	0.0	0.0	1.0	1	1953	205.7	411.9	0.34	7.84	1
873.62	0	7.8	0.0	0.0	0.0	0.0	1.0	1	1953	205.7	411.9	0.34	7.84	1
873.72	0	7.8	0.0	0.0	0.0	0.0	1.0	1	1953	205.7	411.9	0.34	7.84	1
873.82	0	7.8	0.0	0.0	0.0	0.0	1.0	1	1953	205.7	411.9	0.34	7.85	1
873.92	0	7.8	0.0	0.0	0.0	0.0	1.0	1	1953	205.7	411.9	0.34	7.85	1
874.02	0	7.9	0.0	0.0	0.0	0.0	1.0	1	1953	205.7	411.9	0.34	7.85	1
874.12	0	7.9	0.0	0.0	0.0	0.0	1.0	1	1953	205.7	411.9	0.34	7.85	1
874.22	0	7.9	0.0	0.0	0.0	0.0	1.0	1	1953	205.7	411.9	0.34	7.86	1
874.32	0	7.9	0.0	0.0	0.0	0.0	1.0	1	1953	205.7	411.9	0.34	7.86	1
874.42	0	7.9	0.0	0.0	0.0	0.0	1.0	1	1953	205.7	411.9	0.34	7.86	1
874.52	0	7.9	0.0	0.0	0.0	0.0	1.0	1	1953	205.7	411.9	0.34	7.87	1
874.62	0	7.9	0.0	0.0	0.0	0.0	1.0	1	1953	205.7	411.9	0.34	7.87	1
874.74	0	7.9	0.0	0.0	0.0	0.0	1.0	1	1953	205.7	411.9	0.34	7.87	1
874.85	0	7.9	0.0	0.0	0.0	0.0	1.0	1	1953	205.7	411.9	0.34	7.88	1
874.95	0	7.9	0.0	0.0	0.0	0.0	1.0	1	1953	205.7	411.9	0.34	7.88	1
875.05	0	7.9	0.0	0.0	0.0	0.0	1.0	1	1953	205.7	411.9	0.34	7.88	1
875.15	0	7.9	0.0	0.0	0.0	0.0	1.0	1	1953	205.7	411.9	0.34	7.88	1
875.25	0	7.9	0.0	0.0	0.0	0.0	1.0	1	1953	205.7	411.9	0.34	7.89	1
875.35	0	7.9	0.0	0.0	0.0	0.0	1.0	1	1953	205.7	411.9	0.34	7.89	1
875.45	0	7.9	0.0	0.0	0.0	0.0	1.0	1	1953	205.7	411.9	0.34	7.89	1
875.55	0	7.9	0.0	0.0	0.0	0.0	1.0	1	1953	205.7	411.9	0.34	7.89	1
875.65	0	7.9	0.0	0.0	0.0	0.0	1.0	1	1953	205.7	411.9	0.34	7.9	1
875.75	0	7.9	0.0	0.0	0.0	0.0	1.0	1	1953	205.7	411.9	0.34	7.9	1
875.85	0	7.9	0.0	0.0	0.0	0.0	1.0	1	1953	205.7	411.9	0.34	7.9	1
875.95	0	7.9	0.0	0.0	0.0	0.0	1.0	1	1953	205.7	411.9	0.34	7.91	1
876.05	0	7.9	0.0	0.0	0.0	0.0	1.0	1	1953	205.7	411.9	0.34	7.91	1
876.15	0	7.9	0.0	0.0	0.0	0.0	1.0	1	1953	205.7	411.9	0.34	7.91	1
876.25	0	7.9	0.0	0.0	0.0	0.0	1.0	1	1953	205.7	411.9	0.34	7.91	1
876.35	0	7.9	0.0	0.0	0.0	0.0	1.0	1	1953	205.7	411.9	0.34	7.92	1
876.45	0	7.9	0.0	0.0	0.0	0.0	1.0	1	1953	205.7	411.9	0.34	7.92	1
876.55	0	7.9	0.0	0.0	0.0	0.0	1.0	1	1953	205.7	411.9	0.34	7.92	1
876.66	0	7.9	0.0	0.0	0.0	0.0	1.0	1	1953	205.7	411.9	0.34	7.93	1
876.79	0	7.9	0.0	0.0	0.0	0.0	1.0	1	1953	205.7	411.9	0.34	7.93	1
876.89	0	7.9	0.0	0.0	0.0	0.0	1.0	1	1953	205.7	411.9	0.34	7.93	1
876.99	0	7.9	0.0	0.0	0.0	0.0	1.0	1	1953	205.7	411.9	0.34	7.94	1
877.09	0	7.9	0.0	0.0	0.0	0.0	1.0	1	1953	205.7	411.9	0.34	7.94	1
877.19	0	7.9	0.0	0.0	0.0	0.0	1.0	1	1953	205.7	411.9	0.34	7.94	1
877.29	0	7.9	0.0	0.0	0.0	0.0	1.0	1	1953	205.7	411.9	0.34	7.94	1
877.39	0	7.9	0.0	0.0	0.0	0.0	1.0	1	1953	205.7	411.9	0.34	7.95	1
877.49	0	7.9	0.0	0.0	0.0	0.0	1.0	1	1953	205.7	411.9	0.34	7.95	1
877.59	0	8.0	0.0	0.0	0.0	0.0	1.0	1	1953	205.7	411.9	0.34	7.95	1
877.69	0	8.0	0.0	0.0	0.0	0.0	1.0	1	1953	205.7	411.9	0.34	7.95	1
877.79	0	8.0	0.0	0.0	0.0	0.0	1.0	1	1953	205.7	411.9	0.34	7.96	1
877.89	0	8.0	0.0	0.0	0.0	0.0	1.0	1	1953	205.7	411.9	0.34	7.96	1
877.99	0	8.0	0.0	0.0	0.0	0.0	1.0	1	1953	205.7	411.9	0.34	7.96	1
878.09	0	8.0	0.0	0.0	0.0	0.0	1.0	1	1953	205.7	411.9	0.34	7.97	1
878.19	0	8.0	0.0	0.0	0.0	0.0	1.0	1	1953	205.7	411.9	0.34	7.97	1
878.29	0	8.0	0.0	0.0	0.0	0.0	1.0	1	1953	205.7	411.9	0.34	7.97	1
878.39	0	8.0	0.0	0.0	0.0	0.0	1.0	1	1953	205.7	411.9	0.34	7.97	1
878.49	0	8.0	0.0	0.0	0.0	0.0	1.0	1	1953	205.7	411.9	0.34	7.98	1
878.59	0	8.0	0.0	0.0	0.0	0.0	1.0	1	1953	205.7	411.9	0.34	7.98	1
878.69	0	8.0	0.0	0.0	0.0	0.0	1.0	1	1953	205.7	411.9	0.34	7.98	1
878.79	0	8.0	0.0	0.0	0.0	0.0	1.0	1	1953	205.7	411.9	0.34	7.99	1
878.89	0	8.0	0.0	0.0	0.0	0.0	1.0	1	1953	205.7	411.9	0.34	7.99	1
878.99	0	8.0	0.0	0.0	0.0	0.0	1.0	1	1953	205.7	411.9	0.34	7.99	1
879.09	0	8.0	0.0	0.0	0.0	0.0	1.0	1	1953	205.7	411.9	0.34	7.99	1
879.19	0	8.0	0.0	0.0	0.0	0.0	1.0	1	1953	205.7	411.9	0.34	8.0	1
879.29	0	8.0	0.0	0.0	0.0	0.0	1.0	1	1953	205.7	411.9	0.34	8.0	1
879.39	0	8.0	0.0	0.0	0.0	0.0	1.0	1	1953	205.7	411.9	0.34	8.0	1
879.49	0	8.0	0.0	0.0	0.0	0.0	1.0	1	1953	205.7	411.9	0.34	8.01	1
879.59	0	8.0	0.0	0.0	0.0	0.0	1.0	1	1953	205.7	411.9	0.34	8.01	1
879.69	0	8.0	0.0	0.0	0.0	0.0	1.0	1	1953	205.7	411.9	0.34	8.01	1
879.79	0	8.0	0.0	0.0	0.0	0.0	1.0	1	1953	205.7	411.9	0.34	8.01	1
879.89	0	8.0	0.0	0.0	0.0	0.0	1.0	1	1953	205.7	411.9	0.34	8.02	1
879.99	0	8.0	0.0	0.0	0.0	0.0	1.0	1	1953	205.7	411.9	0.34	8.02	1
880.09	0	8.0	0.0	0.0	0.0	0.0	1.0	1	1953	205.7	411.9	0.34	8.02	1
880.19	0	8.0	0.0	0.0	0.0	0.0	1.0	1	1953	205.7	411.9	0.34	8.03	1
880.29	0	8.0	0.0	0.0	0.0	0.0	1.0	1	1953	205.7	411.9	0.34	8.03	1
880.39	0	8.0	0.0	0.0	0.0	0.0	1.0	1	1953	205.7	411.9	0.34	8.03	1
880.49	0	8.0	0.0	0.0	0.0	0.0	1.0	1	1953	205.7	411.9	0.34	8.03	1
880.59	0	8.0	0.0	0.0	0.0	0.0	1.0	1	1953	205.7	411.9	0.34	8.04	1
880.69	0	8.0	0.0	0.0	0.0	0.0	1.0	1	1953	205.7	411.9	0.34	8.04	1
880.79	0	8.0	0.0	0.0	0.0	0.0	1.0	1	1953	205.7	411.9	0.34	8.04	1
880.89	0	8.0	0.0	0.0	0.0	0.0	1.0	1	1953	205.7	411.9	0.34	8.05	1
880.99	0	8.0	0.0	0.0	0.0	0.0	1.0	1	1953	205.7	411.9	0.34	8.05	1
881.09	0	8.1	0.0	0.0	0.0	0.0	1.0	1	1953	205.7	411.9	0.34	8.05	1
881.19	0	8.1	0.0	0.0	0.0	0.0	1.0	1	1953	205.7	411.9	0.34	8.05	1
881.29	0	8.1	0.0	0.0	0.0	0.0	1.0	1	1953	205.7	411.9	0.34	8.06	1
881.39	0	8.1	0.0	0.0	0.0	0.0	1.0	1	1953	205.7	411.9	0.34	8.06	1
881.49	0	8.1	0.0	0.0	0.0	0.0	1.0	1	1953	205.7	411.9	0.34	8.06	1
881.59	0	8.1	0.0	0.0	0.0	0.0	1.0	1	1953	205.7	411.9	0.34	8.06	1
881.69	0	8.1	0.0	0.0	0.0	0.0	1.0	1	1953	205.7	411.9	0.34	8.07	1
881.79	0	8.1	0.0	0.0	0.0	0.0	1.0	1	1953	205.7	411.9	0.34	8.07	1
881.89	0	8.1	0.0	0.0	0.0	0.0	1.0	1	1953	205.7	411.9	0.34	8.07	1
881.99	0	8.1	0.0	0.0	0.0	0.0	1.0	1	1953	205.7	411.9	0.34	8.08	1
882.09	0	8.1	0.0	0.0	0.0	0.0	1.0	1	1953	205.7	411.9	0.34	8.08	1
882.19	0	8.1	0.0	0.0	0.0	0.0	1.0	1	1953	205.7	411.9	0.34	8.08	1
882.29	0	8.1	0.0	0.0	0.0	0.0	1.0	1	1953	205.7	411.9	0.34	8.08	1
882.39	0	8.1	0.0	0.0	0.0	0.0	1.0	1	1953	205.7	411.9	0.34	8.09	1
882.49	0	8.1	0.0	0.0	0.0	0.0	1.0	1	1953	205.7	411.9	0.34	8.09	1
882.59	0	8.1	0.0	0.0	0.0	0.0	1.0	1	1953	205.7	411.9	0.34	8.09	1
882.69	0	8.1	0.0	0.0	0.0	0.0	1.0	1	1953	205.7	411.9	0.34	8.1	1
882.79	0	8.1	0.0	0.0	0.0	0.0	1.0	1	1953	205.7	411.9	0.34	8.1	1
882.91	0	8.1	0.0	0.0	0.0	0.0	1.0	1	1953	205.7	411.9	0.34	8.1	1
883.01	0	8.1	0.0	0.0	0.0	0.0	1.0	1	1953	205.7	411.9	0.34	8.11	1
883.11	0	8.1	0.0	0.0	0.0	0.0	1.0	1	1953	205.7	411.9	0.34	8.11	1
883.21	0	8.1	0.0	0.0	0.0	0.0	1.0	1	1953	205.7	411.9	0.34	8.11	1
883.31	0	8.1	0.0	0.0	0.0	0.0	1.0	1	1953	205.7	411.9	0.34	8.11	1
883.41	0	8.1	0.0	0.0	0.0	0.0	1.0	1	1953	205.7	411.9	0.34	8.12	1
883.51	0	8.1	0.0	0.0	0.0	0.0	1.0	1	1953	205.7	411.9	0.34	8.12	1
883.61	0	8.1	0.0	0.0	0.0	0.0	1.0	1	1953	205.7	411.9	0.34	8.12	1
883.71	0	8.1	0.0	0.0	0.0	0.0	1.0	1	1953	205.7	411.9	0.34	8.12	1
883.81	0	8.1	0.0	0.0	0.0	0.0	1.0	1	1953	205.7	411.9	0.34	8.13	1
883.91	0	8.1	0.0	0.0	0.0	0.0	1.0	1	1953	205.7	411.9	0.34	8.13	1
884.01	0	8.1	0.0	0.0	0.0	0.0	1.0	1	1953	205.7	411.9	0.34	8.13	1
884.11	0	8.1	0.0	0.0	0.0	0.0	1.0	1	1953	205.7	411.9	0.34	8.14	1
884.21	0	8.1	0.0	0.0	0.0	0.0	1.0	1	1953	205.7	411.9	0.34	8.14	1
884.31	0	8.1	0.0	0.0	0.0	0.0	1.0	1	1953	205.7	411.9	0.34	8.14	1
884.41	0	8.1	0.0	0.0	0.0	0.0	1.0	1	1953	205.7	411.9	0.34	8.14	1
884.51	0	8.1	0.0	0.0	0.0	0.0	1.0	1	1953	205.7	411.9	0.34	8.15	1
884.61	0	8.2	0.0	0.0	0.0	0.0	1.0	1	1953	205.7	411.9	0.34	8.15	1
884.71	0	8.2	0.0	0.0	0.0	0.0	1.0	1	1953	205.7	411.9	0.34	8.15	1
884.81	0	8.2	0.0	0.0	0.0	0.0	1.0	1	1953	205.7	411.9	0.34	8.16	1
884.91	0	8.2	0.0	0.0	0.0	0.0	1.0	1	1953	205.7	411.9	0.34	8.16	1
885.01	0	8.2	0.0	0.0	0.0	0.0	1.0	1	1953	205.7	411.9	0.34	8.16	1
885.11	0	8.2	0.0	0.0	0.0	0.0	1.0	1	1953	205.7	411.9	0.34	8.16	1
885.21	0	8.2	0.0	0.0	0.0	0.0	1.0	1	1953	205.7	411.9	0.34	8.17	1
885.31	0	8.2	0.0	0.0	0.0	0.0	1.0	1	1953	205.7	411.9	0.34	8.17	1
885.41	0	8.2	0.0	0.0	0.0	0.0	1.0	1	1953	205.7	411.9	0.34	8.17	1
885.51	0	8.2	0.0	0.0	0.0	0.0	1.0	1	1953	205.7	411.9	0.34	8.18	1
885.61	0	8.2	0.0	0.0	0.0	0.0	1.0	1	1953	205.7	411.9	0.34	8.18	1
885.71	0	8.2	0.0	0.0	0.0	0.0	1.0	1	1953	205.7	411.9	0.34	8.18	1
885.81	0	8.2	0.0	0.0	0.0	0.0	1.0	1	1953	205.7	411.9	0.34	8.18	1
885.91	0	8.2	0.0	0.0	0.0	0.0	1.0	1	1953	205.7	411.9	0.34	8.19	1
886.01	0	8.2	0.0	0.0	0.0	0.0	1.0	1	1953	205.7	411.9	0.34	8.19	1
886.11	0	8.2	0.0	0.0	0.0	0.0	1.0	1	1953	205.7	411.9	0.34	8.19	1
886.21	0	8.2	0.0	0.0	0.0	0.0	1.0	1	1953	205.7	411.9	0.34	8.2	1
886.31	0	8.2	0.0	0.0	0.0	0.0	1.0	1	1953	205.7	411.9	0.34	8.2	1
886.41	0	8.2	0.0	0.0	0.0	0.0	1.0	1	1953	205.7	411.9	0.34	8.2	1
886.51	0	8.2	0.0	0.0	0.0	0.0	1.0	1	1953	205.7	411.9	0.34	8.2	1
886.61	0	8.2	0.0	0.0	0.0	0.0	1.0	1	1953	205.7	411.9	0.34	8.21	1
886.73	0	8.2	0.0	0.0	0.0	0.0	1.0	1	1953	205.7	411.9	0.34	8.21	1
886.84	0	8.2	0.0	0.0	0.0	0.0	1.0	1	1953	205.7	411.9	0.34	8.21	1
886.94	0	8.2	0.0	0.0	0.0	0.0	1.0	1	1953	205.7	411.9	0.34	8.22	1
887.04	0	8.2	0.0	0.0	0.0	0.0	1.0	1	1953	205.7	411.9	0.34	8.22	1
887.14	0	8.2	0.0	0.0	0.0	0.0	1.0	1	1953	205.7	411.9	0.34	8.22	1
887.24	0	8.2	0.0	0.0	0.0	0.0	1.0	1	1953	205.7	411.9	0.34	8.23	1
887.34	0	8.2	0.0	0.0	0.0	0.0	1.0	1	1953	205.7	411.9	0.34	8.23	1
887.44	0	8.2	0.0	0.0	0.0	0.0	1.0	1	1953	205.7	411.9	0.34	8.23	1
887.54	0	8.2	0.0	0.0	0.0	0.0	1.0	1	1953	205.7	411.9	0.34	8.23	1
887.64	0	8.2	0.0	0.0	0.0	0.0	1.0	1	1953	205.7	411.9	0.34	8.24	1
887.74	0	8.2	0.0	0.0	0.0	0.0	1.0	1	1953	205.7	411.9	0.35	8.24	1
887.84	0	8.2	0.0	0.0	0.0	0.0	1.0	1	1953	205.7	411.9	0.35	8.24	1
887.94	0	8.2	0.0	0.0	0.0	0.0	1.0	1	1953	205.7	411.9	0.35	8.25	1
888.04	0	8.2	0.0	0.0	0.0	0.0	1.0	1	1953	205.7	411.9	0.35	8.25	1
888.14	0	8.3	0.0	0.0	0.0	0.0	1.0	1	1953	205.7	411.9	0.35	8.25	1
888.24	0	8.3	0.0	0.0	0.0	0.0	1.0	1	1953	205.7	411.9	0.35	8.25	1
888.34	0	8.3	0.0	0.0	0.0	0.0	1.0	1	1953	205.7	411.9	0.35	8.26	1
888.44	0	8.3	0.0	0.0	0.0	0.0	1.0	1	1953	205.7	411.9	0.35	8.26	1
888.54	0	8.3	0.0	0.0	0.0	0.0	1.0	1	1953	205.7	411.9	0.35	8.26	1
888.64	0	8.3	0.0	0.0	0.0	0.0	1.0	1	1953	205.7	411.9	0.35	8.27	1
888.74	0	8.3	0.0	0.0	0.0	0.0	1.0	1	1953	205.7	411.9	0.35	8.27	1
888.84	0	8.3	0.0	0.0	0.0	0.0	1.0	1	1953	205.7	411.9	0.35	8.27	1
888.94	0	8.3	0.0	0.0	0.0	0.0	1.0	1	1953	205.7	411.9	0.35	8.27	1
889.04	0	8.3	0.0	0.0	0.0	0.0	1.0	1	1953	205.7	411.9	0.35	8.28	1
889.14	0	8.3	0.0	0.0	0.0	0.0	1.0	1	1953	205.7	411.9	0.35	8.28	1
889.24	0	8.3	0.0	0.0	0.0	0.0	1.0	1	1953	205.7	411.9	0.35	8.28	1
889.34	0	8.3	0.0	0.0	0.0	0.0	1.0	1	1953	205.7	411.9	0.35	8.29	1
889.44	0	8.3	0.0	0.0	0.0	0.0	1.0	1	1953	205.7	411.9	0.35	8.29	1
889.54	0	8.3	0.0	0.0	0.0	0.0	1.0	1	1953	205.7	411.9	0.35	8.29	1
889.64	0	8.3	0.0	0.0	0.0	0.0	1.0	1	1953	205.7	411.9	0.35	8.29	1
889.74	0	8.3	0.0	0.0	0.0	0.0	1.0	1	1953	205.7	411.9	0.35	8.3	1
889.84	0	8.3	0.0	0.0	0.0	0.0	1.0	1	1953	205.7	411.9	0.35	8.3	1
889.94	0	8.3	0.0	0.0	0.0	0.0	1.0	1	1953	205.7	411.9	0.35	8.3	1
890.04	0	8.3	0.0	0.0	0.0	0.0	1.0	1	1953	205.7	411.9	0.35	8.31	1
890.14	0	8.3	0.0	0.0	0.0	0.0	1.0	1	1953	205.7	411.9	0.35	8.31	1
890.24	0	8.3	0.0	0.0	0.0	0.0	1.0	1	1953	205.7	411.9	0.35	8.31	1
890.34	0	8.3	0.0	0.0	0.0	0.0	1.0	1	1953	205.7	411.9	0.35	8.31	1
890.44	0	8.3	0.0	0.0	0.0	0.0	1.0	1	1953	205.7	411.9	0.35	8.32	1
890.54	0	8.3	0.0	0.0	0.0	0.0	1.0	1	1953	205.7	411.9	0.35	8.32	1
890.64	0	8.3	0.0	0.0	0.0	0.0	1.0	1	1953	205.7	411.9	0.35	8.32	1
890.74	0	8.3	0.0	0.0	0.0	0.0	1.0	1	1953	205.7	411.9	0.35	8.33	1
890.84	0	8.3	0.0	0.0	0.0	0.0	1.0	1	1953	205.7	411.9	0.35	8.33	1
890.94	0	8.3	0.0	0.0	0.0	0.0	1.0	1	1953	205.7	411.9	0.35	8.33	1
891.06	0	8.3	0.0	0.0	0.0	0.0	1.0	1	1953	205.7	411.9	0.35	8.33	1
891.16	0	8.3	0.0	0.0	0.0	0.0	1.0	1	1953	205.7	411.9	0.35	8.34	1
891.26	0	8.3	0.0	0.0	0.0	0.0	1.0	1	1953	205.7	411.9	0.35	8.34	1
891.36	0	8.3	0.0	0.0	0.0	0.0	1.0	1	1953	205.7	411.9	0.35	8.34	1
891.46	0	8.3	0.0	0.0	0.0	0.0	1.0	1	1953	205.7	411.9	0.35	8.35	1
891.56	0	8.3	0.0	0.0	0.0	0.0	1.0	1	1953	205.7	411.9	0.35	8.35	1
891.66	0	8.4	0.0	0.0	0.0	0.0	1.0	1	1953	205.7	411.9	0.35	8.35	1
891.76	0	8.4	0.0	0.0	0.0	0.0	1.0	1	1953	205.7	411.9	0.35	8.36	1
891.86	0	8.4	0.0	0.0	0.0	0.0	1.0	1	1953	205.7	411.9	0.35	8.36	1
891.96	0	8.4	0.0	0.0	0.0	0.0	1.0	1	1953	205.7	411.9	0.35	8.36	1
892.06	0	8.4	0.0	0.0	0.0	0.0	1.0	1	1953	205.7	411.9	0.35	8.36	1
892.16	0	8.4	0.0	0.0	0.0	0.0	1.0	1	1953	205.7	411.9	0.35	8.37	1
892.26	0	8.4	0.0	0.0	0.0	0.0	1.0	1	1953	205.7	411.9	0.35	8.37	1
892.36	0	8.4	0.0	0.0	0.0	0.0	1.0	1	1953	205.7	411.9	0.35	8.37	1
892.46	0	8.4	0.0	0.0	0.0	0.0	1.0	1	1953	205.7	411.9	0.35	8.38	1
892.55	0	8.4	0.0	0.0	0.0	0.0	1.0	1	1953	205.7	411.9	0.35	8.38	1
892.65	0	8.4	0.0	0.0	0.0	0.0	1.0	1	1953	205.7	411.9	0.35	8.38	1
892.75	0	8.4	0.0	0.0	0.0	0.0	1.0	1	1953	205.7	411.9	0.35	8.38	1
892.85	0	8.4	0.0	0.0	0.0	0.0	1.0	1	1953	205.7	411.9	0.35	8.39	1
892.95	0	8.4	0.0	0.0	0.0	0.0	1.0	1	1953	205.7	411.9	0.35	8.39	1
893.05	0	8.4	0.0	0.0	0.0	0.0	1.0	1	1953	205.7	411.9	0.35	8.39	1
893.15	0	8.4	0.0	0.0	0.0	0.0	1.0	1	1953	205.7	411.9	0.35	8.4	1
893.25	0	8.4	0.0	0.0	0.0	0.0	1.0	1	1953	205.7	411.9	0.35	8.4	1
893.35	0	8.4	0.0	0.0	0.0	0.0	1.0	1	1953	205.7	411.9	0.35	8.4	1
893.45	0	8.4	0.0	0.0	0.0	0.0	1.0	1	1953	205.7	411.9	0.35	8.4	1
893.55	0	8.4	0.0	0.0	0.0	0.0	1.0	1	1953	205.7	411.9	0.35	8.41	1
893.65	0	8.4	0.0	0.0	0.0	0.0	1.0	1	1953	205.7	411.9	0.35	8.41	1
893.76	0	8.4	0.0	0.0	0.0	0.0	1.0	1	1953	205.7	411.9	0.35	8.41	1
893.85	0	8.4	0.0	0.0	0.0	0.0	1.0	1	1953	205.7	411.9	0.35	8.42	1
893.96	0	8.4	0.0	0.0	0.0	0.0	1.0	1	1953	205.7	411.9	0.35	8.42	1
894.06	0	8.4	0.0	0.0	0.0	0.0	1.0	1	1953	205.7	411.9	0.35	8.42	1
894.16	0	8.4	0.0	0.0	0.0	0.0	1.0	1	1953	205.7	411.9	0.35	8.42	1
894.26	0	8.4	0.0	0.0	0.0	0.0	1.0	1	1953	205.7	411.9	0.35	8.43	1
894.36	0	8.4	0.0	0.0	0.0	0.0	1.0	1	1953	205.7	411.9	0.35	8.43	1
894.46	0	8.4	0.0	0.0	0.0	0.0	1.0	1	1953	205.7	411.9	0.35	8.43	1
894.56	0	8.4	0.0	0.0	0.0	0.0	1.0	1	1953	205.7	411.9	0.35	8.44	1
894.65	0	8.4	0.0	0.0	0.0	0.0	1.0	1	1953	205.7	411.9	0.35	8.44	1
894.76	0	8.4	0.0	0.0	0.0	0.0	1.0	1	1953	205.7	411.9	0.35	8.44	1
894.86	0	8.4	0.0	0.0	0.0	0.0	1.0	1	1953	205.7	411.9	0.35	8.44	1
894.96	0	8.4	0.0	0.0	0.0	0.0	1.0	1	1953	205.7	411.9	0.35	8.45	1
895.06	0	8.5	0.0	0.0	0.0	0.0	1.0	1	1953	205.7	411.9	0.35	8.45	1
895.16	0	8.5	0.0	0.0	0.0	0.0	1.0	1	1953	205.7	411.9	0.35	8.45	1
895.26	0	8.5	0.0	0.0	0.0	0.0	1.0	1	1953	205.7	411.9	0.35	8.46	1
895.36	0	8.5	0.0	0.0	0.0	0.0	1.0	1	1953	205.7	411.9	0.35	8.46	1
895.46	0	8.5	0.0	0.0	0.0	0.0	1.0	1	1953	205.7	411.9	0.35	8.46	1
895.56	0	8.5	0.0	0.0	0.0	0.0	1.0	1	1953	205.7	411.9	0.35	8.46	1
895.66	0	8.5	0.0	0.0	0.0	0.0	1.0	1	1953	205.7	411.9	0.35	8.47	1
895.76	0	8.5	0.0	0.0	0.0	0.0	1.0	1	1953	205.7	411.9	0.35	8.47	1
895.86	0	8.5	0.0	0.0	0.0	0.0	1.0	1	1953	205.7	411.9	0.35	8.47	1
895.96	0	8.5	0.0	0.0	0.0	0.0	1.0	1	1953	205.7	411.9	0.35	8.48	1
896.06	0	8.5	0.0	0.0	0.0	0.0	1.0	1	1953	205.7	411.9	0.35	8.48	1
896.16	0	8.5	0.0	0.0	0.0	0.0	1.0	1	1953	205.7	411.9	0.35	8.48	1
896.26	0	8.5	0.0	0.0	0.0	0.0	1.0	1	1953	205.7	411.9	0.35	8.48	1
896.36	0	8.5	0.0	0.0	0.0	0.0	1.0	1	1953	205.7	411.9	0.35	8.49	1
896.46	0	8.5	0.0	0.0	0.0	0.0	1.0	1	1953	205.7	411.9	0.35	8.49	1
896.56	0	8.5	0.0	0.0	0.0	0.0	1.0	1	1953	205.7	411.9	0.35	8.49	1
896.66	0	8.5	0.0	0.0	0.0	0.0	1.0	1	1953	205.7	411.9	0.35	8.5	1
896.79	0	8.5	0.0	0.0	0.0	0.0	1.0	1	1953	205.7	411.9	0.35	8.5	1
896.89	0	8.5	0.0	0.0	0.0	0.0	1.0	1	1953	205.7	411.9	0.35	8.5	1
896.99	0	8.5	0.0	0.0	0.0	0.0	1.0	1	1953	205.7	411.9	0.35	8.51	1
897.09	0	8.5	0.0	0.0	0.0	0.0	1.0	1	1953	205.7	411.9	0.35	8.51	1
897.19	0	8.5	0.0	0.0	0.0	0.0	1.0	1	1953	205.7	411.9	0.35	8.51	1
897.29	0	8.5	0.0	0.0	0.0	0.0	1.0	1	1953	205.7	411.9	0.35	8.51	1
897.39	0	8.5	0.0	0.0	0.0	0.0	1.0	1	1953	205.7	411.9	0.35	8.52	1
897.49	0	8.5	0.0	0.0	0.0	0.0	1.0	1	1953	205.7	411.9	0.35	8.52	1
897.59	0	8.5	0.0	0.0	0.0	0.0	1.0	1	1953	205.7	411.9	0.35	8.52	1
897.69	0	8.5	0.0	0.0	0.0	0.0	1.0	1	1953	205.7	411.9	0.35	8.53	1
897.79	0	8.5	0.0	0.0	0.0	0.0	1.0	1	1953	205.7	411.9	0.35	8.53	1
897.89	0	8.5	0.0	0.0	0.0	0.0	1.0	1	1953	205.7	411.9	0.35	8.53	1
897.99	0	8.5	0.0	0.0	0.0	0.0	1.0	1	1953	205.7	411.9	0.35	8.54	1
898.09	0	8.5	0.0	0.0	0.0	0.0	1.0	1	1953	205.7	411.9	0.35	8.54	1
898.19	0	8.5	0.0	0.0	0.0	0.0	1.0	1	1953	205.7	411.9	0.35	8.54	1
898.29	0	8.5	0.0	0.0	0.0	0.0	1.0	1	1953	205.7	411.9	0.35	8.54	1
898.39	0	8.5	0.0	0.0	0.0	0.0	1.0	1	1953	205.7	411.9	0.35	8.55	1
898.49	0	8.5	0.0	0.0	0.0	0.0	1.0	1	1953	205.7	411.9	0.35	8.55	1
898.59	0	8.6	0.0	0.0	0.0	0.0	1.0	1	1953	205.7	411.9	0.35	8.55	1
898.69	0	8.6	0.0	0.0	0.0	0.0	1.0	1	1953	205.7	411.9	0.35	8.56	1
898.79	0	8.6	0.0	0.0	0.0	0.0	1.0	1	1953	205.7	411.9	0.35	8.56	1
898.89	0	8.6	0.0	0.0	0.0	0.0	1.0	1	1953	205.7	411.9	0.35	8.56	1
898.99	0	8.6	0.0	0.0	0.0	0.0	1.0	1	1953	205.7	411.9	0.35	8.56	1
899.09	0	8.6	0.0	0.0	0.0	0.0	1.0	1	1953	205.7	411.9	0.35	8.57	1
899.2	0	8.6	0.0	0.0	0.0	0.0	1.0	1	1953	205.7	411.9	0.35	8.57	1
899.31	0	8.6	0.0	0.0	0.0	0.0	1.0	1	1953	205.7	411.9	0.35	8.57	1
899.41	0	8.6	0.0	0.0	0.0	0.0	1.0	1	1953	205.7	411.9	0.35	8.58	1
899.51	0	8.6	0.0	0.0	0.0	0.0	1.0	1	1953	205.7	411.9	0.35	8.58	1
899.61	0	8.6	0.0	0.0	0.0	0.0	1.0	1	1953	205.7	411.9	0.35	8.58	1
899.71	0	8.6	0.0	0.0	0.0	0.0	1.0	1	1953	205.7	411.9	0.35	8.58	1
899.81	0	8.6	0.0	0.0	0.0	0.0	1.0	1	1953	205.7	411.9	0.35	8.59	1
899.91	0	8.6	0.0	0.0	0.0	0.0	1.0	1	1953	205.7	411.9	0.35	8.59	1
900.01	0	8.6	0.0	0.0	0.0	0.0	1.0	1	1953	205.7	411.9	0.35	8.59	1
900.11	0	8.6	0.0	0.0	0.0	0.0	1.0	1	1953	205.7	411.9	0.35	8.6	1
900.21	0	8.6	0.0	0.0	0.0	0.0	1.0	1	1953	205.7	411.9	0.35	8.6	1
900.31	0	8.6	0.0	0.0	0.0	0.0	1.0	1	1953	205.7	411.9	0.35	8.6	1
900.41	0	8.6	0.0	0.0	0.0	0.0	1.0	1	1953	205.7	411.9	0.35	8.61	1
900.51	0	8.6	0.0	0.0	0.0	0.0	1.0	1	1953	205.7	411.9	0.35	8.61	1
900.61	0	8.6	0.0	0.0	0.0	0.0	1.0	1	1953	205.7	411.9	0.35	8.61	1
900.71	0	8.6	0.0	0.0	0.0	0.0	1.0	1	1953	205.7	411.9	0.35	8.61	1
900.81	0	8.6	0.0	0.0	0.0	0.0	1.0	1	1953	205.7	411.9	0.35	8.62	1
900.91	0	8.6	0.0	0.0	0.0	0.0	1.0	1	1953	205.7	411.9	0.35	8.62	1
901.01	0	8.6	0.0	0.0	0.0	0.0	1.0	1	1953	205.7	411.9	0.35	8.62	1
901.11	0	8.6	0.0	0.0	0.0	0.0	1.0	1	1953	205.7	411.9	0.35	8.63	1
901.21	0	8.6	0.0	0.0	0.0	0.0	1.0	1	1953	205.7	411.9	0.35	8.63	1
901.31	0	8.6	0.0	0.0	0.0	0.0	1.0	1	1953	205.7	411.9	0.35	8.63	1
901.41	0	8.6	0.0	0.0	0.0	0.0	1.0	1	1953	205.7	411.9	0.35	8.63	1
901.51	0	8.6	0.0	0.0	0.0	0.0	1.0	1	1953	205.7	411.9	0.35	8.64	1
901.61	0	8.6	0.0	0.0	0.0	0.0	1.0	1	1953	205.7	411.9	0.35	8.64	1
901.71	0	8.6	0.0	0.0	0.0	0.0	1.0	1	1953	205.7	411.9	0.35	8.64	1
901.81	0	8.6	0.0	0.0	0.0	0.0	1.0	1	1953	205.7	411.9	0.35	8.65	1
901.91	0	8.6	0.0	0.0	0.0	0.0	1.0	1	1953	205.7	411.9	0.35	8.65	1
902.01	0	8.7	0.0	0.0	0.0	0.0	1.0	1	1953	205.7	411.9	0.35	8.65	1
902.11	0	8.7	0.0	0.0	0.0	0.0	1.0	1	1953	205.7	411.9	0.35	8.65	1
902.21	0	8.7	0.0	0.0	0.0	0.0	1.0	1	1953	205.7	411.9	0.35	8.66	1
902.31	0	8.7	0.0	0.0	0.0	0.0	1.0	1	1953	205.7	411.9	0.35	8.66	1
902.41	0	8.7	0.0	0.0	0.0	0.0	1.0	1	1953	205.7	411.9	0.35	8.66	1
902.51	0	8.7	0.0	0.0	0.0	0.0	1.0	1	1953	205.7	411.9	0.35	8.67	1
902.61	0	8.7	0.0	0.0	0.0	0.0	1.0	1	1953	205.7	411.9	0.35	8.67	1
902.71	0	8.7	0.0	0.0	0.0	0.0	1.0	1	1953	205.7	411.9	0.35	8.67	1
902.81	0	8.7	0.0	0.0	0.0	0.0	1.0	1	1953	205.7	411.9	0.35	8.68	1
902.91	0	8.7	0.0	0.0	0.0	0.0	1.0	1	1953	205.7	411.9	0.35	8.68	1
903.01	0	8.7	0.0	0.0	0.0	0.0	1.0	1	1953	205.7	411.9	0.35	8.68	1
903.11	0	8.7	0.0	0.0	0.0	0.0	1.0	1	1953	205.7	411.9	0.35	8.68	1
903.21	0	8.7	0.0	0.0	0.0	0.0	1.0	1	1953	205.7	411.9	0.35	8.69	1
903.31	0	8.7	0.0	0.0	0.0	0.0	1.0	1	1953	205.7	411.9	0.35	8.69	1
903.41	0	8.7	0.0	0.0	0.0	0.0	1.0	1	1953	205.7	411.9	0.35	8.69	1
903.51	0	8.7	0.0	0.0	0.0	0.0	1.0	1	1953	205.7	411.9	0.35	8.7	1
903.61	0	8.7	0.0	0.0	0.0	0.0	1.0	1	1953	205.7	411.9	0.35	8.7	1
903.71	0	8.7	0.0	0.0	0.0	0.0	1.0	1	1953	205.7	411.9	0.35	8.7	1
903.81	0	8.7	0.0	0.0	0.0	0.0	1.0	1	1953	205.7	411.9	0.35	8.7	1
903.91	0	8.7	0.0	0.0	0.0	0.0	1.0	1	1953	205.7	411.9	0.35	8.71	1
904.01	0	8.7	0.0	0.0	0.0	0.0	1.0	1	1953	205.7	411.9	0.35	8.71	1
904.11	0	8.7	0.0	0.0	0.0	0.0	1.0	1	1953	205.7	411.9	0.35	8.71	1
904.21	0	8.7	0.0	0.0	0.0	0.0	1.0	1	1953	205.7	411.9	0.35	8.72	1
904.31	0	8.7	0.0	0.0	0.0	0.0	1.0	1	1953	205.7	411.9	0.35	8.72	1
904.41	0	8.7	0.0	0.0	0.0	0.0	1.0	1	1953	205.7	411.9	0.35	8.72	1
904.51	0	8.7	0.0	0.0	0.0	0.0	1.0	1	1953	205.7	411.9	0.35	8.73	1
904.61	0	8.7	0.0	0.0	0.0	0.0	1.0	1	1953	205.7	411.9	0.35	8.73	1
904.71	0	8.7	0.0	0.0	0.0	0.0	1.0	1	1953	205.7	411.9	0.35	8.73	1
904.81	0	8.7	0.0	0.0	0.0	0.0	1.0	1	1953	205.7	411.9	0.35	8.73	1
904.91	0	8.7	0.0	0.0	0.0	0.0	1.0	1	1953	205.7	411.9	0.35	8.74	1
905.01	0	8.7	0.0	0.0	0.0	0.0	1.0	1	1953	205.7	411.9	0.35	8.74	1
905.11	0	8.7	0.0	0.0	0.0	0.0	1.0	1	1953	205.7	411.9	0.35	8.74	1
905.21	0	8.7	0.0	0.0	0.0	0.0	1.0	1	1953	205.7	411.9	0.35	8.75	1
905.31	0	8.7	0.0	0.0	0.0	0.0	1.0	1	1953	205.7	411.9	0.35	8.75	1
905.4	0	8.8	0.0	0.0	0.0	0.0	1.0	1	1953	205.7	411.9	0.35	8.75	1
905.51	0	8.8	0.0	0.0	0.0	0.0	1.0	1	1953	205.7	411.9	0.35	8.75	1
905.61	0	8.8	0.0	0.0	0.0	0.0	1.0	1	1953	205.7	411.9	0.35	8.76	1
905.71	0	8.8	0.0	0.0	0.0	0.0	1.0	1	1953	205.7	411.9	0.35	8.76	1
905.8	0	8.8	0.0	0.0	0.0	0.0	1.0	1	1953	205.7	411.9	0.35	8.76	1
905.91	0	8.8	0.0	0.0	0.0	0.0	1.0	1	1953	205.7	411.9	0.35	8.77	1
906.01	0	8.8	0.0	0.0	0.0	0.0	1.0	1	1953	205.7	411.9	0.35	8.77	1
906.11	0	8.8	0.0	0.0	0.0	0.0	1.0	1	1953	205.7	411.9	0.35	8.77	1
906.21	0	8.8	0.0	0.0	0.0	0.0	1.0	1	1953	205.7	411.9	0.35	8.77	1
906.31	0	8.8	0.0	0.0	0.0	0.0	1.0	1	1953	205.7	411.9	0.35	8.78	1
906.4	0	8.8	0.0	0.0	0.0	0.0	1.0	1	1953	205.7	411.9	0.35	8.78	1
906.51	0	8.8	0.0	0.0	0.0	0.0	1.0	1	1953	205.7	411.9	0.35	8.78	1
906.61	0	8.8	0.0	0.0	0.0	0.0	1.0	1	1953	205.7	411.9	0.35	8.79	1
906.73	0	8.8	0.0	0.0	0.0	0.0	1.0	1	1953	205.7	411.9	0.35	8.79	1
906.84	0	8.8	0.0	0.0	0.0	0.0	1.0	1	1953	205.7	411.9	0.35	8.79	1
906.94	0	8.8	0.0	0.0	0.0	0.0	1.0	1	1953	205.7	411.9	0.35	8.8	1
907.04	0	8.8	0.0	0.0	0.0	0.0	1.0	1	1953	205.7	411.9	0.35	8.8	1
907.14	0	8.8	0.0	0.0	0.0	0.0	1.0	1	1953	205.7	411.9	0.35	8.8	1
907.24	0	8.8	0.0	0.0	0.0	0.0	1.0	1	1953	205.7	411.9	0.35	8.81	1
907.35	0	8.8	0.0	0.0	0.0	0.0	1.0	1	1953	205.7	411.9	0.35	8.81	1
907.45	0	8.8	0.0	0.0	0.0	0.0	1.0	1	1953	205.7	411.9	0.35	8.81	1
907.55	0	8.8	0.0	0.0	0.0	0.0	1.0	1	1953	205.7	411.9	0.35	8.81	1
907.65	0	8.8	0.0	0.0	0.0	0.0	1.0	1	1953	205.7	411.9	0.35	8.82	1
907.75	0	8.8	0.0	0.0	0.0	0.0	1.0	1	1953	205.7	411.9	0.35	8.82	1
907.85	0	8.8	0.0	0.0	0.0	0.0	1.0	1	1953	205.7	411.9	0.35	8.82	1
907.95	0	8.8	0.0	0.0	0.0	0.0	1.0	1	1953	205.7	411.9	0.35	8.83	1
908.05	0	8.8	0.0	0.0	0.0	0.0	1.0	1	1953	205.7	411.9	0.35	8.83	1
908.15	0	8.8	0.0	0.0	0.0	0.0	1.0	1	1953	205.7	411.9	0.35	8.83	1
908.25	0	8.8	0.0	0.0	0.0	0.0	1.0	1	1953	205.7	411.9	0.35	8.84	1
908.35	0	8.8	0.0	0.0	0.0	0.0	1.0	1	1953	205.7	411.9	0.35	8.84	1
908.45	0	8.8	0.0	0.0	0.0	0.0	1.0	1	1953	205.7	411.9	0.35	8.84	1
908.55	0	8.8	0.0	0.0	0.0	0.0	1.0	1	1953	205.7	411.9	0.35	8.84	1
908.65	0	8.8	0.0	0.0	0.0	0.0	1.0	1	1953	205.7	411.9	0.35	8.85	1
908.75	0	8.8	0.0	0.0	0.0	0.0	1.0	1	1953	205.7	411.9	0.35	8.85	1
908.85	0	8.9	0.0	0.0	0.0	0.0	1.0	1	1953	205.7	411.9	0.35	8.85	1
908.95	0	8.9	0.0	0.0	0.0	0.0	1.0	1	1953	205.7	411.9	0.35	8.86	1
909.05	0	8.9	0.0	0.0	0.0	0.0	1.0	1	1953	205.7	411.9	0.35	8.86	1
909.15	0	8.9	0.0	0.0	0.0	0.0	1.0	1	1953	205.7	411.9	0.35	8.86	1
909.25	0	8.9	0.0	0.0	0.0	0.0	1.0	1	1953	205.7	411.9	0.35	8.86	1
909.35	0	8.9	0.0	0.0	0.0	0.0	1.0	1	1953	205.7	411.9	0.35	8.87	1
909.45	0	8.9	0.0	0.0	0.0	0.0	1.0	1	1953	205.7	411.9	0.35	8.87	1
909.55	0	8.9	0.0	0.0	0.0	0.0	1.0	1	1953	205.7	411.9	0.35	8.87	1
909.65	0	8.9	0.0	0.0	0.0	0.0	1.0	1	1953	205.7	411.9	0.35	8.88	1
909.75	0	8.9	0.0	0.0	0.0	0.0	1.0	1	1953	205.7	411.9	0.35	8.88	1
909.85	0	8.9	0.0	0.0	0.0	0.0	1.0	1	1953	205.7	411.9	0.35	8.88	1
909.95	0	8.9	0.0	0.0	0.0	0.0	1.0	1	1953	205.7	411.9	0.35	8.89	1
910.05	0	8.9	0.0	0.0	0.0	0.0	1.0	1	1953	205.7	411.9	0.35	8.89	1
910.15	0	8.9	0.0	0.0	0.0	0.0	1.0	1	1953	205.7	411.9	0.35	8.89	1
910.25	0	8.9	0.0	0.0	0.0	0.0	1.0	1	1953	205.7	411.9	0.35	8.89	1
910.35	0	8.9	0.0	0.0	0.0	0.0	1.0	1	1953	205.7	411.9	0.35	8.9	1
910.45	0	8.9	0.0	0.0	0.0	0.0	1.0	1	1953	205.7	411.9	0.35	8.9	1
910.55	0	8.9	0.0	0.0	0.0	0.0	1.0	1	1953	205.7	411.9	0.35	8.9	1
910.65	0	8.9	0.0	0.0	0.0	0.0	1.0	1	1953	205.7	411.9	0.35	8.91	1
910.75	0	8.9	0.0	0.0	0.0	0.0	1.0	1	1953	205.7	411.9	0.35	8.91	1
910.85	0	8.9	0.0	0.0	0.0	0.0	1.0	1	1953	205.7	411.9	0.35	8.91	1
910.95	0	8.9	0.0	0.0	0.0	0.0	1.0	1	1953	205.7	411.9	0.35	8.91	1
911.05	0	8.9	0.0	0.0	0.0	0.0	1.0	1	1953	205.7	411.9	0.35	8.92	1
911.15	0	8.9	0.0	0.0	0.0	0.0	1.0	1	1953	205.7	411.9	0.35	8.92	1
911.25	0	8.9	0.0	0.0	0.0	0.0	1.0	1	1953	205.7	411.9	0.35	8.92	1
911.35	0	8.9	0.0	0.0	0.0	0.0	1.0	1	1953	205.7	411.9	0.35	8.93	1
911.45	0	8.9	0.0	0.0	0.0	0.0	1.0	1	1953	205.7	411.9	0.35	8.93	1
911.55	0	8.9	0.0	0.0	0.0	0.0	1.0	1	1953	205.7	411.9	0.35	8.93	1
911.65	0	8.9	0.0	0.0	0.0	0.0	1.0	1	1953	205.7	411.9	0.35	8.94	1
911.75	0	8.9	0.0	0.0	0.0	0.0	1.0	1	1953	205.7	411.9	0.35	8.94	1
911.85	0	8.9	0.0	0.0	0.0	0.0	1.0	1	1953	205.7	411.9	0.35	8.94	1
911.95	0	8.9	0.0	0.0	0.0	0.0	1.0	1	1953	205.7	411.9	0.35	8.94	1
912.05	0	8.9	0.0	0.0	0.0	0.0	1.0	1	1953	205.7	411.9	0.35	8.95	1
912.15	0	9.0	0.0	0.0	0.0	0.0	1.0	1	1953	205.7	411.9	0.35	8.95	1
912.25	0	9.0	0.0	0.0	0.0	0.0	1.0	1	1953	205.7	411.9	0.35	8.95	1
912.35	0	9.0	0.0	0.0	0.0	0.0	1.0	1	1953	205.7	411.9	0.35	8.96	1
912.45	0	9.0	0.0	0.0	0.0	0.0	1.0	1	1953	205.7	411.9	0.35	8.96	1
912.55	0	9.0	0.0	0.0	0.0	0.0	1.0	1	1953	205.7	411.9	0.35	8.96	1
912.65	0	9.0	0.0	0.0	0.0	0.0	1.0	1	1953	205.7	411.9	0.35	8.97	1
912.75	0	9.0	0.0	0.0	0.0	0.0	1.0	1	1953	205.7	411.9	0.35	8.97	1
912.85	0	9.0	0.0	0.0	0.0	0.0	1.0	1	1953	205.7	411.9	0.35	8.97	1
912.95	0	9.0	0.0	0.0	0.0	0.0	1.0	1	1953	205.7	411.9	0.35	8.97	1
913.05	0	9.0	0.0	0.0	0.0	0.0	1.0	1	1953	205.7	411.9	0.35	8.98	1
913.15	0	9.0	0.0	0.0	0.0	0.0	1.0	1	1953	205.7	411.9	0.35	8.98	1
913.25	0	9.0	0.0	0.0	0.0	0.0	1.0	1	1953	205.7	411.9	0.35	8.98	1
913.35	0	9.0	0.0	0.0	0.0	0.0	1.0	1	1953	205.7	411.9	0.35	8.99	1
913.45	0	9.0	0.0	0.0	0.0	0.0	1.0	1	1953	205.7	411.9	0.35	8.99	1
913.55	0	9.0	0.0	0.0	0.0	0.0	1.0	1	1953	205.7	411.9	0.35	8.99	1
913.65	0	9.0	0.0	0.0	0.0	0.0	1.0	1	1953	205.7	411.9	0.35	8.99	1
913.75	0	9.0	0.0	0.0	0.0	0.0	1.0	1	1953	205.7	411.9	0.36	9.0	1
913.85	0	9.0	0.0	0.0	0.0	0.0	1.0	1	1953	205.7	411.9	0.36	9.0	1
913.95	0	9.0	0.0	0.0	0.0	0.0	1.0	1	1953	205.7	411.9	0.36	9.0	1
914.05	0	9.0	0.0	0.0	0.0	0.0	1.0	1	1953	205.7	411.9	0.36	9.01	1
914.15	0	9.0	0.0	0.0	0.0	0.0	1.0	1	1953	205.7	411.9	0.36	9.01	1
914.25	0	9.0	0.0	0.0	0.0	0.0	1.0	1	1953	205.7	411.9	0.36	9.01	1
914.35	0	9.0	0.0	0.0	0.0	0.0	1.0	1	1953	205.7	411.9	0.36	9.02	1
914.45	0	9.0	0.0	0.0	0.0	0.0	1.0	1	1953	205.7	411.9	0.36	9.02	1
914.55	0	9.0	0.0	0.0	0.0	0.0	1.0	1	1953	205.7	411.9	0.36	9.02	1
914.65	0	9.0	0.0	0.0	0.0	0.0	1.0	1	1953	205.7	411.9	0.36	9.02	1
914.75	0	9.0	0.0	0.0	0.0	0.0	1.0	1	1953	205.7	411.9	0.36	9.03	1
914.85	0	9.0	0.0	0.0	0.0	0.0	1.0	1	1953	205.7	411.9	0.36	9.03	1
914.95	0	9.0	0.0	0.0	0.0	0.0	1.0	1	1953	205.7	411.9	0.36	9.03	1
915.05	0	9.0	0.0	0.0	0.0	0.0	1.0	1	1953	205.7	411.9	0.36	9.04	1
915.15	0	9.0	0.0	0.0	0.0	0.0	1.0	1	1953	205.7	411.9	0.36	9.04	1
915.25	0	9.0	0.0	0.0	0.0	0.0	1.0	1	1953	205.7	411.9	0.36	9.04	1
915.35	0	9.0	0.0	0.0	0.0	0.0	1.0	1	1953	205.7	411.9	0.36	9.05	1
915.47	0	9.0	0.0	0.0	0.0	0.0	1.0	1	1953	205.7	411.9	0.36	9.05	1
915.55	0	9.1	0.0	0.0	0.0	0.0	1.0	1	1953	205.7	411.9	0.36	9.05	1
915.65	0	9.1	0.0	0.0	0.0	0.0	1.0	1	1953	205.7	411.9	0.36	9.05	1
915.75	0	9.1	0.0	0.0	0.0	0.0	1.0	1	1953	205.7	411.9	0.36	9.06	1
915.85	0	9.1	0.0	0.0	0.0	0.0	1.0	1	1953	205.7	411.9	0.36	9.06	1
915.95	0	9.1	0.0	0.0	0.0	0.0	1.0	1	1953	205.7	411.9	0.36	9.06	1
916.05	0	9.1	0.0	0.0	0.0	0.0	1.0	1	1953	205.7	411.9	0.36	9.07	1
916.15	0	9.1	0.0	0.0	0.0	0.0	1.0	1	1953	205.7	411.9	0.36	9.07	1
916.25	0	9.1	0.0	0.0	0.0	0.0	1.0	1	1953	205.7	411.9	0.36	9.07	1
916.35	0	9.1	0.0	0.0	0.0	0.0	1.0	1	1953	205.7	411.9	0.36	9.08	1
916.45	0	9.1	0.0	0.0	0.0	0.0	1.0	1	1953	205.7	411.9	0.36	9.08	1
916.55	0	9.1	0.0	0.0	0.0	0.0	1.0	1	1953	205.7	411.9	0.36	9.08	1
916.65	0	9.1	0.0	0.0	0.0	0.0	1.0	1	1953	205.7	411.9	0.36	9.08	1
916.79	0	9.1	0.0	0.0	0.0	0.0	1.0	1	1953	205.7	411.9	0.36	9.09	1
916.89	0	9.1	0.0	0.0	0.0	0.0	1.0	1	1953	205.7	411.9	0.36	9.09	1
916.99	0	9.1	0.0	0.0	0.0	0.0	1.0	1	1953	205.7	411.9	0.36	9.09	1
917.09	0	9.1	0.0	0.0	0.0	0.0	1.0	1	1953	205.7	411.9	0.36	9.1	1
917.19	0	9.1	0.0	0.0	0.0	0.0	1.0	1	1953	205.7	411.9	0.36	9.1	1
917.29	0	9.1	0.0	0.0	0.0	0.0	1.0	1	1953	205.7	411.9	0.36	9.1	1
917.39	0	9.1	0.0	0.0	0.0	0.0	1.0	1	1953	205.7	411.9	0.36	9.11	1
917.49	0	9.1	0.0	0.0	0.0	0.0	1.0	1	1953	205.7	411.9	0.36	9.11	1
917.59	0	9.1	0.0	0.0	0.0	0.0	1.0	1	1953	205.7	411.9	0.36	9.11	1
917.69	0	9.1	0.0	0.0	0.0	0.0	1.0	1	1953	205.7	411.9	0.36	9.12	1
917.79	0	9.1	0.0	0.0	0.0	0.0	1.0	1	1953	205.7	411.9	0.36	9.12	1
917.89	0	9.1	0.0	0.0	0.0	0.0	1.0	1	1953	205.7	411.9	0.36	9.12	1
917.99	0	9.1	0.0	0.0	0.0	0.0	1.0	1	1953	205.7	411.9	0.36	9.12	1
918.09	0	9.1	0.0	0.0	0.0	0.0	1.0	1	1953	205.7	411.9	0.36	9.13	1
918.19	0	9.1	0.0	0.0	0.0	0.0	1.0	1	1953	205.7	411.9	0.36	9.13	1
918.29	0	9.1	0.0	0.0	0.0	0.0	1.0	1	1953	205.7	411.9	0.36	9.13	1
918.39	0	9.1	0.0	0.0	0.0	0.0	1.0	1	1953	205.7	411.9	0.36	9.14	1
918.49	0	9.1	0.0	0.0	0.0	0.0	1.0	1	1953	205.7	411.9	0.36	9.14	1
918.59	0	9.1	0.0	0.0	0.0	0.0	1.0	1	1953	205.7	411.9	0.36	9.14	1
918.69	0	9.1	0.0	0.0	0.0	0.0	1.0	1	1953	205.7	411.9	0.36	9.14	1
918.79	0	9.1	0.0	0.0	0.0	0.0	1.0	1	1953	205.7	411.9	0.36	9.15	1
918.89	0	9.2	0.0	0.0	0.0	0.0	1.0	1	1953	205.7	411.9	0.36	9.15	1
918.99	0	9.2	0.0	0.0	0.0	0.0	1.0	1	1953	205.7	411.9	0.36	9.15	1
919.09	0	9.2	0.0	0.0	0.0	0.0	1.0	1	1953	205.7	411.9	0.36	9.16	1
919.19	0	9.2	0.0	0.0	0.0	0.0	1.0	1	1953	205.7	411.9	0.36	9.16	1
919.29	0	9.2	0.0	0.0	0.0	0.0	1.0	1	1953	205.7	411.9	0.36	9.16	1
919.39	0	9.2	0.0	0.0	0.0	0.0	1.0	1	1953	205.7	411.9	0.36	9.17	1
919.49	0	9.2	0.0	0.0	0.0	0.0	1.0	1	1953	205.7	411.9	0.36	9.17	1
919.59	0	9.2	0.0	0.0	0.0	0.0	1.0	1	1953	205.7	411.9	0.36	9.17	1
919.69	0	9.2	0.0	0.0	0.0	0.0	1.0	1	1953	205.7	411.9	0.36	9.17	1
919.79	0	9.2	0.0	0.0	0.0	0.0	1.0	1	1953	205.7	411.9	0.36	9.18	1
919.89	0	9.2	0.0	0.0	0.0	0.0	1.0	1	1953	205.7	411.9	0.36	9.18	1
919.99	0	9.2	0.0	0.0	0.0	0.0	1.0	1	1953	205.7	411.9	0.36	9.18	1
920.09	0	9.2	0.0	0.0	0.0	0.0	1.0	1	1953	205.7	411.9	0.36	9.19	1
920.19	0	9.2	0.0	0.0	0.0	0.0	1.0	1	1953	205.7	411.9	0.36	9.19	1
920.29	0	9.2	0.0	0.0	0.0	0.0	1.0	1	1953	205.7	411.9	0.36	9.19	1
920.39	0	9.2	0.0	0.0	0.0	0.0	1.0	1	1953	205.7	411.9	0.36	9.2	1
920.49	0	9.2	0.0	0.0	0.0	0.0	1.0	1	1953	205.7	411.9	0.36	9.2	1
920.59	0	9.2	0.0	0.0	0.0	0.0	1.0	1	1953	205.7	411.9	0.36	9.2	1
920.69	0	9.2	0.0	0.0	0.0	0.0	1.0	1	1953	205.7	411.9	0.36	9.2	1
920.79	0	9.2	0.0	0.0	0.0	0.0	1.0	1	1953	205.7	411.9	0.36	9.21	1
920.89	0	9.2	0.0	0.0	0.0	0.0	1.0	1	1953	205.7	411.9	0.36	9.21	1
920.99	0	9.2	0.0	0.0	0.0	0.0	1.0	1	1953	205.7	411.9	0.36	9.21	1
921.09	0	9.2	0.0	0.0	0.0	0.0	1.0	1	1953	205.7	411.9	0.36	9.22	1
921.19	0	9.2	0.0	0.0	0.0	0.0	1.0	1	1953	205.7	411.9	0.36	9.22	1
921.29	0	9.2	0.0	0.0	0.0	0.0	1.0	1	1953	205.7	411.9	0.36	9.22	1
921.39	0	9.2	0.0	0.0	0.0	0.0	1.0	1	1953	205.7	411.9	0.36	9.23	1
921.49	0	9.2	0.0	0.0	0.0	0.0	1.0	1	1953	205.7	411.9	0.36	9.23	1
921.59	0	9.2	0.0	0.0	0.0	0.0	1.0	1	1953	205.7	411.9	0.36	9.23	1
921.69	0	9.2	0.0	0.0	0.0	0.0	1.0	1	1953	205.7	411.9	0.36	9.23	1
921.79	0	9.2	0.0	0.0	0.0	0.0	1.0	1	1953	205.7	411.9	0.36	9.24	1
921.89	0	9.2	0.0	0.0	0.0	0.0	1.0	1	1953	205.7	411.9	0.36	9.24	1
921.99	0	9.2	0.0	0.0	0.0	0.0	1.0	1	1953	205.7	411.9	0.36	9.24	1
922.09	0	9.2	0.0	0.0	0.0	0.0	1.0	1	1953	205.7	411.9	0.36	9.25	1
922.19	0	9.2	0.0	0.0	0.0	0.0	1.0	1	1953	205.7	411.9	0.36	9.25	1
922.29	0	9.3	0.0	0.0	0.0	0.0	1.0	1	1953	205.7	411.9	0.36	9.25	1
922.39	0	9.3	0.0	0.0	0.0	0.0	1.0	1	1953	205.7	411.9	0.36	9.26	1
922.49	0	9.3	0.0	0.0	0.0	0.0	1.0	1	1953	205.7	411.9	0.36	9.26	1
922.59	0	9.3	0.0	0.0	0.0	0.0	1.0	1	1953	205.7	411.9	0.36	9.26	1
922.69	0	9.3	0.0	0.0	0.0	0.0	1.0	1	1953	205.7	411.9	0.36	9.26	1
922.79	0	9.3	0.0	0.0	0.0	0.0	1.0	1	1953	205.7	411.9	0.36	9.27	1
922.89	0	9.3	0.0	0.0	0.0	0.0	1.0	1	1953	205.7	411.9	0.36	9.27	1
922.99	0	9.3	0.0	0.0	0.0	0.0	1.0	1	1953	205.7	411.9	0.36	9.27	1
923.09	0	9.3	0.0	0.0	0.0	0.0	1.0	1	1953	205.7	411.9	0.36	9.28	1
923.19	0	9.3	0.0	0.0	0.0	0.0	1.0	1	1953	205.7	411.9	0.36	9.28	1
923.29	0	9.3	0.0	0.0	0.0	0.0	1.0	1	1953	205.7	411.9	0.36	9.28	1
923.39	0	9.3	0.0	0.0	0.0	0.0	1.0	1	1953	205.7	411.9	0.36	9.29	1
923.49	0	9.3	0.0	0.0	0.0	0.0	1.0	1	1953	205.7	411.9	0.36	9.29	1
923.62	0	9.3	0.0	0.0	0.0	0.0	1.0	1	1953	205.7	411.9	0.36	9.29	1
923.7	0	9.3	0.0	0.0	0.0	0.0	1.0	1	1953	205.7	411.9	0.36	9.3	1
923.8	0	9.3	0.0	0.0	0.0	0.0	1.0	1	1953	205.7	411.9	0.36	9.3	1
923.9	0	9.3	0.0	0.0	0.0	0.0	1.0	1	1953	205.7	411.9	0.36	9.3	1
924.0	0	9.3	0.0	0.0	0.0	0.0	1.0	1	1953	205.7	411.9	0.36	9.3	1
924.1	0	9.3	0.0	0.0	0.0	0.0	1.0	1	1953	205.7	411.9	0.36	9.31	1
924.2	0	9.3	0.0	0.0	0.0	0.0	1.0	1	1953	205.7	411.9	0.36	9.31	1
924.3	0	9.3	0.0	0.0	0.0	0.0	1.0	1	1953	205.7	411.9	0.36	9.31	1
924.4	0	9.3	0.0	0.0	0.0	0.0	1.0	1	1953	205.7	411.9	0.36	9.32	1
924.5	0	9.3	0.0	0.0	0.0	0.0	1.0	1	1953	205.7	411.9	0.36	9.32	1
924.6	0	9.3	0.0	0.0	0.0	0.0	1.0	1	1953	205.7	411.9	0.36	9.32	1
924.7	0	9.3	0.0	0.0	0.0	0.0	1.0	1	1953	205.7	411.9	0.36	9.33	1
924.8	0	9.3	0.0	0.0	0.0	0.0	1.0	1	1953	205.7	411.9	0.36	9.33	1
924.9	0	9.3	0.0	0.0	0.0	0.0	1.0	1	1953	205.7	411.9	0.36	9.33	1
925.0	0	9.3	0.0	0.0	0.0	0.0	1.0	1	1953	205.7	411.9	0.36	9.33	1
925.1	0	9.3	0.0	0.0	0.0	0.0	1.0	1	1953	205.7	411.9	0.36	9.34	1
925.2	0	9.3	0.0	0.0	0.0	0.0	1.0	1	1953	205.7	411.9	0.36	9.34	1
925.3	0	9.3	0.0	0.0	0.0	0.0	1.0	1	1953	205.7	411.9	0.36	9.34	1
925.4	0	9.3	0.0	0.0	0.0	0.0	1.0	1	1953	205.7	411.9	0.36	9.35	1
925.5	0	9.3	0.0	0.0	0.0	0.0	1.0	1	1953	205.7	411.9	0.36	9.35	1
925.6	0	9.4	0.0	0.0	0.0	0.0	1.0	1	1953	205.7	411.9	0.36	9.35	1
925.71	0	9.4	0.0	0.0	0.0	0.0	1.0	1	1953	205.7	411.9	0.36	9.36	1
925.8	0	9.4	0.0	0.0	0.0	0.0	1.0	1	1953	205.7	411.9	0.36	9.36	1
925.9	0	9.4	0.0	0.0	0.0	0.0	1.0	1	1953	205.7	411.9	0.36	9.36	1
926.0	0	9.4	0.0	0.0	0.0	0.0	1.0	1	1953	205.7	411.9	0.36	9.36	1
926.1	0	9.4	0.0	0.0	0.0	0.0	1.0	1	1953	205.7	411.9	0.36	9.37	1
926.2	0	9.4	0.0	0.0	0.0	0.0	1.0	1	1953	205.7	411.9	0.36	9.37	1
926.3	0	9.4	0.0	0.0	0.0	0.0	1.0	1	1953	205.7	411.9	0.36	9.37	1
926.4	0	9.4	0.0	0.0	0.0	0.0	1.0	1	1953	205.7	411.9	0.36	9.38	1
926.5	0	9.4	0.0	0.0	0.0	0.0	1.0	1	1953	205.7	411.9	0.36	9.38	1
926.6	0	9.4	0.0	0.0	0.0	0.0	1.0	1	1953	205.7	411.9	0.36	9.38	1
926.72	0	9.4	0.0	0.0	0.0	0.0	1.0	1	1953	205.7	411.9	0.36	9.39	1
926.82	0	9.4	0.0	0.0	0.0	0.0	1.0	1	1953	205.7	411.9	0.36	9.39	1
926.92	0	9.4	0.0	0.0	0.0	0.0	1.0	1	1953	205.7	411.9	0.36	9.39	1
927.02	0	9.4	0.0	0.0	0.0	0.0	1.0	1	1953	205.7	411.9	0.36	9.4	1
927.12	0	9.4	0.0	0.0	0.0	0.0	1.0	1	1953	205.7	411.9	0.36	9.4	1
927.22	0	9.4	0.0	0.0	0.0	0.0	1.0	1	1953	205.7	411.9	0.36	9.4	1
927.32	0	9.4	0.0	0.0	0.0	0.0	1.0	1	1953	205.7	411.9	0.36	9.4	1
927.42	0	9.4	0.0	0.0	0.0	0.0	1.0	1	1953	205.7	411.9	0.36	9.41	1
927.52	0	9.4	0.0	0.0	0.0	0.0	1.0	1	1953	205.7	411.9	0.36	9.41	1
927.62	0	9.4	0.0	0.0	0.0	0.0	1.0	1	1953	205.7	411.9	0.36	9.41	1
927.72	0	9.4	0.0	0.0	0.0	0.0	1.0	1	1953	205.7	411.9	0.36	9.42	1
927.82	0	9.4	0.0	0.0	0.0	0.0	1.0	1	1953	205.7	411.9	0.36	9.42	1
927.92	0	9.4	0.0	0.0	0.0	0.0	1.0	1	1953	205.7	411.9	0.36	9.42	1
928.02	0	9.4	0.0	0.0	0.0	0.0	1.0	1	1953	205.7	411.9	0.36	9.43	1
928.12	0	9.4	0.0	0.0	0.0	0.0	1.0	1	1953	205.7	411.9	0.36	9.43	1
928.22	0	9.4	0.0	0.0	0.0	0.0	1.0	1	1953	205.7	411.9	0.36	9.43	1
928.32	0	9.4	0.0	0.0	0.0	0.0	1.0	1	1953	205.7	411.9	0.36	9.44	1
928.42	0	9.4	0.0	0.0	0.0	0.0	1.0	1	1953	205.7	411.9	0.36	9.44	1
928.52	0	9.4	0.0	0.0	0.0	0.0	1.0	1	1953	205.7	411.9	0.36	9.44	1
928.62	0	9.4	0.0	0.0	0.0	0.0	1.0	1	1953	205.7	411.9	0.36	9.44	1
928.72	0	9.4	0.0	0.0	0.0	0.0	1.0	1	1953	205.7	411.9	0.36	9.45	1
928.82	0	9.5	0.0	0.0	0.0	0.0	1.0	1	1953	205.7	411.9	0.36	9.45	1
928.92	0	9.5	0.0	0.0	0.0	0.0	1.0	1	1953	205.7	411.9	0.36	9.45	1
929.02	0	9.5	0.0	0.0	0.0	0.0	1.0	1	1953	205.7	411.9	0.36	9.46	1
929.12	0	9.5	0.0	0.0	0.0	0.0	1.0	1	1953	205.7	411.9	0.36	9.46	1
929.22	0	9.5	0.0	0.0	0.0	0.0	1.0	1	1953	205.7	411.9	0.36	9.46	1
929.32	0	9.5	0.0	0.0	0.0	0.0	1.0	1	1953	205.7	411.9	0.36	9.47	1
929.42	0	9.5	0.0	0.0	0.0	0.0	1.0	1	1953	205.7	411.9	0.36	9.47	1
929.52	0	9.5	0.0	0.0	0.0	0.0	1.0	1	1953	205.7	411.9	0.36	9.47	1
929.62	0	9.5	0.0	0.0	0.0	0.0	1.0	1	1953	205.7	411.9	0.36	9.47	1
929.72	0	9.5	0.0	0.0	0.0	0.0	1.0	1	1953	205.7	411.9	0.36	9.48	1
929.82	0	9.5	0.0	0.0	0.0	0.0	1.0	1	1953	205.7	411.9	0.36	9.48	1
929.92	0	9.5	0.0	0.0	0.0	0.0	1.0	1	1953	205.7	411.9	0.36	9.48	1
930.02	0	9.5	0.0	0.0	0.0	0.0	1.0	1	1953	205.7	411.9	0.36	9.49	1
930.12	0	9.5	0.0	0.0	0.0	0.0	1.0	1	1953	205.7	411.9	0.36	9.49	1
930.22	0	9.5	0.0	0.0	0.0	0.0	1.0	1	1953	205.7	411.9	0.36	9.49	1
930.32	0	9.5	0.0	0.0	0.0	0.0	1.0	1	1953	205.7	411.9	0.36	9.5	1
930.42	0	9.5	0.0	0.0	0.0	0.0	1.0	1	1953	205.7	411.9	0.36	9.5	1
930.52	0	9.5	0.0	0.0	0.0	0.0	1.0	1	1953	205.7	411.9	0.36	9.5	1
930.62	0	9.5	0.0	0.0	0.0	0.0	1.0	1	1953	205.7	411.9	0.36	9.5	1
930.72	0	9.5	0.0	0.0	0.0	0.0	1.0	1	1953	205.7	411.9	0.36	9.51	1
930.82	0	9.5	0.0	0.0	0.0	0.0	1.0	1	1953	205.7	411.9	0.36	9.51	1
930.92	0	9.5	0.0	0.0	0.0	0.0	1.0	1	1953	205.7	411.9	0.36	9.51	1
931.02	0	9.5	0.0	0.0	0.0	0.0	1.0	1	1953	205.7	411.9	0.36	9.52	1
931.12	0	9.5	0.0	0.0	0.0	0.0	1.0	1	1953	205.7	411.9	0.36	9.52	1
931.22	0	9.5	0.0	0.0	0.0	0.0	1.0	1	1953	205.7	411.9	0.36	9.52	1
931.32	0	9.5	0.0	0.0	0.0	0.0	1.0	1	1953	205.7	411.9	0.36	9.53	1
931.42	0	9.5	0.0	0.0	0.0	0.0	1.0	1	1953	205.7	411.9	0.36	9.53	1
931.52	0	9.5	0.0	0.0	0.0	0.0	1.0	1	1953	205.7	411.9	0.36	9.53	1
931.62	0	9.5	0.0	0.0	0.0	0.0	1.0	1	1953	205.7	411.9	0.36	9.54	1
931.74	0	9.5	0.0	0.0	0.0	0.0	1.0	1	1953	205.7	411.9	0.36	9.54	1
931.84	0	9.5	0.0	0.0	0.0	0.0	1.0	1	1953	205.7	411.9	0.36	9.54	1
931.94	0	9.5	0.0	0.0	0.0	0.0	1.0	1	1953	205.7	411.9	0.36	9.55	1
932.04	0	9.5	0.0	0.0	0.0	0.0	1.0	1	1953	205.7	411.9	0.36	9.55	1
932.14	0	9.6	0.0	0.0	0.0	0.0	1.0	1	1953	205.7	411.9	0.36	9.55	1
932.24	0	9.6	0.0	0.0	0.0	0.0	1.0	1	1953	205.7	411.9	0.36	9.55	1
932.34	0	9.6	0.0	0.0	0.0	0.0	1.0	1	1953	205.7	411.9	0.36	9.56	1
932.44	0	9.6	0.0	0.0	0.0	0.0	1.0	1	1953	205.7	411.9	0.36	9.56	1
932.54	0	9.6	0.0	0.0	0.0	0.0	1.0	1	1953	205.7	411.9	0.36	9.56	1
932.64	0	9.6	0.0	0.0	0.0	0.0	1.0	1	1953	205.7	411.9	0.36	9.57	1
932.74	0	9.6	0.0	0.0	0.0	0.0	1.0	1	1953	205.7	411.9	0.36	9.57	1
932.84	0	9.6	0.0	0.0	0.0	0.0	1.0	1	1953	205.7	411.9	0.36	9.57	1
932.94	0	9.6	0.0	0.0	0.0	0.0	1.0	1	1953	205.7	411.9	0.36	9.58	1
933.04	0	9.6	0.0	0.0	0.0	0.0	1.0	1	1953	205.7	411.9	0.36	9.58	1
933.14	0	9.6	0.0	0.0	0.0	0.0	1.0	1	1953	205.7	411.9	0.36	9.58	1
933.24	0	9.6	0.0	0.0	0.0	0.0	1.0	1	1953	205.7	411.9	0.36	9.58	1
933.34	0	9.6	0.0	0.0	0.0	0.0	1.0	1	1953	205.7	411.9	0.36	9.59	1
933.44	0	9.6	0.0	0.0	0.0	0.0	1.0	1	1953	205.7	411.9	0.36	9.59	1
933.54	0	9.6	0.0	0.0	0.0	0.0	1.0	1	1953	205.7	411.9	0.36	9.59	1
933.64	0	9.6	0.0	0.0	0.0	0.0	1.0	1	1953	205.7	411.9	0.36	9.6	1
933.74	0	9.6	0.0	0.0	0.0	0.0	1.0	1	1953	205.7	411.9	0.36	9.6	1
933.84	0	9.6	0.0	0.0	0.0	0.0	1.0	1	1953	205.7	411.9	0.36	9.6	1
933.94	0	9.6	0.0	0.0	0.0	0.0	1.0	1	1953	205.7	411.9	0.36	9.61	1
934.04	0	9.6	0.0	0.0	0.0	0.0	1.0	1	1953	205.7	411.9	0.36	9.61	1
934.14	0	9.6	0.0	0.0	0.0	0.0	1.0	1	1953	205.7	411.9	0.36	9.61	1
934.24	0	9.6	0.0	0.0	0.0	0.0	1.0	1	1953	205.7	411.9	0.36	9.62	1
934.34	0	9.6	0.0	0.0	0.0	0.0	1.0	1	1953	205.7	411.9	0.36	9.62	1
934.44	0	9.6	0.0	0.0	0.0	0.0	1.0	1	1953	205.7	411.9	0.36	9.62	1
934.54	0	9.6	0.0	0.0	0.0	0.0	1.0	1	1953	205.7	411.9	0.36	9.62	1
934.64	0	9.6	0.0	0.0	0.0	0.0	1.0	1	1953	205.7	411.9	0.36	9.63	1
934.74	0	9.6	0.0	0.0	0.0	0.0	1.0	1	1953	205.7	411.9	0.36	9.63	1
934.84	0	9.6	0.0	0.0	0.0	0.0	1.0	1	1953	205.7	411.9	0.36	9.63	1
934.94	0	9.6	0.0	0.0	0.0	0.0	1.0	1	1953	205.7	411.9	0.36	9.64	1
935.04	0	9.6	0.0	0.0	0.0	0.0	1.0	1	1953	205.7	411.9	0.36	9.64	1
935.14	0	9.6	0.0	0.0	0.0	0.0	1.0	1	1953	205.7	411.9	0.36	9.64	1
935.24	0	9.6	0.0	0.0	0.0	0.0	1.0	1	1953	205.7	411.9	0.36	9.65	1
935.34	0	9.6	0.0	0.0	0.0	0.0	1.0	1	1953	205.7	411.9	0.36	9.65	1
935.44	0	9.7	0.0	0.0	0.0	0.0	1.0	1	1953	205.7	411.9	0.36	9.65	1
935.54	0	9.7	0.0	0.0	0.0	0.0	1.0	1	1953	205.7	411.9	0.36	9.66	1
935.64	0	9.7	0.0	0.0	0.0	0.0	1.0	1	1953	205.7	411.9	0.36	9.66	1
935.74	0	9.7	0.0	0.0	0.0	0.0	1.0	1	1953	205.7	411.9	0.36	9.66	1
935.84	0	9.7	0.0	0.0	0.0	0.0	1.0	1	1953	205.7	411.9	0.36	9.66	1
935.94	0	9.7	0.0	0.0	0.0	0.0	1.0	1	1953	205.7	411.9	0.36	9.67	1
936.04	0	9.7	0.0	0.0	0.0	0.0	1.0	1	1953	205.7	411.9	0.36	9.67	1
936.14	0	9.7	0.0	0.0	0.0	0.0	1.0	1	1953	205.7	411.9	0.36	9.67	1
936.24	0	9.7	0.0	0.0	0.0	0.0	1.0	1	1953	205.7	411.9	0.36	9.68	1
936.34	0	9.7	0.0	0.0	0.0	0.0	1.0	1	1953	205.7	411.9	0.36	9.68	1
936.44	0	9.7	0.0	0.0	0.0	0.0	1.0	1	1953	205.7	411.9	0.36	9.68	1
936.54	0	9.7	0.0	0.0	0.0	0.0	1.0	1	1953	205.7	411.9	0.36	9.69	1
936.64	0	9.7	0.0	0.0	0.0	0.0	1.0	1	1953	205.7	411.9	0.36	9.69	1
936.75	0	9.7	0.0	0.0	0.0	0.0	1.0	1	1953	205.7	411.9	0.36	9.69	1
936.85	0	9.7	0.0	0.0	0.0	0.0	1.0	1	1953	205.7	411.9	0.36	9.7	1
936.95	0	9.7	0.0	0.0	0.0	0.0	1.0	1	1953	205.7	411.9	0.36	9.7	1
937.05	0	9.7	0.0	0.0	0.0	0.0	1.0	1	1953	205.7	411.9	0.36	9.7	1
937.15	0	9.7	0.0	0.0	0.0	0.0	1.0	1	1953	205.7	411.9	0.36	9.7	1
937.25	0	9.7	0.0	0.0	0.0	0.0	1.0	1	1953	205.7	411.9	0.36	9.71	1
937.35	0	9.7	0.0	0.0	0.0	0.0	1.0	1	1953	205.7	411.9	0.36	9.71	1
937.45	0	9.7	0.0	0.0	0.0	0.0	1.0	1	1953	205.7	411.9	0.36	9.71	1
937.55	0	9.7	0.0	0.0	0.0	0.0	1.0	1	1953	205.7	411.9	0.36	9.72	1
937.65	0	9.7	0.0	0.0	0.0	0.0	1.0	1	1953	205.7	411.9	0.36	9.72	1
937.75	0	9.7	0.0	0.0	0.0	0.0	1.0	1	1953	205.7	411.9	0.36	9.72	1
937.85	0	9.7	0.0	0.0	0.0	0.0	1.0	1	1953	205.7	411.9	0.36	9.73	1
937.95	0	9.7	0.0	0.0	0.0	0.0	1.0	1	1953	205.7	411.9	0.36	9.73	1
938.05	0	9.7	0.0	0.0	0.0	0.0	1.0	1	1953	205.7	411.9	0.36	9.73	1
938.15	0	9.7	0.0	0.0	0.0	0.0	1.0	1	1953	205.7	411.9	0.36	9.74	1
938.25	0	9.7	0.0	0.0	0.0	0.0	1.0	1	1953	205.7	411.9	0.36	9.74	1
938.35	0	9.7	0.0	0.0	0.0	0.0	1.0	1	1953	205.7	411.9	0.36	9.74	1
938.45	0	9.7	0.0	0.0	0.0	0.0	1.0	1	1953	205.7	411.9	0.36	9.74	1
938.55	0	9.7	0.0	0.0	0.0	0.0	1.0	1	1953	205.7	411.9	0.36	9.75	1
938.65	0	9.8	0.0	0.0	0.0	0.0	1.0	1	1953	205.7	411.9	0.36	9.75	1
938.75	0	9.8	0.0	0.0	0.0	0.0	1.0	1	1953	205.7	411.9	0.36	9.75	1
938.85	0	9.8	0.0	0.0	0.0	0.0	1.0	1	1953	205.7	411.9	0.36	9.76	1
938.95	0	9.8	0.0	0.0	0.0	0.0	1.0	1	1953	205.7	411.9	0.36	9.76	1
939.05	0	9.8	0.0	0.0	0.0	0.0	1.0	1	1953	205.7	411.9	0.36	9.76	1
939.15	0	9.8	0.0	0.0	0.0	0.0	1.0	1	1953	205.7	411.9	0.36	9.77	1
939.25	0	9.8	0.0	0.0	0.0	0.0	1.0	1	1953	205.7	411.9	0.36	9.77	1
939.35	0	9.8	0.0	0.0	0.0	0.0	1.0	1	1953	205.7	411.9	0.36	9.77	1
939.45	0	9.8	0.0	0.0	0.0	0.0	1.0	1	1953	205.7	411.9	0.36	9.78	1
939.55	0	9.8	0.0	0.0	0.0	0.0	1.0	1	1953	205.7	411.9	0.36	9.78	1
939.65	0	9.8	0.0	0.0	0.0	0.0	1.0	1	1953	205.7	411.9	0.36	9.78	1
939.75	0	9.8	0.0	0.0	0.0	0.0	1.0	1	1953	205.7	411.9	0.37	9.78	1
939.86	0	9.8	0.0	0.0	0.0	0.0	1.0	1	1953	205.7	411.9	0.37	9.79	1
939.97	0	9.8	0.0	0.0	0.0	0.0	1.0	1	1953	205.7	411.9	0.37	9.79	1
940.07	0	9.8	0.0	0.0	0.0	0.0	1.0	1	1953	205.7	411.9	0.37	9.79	1
940.17	0	9.8	0.0	0.0	0.0	0.0	1.0	1	1953	205.7	411.9	0.37	9.8	1
940.27	0	9.8	0.0	0.0	0.0	0.0	1.0	1	1953	205.7	411.9	0.37	9.8	1
940.37	0	9.8	0.0	0.0	0.0	0.0	1.0	1	1953	205.7	411.9	0.37	9.8	1
940.47	0	9.8	0.0	0.0	0.0	0.0	1.0	1	1953	205.7	411.9	0.37	9.81	1
940.57	0	9.8	0.0	0.0	0.0	0.0	1.0	1	1953	205.7	411.9	0.37	9.81	1
940.67	0	9.8	0.0	0.0	0.0	0.0	1.0	1	1953	205.7	411.9	0.37	9.81	1
940.77	0	9.8	0.0	0.0	0.0	0.0	1.0	1	1953	205.7	411.9	0.37	9.82	1
940.87	0	9.8	0.0	0.0	0.0	0.0	1.0	1	1953	205.7	411.9	0.37	9.82	1
940.97	0	9.8	0.0	0.0	0.0	0.0	1.0	1	1953	205.7	411.9	0.37	9.82	1
941.07	0	9.8	0.0	0.0	0.0	0.0	1.0	1	1953	205.7	411.9	0.37	9.83	1
941.17	0	9.8	0.0	0.0	0.0	0.0	1.0	1	1953	205.7	411.9	0.37	9.83	1
941.27	0	9.8	0.0	0.0	0.0	0.0	1.0	1	1953	205.7	411.9	0.37	9.83	1
941.37	0	9.8	0.0	0.0	0.0	0.0	1.0	1	1953	205.7	411.9	0.37	9.83	1
941.47	0	9.8	0.0	0.0	0.0	0.0	1.0	1	1953	205.7	411.9	0.37	9.84	1
941.57	0	9.8	0.0	0.0	0.0	0.0	1.0	1	1953	205.7	411.9	0.37	9.84	1
941.67	0	9.8	0.0	0.0	0.0	0.0	1.0	1	1953	205.7	411.9	0.37	9.84	1
941.77	0	9.8	0.0	0.0	0.0	0.0	1.0	1	1953	205.7	411.9	0.37	9.85	1
941.87	0	9.8	0.0	0.0	0.0	0.0	1.0	1	1953	205.7	411.9	0.37	9.85	1
941.97	0	9.9	0.0	0.0	0.0	0.0	1.0	1	1953	205.7	411.9	0.37	9.85	1
942.07	0	9.9	0.0	0.0	0.0	0.0	1.0	1	1953	205.7	411.9	0.37	9.86	1
942.17	0	9.9	0.0	0.0	0.0	0.0	1.0	1	1953	205.7	411.9	0.37	9.86	1
942.27	0	9.9	0.0	0.0	0.0	0.0	1.0	1	1953	205.7	411.9	0.37	9.86	1
942.37	0	9.9	0.0	0.0	0.0	0.0	1.0	1	1953	205.7	411.9	0.37	9.87	1
942.47	0	9.9	0.0	0.0	0.0	0.0	1.0	1	1953	205.7	411.9	0.37	9.87	1
942.57	0	9.9	0.0	0.0	0.0	0.0	1.0	1	1953	205.7	411.9	0.37	9.87	1
942.67	0	9.9	0.0	0.0	0.0	0.0	1.0	1	1953	205.7	411.9	0.37	9.87	1
942.77	0	9.9	0.0	0.0	0.0	0.0	1.0	1	1953	205.7	411.9	0.37	9.88	1
942.87	0	9.9	0.0	0.0	0.0	0.0	1.0	1	1953	205.7	411.9	0.37	9.88	1
942.97	0	9.9	0.0	0.0	0.0	0.0	1.0	1	1953	205.7	411.9	0.37	9.88	1
943.07	0	9.9	0.0	0.0	0.0	0.0	1.0	1	1953	205.7	411.9	0.37	9.89	1
943.17	0	9.9	0.0	0.0	0.0	0.0	1.0	1	1953	205.7	411.9	0.37	9.89	1
943.27	0	9.9	0.0	0.0	0.0	0.0	1.0	1	1953	205.7	411.9	0.37	9.89	1
943.37	0	9.9	0.0	0.0	0.0	0.0	1.0	1	1953	205.7	411.9	0.37	9.9	1
943.47	0	9.9	0.0	0.0	0.0	0.0	1.0	1	1953	205.7	411.9	0.37	9.9	1
943.57	0	9.9	0.0	0.0	0.0	0.0	1.0	1	1953	205.7	411.9	0.37	9.9	1
943.67	0	9.9	0.0	0.0	0.0	0.0	1.0	1	1953	205.7	411.9	0.37	9.91	1
943.77	0	9.9	0.0	0.0	0.0	0.0	1.0	1	1953	205.7	411.9	0.37	9.91	1
943.87	0	9.9	0.0	0.0	0.0	0.0	1.0	1	1953	205.7	411.9	0.37	9.91	1
943.97	0	9.9	0.0	0.0	0.0	0.0	1.0	1	1953	205.7	411.9	0.37	9.91	1
944.07	0	9.9	0.0	0.0	0.0	0.0	1.0	1	1953	205.7	411.9	0.37	9.92	1
944.17	0	9.9	0.0	0.0	0.0	0.0	1.0	1	1953	205.7	411.9	0.37	9.92	1
944.27	0	9.9	0.0	0.0	0.0	0.0	1.0	1	1953	205.7	411.9	0.37	9.92	1
944.37	0	9.9	0.0	0.0	0.0	0.0	1.0	1	1953	205.7	411.9	0.37	9.93	1
944.47	0	9.9	0.0	0.0	0.0	0.0	1.0	1	1953	205.7	411.9	0.37	9.93	1
944.57	0	9.9	0.0	0.0	0.0	0.0	1.0	1	1953	205.7	411.9	0.37	9.93	1
944.67	0	9.9	0.0	0.0	0.0	0.0	1.0	1	1953	205.7	411.9	0.37	9.94	1
944.77	0	9.9	0.0	0.0	0.0	0.0	1.0	1	1953	205.7	411.9	0.37	9.94	1
944.87	0	9.9	0.0	0.0	0.0	0.0	1.0	1	1953	205.7	411.9	0.37	9.94	1
944.97	0	9.9	0.0	0.0	0.0	0.0	1.0	1	1953	205.7	411.9	0.37	9.95	1
945.07	0	9.9	0.0	0.0	0.0	0.0	1.0	1	1953	205.7	411.9	0.37	9.95	1
945.17	0	10.0	0.0	0.0	0.0	0.0	1.0	1	1953	205.7	411.9	0.37	9.95	1
945.27	0	10.0	0.0	0.0	0.0	0.0	1.0	1	1953	205.7	411.9	0.37	9.96	1
945.37	0	10.0	0.0	0.0	0.0	0.0	1.0	1	1953	205.7	411.9	0.37	9.96	1
945.47	0	10.0	0.0	0.0	0.0	0.0	1.0	1	1953	205.7	411.9	0.37	9.96	1
945.57	0	10.0	0.0	0.0	0.0	0.0	1.0	1	1953	205.7	411.9	0.37	9.96	1
945.67	0	10.0	0.0	0.0	0.0	0.0	1.0	1	1953	205.7	411.9	0.37	9.97	1
945.77	0	10.0	0.0	0.0	0.0	0.0	1.0	1	1953	205.7	411.9	0.37	9.97	1
945.87	0	10.0	0.0	0.0	0.0	0.0	1.0	1	1953	205.7	411.9	0.37	9.97	1
945.97	0	10.0	0.0	0.0	0.0	0.0	1.0	1	1953	205.7	411.9	0.37	9.98	1
946.07	0	10.0	0.0	0.0	0.0	0.0	1.0	1	1953	205.7	411.9	0.37	9.98	1
946.17	0	10.0	0.0	0.0	0.0	0.0	1.0	1	1953	205.7	411.9	0.37	9.98	1
946.27	0	10.0	0.0	0.0	0.0	0.0	1.0	1	1953	205.7	411.9	0.37	9.99	1
946.37	0	10.0	0.0	0.0	0.0	0.0	1.0	1	1953	205.7	411.9	0.37	9.99	1
946.47	0	10.0	0.0	0.0	0.0	0.0	1.0	1	1953	205.7	411.9	0.37	9.99	1
946.57	0	10.0	0.0	0.0	0.0	0.0	1.0	1	1953	205.7	411.9	0.37	10.0	1
946.67	0	10.0	0.0	0.0	0.0	0.0	1.0	1	1953	205.7	411.9	0.37	10.0	1
946.8	0	10.0	0.0	0.0	0.0	0.0	1.0	1	1953	205.7	411.9	0.37	10.0	1
946.9	0	10.0	0.0	0.0	0.0	0.0	1.0	1	1953	205.7	411.9	0.37	10.01	1
947.0	0	10.0	0.0	0.0	0.0	0.0	1.0	1	1953	205.7	411.9	0.37	10.01	1
947.1	0	10.0	0.0	0.0	0.0	0.0	1.0	1	1953	205.7	411.9	0.37	10.01	1
947.2	0	10.0	0.0	0.0	0.0	0.0	1.0	1	1953	205.7	411.9	0.37	10.02	1
947.3	0	10.0	0.0	0.0	0.0	0.0	1.0	1	1953	205.7	411.9	0.37	10.02	1
947.4	0	10.0	0.0	0.0	0.0	0.0	1.0	1	1953	205.7	411.9	0.37	10.02	1
947.5	0	10.0	0.0	0.0	0.0	0.0	1.0	1	1953	205.7	411.9	0.37	10.02	1
947.6	0	10.0	0.0	0.0	0.0	0.0	1.0	1	1953	205.7	411.9	0.37	10.03	1
947.7	0	10.0	0.0	0.0	0.0	0.0	1.0	1	1953	205.7	411.9	0.37	10.03	1
947.8	0	10.0	0.0	0.0	0.0	0.0	1.0	1	1953	205.7	411.9	0.37	10.03	1
947.9	0	10.0	0.0	0.0	0.0	0.0	1.0	1	1953	205.7	411.9	0.37	10.04	1
948.03	0	10.0	0.0	0.0	0.0	0.0	1.0	1	1953	205.7	411.9	0.37	10.04	1
948.12	0	10.0	0.0	0.0	0.0	0.0	1.0	1	1953	205.7	411.9	0.37	10.04	1
948.22	0	10.0	0.0	0.0	0.0	0.0	1.0	1	1953	205.7	411.9	0.37	10.05	1
948.32	0	10.1	0.0	0.0	0.0	0.0	1.0	1	1953	205.7	411.9	0.37	10.05	1
948.42	0	10.1	0.0	0.0	0.0	0.0	1.0	1	1953	205.7	411.9	0.37	10.05	1
948.52	0	10.1	0.0	0.0	0.0	0.0	1.0	1	1953	205.7	411.9	0.37	10.06	1
948.62	0	10.1	0.0	0.0	0.0	0.0	1.0	1	1953	205.7	411.9	0.37	10.06	1
948.72	0	10.1	0.0	0.0	0.0	0.0	1.0	1	1953	205.7	411.9	0.37	10.06	1
948.82	0	10.1	0.0	0.0	0.0	0.0	1.0	1	1953	205.7	411.9	0.37	10.07	1
948.92	0	10.1	0.0	0.0	0.0	0.0	1.0	1	1953	205.7	411.9	0.37	10.07	1
949.02	0	10.1	0.0	0.0	0.0	0.0	1.0	1	1953	205.7	411.9	0.37	10.07	1
949.12	0	10.1	0.0	0.0	0.0	0.0	1.0	1	1953	205.7	411.9	0.37	10.08	1
949.22	0	10.1	0.0	0.0	0.0	0.0	1.0	1	1953	205.7	411.9	0.37	10.08	1
949.32	0	10.1	0.0	0.0	0.0	0.0	1.0	1	1953	205.7	411.9	0.37	10.08	1
949.42	0	10.1	0.0	0.0	0.0	0.0	1.0	1	1953	205.7	411.9	0.37	10.08	1
949.52	0	10.1	0.0	0.0	0.0	0.0	1.0	1	1953	205.7	411.9	0.37	10.09	1
949.62	0	10.1	0.0	0.0	0.0	0.0	1.0	1	1953	205.7	411.9	0.37	10.09	1
949.72	0	10.1	0.0	0.0	0.0	0.0	1.0	1	1953	205.7	411.9	0.37	10.09	1
949.82	0	10.1	0.0	0.0	0.0	0.0	1.0	1	1953	205.7	411.9	0.37	10.1	1
949.92	0	10.1	0.0	0.0	0.0	0.0	1.0	1	1953	205.7	411.9	0.37	10.1	1
950.02	0	10.1	0.0	0.0	0.0	0.0	1.0	1	1953	205.7	411.9	0.37	10.1	1
950.12	0	10.1	0.0	0.0	0.0	0.0	1.0	1	1953	205.7	411.9	0.37	10.11	1
950.22	0	10.1	0.0	0.0	0.0	0.0	1.0	1	1953	205.7	411.9	0.37	10.11	1
950.32	0	10.1	0.0	0.0	0.0	0.0	1.0	1	1953	205.7	411.9	0.37	10.11	1
950.42	0	10.1	0.0	0.0	0.0	0.0	1.0	1	1953	205.7	411.9	0.37	10.12	1
950.52	0	10.1	0.0	0.0	0.0	0.0	1.0	1	1953	205.7	411.9	0.37	10.12	1
950.62	0	10.1	0.0	0.0	0.0	0.0	1.0	1	1953	205.7	411.9	0.37	10.12	1
950.72	0	10.1	0.0	0.0	0.0	0.0	1.0	1	1953	205.7	411.9	0.37	10.13	1
950.82	0	10.1	0.0	0.0	0.0	0.0	1.0	1	1953	205.7	411.9	0.37	10.13	1
950.92	0	10.1	0.0	0.0	0.0	0.0	1.0	1	1953	205.7	411.9	0.37	10.13	1
951.02	0	10.1	0.0	0.0	0.0	0.0	1.0	1	1953	205.7	411.9	0.37	10.13	1
951.12	0	10.1	0.0	0.0	0.0	0.0	1.0	1	1953	205.7	411.9	0.37	10.14	1
951.22	0	10.1	0.0	0.0	0.0	0.0	1.0	1	1953	205.7	411.9	0.37	10.14	1
951.32	0	10.1	0.0	0.0	0.0	0.0	1.0	1	1953	205.7	411.9	0.37	10.14	1
951.42	0	10.1	0.0	0.0	0.0	0.0	1.0	1	1953	205.7	411.9	0.37	10.15	1
951.52	0	10.2	0.0	0.0	0.0	0.0	1.0	1	1953	205.7	411.9	0.37	10.15	1
951.62	0	10.2	0.0	0.0	0.0	0.0	1.0	1	1953	205.7	411.9	0.37	10.15	1
951.72	0	10.2	0.0	0.0	0.0	0.0	1.0	1	1953	205.7	411.9	0.37	10.16	1
951.82	0	10.2	0.0	0.0	0.0	0.0	1.0	1	1953	205.7	411.9	0.37	10.16	1
951.92	0	10.2	0.0	0.0	0.0	0.0	1.0	1	1953	205.7	411.9	0.37	10.16	1
952.02	0	10.2	0.0	0.0	0.0	0.0	1.0	1	1953	205.7	411.9	0.37	10.17	1
952.12	0	10.2	0.0	0.0	0.0	0.0	1.0	1	1953	205.7	411.9	0.37	10.17	1
952.22	0	10.2	0.0	0.0	0.0	0.0	1.0	1	1953	205.7	411.9	0.37	10.17	1
952.32	0	10.2	0.0	0.0	0.0	0.0	1.0	1	1953	205.7	411.9	0.37	10.18	1
952.42	0	10.2	0.0	0.0	0.0	0.0	1.0	1	1953	205.7	411.9	0.37	10.18	1
952.52	0	10.2	0.0	0.0	0.0	0.0	1.0	1	1953	205.7	411.9	0.37	10.18	1
952.62	0	10.2	0.0	0.0	0.0	0.0	1.0	1	1953	205.7	411.9	0.37	10.18	1
952.72	0	10.2	0.0	0.0	0.0	0.0	1.0	1	1953	205.7	411.9	0.37	10.19	1
952.82	0	10.2	0.0	0.0	0.0	0.0	1.0	1	1953	205.7	411.9	0.37	10.19	1
952.92	0	10.2	0.0	0.0	0.0	0.0	1.0	1	1953	205.7	411.9	0.37	10.19	1
953.02	0	10.2	0.0	0.0	0.0	0.0	1.0	1	1953	205.7	411.9	0.37	10.2	1
953.12	0	10.2	0.0	0.0	0.0	0.0	1.0	1	1953	205.7	411.9	0.37	10.2	1
953.22	0	10.2	0.0	0.0	0.0	0.0	1.0	1	1953	205.7	411.9	0.37	10.2	1
953.32	0	10.2	0.0	0.0	0.0	0.0	1.0	1	1953	205.7	411.9	0.37	10.21	1
953.42	0	10.2	0.0	0.0	0.0	0.0	1.0	1	1953	205.7	411.9	0.37	10.21	1
953.52	0	10.2	0.0	0.0	0.0	0.0	1.0	1	1953	205.7	411.9	0.37	10.21	1
953.62	0	10.2	0.0	0.0	0.0	0.0	1.0	1	1953	205.7	411.9	0.37	10.22	1
953.72	0	10.2	0.0	0.0	0.0	0.0	1.0	1	1953	205.7	411.9	0.37	10.22	1
953.82	0	10.2	0.0	0.0	0.0	0.0	1.0	1	1953	205.7	411.9	0.37	10.22	1
953.92	0	10.2	0.0	0.0	0.0	0.0	1.0	1	1953	205.7	411.9	0.37	10.23	1
954.02	0	10.2	0.0	0.0	0.0	0.0	1.0	1	1953	205.7	411.9	0.37	10.23	1
954.12	0	10.2	0.0	0.0	0.0	0.0	1.0	1	1953	205.7	411.9	0.37	10.23	1
954.22	0	10.2	0.0	0.0	0.0	0.0	1.0	1	1953	205.7	411.9	0.37	10.23	1
954.32	0	10.2	0.0	0.0	0.0	0.0	1.0	1	1953	205.7	411.9	0.37	10.24	1
954.42	0	10.2	0.0	0.0	0.0	0.0	1.0	1	1953	205.7	411.9	0.37	10.24	1
954.52	0	10.2	0.0	0.0	0.0	0.0	1.0	1	1953	205.7	411.9	0.37	10.24	1
954.62	0	10.2	0.0	0.0	0.0	0.0	1.0	1	1953	205.7	411.9	0.37	10.25	1
954.72	0	10.3	0.0	0.0	0.0	0.0	1.0	1	1953	205.7	411.9	0.37	10.25	1
954.82	0	10.3	0.0	0.0	0.0	0.0	1.0	1	1953	205.7	411.9	0.37	10.25	1
954.92	0	10.3	0.0	0.0	0.0	0.0	1.0	1	1953	205.7	411.9	0.37	10.26	1
955.02	0	10.3	0.0	0.0	0.0	0.0	1.0	1	1953	205.7	411.9	0.37	10.26	1
955.12	0	10.3	0.0	0.0	0.0	0.0	1.0	1	1953	205.7	411.9	0.37	10.26	1
955.22	0	10.3	0.0	0.0	0.0	0.0	1.0	1	1953	205.7	411.9	0.37	10.27	1
955.32	0	10.3	0.0	0.0	0.0	0.0	1.0	1	1953	205.7	411.9	0.37	10.27	1
955.42	0	10.3	0.0	0.0	0.0	0.0	1.0	1	1953	205.7	411.9	0.37	10.27	1
955.52	0	10.3	0.0	0.0	0.0	0.0	1.0	1	1953	205.7	411.9	0.37	10.28	1
955.62	0	10.3	0.0	0.0	0.0	0.0	1.0	1	1953	205.7	411.9	0.37	10.28	1
955.72	0	10.3	0.0	0.0	0.0	0.0	1.0	1	1953	205.7	411.9	0.37	10.28	1
955.82	0	10.3	0.0	0.0	0.0	0.0	1.0	1	1953	205.7	411.9	0.37	10.29	1
955.92	0	10.3	0.0	0.0	0.0	0.0	1.0	1	1953	205.7	411.9	0.37	10.29	1
956.02	0	10.3	0.0	0.0	0.0	0.0	1.0	1	1953	205.7	411.9	0.37	10.29	1
956.12	0	10.3	0.0	0.0	0.0	0.0	1.0	1	1953	205.7	411.9	0.37	10.29	1
956.22	0	10.3	0.0	0.0	0.0	0.0	1.0	1	1953	205.7	411.9	0.37	10.3	1
956.32	0	10.3	0.0	0.0	0.0	0.0	1.0	1	1953	205.7	411.9	0.37	10.3	1
956.42	0	10.3	0.0	0.0	0.0	0.0	1.0	1	1953	205.7	411.9	0.37	10.3	1
956.52	0	10.3	0.0	0.0	0.0	0.0	1.0	1	1953	205.7	411.9	0.37	10.31	1
956.62	0	10.3	0.0	0.0	0.0	0.0	1.0	1	1953	205.7	411.9	0.37	10.31	1
956.73	0	10.3	0.0	0.0	0.0	0.0	1.0	1	1953	205.7	411.9	0.37	10.31	1
956.83	0	10.3	0.0	0.0	0.0	0.0	1.0	1	1953	205.7	411.9	0.37	10.32	1
956.93	0	10.3	0.0	0.0	0.0	0.0	1.0	1	1953	205.7	411.9	0.37	10.32	1
957.03	0	10.3	0.0	0.0	0.0	0.0	1.0	1	1953	205.7	411.9	0.37	10.32	1
957.13	0	10.3	0.0	0.0	0.0	0.0	1.0	1	1953	205.7	411.9	0.37	10.33	1
957.23	0	10.3	0.0	0.0	0.0	0.0	1.0	1	1953	205.7	411.9	0.37	10.33	1
957.33	0	10.3	0.0	0.0	0.0	0.0	1.0	1	1953	205.7	411.9	0.37	10.33	1
957.43	0	10.3	0.0	0.0	0.0	0.0	1.0	1	1953	205.7	411.9	0.37	10.34	1
957.53	0	10.3	0.0	0.0	0.0	0.0	1.0	1	1953	205.7	411.9	0.37	10.34	1
957.63	0	10.3	0.0	0.0	0.0	0.0	1.0	1	1953	205.7	411.9	0.37	10.34	1
957.73	0	10.3	0.0	0.0	0.0	0.0	1.0	1	1953	205.7	411.9	0.37	10.35	1
957.83	0	10.3	0.0	0.0	0.0	0.0	1.0	1	1953	205.7	411.9	0.37	10.35	1
957.93	0	10.4	0.0	0.0	0.0	0.0	1.0	1	1953	205.7	411.9	0.37	10.35	1
958.03	0	10.4	0.0	0.0	0.0	0.0	1.0	1	1953	205.7	411.9	0.37	10.36	1
958.13	0	10.4	0.0	0.0	0.0	0.0	1.0	1	1953	205.7	411.9	0.37	10.36	1
958.23	0	10.4	0.0	0.0	0.0	0.0	1.0	1	1953	205.7	411.9	0.37	10.36	1
958.33	0	10.4	0.0	0.0	0.0	0.0	1.0	1	1953	205.7	411.9	0.37	10.36	1
958.43	0	10.4	0.0	0.0	0.0	0.0	1.0	1	1953	205.7	411.9	0.37	10.37	1
958.53	0	10.4	0.0	0.0	0.0	0.0	1.0	1	1953	205.7	411.9	0.37	10.37	1
958.63	0	10.4	0.0	0.0	0.0	0.0	1.0	1	1953	205.7	411.9	0.37	10.37	1
958.73	0	10.4	0.0	0.0	0.0	0.0	1.0	1	1953	205.7	411.9	0.37	10.38	1
958.83	0	10.4	0.0	0.0	0.0	0.0	1.0	1	1953	205.7	411.9	0.37	10.38	1
958.93	0	10.4	0.0	0.0	0.0	0.0	1.0	1	1953	205.7	411.9	0.37	10.38	1
959.03	0	10.4	0.0	0.0	0.0	0.0	1.0	1	1953	205.7	411.9	0.37	10.39	1
959.13	0	10.4	0.0	0.0	0.0	0.0	1.0	1	1953	205.7	411.9	0.37	10.39	1
959.23	0	10.4	0.0	0.0	0.0	0.0	1.0	1	1953	205.7	411.9	0.37	10.39	1
959.33	0	10.4	0.0	0.0	0.0	0.0	1.0	1	1953	205.7	411.9	0.37	10.4	1
959.43	0	10.4	0.0	0.0	0.0	0.0	1.0	1	1953	205.7	411.9	0.37	10.4	1
959.53	0	10.4	0.0	0.0	0.0	0.0	1.0	1	1953	205.7	411.9	0.37	10.4	1
959.63	0	10.4	0.0	0.0	0.0	0.0	1.0	1	1953	205.7	411.9	0.37	10.41	1
959.73	0	10.4	0.0	0.0	0.0	0.0	1.0	1	1953	205.7	411.9	0.37	10.41	1
959.83	0	10.4	0.0	0.0	0.0	0.0	1.0	1	1953	205.7	411.9	0.37	10.41	1
959.93	0	10.4	0.0	0.0	0.0	0.0	1.0	1	1953	205.7	411.9	0.37	10.42	1
960.03	0	10.4	0.0	0.0	0.0	0.0	1.0	1	1953	205.7	411.9	0.37	10.42	1
960.13	0	10.4	0.0	0.0	0.0	0.0	1.0	1	1953	205.7	411.9	0.37	10.42	1
960.23	0	10.4	0.0	0.0	0.0	0.0	1.0	1	1953	205.7	411.9	0.37	10.42	1
960.33	0	10.4	0.0	0.0	0.0	0.0	1.0	1	1953	205.7	411.9	0.37	10.43	1
960.43	0	10.4	0.0	0.0	0.0	0.0	1.0	1	1953	205.7	411.9	0.37	10.43	1
960.53	0	10.4	0.0	0.0	0.0	0.0	1.0	1	1953	205.7	411.9	0.37	10.43	1
960.63	0	10.4	0.0	0.0	0.0	0.0	1.0	1	1953	205.7	411.9	0.37	10.44	1
960.73	0	10.4	0.0	0.0	0.0	0.0	1.0	1	1953	205.7	411.9	0.37	10.44	1
960.83	0	10.4	0.0	0.0	0.0	0.0	1.0	1	1953	205.7	411.9	0.37	10.44	1
960.93	0	10.4	0.0	0.0	0.0	0.0	1.0	1	1953	205.7	411.9	0.37	10.45	1
961.03	0	10.5	0.0	0.0	0.0	0.0	1.0	1	1953	205.7	411.9	0.37	10.45	1
961.13	0	10.5	0.0	0.0	0.0	0.0	1.0	1	1953	205.7	411.9	0.37	10.45	1
961.23	0	10.5	0.0	0.0	0.0	0.0	1.0	1	1953	205.7	411.9	0.37	10.46	1
961.33	0	10.5	0.0	0.0	0.0	0.0	1.0	1	1953	205.7	411.9	0.37	10.46	1
961.43	0	10.5	0.0	0.0	0.0	0.0	1.0	1	1953	205.7	411.9	0.37	10.46	1
961.53	0	10.5	0.0	0.0	0.0	0.0	1.0	1	1953	205.7	411.9	0.37	10.47	1
961.63	0	10.5	0.0	0.0	0.0	0.0	1.0	1	1953	205.7	411.9	0.37	10.47	1
961.74	0	10.5	0.0	0.0	0.0	0.0	1.0	1	1953	205.7	411.9	0.37	10.47	1
961.83	0	10.5	0.0	0.0	0.0	0.0	1.0	1	1953	205.7	411.9	0.37	10.48	1
961.93	0	10.5	0.0	0.0	0.0	0.0	1.0	1	1953	205.7	411.9	0.37	10.48	1
962.03	0	10.5	0.0	0.0	0.0	0.0	1.0	1	1953	205.7	411.9	0.37	10.48	1
962.13	0	10.5	0.0	0.0	0.0	0.0	1.0	1	1953	205.7	411.9	0.37	10.49	1
962.23	0	10.5	0.0	0.0	0.0	0.0	1.0	1	1953	205.7	411.9	0.37	10.49	1
962.33	0	10.5	0.0	0.0	0.0	0.0	1.0	1	1953	205.7	411.9	0.37	10.49	1
962.43	0	10.5	0.0	0.0	0.0	0.0	1.0	1	1953	205.7	411.9	0.37	10.49	1
962.53	0	10.5	0.0	0.0	0.0	0.0	1.0	1	1953	205.7	411.9	0.37	10.5	1
962.63	0	10.5	0.0	0.0	0.0	0.0	1.0	1	1953	205.7	411.9	0.37	10.5	1
962.74	0	10.5	0.0	0.0	0.0	0.0	1.0	1	1953	205.7	411.9	0.37	10.5	1
962.83	0	10.5	0.0	0.0	0.0	0.0	1.0	1	1953	205.7	411.9	0.37	10.51	1
962.93	0	10.5	0.0	0.0	0.0	0.0	1.0	1	1953	205.7	411.9	0.37	10.51	1
963.03	0	10.5	0.0	0.0	0.0	0.0	1.0	1	1953	205.7	411.9	0.37	10.51	1
963.13	0	10.5	0.0	0.0	0.0	0.0	1.0	1	1953	205.7	411.9	0.37	10.52	1
963.23	0	10.5	0.0	0.0	0.0	0.0	1.0	1	1953	205.7	411.9	0.37	10.52	1
963.33	0	10.5	0.0	0.0	0.0	0.0	1.0	1	1953	205.7	411.9	0.37	10.52	1
963.43	0	10.5	0.0	0.0	0.0	0.0	1.0	1	1953	205.7	411.9	0.37	10.53	1
963.53	0	10.5	0.0	0.0	0.0	0.0	1.0	1	1953	205.7	411.9	0.37	10.53	1
963.63	0	10.5	0.0	0.0	0.0	0.0	1.0	1	1953	205.7	411.9	0.37	10.53	1
963.74	0	10.5	0.0	0.0	0.0	0.0	1.0	1	1953	205.7	411.9	0.37	10.54	1
963.83	0	10.5	0.0	0.0	0.0	0.0	1.0	1	1953	205.7	411.9	0.37	10.54	1
963.94	0	10.5	0.0	0.0	0.0	0.0	1.0	1	1953	205.7	411.9	0.37	10.54	1
964.03	0	10.5	0.0	0.0	0.0	0.0	1.0	1	1953	205.7	411.9	0.37	10.55	1
964.13	0	10.5	0.0	0.0	0.0	0.0	1.0	1	1953	205.7	411.9	0.37	10.55	1
964.23	0	10.6	0.0	0.0	0.0	0.0	1.0	1	1953	205.7	411.9	0.37	10.55	1
964.33	0	10.6	0.0	0.0	0.0	0.0	1.0	1	1953	205.7	411.9	0.37	10.56	1
964.43	0	10.6	0.0	0.0	0.0	0.0	1.0	1	1953	205.7	411.9	0.37	10.56	1
964.53	0	10.6	0.0	0.0	0.0	0.0	1.0	1	1953	205.7	411.9	0.37	10.56	1
964.63	0	10.6	0.0	0.0	0.0	0.0	1.0	1	1953	205.7	411.9	0.37	10.56	1
964.73	0	10.6	0.0	0.0	0.0	0.0	1.0	1	1953	205.7	411.9	0.37	10.57	1
964.83	0	10.6	0.0	0.0	0.0	0.0	1.0	1	1953	205.7	411.9	0.37	10.57	1
964.93	0	10.6	0.0	0.0	0.0	0.0	1.0	1	1953	205.7	411.9	0.37	10.57	1
965.03	0	10.6	0.0	0.0	0.0	0.0	1.0	1	1953	205.7	411.9	0.37	10.58	1
965.13	0	10.6	0.0	0.0	0.0	0.0	1.0	1	1953	205.7	411.9	0.37	10.58	1
965.23	0	10.6	0.0	0.0	0.0	0.0	1.0	1	1953	205.7	411.9	0.37	10.58	1
965.33	0	10.6	0.0	0.0	0.0	0.0	1.0	1	1953	205.7	411.9	0.37	10.59	1
965.43	0	10.6	0.0	0.0	0.0	0.0	1.0	1	1953	205.7	411.9	0.37	10.59	1
965.53	0	10.6	0.0	0.0	0.0	0.0	1.0	1	1953	205.7	411.9	0.37	10.59	1
965.63	0	10.6	0.0	0.0	0.0	0.0	1.0	1	1953	205.7	411.9	0.37	10.6	1
965.73	0	10.6	0.0	0.0	0.0	0.0	1.0	1	1953	205.7	411.9	0.37	10.6	1
965.83	0	10.6	0.0	0.0	0.0	0.0	1.0	1	1953	205.7	411.9	0.38	10.6	1
965.93	0	10.6	0.0	0.0	0.0	0.0	1.0	1	1953	205.7	411.9	0.38	10.61	1
966.03	0	10.6	0.0	0.0	0.0	0.0	1.0	1	1953	205.7	411.9	0.38	10.61	1
966.13	0	10.6	0.0	0.0	0.0	0.0	1.0	1	1953	205.7	411.9	0.38	10.61	1
966.23	0	10.6	0.0	0.0	0.0	0.0	1.0	1	1953	205.7	411.9	0.38	10.62	1
966.33	0	10.6	0.0	0.0	0.0	0.0	1.0	1	1953	205.7	411.9	0.38	10.62	1
966.43	0	10.6	0.0	0.0	0.0	0.0	1.0	1	1953	205.7	411.9	0.38	10.62	1
966.53	0	10.6	0.0	0.0	0.0	0.0	1.0	1	1953	205.7	411.9	0.38	10.63	1
966.63	0	10.6	0.0	0.0	0.0	0.0	1.0	1	1953	205.7	411.9	0.38	10.63	1
966.77	0	10.6	0.0	0.0	0.0	0.0	1.0	1	1953	205.7	411.9	0.38	10.63	1
966.87	0	10.6	0.0	0.0	0.0	0.0	1.0	1	1953	205.7	411.9	0.38	10.64	1
966.97	0	10.6	0.0	0.0	0.0	0.0	1.0	1	1953	205.7	411.9	0.38	10.64	1
967.07	0	10.6	0.0	0.0	0.0	0.0	1.0	1	1953	205.7	411.9	0.38	10.64	1
967.17	0	10.6	0.0	0.0	0.0	0.0	1.0	1	1953	205.7	411.9	0.38	10.65	1
967.27	0	10.6	0.0	0.0	0.0	0.0	1.0	1	1953	205.7	411.9	0.38	10.65	1
967.37	0	10.7	0.0	0.0	0.0	0.0	1.0	1	1953	205.7	411.9	0.38	10.65	1
967.47	0	10.7	0.0	0.0	0.0	0.0	1.0	1	1953	205.7	411.9	0.38	10.66	1
967.57	0	10.7	0.0	0.0	0.0	0.0	1.0	1	1953	205.7	411.9	0.38	10.66	1
967.67	0	10.7	0.0	0.0	0.0	0.0	1.0	1	1953	205.7	411.9	0.38	10.66	1
967.77	0	10.7	0.0	0.0	0.0	0.0	1.0	1	1953	205.7	411.9	0.38	10.66	1
967.87	0	10.7	0.0	0.0	0.0	0.0	1.0	1	1953	205.7	411.9	0.38	10.67	1
967.97	0	10.7	0.0	0.0	0.0	0.0	1.0	1	1953	205.7	411.9	0.38	10.67	1
968.07	0	10.7	0.0	0.0	0.0	0.0	1.0	1	1953	205.7	411.9	0.38	10.67	1
968.17	0	10.7	0.0	0.0	0.0	0.0	1.0	1	1953	205.7	411.9	0.38	10.68	1
968.27	0	10.7	0.0	0.0	0.0	0.0	1.0	1	1953	205.7	411.9	0.38	10.68	1
968.37	0	10.7	0.0	0.0	0.0	0.0	1.0	1	1953	205.7	411.9	0.38	10.68	1
968.47	0	10.7	0.0	0.0	0.0	0.0	1.0	1	1953	205.7	411.9	0.38	10.69	1
968.57	0	10.7	0.0	0.0	0.0	0.0	1.0	1	1953	205.7	411.9	0.38	10.69	1
968.67	0	10.7	0.0	0.0	0.0	0.0	1.0	1	1953	205.7	411.9	0.38	10.69	1
968.77	0	10.7	0.0	0.0	0.0	0.0	1.0	1	1953	205.7	411.9	0.38	10.7	1
968.87	0	10.7	0.0	0.0	0.0	0.0	1.0	1	1953	205.7	411.9	0.38	10.7	1
968.97	0	10.7	0.0	0.0	0.0	0.0	1.0	1	1953	205.7	411.9	0.38	10.7	1
969.07	0	10.7	0.0	0.0	0.0	0.0	1.0	1	1953	205.7	411.9	0.38	10.71	1
969.17	0	10.7	0.0	0.0	0.0	0.0	1.0	1	1953	205.7	411.9	0.38	10.71	1
969.27	0	10.7	0.0	0.0	0.0	0.0	1.0	1	1953	205.7	411.9	0.38	10.71	1
969.37	0	10.7	0.0	0.0	0.0	0.0	1.0	1	1953	205.7	411.9	0.38	10.72	1
969.47	0	10.7	0.0	0.0	0.0	0.0	1.0	1	1953	205.7	411.9	0.38	10.72	1
969.57	0	10.7	0.0	0.0	0.0	0.0	1.0	1	1953	205.7	411.9	0.38	10.72	1
969.67	0	10.7	0.0	0.0	0.0	0.0	1.0	1	1953	205.7	411.9	0.38	10.73	1
969.77	0	10.7	0.0	0.0	0.0	0.0	1.0	1	1953	205.7	411.9	0.38	10.73	1
969.87	0	10.7	0.0	0.0	0.0	0.0	1.0	1	1953	205.7	411.9	0.38	10.73	1
969.97	0	10.7	0.0	0.0	0.0	0.0	1.0	1	1953	205.7	411.9	0.38	10.74	1
970.07	0	10.7	0.0	0.0	0.0	0.0	1.0	1	1953	205.7	411.9	0.38	10.74	1
970.17	0	10.7	0.0	0.0	0.0	0.0	1.0	1	1953	205.7	411.9	0.38	10.74	1
970.27	0	10.7	0.0	0.0	0.0	0.0	1.0	1	1953	205.7	411.9	0.38	10.75	1
970.37	0	10.7	0.0	0.0	0.0	0.0	1.0	1	1953	205.7	411.9	0.38	10.75	1
970.47	0	10.8	0.0	0.0	0.0	0.0	1.0	1	1953	205.7	411.9	0.38	10.75	1
970.57	0	10.8	0.0	0.0	0.0	0.0	1.0	1	1953	205.7	411.9	0.38	10.75	1
970.67	0	10.8	0.0	0.0	0.0	0.0	1.0	1	1953	205.7	411.9	0.38	10.76	1
970.77	0	10.8	0.0	0.0	0.0	0.0	1.0	1	1953	205.7	411.9	0.38	10.76	1
970.87	0	10.8	0.0	0.0	0.0	0.0	1.0	1	1953	205.7	411.9	0.38	10.76	1
970.97	0	10.8	0.0	0.0	0.0	0.0	1.0	1	1953	205.7	411.9	0.38	10.77	1
971.07	0	10.8	0.0	0.0	0.0	0.0	1.0	1	1953	205.7	411.9	0.38	10.77	1
971.17	0	10.8	0.0	0.0	0.0	0.0	1.0	1	1953	205.7	411.9	0.38	10.77	1
971.27	0	10.8	0.0	0.0	0.0	0.0	1.0	1	1953	205.7	411.9	0.38	10.78	1
971.37	0	10.8	0.0	0.0	0.0	0.0	1.0	1	1953	205.7	411.9	0.38	10.78	1
971.47	0	10.8	0.0	0.0	0.0	0.0	1.0	1	1953	205.7	411.9	0.38	10.78	1
971.57	0	10.8	0.0	0.0	0.0	0.0	1.0	1	1953	205.7	411.9	0.38	10.79	1
971.67	0	10.8	0.0	0.0	0.0	0.0	1.0	1	1953	205.7	411.9	0.38	10.79	1
971.77	0	10.8	0.0	0.0	0.0	0.0	1.0	1	1953	205.7	411.9	0.38	10.79	1
971.87	0	10.8	0.0	0.0	0.0	0.0	1.0	1	1953	205.7	411.9	0.38	10.8	1
971.97	0	10.8	0.0	0.0	0.0	0.0	1.0	1	1953	205.7	411.9	0.38	10.8	1
972.07	0	10.8	0.0	0.0	0.0	0.0	1.0	1	1953	205.7	411.9	0.38	10.8	1
972.17	0	10.8	0.0	0.0	0.0	0.0	1.0	1	1953	205.7	411.9	0.38	10.81	1
972.27	0	10.8	0.0	0.0	0.0	0.0	1.0	1	1953	205.7	411.9	0.38	10.81	1
972.37	0	10.8	0.0	0.0	0.0	0.0	1.0	1	1953	205.7	411.9	0.38	10.81	1
972.48	0	10.8	0.0	0.0	0.0	0.0	1.0	1	1953	205.7	411.9	0.38	10.82	1
972.57	0	10.8	0.0	0.0	0.0	0.0	1.0	1	1953	205.7	411.9	0.38	10.82	1
972.67	0	10.8	0.0	0.0	0.0	0.0	1.0	1	1953	205.7	411.9	0.38	10.82	1
972.77	0	10.8	0.0	0.0	0.0	0.0	1.0	1	1953	205.7	411.9	0.38	10.83	1
972.87	0	10.8	0.0	0.0	0.0	0.0	1.0	1	1953	205.7	411.9	0.38	10.83	1
972.97	0	10.8	0.0	0.0	0.0	0.0	1.0	1	1953	205.7	411.9	0.38	10.83	1
973.07	0	10.8	0.0	0.0	0.0	0.0	1.0	1	1953	205.7	411.9	0.38	10.84	1
973.17	0	10.8	0.0	0.0	0.0	0.0	1.0	1	1953	205.7	411.9	0.38	10.84	1
973.27	0	10.8	0.0	0.0	0.0	0.0	1.0	1	1953	205.7	411.9	0.38	10.84	1
973.37	0	10.8	0.0	0.0	0.0	0.0	1.0	1	1953	205.7	411.9	0.38	10.84	1
973.47	0	10.8	0.0	0.0	0.0	0.0	1.0	1	1953	205.7	411.9	0.38	10.85	1
973.57	0	10.9	0.0	0.0	0.0	0.0	1.0	1	1953	205.7	411.9	0.38	10.85	1
973.67	0	10.9	0.0	0.0	0.0	0.0	1.0	1	1953	205.7	411.9	0.38	10.85	1
973.77	0	10.9	0.0	0.0	0.0	0.0	1.0	1	1953	205.7	411.9	0.38	10.86	1
973.87	0	10.9	0.0	0.0	0.0	0.0	1.0	1	1953	205.7	411.9	0.38	10.86	1
973.97	0	10.9	0.0	0.0	0.0	0.0	1.0	1	1953	205.7	411.9	0.38	10.86	1
974.07	0	10.9	0.0	0.0	0.0	0.0	1.0	1	1953	205.7	411.9	0.38	10.87	1
974.17	0	10.9	0.0	0.0	0.0	0.0	1.0	1	1953	205.7	411.9	0.38	10.87	1
974.27	0	10.9	0.0	0.0	0.0	0.0	1.0	1	1953	205.7	411.9	0.38	10.87	1
974.37	0	10.9	0.0	0.0	0.0	0.0	1.0	1	1953	205.7	411.9	0.38	10.88	1
974.47	0	10.9	0.0	0.0	0.0	0.0	1.0	1	1953	205.7	411.9	0.38	10.88	1
974.57	0	10.9	0.0	0.0	0.0	0.0	1.0	1	1953	205.7	411.9	0.38	10.88	1
974.67	0	10.9	0.0	0.0	0.0	0.0	1.0	1	1953	205.7	411.9	0.38	10.89	1
974.77	0	10.9	0.0	0.0	0.0	0.0	1.0	1	1953	205.7	411.9	0.38	10.89	1
974.87	0	10.9	0.0	0.0	0.0	0.0	1.0	1	1953	205.7	411.9	0.38	10.89	1
974.97	0	10.9	0.0	0.0	0.0	0.0	1.0	1	1953	205.7	411.9	0.38	10.9	1
975.07	0	10.9	0.0	0.0	0.0	0.0	1.0	1	1953	205.7	411.9	0.38	10.9	1
975.17	0	10.9	0.0	0.0	0.0	0.0	1.0	1	1953	205.7	411.9	0.38	10.9	1
975.27	0	10.9	0.0	0.0	0.0	0.0	1.0	1	1953	205.7	411.9	0.38	10.91	1
975.37	0	10.9	0.0	0.0	0.0	0.0	1.0	1	1953	205.7	411.9	0.38	10.91	1
975.47	0	10.9	0.0	0.0	0.0	0.0	1.0	1	1953	205.7	411.9	0.38	10.91	1
975.57	0	10.9	0.0	0.0	0.0	0.0	1.0	1	1953	205.7	411.9	0.38	10.92	1
975.67	0	10.9	0.0	0.0	0.0	0.0	1.0	1	1953	205.7	411.9	0.38	10.92	1
975.77	0	10.9	0.0	0.0	0.0	0.0	1.0	1	1953	205.7	411.9	0.38	10.92	1
975.87	0	10.9	0.0	0.0	0.0	0.0	1.0	1	1953	205.7	411.9	0.38	10.93	1
975.97	0	10.9	0.0	0.0	0.0	0.0	1.0	1	1953	205.7	411.9	0.38	10.93	1
976.07	0	10.9	0.0	0.0	0.0	0.0	1.0	1	1953	205.7	411.9	0.38	10.93	1
976.17	0	10.9	0.0	0.0	0.0	0.0	1.0	1	1953	205.7	411.9	0.38	10.94	1
976.27	0	10.9	0.0	0.0	0.0	0.0	1.0	1	1953	205.7	411.9	0.38	10.94	1
976.37	0	10.9	0.0	0.0	0.0	0.0	1.0	1	1953	205.7	411.9	0.38	10.94	1
976.47	0	10.9	0.0	0.0	0.0	0.0	1.0	1	1953	205.7	411.9	0.38	10.95	1
976.57	0	10.9	0.0	0.0	0.0	0.0	1.0	1	1953	205.7	411.9	0.38	10.95	1
976.67	0	11.0	0.0	0.0	0.0	0.0	1.0	1	1953	205.7	411.9	0.38	10.95	1
976.78	0	11.0	0.0	0.0	0.0	0.0	1.0	1	1953	205.7	411.9	0.38	10.96	1
976.88	0	11.0	0.0	0.0	0.0	0.0	1.0	1	1953	205.7	411.9	0.38	10.96	1
976.98	0	11.0	0.0	0.0	0.0	0.0	1.0	1	1953	205.7	411.9	0.38	10.96	1
977.08	0	11.0	0.0	0.0	0.0	0.0	1.0	1	1953	205.7	411.9	0.38	10.97	1
977.18	0	11.0	0.0	0.0	0.0	0.0	1.0	1	1953	205.7	411.9	0.38	10.97	1
977.28	0	11.0	0.0	0.0	0.0	0.0	1.0	1	1953	205.7	411.9	0.38	10.97	1
977.38	0	11.0	0.0	0.0	0.0	0.0	1.0	1	1953	205.7	411.9	0.38	10.97	1
977.48	0	11.0	0.0	0.0	0.0	0.0	1.0	1	1953	205.7	411.9	0.38	10.98	1
977.58	0	11.0	0.0	0.0	0.0	0.0	1.0	1	1953	205.7	411.9	0.38	10.98	1
977.68	0	11.0	0.0	0.0	0.0	0.0	1.0	1	1953	205.7	411.9	0.38	10.98	1
977.78	0	11.0	0.0	0.0	0.0	0.0	1.0	1	1953	205.7	411.9	0.38	10.99	1
977.89	0	11.0	0.0	0.0	0.0	0.0	1.0	1	1953	205.7	411.9	0.38	10.99	1
977.98	0	11.0	0.0	0.0	0.0	0.0	1.0	1	1953	205.7	411.9	0.38	10.99	1
978.08	0	11.0	0.0	0.0	0.0	0.0	1.0	1	1953	205.7	411.9	0.38	11.0	1
978.18	0	11.0	0.0	0.0	0.0	0.0	1.0	1	1953	205.7	411.9	0.38	11.0	1
978.28	0	11.0	0.0	0.0	0.0	0.0	1.0	1	1953	205.7	411.9	0.38	11.0	1
978.38	0	11.0	0.0	0.0	0.0	0.0	1.0	1	1953	205.7	411.9	0.38	11.01	1
978.48	0	11.0	0.0	0.0	0.0	0.0	1.0	1	1953	205.7	411.9	0.38	11.01	1
978.58	0	11.0	0.0	0.0	0.0	0.0	1.0	1	1953	205.7	411.9	0.38	11.01	1
978.68	0	11.0	0.0	0.0	0.0	0.0	1.0	1	1953	205.7	411.9	0.38	11.02	1
978.78	0	11.0	0.0	0.0	0.0	0.0	1.0	1	1953	205.7	411.9	0.38	11.02	1
978.88	0	11.0	0.0	0.0	0.0	0.0	1.0	1	1953	205.7	411.9	0.38	11.02	1
978.98	0	11.0	0.0	0.0	0.0	0.0	1.0	1	1953	205.7	411.9	0.38	11.03	1
979.08	0	11.0	0.0	0.0	0.0	0.0	1.0	1	1953	205.7	411.9	0.38	11.03	1
979.18	0	11.0	0.0	0.0	0.0	0.0	1.0	1	1953	205.7	411.9	0.38	11.03	1
979.28	0	11.0	0.0	0.0	0.0	0.0	1.0	1	1953	205.7	411.9	0.38	11.04	1
979.38	0	11.0	0.0	0.0	0.0	0.0	1.0	1	1953	205.7	411.9	0.38	11.04	1
979.48	0	11.0	0.0	0.0	0.0	0.0	1.0	1	1953	205.7	411.9	0.38	11.04	1
979.58	0	11.0	0.0	0.0	0.0	0.0	1.0	1	1953	205.7	411.9	0.38	11.05	1
979.68	0	11.0	0.0	0.0	0.0	0.0	1.0	1	1953	205.7	411.9	0.38	11.05	1
979.78	0	11.1	0.0	0.0	0.0	0.0	1.0	1	1953	205.7	411.9	0.38	11.05	1
979.88	0	11.1	0.0	0.0	0.0	0.0	1.0	1	1953	205.7	411.9	0.38	11.06	1
979.98	0	11.1	0.0	0.0	0.0	0.0	1.0	1	1953	205.7	411.9	0.38	11.06	1
980.09	0	11.1	0.0	0.0	0.0	0.0	1.0	1	1953	205.7	411.9	0.38	11.06	1
980.19	0	11.1	0.0	0.0	0.0	0.0	1.0	1	1953	205.7	411.9	0.38	11.07	1
980.28	0	11.1	0.0	0.0	0.0	0.0	1.0	1	1953	205.7	411.9	0.38	11.07	1
980.38	0	11.1	0.0	0.0	0.0	0.0	1.0	1	1953	205.7	411.9	0.38	11.07	1
980.48	0	11.1	0.0	0.0	0.0	0.0	1.0	1	1953	205.7	411.9	0.38	11.08	1
980.58	0	11.1	0.0	0.0	0.0	0.0	1.0	1	1953	205.7	411.9	0.38	11.08	1
980.7	0	11.1	0.0	0.0	0.0	0.0	1.0	1	1953	205.7	411.9	0.38	11.08	1
980.8	0	11.1	0.0	0.0	0.0	0.0	1.0	1	1953	205.7	411.9	0.38	11.09	1
980.9	0	11.1	0.0	0.0	0.0	0.0	1.0	1	1953	205.7	411.9	0.38	11.09	1
981.0	0	11.1	0.0	0.0	0.0	0.0	1.0	1	1953	205.7	411.9	0.38	11.09	1
981.1	0	11.1	0.0	0.0	0.0	0.0	1.0	1	1953	205.7	411.9	0.38	11.1	1
981.2	0	11.1	0.0	0.0	0.0	0.0	1.0	1	1953	205.7	411.9	0.38	11.1	1
981.3	0	11.1	0.0	0.0	0.0	0.0	1.0	1	1953	205.7	411.9	0.38	11.1	1
981.4	0	11.1	0.0	0.0	0.0	0.0	1.0	1	1953	205.7	411.9	0.38	11.11	1
981.5	0	11.1	0.0	0.0	0.0	0.0	1.0	1	1953	205.7	411.9	0.38	11.11	1
981.6	0	11.1	0.0	0.0	0.0	0.0	1.0	1	1953	205.7	411.9	0.38	11.11	1
981.7	0	11.1	0.0	0.0	0.0	0.0	1.0	1	1953	205.7	411.9	0.38	11.12	1
981.8	0	11.1	0.0	0.0	0.0	0.0	1.0	1	1953	205.7	411.9	0.38	11.12	1
981.9	0	11.1	0.0	0.0	0.0	0.0	1.0	1	1953	205.7	411.9	0.38	11.12	1
982.0	0	11.1	0.0	0.0	0.0	0.0	1.0	1	1953	205.7	411.9	0.38	11.13	1
982.1	0	11.1	0.0	0.0	0.0	0.0	1.0	1	1953	205.7	411.9	0.38	11.13	1
982.2	0	11.1	0.0	0.0	0.0	0.0	1.0	1	1953	205.7	411.9	0.38	11.13	1
982.3	0	11.1	0.0	0.0	0.0	0.0	1.0	1	1953	205.7	411.9	0.38	11.13	1
982.4	0	11.1	0.0	0.0	0.0	0.0	1.0	1	1953	205.7	411.9	0.38	11.14	1
982.5	0	11.1	0.0	0.0	0.0	0.0	1.0	1	1953	205.7	411.9	0.38	11.14	1
982.6	0	11.1	0.0	0.0	0.0	0.0	1.0	1	1953	205.7	411.9	0.38	11.14	1
982.7	0	11.1	0.0	0.0	0.0	0.0	1.0	1	1953	205.7	411.9	0.38	11.15	1
982.8	0	11.2	0.0	0.0	0.0	0.0	1.0	1	1953	205.7	411.9	0.38	11.15	1
982.9	0	11.2	0.0	0.0	0.0	0.0	1.0	1	1953	205.7	411.9	0.38	11.15	1
983.0	0	11.2	0.0	0.0	0.0	0.0	1.0	1	1953	205.7	411.9	0.38	11.16	1
983.1	0	11.2	0.0	0.0	0.0	0.0	1.0	1	1953	205.7	411.9	0.38	11.16	1
983.2	0	11.2	0.0	0.0	0.0	0.0	1.0	1	1953	205.7	411.9	0.38	11.16	1
983.3	0	11.2	0.0	0.0	0.0	0.0	1.0	1	1953	205.7	411.9	0.38	11.17	1
983.4	0	11.2	0.0	0.0	0.0	0.0	1.0	1	1953	205.7	411.9	0.38	11.17	1
983.5	0	11.2	0.0	0.0	0.0	0.0	1.0	1	1953	205.7	411.9	0.38	11.17	1
983.6	0	11.2	0.0	0.0	0.0	0.0	1.0	1	1953	205.7	411.9	0.38	11.18	1
983.7	0	11.2	0.0	0.0	0.0	0.0	1.0	1	1953	205.7	411.9	0.38	11.18	1
983.8	0	11.2	0.0	0.0	0.0	0.0	1.0	1	1953	205.7	411.9	0.38	11.18	1
983.92	0	11.2	0.0	0.0	0.0	0.0	1.0	1	1953	205.7	411.9	0.38	11.19	1
984.02	0	11.2	0.0	0.0	0.0	0.0	1.0	1	1953	205.7	411.9	0.38	11.19	1
984.12	0	11.2	0.0	0.0	0.0	0.0	1.0	1	1953	205.7	411.9	0.38	11.19	1
984.22	0	11.2	0.0	0.0	0.0	0.0	1.0	1	1953	205.7	411.9	0.38	11.2	1
984.32	0	11.2	0.0	0.0	0.0	0.0	1.0	1	1953	205.7	411.9	0.38	11.2	1
984.42	0	11.2	0.0	0.0	0.0	0.0	1.0	1	1953	205.7	411.9	0.38	11.2	1
984.52	0	11.2	0.0	0.0	0.0	0.0	1.0	1	1953	205.7	411.9	0.38	11.21	1
984.62	0	11.2	0.0	0.0	0.0	0.0	1.0	1	1953	205.7	411.9	0.38	11.21	1
984.72	0	11.2	0.0	0.0	0.0	0.0	1.0	1	1953	205.7	411.9	0.38	11.21	1
984.82	0	11.2	0.0	0.0	0.0	0.0	1.0	1	1953	205.7	411.9	0.38	11.22	1
984.92	0	11.2	0.0	0.0	0.0	0.0	1.0	1	1953	205.7	411.9	0.38	11.22	1
985.02	0	11.2	0.0	0.0	0.0	0.0	1.0	1	1953	205.7	411.9	0.38	11.22	1
985.12	0	11.2	0.0	0.0	0.0	0.0	1.0	1	1953	205.7	411.9	0.38	11.23	1
985.22	0	11.2	0.0	0.0	0.0	0.0	1.0	1	1953	205.7	411.9	0.38	11.23	1
985.32	0	11.2	0.0	0.0	0.0	0.0	1.0	1	1953	205.7	411.9	0.38	11.23	1
985.42	0	11.2	0.0	0.0	0.0	0.0	1.0	1	1953	205.7	411.9	0.38	11.24	1
985.52	0	11.2	0.0	0.0	0.0	0.0	1.0	1	1953	205.7	411.9	0.38	11.24	1
985.62	0	11.2	0.0	0.0	0.0	0.0	1.0	1	1953	205.7	411.9	0.38	11.24	1
985.72	0	11.2	0.0	0.0	0.0	0.0	1.0	1	1953	205.7	411.9	0.38	11.25	1
985.82	0	11.2	0.0	0.0	0.0	0.0	1.0	1	1953	205.7	411.9	0.38	11.25	1
985.92	0	11.3	0.0	0.0	0.0	0.0	1.0	1	1953	205.7	411.9	0.38	11.25	1
986.02	0	11.3	0.0	0.0	0.0	0.0	1.0	1	1953	205.7	411.9	0.38	11.26	1
986.12	0	11.3	0.0	0.0	0.0	0.0	1.0	1	1953	205.7	411.9	0.38	11.26	1
986.22	0	11.3	0.0	0.0	0.0	0.0	1.0	1	1953	205.7	411.9	0.38	11.26	1
986.32	0	11.3	0.0	0.0	0.0	0.0	1.0	1	1953	205.7	411.9	0.38	11.27	1
986.42	0	11.3	0.0	0.0	0.0	0.0	1.0	1	1953	205.7	411.9	0.38	11.27	1
986.52	0	11.3	0.0	0.0	0.0	0.0	1.0	1	1953	205.7	411.9	0.38	11.27	1
986.62	0	11.3	0.0	0.0	0.0	0.0	1.0	1	1953	205.7	411.9	0.38	11.28	1
