# zandvoort_racer telemetry — Lotus 49 @ zandvoort
# t	lap	lapdist	kmh	thr	brk	steer	clu	gear	rpm	x	z	lat	along	ontrack
0.17	0	0.0	0.0	0.0	0.0	0.0	0.0	1	1954	205.7	411.5	0.0	0.0	1
0.28	0	0.0	0.0	0.0	0.0	0.0	0.0	1	1953	205.7	411.5	0.0	0.0	1
0.37	0	0.0	0.0	0.0	0.0	0.0	0.0	1	1953	205.7	411.5	0.0	0.0	1
0.47	0	0.0	0.0	0.0	0.0	0.0	0.0	1	1953	205.7	411.5	0.0	0.0	1
0.57	0	0.0	0.0	0.0	0.0	0.0	0.0	1	1953	205.7	411.5	0.0	0.0	1
0.67	0	0.0	0.0	0.0	0.0	0.0	0.0	1	1953	205.7	411.5	0.0	0.0	1
0.77	0	0.0	0.0	0.0	0.0	0.0	0.0	1	1953	205.7	411.5	0.0	0.0	1
0.87	0	0.0	0.0	0.0	0.0	0.0	0.0	1	1953	205.7	411.5	0.0	0.0	1
0.97	0	0.0	0.0	0.0	0.0	0.0	0.0	1	1953	205.7	411.5	0.0	0.0	1
1.07	0	0.0	0.0	0.0	0.0	0.0	0.0	1	1953	205.7	411.5	0.0	0.0	1
1.17	0	0.0	0.0	0.0	0.0	0.0	0.0	1	1953	205.7	411.5	0.0	0.0	1
1.27	0	0.0	0.0	0.0	0.0	0.0	0.0	1	1953	205.7	411.5	0.0	0.0	1
1.37	0	0.0	0.0	0.0	0.0	0.0	0.0	1	1953	205.7	411.5	0.0	0.0	1
1.47	0	0.0	0.0	0.0	0.0	0.0	0.0	1	1953	205.7	411.5	0.0	0.0	1
1.57	0	0.0	0.0	0.0	0.0	0.0	0.0	1	1953	205.7	411.5	0.0	0.0	1
1.67	0	0.0	0.0	0.0	0.0	0.0	0.0	1	1953	205.7	411.5	0.0	0.0	1
1.77	0	0.0	0.0	0.0	0.0	0.0	0.0	1	1953	205.7	411.5	0.0	0.0	1
1.87	0	0.0	0.0	0.0	0.0	0.0	0.0	1	1953	205.7	411.5	0.0	0.0	1
1.97	0	0.0	0.0	0.0	0.0	0.0	0.0	1	1953	205.7	411.5	0.0	0.0	1
2.07	0	0.0	0.0	0.0	0.0	0.0	0.0	1	1953	205.7	411.5	0.0	0.0	1
2.17	0	0.0	0.0	0.0	0.0	0.0	0.0	1	1953	205.7	411.5	0.0	0.0	1
2.27	0	0.0	0.0	0.0	0.0	0.0	0.0	1	1953	205.7	411.5	0.0	0.0	1
2.37	0	0.0	0.0	0.0	0.0	0.0	0.0	1	1953	205.7	411.5	0.0	0.0	1
2.47	0	0.0	0.0	0.0	0.0	0.0	0.0	1	1953	205.7	411.5	0.0	0.0	1
2.57	0	0.0	0.0	0.0	0.0	0.0	0.0	1	1953	205.7	411.5	0.0	0.0	1
2.67	0	0.0	0.0	0.0	0.0	0.0	0.0	1	1953	205.7	411.5	0.0	0.0	1
2.77	0	0.0	0.0	0.0	0.0	0.0	0.0	1	1953	205.7	411.5	0.0	0.0	1
2.87	0	0.0	0.0	0.0	0.0	0.0	0.0	1	1953	205.7	411.5	0.0	0.0	1
2.97	0	0.0	0.0	0.0	0.0	0.0	0.0	1	1953	205.7	411.5	0.0	0.0	1
3.07	0	0.0	0.0	0.0	0.0	0.0	0.0	1	1953	205.7	411.5	0.0	0.0	1
3.17	0	0.0	0.0	0.0	0.0	0.0	0.0	1	1953	205.7	411.5	0.0	0.0	1
3.27	0	0.0	0.0	0.0	0.0	0.0	0.0	1	1953	205.7	411.5	0.0	0.0	1
3.37	0	0.0	0.0	0.0	0.0	0.0	0.0	1	1953	205.7	411.5	0.0	0.0	1
3.47	0	0.0	0.0	0.0	0.0	0.0	0.0	1	1953	205.7	411.5	0.0	0.0	1
3.57	0	0.0	0.0	0.0	0.0	0.0	0.0	1	1953	205.7	411.5	0.0	0.0	1
3.67	0	0.0	0.0	0.0	0.0	0.0	0.0	1	1953	205.7	411.5	0.0	0.0	1
3.77	0	0.0	0.0	0.0	0.0	0.0	0.0	1	1953	205.7	411.5	0.0	0.0	1
3.87	0	0.0	0.0	0.0	0.0	0.0	0.0	1	1953	205.7	411.5	0.0	0.0	1
3.97	0	0.0	0.0	0.0	0.0	0.0	0.0	1	1953	205.7	411.5	0.0	0.0	1
4.07	0	0.0	0.0	0.0	0.0	0.0	0.0	1	1953	205.7	411.5	0.0	0.0	1
4.17	0	0.0	0.0	0.0	0.0	0.0	0.0	1	1953	205.7	411.5	0.0	0.0	1
4.27	0	0.0	0.0	0.0	0.0	0.0	0.0	1	1953	205.7	411.5	0.0	0.0	1
4.37	0	0.0	0.0	0.0	0.0	0.0	0.0	1	1953	205.7	411.5	0.0	0.0	1
4.47	0	0.0	0.0	0.0	0.0	0.0	0.0	1	1953	205.7	411.5	0.0	0.0	1
4.57	0	0.0	0.0	0.0	0.0	0.0	0.0	1	1953	205.7	411.5	0.0	0.0	1
4.67	0	0.0	0.0	0.0	0.0	0.0	0.0	1	1953	205.7	411.5	0.0	0.0	1
4.77	0	0.0	0.0	0.0	0.0	0.0	0.0	1	1953	205.7	411.5	0.0	0.0	1
4.87	0	0.0	0.0	0.0	0.0	0.0	0.0	1	1953	205.7	411.5	0.0	0.0	1
4.97	0	0.0	0.0	0.0	0.0	0.0	0.0	1	1953	205.7	411.5	0.0	0.0	1
5.07	0	0.0	0.0	0.0	0.0	0.0	0.0	1	1953	205.7	411.5	0.0	0.0	1
5.17	0	0.0	0.0	0.0	0.0	0.0	0.0	1	1953	205.7	411.5	0.0	0.0	1
5.27	0	0.0	0.0	0.0	0.0	0.0	0.0	1	1953	205.7	411.5	0.0	0.0	1
5.37	0	0.0	0.0	0.0	0.0	0.0	0.0	1	1953	205.7	411.5	0.0	0.0	1
5.49	0	0.0	0.0	0.0	0.0	0.0	0.0	1	1953	205.7	411.5	0.0	0.0	1
5.59	0	0.0	0.0	0.0	0.0	0.0	0.0	1	1953	205.7	411.5	0.0	0.0	1
5.69	0	0.0	0.0	0.0	0.0	0.0	0.0	1	1953	205.7	411.5	0.0	0.0	1
5.79	0	0.0	0.0	0.0	0.0	0.0	0.0	1	1953	205.7	411.5	0.0	0.0	1
5.89	0	0.0	0.0	0.0	0.0	0.0	0.0	1	1953	205.7	411.5	0.0	0.0	1
5.99	0	0.0	0.0	0.0	0.0	0.0	0.0	1	1953	205.7	411.5	0.0	0.0	1
6.09	0	0.0	0.0	0.0	0.0	0.0	0.0	1	1953	205.7	411.5	0.0	0.0	1
6.19	0	0.0	0.0	0.0	0.0	0.0	0.0	1	1953	205.7	411.5	0.0	0.0	1
6.29	0	0.0	0.0	0.0	0.0	0.0	0.0	1	1953	205.7	411.5	0.0	0.0	1
6.39	0	0.0	0.0	0.0	0.0	0.0	0.0	1	1953	205.7	411.5	0.0	0.0	1
6.49	0	0.0	0.0	0.0	0.0	0.0	0.0	1	1953	205.7	411.5	0.0	0.0	1
6.59	0	0.0	0.0	0.0	0.0	0.0	0.0	1	1953	205.7	411.5	0.0	0.0	1
6.69	0	0.0	0.0	0.0	0.0	0.0	0.0	1	1953	205.7	411.5	0.0	0.0	1
6.79	0	0.0	0.0	0.0	0.0	0.0	0.0	1	1953	205.7	411.5	0.0	0.0	1
6.89	0	0.0	0.0	0.0	0.0	0.0	0.0	1	1953	205.7	411.5	0.0	0.0	1
6.99	0	0.0	0.0	0.0	0.0	0.0	0.0	1	1953	205.7	411.5	0.0	0.0	1
7.09	0	0.0	0.0	0.0	0.0	0.0	0.0	1	1953	205.7	411.5	0.0	0.0	1
7.19	0	0.0	0.0	0.0	0.0	0.0	0.0	1	1953	205.7	411.5	0.0	0.0	1
7.29	0	0.0	0.0	0.0	0.0	0.0	0.0	1	1953	205.7	411.5	0.0	0.0	1
7.39	0	0.0	0.0	0.0	0.0	0.0	0.0	1	1953	205.7	411.5	0.0	0.0	1
7.49	0	0.0	0.0	0.0	0.0	0.0	0.0	1	1953	205.7	411.5	0.0	0.0	1
7.59	0	0.0	0.0	0.0	0.0	0.0	0.0	1	1953	205.7	411.5	0.0	0.0	1
7.69	0	0.0	0.0	0.0	0.0	0.0	0.0	1	1953	205.7	411.5	0.01	0.0	1
7.79	0	0.0	0.0	0.0	0.0	0.0	0.0	1	1953	205.7	411.5	0.01	0.0	1
7.89	0	0.0	0.0	0.0	0.0	0.0	0.0	1	1953	205.7	411.5	0.01	0.0	1
7.99	0	0.0	0.0	0.0	0.0	0.0	0.0	1	1953	205.7	411.5	0.01	0.0	1
8.09	0	0.0	0.0	0.0	0.0	0.0	0.0	1	1953	205.7	411.5	0.01	0.0	1
8.19	0	0.0	0.0	0.0	0.0	0.0	0.0	1	1953	205.7	411.5	0.01	0.0	1
8.29	0	0.0	0.0	0.0	0.0	0.0	0.0	1	1953	205.7	411.5	0.01	0.0	1
8.39	0	0.0	0.0	0.0	0.0	0.0	0.0	1	1953	205.7	411.5	0.01	0.0	1
8.49	0	0.0	0.0	0.0	0.0	0.0	0.0	1	1953	205.7	411.5	0.01	0.0	1
8.59	0	0.0	0.0	0.0	0.0	0.0	0.0	1	1953	205.7	411.5	0.01	0.0	1
8.69	0	0.0	0.0	0.0	0.0	0.0	0.0	1	1953	205.7	411.5	0.01	0.0	1
8.79	0	0.0	0.0	0.0	0.0	0.0	0.0	1	1953	205.7	411.5	0.01	0.0	1
8.89	0	0.0	0.0	0.0	0.0	0.0	0.0	1	1953	205.7	411.5	0.01	0.0	1
8.99	0	0.0	0.0	0.0	0.0	0.0	0.0	1	1953	205.7	411.5	0.01	0.0	1
9.09	0	0.0	0.0	0.0	0.0	0.0	0.0	1	1953	205.7	411.5	0.01	0.0	1
9.19	0	0.0	0.0	0.0	0.0	0.0	0.0	1	1953	205.7	411.5	0.01	0.0	1
9.29	0	0.0	0.0	0.0	0.0	0.0	0.0	1	1953	205.7	411.5	0.01	0.0	1
9.39	0	0.0	0.0	0.0	0.0	0.0	0.0	1	1953	205.7	411.5	0.01	0.0	1
9.52	0	0.0	0.0	0.0	0.0	0.0	0.0	1	1953	205.7	411.5	0.01	0.0	1
9.62	0	0.0	0.0	0.0	0.0	0.0	0.0	1	1953	205.7	411.5	0.01	0.0	1
9.72	0	0.0	0.0	0.0	0.0	0.0	0.0	1	1953	205.7	411.5	0.01	0.0	1
9.82	0	0.0	0.0	0.0	0.0	0.0	0.0	1	1953	205.7	411.5	0.01	0.0	1
9.92	0	0.0	0.0	0.0	0.0	0.0	0.0	1	1953	205.7	411.5	0.01	0.0	1
10.02	0	0.0	0.0	0.0	0.0	0.0	0.0	1	1953	205.7	411.5	0.01	0.0	1
10.12	0	0.0	0.0	0.0	0.0	0.0	0.0	1	1953	205.7	411.5	0.01	0.0	1
10.22	0	0.0	0.0	0.0	0.0	0.0	0.0	1	1953	205.7	411.5	0.01	0.0	1
10.32	0	0.0	0.0	0.0	0.0	0.0	0.0	1	1953	205.7	411.5	0.01	0.0	1
10.42	0	0.0	0.0	0.0	0.0	0.0	0.0	1	1953	205.7	411.5	0.01	0.0	1
10.52	0	0.0	0.0	0.0	0.0	0.0	0.0	1	1953	205.7	411.5	0.01	0.0	1
10.62	0	0.0	0.0	0.0	0.0	0.0	0.0	1	1953	205.7	411.5	0.01	0.0	1
10.72	0	0.0	0.0	0.0	0.0	0.0	0.0	1	1953	205.7	411.5	0.01	0.0	1
10.82	0	0.0	0.0	0.0	0.0	0.0	0.0	1	1953	205.7	411.5	0.01	0.0	1
10.92	0	0.0	0.0	0.0	0.0	0.0	0.0	1	1953	205.7	411.5	0.01	0.0	1
11.02	0	0.0	0.0	0.0	0.0	0.0	0.0	1	1953	205.7	411.5	0.01	0.0	1
11.12	0	0.0	0.0	0.0	0.0	0.0	0.0	1	1953	205.7	411.5	0.01	0.0	1
11.22	0	0.0	0.0	0.0	0.0	0.0	0.0	1	1953	205.7	411.5	0.01	0.0	1
11.32	0	0.0	0.0	0.0	0.0	0.0	0.0	1	1953	205.7	411.5	0.01	0.0	1
11.42	0	0.0	0.0	0.0	0.0	0.0	0.0	1	1953	205.7	411.5	0.01	0.0	1
11.52	0	0.0	0.0	0.0	0.0	0.0	0.0	1	1953	205.7	411.5	0.01	0.0	1
11.63	0	0.0	0.0	0.0	0.0	0.0	0.0	1	1953	205.7	411.5	0.01	0.0	1
11.73	0	0.0	0.0	0.0	0.0	0.0	0.0	1	1953	205.7	411.5	0.01	0.0	1
11.83	0	0.0	0.0	0.0	0.0	0.0	0.0	1	1953	205.7	411.5	0.01	0.0	1
11.93	0	0.0	0.0	0.0	0.0	0.0	0.0	1	1953	205.7	411.5	0.01	0.0	1
12.03	0	0.0	0.0	0.0	0.0	0.0	0.0	1	1953	205.7	411.5	0.01	0.0	1
12.13	0	0.0	0.0	0.0	0.0	0.0	0.0	1	1953	205.7	411.5	0.01	0.0	1
12.23	0	0.0	0.0	0.0	0.0	0.0	0.0	1	1953	205.7	411.5	0.01	0.0	1
12.34	0	0.0	0.0	0.0	0.0	0.0	0.0	1	1953	205.7	411.5	0.01	0.0	1
12.44	0	0.0	0.0	0.0	0.0	0.0	0.0	1	1953	205.7	411.5	0.01	0.0	1
12.54	0	0.0	0.0	0.0	0.0	0.0	0.0	1	1953	205.7	411.5	0.01	0.0	1
12.64	0	0.0	0.0	0.0	0.0	0.0	0.0	1	1953	205.7	411.5	0.01	0.0	1
12.74	0	0.0	0.0	0.0	0.0	0.0	0.0	1	1953	205.7	411.5	0.01	0.0	1
12.84	0	0.0	0.0	0.0	0.0	0.0	0.0	1	1953	205.7	411.5	0.01	0.0	1
12.94	0	0.0	0.0	0.0	0.0	0.0	0.0	1	1953	205.7	411.5	0.01	0.0	1
13.04	0	0.0	0.0	0.0	0.0	0.0	0.0	1	1953	205.7	411.5	0.01	0.0	1
13.14	0	0.0	0.0	0.0	0.0	0.0	0.0	1	1953	205.7	411.5	0.01	0.0	1
13.24	0	0.0	0.0	0.0	0.0	0.0	0.0	1	1953	205.7	411.5	0.01	0.0	1
13.34	0	0.0	0.0	0.0	0.0	0.0	0.0	1	1953	205.7	411.5	0.01	0.0	1
13.44	0	0.0	0.0	0.0	0.0	0.0	0.0	1	1953	205.7	411.5	0.01	0.0	1
13.54	0	0.0	0.0	0.0	0.0	0.0	0.0	1	1953	205.7	411.5	0.01	0.0	1
13.65	0	0.0	0.0	0.0	0.0	0.0	0.0	1	1953	205.7	411.5	0.01	0.0	1
13.75	0	0.0	0.0	0.0	0.0	0.0	0.0	1	1953	205.7	411.5	0.01	0.0	1
13.85	0	0.0	0.0	0.0	0.0	0.0	0.0	1	1953	205.7	411.5	0.01	0.0	1
13.95	0	0.0	0.0	0.0	0.0	0.0	0.0	1	1953	205.7	411.5	0.01	0.0	1
14.05	0	0.0	0.0	0.0	0.0	0.0	0.0	1	1953	205.7	411.5	0.01	0.0	1
14.15	0	0.0	0.0	0.0	0.0	0.0	0.0	1	1953	205.7	411.5	0.01	0.0	1
14.25	0	0.0	0.0	0.0	0.0	0.0	0.0	1	1953	205.7	411.5	0.01	0.0	1
14.35	0	0.0	0.0	0.0	0.0	0.0	0.0	1	1953	205.7	411.5	0.01	0.0	1
14.45	0	0.0	0.0	0.0	0.0	0.0	0.0	1	1953	205.7	411.5	0.01	0.0	1
14.55	0	0.0	0.0	0.0	0.0	0.0	0.0	1	1953	205.7	411.5	0.01	0.0	1
14.65	0	0.0	0.0	0.0	0.0	0.0	0.0	1	1953	205.7	411.5	0.01	0.0	1
14.75	0	0.0	0.0	0.0	0.0	0.0	0.0	1	1953	205.7	411.5	0.01	0.0	1
14.85	0	0.0	0.0	0.0	0.0	0.0	0.0	1	1953	205.7	411.5	0.01	0.0	1
14.95	0	0.0	0.0	0.0	0.0	0.0	0.0	1	1953	205.7	411.5	0.01	0.0	1
15.05	0	0.0	0.0	0.0	0.0	0.0	0.0	1	1953	205.7	411.5	0.01	0.0	1
15.14	0	0.0	0.0	0.0	0.0	0.0	0.0	1	1953	205.7	411.5	0.01	0.0	1
15.25	0	0.0	0.0	0.0	0.0	0.0	0.0	1	1953	205.7	411.5	0.01	0.0	1
15.35	0	0.0	0.0	0.0	0.0	0.0	0.0	1	1953	205.7	411.5	0.01	0.0	1
15.45	0	0.0	0.0	0.0	0.0	0.0	0.0	1	1953	205.7	411.5	0.01	0.0	1
15.55	0	0.0	0.0	0.0	0.0	0.0	0.0	1	1953	205.7	411.5	0.01	0.0	1
15.65	0	0.0	0.0	0.0	0.0	0.0	0.0	1	1953	205.7	411.5	0.01	0.0	1
15.75	0	0.0	0.0	0.0	0.0	0.0	0.0	1	1953	205.7	411.5	0.01	0.0	1
15.85	0	0.0	0.0	0.0	0.0	0.0	0.0	1	1953	205.7	411.5	0.01	0.0	1
15.94	0	0.0	0.0	0.0	0.0	0.0	0.0	1	1953	205.7	411.5	0.01	0.0	1
16.04	0	0.0	0.0	0.0	0.0	0.0	0.0	1	1953	205.7	411.5	0.01	0.0	1
16.14	0	0.0	0.0	0.0	0.0	0.0	0.0	1	1953	205.7	411.5	0.01	0.0	1
16.25	0	0.0	0.0	0.0	0.0	0.0	0.0	1	1953	205.7	411.5	0.01	0.0	1
16.35	0	0.0	0.0	0.0	0.0	0.0	0.0	1	1953	205.7	411.5	0.01	0.0	1
16.45	0	0.0	0.0	0.0	0.0	0.0	0.0	1	1953	205.7	411.5	0.01	0.0	1
16.55	0	0.0	0.0	0.0	0.0	0.0	0.0	1	1953	205.7	411.5	0.01	0.0	1
16.65	0	0.0	0.0	0.0	0.0	0.0	0.0	1	1953	205.7	411.5	0.01	0.0	1
16.74	0	0.0	0.0	0.0	0.0	0.0	0.0	1	1953	205.7	411.5	0.01	0.0	1
16.85	0	0.0	0.0	0.0	0.0	0.0	0.0	1	1953	205.7	411.5	0.01	0.0	1
16.95	0	0.0	0.0	0.0	0.0	0.0	0.0	1	1953	205.7	411.5	0.01	0.0	1
17.05	0	0.0	0.0	0.0	0.0	0.0	0.0	1	1953	205.7	411.5	0.01	0.0	1
17.15	0	0.0	0.0	0.0	0.0	0.0	0.0	1	1953	205.7	411.5	0.01	0.0	1
17.25	0	0.0	0.0	0.0	0.0	0.0	0.0	1	1953	205.7	411.5	0.01	0.0	1
17.35	0	0.0	0.0	0.0	0.0	0.0	0.0	1	1953	205.7	411.5	0.01	0.0	1
17.46	0	0.0	0.0	0.0	0.0	0.0	0.0	1	1953	205.7	411.5	0.01	0.0	1
17.55	0	0.0	0.0	0.0	0.0	0.0	0.0	1	1953	205.7	411.5	0.01	0.0	1
17.65	0	0.0	0.0	0.0	0.0	0.0	0.0	1	1953	205.7	411.5	0.01	0.0	1
17.75	0	0.0	0.0	0.0	0.0	0.0	0.0	1	1953	205.7	411.5	0.01	0.0	1
17.85	0	0.0	0.0	0.0	0.0	0.0	0.0	1	1953	205.7	411.5	0.01	0.0	1
17.95	0	0.0	0.0	0.0	0.0	0.0	0.0	1	1953	205.7	411.5	0.01	0.0	1
18.05	0	0.0	0.0	0.0	0.0	0.0	0.0	1	1953	205.7	411.5	0.01	0.0	1
18.15	0	0.0	0.0	0.0	0.0	0.0	0.0	1	1953	205.7	411.5	0.01	0.0	1
18.25	0	0.0	0.0	0.0	0.0	0.0	0.0	1	1953	205.7	411.5	0.01	0.0	1
18.35	0	0.0	0.0	0.0	0.0	0.0	0.0	1	1953	205.7	411.5	0.01	0.0	1
18.45	0	0.0	0.0	0.0	0.0	0.0	0.0	1	1953	205.7	411.5	0.01	0.0	1
18.55	0	0.0	0.0	0.0	0.0	0.0	0.0	1	1953	205.7	411.5	0.01	0.0	1
18.64	0	0.0	0.0	0.0	0.0	0.0	0.0	1	1953	205.7	411.5	0.01	0.0	1
18.75	0	0.0	0.0	0.0	0.0	0.0	0.0	1	1953	205.7	411.5	0.01	0.0	1
18.85	0	0.0	0.0	0.0	0.0	0.0	0.0	1	1953	205.7	411.5	0.01	0.0	1
18.95	0	0.0	0.0	0.0	0.0	0.0	0.0	1	1953	205.7	411.5	0.01	0.0	1
19.05	0	0.0	0.0	0.0	0.0	0.0	0.0	1	1953	205.7	411.5	0.01	0.0	1
19.15	0	0.0	0.0	0.0	0.0	0.0	0.0	1	1953	205.7	411.5	0.01	0.0	1
19.25	0	0.0	0.0	0.0	0.0	0.0	0.0	1	1953	205.7	411.5	0.01	0.0	1
19.35	0	0.0	0.0	0.0	0.0	0.0	0.0	1	1953	205.7	411.5	0.01	0.0	1
19.46	0	0.0	0.0	0.0	0.0	0.0	0.0	1	1953	205.7	411.5	0.01	0.0	1
19.56	0	0.0	0.0	0.0	0.0	0.0	0.0	1	1953	205.7	411.5	0.01	0.0	1
19.66	0	0.0	0.0	0.0	0.0	0.0	0.0	1	1953	205.7	411.5	0.01	0.0	1
19.76	0	0.0	0.0	0.0	0.0	0.0	0.0	1	1953	205.7	411.5	0.01	0.0	1
20.06	0	0.0	0.0	0.0	0.0	0.0	0.0	1	1953	205.7	411.5	0.01	0.0	1
20.36	0	0.0	0.0	0.0	0.0	0.0	0.0	1	1953	205.7	411.5	0.01	0.0	1
20.66	0	0.0	0.0	0.0	0.0	0.0	0.0	1	1953	205.7	411.5	0.01	0.0	1
20.96	0	0.0	0.0	0.0	0.0	0.0	0.0	1	1953	205.7	411.5	0.01	0.0	1
21.26	0	0.0	0.0	0.0	0.0	0.0	0.0	1	1953	205.7	411.5	0.01	0.0	1
21.56	0	0.0	0.0	0.0	0.0	0.0	0.0	1	1953	205.7	411.5	0.01	0.0	1
21.86	0	0.0	0.0	0.0	0.0	0.0	0.0	1	1953	205.7	411.5	0.01	0.0	1
22.02	0	0.0	0.0	0.0	0.0	0.0	0.0	1	1953	205.7	411.5	0.01	0.0	1
22.12	0	0.0	0.0	0.0	0.0	0.0	0.0	1	1953	205.7	411.5	0.01	0.0	1
22.22	0	0.0	0.0	0.0	0.0	0.0	0.0	1	1953	205.7	411.5	0.01	0.0	1
22.32	0	0.0	0.0	0.0	0.0	0.0	0.0	1	1953	205.7	411.5	0.01	0.0	1
22.42	0	0.0	0.0	0.0	0.0	0.0	0.0	1	1953	205.7	411.5	0.01	0.0	1
22.52	0	0.0	0.0	0.0	0.0	0.0	0.0	1	1953	205.7	411.5	0.01	0.0	1
22.62	0	0.0	0.0	0.0	0.0	0.0	0.0	1	1953	205.7	411.5	0.01	0.0	1
22.72	0	0.0	0.0	0.0	0.0	0.0	0.0	1	1953	205.7	411.5	0.01	0.0	1
22.82	0	0.0	0.0	0.0	0.0	0.0	0.0	1	1953	205.7	411.5	0.01	0.0	1
22.92	0	0.0	0.0	0.0	0.0	0.0	0.0	1	1953	205.7	411.5	0.01	0.0	1
23.02	0	0.0	0.0	0.0	0.0	0.0	0.0	1	1953	205.7	411.5	0.01	0.0	1
23.12	0	0.0	0.0	0.0	0.0	0.0	0.0	1	1953	205.7	411.5	0.02	0.0	1
23.22	0	0.0	0.0	0.0	0.0	0.0	0.0	1	1953	205.7	411.5	0.02	0.0	1
23.32	0	0.0	0.0	0.0	0.0	0.0	0.0	1	1953	205.7	411.5	0.02	0.0	1
23.42	0	0.0	0.0	0.0	0.0	0.0	0.0	1	1953	205.7	411.5	0.02	0.0	1
23.52	0	0.0	0.0	0.0	0.0	0.0	0.0	1	1953	205.7	411.5	0.02	0.0	1
23.62	0	0.0	0.0	0.0	0.0	0.0	0.0	1	1953	205.7	411.5	0.02	0.0	1
23.72	0	0.0	0.0	0.0	0.0	0.0	0.0	1	1953	205.7	411.5	0.02	0.0	1
23.82	0	0.0	0.0	0.0	0.0	0.0	0.0	1	1953	205.7	411.5	0.02	0.0	1
23.92	0	0.0	0.0	0.0	0.0	0.0	0.0	1	1953	205.7	411.5	0.02	0.0	1
24.02	0	0.0	0.0	0.0	0.0	0.0	0.0	1	1953	205.7	411.5	0.02	0.0	1
24.12	0	0.0	0.0	0.0	0.0	0.0	0.0	1	1953	205.7	411.5	0.02	0.0	1
24.22	0	0.0	0.0	0.0	0.0	0.0	0.0	1	1953	205.7	411.5	0.02	0.0	1
24.32	0	0.0	0.0	0.0	0.0	0.0	0.0	1	1953	205.7	411.5	0.02	0.0	1
24.46	0	0.0	0.0	0.0	0.0	0.0	0.0	1	1953	205.7	411.5	0.02	0.0	1
24.52	0	0.0	0.0	0.0	0.0	0.0	0.0	1	1953	205.7	411.5	0.02	0.0	1
24.62	0	0.0	0.0	0.0	0.0	0.0	0.0	1	1953	205.7	411.5	0.02	0.0	1
24.72	0	0.0	0.0	0.0	0.0	0.0	0.0	1	1953	205.7	411.5	0.02	0.0	1
24.82	0	0.0	0.0	0.0	0.0	0.0	0.0	1	1953	205.7	411.5	0.02	0.0	1
24.92	0	0.0	0.0	0.0	0.0	0.0	0.0	1	1953	205.7	411.5	0.02	0.0	1
25.02	0	0.0	0.0	0.0	0.0	0.0	0.0	1	1953	205.7	411.5	0.02	0.0	1
25.12	0	0.0	0.0	0.0	0.0	0.0	0.0	1	1953	205.7	411.5	0.02	0.0	1
25.22	0	0.0	0.0	0.0	0.0	0.0	0.0	1	1953	205.7	411.5	0.02	0.0	1
25.32	0	0.0	0.0	0.0	0.0	0.0	0.0	1	1953	205.7	411.5	0.02	0.0	1
25.42	0	0.0	0.0	0.0	0.0	0.0	0.0	1	1953	205.7	411.5	0.02	0.0	1
25.52	0	0.0	0.0	0.0	0.0	0.0	0.0	1	1953	205.7	411.5	0.02	0.0	1
25.62	0	0.0	0.0	0.0	0.0	0.0	0.0	1	1953	205.7	411.5	0.02	0.0	1
25.72	0	0.0	0.0	0.0	0.0	0.0	0.0	1	1953	205.7	411.5	0.02	0.0	1
25.82	0	0.0	0.0	0.0	0.0	0.0	0.0	1	1953	205.7	411.5	0.02	0.0	1
25.92	0	0.0	0.0	0.0	0.0	0.0	0.0	1	1953	205.7	411.5	0.02	0.0	1
26.02	0	0.0	0.0	0.0	0.0	0.0	0.0	1	1953	205.7	411.5	0.02	0.0	1
26.12	0	0.0	0.0	0.0	0.0	0.0	0.0	1	1953	205.7	411.5	0.02	0.0	1
26.22	0	0.0	0.0	0.0	0.0	0.0	0.0	1	1953	205.7	411.5	0.02	0.0	1
26.32	0	0.0	0.0	0.0	0.0	0.0	0.0	1	1953	205.7	411.5	0.02	0.0	1
26.42	0	0.0	0.0	0.0	0.0	0.0	0.0	1	1953	205.7	411.5	0.02	0.0	1
26.52	0	0.0	0.0	0.0	0.0	0.0	0.0	1	1953	205.7	411.5	0.02	0.0	1
26.63	0	0.0	0.0	0.0	0.0	0.0	0.0	1	1953	205.7	411.5	0.02	0.0	1
26.73	0	0.0	0.0	0.0	0.0	0.0	0.0	1	1953	205.7	411.5	0.02	0.0	1
26.83	0	0.0	0.0	0.0	0.0	0.0	0.0	1	1953	205.7	411.5	0.02	0.0	1
26.93	0	0.0	0.0	0.0	0.0	0.0	0.0	1	1953	205.7	411.5	0.02	0.0	1
27.03	0	0.0	0.0	0.0	0.0	0.0	0.0	1	1953	205.7	411.5	0.02	0.0	1
27.13	0	0.0	0.0	0.0	0.0	0.0	0.0	1	1953	205.7	411.5	0.02	0.0	1
27.23	0	0.0	0.0	0.0	0.0	0.0	0.0	1	1953	205.7	411.5	0.02	0.0	1
27.33	0	0.0	0.0	0.0	0.0	0.0	0.0	1	1953	205.7	411.5	0.02	0.0	1
27.43	0	0.0	0.0	0.0	0.0	0.0	0.0	1	1953	205.7	411.5	0.02	0.0	1
27.53	0	0.0	0.0	0.0	0.0	0.0	0.0	1	1953	205.7	411.5	0.02	0.0	1
27.63	0	0.0	0.0	0.0	0.0	0.0	1.0	1	1953	205.7	411.5	0.02	0.0	1
27.76	0	0.0	0.0	0.0	0.0	0.0	1.0	1	1953	205.7	411.5	0.02	0.0	1
27.86	0	0.0	0.0	0.0	0.0	0.0	1.0	1	1953	205.7	411.5	0.02	0.0	1
27.96	0	0.0	0.0	0.0	0.0	0.0	1.0	1	1953	205.7	411.5	0.02	0.0	1
28.06	0	0.0	0.0	0.0	0.0	0.0	1.0	1	1953	205.7	411.5	0.02	0.0	1
28.16	0	0.0	0.0	0.0	0.0	0.0	1.0	1	1953	205.7	411.5	0.02	0.0	1
28.26	0	0.0	0.0	0.0	0.0	0.0	1.0	1	1953	205.7	411.5	0.02	0.0	1
28.36	0	0.0	0.0	0.0	0.0	0.0	1.0	1	1953	205.7	411.5	0.02	0.0	1
28.46	0	0.0	0.0	0.0	0.0	0.0	1.0	1	1953	205.7	411.5	0.02	0.0	1
28.56	0	0.0	0.0	0.0	0.0	0.0	1.0	1	1953	205.7	411.5	0.02	0.0	1
28.66	0	0.0	0.0	0.0	0.0	0.0	1.0	1	1953	205.7	411.5	0.02	0.0	1
28.76	0	0.0	0.0	0.0	0.0	0.0	1.0	1	1953	205.7	411.5	0.02	0.0	1
28.86	0	0.0	0.0	0.0	0.0	0.0	1.0	1	1953	205.7	411.5	0.02	0.0	1
28.96	0	0.0	0.0	0.0	0.0	0.0	1.0	1	1953	205.7	411.5	0.02	0.0	1
29.06	0	0.0	0.0	0.0	0.0	0.0	1.0	1	1953	205.7	411.5	0.02	0.0	1
29.16	0	0.0	0.0	0.0	0.0	0.0	1.0	1	1953	205.7	411.5	0.02	0.0	1
29.26	0	0.0	0.0	0.0	0.0	0.0	1.0	1	1953	205.7	411.5	0.02	0.0	1
29.36	0	0.0	0.0	0.0	0.0	0.0	1.0	1	1953	205.7	411.5	0.02	0.0	1
29.46	0	0.0	0.0	0.0	0.0	0.0	1.0	1	1953	205.7	411.5	0.02	0.0	1
29.56	0	0.0	0.0	0.0	0.0	0.0	1.0	1	1953	205.7	411.5	0.02	0.0	1
29.66	0	0.0	0.0	0.0	0.0	0.0	1.0	1	1953	205.7	411.5	0.02	0.0	1
29.76	0	0.0	0.0	0.0	0.0	0.0	1.0	1	1953	205.7	411.5	0.02	0.0	1
29.86	0	0.0	0.0	0.0	0.0	0.0	1.0	1	1953	205.7	411.5	0.02	0.0	1
29.96	0	0.0	0.0	0.0	0.0	0.0	1.0	1	1953	205.7	411.5	0.02	0.0	1
30.09	0	0.0	0.0	0.0	0.0	0.0	1.0	1	1953	205.7	411.5	0.02	0.0	1
30.16	0	0.0	0.0	0.0	0.0	0.0	1.0	1	1953	205.7	411.5	0.02	0.0	1
30.26	0	0.0	0.0	0.0	0.0	0.0	1.0	1	1953	205.7	411.5	0.02	0.0	1
30.36	0	0.0	0.0	0.0	0.0	0.0	1.0	1	1953	205.7	411.5	0.02	0.0	1
30.46	0	0.0	0.0	0.0	0.0	0.0	1.0	1	1953	205.7	411.5	0.02	0.0	1
30.56	0	0.0	0.0	0.0	0.0	0.0	1.0	1	1953	205.7	411.5	0.02	0.0	1
30.66	0	0.0	0.0	0.0	0.0	0.0	1.0	1	1953	205.7	411.5	0.02	0.0	1
30.76	0	0.0	0.0	0.0	0.0	0.0	1.0	1	1953	205.7	411.5	0.02	0.0	1
30.86	0	0.0	0.0	0.0	0.0	0.0	1.0	1	1953	205.7	411.5	0.02	0.0	1
30.96	0	0.0	0.0	0.0	0.0	0.0	1.0	1	1953	205.7	411.5	0.02	0.0	1
31.06	0	0.0	1.1	0.37	0.0	0.1	0.0	1	1745	205.7	411.5	0.02	0.01	1
31.16	0	0.1	2.9	0.56	0.0	0.14	0.0	1	1654	205.8	411.5	0.02	0.07	1
31.26	0	0.2	4.6	0.63	0.0	0.14	0.0	1	1664	205.9	411.5	0.02	0.17	1
31.36	0	0.3	6.3	0.67	0.0	0.16	0.0	1	1670	206.0	411.5	0.03	0.32	1
31.46	0	0.5	8.1	0.69	0.0	0.11	0.0	1	1674	206.2	411.5	0.03	0.52	1
31.56	0	0.8	9.9	0.69	0.0	0.09	0.0	1	1674	206.5	411.5	0.04	0.77	1
31.66	0	1.1	11.6	0.69	0.0	0.05	0.0	1	1674	206.8	411.5	0.04	1.07	1
31.76	0	1.4	13.4	0.67	0.0	0.05	0.0	1	1672	207.1	411.5	0.04	1.42	1
31.86	0	1.8	15.2	0.67	0.0	0.02	0.0	1	1672	207.5	411.5	0.05	1.82	1
31.96	0	2.3	16.9	0.67	0.0	0.05	0.0	1	1672	208.0	411.5	0.06	2.26	1
32.06	0	2.8	18.7	0.67	0.0	0.05	0.0	1	1672	208.5	411.4	0.06	2.76	1
32.16	0	3.3	20.5	0.67	0.0	0.06	0.0	1	1672	209.0	411.4	0.07	3.3	1
32.26	0	3.9	22.1	0.67	0.0	0.09	0.0	1	1706	209.6	411.4	0.1	3.89	1
32.36	0	4.5	23.5	0.66	0.0	0.1	0.0	1	1796	210.2	411.4	0.13	4.53	1
32.46	0	5.2	24.5	0.66	0.0	0.1	0.0	1	1860	210.9	411.4	0.17	5.19	1
32.56	0	5.9	25.4	0.66	0.0	0.1	0.0	1	1910	211.6	411.4	0.22	5.89	1
32.66	0	6.6	26.0	0.66	0.0	0.16	0.0	1	1951	212.3	411.4	0.27	6.6	1
32.76	0	7.3	26.5	0.66	0.0	0.14	0.0	1	1985	213.0	411.4	0.33	7.32	1
32.86	0	8.1	27.0	0.66	0.0	0.09	0.0	1	2015	213.8	411.4	0.4	8.06	1
32.96	0	8.8	27.4	0.66	0.0	0.12	0.0	1	2048	214.5	411.4	0.47	8.81	1
33.06	0	9.6	27.8	0.58	0.0	0.1	0.0	1	2072	215.3	411.4	0.54	9.58	1
33.16	0	10.4	28.1	0.58	0.0	0.09	0.0	1	2097	216.1	411.4	0.62	10.36	1
33.26	0	11.1	28.5	0.62	0.0	0.07	0.0	1	2123	216.9	411.5	0.7	11.14	1
33.36	0	11.9	28.9	0.64	0.0	0.07	0.0	1	2154	217.7	411.5	0.78	11.93	1
33.46	0	12.7	29.3	0.64	0.0	0.02	0.0	1	2184	218.5	411.5	0.87	12.73	1
33.56	0	13.5	29.7	0.66	0.0	0.01	0.0	1	2217	219.3	411.6	0.95	13.55	1
33.66	0	14.4	30.1	0.64	0.0	0.01	0.0	1	2246	220.1	411.6	1.04	14.37	1
33.76	0	15.2	30.5	0.63	0.0	0.01	0.0	1	2276	221.0	411.6	1.13	15.21	1
33.86	0	16.1	30.9	0.63	0.0	0.01	0.0	1	2305	221.8	411.7	1.22	16.06	1
33.96	0	16.9	31.3	0.64	0.0	0.01	0.0	1	2334	222.7	411.7	1.31	16.94	1
34.06	0	17.8	31.7	0.64	0.0	0.01	0.0	1	2363	223.6	411.7	1.39	17.81	1
34.16	0	18.7	32.1	0.64	0.0	0.01	0.0	1	2392	224.4	411.8	1.47	18.69	1
34.26	0	19.6	32.5	0.64	0.0	-0.0	0.0	1	2421	225.3	411.8	1.55	19.58	1
34.36	0	20.5	32.8	0.64	0.0	-0.0	0.0	1	2450	226.2	411.8	1.63	20.49	1
34.46	0	21.4	33.2	0.64	0.0	-0.0	0.0	1	2478	227.2	411.9	1.72	21.4	1
34.56	0	22.3	33.6	0.64	0.0	-0.0	0.0	1	2507	228.1	411.9	1.8	22.32	1
34.66	0	23.3	34.0	0.62	0.0	-0.0	0.0	1	2533	229.0	412.0	1.89	23.26	1
34.76	0	24.2	34.3	0.44	0.0	-0.0	0.0	1	2540	230.0	412.0	1.97	24.2	1
34.86	0	25.1	34.2	0.0	0.0	-0.01	1.0	1	2493	230.9	412.0	2.06	25.15	1
34.96	0	26.1	33.8	0.0	0.0	-0.02	0.44	1	2469	231.9	412.1	2.14	26.09	1
35.06	0	27.0	33.4	0.0	0.0	-0.04	0.0	1	2437	232.8	412.1	2.22	27.02	1
35.16	0	27.9	32.9	0.0	0.0	-0.03	0.0	1	2406	233.7	412.1	2.29	27.94	1
35.26	0	28.8	32.5	0.0	0.0	-0.03	0.0	1	2376	234.6	412.2	2.36	28.84	1
35.36	0	29.7	32.1	0.0	0.0	-0.0	0.0	1	2345	235.5	412.2	2.43	29.73	1
35.46	0	30.6	31.7	0.0	0.0	-0.0	0.0	1	2315	236.4	412.2	2.5	30.62	1
35.56	0	31.5	31.3	0.16	0.0	-0.06	0.0	1	2295	237.3	412.2	2.57	31.49	1
35.69	0	32.6	31.1	0.3	0.0	-0.06	0.0	1	2297	238.4	412.3	2.65	32.59	1
35.78	0	33.3	31.1	0.36	0.0	-0.07	0.0	1	2302	239.1	412.3	2.69	33.34	1
35.88	0	34.2	31.2	0.44	0.0	-0.09	0.0	1	2313	240.0	412.3	2.74	34.2	1
35.98	0	35.1	31.4	0.49	0.0	-0.11	0.0	1	2330	240.9	412.3	2.79	35.07	1
36.08	0	35.9	31.6	0.53	0.0	-0.11	0.0	1	2350	241.7	412.3	2.82	35.94	1
36.18	0	36.8	31.9	0.58	0.0	-0.13	0.0	1	2374	242.6	412.3	2.85	36.82	1
36.28	0	37.7	32.2	0.62	0.0	-0.08	0.0	1	2402	243.5	412.2	2.87	37.71	1
36.38	0	38.6	32.6	0.63	0.0	-0.0	0.0	1	2430	244.4	412.2	2.89	38.61	1
36.48	0	39.5	33.0	0.66	0.0	-0.0	0.0	1	2461	245.3	412.2	2.91	39.52	1
36.58	0	40.4	33.4	0.69	0.0	-0.0	0.0	1	2493	246.2	412.2	2.94	40.45	1
36.68	0	41.4	33.8	0.74	0.0	-0.0	0.0	1	2532	247.2	412.2	2.96	41.38	1
36.78	0	42.3	34.4	0.78	0.0	-0.0	0.0	1	2576	248.1	412.1	2.99	42.33	1
36.88	0	43.3	35.0	0.82	0.0	-0.0	0.0	1	2622	249.1	412.1	3.01	43.29	1
36.98	0	44.3	35.6	0.84	0.0	-0.04	0.0	1	2670	250.1	412.1	3.03	44.27	1
37.08	0	45.3	36.2	0.86	0.0	-0.06	0.0	1	2720	251.0	412.1	3.05	45.26	1
37.18	0	46.3	36.9	0.86	0.0	-0.06	0.0	1	2769	252.1	412.0	3.07	46.27	1
37.28	0	47.4	37.5	0.86	0.0	-0.08	0.0	1	2818	253.1	412.0	3.06	47.37	1
37.38	0	48.4	38.1	0.74	0.0	-0.0	0.0	1	2855	254.1	411.9	3.04	48.42	1
37.48	0	49.5	38.5	0.52	0.0	-0.0	0.0	1	2863	255.2	411.9	3.02	49.48	1
37.61	0	50.9	38.5	0.0	0.0	0.0	1.0	1	2741	256.6	411.8	2.99	50.91	1
37.71	0	52.0	38.3	0.0	0.0	0.0	1.0	2	2573	257.7	411.8	2.97	51.97	1
37.81	0	53.0	38.2	0.0	0.0	0.0	1.0	2	2414	258.8	411.7	2.95	53.04	1
37.91	0	54.1	38.1	0.0	0.0	0.0	1.0	2	2265	259.8	411.7	2.93	54.1	1
38.01	0	55.2	38.0	0.0	0.0	0.0	1.0	2	2126	260.9	411.6	2.92	55.15	1
38.11	0	56.2	37.9	0.0	0.0	0.0	1.0	2	1995	261.9	411.6	2.9	56.21	1
38.21	0	57.2	37.3	0.0	0.0	0.0	0.65	2	2100	263.0	411.5	2.88	57.25	1
38.31	0	58.3	37.0	0.0	0.0	0.0	0.22	2	2089	264.0	411.5	2.86	58.27	1
38.41	0	59.3	35.7	0.25	0.0	0.0	0.0	1	2524	265.0	411.4	2.85	59.3	1
38.51	0	60.3	35.3	0.36	0.0	0.0	0.0	1	2611	266.0	411.4	2.83	60.28	1
38.61	0	61.3	35.4	0.5	0.0	0.0	0.0	1	2628	267.0	411.3	2.82	61.26	1
38.71	0	62.3	35.6	0.56	0.0	0.0	0.0	1	2650	268.0	411.3	2.8	62.29	1
38.81	0	63.3	35.9	0.58	0.0	0.0	0.0	1	2673	269.0	411.2	2.77	63.28	1
38.91	0	64.3	36.2	0.62	0.0	0.0	0.0	1	2699	270.0	411.2	2.74	64.29	1
39.01	0	65.3	36.6	0.63	0.0	0.0	0.0	1	2727	271.0	411.2	2.71	65.29	1
39.11	0	66.3	36.9	0.63	0.0	0.0	0.0	1	2754	272.0	411.1	2.69	66.31	1
39.21	0	67.3	37.3	0.66	0.0	0.0	0.0	1	2782	273.0	411.1	2.66	67.34	1
39.31	0	68.4	37.7	0.66	0.0	0.0	0.0	1	2811	274.1	411.0	2.63	68.39	1
39.41	0	69.4	38.1	0.66	0.0	0.0	0.0	1	2840	275.1	411.0	2.6	69.44	1
39.51	0	70.5	38.5	0.66	0.0	0.0	0.0	1	2870	276.2	410.9	2.58	70.5	1
39.61	0	71.6	38.9	0.66	0.0	0.0	0.0	1	2902	277.2	410.9	2.55	71.57	1
39.71	0	72.7	39.3	0.66	0.0	0.0	0.0	1	2938	278.3	410.9	2.52	72.65	1
39.83	0	73.9	39.9	0.67	0.0	0.0	0.0	1	2985	279.6	410.8	2.49	73.95	1
39.93	0	75.1	40.4	0.67	0.0	0.0	0.0	1	3028	280.7	410.8	2.47	75.06	1
40.03	0	76.2	41.0	0.67	0.0	0.0	0.0	1	3074	281.9	410.7	2.44	76.19	1
40.13	0	77.4	41.6	0.67	0.0	0.0	0.0	1	3123	283.0	410.7	2.41	77.36	1
40.23	0	78.5	42.3	0.67	0.0	0.0	0.0	1	3176	284.2	410.6	2.37	78.52	1
40.33	0	79.7	43.0	0.67	0.0	0.0	0.0	1	3232	285.4	410.6	2.33	79.71	1
40.43	0	80.9	43.7	0.67	0.0	0.0	0.0	1	3292	286.6	410.5	2.29	80.92	1
40.53	0	82.1	44.5	0.67	0.0	0.0	0.0	1	3356	287.8	410.5	2.26	82.14	1
40.63	0	83.4	45.4	0.67	0.0	0.0	0.0	1	3424	289.0	410.5	2.22	83.39	1
40.73	0	84.7	46.3	0.67	0.0	0.02	0.0	1	3496	290.3	410.4	2.18	84.66	1
40.83	0	86.0	47.2	0.67	0.0	0.02	0.0	1	3574	291.6	410.4	2.15	85.96	1
40.93	0	87.3	48.2	0.67	0.0	0.02	0.0	1	3656	292.9	410.3	2.12	87.29	1
41.03	0	88.6	49.3	0.67	0.0	0.02	0.0	1	3744	294.3	410.3	2.08	88.65	1
41.13	0	90.0	50.4	0.67	0.0	0.02	0.0	1	3835	295.7	410.3	2.06	90.02	1
41.23	0	91.4	51.6	0.67	0.0	0.02	0.0	1	3934	297.1	410.2	2.03	91.44	1
41.34	0	93.1	53.0	0.67	0.0	0.02	0.0	1	4048	298.7	410.2	1.96	93.09	1
41.44	0	94.7	54.4	0.67	0.0	0.02	0.0	1	4164	300.2	410.2	1.89	94.67	1
41.55	0	96.2	55.9	0.67	0.0	0.02	0.0	1	4286	301.8	410.1	1.83	96.25	1
41.64	0	97.8	57.3	0.67	0.0	0.02	0.0	1	4404	303.3	410.1	1.77	97.76	1
41.74	0	99.4	58.9	0.67	0.0	0.0	0.0	1	4535	305.0	410.1	1.71	99.39	1
41.84	0	100.9	60.5	0.67	0.0	0.0	0.0	1	4672	306.6	410.1	1.75	100.94	1
41.96	0	102.9	62.4	0.63	0.0	0.0	0.0	1	4804	308.6	410.1	1.83	102.87	1
42.06	0	104.6	64.0	0.63	0.0	0.0	0.0	1	4939	310.3	410.1	1.89	104.63	1
42.16	0	106.4	65.7	0.63	0.0	0.0	0.0	1	5080	312.1	410.1	1.96	106.43	1
42.26	0	108.3	67.4	0.62	0.0	0.0	0.0	1	5211	314.0	410.1	2.04	108.28	1
42.36	0	110.2	69.2	0.56	0.0	0.0	0.18	1	5335	315.9	410.1	2.11	110.17	1
42.46	0	112.1	70.1	0.36	0.0	0.0	1.0	1	5517	317.8	410.1	2.19	112.11	1
42.56	0	114.0	69.9	0.0	0.0	0.0	1.0	1	5631	319.8	410.0	2.27	114.05	1
42.66	0	116.0	69.8	0.0	0.0	0.0	1.0	2	5283	321.7	410.0	2.35	115.99	1
42.76	0	117.9	69.6	0.0	0.0	0.0	1.0	2	4957	323.6	410.0	2.43	117.92	1
42.86	0	119.9	70.2	0.0	0.0	0.0	0.52	2	4184	325.6	410.0	2.51	119.86	1
42.96	0	121.8	70.1	0.0	0.0	0.0	0.0	2	3946	327.5	410.0	2.59	121.81	1
43.06	0	123.7	69.5	0.18	0.0	0.0	0.0	2	3932	329.5	410.0	2.68	123.75	1
43.16	0	125.6	69.5	0.36	0.0	0.0	0.0	2	3985	331.4	410.0	2.82	125.58	1
43.26	0	127.5	69.9	0.48	0.0	0.0	0.0	2	4041	333.3	410.0	2.97	127.51	1
43.36	0	129.5	70.5	0.55	0.0	0.0	0.0	2	4095	335.3	410.0	3.13	129.45	1
43.46	0	131.4	71.3	0.56	0.0	0.0	0.0	2	4148	337.3	410.0	3.29	131.41	1
43.56	0	133.5	72.1	0.58	0.0	0.0	0.0	2	4204	339.2	410.0	3.42	133.46	1
43.66	0	135.5	73.0	0.58	0.0	-0.0	0.0	2	4258	341.3	410.0	3.55	135.47	1
43.76	0	137.5	73.9	0.58	0.0	-0.0	0.0	2	4313	343.3	410.0	3.68	137.53	1
43.86	0	139.6	74.8	0.58	0.0	-0.01	0.0	2	4369	345.4	410.1	3.81	139.59	1
43.96	0	141.7	75.7	0.58	0.0	-0.08	0.0	2	4427	347.5	410.1	3.94	141.67	1
44.06	0	143.8	76.7	0.58	0.0	-0.12	0.0	2	4474	349.6	410.0	4.06	143.78	1
44.16	0	145.9	77.6	0.58	0.0	-0.11	0.0	2	4552	351.7	410.0	4.15	145.93	1
44.26	0	148.1	78.6	0.58	0.0	-0.02	0.0	2	4611	353.9	409.9	4.21	148.09	1
44.36	0	150.3	79.6	0.58	0.0	-0.0	0.0	2	4667	356.1	409.8	4.25	150.29	1
44.46	0	152.5	80.6	0.58	0.0	0.0	0.0	2	4728	358.3	409.7	4.28	152.52	1
44.56	0	154.8	81.7	0.54	0.0	0.0	0.0	2	4778	360.6	409.6	4.3	154.77	1
44.66	0	157.0	82.6	0.52	0.0	0.0	0.0	2	4825	362.8	409.5	4.31	157.02	1
44.76	0	159.3	83.5	0.51	0.0	0.0	0.0	2	4873	365.2	409.3	4.34	159.33	1
44.86	0	161.7	84.4	0.51	0.0	0.0	0.0	2	4926	367.5	409.2	4.36	161.67	1
44.96	0	164.0	85.3	0.51	0.0	0.0	0.0	2	4980	369.8	409.1	4.39	164.04	1
45.06	0	166.4	86.2	0.51	0.0	0.0	0.0	2	5034	372.2	409.0	4.42	166.41	1
45.16	0	168.8	87.1	0.51	0.0	0.0	0.0	2	5088	374.6	408.8	4.46	168.82	1
45.26	0	171.2	88.0	0.51	0.0	0.0	0.0	2	5161	377.1	408.7	4.49	171.25	1
45.36	0	173.7	89.0	0.51	0.0	0.0	0.0	2	5200	379.5	408.6	4.53	173.71	1
45.46	0	176.2	89.9	0.51	0.0	0.02	0.0	2	5260	382.0	408.4	4.57	176.19	1
45.56	0	178.7	90.9	0.51	0.0	0.02	0.0	2	5321	384.5	408.3	4.62	178.7	1
45.66	0	181.2	91.9	0.51	0.0	0.02	0.0	2	5380	387.0	408.2	4.68	181.23	1
45.76	0	183.8	92.8	0.51	0.0	0.02	0.0	2	5440	389.6	408.1	4.75	183.8	1
45.86	0	186.4	93.9	0.51	0.0	0.0	0.0	2	5501	392.2	408.0	4.82	186.42	1
45.96	0	189.0	94.9	0.51	0.0	0.0	0.0	2	5562	394.8	407.9	4.9	189.03	1
46.06	0	191.7	95.9	0.51	0.0	0.0	0.0	2	5624	397.5	407.8	4.99	191.69	1
46.16	0	194.4	96.9	0.51	0.0	0.0	0.0	2	5687	400.2	407.7	5.09	194.36	1
46.26	0	197.1	98.0	0.51	0.0	0.0	0.0	2	5750	402.9	407.7	5.18	197.07	1
46.36	0	199.8	99.0	0.51	0.0	0.0	0.0	2	5813	405.6	407.6	5.28	199.79	1
46.46	0	202.6	100.1	0.51	0.0	0.0	0.0	2	5873	408.3	407.5	5.39	202.56	1
46.56	0	205.5	101.2	0.51	0.0	0.0	0.0	2	5948	411.1	407.4	5.49	205.48	1
46.66	0	208.3	102.2	0.51	0.0	0.0	0.0	2	6010	414.0	407.3	5.54	208.31	1
46.76	0	211.1	103.3	0.51	0.0	0.0	0.0	2	6074	416.8	407.3	5.58	211.15	1
46.86	0	214.0	104.4	0.49	0.0	0.0	0.0	2	6127	419.7	407.2	5.63	214.04	1
46.97	0	217.4	105.4	0.35	0.0	0.0	0.0	2	6111	423.1	407.1	5.69	217.41	1
47.07	0	220.2	105.3	0.0	0.0	-0.04	0.0	2	5926	425.9	407.0	5.75	220.21	1
47.17	0	223.1	104.5	0.0	0.0	-0.06	0.0	2	5844	428.8	406.9	5.79	223.11	1
47.27	0	226.0	103.5	0.0	0.0	-0.0	0.0	2	5789	431.7	406.8	5.83	226.02	1
47.37	0	228.9	102.2	0.0	0.17	-0.0	0.0	2	5672	434.5	406.7	5.85	228.86	1
47.5	0	232.6	99.1	0.0	0.24	-0.03	0.0	2	5446	438.3	406.6	5.87	232.6	1
47.6	0	235.3	96.8	0.0	0.18	0.0	0.0	2	5328	441.0	406.5	5.86	235.32	1
47.7	0	238.0	95.0	0.0	0.0	0.0	0.0	2	5294	443.6	406.3	5.85	237.98	1
47.8	0	240.6	94.1	0.0	0.0	0.0	0.0	2	5272	446.3	406.2	5.84	240.62	1
47.9	0	243.2	93.3	0.0	0.0	0.0	0.0	2	5228	448.9	406.1	5.82	243.22	1
48.0	0	245.8	92.4	0.0	0.0	0.0	0.0	2	5181	451.4	406.0	5.8	245.8	1
48.1	0	248.4	91.1	0.0	0.16	0.0	0.0	2	5060	454.0	405.8	5.78	248.36	1
48.2	0	250.9	89.3	0.0	0.0	0.0	0.0	2	4974	456.5	405.7	5.77	250.85	1
48.3	0	253.3	88.5	0.0	0.0	0.0	0.0	2	4951	458.9	405.6	5.75	253.31	1
48.4	0	255.8	87.7	0.0	0.0	0.0	0.0	2	4913	461.4	405.5	5.74	255.78	1
48.5	0	258.2	86.9	0.0	0.0	0.0	0.0	2	4882	463.8	405.3	5.73	258.2	1
48.6	0	260.6	86.1	0.0	0.0	0.0	0.0	2	4831	466.2	405.2	5.72	260.61	1
48.7	0	263.0	85.4	0.0	0.0	0.0	0.0	2	4786	468.6	405.1	5.71	262.98	1
48.8	0	265.3	84.6	0.0	0.0	0.0	0.0	2	4745	471.0	405.0	5.7	265.35	1
48.9	0	267.7	83.9	0.0	0.0	0.0	0.0	2	4705	473.3	404.9	5.7	267.66	1
49.0	0	270.0	83.1	0.0	0.0	0.0	0.0	2	4664	475.6	404.8	5.69	269.98	1
49.1	0	272.3	82.4	0.0	0.0	0.0	0.0	2	4623	477.9	404.7	5.69	272.28	1
49.2	0	274.6	81.6	0.0	0.0	0.0	0.0	2	4582	480.2	404.6	5.69	274.56	1
49.3	0	276.8	80.9	0.0	0.0	0.0	0.0	2	4542	482.4	404.5	5.69	276.82	1
49.4	0	279.1	80.2	0.0	0.0	0.0	0.0	2	4502	484.7	404.4	5.69	279.06	1
49.5	0	281.3	79.5	0.0	0.0	0.0	0.0	2	4463	486.9	404.3	5.69	281.27	1
49.6	0	283.5	78.8	0.0	0.0	0.0	0.0	2	4424	489.1	404.2	5.69	283.47	1
49.7	0	285.7	78.1	0.0	0.0	0.0	0.0	2	4386	491.2	404.1	5.7	285.65	1
49.8	0	287.8	77.4	0.0	0.0	0.0	0.0	2	4348	493.4	404.0	5.7	287.81	1
49.9	0	290.0	76.7	0.0	0.0	0.0	0.0	2	4307	495.6	403.9	5.71	289.96	1
50.0	0	292.1	76.0	0.0	0.0	-0.01	0.0	2	4271	497.7	403.8	5.72	292.07	1
50.1	0	294.2	75.4	0.0	0.0	-0.01	0.0	2	4235	499.8	403.8	5.72	294.18	1
50.2	0	296.3	74.7	0.0	0.0	-0.01	0.0	2	4199	501.8	403.7	5.72	296.26	1
50.3	0	298.3	74.1	0.0	0.0	-0.01	0.0	2	4162	503.9	403.6	5.72	298.33	1
50.4	0	300.4	73.4	0.0	0.0	-0.01	0.0	2	4123	506.0	403.5	5.71	300.38	1
50.5	0	302.4	72.8	0.0	0.0	-0.01	0.0	2	4088	508.0	403.4	5.7	302.4	1
50.6	0	304.4	72.1	0.0	0.0	-0.04	0.0	2	4053	510.0	403.3	5.69	304.43	1
50.7	0	306.4	71.5	0.0	0.0	-0.03	0.0	2	4018	512.0	403.2	5.67	306.41	1
50.8	0	308.4	70.8	0.0	0.0	-0.02	0.0	2	3982	514.0	403.1	5.63	308.39	1
50.9	0	310.4	70.2	0.0	0.0	-0.04	0.0	2	3947	515.9	402.9	5.59	310.35	1
51.0	0	312.3	69.6	0.0	0.0	-0.04	0.0	2	3912	517.9	402.8	5.54	312.3	1
51.1	0	314.2	69.0	0.0	0.0	-0.07	0.0	2	3876	519.8	402.6	5.48	314.22	1
51.2	0	316.1	68.3	0.0	0.0	-0.11	0.0	2	3844	521.7	402.5	5.4	316.13	1
51.3	0	318.0	67.7	0.0	0.0	-0.13	0.0	2	3813	523.6	402.3	5.29	318.01	1
51.4	0	319.9	67.1	0.0	0.0	-0.13	0.0	2	3775	525.4	402.1	5.15	319.88	1
51.5	0	321.7	66.5	0.0	0.0	-0.09	0.0	2	3738	527.3	401.8	4.98	321.73	1
51.6	0	323.6	65.9	0.0	0.0	-0.08	0.0	2	3708	529.1	401.6	4.8	323.55	1
51.7	0	325.4	65.3	0.0	0.0	-0.08	0.0	2	3674	530.9	401.3	4.59	325.37	1
51.8	0	327.2	64.7	0.0	0.0	-0.08	0.0	2	3642	532.7	401.0	4.36	327.16	1
51.9	0	328.9	64.5	0.27	0.0	-0.08	0.0	2	3678	534.4	400.6	4.11	328.94	1
52.0	0	330.7	64.5	0.34	0.0	-0.12	0.0	2	3693	536.2	400.3	3.84	330.71	1
52.12	0	332.4	64.7	0.4	0.0	-0.2	0.0	2	3720	538.2	399.9	3.63	332.38	1
52.22	0	334.2	64.9	0.41	0.0	-0.21	0.0	2	3743	540.0	399.5	3.48	334.18	1
52.32	0	336.0	65.2	0.47	0.0	-0.26	0.0	2	3774	541.7	399.0	3.27	335.97	1
52.42	0	337.8	65.6	0.47	0.0	-0.26	0.0	2	3802	543.5	398.5	3.01	337.77	1
52.52	0	339.6	65.9	0.51	0.0	-0.26	0.0	2	3841	545.2	397.9	2.7	339.58	1
52.63	0	341.1	66.5	0.52	0.0	-0.26	0.0	2	3867	547.1	397.2	2.49	341.08	1
52.73	0	342.9	67.0	0.52	0.0	-0.26	0.0	2	3892	548.8	396.5	2.43	342.93	1
52.83	0	344.8	67.5	0.52	0.0	-0.25	0.0	2	3942	550.5	395.8	2.31	344.8	1
52.93	0	346.7	68.1	0.52	0.0	-0.25	0.0	2	3960	552.2	394.9	2.12	346.67	1
53.03	0	348.6	68.6	0.52	0.0	-0.25	0.0	2	3999	553.9	394.1	1.86	348.55	1
53.13	0	350.1	69.1	0.52	0.0	-0.25	0.0	2	4047	555.6	393.1	1.69	350.1	1
53.23	0	352.0	69.4	0.52	0.0	-0.25	0.0	2	4173	557.2	392.1	1.71	352.02	1
53.33	0	354.0	70.2	0.52	0.0	-0.25	0.0	2	4112	558.8	391.0	1.66	353.96	1
53.43	0	355.9	70.9	0.52	0.0	-0.25	0.0	2	4110	560.4	389.9	1.51	355.92	1
53.53	0	357.9	71.4	0.49	0.0	-0.27	0.0	2	4169	562.0	388.6	1.29	357.88	1
53.63	0	359.6	71.9	0.49	0.0	-0.27	0.0	2	4204	563.5	387.4	1.21	359.62	1
53.73	0	361.6	72.4	0.49	0.0	-0.27	0.0	2	4240	565.0	386.0	1.28	361.62	1
53.83	0	363.6	72.9	0.44	0.0	-0.34	0.0	2	4245	566.4	384.6	1.28	363.65	1
53.93	0	365.7	73.1	0.38	0.0	-0.39	0.0	2	4254	567.8	383.1	1.19	365.68	1
54.03	0	367.7	73.2	0.35	0.0	-0.39	0.0	2	4244	569.1	381.6	1.01	367.7	1
54.13	0	369.5	73.2	0.32	0.0	-0.39	0.0	2	4242	570.4	380.0	1.07	369.53	1
54.25	0	371.9	73.1	0.32	0.0	-0.39	0.0	2	4270	571.8	378.1	1.14	371.86	1
54.35	0	373.9	72.6	0.32	0.0	-0.39	0.0	2	4354	572.9	376.4	1.09	373.88	1
54.45	0	375.9	72.7	0.28	0.0	-0.42	0.0	2	4211	573.9	374.6	0.93	375.89	1
54.55	0	377.7	72.4	0.0	0.0	-0.42	0.0	2	4102	574.7	372.8	0.76	377.74	1
54.65	0	379.7	71.6	0.0	0.0	-0.35	0.0	2	4026	575.5	371.0	0.79	379.74	1
54.75	0	381.7	70.7	0.0	0.0	-0.26	0.0	2	3987	576.2	369.1	0.73	381.72	1
54.85	0	383.7	70.0	0.0	0.0	-0.3	0.0	2	3947	576.8	367.3	0.6	383.66	1
54.95	0	385.6	69.1	0.0	0.0	-0.41	0.0	2	3908	577.3	365.4	0.39	385.58	1
55.05	0	387.4	68.3	0.0	0.0	-0.34	0.0	2	3863	577.8	363.6	0.32	387.43	1
55.15	0	389.3	67.6	0.0	0.0	-0.34	0.0	2	3819	578.1	361.7	0.35	389.31	1
55.25	0	391.2	66.8	0.0	0.0	-0.34	0.0	2	3776	578.4	359.9	0.29	391.18	1
55.35	0	393.0	66.0	0.0	0.0	-0.34	0.0	2	3733	578.6	358.0	0.15	393.02	1
55.45	0	394.8	65.3	0.0	0.0	-0.39	0.0	2	3652	578.7	356.2	-0.06	394.83	1
55.55	0	396.7	64.2	0.0	0.0	-0.41	0.0	2	3651	578.7	354.4	-0.15	396.66	1
55.65	0	398.4	63.6	0.21	0.0	-0.41	0.0	2	3632	578.6	352.6	-0.19	398.43	1
55.75	0	400.2	63.4	0.24	0.0	-0.41	0.0	2	3619	578.4	350.9	-0.33	400.19	1
55.85	0	402.0	63.1	0.25	0.0	-0.29	0.0	2	3618	578.2	349.1	-0.53	401.96	1
55.95	0	403.7	63.0	0.28	0.0	-0.32	0.0	2	3617	577.9	347.4	-0.79	403.69	1
56.05	0	405.6	62.9	0.28	0.0	-0.39	0.0	2	3614	577.5	345.7	-0.96	405.63	1
56.15	0	407.4	62.7	0.3	0.0	-0.36	0.0	2	3612	577.0	344.0	-1.01	407.37	1
56.25	0	409.1	62.6	0.32	0.0	-0.34	0.0	2	3611	576.5	342.3	-1.12	409.1	1
56.35	0	410.8	62.6	0.32	0.0	-0.31	0.0	2	3607	575.9	340.7	-1.3	410.83	1
56.45	0	412.5	62.6	0.36	0.0	-0.31	0.0	2	3611	575.3	339.1	-1.55	412.55	1
56.55	0	414.6	62.6	0.36	0.0	-0.31	0.0	2	3613	574.5	337.5	-1.79	414.64	1
56.65	0	416.4	62.7	0.38	0.0	-0.3	0.0	2	3619	573.7	336.0	-1.83	416.38	1
56.75	0	418.1	62.6	0.38	0.0	-0.3	0.0	2	3683	572.9	334.4	-1.93	418.12	1
56.85	0	419.9	62.6	0.38	0.0	-0.3	0.0	2	3689	572.0	333.0	-2.1	419.85	1
56.95	0	421.6	62.9	0.38	0.0	-0.33	0.0	2	3603	571.0	331.5	-2.36	421.57	1
57.05	0	423.9	62.9	0.38	0.0	-0.35	0.0	2	3623	570.0	330.1	-2.62	423.85	1
57.15	0	425.6	63.0	0.38	0.0	-0.35	0.0	2	3641	568.9	328.7	-2.65	425.6	1
57.25	0	427.3	63.1	0.38	0.0	-0.34	0.0	2	3648	567.7	327.4	-2.74	427.34	1
57.37	0	429.4	63.1	0.36	0.0	-0.39	0.0	2	3651	566.3	325.9	-2.94	429.43	1
57.48	0	431.4	63.1	0.35	0.0	-0.39	0.0	2	3648	564.9	324.5	-3.22	431.39	1
57.58	0	433.8	63.0	0.35	0.0	-0.41	0.0	2	3665	563.5	323.4	-3.37	433.85	1
57.68	0	435.6	62.9	0.32	0.0	-0.41	0.0	2	3654	562.2	322.3	-3.44	435.59	1
57.78	0	437.3	62.8	0.32	0.0	-0.41	0.0	2	3637	560.7	321.3	-3.59	437.33	1
57.88	0	439.1	62.7	0.34	0.0	-0.4	0.0	2	3626	559.3	320.3	-3.83	439.07	1
57.98	0	440.8	62.7	0.34	0.0	-0.4	0.0	2	3623	557.7	319.5	-4.14	440.78	1
58.08	0	443.4	62.5	0.34	0.0	-0.35	0.0	2	3652	556.2	318.7	-4.32	443.4	1
58.18	0	445.1	62.5	0.38	0.0	-0.35	0.0	2	3655	554.6	318.0	-4.46	445.13	1
58.28	0	446.9	62.8	0.41	0.0	-0.34	0.0	2	3615	553.0	317.4	-4.67	446.85	1
58.38	0	448.6	62.9	0.41	0.0	-0.31	0.0	2	3635	551.3	316.8	-4.96	448.58	1
58.48	0	451.4	63.1	0.45	0.0	-0.27	0.0	2	3657	549.6	316.3	-5.37	451.41	1
58.58	0	453.2	63.4	0.47	0.0	-0.26	0.0	2	3677	547.9	315.9	-5.43	453.17	1
58.68	0	454.9	63.7	0.48	0.0	-0.26	0.0	2	3709	546.2	315.5	-5.54	454.93	1
58.78	0	456.7	64.0	0.52	0.0	-0.26	0.0	2	3758	544.5	315.2	-5.71	456.69	1
58.88	0	458.5	64.5	0.52	0.0	-0.26	0.0	2	3763	542.7	314.9	-5.94	458.46	1
58.98	0	461.5	65.0	0.52	0.0	-0.21	0.0	2	3780	540.9	314.7	-6.17	461.54	1
59.08	0	463.4	65.6	0.55	0.0	-0.16	0.0	2	3807	539.1	314.6	-6.18	463.36	1
59.18	0	465.2	66.2	0.55	0.0	-0.08	0.0	2	3846	537.3	314.5	-6.23	465.19	1
59.28	0	467.0	66.8	0.56	0.0	-0.08	0.0	2	3888	535.4	314.5	-6.31	467.03	1
59.38	0	469.6	67.5	0.57	0.0	-0.04	0.0	2	3930	533.6	314.4	-6.44	469.57	1
59.48	0	471.5	68.3	0.57	0.0	-0.0	0.0	2	3955	531.7	314.4	-6.38	471.45	1
59.58	0	473.4	69.0	0.58	0.0	-0.0	0.0	2	4011	529.8	314.4	-6.32	473.36	1
59.68	0	475.3	69.8	0.58	0.0	-0.06	0.0	2	4068	527.8	314.4	-6.27	475.28	1
59.78	0	477.2	70.7	0.63	0.0	-0.0	0.0	2	4135	525.9	314.4	-6.24	477.23	1
59.88	0	479.2	71.7	0.63	0.0	-0.0	0.0	2	4195	523.9	314.4	-6.2	479.21	1
59.98	0	481.2	72.7	0.66	0.0	-0.04	0.0	2	4267	521.9	314.4	-6.17	481.22	1
60.08	0	483.3	73.7	0.66	0.0	-0.02	0.0	2	4362	519.9	314.4	-6.14	483.27	1
60.18	0	485.3	75.0	0.66	0.0	0.0	0.0	2	4394	517.8	314.4	-6.12	485.32	1
60.3	0	487.7	76.3	0.69	0.0	0.0	0.0	2	4492	515.4	314.5	-6.1	487.73	1
60.4	0	489.9	77.6	0.69	0.0	-0.06	0.0	2	4584	513.3	314.5	-6.09	489.87	1
60.5	0	492.0	78.9	0.69	0.0	-0.06	0.0	2	4674	511.1	314.6	-6.09	492.04	1
60.6	0	494.3	80.3	0.69	0.0	-0.02	0.0	2	4748	508.9	314.6	-6.1	494.25	1
60.7	0	496.5	81.7	0.69	0.0	-0.02	0.0	2	4838	506.6	314.7	-6.13	496.5	1
60.8	0	498.8	83.1	0.69	0.0	-0.0	0.0	2	4935	504.3	314.8	-6.17	498.79	1
60.9	0	501.1	84.6	0.69	0.0	-0.0	0.0	2	5027	502.0	314.9	-6.22	501.12	1
61.0	0	503.5	86.1	0.69	0.0	-0.0	0.0	2	5122	499.6	315.0	-6.28	503.49	1
61.1	0	505.9	87.7	0.69	0.0	0.0	0.0	2	5225	497.2	315.1	-6.35	505.9	1
61.2	0	508.4	89.3	0.69	0.0	0.0	0.0	2	5326	494.8	315.3	-6.41	508.36	1
61.3	0	510.9	91.0	0.73	0.0	0.0	0.0	2	5452	492.3	315.4	-6.48	510.86	1
61.4	0	513.4	92.8	0.73	0.0	0.0	0.0	2	5568	489.7	315.5	-6.55	513.41	1
61.5	0	516.0	94.6	0.73	0.0	0.0	0.0	2	5696	487.1	315.6	-6.63	516.01	1
61.6	0	518.7	96.5	0.73	0.0	0.0	0.0	2	5816	484.5	315.8	-6.7	518.67	1
61.7	0	521.4	98.4	0.73	0.0	0.0	0.0	2	5937	481.8	315.9	-6.77	521.38	1
61.8	0	524.1	100.1	0.73	0.0	0.0	0.0	2	6106	479.0	316.0	-6.83	524.13	1
61.9	0	527.0	102.3	0.73	0.0	0.0	0.0	2	6110	476.2	316.1	-6.9	526.96	1
62.0	0	529.8	104.2	0.69	0.0	0.0	0.06	2	6250	473.3	316.3	-6.96	529.83	1
62.1	0	532.7	105.3	0.47	0.0	0.0	0.96	2	6489	470.4	316.4	-7.02	532.74	1
62.2	0	535.7	105.0	0.19	0.0	0.04	1.0	2	6822	467.5	316.5	-7.08	535.67	1
62.3	0	538.6	104.7	0.0	0.0	0.01	1.0	3	6463	464.6	316.6	-7.12	538.58	1
62.4	0	541.5	104.4	0.0	0.0	0.0	1.0	3	6064	461.7	316.7	-7.16	541.49	1
62.5	0	544.4	104.5	0.22	0.0	0.0	0.64	3	5688	458.8	316.8	-7.19	544.38	1
62.6	0	547.3	106.0	0.25	0.0	0.04	0.04	3	4677	455.9	316.9	-7.22	547.3	1
62.7	0	550.3	105.9	0.27	0.0	0.06	0.0	3	4647	452.9	317.0	-7.24	550.25	1
62.8	0	553.2	106.0	0.41	0.0	0.06	0.0	3	4687	450.0	317.1	-7.23	553.19	1
62.9	0	556.1	106.3	0.48	0.0	0.05	0.0	3	4731	447.0	317.1	-7.2	556.14	1
63.0	0	559.1	106.8	0.52	0.0	0.05	0.0	3	4768	444.1	317.1	-7.14	559.11	1
63.1	0	562.1	107.4	0.53	0.0	0.01	0.0	3	4794	441.1	317.1	-7.04	562.08	1
63.2	0	565.1	108.0	0.53	0.0	0.01	0.0	3	4820	438.1	317.0	-6.93	565.08	1
63.3	0	568.1	108.6	0.53	0.0	0.01	0.0	3	4847	435.1	317.0	-6.8	568.06	1
63.4	0	571.1	109.2	0.53	0.0	0.01	0.0	3	4881	432.1	316.9	-6.65	571.09	1
63.5	0	574.1	109.8	0.53	0.0	0.05	0.0	3	4917	429.0	316.8	-6.5	574.13	1
63.6	0	577.2	110.4	0.53	0.0	0.06	0.0	3	4919	426.0	316.7	-6.32	577.18	1
63.7	0	580.2	111.0	0.53	0.0	0.09	0.0	3	4957	422.9	316.6	-6.12	580.25	1
63.8	0	583.3	111.6	0.53	0.0	0.09	0.0	3	4992	419.8	316.4	-5.89	583.33	1
63.92	0	587.1	112.3	0.53	0.0	0.05	0.0	3	5020	416.1	316.1	-5.56	587.05	1
64.02	0	590.2	112.9	0.53	0.0	0.02	0.0	3	5053	413.0	315.9	-5.25	590.17	1
64.12	0	593.2	113.5	0.53	0.0	0.02	0.0	3	5085	409.8	315.6	-4.93	593.18	1
64.22	0	596.3	114.2	0.53	0.0	0.02	0.0	3	5101	406.7	315.3	-4.62	596.34	1
64.32	0	599.3	114.8	0.53	0.0	0.06	0.0	3	5138	403.5	315.0	-4.31	599.29	1
64.42	0	602.5	115.4	0.53	0.0	0.09	0.0	3	5164	400.3	314.6	-4.09	602.5	1
64.52	0	605.7	116.0	0.51	0.0	0.07	0.0	3	5188	397.2	314.2	-3.84	605.7	1
64.62	0	608.8	116.6	0.51	0.0	0.09	0.0	3	5216	394.0	313.8	-3.68	608.76	1
64.72	0	612.0	117.1	0.51	0.0	0.1	0.0	3	5243	390.7	313.3	-3.48	612.0	1
64.82	0	615.1	117.7	0.51	0.0	0.1	0.0	3	5279	387.5	312.8	-3.33	615.1	1
64.92	0	618.4	118.2	0.51	0.0	0.1	0.0	3	5293	384.3	312.2	-3.16	618.37	1
65.02	0	621.5	118.7	0.51	0.0	0.1	0.0	3	5331	381.1	311.5	-3.0	621.53	1
65.12	0	624.8	119.2	0.46	0.0	0.1	0.0	3	5333	377.9	310.8	-2.84	624.83	1
65.22	0	628.0	119.5	0.29	0.0	0.02	0.0	3	5288	374.6	310.0	-2.67	628.03	1
65.32	0	631.3	119.0	0.0	0.0	0.01	0.0	3	5132	371.4	309.2	-2.55	631.33	1
65.42	0	634.5	118.1	0.0	0.0	0.0	0.0	3	5096	368.3	308.3	-2.39	634.51	1
65.52	0	637.8	117.3	0.0	0.0	-0.01	0.0	3	5056	365.1	307.4	-2.34	637.78	1
65.62	0	641.0	116.5	0.0	0.0	-0.01	0.0	3	5025	362.0	306.5	-2.27	641.03	1
65.72	0	644.2	115.7	0.0	0.0	-0.01	0.0	3	4994	358.9	305.5	-2.33	644.15	1
65.82	0	647.4	114.9	0.0	0.0	-0.01	0.0	3	4953	355.8	304.6	-2.4	647.36	1
65.92	0	650.4	114.1	0.0	0.0	0.01	0.0	3	4927	352.8	303.7	-2.58	650.43	1
66.02	0	653.6	113.3	0.0	0.0	0.01	0.0	3	4895	349.7	302.8	-2.8	653.59	1
66.12	0	656.6	112.6	0.0	0.0	0.02	0.0	3	4857	346.7	302.0	-3.07	656.57	1
66.22	0	659.7	111.8	0.0	0.0	0.06	0.0	3	4811	343.7	301.1	-3.44	659.68	1
66.32	0	662.8	111.0	0.0	0.0	0.1	0.0	3	4784	340.8	300.2	-3.77	662.75	1
66.42	0	665.7	110.2	0.0	0.0	0.12	0.0	3	4767	337.8	299.3	-4.13	665.71	1
66.52	0	668.7	109.4	0.0	0.0	0.12	0.0	3	4724	335.0	298.3	-4.45	668.75	1
66.62	0	671.8	108.6	0.0	0.0	0.05	0.0	3	4687	332.1	297.3	-4.71	671.76	1
66.72	0	674.8	107.9	0.0	0.0	-0.0	0.0	3	4654	329.3	296.3	-4.94	674.77	1
66.82	0	677.7	107.1	0.0	0.0	-0.06	0.0	3	4617	326.5	295.3	-5.13	677.74	1
66.92	0	680.7	106.4	0.0	0.0	-0.12	0.0	3	4597	323.7	294.2	-5.32	680.69	1
67.02	0	683.6	105.6	0.0	0.0	-0.2	0.0	3	4561	320.9	293.2	-5.52	683.64	1
67.12	0	686.5	104.8	0.0	0.0	-0.16	0.0	3	4530	318.2	292.2	-5.78	686.55	1
67.22	0	689.4	104.0	0.0	0.0	-0.08	0.0	3	4497	315.4	291.3	-6.09	689.43	1
67.34	0	692.8	103.3	0.0	0.0	-0.04	0.0	3	4364	312.1	290.4	-6.54	692.85	1
67.45	0	696.5	102.1	0.0	0.0	-0.17	0.0	3	4424	309.0	289.5	-6.96	696.5	1
67.55	0	699.3	101.4	0.0	0.0	-0.17	0.04	3	4383	306.2	288.8	-7.27	699.31	1
67.65	0	703.1	100.6	0.0	0.0	-0.27	0.44	3	4348	303.5	288.2	-7.46	703.07	1
67.75	0	705.9	99.9	0.0	0.0	-0.19	1.0	3	4190	300.8	287.7	-7.52	705.86	1
67.85	0	709.6	99.5	0.0	0.0	-0.27	1.0	3	3931	298.0	287.3	-7.38	709.61	1
67.95	0	713.3	98.9	0.0	0.0	-0.53	1.0	3	3688	295.3	286.9	-7.23	713.32	1
68.05	0	716.0	98.1	0.0	0.0	-0.56	1.0	3	3460	292.6	286.6	-6.86	716.04	1
68.15	0	719.6	97.2	0.0	0.0	-0.7	1.0	3	3248	289.9	286.5	-6.51	719.59	1
68.25	0	722.2	96.2	0.0	0.0	-0.79	1.0	3	3047	287.2	286.5	-6.02	722.24	1
68.35	0	725.6	94.7	0.0	0.0	-0.88	1.0	3	2860	284.5	286.6	-5.53	725.59	1
68.45	0	728.2	93.5	0.0	0.0	-0.92	1.0	3	2683	281.9	286.8	-4.95	728.16	1
68.55	0	731.3	92.2	0.0	0.0	-0.91	1.0	3	2514	279.3	287.1	-4.38	731.34	1
68.65	0	733.8	90.8	0.0	0.0	-0.89	1.0	3	2362	276.9	287.6	-3.75	733.76	1
68.75	0	736.6	89.4	0.0	0.0	-0.74	1.0	3	2217	274.4	288.1	-3.18	736.63	1
68.87	0	739.4	88.0	0.0	0.0	-0.83	1.0	3	2058	271.7	288.9	-2.37	739.39	1
68.99	0	742.4	86.6	0.0	0.0	-0.89	1.0	3	1960	269.0	289.9	-1.67	742.39	1
69.09	0	744.7	85.6	0.0	0.0	-0.89	1.0	3	1954	266.8	290.8	-0.98	744.68	1
69.19	0	747.0	84.6	0.0	0.0	-0.83	1.0	3	1953	264.7	291.8	-0.39	746.97	1
69.29	0	749.2	83.7	0.0	0.0	-0.81	1.0	3	1953	262.6	292.9	0.32	749.23	1
69.39	0	751.4	82.9	0.0	0.0	-0.79	1.0	3	1953	260.6	294.1	0.97	751.45	1
69.49	0	753.6	81.9	0.0	0.0	-0.79	1.0	3	1953	258.7	295.3	1.55	753.57	1
69.6	0	756.0	81.1	0.0	0.0	-0.68	1.0	3	1953	256.7	296.8	2.18	755.98	1
69.7	0	758.2	80.2	0.0	0.0	-0.6	1.0	3	1953	255.0	298.2	2.64	758.17	1
69.8	0	760.4	79.4	0.0	0.0	-0.52	1.0	3	1953	253.3	299.7	2.97	760.38	1
69.9	0	762.6	78.9	0.0	0.0	-0.23	1.0	3	1953	251.8	301.3	3.17	762.56	1
70.0	0	764.7	78.5	0.0	0.0	-0.08	1.0	3	1953	250.3	302.9	3.29	764.73	1
70.1	0	766.9	78.3	0.0	0.0	-0.0	1.0	3	1953	248.9	304.6	3.35	766.91	1
70.2	0	769.1	78.0	0.0	0.0	-0.06	1.0	3	1953	247.5	306.2	3.36	769.08	1
70.3	0	771.2	77.8	0.0	0.0	-0.0	1.0	3	1953	246.2	307.9	3.34	771.24	1
70.4	0	773.4	77.6	0.0	0.0	-0.0	1.0	3	1953	244.8	309.6	3.31	773.4	1
70.5	0	775.6	77.4	0.0	0.0	-0.06	1.0	3	1953	243.5	311.3	3.28	775.55	1
70.6	0	777.7	77.2	0.0	0.0	-0.06	1.0	3	1953	242.2	313.0	3.22	777.7	1
70.69	0	779.8	76.9	0.0	0.0	-0.08	1.0	3	1953	240.9	314.7	3.16	779.83	1
70.79	0	782.0	76.7	0.0	0.0	-0.07	1.0	3	1953	239.6	316.4	3.07	781.96	1
70.89	0	784.1	76.5	0.0	0.0	-0.07	1.0	3	1953	238.4	318.1	2.96	784.09	1
71.0	0	786.2	76.3	0.0	0.0	-0.07	1.0	3	1953	237.1	319.9	2.82	786.22	1
71.1	0	788.3	76.1	0.0	0.0	-0.05	1.0	3	1953	235.9	321.6	2.66	788.33	1
71.19	0	790.4	75.9	0.0	0.0	-0.04	1.0	3	1953	234.7	323.4	2.48	790.42	1
71.3	0	792.5	75.6	0.0	0.0	-0.0	1.0	3	1953	233.6	325.1	2.29	792.52	1
71.4	0	794.6	75.4	0.0	0.0	-0.0	1.0	3	1953	232.4	326.9	2.08	794.6	1
71.5	0	796.7	75.2	0.0	0.0	-0.0	1.0	3	1953	231.3	328.6	1.88	796.69	1
71.6	0	798.8	75.0	0.0	0.0	-0.0	1.0	3	1953	230.1	330.3	1.66	798.76	1
71.7	0	800.8	74.8	0.0	0.0	-0.0	1.0	3	1953	229.0	332.1	1.45	800.83	1
71.8	0	802.9	74.6	0.0	0.0	-0.0	1.0	3	1953	227.8	333.8	1.24	802.9	1
71.9	0	805.0	74.4	0.0	0.0	-0.0	1.0	3	1953	226.7	335.6	1.03	804.96	1
71.99	0	807.0	74.2	0.0	0.0	-0.0	1.0	3	1953	225.6	337.3	0.82	807.01	1
72.1	0	809.1	74.0	0.0	0.0	-0.0	1.0	3	1953	224.4	339.0	0.6	809.06	1
72.19	0	811.1	73.8	0.0	0.0	-0.0	1.0	3	1953	223.3	340.7	0.39	811.1	1
72.3	0	813.1	73.6	0.0	0.0	-0.0	1.0	3	1953	222.2	342.4	0.18	813.14	1
72.4	0	815.2	73.4	0.0	0.0	-0.0	1.0	3	1953	221.1	344.2	-0.03	815.17	1
72.49	0	817.2	73.2	0.0	0.0	-0.0	1.0	2	1953	220.0	345.8	-0.24	817.18	1
72.59	0	819.2	73.0	0.0	0.0	-0.0	1.0	2	1953	218.9	347.5	-0.45	819.21	1
72.69	0	821.2	72.8	0.0	0.0	-0.0	1.0	2	1953	217.8	349.2	-0.66	821.22	1
72.79	0	823.2	72.6	0.0	0.0	-0.0	1.0	2	1953	216.7	350.9	-0.86	823.23	1
72.89	0	825.1	72.4	0.0	0.0	-0.0	1.0	2	1953	215.6	352.6	-1.24	825.08	1
72.99	0	827.0	72.2	0.0	0.0	-0.0	1.0	2	1953	214.5	354.3	-1.7	827.04	1
73.11	0	829.3	72.0	0.0	0.0	-0.0	1.0	1	1953	213.2	356.2	-2.23	829.29	1
73.21	0	831.2	71.8	0.0	0.0	-0.0	1.0	1	1953	212.1	357.9	-2.69	831.23	1
73.31	0	833.2	71.6	0.0	0.0	-0.0	1.0	1	1953	211.0	359.6	-3.15	833.18	1
73.41	0	835.1	71.4	0.0	0.0	0.0	1.0	1	1953	209.9	361.3	-3.61	835.11	1
73.51	0	837.1	71.2	0.0	0.0	0.09	1.0	1	1953	208.8	362.9	-4.05	837.09	1
73.61	0	839.0	71.0	0.0	0.0	0.24	1.0	1	1953	207.7	364.6	-4.47	839.02	1
73.71	0	841.0	70.7	0.0	0.0	0.28	1.0	1	1953	206.6	366.2	-4.82	841.01	1
73.81	0	842.9	70.3	0.0	0.0	0.48	1.0	1	1953	205.5	367.7	-5.11	842.92	1
73.91	0	844.9	69.7	0.0	0.0	0.73	1.0	1	1953	204.2	369.3	-5.33	844.85	1
74.01	0	846.9	69.0	0.0	0.0	0.69	1.0	1	1953	203.0	370.7	-5.42	846.87	1
74.11	0	848.8	68.3	0.0	0.0	0.64	1.0	1	1953	201.6	372.0	-5.37	848.77	1
74.21	0	850.7	67.7	0.0	0.0	0.52	1.0	1	1953	200.2	373.3	-5.2	850.66	1
74.31	0	852.4	67.1	0.0	0.0	0.47	1.0	1	1953	198.7	374.4	-4.93	852.38	1
74.41	0	853.3	66.6	0.0	0.0	0.34	1.0	1	1953	197.2	375.5	-4.97	853.32	1
74.51	0	855.2	66.2	0.0	0.0	0.37	1.0	1	1953	195.6	376.5	-4.9	855.16	1
74.61	0	857.0	65.7	0.0	0.0	0.49	1.0	1	1953	194.0	377.4	-4.72	856.98	1
74.71	0	858.8	65.2	0.0	0.0	0.49	1.0	1	1953	192.4	378.2	-4.43	858.79	1
74.81	0	859.7	64.7	0.0	0.0	0.45	1.0	1	1953	190.7	378.9	-4.35	859.69	1
74.91	0	861.5	64.4	0.0	0.0	0.28	1.0	1	1953	189.0	379.5	-4.29	861.47	1
75.01	0	863.3	64.1	0.0	0.0	0.2	1.0	1	1953	187.3	380.0	-4.13	863.25	1
75.14	0	865.6	63.7	0.0	0.0	0.18	1.0	1	1953	185.0	380.6	-3.8	865.6	1
75.23	0	866.3	63.5	0.0	0.0	0.14	1.0	1	1953	183.6	380.9	-3.74	866.3	1
75.33	0	868.1	63.3	0.0	0.0	0.1	1.0	1	1953	181.8	381.3	-3.78	868.06	1
75.43	0	869.8	63.1	0.0	0.0	0.09	1.0	1	1953	180.1	381.6	-3.79	869.82	1
75.53	0	871.6	63.0	0.0	0.0	0.09	1.0	1	1953	178.4	381.8	-3.75	871.57	1
75.63	0	873.1	62.7	0.0	0.0	0.18	1.0	1	1953	176.6	382.1	-3.74	873.07	1
75.73	0	874.2	62.5	0.0	0.0	0.26	1.0	1	1953	174.9	382.3	-4.06	874.18	1
75.83	0	875.9	62.2	0.0	0.0	0.32	1.0	1	1953	173.2	382.5	-4.32	875.9	1
75.93	0	877.6	61.9	0.0	0.0	0.35	1.0	1	1953	171.5	382.6	-4.5	877.61	1
76.03	0	879.3	61.5	0.0	0.0	0.34	1.0	1	1953	169.7	382.7	-4.61	879.32	1
76.13	0	880.0	61.2	0.0	0.0	0.45	1.0	1	1953	168.0	382.6	-4.88	879.98	1
76.23	0	881.6	60.9	0.16	0.0	0.49	1.0	1	1977	166.4	382.5	-5.22	881.62	1
76.33	0	883.3	60.5	0.17	0.0	0.5	1.0	1	1988	164.7	382.3	-5.49	883.29	1
76.43	0	884.9	60.1	0.17	0.0	0.5	1.0	1	1989	163.0	382.1	-5.67	884.95	1
76.53	0	886.6	59.6	0.17	0.0	0.52	1.0	1	1989	161.4	381.7	-5.75	886.61	1
76.63	0	887.2	59.1	0.17	0.0	0.65	1.0	1	1989	159.8	381.3	-6.04	887.21	1
76.73	0	888.8	58.4	0.15	0.0	0.8	1.0	1	1985	158.2	380.8	-6.26	888.83	1
76.83	0	890.4	57.8	0.15	0.0	0.81	1.0	1	1985	156.7	380.2	-6.36	890.44	1
76.93	0	892.0	57.1	0.15	0.0	0.84	1.0	1	1985	155.3	379.5	-6.34	892.04	1
77.03	0	893.6	56.4	0.0	0.0	0.85	1.0	1	1961	153.9	378.8	-6.22	893.59	1
77.13	0	894.1	55.4	0.0	0.0	0.83	1.0	1	1954	152.6	377.9	-6.31	894.1	1
77.26	0	896.1	54.5	0.0	0.0	0.81	1.0	1	1953	151.0	376.7	-6.21	896.13	1
77.36	0	897.6	53.9	0.0	0.0	0.77	1.0	1	1953	149.9	375.6	-5.98	897.63	1
77.46	0	899.1	53.3	0.0	0.0	0.73	1.0	1	1953	148.9	374.5	-5.65	899.08	1
77.56	0	900.4	52.8	0.22	0.0	0.52	1.0	1	1979	148.0	373.4	-5.25	900.45	1
77.66	0	900.9	52.5	0.27	0.0	0.28	1.0	1	2011	147.1	372.2	-5.09	900.85	1
77.76	0	902.3	52.2	0.27	0.0	0.54	1.0	1	2032	146.3	371.0	-4.87	902.29	1
77.86	0	903.7	51.6	0.27	0.0	0.73	1.0	1	2051	145.5	369.8	-4.56	903.71	1
77.96	0	905.1	51.2	0.27	0.0	0.52	1.0	1	2070	144.9	368.5	-4.17	905.09	1
78.06	0	906.4	50.9	0.27	0.0	0.5	1.0	1	2088	144.3	367.2	-3.72	906.42	1
78.16	0	907.4	50.6	0.27	0.0	0.37	1.0	1	2105	143.8	365.9	-3.28	907.37	1
78.26	0	908.4	50.3	0.28	0.0	0.36	1.0	1	2123	143.3	364.6	-2.99	908.42	1
78.36	0	909.8	50.1	0.32	0.0	0.34	1.0	1	2167	142.9	363.3	-2.64	909.78	1
78.46	0	911.1	49.8	0.35	0.0	0.43	1.0	1	2223	142.6	361.9	-2.23	911.1	1
78.56	0	912.4	49.6	0.36	0.0	0.36	1.0	1	2282	142.3	360.6	-1.77	912.4	1
78.66	0	913.7	49.3	0.36	0.0	0.36	1.0	1	2343	142.1	359.2	-1.27	913.68	1
78.76	0	914.8	49.0	0.36	0.0	0.34	1.0	1	2402	141.9	357.9	-0.85	914.77	1
78.86	0	916.1	48.8	0.38	0.0	0.38	1.0	1	2465	141.8	356.5	-0.53	916.09	1
78.96	0	917.4	48.6	0.38	0.0	0.37	1.0	1	2529	141.7	355.2	-0.16	917.39	1
79.06	0	918.7	48.3	0.38	0.0	0.37	1.0	1	2590	141.7	353.8	0.26	918.68	1
79.16	0	919.9	48.1	0.38	0.0	0.32	1.0	1	2648	141.7	352.5	0.72	919.93	1
79.26	0	921.2	47.9	0.38	0.0	0.32	1.0	1	2704	141.8	351.1	1.21	921.16	1
79.36	0	922.7	47.7	0.38	0.0	0.28	1.0	1	2758	141.9	349.8	1.55	922.7	1
79.46	0	924.0	47.5	0.38	0.0	0.26	1.0	1	2810	142.1	348.5	1.88	923.98	1
79.56	0	925.2	47.3	0.38	0.0	0.28	1.0	1	2861	142.3	347.2	2.23	925.25	1
79.66	0	926.5	47.1	0.35	0.0	0.28	1.0	1	2910	142.5	345.9	2.62	926.5	1
79.76	0	927.7	46.9	0.32	0.0	0.27	1.0	1	2942	142.8	344.6	3.04	927.72	1
79.86	0	929.7	46.7	0.32	0.0	0.26	1.0	1	2977	143.1	343.4	3.42	929.66	1
79.96	0	930.9	46.6	0.32	0.0	0.17	1.0	1	3020	143.4	342.1	3.66	930.92	1
80.06	0	932.2	46.4	0.28	0.0	0.09	1.0	1	3061	143.8	340.9	3.9	932.19	1
80.16	0	933.5	46.3	0.23	0.0	0.17	1.0	1	3068	144.1	339.6	4.14	933.45	1
80.26	0	934.7	46.1	0.21	0.0	0.16	1.0	1	3035	144.5	338.4	4.39	934.7	1
80.36	0	937.1	46.0	0.21	0.0	0.24	1.0	1	2998	144.9	337.2	4.64	937.06	1
80.46	0	938.3	45.8	0.21	0.0	0.18	1.0	1	2958	145.3	336.0	4.67	938.34	1
80.56	0	939.6	45.6	0.21	0.0	0.18	1.0	1	2914	145.7	334.8	4.71	939.6	1
80.66	0	940.9	45.5	0.23	0.0	0.18	1.0	1	2870	146.2	333.6	4.77	940.87	1
80.8	0	942.5	45.3	0.38	0.0	0.17	1.0	1	2885	146.9	332.1	4.87	942.54	1
80.87	0	944.7	45.2	0.38	0.0	0.17	1.0	1	2931	147.2	331.2	4.89	944.69	1
80.97	0	945.9	45.0	0.38	0.0	0.16	1.0	1	3005	147.8	330.1	4.74	945.93	1
81.07	0	947.2	44.9	0.38	0.0	0.14	1.0	1	3096	148.3	328.9	4.62	947.18	1
81.17	0	948.4	44.7	0.38	0.0	0.14	1.0	1	3208	148.9	327.8	4.51	948.41	1
81.27	0	949.6	44.6	0.41	0.0	0.12	1.0	1	3367	149.4	326.7	4.41	949.65	1
81.37	0	951.3	44.4	0.47	0.0	0.14	1.0	1	3617	150.0	325.6	4.3	951.33	1
81.47	0	952.6	44.3	0.51	0.0	0.2	1.0	1	3974	150.6	324.6	4.12	952.55	1
81.57	0	953.8	44.1	0.51	0.0	0.2	1.0	1	4452	151.2	323.5	3.96	953.77	1
81.67	0	955.0	44.0	0.51	0.0	0.2	1.0	1	5035	151.8	322.4	3.82	954.99	1
81.77	0	956.2	43.8	0.51	0.0	0.2	1.0	1	5720	152.5	321.4	3.71	956.2	1
81.87	0	957.4	43.7	0.51	0.0	0.2	1.0	1	6494	153.2	320.4	3.62	957.41	1
81.97	0	958.6	43.5	0.51	0.0	0.18	1.0	1	7324	153.8	319.4	3.56	958.62	1
82.07	0	959.8	43.4	0.49	0.0	0.12	1.0	1	8129	154.5	318.4	3.52	959.83	1
82.17	0	961.0	43.3	0.0	0.0	0.01	0.95	1	8343	155.2	317.4	3.48	961.03	1
82.27	0	962.3	45.6	0.0	0.0	0.0	0.14	1	6487	155.9	316.4	3.44	962.26	1
82.37	0	963.6	48.7	0.0	0.0	0.0	0.0	1	5091	156.7	315.4	3.4	963.57	1
82.47	0	965.0	51.5	0.0	0.0	0.0	0.0	1	3882	157.5	314.2	3.36	964.96	1
82.57	0	966.4	51.2	0.0	0.0	0.0	0.0	1	3727	158.4	313.1	3.32	966.39	1
82.67	0	967.8	50.5	0.0	0.0	0.0	0.0	1	3676	159.2	311.9	3.29	967.8	1
82.77	0	969.2	49.9	0.0	0.0	0.0	0.0	1	3632	160.0	310.8	3.25	969.19	1
82.87	0	970.6	49.6	0.27	0.0	0.0	0.0	1	3667	160.8	309.7	3.22	970.59	1
82.97	0	972.0	49.7	0.32	0.0	0.0	0.0	1	3685	161.6	308.6	3.18	971.96	1
83.07	0	973.3	50.0	0.43	0.0	0.0	0.0	1	3733	162.4	307.4	3.15	973.34	1
83.17	0	974.7	50.5	0.47	0.0	0.0	0.0	1	3788	163.2	306.3	3.12	974.73	1
83.27	0	976.1	51.1	0.36	0.0	0.0	0.0	1	3805	164.1	305.2	3.08	976.15	1
83.37	0	977.6	51.3	0.27	0.0	0.0	0.0	1	3803	164.9	304.0	3.05	977.57	1
83.47	0	979.0	51.2	0.0	0.0	0.0	0.0	1	3744	165.7	302.9	3.02	979.0	1
83.57	0	980.4	50.6	0.0	0.0	0.0	0.0	1	3683	166.6	301.7	2.99	980.41	1
83.67	0	981.8	50.0	0.16	0.0	0.0	0.0	1	3658	167.4	300.6	2.95	981.8	1
83.77	0	983.2	49.9	0.27	0.0	0.0	0.0	1	3689	168.2	299.5	2.92	983.19	1
83.87	0	984.6	50.0	0.32	0.0	0.0	0.0	1	3711	169.0	298.3	2.89	984.58	1
83.97	0	986.0	50.2	0.32	0.0	0.0	0.0	1	3726	169.9	297.2	2.86	985.98	1
84.07	0	987.4	50.4	0.32	0.0	0.0	0.0	1	3741	170.7	296.1	2.84	987.37	1
84.17	0	988.8	50.6	0.34	0.0	0.0	0.0	1	3760	171.5	295.0	2.81	988.77	1
84.27	0	990.2	50.9	0.43	0.0	0.0	0.0	1	3806	172.3	293.8	2.78	990.18	1
84.37	0	991.6	51.5	0.51	0.0	0.0	0.0	1	3877	173.2	292.7	2.75	991.6	1
84.47	0	993.0	52.3	0.52	0.0	0.0	0.0	1	3945	174.0	291.5	2.72	993.05	1
84.57	0	994.5	53.2	0.52	0.0	0.0	0.0	1	4011	174.9	290.3	2.69	994.51	1
84.67	0	996.0	54.1	0.53	0.0	0.0	0.0	1	4084	175.8	289.1	2.66	996.0	1
84.77	0	997.5	55.0	0.53	0.0	0.0	0.0	1	4158	176.7	287.9	2.64	997.51	1
84.87	0	999.1	55.9	0.53	0.0	0.0	0.0	1	4235	177.6	286.6	2.61	999.06	1
84.97	0	1000.6	56.9	0.53	0.0	0.0	0.0	1	4314	178.5	285.4	2.58	1000.62	1
85.07	0	1002.2	58.0	0.53	0.0	0.0	0.0	1	4397	179.4	284.1	2.55	1002.22	1
85.17	0	1003.8	59.0	0.53	0.0	0.0	0.0	1	4482	180.4	282.8	2.52	1003.84	1
85.27	0	1005.5	60.2	0.53	0.0	0.0	0.0	1	4570	181.4	281.5	2.5	1005.5	1
85.37	0	1007.2	61.3	0.53	0.0	0.0	0.0	1	4661	182.4	280.1	2.47	1007.17	1
85.47	0	1008.9	62.5	0.53	0.0	0.0	0.0	1	4756	183.4	278.7	2.44	1008.9	1
85.57	0	1010.7	63.7	0.53	0.0	0.0	0.0	1	4853	184.4	277.3	2.42	1010.66	1
85.67	0	1012.4	64.9	0.53	0.0	0.0	0.0	1	4953	185.5	275.9	2.39	1012.44	1
85.77	0	1014.3	66.2	0.47	0.0	0.0	0.08	1	5035	186.6	274.4	2.36	1014.26	1
85.87	0	1016.1	67.1	0.3	0.0	-0.02	0.69	1	5023	187.7	272.9	2.33	1016.12	1
85.97	0	1018.0	67.1	0.0	0.0	0.01	1.0	1	4787	188.8	271.4	2.31	1017.99	1
86.07	0	1019.9	66.9	0.0	0.0	0.01	1.0	1	4491	189.9	269.9	2.28	1019.85	1
86.17	0	1021.7	66.7	0.0	0.0	0.01	1.0	1	4215	191.0	268.4	2.25	1021.7	1
86.27	0	1023.6	66.6	0.0	0.0	-0.04	1.0	1	3955	192.1	266.9	2.22	1023.56	1
86.4	0	1025.9	66.3	0.0	0.0	-0.05	1.0	2	3648	193.5	265.0	2.18	1025.89	1
86.48	0	1027.3	66.2	0.0	0.0	-0.0	1.0	2	3469	194.3	263.9	2.14	1027.35	1
86.58	0	1029.2	66.0	0.0	0.0	-0.0	1.0	2	3256	195.4	262.4	2.1	1029.18	1
86.68	0	1031.0	65.8	0.0	0.0	-0.0	1.0	2	3054	196.5	260.9	2.05	1031.01	1
86.78	0	1032.8	65.6	0.0	0.0	0.0	0.96	2	2886	197.6	259.4	2.0	1032.83	1
86.88	0	1034.6	64.0	0.0	0.0	0.0	0.36	2	3445	198.6	257.9	1.96	1034.64	1
86.98	0	1036.4	63.1	0.0	0.0	0.0	0.02	2	3553	199.7	256.5	1.91	1036.41	1
87.11	0	1038.7	62.4	0.0	0.0	0.0	0.0	2	3509	201.0	254.6	1.86	1038.73	1
87.21	0	1040.5	61.8	0.15	0.0	0.0	0.0	2	3496	202.0	253.2	1.82	1040.45	1
87.31	0	1042.2	61.7	0.27	0.0	0.0	0.0	2	3514	203.0	251.8	1.78	1042.17	1
87.41	0	1043.9	61.6	0.27	0.0	0.0	0.0	2	3513	204.0	250.5	1.74	1043.88	1
87.51	0	1045.6	61.6	0.28	0.0	0.0	0.0	2	3513	205.1	249.1	1.71	1045.59	1
87.61	0	1047.3	61.6	0.28	0.0	0.0	0.0	2	3512	206.1	247.7	1.67	1047.3	1
87.71	0	1049.0	61.6	0.28	0.0	0.0	0.0	2	3512	207.1	246.3	1.64	1049.01	1
87.81	0	1050.7	61.6	0.28	0.0	0.0	0.0	2	3513	208.1	244.9	1.61	1050.72	1
87.91	0	1052.4	61.5	0.28	0.0	0.0	0.0	2	3509	209.1	243.6	1.57	1052.43	1
88.01	0	1054.1	61.5	0.28	0.0	0.0	0.0	2	3509	210.1	242.2	1.54	1054.14	1
88.11	0	1055.9	61.5	0.28	0.0	0.0	0.0	2	3510	211.1	240.8	1.51	1055.85	1
88.21	0	1057.6	61.5	0.28	0.0	0.0	0.0	2	3508	212.1	239.4	1.49	1057.56	1
88.31	0	1059.3	61.5	0.28	0.0	0.0	0.0	2	3506	213.1	238.1	1.46	1059.26	1
88.41	0	1061.0	61.5	0.28	0.0	0.0	0.0	2	3506	214.2	236.7	1.43	1060.97	1
88.51	0	1062.7	61.5	0.28	0.0	0.0	0.0	2	3505	215.2	235.3	1.41	1062.68	1
88.61	0	1064.4	61.4	0.28	0.0	0.02	0.0	2	3505	216.2	233.9	1.39	1064.39	1
88.71	0	1066.1	61.4	0.28	0.0	0.02	0.0	2	3504	217.2	232.6	1.37	1066.09	1
88.81	0	1067.8	61.4	0.28	0.0	0.02	0.0	2	3503	218.2	231.2	1.35	1067.79	1
88.91	0	1069.5	61.4	0.28	0.0	0.02	0.0	2	3501	219.2	229.8	1.34	1069.5	1
89.01	0	1071.2	61.4	0.32	0.0	0.0	0.0	2	3509	220.3	228.5	1.34	1071.21	1
89.11	0	1072.9	61.5	0.34	0.0	0.0	0.0	2	3516	221.3	227.1	1.33	1072.92	1
89.21	0	1074.6	61.6	0.36	0.0	0.0	0.0	2	3527	222.3	225.8	1.33	1074.62	1
89.31	0	1076.3	61.8	0.36	0.0	0.0	0.0	2	3539	223.4	224.4	1.33	1076.34	1
89.41	0	1078.0	61.9	0.38	0.0	0.0	0.0	2	3547	224.4	223.0	1.36	1078.02	1
89.51	0	1079.7	62.1	0.4	0.0	-0.02	0.0	2	3564	225.5	221.7	1.4	1079.75	1
89.61	0	1081.5	62.4	0.4	0.0	-0.02	0.0	2	3577	226.5	220.3	1.43	1081.47	1
89.71	0	1083.2	62.6	0.4	0.0	-0.02	0.0	2	3591	227.6	218.9	1.47	1083.21	1
89.81	0	1084.9	62.8	0.41	0.0	-0.06	0.0	2	3606	228.6	217.5	1.5	1084.95	1
89.91	0	1086.7	63.1	0.41	0.0	-0.09	0.0	2	3625	229.6	216.1	1.51	1086.7	1
90.01	0	1088.5	63.3	0.43	0.0	-0.09	0.0	2	3638	230.7	214.7	1.51	1088.45	1
90.11	0	1090.1	63.6	0.43	0.0	-0.09	0.0	2	3666	231.7	213.2	1.55	1090.15	1
90.21	0	1091.9	63.9	0.43	0.0	-0.09	0.0	2	3682	232.7	211.8	1.59	1091.92	1
90.31	0	1093.7	64.3	0.43	0.0	-0.09	0.0	2	3697	233.7	210.3	1.6	1093.69	1
90.41	0	1095.5	64.6	0.43	0.0	-0.09	0.0	2	3716	234.6	208.8	1.6	1095.49	1
90.51	0	1097.3	64.9	0.43	0.0	-0.09	0.0	2	3740	235.6	207.3	1.57	1097.28	1
90.61	0	1099.1	65.2	0.43	0.0	-0.08	0.0	2	3758	236.5	205.7	1.52	1099.09	1
90.71	0	1100.9	65.6	0.45	0.0	-0.08	0.0	2	3783	237.5	204.2	1.45	1100.9	1
90.81	0	1102.7	66.0	0.47	0.0	-0.08	0.0	2	3807	238.4	202.6	1.44	1102.66	1
90.91	0	1104.5	66.5	0.47	0.0	-0.07	0.0	2	3839	239.3	201.0	1.42	1104.52	1
91.01	0	1106.4	66.9	0.49	0.0	-0.07	0.0	2	3873	240.2	199.4	1.37	1106.36	1
91.11	0	1108.2	67.5	0.51	0.0	-0.07	0.0	2	3903	241.1	197.7	1.31	1108.23	1
91.21	0	1110.1	68.0	0.51	0.0	-0.06	0.0	2	3942	242.0	196.0	1.23	1110.1	1
91.31	0	1112.0	68.6	0.51	0.0	-0.06	0.0	2	3974	242.8	194.4	1.13	1112.0	1
91.41	0	1113.9	69.2	0.51	0.0	-0.06	0.0	2	4009	243.7	192.7	1.06	1113.86	1
91.51	0	1115.8	69.8	0.51	0.0	-0.06	0.0	2	4050	244.6	190.9	1.02	1115.79	1
91.61	0	1117.7	70.4	0.51	0.0	-0.06	0.0	2	4082	245.4	189.2	0.96	1117.74	1
91.71	0	1119.7	71.1	0.51	0.0	-0.04	0.0	2	4127	246.3	187.4	0.88	1119.7	1
91.81	0	1121.7	71.7	0.51	0.0	-0.04	0.0	2	4164	247.1	185.6	0.79	1121.68	1
91.91	0	1123.7	72.4	0.51	0.0	-0.04	0.0	2	4200	247.9	183.8	0.69	1123.68	1
92.04	0	1126.2	73.2	0.51	0.0	-0.06	0.0	2	4256	248.9	181.5	0.6	1126.16	1
92.12	0	1127.9	73.8	0.51	0.0	-0.04	0.0	2	4294	249.6	179.9	0.57	1127.89	1
92.22	0	1129.9	74.5	0.51	0.0	-0.04	0.0	2	4332	250.5	178.0	0.51	1129.95	1
92.32	0	1132.0	75.2	0.51	0.0	-0.04	0.0	2	4373	251.3	176.1	0.44	1132.03	1
92.42	0	1134.1	76.0	0.51	0.0	-0.05	0.0	2	4421	252.1	174.2	0.36	1134.12	1
92.52	0	1136.2	76.7	0.51	0.0	-0.03	0.0	2	4467	252.9	172.2	0.26	1136.24	1
92.62	0	1138.4	77.5	0.51	0.0	-0.04	0.0	2	4510	253.7	170.2	0.22	1138.37	1
92.72	0	1140.5	78.3	0.51	0.0	-0.06	0.03	2	4557	254.5	168.2	0.2	1140.54	1
92.82	0	1142.7	79.0	0.46	0.0	-0.0	0.85	2	4602	255.2	166.1	0.16	1142.72	1
92.92	0	1144.9	78.9	0.27	0.0	-0.0	1.0	2	4918	256.0	164.1	0.12	1144.91	1
93.02	0	1147.1	78.6	0.0	0.0	-0.0	1.0	3	4725	256.8	162.1	0.07	1147.09	1
93.12	0	1149.3	78.4	0.0	0.0	0.0	1.0	3	4432	257.6	160.0	0.02	1149.29	1
93.22	0	1151.5	78.6	0.0	0.0	0.0	0.67	3	3843	258.3	158.0	0.07	1151.46	1
93.32	0	1153.6	78.8	0.0	0.0	-0.04	0.04	3	3413	259.1	155.9	0.13	1153.65	1
93.42	0	1155.8	78.3	0.0	0.0	-0.04	0.0	3	3389	259.9	153.9	0.19	1155.84	1
93.52	0	1158.0	78.0	0.26	0.0	-0.06	0.0	3	3404	260.6	151.8	0.23	1158.0	1
93.62	0	1160.2	77.9	0.36	0.0	-0.06	0.0	3	3416	261.3	149.8	0.25	1160.16	1
93.72	0	1162.3	77.9	0.38	0.0	-0.08	0.0	3	3420	262.1	147.8	0.29	1162.32	1
93.82	0	1164.5	77.9	0.41	0.0	-0.11	0.0	3	3431	262.7	145.7	0.38	1164.47	1
93.92	0	1166.6	78.0	0.43	0.0	-0.12	0.0	3	3435	263.4	143.6	0.43	1166.64	1
94.02	0	1168.8	78.1	0.45	0.0	-0.12	0.0	3	3445	264.0	141.6	0.46	1168.81	1
94.12	0	1171.0	78.2	0.45	0.0	-0.09	0.0	3	3452	264.6	139.5	0.45	1170.98	1
94.22	0	1173.2	78.4	0.48	0.0	-0.09	0.0	3	3458	265.2	137.4	0.4	1173.16	1
94.32	0	1175.3	78.5	0.49	0.0	-0.08	0.0	3	3469	265.7	135.3	0.36	1175.31	1
94.42	0	1177.5	78.8	0.51	0.0	-0.08	0.0	3	3475	266.2	133.1	0.35	1177.5	1
94.52	0	1179.7	79.0	0.51	0.0	-0.08	0.0	3	3488	266.7	131.0	0.32	1179.68	1
94.62	0	1181.9	79.2	0.49	0.0	-0.02	0.0	3	3500	267.1	128.9	0.25	1181.87	1
94.72	0	1184.1	79.4	0.49	0.0	-0.0	0.0	3	3509	267.5	126.7	0.17	1184.08	1
94.83	0	1186.4	79.7	0.51	0.0	-0.0	0.0	3	3515	268.0	124.4	0.07	1186.41	1
94.92	0	1188.5	79.9	0.51	0.0	0.0	0.0	3	3528	268.4	122.3	0.07	1188.53	1
95.02	0	1190.7	80.2	0.55	0.0	0.0	0.0	3	3547	268.8	120.1	0.08	1190.74	1
95.12	0	1193.0	80.5	0.55	0.0	0.0	0.0	3	3564	269.2	117.9	0.09	1192.97	1
95.22	0	1195.2	80.8	0.55	0.0	0.0	0.0	3	3584	269.6	115.7	0.1	1195.22	1
95.32	0	1197.5	81.2	0.56	0.0	0.0	0.0	3	3587	270.0	113.5	0.11	1197.48	1
95.42	0	1199.7	81.6	0.56	0.0	0.0	0.0	3	3609	270.5	111.3	0.14	1199.72	1
95.52	0	1202.0	81.9	0.56	0.0	0.0	0.0	3	3630	270.9	109.1	0.21	1201.99	1
95.62	0	1204.3	82.3	0.56	0.0	0.0	0.0	3	3646	271.3	106.8	0.29	1204.27	1
95.72	0	1206.6	82.7	0.58	0.0	0.0	0.0	3	3666	271.7	104.6	0.36	1206.57	1
95.82	0	1208.9	83.1	0.62	0.0	0.0	0.0	3	3692	272.2	102.3	0.44	1208.87	1
95.92	0	1211.2	83.6	0.63	0.0	0.0	0.0	3	3717	272.6	100.1	0.52	1211.18	1
96.02	0	1213.5	84.1	0.63	0.0	0.0	0.0	3	3742	273.1	97.8	0.6	1213.51	1
96.12	0	1215.9	84.7	0.63	0.0	0.0	0.0	3	3767	273.5	95.5	0.68	1215.86	1
96.22	0	1218.2	85.2	0.63	0.0	0.0	0.0	3	3792	274.0	93.1	0.77	1218.21	1
96.32	0	1220.6	85.8	0.63	0.0	0.0	0.0	3	3818	274.4	90.8	0.85	1220.58	1
96.42	0	1223.0	86.3	0.63	0.0	0.0	0.0	3	3844	274.9	88.5	0.94	1222.97	1
96.52	0	1225.4	86.9	0.63	0.0	0.0	0.0	3	3871	275.3	86.1	1.03	1225.37	1
96.62	0	1227.8	87.5	0.63	0.0	-0.04	0.0	3	3897	275.8	83.7	1.12	1227.8	1
96.72	0	1230.2	88.1	0.63	0.0	-0.02	0.0	3	3925	276.3	81.3	1.21	1230.23	1
96.82	0	1232.7	88.7	0.63	0.0	-0.04	0.0	3	3954	276.7	78.9	1.29	1232.69	1
96.92	0	1235.2	89.3	0.63	0.0	-0.04	0.0	3	3981	277.2	76.5	1.36	1235.15	1
97.02	0	1237.6	89.9	0.63	0.0	-0.03	0.0	3	4011	277.6	74.1	1.41	1237.64	1
97.15	0	1241.0	90.7	0.63	0.0	-0.0	0.0	3	4049	278.2	70.8	1.47	1240.99	1
97.25	0	1243.5	91.4	0.63	0.0	-0.0	0.0	3	4079	278.6	68.3	1.5	1243.52	1
97.35	0	1246.1	92.0	0.63	0.0	0.0	0.0	3	4110	279.1	65.8	1.53	1246.06	1
97.45	0	1248.6	92.7	0.63	0.0	0.0	0.0	3	4141	279.5	63.2	1.56	1248.63	1
97.55	0	1251.2	93.4	0.63	0.0	0.0	0.0	3	4170	279.9	60.7	1.59	1251.21	1
97.67	0	1254.2	94.1	0.63	0.0	0.0	0.0	3	4210	280.4	57.7	1.62	1254.2	1
97.77	0	1256.9	94.9	0.63	0.0	0.02	0.0	3	4242	280.9	55.0	1.65	1256.93	1
97.87	0	1259.6	95.6	0.63	0.0	0.05	0.0	3	4276	281.3	52.4	1.7	1259.58	1
97.97	0	1262.2	96.3	0.63	0.0	0.06	0.06	3	4310	281.8	49.8	1.75	1262.24	1
98.07	0	1264.9	96.9	0.55	0.0	0.06	0.89	3	4370	282.3	47.2	1.83	1264.92	1
98.17	0	1267.6	96.6	0.34	0.0	0.07	1.0	3	4800	282.8	44.5	1.94	1267.6	1
98.27	0	1270.3	96.3	0.16	0.0	0.1	1.0	4	4882	283.4	41.9	2.08	1270.28	1
98.37	0	1272.9	96.1	0.0	0.0	0.07	0.96	4	4562	284.0	39.3	2.24	1272.95	1
98.47	0	1275.6	96.6	0.0	0.0	0.02	0.36	4	3588	284.6	36.7	2.44	1275.62	1
98.57	0	1278.3	96.6	0.3	0.0	0.09	0.0	4	3486	285.2	34.1	2.66	1278.29	1
98.67	0	1281.1	96.4	0.42	0.0	0.1	0.0	4	3498	285.9	31.5	2.9	1281.06	1
98.77	0	1283.7	96.4	0.51	0.0	0.1	0.0	4	3514	286.6	28.9	3.09	1283.73	1
98.87	0	1286.4	96.5	0.51	0.0	0.1	0.0	4	3520	287.3	26.3	3.32	1286.4	1
98.97	0	1289.1	96.6	0.52	0.0	0.13	0.0	4	3524	288.1	23.8	3.59	1289.08	1
99.07	0	1292.0	96.6	0.53	0.0	0.17	0.0	4	3530	288.9	21.2	3.85	1292.02	1
99.17	0	1294.7	96.7	0.52	0.0	0.09	0.0	4	3534	289.8	18.7	4.04	1294.7	1
99.27	0	1297.4	96.9	0.52	0.0	0.02	0.0	4	3533	290.7	16.2	4.28	1297.37	1
99.37	0	1300.0	97.0	0.54	0.0	0.05	0.0	4	3541	291.7	13.7	4.55	1300.05	1
99.47	0	1303.1	97.2	0.56	0.0	0.05	0.0	4	3544	292.7	11.2	4.79	1303.08	1
99.57	0	1305.8	97.3	0.56	0.0	0.02	0.0	4	3551	293.8	8.7	4.95	1305.78	1
99.67	0	1308.5	97.5	0.56	0.0	0.03	0.0	4	3559	294.8	6.2	5.12	1308.47	1
99.77	0	1311.2	97.7	0.56	0.0	0.1	0.0	4	3566	295.9	3.7	5.3	1311.18	1
99.87	0	1314.3	97.9	0.56	0.0	0.1	0.0	4	3574	297.0	1.2	5.42	1314.28	1
99.97	0	1317.0	98.0	0.58	0.0	0.14	0.0	4	3586	298.1	-1.3	5.48	1317.0	1
100.07	0	1319.7	98.2	0.58	0.0	0.14	0.0	4	3592	299.3	-3.7	5.59	1319.73	1
100.17	0	1322.4	98.3	0.58	0.0	0.14	0.0	4	3602	300.6	-6.1	5.75	1322.44	1
100.27	0	1325.6	98.5	0.58	0.0	0.14	0.0	4	3609	301.9	-8.6	5.83	1325.6	1
100.37	0	1328.3	98.6	0.58	0.0	0.14	0.0	4	3651	303.2	-10.9	5.92	1328.33	1
100.47	0	1331.1	98.6	0.58	0.0	0.09	0.0	4	3734	304.6	-13.3	6.07	1331.07	1
100.57	0	1334.2	98.9	0.58	0.0	0.02	0.0	4	3601	306.1	-15.6	6.31	1334.24	1
100.67	0	1337.0	99.1	0.56	0.0	0.01	0.0	4	3617	307.6	-17.9	6.41	1336.99	1
100.77	0	1339.7	99.3	0.56	0.0	0.0	0.0	4	3629	309.2	-20.1	6.54	1339.75	1
100.87	0	1342.5	99.5	0.56	0.0	-0.02	0.0	4	3634	310.8	-22.4	6.68	1342.5	1
100.97	0	1345.8	99.7	0.56	0.0	0.07	0.0	4	3640	312.3	-24.7	6.78	1345.76	1
101.07	0	1348.5	99.9	0.56	0.0	0.16	0.0	4	3650	313.9	-26.9	6.73	1348.54	1
101.17	0	1351.3	100.1	0.6	0.0	0.14	0.0	4	3667	315.6	-29.2	6.72	1351.32	1
101.27	0	1354.1	100.3	0.63	0.0	0.09	0.0	4	3684	317.2	-31.4	6.75	1354.1	1
101.37	0	1357.4	100.7	0.67	0.0	0.05	0.0	4	3699	318.9	-33.6	6.75	1357.38	1
101.47	0	1360.2	101.0	0.67	0.0	0.01	0.0	4	3710	320.7	-35.8	6.67	1360.18	1
101.57	0	1363.0	101.4	0.69	0.0	0.01	0.0	4	3730	322.5	-38.0	6.63	1362.99	1
101.67	0	1365.8	101.8	0.69	0.0	0.06	0.0	4	3740	324.3	-40.2	6.62	1365.82	1
101.77	0	1369.1	102.2	0.69	0.0	0.09	0.0	4	3754	326.1	-42.3	6.48	1369.13	1
101.87	0	1372.0	102.6	0.69	0.0	0.1	0.0	4	3778	328.0	-44.4	6.32	1371.97	1
101.97	0	1374.8	103.0	0.69	0.0	0.1	0.0	4	3792	329.9	-46.6	6.21	1374.82	1
102.07	0	1378.1	103.4	0.69	0.0	0.1	0.0	4	3807	331.9	-48.6	6.12	1378.14	1
102.17	0	1381.0	103.8	0.69	0.0	0.1	0.0	4	3824	333.9	-50.7	5.89	1381.01	1
102.27	0	1383.9	104.1	0.69	0.0	0.03	0.0	4	3866	335.9	-52.8	5.72	1383.9	1
102.37	0	1386.8	104.6	0.69	0.0	0.03	0.0	4	3864	338.0	-54.8	5.59	1386.78	1
102.47	0	1389.9	105.1	0.69	0.0	0.03	0.0	4	3848	340.2	-56.8	5.45	1389.9	1
102.57	0	1392.8	105.5	0.69	0.0	0.01	0.0	4	3881	342.3	-58.7	5.3	1392.82	1
102.67	0	1395.8	106.0	0.69	0.0	0.01	0.0	4	3903	344.5	-60.7	5.17	1395.75	1
102.77	0	1398.7	106.4	0.69	0.0	0.01	0.0	4	3917	346.7	-62.7	5.04	1398.7	1
102.87	0	1401.7	106.9	0.69	0.0	0.01	0.0	4	3933	348.9	-64.6	4.91	1401.67	1
102.97	0	1404.6	107.4	0.69	0.0	0.05	0.0	4	3952	351.1	-66.6	4.8	1404.63	1
103.07	0	1407.6	107.9	0.69	0.0	0.04	0.0	4	3971	353.4	-68.6	4.7	1407.63	1
103.17	0	1410.6	108.4	0.69	0.0	0.03	0.0	4	3991	355.6	-70.6	4.61	1410.63	1
103.29	0	1414.1	108.9	0.69	0.0	0.01	0.0	4	4011	358.3	-72.8	4.54	1414.09	1
103.39	0	1417.1	109.4	0.69	0.0	0.01	0.0	4	4031	360.6	-74.8	4.49	1417.14	1
103.49	0	1420.2	109.9	0.66	0.0	0.01	0.0	4	4040	362.9	-76.7	4.45	1420.19	1
103.59	0	1423.2	110.4	0.66	0.0	-0.0	0.0	4	4068	365.3	-78.7	4.43	1423.25	1
103.69	0	1426.3	110.8	0.66	0.0	-0.0	0.0	4	4080	367.6	-80.7	4.42	1426.31	1
103.79	0	1429.4	111.3	0.66	0.0	-0.0	0.0	4	4094	370.0	-82.6	4.41	1429.41	1
103.89	0	1432.5	111.8	0.66	0.0	-0.02	0.0	4	4110	372.4	-84.6	4.4	1432.5	1
103.99	0	1435.6	112.2	0.64	0.0	-0.02	0.0	4	4133	374.8	-86.6	4.4	1435.61	1
104.09	0	1438.7	112.7	0.64	0.0	-0.06	0.0	4	4145	377.2	-88.6	4.38	1438.74	1
104.19	0	1441.9	113.1	0.64	0.0	-0.12	0.0	4	4163	379.6	-90.6	4.35	1441.88	1
104.29	0	1445.0	113.5	0.62	0.0	-0.17	0.0	4	4180	382.0	-92.6	4.28	1445.02	1
104.39	0	1448.2	113.8	0.62	0.0	-0.17	0.0	4	4200	384.4	-94.7	4.16	1448.18	1
104.49	0	1451.3	114.1	0.62	0.0	-0.08	0.0	4	4217	386.7	-96.9	3.97	1451.33	1
104.59	0	1454.5	114.5	0.62	0.0	-0.0	0.0	4	4229	389.0	-99.1	3.71	1454.49	1
104.69	0	1457.7	114.7	0.62	0.0	-0.0	0.0	4	4317	391.2	-101.3	3.4	1457.66	1
104.79	0	1460.7	115.3	0.62	0.0	0.0	0.0	4	4227	393.5	-103.6	3.06	1460.75	1
104.89	0	1463.9	115.7	0.62	0.0	0.0	0.0	4	4254	395.6	-106.0	2.72	1463.95	1
104.99	0	1467.1	116.1	0.62	0.0	-0.02	0.0	4	4276	397.8	-108.3	2.36	1467.15	1
105.09	0	1470.3	116.6	0.62	0.0	-0.06	0.0	4	4292	400.0	-110.7	2.11	1470.25	1
105.19	0	1473.5	117.0	0.62	0.0	-0.12	0.0	4	4307	402.2	-113.1	1.91	1473.48	1
105.29	0	1476.6	117.4	0.62	0.0	-0.09	0.0	4	4327	404.3	-115.6	1.67	1476.63	1
105.39	0	1479.9	117.8	0.62	0.0	-0.08	0.0	4	4343	406.5	-118.1	1.57	1479.91	1
105.49	0	1483.2	118.2	0.62	0.0	-0.08	0.0	4	4360	408.6	-120.6	1.43	1483.18	1
105.59	0	1486.4	118.7	0.62	0.0	-0.05	0.42	4	4376	410.7	-123.1	1.31	1486.4	1
105.69	0	1489.7	118.8	0.47	0.0	-0.04	1.0	4	4620	412.7	-125.7	1.25	1489.71	1
105.8	0	1493.4	118.3	0.27	0.0	-0.0	1.0	5	4941	415.0	-128.7	1.13	1493.43	1
105.9	0	1496.6	118.2	0.23	0.0	-0.09	0.56	5	4650	416.9	-131.3	1.18	1496.62	1
106.0	0	1499.9	119.1	0.23	0.0	-0.02	0.0	5	3618	418.9	-133.9	1.18	1499.93	1
106.1	0	1503.1	118.7	0.24	0.0	-0.0	0.0	5	3598	420.8	-136.6	1.23	1503.15	1
106.2	0	1506.4	118.4	0.41	0.0	-0.22	0.0	5	3610	422.7	-139.3	1.38	1506.44	1
106.3	0	1509.7	118.2	0.51	0.0	-0.27	0.0	5	3625	424.5	-142.0	1.47	1509.72	1
106.4	0	1512.9	118.0	0.51	0.0	-0.26	0.0	5	3620	426.3	-144.8	1.52	1512.9	1
106.5	0	1516.2	117.7	0.48	0.0	-0.26	0.0	5	3629	428.0	-147.6	1.68	1516.16	1
106.6	0	1519.4	117.4	0.48	0.0	-0.24	0.0	5	3609	429.6	-150.4	1.74	1519.42	1
106.7	0	1522.7	117.0	0.49	0.0	-0.22	0.0	5	3613	431.1	-153.3	1.7	1522.68	1
106.8	0	1525.8	116.6	0.49	0.0	-0.22	0.0	5	3594	432.5	-156.3	1.74	1525.79	1
106.9	0	1529.0	116.1	0.51	0.0	-0.2	0.0	5	3582	433.8	-159.2	1.68	1529.02	1
107.04	0	1533.4	115.6	0.56	0.0	0.0	0.0	5	3558	435.3	-163.3	1.42	1533.36	1
107.14	0	1536.5	115.4	0.58	0.0	0.02	0.0	5	3556	436.3	-166.3	1.3	1536.46	1
107.24	0	1539.7	115.3	0.58	0.0	0.02	0.0	5	3537	437.3	-169.4	1.09	1539.68	1
107.34	0	1542.9	115.2	0.58	0.0	0.12	0.0	5	3535	438.1	-172.5	0.8	1542.85	1
107.44	0	1546.0	115.3	0.58	0.0	0.18	0.0	5	3533	438.9	-175.6	0.61	1546.0	1
107.54	0	1549.2	115.3	0.58	0.0	0.1	0.0	5	3534	439.7	-178.7	0.53	1549.2	1
107.64	0	1552.4	115.3	0.57	0.0	0.07	0.0	5	3545	440.6	-181.8	0.49	1552.41	1
107.74	0	1555.6	115.3	0.57	0.0	0.02	0.0	5	3538	441.5	-184.8	0.53	1555.58	1
107.84	0	1558.8	115.3	0.57	0.0	0.01	0.0	5	3532	442.4	-187.9	0.7	1558.78	1
107.94	0	1562.0	115.4	0.63	0.0	0.01	0.0	5	3541	443.4	-190.9	0.92	1561.98	1
108.04	0	1565.2	115.5	0.63	0.0	0.01	0.0	5	3541	444.4	-194.0	1.16	1565.17	1
108.14	0	1568.4	115.6	0.63	0.0	0.01	0.0	5	3543	445.5	-197.1	1.43	1568.42	1
108.24	0	1571.6	115.7	0.63	0.0	0.0	0.0	5	3555	446.6	-200.1	1.7	1571.62	1
108.34	0	1574.8	115.8	0.63	0.0	0.0	0.0	5	3553	447.6	-203.1	1.98	1574.83	1
108.44	0	1578.0	115.9	0.66	0.0	0.0	0.0	5	3560	448.7	-206.2	2.26	1578.04	1
108.54	0	1581.2	116.1	0.66	0.0	-0.01	0.0	5	3562	449.7	-209.2	2.55	1581.25	1
108.64	0	1584.5	116.2	0.67	0.0	-0.06	0.0	5	3579	450.8	-212.3	2.83	1584.45	1
108.74	0	1587.7	116.4	0.67	0.0	-0.06	0.0	5	3578	451.9	-215.3	3.1	1587.68	1
108.84	0	1590.9	116.6	0.67	0.0	-0.08	0.0	5	3583	452.9	-218.4	3.35	1590.9	1
108.95	0	1594.7	116.7	0.67	0.0	-0.13	0.0	5	3597	454.0	-222.0	3.59	1594.68	1
109.05	0	1597.9	116.8	0.63	0.0	-0.12	0.0	5	3596	455.0	-225.1	3.74	1597.91	1
109.15	0	1601.2	116.8	0.62	0.0	-0.08	0.0	5	3589	455.9	-228.2	3.83	1601.16	1
109.25	0	1604.4	116.9	0.55	0.0	-0.04	0.0	5	3587	456.7	-231.3	3.86	1604.41	1
109.35	0	1607.6	116.7	0.36	0.0	-0.07	0.0	5	3557	457.5	-234.5	3.84	1607.65	1
109.45	0	1610.9	116.4	0.2	0.0	0.0	0.4	5	3531	458.2	-237.7	3.75	1610.89	1
109.55	0	1614.1	116.0	0.0	0.0	0.0	1.0	5	3371	458.9	-240.8	3.64	1614.12	1
109.65	0	1617.3	115.6	0.0	0.0	0.02	1.0	5	3165	459.5	-243.9	3.49	1617.3	1
109.75	0	1620.5	115.3	0.0	0.0	-0.0	1.0	5	2970	460.2	-247.1	3.34	1620.5	1
109.85	0	1623.7	114.9	0.0	0.0	-0.0	1.0	4	2786	460.8	-250.2	3.18	1623.71	1
109.95	0	1626.9	114.6	0.0	0.0	-0.0	1.0	4	2614	461.4	-253.4	3.02	1626.9	1
110.05	0	1630.1	114.2	0.0	0.0	-0.0	1.0	4	2453	462.0	-256.5	2.86	1630.07	1
110.15	0	1633.2	113.8	0.0	0.0	-0.0	1.0	4	2302	462.7	-259.6	2.7	1633.23	1
110.25	0	1636.4	113.5	0.0	0.0	-0.0	1.0	4	2160	463.3	-262.7	2.54	1636.39	1
110.35	0	1639.5	113.1	0.0	0.0	-0.0	1.0	4	2027	463.9	-265.7	2.38	1639.53	1
110.45	0	1642.7	112.8	0.0	0.0	-0.0	1.0	4	1959	464.5	-268.8	2.22	1642.66	1
110.55	0	1645.8	112.4	0.0	0.0	-0.0	1.0	4	1953	465.1	-271.9	2.07	1645.79	1
110.65	0	1648.9	112.1	0.0	0.0	-0.0	1.0	4	1953	465.7	-274.9	1.91	1648.9	1
110.75	0	1652.0	111.7	0.0	0.0	-0.0	1.0	4	1953	466.4	-278.0	1.75	1652.01	1
110.85	0	1655.1	111.4	0.0	0.0	-0.04	1.0	4	1953	467.0	-281.0	1.59	1655.1	1
110.95	0	1658.2	111.0	0.0	0.0	-0.09	1.0	4	1953	467.6	-284.1	1.42	1658.18	1
111.05	0	1661.3	110.6	0.16	0.0	-0.13	1.0	4	1965	468.1	-287.1	1.23	1661.26	1
111.15	0	1664.3	110.2	0.16	0.0	-0.13	1.0	4	1984	468.7	-290.1	1.0	1664.33	1
111.25	0	1667.4	109.8	0.17	0.0	-0.13	1.0	4	1987	469.1	-293.1	0.71	1667.37	1
111.35	0	1670.4	109.5	0.17	0.0	-0.0	1.0	4	1989	469.5	-296.2	0.37	1670.39	1
111.45	0	1673.4	109.1	0.17	0.0	-0.0	1.0	4	1989	469.9	-299.2	-0.01	1673.4	1
111.55	0	1676.4	108.7	0.21	0.0	-0.0	1.0	4	1992	470.2	-302.2	-0.42	1676.4	1
111.65	0	1679.4	108.4	0.25	0.0	-0.03	1.0	4	2005	470.5	-305.2	-0.8	1679.42	1
111.75	0	1682.4	108.0	0.28	0.0	-0.09	1.0	4	2027	470.8	-308.2	-1.14	1682.42	1
111.85	0	1685.4	107.7	0.28	0.0	-0.13	1.0	4	2055	471.1	-311.2	-1.49	1685.4	1
111.95	0	1688.5	107.2	0.3	0.0	-0.26	1.0	4	2092	471.3	-314.2	-1.77	1688.52	1
112.05	0	1691.5	106.7	0.31	0.0	-0.27	1.0	4	2131	471.4	-317.1	-1.97	1691.49	1
112.15	0	1694.4	106.1	0.32	0.0	-0.26	1.0	4	2177	471.4	-320.1	-2.26	1694.44	1
112.25	0	1697.6	105.4	0.34	0.0	-0.24	1.0	4	2223	471.3	-323.0	-2.53	1697.6	1
112.35	0	1700.5	104.7	0.38	0.0	-0.08	1.0	4	2290	471.1	-325.9	-2.77	1700.51	1
112.45	0	1703.4	104.2	0.41	0.0	-0.12	1.0	4	2379	470.8	-328.8	-3.11	1703.38	1
112.55	0	1706.6	103.8	0.43	0.0	-0.08	1.0	4	2471	470.5	-331.7	-3.45	1706.57	1
112.65	0	1709.4	103.4	0.43	0.0	-0.0	1.0	4	2576	470.0	-334.5	-3.67	1709.43	1
112.75	0	1712.3	103.0	0.43	0.0	-0.13	1.0	4	2670	469.5	-337.4	-3.94	1712.28	1
112.85	0	1715.5	102.6	0.44	0.0	-0.27	1.0	4	2759	469.0	-340.2	-4.21	1715.52	1
112.95	0	1718.4	102.2	0.45	0.0	-0.17	1.0	4	2857	468.4	-342.9	-4.35	1718.36	1
113.05	0	1721.2	101.7	0.45	0.0	-0.2	1.0	4	2971	467.7	-345.7	-4.56	1721.18	1
113.15	0	1724.3	101.2	0.45	0.0	-0.24	1.0	4	3118	466.9	-348.4	-4.85	1724.27	1
113.25	0	1727.2	100.8	0.45	0.0	-0.17	1.0	4	3305	466.1	-351.0	-5.05	1727.21	1
113.35	0	1730.2	100.4	0.45	0.0	0.0	1.0	4	3544	465.2	-353.7	-5.23	1730.18	1
113.45	0	1733.1	100.1	0.45	0.0	-0.13	1.0	4	3838	464.2	-356.3	-5.39	1733.11	1
113.55	0	1735.9	99.6	0.45	0.0	-0.17	1.0	4	4200	463.2	-358.9	-5.52	1735.89	1
113.65	0	1738.8	99.2	0.45	0.0	-0.2	1.0	4	4635	462.1	-361.4	-5.65	1738.82	1
113.75	0	1741.7	98.8	0.45	0.0	-0.24	1.0	4	5144	461.0	-363.9	-5.77	1741.73	1
113.85	0	1744.7	98.4	0.38	0.0	-0.13	1.0	4	5677	459.8	-366.4	-5.87	1744.65	1
113.95	0	1747.6	98.0	0.0	0.0	-0.06	1.0	4	5688	458.5	-368.8	-5.96	1747.56	1
114.05	0	1750.5	97.7	0.0	0.0	-0.08	1.0	4	5337	457.2	-371.2	-6.02	1750.46	1
114.15	0	1753.4	97.3	0.0	0.0	-0.08	1.0	4	5007	455.9	-373.6	-6.07	1753.37	1
114.25	0	1756.3	97.0	0.0	0.0	-0.09	1.0	4	4698	454.5	-375.9	-6.09	1756.31	1
114.35	0	1759.3	96.7	0.0	0.0	-0.09	1.0	4	4408	453.1	-378.2	-6.11	1759.28	1
114.45	0	1762.0	96.3	0.0	0.0	-0.11	1.0	4	4136	451.6	-380.4	-6.04	1761.96	1
114.58	0	1765.5	95.9	0.0	0.0	-0.27	1.0	4	3830	449.8	-383.1	-5.94	1765.47	1
114.68	0	1768.1	95.5	0.0	0.0	-0.24	1.0	4	3593	448.3	-385.3	-5.86	1768.13	1
114.78	0	1771.0	95.0	0.0	0.0	-0.22	1.0	4	3372	446.7	-387.4	-5.75	1771.04	1
114.88	0	1773.9	94.5	0.0	0.0	-0.26	1.0	4	3164	445.1	-389.5	-5.67	1773.94	1
114.98	0	1776.6	93.9	0.16	0.0	-0.26	1.0	4	3006	443.4	-391.4	-5.6	1776.57	1
115.08	0	1779.5	93.4	0.25	0.0	-0.24	1.0	4	2960	441.6	-393.3	-5.54	1779.55	1
115.18	0	1782.1	92.9	0.25	0.0	-0.24	1.0	4	2946	439.7	-395.1	-5.51	1782.15	1
115.28	0	1784.7	92.5	0.27	0.0	-0.17	1.0	4	2934	437.8	-396.9	-5.55	1784.72	1
115.38	0	1787.8	92.1	0.27	0.0	-0.06	1.0	4	2927	435.9	-398.6	-5.63	1787.81	1
115.48	0	1790.4	91.8	0.27	0.0	-0.11	0.95	4	2940	433.9	-400.2	-5.58	1790.37	1
115.58	0	1792.9	90.9	0.21	0.0	-0.22	0.57	4	3274	431.9	-401.7	-5.59	1792.9	1
115.68	0	1795.4	90.5	0.21	0.0	-0.22	0.0	4	3271	429.9	-403.2	-5.68	1795.43	1
115.77	0	1798.4	90.0	0.28	0.0	-0.26	0.0	4	3294	427.8	-404.7	-5.66	1798.45	1
115.88	0	1800.9	89.7	0.38	0.0	-0.24	0.0	4	3251	425.7	-406.0	-5.68	1800.94	1
115.98	0	1803.4	89.5	0.45	0.0	-0.25	0.0	4	3254	423.6	-407.3	-5.8	1803.45	1
116.08	0	1806.5	89.4	0.48	0.0	-0.2	0.0	4	3258	421.4	-408.4	-5.95	1806.46	1
116.18	0	1808.9	89.3	0.48	0.0	-0.2	0.0	4	3256	419.2	-409.5	-5.99	1808.95	1
116.28	0	1811.4	89.2	0.48	0.0	-0.23	0.0	4	3253	416.9	-410.6	-6.11	1811.42	1
116.38	0	1813.9	89.0	0.48	0.0	-0.23	0.0	4	3249	414.6	-411.5	-6.3	1813.88	1
116.48	0	1817.0	88.9	0.48	0.0	-0.2	0.0	4	3244	412.3	-412.4	-6.42	1816.95	1
116.58	0	1819.4	88.8	0.48	0.0	-0.17	0.0	4	3240	410.0	-413.2	-6.55	1819.42	1
116.68	0	1821.9	88.6	0.52	0.0	-0.17	0.0	4	3292	407.7	-414.0	-6.75	1821.87	1
116.78	0	1825.2	88.6	0.55	0.0	-0.08	0.0	4	3223	405.3	-414.6	-6.97	1825.16	1
116.88	0	1827.6	88.6	0.55	0.0	-0.08	0.0	4	3221	402.9	-415.2	-7.07	1827.61	1
117.01	0	1830.9	88.7	0.55	0.0	-0.06	0.0	4	3229	399.7	-415.8	-7.29	1830.89	1
117.11	0	1833.3	88.7	0.56	0.0	0.08	0.0	4	3231	397.3	-416.3	-7.47	1833.34	1
117.21	0	1835.8	88.9	0.56	0.0	0.01	0.0	4	3230	394.8	-416.8	-7.66	1835.81	1
117.31	0	1839.4	89.0	0.56	0.0	-0.08	0.0	4	3236	392.4	-417.2	-7.82	1839.43	1
117.42	0	1842.3	89.1	0.62	0.0	-0.09	0.0	4	3249	389.6	-417.7	-7.67	1842.25	1
117.52	0	1844.7	89.3	0.63	0.0	-0.08	0.0	4	3257	387.2	-418.1	-7.55	1844.73	1
117.62	0	1847.2	89.5	0.63	0.0	-0.08	0.0	4	3265	384.7	-418.5	-7.46	1847.21	1
117.72	0	1849.7	89.6	0.63	0.0	-0.11	0.0	4	3272	382.3	-418.9	-7.39	1849.68	1
117.82	0	1853.2	89.8	0.63	0.0	-0.13	0.0	4	3280	379.8	-419.2	-7.42	1853.25	1
117.92	0	1855.7	89.9	0.63	0.0	-0.13	0.0	4	3287	377.3	-419.5	-7.09	1855.71	1
118.02	0	1858.2	90.0	0.63	0.0	-0.17	0.0	4	3301	374.8	-419.7	-6.81	1858.2	1
118.12	0	1860.7	90.1	0.63	0.0	-0.17	0.0	4	3329	372.3	-419.9	-6.58	1860.7	1
118.22	0	1863.2	90.3	0.64	0.0	-0.15	0.0	4	3293	369.8	-420.0	-6.43	1863.2	1
118.32	0	1865.7	90.4	0.64	0.0	-0.16	0.0	4	3305	367.3	-420.0	-6.34	1865.71	1
118.42	0	1869.1	90.6	0.64	0.0	-0.13	0.0	4	3316	364.8	-419.9	-6.13	1869.14	1
118.52	0	1871.6	90.7	0.64	0.0	-0.13	0.0	4	3321	362.3	-419.9	-5.8	1871.64	1
118.62	0	1874.1	90.9	0.64	0.0	-0.13	0.0	4	3326	359.8	-419.7	-5.53	1874.14	1
118.75	0	1877.3	91.1	0.64	0.0	-0.13	0.0	4	3334	356.6	-419.4	-5.26	1877.29	1
118.84	0	1879.6	91.2	0.64	0.0	-0.13	0.0	4	3342	354.3	-419.2	-5.12	1879.63	1
118.94	0	1882.9	91.4	0.64	0.0	-0.13	0.0	4	3349	351.8	-418.8	-4.91	1882.89	1
119.04	0	1885.4	91.5	0.63	0.0	-0.13	0.0	4	3357	349.3	-418.4	-4.51	1885.4	1
119.14	0	1887.9	91.7	0.66	0.0	-0.13	0.0	4	3363	346.8	-418.0	-4.18	1887.92	1
119.24	0	1890.5	91.9	0.66	0.0	-0.13	0.0	4	3374	344.3	-417.5	-3.91	1890.46	1
119.34	0	1893.0	92.1	0.69	0.0	-0.08	0.0	4	3377	341.8	-416.9	-3.69	1893.01	1
119.44	0	1895.6	92.4	0.74	0.0	-0.07	0.0	4	3389	339.3	-416.3	-3.53	1895.56	1
119.54	0	1898.4	92.7	0.76	0.0	-0.07	0.0	4	3424	336.8	-415.6	-3.25	1898.36	1
119.64	0	1900.9	93.2	0.76	0.0	-0.07	0.0	4	3409	334.3	-414.9	-3.01	1900.92	1
119.74	0	1903.5	93.5	0.78	0.0	-0.07	0.0	4	3433	331.9	-414.1	-2.83	1903.48	1
119.84	0	1906.1	93.9	0.8	0.0	-0.02	0.0	4	3463	329.4	-413.3	-2.69	1906.08	1
119.94	0	1908.7	94.4	0.82	0.0	-0.0	0.0	4	3477	326.9	-412.5	-2.58	1908.66	1
120.04	0	1911.2	94.9	0.82	0.0	-0.0	0.0	4	3495	324.4	-411.6	-2.5	1911.25	1
120.14	0	1913.9	95.5	0.82	0.0	-0.0	0.0	4	3505	321.9	-410.8	-2.48	1913.9	1
120.24	0	1916.5	96.0	0.82	0.0	-0.0	0.0	4	3536	319.4	-409.9	-2.47	1916.55	1
120.34	0	1919.2	96.5	0.83	0.0	-0.0	0.0	4	3553	316.9	-409.0	-2.45	1919.22	1
120.44	0	1921.9	97.0	0.83	0.0	0.0	0.0	4	3582	314.3	-408.2	-2.44	1921.91	1
120.54	0	1924.6	97.6	0.86	0.0	0.0	0.0	4	3595	311.8	-407.3	-2.43	1924.61	1
120.64	0	1927.3	98.2	0.86	0.0	0.0	0.0	4	3630	309.2	-406.4	-2.44	1927.27	1
120.74	0	1930.0	98.8	0.86	0.0	0.0	0.0	4	3650	306.6	-405.5	-2.51	1929.99	1
120.84	0	1932.8	99.5	0.89	0.0	0.0	0.0	4	3676	304.0	-404.6	-2.57	1932.76	1
120.94	0	1935.5	100.2	0.9	0.0	0.0	0.0	4	3708	301.4	-403.7	-2.64	1935.53	1
121.04	0	1938.3	100.9	0.91	0.0	0.0	0.0	4	3735	298.7	-402.8	-2.7	1938.32	1
121.14	0	1941.1	101.6	0.91	0.0	0.0	0.0	4	3773	296.1	-401.9	-2.76	1941.13	1
121.24	0	1943.9	102.4	0.91	0.0	0.0	0.0	4	3803	293.4	-400.9	-2.88	1943.88	1
121.34	0	1946.7	103.2	0.91	0.0	0.0	0.0	4	3825	290.7	-400.0	-3.02	1946.73	1
121.44	0	1949.6	104.0	0.91	0.0	0.0	0.0	4	3861	288.0	-399.1	-3.16	1949.61	1
121.54	0	1952.5	104.8	0.91	0.0	0.0	0.0	4	3891	285.2	-398.2	-3.3	1952.5	1
121.64	0	1955.4	105.6	0.91	0.0	0.02	0.0	4	3924	282.4	-397.2	-3.43	1955.43	1
121.74	0	1958.3	106.5	0.91	0.0	0.02	0.0	4	3961	279.7	-396.3	-3.6	1958.26	1
121.84	0	1961.2	107.3	0.91	0.0	0.02	0.0	4	3987	276.8	-395.4	-3.81	1961.23	1
121.94	0	1964.2	108.2	0.91	0.0	0.02	0.0	4	4024	274.0	-394.4	-4.01	1964.21	1
122.04	0	1967.2	109.0	0.91	0.0	0.03	0.0	4	4078	271.1	-393.5	-4.21	1967.22	1
122.14	0	1970.3	110.0	0.91	0.0	0.09	0.0	4	4090	268.2	-392.6	-4.39	1970.25	1
122.24	0	1973.2	110.8	0.91	0.0	0.1	0.0	4	4139	265.3	-391.7	-4.55	1973.18	1
122.34	0	1976.3	111.7	0.84	0.0	0.12	0.0	4	4162	262.3	-390.8	-4.75	1976.26	1
122.44	0	1979.4	112.3	0.74	0.0	0.21	0.0	4	4167	259.3	-390.0	-4.91	1979.38	1
122.54	0	1982.5	112.7	0.6	0.0	0.14	0.34	4	4163	256.3	-389.3	-4.99	1982.5	1
122.64	0	1985.6	112.6	0.47	0.0	0.1	1.0	4	4462	253.2	-388.6	-5.0	1985.63	1
122.74	0	1988.6	112.1	0.41	0.0	0.06	1.0	4	4893	250.2	-388.0	-4.95	1988.58	1
122.84	0	1991.7	112.0	0.41	0.0	0.02	0.71	4	5044	247.1	-387.4	-4.93	1991.68	1
122.94	0	1994.8	113.2	0.48	0.0	0.01	0.15	4	4230	244.0	-387.0	-4.85	1994.82	1
123.04	0	1997.9	113.6	0.55	0.0	0.01	0.0	4	4161	240.9	-386.5	-4.73	1997.93	1
123.14	0	2001.1	113.9	0.6	0.0	0.06	0.0	4	4183	237.8	-386.1	-4.56	2001.09	1
123.24	0	2004.3	114.2	0.63	0.0	0.02	0.0	4	4246	234.6	-385.7	-4.36	2004.26	1
123.34	0	2007.4	114.9	0.67	0.0	0.01	0.0	4	4206	231.5	-385.4	-4.13	2007.43	1
123.44	0	2010.5	115.3	0.69	0.0	0.01	0.0	4	4260	228.3	-385.1	-3.96	2010.46	1
123.54	0	2013.7	115.9	0.69	0.0	-0.0	0.0	4	4291	225.1	-384.7	-3.82	2013.67	1
123.64	0	2016.9	116.5	0.66	0.0	-0.0	0.0	4	4290	221.9	-384.4	-3.67	2016.89	1
123.74	0	2020.1	117.0	0.66	0.0	-0.0	0.0	4	4333	218.7	-384.1	-3.51	2020.13	1
123.84	0	2023.4	117.5	0.66	0.0	-0.0	0.0	4	4332	215.4	-383.8	-3.35	2023.38	1
123.94	0	2026.7	118.1	0.66	0.0	-0.0	0.0	4	4351	212.2	-383.5	-3.18	2026.65	1
124.04	0	2029.8	118.6	0.66	0.0	-0.0	0.0	4	4376	208.9	-383.2	-3.07	2029.81	1
124.14	0	2033.1	119.1	0.66	0.0	-0.0	0.0	4	4408	205.6	-382.9	-3.04	2033.12	1
124.24	0	2036.4	119.7	0.66	0.0	-0.0	0.0	4	4411	202.3	-382.6	-3.0	2036.43	1
124.37	0	2040.9	120.4	0.66	0.0	-0.0	0.0	4	4440	197.9	-382.2	-2.95	2040.88	1
124.45	0	2043.5	120.8	0.66	0.0	-0.0	0.0	4	4462	195.2	-382.0	-2.92	2043.5	1
124.55	0	2046.9	121.4	0.66	0.0	-0.0	0.0	4	4483	191.9	-381.7	-2.88	2046.88	1
124.67	0	2050.7	122.0	0.66	0.0	-0.0	0.0	4	4507	188.0	-381.3	-2.92	2050.68	1
124.77	0	2054.1	122.6	0.66	0.0	-0.0	0.0	4	4527	184.6	-381.0	-3.02	2054.08	1
124.87	0	2057.5	123.2	0.66	0.0	-0.0	0.0	4	4550	181.2	-380.7	-3.12	2057.49	1
124.97	0	2060.9	123.7	0.66	0.0	-0.0	0.0	4	4572	177.8	-380.4	-3.22	2060.93	1
125.07	0	2064.4	124.3	0.66	0.0	-0.0	0.0	4	4594	174.4	-380.1	-3.32	2064.37	1
125.17	0	2067.8	124.9	0.66	0.0	-0.0	0.0	4	4616	170.9	-379.7	-3.42	2067.83	1
125.27	0	2071.2	125.5	0.66	0.0	-0.0	0.0	4	4639	167.4	-379.4	-3.62	2071.16	1
125.37	0	2074.6	126.1	0.63	0.0	-0.0	0.0	4	4655	164.0	-379.1	-3.87	2074.64	1
125.47	0	2078.2	126.6	0.63	0.0	-0.0	0.0	4	4675	160.5	-378.8	-4.11	2078.15	1
125.57	0	2081.7	127.1	0.62	0.0	0.01	0.0	4	4693	157.0	-378.4	-4.36	2081.66	1
125.67	0	2085.2	127.7	0.62	0.0	0.02	0.0	4	4711	153.4	-378.1	-4.6	2085.18	1
125.77	0	2088.8	127.9	0.6	0.0	0.02	0.0	4	4833	149.9	-377.8	-4.85	2088.75	1
125.87	0	2092.2	128.7	0.56	0.0	0.03	0.0	4	4710	146.3	-377.5	-5.14	2092.21	1
125.97	0	2095.8	129.1	0.56	0.0	0.02	0.0	4	4731	142.8	-377.2	-5.42	2095.77	1
126.07	0	2099.3	129.4	0.56	0.0	0.03	0.0	4	4770	139.2	-376.9	-5.68	2099.35	1
126.17	0	2102.9	129.8	0.56	0.0	0.03	0.0	4	4785	135.6	-376.7	-5.93	2102.94	1
126.27	0	2106.5	130.2	0.56	0.0	0.06	0.0	4	4795	132.0	-376.4	-6.16	2106.55	1
126.37	0	2110.2	130.6	0.55	0.0	0.14	0.0	4	4807	128.4	-376.2	-6.36	2110.16	1
126.5	0	2115.0	130.9	0.52	0.0	0.14	0.0	4	4830	123.5	-376.0	-6.56	2115.01	1
126.6	0	2118.6	131.0	0.51	0.0	0.09	0.0	4	4873	119.9	-375.9	-6.63	2118.64	1
126.7	0	2122.3	131.3	0.51	0.0	0.01	0.0	4	4829	116.3	-375.9	-6.63	2122.28	1
126.8	0	2125.9	131.5	0.51	0.0	0.01	0.0	4	4830	112.6	-376.0	-6.54	2125.95	1
126.9	0	2129.6	131.7	0.48	0.0	0.01	0.0	4	4844	109.0	-376.1	-6.39	2129.56	1
127.0	0	2133.2	132.0	0.46	0.0	0.0	0.0	4	4836	105.3	-376.3	-6.19	2133.21	1
127.1	0	2136.9	132.2	0.44	0.0	0.02	0.0	4	4826	101.7	-376.5	-5.97	2136.88	1
127.2	0	2140.5	132.3	0.43	0.0	0.12	0.0	4	4839	98.0	-376.8	-5.72	2140.54	1
127.3	0	2144.2	132.3	0.43	0.0	0.1	0.0	4	4847	94.3	-377.0	-5.43	2144.21	1
127.4	0	2147.9	132.4	0.43	0.0	0.08	0.0	4	4851	90.7	-377.3	-5.1	2147.87	1
127.5	0	2151.5	132.5	0.43	0.0	0.06	0.0	4	4855	87.0	-377.7	-4.72	2151.54	1
127.6	0	2155.0	132.6	0.43	0.0	0.05	0.0	4	4860	83.4	-378.1	-4.44	2154.98	1
127.7	0	2158.6	132.7	0.43	0.0	0.05	0.0	4	4856	79.7	-378.6	-4.11	2158.65	1
127.8	0	2162.3	132.7	0.43	0.0	0.05	0.0	4	4860	76.1	-379.2	-3.73	2162.3	1
127.9	0	2165.7	132.8	0.43	0.0	0.09	0.0	4	4863	72.4	-379.8	-3.52	2165.66	1
128.0	0	2169.4	132.9	0.44	0.0	0.1	0.0	4	4869	68.8	-380.4	-3.37	2169.35	1
128.1	0	2173.0	132.9	0.44	0.0	0.14	0.0	4	4874	65.2	-381.1	-3.16	2173.04	1
128.2	0	2176.4	133.0	0.44	0.0	0.14	0.0	4	4880	61.5	-381.9	-3.01	2176.45	1
128.3	0	2180.1	132.9	0.44	0.0	0.14	0.0	4	4905	58.0	-382.7	-3.0	2180.13	1
128.4	0	2183.8	132.9	0.43	0.0	0.06	0.0	4	4878	54.4	-383.7	-2.91	2183.83	1
128.5	0	2187.3	132.9	0.43	0.0	0.06	0.0	4	4870	50.8	-384.7	-2.74	2187.25	1
128.6	0	2191.0	132.9	0.43	0.0	0.02	0.0	4	4875	47.3	-385.8	-2.81	2190.96	1
128.7	0	2194.6	133.0	0.43	0.0	0.01	0.0	4	4873	43.8	-387.0	-2.82	2194.64	1
128.8	0	2198.3	133.1	0.43	0.0	0.01	0.0	4	4871	40.3	-388.2	-2.76	2198.33	1
128.9	0	2201.8	133.2	0.43	0.0	0.05	0.0	4	4873	36.8	-389.5	-2.95	2201.81	1
129.0	0	2205.5	133.3	0.43	0.0	0.05	0.0	4	4878	33.3	-390.7	-3.18	2205.5	1
129.1	0	2209.2	133.5	0.43	0.0	0.06	0.0	4	4887	29.9	-392.1	-3.37	2209.2	1
129.2	0	2212.8	133.6	0.43	0.0	0.06	0.0	4	4882	26.4	-393.4	-3.62	2212.75	1
129.3	0	2216.5	133.7	0.43	0.0	0.02	0.0	4	4890	23.0	-394.8	-3.92	2216.45	1
129.4	0	2220.1	133.8	0.43	0.0	0.01	0.0	4	4896	19.6	-396.2	-4.17	2220.15	1
129.5	0	2223.9	133.9	0.43	0.0	-0.0	0.0	4	4893	16.1	-397.7	-4.4	2223.86	1
129.6	0	2227.6	134.1	0.43	0.0	-0.02	0.0	4	4899	12.7	-399.2	-4.61	2227.56	1
129.7	0	2231.3	134.2	0.43	0.0	-0.02	0.0	4	4919	9.3	-400.6	-4.81	2231.29	1
129.8	0	2235.0	134.3	0.43	0.0	-0.02	0.0	4	4910	5.9	-402.1	-5.01	2235.01	1
129.9	0	2238.7	134.3	0.43	0.0	-0.02	0.0	4	4998	2.5	-403.6	-5.21	2238.74	1
130.0	0	2242.5	134.6	0.41	0.0	-0.05	0.0	4	4895	-1.0	-405.1	-5.43	2242.46	1
130.11	0	2246.6	134.7	0.41	0.0	-0.09	0.0	4	4905	-4.8	-406.7	-5.7	2246.62	1
130.21	0	2250.3	134.7	0.41	0.0	-0.09	0.0	4	4929	-8.3	-408.1	-5.98	2250.35	1
130.31	0	2254.1	134.7	0.41	0.0	-0.11	0.0	4	4954	-11.7	-409.5	-6.29	2254.07	1
130.41	0	2257.8	134.7	0.4	0.0	-0.17	0.0	4	4947	-15.2	-410.8	-6.66	2257.8	1
130.51	0	2261.5	134.5	0.38	0.0	-0.17	0.0	4	4927	-18.8	-412.1	-7.1	2261.51	1
130.61	0	2265.2	134.4	0.38	0.0	-0.01	0.0	4	4922	-22.3	-413.3	-7.65	2265.2	1
130.71	0	2268.9	134.3	0.38	0.0	0.17	0.0	4	4943	-25.9	-414.3	-8.26	2268.88	1
130.81	0	2272.7	134.3	0.38	0.0	0.22	0.0	4	4892	-29.5	-415.4	-8.87	2272.73	1
130.91	0	2276.8	134.3	0.38	0.0	0.12	0.0	4	4885	-33.0	-416.4	-9.46	2276.8	0
131.01	0	2280.5	134.3	0.38	0.0	0.01	0.0	4	4900	-36.6	-417.5	-9.91	2280.5	0
131.11	0	2284.6	134.2	0.38	0.0	0.01	0.0	4	4961	-40.2	-418.5	-10.25	2284.62	0
131.21	0	2288.8	134.2	0.38	0.0	0.0	0.0	4	4919	-43.8	-419.7	-10.49	2288.83	0
131.33	0	2293.0	134.2	0.38	0.0	-0.02	0.0	4	4912	-47.8	-420.9	-10.51	2293.01	0
131.43	0	2297.2	134.2	0.38	0.0	-0.09	0.0	4	4910	-51.3	-422.1	-10.41	2297.16	0
131.53	0	2301.5	134.2	0.38	0.0	-0.22	0.0	4	4902	-54.9	-423.3	-10.23	2301.46	0
131.63	0	2305.2	134.1	0.38	0.0	-0.22	0.0	4	4909	-58.4	-424.5	-9.88	2305.16	0
131.73	0	2308.9	134.0	0.38	0.0	-0.22	0.0	4	4933	-62.0	-425.6	-9.57	2308.88	0
131.83	0	2313.3	133.8	0.38	0.0	-0.22	0.0	4	4961	-65.5	-426.7	-9.27	2313.26	0
131.93	0	2317.0	133.6	0.38	0.0	-0.16	0.0	4	4908	-69.1	-427.7	-8.85	2316.95	1
132.03	0	2320.6	133.3	0.38	0.0	-0.2	0.0	4	4905	-72.7	-428.5	-8.54	2320.64	1
132.13	0	2324.9	132.9	0.38	0.0	-0.16	0.0	4	4904	-76.3	-429.3	-8.21	2324.93	1
132.23	0	2328.6	132.6	0.38	0.0	-0.08	0.0	4	4876	-80.0	-429.9	-7.86	2328.6	1
132.33	0	2332.3	132.2	0.38	0.0	-0.17	0.0	4	4857	-83.6	-430.5	-7.61	2332.27	1
132.43	0	2336.5	131.8	0.38	0.0	-0.22	0.0	4	4841	-87.2	-430.9	-7.32	2336.47	1
132.53	0	2340.1	131.4	0.38	0.0	-0.2	0.0	4	4826	-90.9	-431.2	-7.07	2340.11	1
132.63	0	2343.8	131.1	0.38	0.0	-0.17	0.0	4	4811	-94.5	-431.4	-6.92	2343.75	1
132.73	0	2347.9	130.7	0.38	0.0	-0.17	0.0	4	4797	-98.1	-431.4	-6.7	2347.87	1
132.83	0	2351.5	130.4	0.38	0.0	-0.17	0.0	4	4783	-101.8	-431.4	-6.53	2351.54	1
132.93	0	2355.2	130.0	0.38	0.0	-0.16	0.0	4	4793	-105.4	-431.2	-6.49	2355.16	1
133.03	0	2359.1	129.7	0.38	0.0	-0.16	0.0	4	4758	-109.0	-430.9	-6.37	2359.12	1
133.13	0	2363.0	129.4	0.45	0.0	-0.15	0.0	4	4757	-112.6	-430.5	-6.31	2362.97	1
133.23	0	2366.6	129.2	0.48	0.0	-0.08	0.0	4	4759	-116.2	-430.0	-6.27	2366.57	1
133.33	0	2370.4	129.3	0.52	0.0	-0.0	0.0	4	4786	-119.7	-429.3	-6.24	2370.41	1
133.43	0	2374.3	129.6	0.53	0.0	0.0	0.0	4	4780	-123.2	-428.6	-6.24	2374.26	1
133.53	0	2377.9	129.8	0.53	0.0	0.0	0.0	4	4785	-126.7	-427.8	-6.17	2377.86	1
133.63	0	2381.7	130.2	0.55	0.0	0.0	0.0	4	4787	-130.2	-427.0	-6.1	2381.71	1
133.73	0	2385.3	130.6	0.56	0.0	0.0	0.0	4	4802	-133.7	-426.1	-5.98	2385.33	1
133.83	0	2389.1	131.0	0.6	0.0	0.0	0.0	4	4866	-137.3	-425.2	-5.83	2389.12	1
133.93	0	2392.8	131.5	0.6	0.0	0.0	0.0	4	4842	-140.8	-424.3	-5.67	2392.76	1
134.03	0	2396.4	132.0	0.63	0.0	-0.02	0.0	4	4879	-144.4	-423.4	-5.51	2396.42	1
134.13	0	2400.1	132.6	0.63	0.0	-0.02	0.0	4	4917	-147.9	-422.4	-5.35	2400.1	1
134.23	0	2403.8	133.2	0.64	0.0	-0.0	0.0	4	4929	-151.5	-421.5	-5.21	2403.78	1
134.33	0	2407.5	133.8	0.66	0.0	-0.0	0.0	4	4954	-155.1	-420.6	-5.07	2407.49	1
134.43	0	2411.2	134.5	0.67	0.0	-0.0	0.0	4	4988	-158.7	-419.6	-4.94	2411.21	1
134.53	0	2415.0	135.2	0.71	0.0	-0.0	0.0	4	5026	-162.3	-418.6	-4.81	2414.96	1
134.63	0	2418.7	136.0	0.71	0.0	-0.0	0.0	4	5060	-165.9	-417.6	-4.69	2418.72	1
134.73	0	2422.5	136.8	0.74	0.0	-0.03	0.0	4	5098	-169.6	-416.6	-4.57	2422.51	1
134.83	0	2426.3	137.6	0.74	0.0	-0.03	0.0	4	5134	-173.3	-415.6	-4.46	2426.33	1
134.93	0	2430.2	138.5	0.74	0.0	-0.05	0.12	4	5169	-177.0	-414.6	-4.36	2430.16	1
135.03	0	2434.0	139.1	0.6	0.0	-0.0	0.91	4	5338	-180.7	-413.5	-4.29	2434.02	1
135.13	0	2437.9	138.6	0.37	0.0	0.0	1.0	4	5976	-184.4	-412.5	-4.23	2437.87	1
135.23	0	2441.7	138.1	0.21	0.0	0.0	1.0	5	6260	-188.1	-411.4	-4.2	2441.73	1
135.33	0	2445.5	137.6	0.2	0.0	0.0	1.0	5	6306	-191.7	-410.3	-4.17	2445.55	1
135.43	0	2449.4	137.8	0.2	0.0	0.0	0.43	5	5632	-195.4	-409.2	-4.15	2449.37	1
135.53	0	2453.2	138.9	0.21	0.0	0.0	0.02	5	4233	-199.1	-408.1	-4.13	2453.22	1
135.63	0	2457.1	138.6	0.27	0.0	0.01	0.0	5	4211	-202.8	-407.0	-4.1	2457.07	1
135.74	0	2461.3	138.3	0.43	0.0	0.01	0.0	5	4231	-206.8	-405.8	-4.07	2461.26	1
135.84	0	2465.1	138.3	0.47	0.0	0.01	0.0	5	4237	-210.5	-404.7	-4.02	2465.11	1
135.94	0	2468.9	138.3	0.51	0.0	0.01	0.0	5	4243	-214.2	-403.6	-3.97	2468.95	1
136.04	0	2472.8	138.3	0.52	0.0	0.01	0.0	5	4249	-217.9	-402.6	-3.92	2472.79	1
136.14	0	2476.6	138.4	0.55	0.0	0.01	0.0	5	4239	-221.6	-401.5	-3.85	2476.63	1
136.24	0	2480.5	138.5	0.56	0.0	0.01	0.0	5	4276	-225.3	-400.4	-3.77	2480.48	1
136.36	0	2485.2	138.6	0.58	0.0	0.01	0.0	5	4272	-229.8	-399.2	-3.67	2485.2	1
136.47	0	2489.5	138.8	0.58	0.0	0.01	0.0	5	4273	-233.9	-398.0	-3.56	2489.46	1
136.57	0	2493.3	139.0	0.6	0.0	0.0	0.0	5	4282	-237.6	-397.0	-3.45	2493.32	1
136.67	0	2497.1	139.2	0.62	0.0	0.0	0.0	5	4292	-241.3	-396.0	-3.33	2497.13	1
136.77	0	2501.0	139.4	0.62	0.0	0.0	0.0	5	4298	-245.1	-395.0	-3.2	2501.01	1
136.87	0	2504.9	139.6	0.62	0.0	0.0	0.0	5	4305	-248.8	-394.0	-3.07	2504.88	1
136.97	0	2508.7	139.8	0.62	0.0	0.0	0.0	5	4311	-252.5	-393.0	-2.93	2508.75	1
137.07	0	2512.6	140.0	0.63	0.0	0.0	0.0	5	4322	-256.3	-392.0	-2.79	2512.64	1
137.17	0	2516.5	140.3	0.63	0.0	-0.02	0.0	5	4321	-260.1	-391.0	-2.64	2516.52	1
137.27	0	2520.4	140.4	0.63	0.0	-0.03	0.0	5	4344	-263.8	-390.0	-2.5	2520.42	1
137.37	0	2524.3	140.3	0.63	0.0	-0.06	0.0	5	4523	-267.6	-389.0	-2.37	2524.32	1
137.47	0	2528.2	140.8	0.52	0.0	-0.08	0.0	5	4325	-271.4	-387.9	-2.26	2528.22	1
137.57	0	2532.1	140.7	0.45	0.0	-0.08	0.0	5	4309	-275.1	-386.8	-2.22	2532.14	1
137.67	0	2536.0	140.6	0.45	0.0	-0.0	0.0	5	4315	-278.8	-385.7	-2.24	2536.04	1
137.77	0	2539.9	140.5	0.45	0.0	-0.0	0.0	5	4309	-282.6	-384.4	-2.31	2539.94	1
137.87	0	2543.9	140.4	0.45	0.0	0.0	0.0	5	4304	-286.3	-383.2	-2.42	2543.86	1
137.97	0	2547.8	140.4	0.45	0.0	0.0	0.0	5	4294	-290.0	-381.9	-2.57	2547.75	1
138.07	0	2551.6	140.2	0.45	0.0	0.0	0.0	5	4316	-293.6	-380.6	-2.74	2551.65	1
138.17	0	2555.5	140.2	0.45	0.0	-0.02	0.0	5	4289	-297.3	-379.3	-2.91	2555.54	1
138.27	0	2559.4	140.2	0.44	0.0	-0.04	0.0	5	4289	-301.0	-378.0	-3.1	2559.43	1
138.37	0	2563.3	140.1	0.45	0.0	-0.06	0.0	5	4292	-304.6	-376.7	-3.3	2563.32	1
138.47	0	2567.2	140.0	0.43	0.0	-0.06	0.0	5	4286	-308.3	-375.3	-3.53	2567.2	1
138.57	0	2571.1	139.9	0.45	0.0	-0.09	0.0	5	4290	-311.9	-373.9	-3.78	2571.08	1
138.67	0	2574.9	139.8	0.43	0.0	-0.13	0.0	5	4288	-315.5	-372.5	-4.08	2574.95	1
138.77	0	2578.8	139.6	0.45	0.0	-0.1	0.0	5	4297	-319.1	-371.0	-4.43	2578.81	1
138.87	0	2582.8	139.4	0.43	0.0	-0.12	0.0	5	4299	-322.7	-369.5	-4.81	2582.77	1
138.97	0	2586.8	139.2	0.45	0.0	-0.09	0.0	5	4267	-326.2	-367.9	-5.22	2586.82	1
139.07	0	2590.6	138.9	0.45	0.0	-0.06	0.0	5	4264	-329.6	-366.2	-5.59	2590.63	1
139.17	0	2594.7	138.8	0.44	0.0	-0.0	0.0	5	4245	-333.1	-364.4	-5.95	2594.71	1
139.27	0	2598.8	138.6	0.44	0.0	0.0	0.0	5	4245	-336.4	-362.6	-6.3	2598.8	1
139.37	0	2602.7	138.5	0.45	0.0	0.0	0.0	5	4257	-339.8	-360.8	-6.54	2602.65	1
139.47	0	2606.8	138.5	0.45	0.0	-0.04	0.0	5	4238	-343.2	-358.9	-6.72	2606.76	1
139.57	0	2610.9	138.4	0.44	0.0	-0.09	0.0	5	4235	-346.5	-357.0	-6.85	2610.88	1
139.67	0	2614.7	138.2	0.43	0.0	-0.09	0.0	5	4271	-349.8	-355.1	-6.86	2614.72	1
139.77	0	2618.9	138.1	0.45	0.0	-0.13	0.0	5	4223	-353.1	-353.1	-6.86	2618.86	1
139.87	0	2622.7	137.9	0.44	0.0	-0.09	0.0	5	4225	-356.4	-351.1	-6.83	2622.7	1
139.97	0	2626.8	137.8	0.45	0.0	-0.06	0.0	5	4228	-359.6	-349.0	-6.72	2626.81	1
140.07	0	2630.9	137.7	0.5	0.0	-0.04	0.0	5	4234	-362.8	-346.9	-6.61	2630.91	1
140.17	0	2634.8	137.7	0.51	0.0	-0.12	0.0	5	4232	-366.0	-344.7	-6.41	2634.8	1
140.27	0	2638.8	137.6	0.49	0.0	-0.13	0.0	5	4229	-369.1	-342.5	-6.2	2638.83	1
140.37	0	2642.6	137.4	0.51	0.0	-0.13	0.0	5	4232	-372.1	-340.2	-5.99	2642.64	1
140.47	0	2646.7	137.3	0.49	0.0	-0.12	0.0	5	4258	-375.2	-337.9	-5.72	2646.73	1
140.57	0	2650.6	137.2	0.51	0.0	-0.12	0.0	5	4224	-378.1	-335.5	-5.44	2650.63	1
140.67	0	2654.6	137.0	0.55	0.0	-0.08	0.0	5	4220	-381.0	-333.0	-5.16	2654.62	1
140.77	0	2658.5	137.0	0.56	0.0	-0.08	0.0	5	4229	-383.9	-330.5	-4.88	2658.53	1
140.87	0	2662.4	137.1	0.6	0.0	-0.08	0.0	5	4225	-386.7	-327.9	-4.56	2662.45	1
140.97	0	2666.4	137.0	0.6	0.0	-0.07	0.0	5	4264	-389.4	-325.3	-4.23	2666.39	1
141.07	0	2670.2	137.2	0.62	0.0	-0.07	0.0	5	4246	-392.1	-322.6	-3.87	2670.25	1
141.17	0	2674.2	137.3	0.62	0.0	-0.07	0.0	5	4240	-394.7	-319.8	-3.49	2674.15	1
141.27	0	2677.9	137.4	0.62	0.0	-0.07	0.0	5	4245	-397.3	-317.0	-3.15	2677.94	1
141.38	0	2682.3	137.5	0.63	0.0	-0.02	0.0	5	4251	-400.1	-313.7	-2.83	2682.26	1
141.48	0	2686.1	137.7	0.64	0.0	-0.0	0.0	5	4259	-402.6	-310.8	-2.61	2686.08	1
141.58	0	2689.9	138.0	0.65	0.0	-0.0	0.0	5	4260	-405.1	-307.9	-2.44	2689.9	1
141.68	0	2693.7	138.2	0.66	0.0	-0.0	0.0	5	4279	-407.5	-304.9	-2.29	2693.73	1
141.78	0	2697.6	138.5	0.66	0.0	-0.0	0.0	5	4276	-410.0	-302.0	-2.16	2697.57	1
141.88	0	2701.5	138.7	0.66	0.0	-0.0	0.0	5	4288	-412.4	-298.9	-2.05	2701.46	1
141.98	0	2705.3	139.0	0.66	0.0	-0.06	0.0	5	4292	-414.8	-295.9	-1.95	2705.31	1
142.08	0	2709.2	139.2	0.67	0.0	-0.08	0.0	5	4318	-417.2	-292.9	-1.87	2709.17	1
142.18	0	2713.0	139.5	0.67	0.0	-0.09	0.0	5	4312	-419.6	-289.9	-1.82	2713.05	1
142.28	0	2716.9	139.7	0.67	0.0	-0.09	0.0	5	4332	-422.0	-286.8	-1.82	2716.93	1
142.38	0	2720.8	140.0	0.67	0.0	-0.06	0.0	5	4341	-424.3	-283.7	-1.87	2720.81	1
142.48	0	2724.7	140.2	0.67	0.0	-0.0	0.0	5	4348	-426.5	-280.5	-1.99	2724.7	1
142.58	0	2728.6	140.5	0.67	0.0	-0.0	0.0	5	4352	-428.8	-277.3	-2.15	2728.59	1
142.68	0	2732.5	140.8	0.67	0.0	0.0	0.0	5	4358	-431.0	-274.1	-2.36	2732.47	1
142.78	0	2736.4	141.1	0.69	0.0	0.0	0.0	5	4368	-433.1	-270.8	-2.6	2736.41	1
142.89	0	2740.3	141.4	0.69	0.0	0.0	0.0	5	4377	-435.3	-267.5	-2.87	2740.33	1
142.99	0	2744.3	141.7	0.69	0.0	0.0	0.0	5	4388	-437.5	-264.2	-3.14	2744.26	1
143.09	0	2748.2	142.0	0.69	0.0	0.0	0.0	5	4398	-439.6	-260.9	-3.42	2748.18	1
143.19	0	2752.1	142.4	0.69	0.0	0.0	0.0	5	4409	-441.8	-257.6	-3.71	2752.13	1
143.29	0	2756.1	142.7	0.69	0.0	0.0	0.0	5	4419	-444.0	-254.3	-3.99	2756.07	1
143.39	0	2760.0	143.0	0.69	0.0	0.02	0.0	5	4430	-446.1	-251.0	-4.27	2760.03	1
143.49	0	2764.0	143.4	0.66	0.0	0.03	0.0	5	4435	-448.3	-247.7	-4.54	2764.0	1
143.59	0	2768.0	143.6	0.66	0.0	0.01	0.0	5	4445	-450.5	-244.4	-4.8	2767.98	1
143.69	0	2772.0	143.9	0.64	0.0	0.01	0.0	5	4449	-452.8	-241.0	-5.04	2771.97	1
143.79	0	2776.0	144.2	0.62	0.0	0.0	0.0	5	4451	-455.0	-237.7	-5.27	2775.96	1
143.89	0	2780.0	144.4	0.62	0.0	0.0	0.0	5	4458	-457.3	-234.4	-5.48	2779.97	1
143.99	0	2784.0	144.6	0.62	0.0	0.0	0.0	5	4465	-459.5	-231.1	-5.68	2783.98	1
144.09	0	2788.0	144.8	0.62	0.0	0.0	0.0	5	4472	-461.8	-227.8	-5.87	2787.99	1
144.19	0	2792.0	145.0	0.6	0.0	0.0	0.0	5	4477	-464.1	-224.5	-6.06	2792.01	1
144.29	0	2796.1	145.2	0.6	0.0	0.09	0.0	5	4482	-466.4	-221.2	-6.24	2796.05	1
144.38	0	2800.0	145.4	0.6	0.0	0.05	0.0	5	4490	-468.7	-217.9	-6.39	2800.05	1
144.48	0	2804.1	145.5	0.58	0.0	0.03	0.0	5	4492	-471.1	-214.6	-6.51	2804.09	1
144.59	0	2808.1	145.7	0.56	0.0	0.02	0.0	5	4492	-473.4	-211.3	-6.6	2808.15	1
144.69	0	2812.2	145.8	0.56	0.0	0.0	0.0	5	4499	-475.9	-208.1	-6.65	2812.2	1
144.79	0	2816.3	145.9	0.56	0.0	-0.02	0.0	5	4494	-478.3	-204.8	-6.67	2816.25	1
144.89	0	2820.3	146.0	0.56	0.0	-0.02	0.0	5	4501	-480.8	-201.6	-6.66	2820.3	1
144.99	0	2824.4	146.2	0.56	0.0	-0.02	0.0	5	4499	-483.2	-198.4	-6.65	2824.36	1
145.09	0	2828.4	146.3	0.56	0.0	-0.02	0.0	5	4513	-485.7	-195.2	-6.64	2828.42	1
145.18	0	2832.5	146.4	0.56	0.0	-0.02	0.0	5	4511	-488.2	-191.9	-6.64	2832.48	1
145.28	0	2836.5	146.5	0.56	0.0	-0.02	0.0	5	4515	-490.6	-188.7	-6.65	2836.55	1
145.39	0	2840.6	146.7	0.56	0.0	-0.0	0.0	5	4519	-493.1	-185.4	-6.68	2840.62	1
145.49	0	2844.7	146.8	0.56	0.0	0.0	0.0	5	4523	-495.5	-182.2	-6.72	2844.71	1
145.58	0	2848.8	146.9	0.54	0.0	0.0	0.0	5	4522	-497.9	-178.9	-6.76	2848.75	1
145.68	0	2852.8	146.9	0.43	0.0	0.02	0.0	5	4502	-500.3	-175.6	-6.82	2852.83	1
145.78	0	2856.9	146.7	0.31	0.0	-0.0	0.0	5	4472	-502.8	-172.4	-6.86	2856.92	1
145.88	0	2861.0	146.3	0.16	0.0	-0.08	0.0	5	4431	-505.2	-169.1	-6.91	2860.98	1
145.98	0	2865.0	145.6	0.0	0.0	-0.07	0.0	5	4376	-507.6	-165.8	-6.97	2865.04	1
146.08	0	2869.4	144.7	0.0	0.0	-0.09	0.0	5	4348	-510.0	-162.6	-6.93	2869.38	1
146.18	0	2873.4	143.9	0.0	0.0	-0.06	0.0	5	4326	-512.3	-159.3	-6.89	2873.39	1
146.3	0	2878.1	142.9	0.0	0.0	-0.0	0.0	5	4296	-514.9	-155.4	-6.9	2878.05	1
146.4	0	2882.6	142.1	0.0	0.0	-0.0	0.0	5	4268	-517.1	-152.2	-6.75	2882.63	1
146.5	0	2886.6	141.4	0.0	0.0	-0.0	0.0	5	4247	-519.3	-148.9	-6.5	2886.55	1
146.6	0	2890.5	140.6	0.0	0.0	-0.08	0.0	5	4225	-521.4	-145.6	-6.27	2890.46	1
146.7	0	2894.9	139.8	0.0	0.0	-0.13	0.0	5	4203	-523.5	-142.3	-5.98	2894.89	1
146.8	0	2898.7	138.9	0.0	0.0	-0.17	0.0	5	4180	-525.6	-139.0	-5.49	2898.71	1
146.9	0	2902.5	138.1	0.0	0.0	-0.21	0.0	5	4154	-527.5	-135.7	-5.07	2902.55	1
147.0	0	2906.3	137.1	0.0	0.0	-0.2	0.0	5	4126	-529.4	-132.4	-4.73	2906.31	1
147.1	0	2910.5	136.0	0.0	0.0	-0.17	0.0	5	4092	-531.2	-129.1	-4.23	2910.49	1
147.2	0	2914.2	135.0	0.0	0.0	-0.15	0.0	5	4054	-532.9	-125.7	-3.79	2914.22	1
147.3	0	2917.9	134.0	0.0	0.0	-0.08	0.0	5	4023	-534.4	-122.3	-3.46	2917.95	1
147.4	0	2921.9	133.1	0.0	0.0	-0.08	0.0	5	3994	-535.9	-118.9	-3.14	2921.93	1
147.5	0	2925.6	132.1	0.0	0.0	-0.13	0.0	5	3968	-537.2	-115.5	-2.69	2925.59	1
147.6	0	2929.2	131.2	0.0	0.0	-0.15	0.0	5	3943	-538.5	-112.0	-2.35	2929.24	1
147.7	0	2932.8	130.3	0.0	0.0	-0.16	0.0	5	3918	-539.6	-108.6	-2.1	2932.84	1
147.8	0	2936.6	129.4	0.0	0.0	-0.17	0.0	5	3892	-540.7	-105.1	-1.76	2936.62	1
147.9	0	2940.2	128.5	0.0	0.0	-0.17	0.0	5	3864	-541.6	-101.7	-1.39	2940.2	1
148.0	0	2943.7	127.6	0.0	0.0	-0.17	0.0	5	3840	-542.5	-98.2	-1.12	2943.73	1
148.1	0	2947.3	126.7	0.0	0.0	-0.17	0.0	5	3808	-543.2	-94.8	-0.97	2947.26	1
148.2	0	2950.8	125.8	0.0	0.0	-0.17	0.0	5	3782	-543.9	-91.3	-0.62	2950.83	1
148.3	0	2954.3	124.8	0.0	0.0	-0.2	0.0	5	3757	-544.4	-87.9	-0.38	2954.29	1
148.4	0	2957.7	123.9	0.0	0.0	-0.2	0.0	5	3732	-544.8	-84.5	-0.23	2957.75	1
148.5	0	2961.2	123.0	0.0	0.0	-0.17	0.0	5	3703	-545.2	-81.0	-0.12	2961.19	1
148.6	0	2964.6	122.1	0.0	0.0	-0.17	0.0	5	3675	-545.4	-77.6	0.1	2964.59	1
148.7	0	2968.0	121.2	0.0	0.0	-0.17	0.0	5	3646	-545.5	-74.3	0.22	2967.97	1
148.8	0	2971.3	120.4	0.0	0.0	-0.07	0.0	5	3618	-545.5	-70.9	0.23	2971.32	1
148.9	0	2974.7	119.6	0.0	0.0	-0.06	0.0	5	3595	-545.4	-67.5	0.25	2974.67	1
149.0	0	2978.0	118.8	0.0	0.0	-0.04	0.0	5	3572	-545.2	-64.3	0.35	2977.97	1
149.1	0	2981.3	118.1	0.0	0.0	-0.04	0.0	5	3551	-545.0	-61.0	0.38	2981.26	1
149.2	0	2984.5	117.5	0.0	0.0	-0.04	0.0	5	3533	-544.7	-57.7	0.36	2984.54	1
149.3	0	2987.8	116.9	0.0	0.0	-0.0	0.0	5	3515	-544.3	-54.5	0.4	2987.76	1
149.4	0	2991.0	116.3	0.0	0.0	-0.0	0.0	5	3498	-544.0	-51.3	0.58	2990.99	1
149.5	0	2994.2	115.7	0.0	0.0	-0.0	0.0	5	3479	-543.6	-48.1	0.74	2994.22	1
149.6	0	2997.4	115.1	0.0	0.0	-0.0	0.0	5	3464	-543.2	-44.9	0.9	2997.41	1
149.7	0	3000.6	114.5	0.0	0.0	-0.0	0.07	5	3446	-542.8	-41.7	1.09	3000.57	1
149.8	0	3003.7	114.0	0.0	0.0	-0.0	0.96	5	3414	-542.4	-38.6	1.37	3003.72	1
149.9	0	3006.9	113.6	0.0	0.0	-0.0	1.0	5	3203	-542.0	-35.4	1.64	3006.88	1
150.0	0	3010.0	113.3	0.0	0.0	-0.0	1.0	4	3005	-541.6	-32.3	1.92	3010.02	1
150.1	0	3013.1	112.9	0.0	0.0	-0.0	1.0	4	2820	-541.2	-29.2	2.19	3013.14	1
150.2	0	3016.3	112.6	0.0	0.0	-0.0	1.0	4	2646	-540.8	-26.1	2.46	3016.27	1
150.3	0	3019.4	112.2	0.0	0.0	-0.0	1.0	4	2483	-540.5	-23.0	2.73	3019.37	1
150.4	0	3022.5	111.9	0.0	0.0	-0.04	1.0	4	2330	-540.1	-19.9	3.0	3022.48	1
150.5	0	3025.6	111.5	0.0	0.0	-0.04	1.0	4	2186	-539.7	-16.8	3.26	3025.57	1
150.6	0	3028.6	111.1	0.0	0.0	-0.06	1.0	4	2051	-539.3	-13.7	3.49	3028.65	1
150.7	0	3031.7	110.8	0.0	0.0	-0.06	1.0	4	1962	-538.8	-10.7	3.71	3031.73	1
150.8	0	3034.8	110.4	0.0	0.0	-0.08	1.0	4	1954	-538.4	-7.7	3.9	3034.78	1
150.9	0	3037.8	110.0	0.0	0.0	-0.09	1.0	4	1953	-537.9	-4.6	4.04	3037.84	1
151.0	0	3040.9	109.7	0.0	0.0	-0.09	1.0	4	1953	-537.3	-1.6	4.15	3040.89	1
151.1	0	3043.9	109.3	0.0	0.0	-0.09	1.0	4	1953	-536.7	1.3	4.2	3043.92	1
151.2	0	3047.0	108.9	0.0	0.0	-0.09	1.0	3	1953	-536.1	4.3	4.21	3046.95	1
151.3	0	3050.0	108.5	0.0	0.0	-0.08	1.0	3	1953	-535.4	7.3	4.16	3049.98	1
151.4	0	3053.0	108.1	0.0	0.0	-0.08	1.0	3	1953	-534.7	10.2	4.06	3052.98	1
151.5	0	3056.0	107.8	0.0	0.0	-0.06	1.0	3	1953	-533.9	13.1	3.91	3055.98	1
151.6	0	3059.0	107.4	0.0	0.0	-0.05	1.0	3	1953	-533.1	15.9	3.72	3058.96	1
151.7	0	3061.9	107.0	0.0	0.0	-0.04	1.0	3	1953	-532.2	18.8	3.48	3061.94	1
151.8	0	3064.9	106.7	0.0	0.0	-0.02	1.0	3	1953	-531.4	21.6	3.22	3064.89	1
151.9	0	3067.8	106.4	0.0	0.0	-0.02	1.0	3	1953	-530.5	24.5	2.92	3067.83	1
152.0	0	3070.8	105.6	0.0	0.0	0.02	0.76	3	2181	-529.5	27.3	2.62	3070.77	1
152.1	0	3073.7	103.6	0.0	0.0	0.06	0.29	3	3318	-528.6	30.0	2.31	3073.66	1
152.2	0	3076.5	101.3	0.0	0.0	0.07	0.04	3	4235	-527.8	32.7	2.03	3076.49	1
152.3	0	3079.3	100.3	0.0	0.0	0.09	0.0	3	4330	-526.9	35.4	1.77	3079.28	1
152.4	0	3082.0	99.6	0.16	0.0	0.09	0.0	3	4325	-526.1	38.1	1.56	3082.05	1
152.5	0	3084.8	99.3	0.21	0.0	0.05	0.0	3	4343	-525.4	40.7	1.38	3084.81	1
152.62	0	3088.1	99.1	0.27	0.0	0.01	0.0	3	4347	-524.5	43.9	1.22	3088.07	1
152.72	0	3090.7	99.1	0.28	0.0	0.01	0.0	3	4346	-523.9	46.5	1.1	3090.74	1
152.82	0	3093.5	99.0	0.28	0.0	0.01	0.0	3	4345	-523.2	49.1	1.0	3093.5	1
152.92	0	3096.2	99.0	0.28	0.0	0.01	0.0	3	4343	-522.5	51.8	0.91	3096.23	1
153.02	0	3098.9	98.9	0.28	0.0	0.01	0.0	3	4340	-521.9	54.4	0.83	3098.95	1
153.12	0	3101.7	98.9	0.28	0.0	0.06	0.0	3	4338	-521.2	57.1	0.75	3101.69	1
153.22	0	3104.4	98.8	0.28	0.0	0.06	0.0	3	4337	-520.6	59.8	0.68	3104.44	1
153.32	0	3107.2	98.7	0.28	0.0	0.09	0.0	3	4336	-520.0	62.4	0.64	3107.18	1
153.42	0	3109.9	98.7	0.28	0.0	0.12	0.0	3	4334	-519.4	65.1	0.62	3109.95	1
153.52	0	3112.7	98.5	0.28	0.0	0.14	0.0	3	4336	-518.8	67.8	0.56	3112.69	1
153.62	0	3115.4	98.4	0.28	0.0	0.09	0.0	3	4335	-518.3	70.5	0.56	3115.42	1
153.72	0	3118.2	98.4	0.28	0.0	0.09	0.0	3	4318	-517.9	73.2	0.59	3118.19	1
153.82	0	3120.9	98.3	0.28	0.0	0.09	0.0	3	4315	-517.5	75.9	0.52	3120.93	1
153.92	0	3123.6	98.2	0.28	0.0	0.12	0.0	3	4314	-517.2	78.6	0.49	3123.65	1
154.02	0	3126.4	98.1	0.28	0.0	0.16	0.0	3	4311	-516.9	81.3	0.5	3126.41	1
154.12	0	3129.1	97.9	0.28	0.0	0.19	0.0	3	4305	-516.7	84.0	0.39	3129.13	1
154.22	0	3131.8	97.7	0.28	0.0	0.22	0.0	3	4307	-516.5	86.7	0.35	3131.84	1
154.32	0	3134.6	97.6	0.28	0.0	0.14	0.0	3	4296	-516.4	89.5	0.38	3134.56	1
154.42	0	3137.3	97.4	0.28	0.0	0.12	0.0	3	4289	-516.4	92.2	0.32	3137.29	1
154.52	0	3140.0	97.3	0.28	0.0	0.12	0.0	3	4281	-516.5	94.9	0.32	3140.0	1
154.62	0	3142.7	97.2	0.28	0.0	0.12	0.0	3	4274	-516.6	97.6	0.38	3142.7	1
154.72	0	3145.4	97.0	0.28	0.0	0.12	0.0	3	4267	-516.8	100.3	0.37	3145.42	1
154.82	0	3148.1	96.9	0.28	0.0	0.12	0.0	3	4261	-517.0	102.9	0.39	3148.12	1
154.92	0	3150.8	96.8	0.28	0.0	0.12	0.0	3	4256	-517.4	105.6	0.47	3150.82	1
155.02	0	3153.5	96.7	0.28	0.0	0.12	0.0	3	4250	-517.7	108.3	0.48	3153.55	1
155.12	0	3156.2	96.5	0.28	0.0	0.12	0.0	3	4255	-518.2	110.9	0.49	3156.23	1
155.22	0	3158.9	96.4	0.28	0.0	0.11	0.0	3	4241	-518.7	113.6	0.57	3158.91	1
155.32	0	3161.6	96.3	0.28	0.0	0.09	0.0	3	4226	-519.2	116.2	0.63	3161.63	1
155.42	0	3164.3	96.2	0.28	0.0	0.09	0.0	3	4226	-519.8	118.8	0.64	3164.3	1
155.52	0	3167.0	96.1	0.28	0.0	0.09	0.0	3	4223	-520.5	121.4	0.7	3166.98	1
155.62	0	3169.7	96.1	0.28	0.0	0.09	0.0	3	4218	-521.2	124.0	0.76	3169.7	1
155.72	0	3172.4	96.0	0.28	0.0	0.09	0.0	3	4214	-521.9	126.5	0.72	3172.36	1
155.82	0	3175.0	95.9	0.3	0.0	0.09	0.0	3	4215	-522.7	129.1	0.71	3175.03	1
155.92	0	3177.7	95.9	0.32	0.0	0.07	0.0	3	4219	-523.5	131.6	0.75	3177.7	1
156.02	0	3180.4	95.9	0.32	0.0	0.05	0.0	3	4221	-524.3	134.2	0.65	3180.41	1
156.12	0	3183.1	95.9	0.32	0.0	0.05	0.0	3	4219	-525.2	136.7	0.57	3183.08	1
156.25	0	3186.7	96.0	0.34	0.0	0.04	0.0	3	4224	-526.4	140.0	0.5	3186.66	1
156.35	0	3189.3	96.1	0.38	0.0	0.03	0.0	3	4238	-527.3	142.5	0.3	3189.32	1
156.45	0	3192.0	96.3	0.41	0.0	0.01	0.0	3	4253	-528.3	145.0	0.11	3191.98	1
156.55	0	3194.6	96.5	0.45	0.0	0.01	0.0	3	4274	-529.3	147.5	-0.06	3194.64	1
156.65	0	3197.3	96.9	0.47	0.0	0.01	0.0	3	4295	-530.2	150.0	-0.29	3197.33	1
156.75	0	3200.0	97.2	0.48	0.0	0.01	0.0	3	4327	-531.2	152.5	-0.54	3200.01	1
156.85	0	3202.7	97.7	0.48	0.0	0.01	0.0	3	4324	-532.2	155.0	-0.79	3202.71	1
156.95	0	3205.4	98.1	0.48	0.0	0.01	0.0	3	4348	-533.2	157.6	-1.03	3205.41	1
157.05	0	3208.1	98.5	0.48	0.0	0.01	0.0	3	4373	-534.2	160.1	-1.27	3208.13	1
157.15	0	3210.9	98.9	0.48	0.0	0.06	0.0	3	4390	-535.3	162.6	-1.5	3210.86	1
157.25	0	3213.6	99.3	0.48	0.0	0.06	0.0	3	4408	-536.3	165.2	-1.72	3213.6	1
157.35	0	3216.4	99.7	0.48	0.0	0.07	0.0	3	4428	-537.4	167.7	-1.91	3216.37	1
157.45	0	3219.1	100.1	0.44	0.0	0.07	0.0	3	4440	-538.5	170.3	-2.07	3219.12	1
157.55	0	3221.9	100.2	0.3	0.0	0.01	0.0	3	4410	-539.6	172.8	-2.2	3221.89	1
157.65	0	3224.7	100.1	0.0	0.0	0.01	0.0	3	4342	-540.8	175.3	-2.31	3224.68	1
157.75	0	3227.5	99.4	0.0	0.0	0.0	0.0	3	4292	-541.9	177.8	-2.4	3227.45	1
157.85	0	3230.2	98.8	0.0	0.0	0.0	0.0	3	4266	-543.1	180.3	-2.49	3230.21	1
157.95	0	3232.9	98.1	0.0	0.0	0.0	0.0	3	4240	-544.3	182.8	-2.56	3232.94	1
158.05	0	3235.7	97.5	0.0	0.0	0.0	0.0	3	4210	-545.4	185.3	-2.63	3235.65	1
158.15	0	3238.4	96.8	0.0	0.0	0.0	0.0	3	4176	-546.6	187.7	-2.7	3238.35	1
158.27	0	3241.5	96.0	0.0	0.0	0.0	0.0	3	4163	-548.0	190.6	-2.77	3241.54	1
158.37	0	3244.2	95.4	0.0	0.0	0.0	0.0	3	4118	-549.1	193.0	-2.83	3244.16	1
158.47	0	3246.8	94.8	0.0	0.0	0.0	0.0	3	4094	-550.2	195.3	-2.89	3246.81	1
158.57	0	3249.4	94.2	0.0	0.0	0.0	0.0	3	4068	-551.4	197.7	-2.94	3249.43	1
158.67	0	3252.0	93.5	0.0	0.0	-0.02	0.0	3	4042	-552.5	200.0	-2.99	3252.03	1
158.77	0	3254.6	92.9	0.0	0.0	-0.02	0.0	3	4017	-553.6	202.4	-3.05	3254.62	1
158.87	0	3257.2	92.3	0.0	0.0	-0.04	0.0	3	3991	-554.7	204.7	-3.11	3257.18	1
158.97	0	3259.7	91.7	0.0	0.0	-0.05	0.0	3	3961	-555.8	207.0	-3.18	3259.73	1
159.07	0	3262.3	91.0	0.0	0.0	-0.05	0.0	3	3941	-556.9	209.3	-3.27	3262.28	1
159.17	0	3264.8	90.4	0.0	0.0	-0.05	0.0	3	3913	-557.9	211.6	-3.38	3264.8	1
159.27	0	3267.3	89.9	0.0	0.0	-0.05	0.0	3	3878	-558.9	213.9	-3.5	3267.3	1
159.37	0	3270.0	89.3	0.0	0.0	-0.04	0.0	3	3857	-559.9	216.2	-3.6	3270.03	1
159.47	0	3272.5	88.7	0.0	0.0	-0.04	0.0	3	3832	-560.9	218.5	-3.6	3272.5	1
159.57	0	3275.0	88.1	0.0	0.0	-0.05	0.0	3	3813	-561.8	220.7	-3.62	3274.95	1
159.67	0	3277.4	87.5	0.0	0.0	-0.05	0.0	3	3782	-562.7	223.0	-3.66	3277.39	1
159.77	0	3279.8	86.9	0.0	0.0	-0.05	0.0	3	3756	-563.6	225.3	-3.72	3279.82	1
159.87	0	3282.2	86.3	0.16	0.0	-0.06	0.0	3	3750	-564.5	227.5	-3.8	3282.22	1
159.97	0	3284.6	86.0	0.21	0.0	-0.13	0.0	3	3756	-565.3	229.7	-3.9	3284.61	1
160.07	0	3287.5	85.8	0.28	0.0	-0.16	0.0	3	3760	-566.1	232.0	-3.9	3287.53	1
160.17	0	3289.9	85.7	0.33	0.0	-0.14	0.0	3	3769	-566.8	234.2	-3.77	3289.9	1
160.27	0	3292.3	85.7	0.36	0.0	-0.13	0.0	3	3779	-567.5	236.5	-3.69	3292.28	1
160.37	0	3294.7	85.7	0.37	0.0	-0.15	0.0	3	3776	-568.2	238.8	-3.66	3294.66	1
160.47	0	3297.0	85.7	0.4	0.0	-0.17	0.0	3	3782	-568.8	241.1	-3.69	3297.04	1
160.57	0	3299.4	85.8	0.43	0.0	-0.08	0.0	3	3794	-569.3	243.4	-3.78	3299.42	1
160.67	0	3301.8	86.0	0.47	0.0	-0.07	0.0	3	3804	-569.8	245.8	-3.92	3301.81	1
160.77	0	3304.7	86.2	0.48	0.0	-0.07	0.0	3	3817	-570.3	248.1	-3.9	3304.73	1
160.87	0	3307.1	86.5	0.48	0.0	-0.07	0.0	3	3830	-570.7	250.5	-3.8	3307.13	1
160.97	0	3309.6	86.8	0.48	0.0	-0.07	0.0	3	3841	-571.1	253.0	-3.74	3309.64	1
161.08	0	3312.3	87.1	0.49	0.0	-0.07	0.0	3	3857	-571.4	255.6	-3.71	3312.31	1
161.18	0	3314.7	87.4	0.49	0.0	-0.07	0.0	3	3873	-571.8	258.0	-3.72	3314.74	1
161.28	0	3317.2	87.7	0.49	0.0	-0.07	0.0	3	3897	-572.0	260.4	-3.75	3317.17	1
161.38	0	3320.1	88.0	0.49	0.0	-0.07	0.0	3	3887	-572.3	262.9	-3.8	3320.12	1
161.48	0	3322.6	88.3	0.49	0.0	-0.12	0.0	3	3908	-572.5	265.3	-3.58	3322.56	1
161.58	0	3325.0	88.6	0.52	0.0	-0.16	0.0	3	3935	-572.7	267.8	-3.4	3325.01	1
161.68	0	3327.5	88.9	0.52	0.0	-0.16	0.0	3	3955	-572.8	270.2	-3.26	3327.45	1
161.78	0	3329.9	89.2	0.53	0.0	-0.15	0.0	3	3972	-572.9	272.7	-3.17	3329.94	1
161.88	0	3332.4	89.6	0.53	0.0	-0.15	0.0	3	3988	-572.9	275.2	-3.14	3332.43	1
161.98	0	3334.9	89.9	0.53	0.0	-0.15	0.0	3	4005	-572.9	277.7	-3.17	3334.92	1
162.08	0	3337.9	90.3	0.53	0.0	-0.15	0.0	3	4024	-572.8	280.2	-3.11	3337.85	1
162.18	0	3340.4	90.6	0.53	0.0	-0.08	0.0	3	4038	-572.6	282.7	-2.93	3340.35	1
162.28	0	3342.9	91.1	0.55	0.0	-0.07	0.0	3	4056	-572.4	285.2	-2.81	3342.88	1
162.38	0	3345.4	91.5	0.56	0.0	-0.07	0.0	3	4079	-572.1	287.7	-2.74	3345.41	1
162.48	0	3348.0	92.0	0.58	0.0	-0.02	0.0	3	4103	-571.8	290.2	-2.71	3347.96	1
162.58	0	3350.5	92.6	0.58	0.0	-0.02	0.0	3	4126	-571.4	292.8	-2.72	3350.52	1
162.68	0	3353.5	93.1	0.58	0.0	-0.06	0.0	3	4149	-571.0	295.3	-2.73	3353.47	1
162.78	0	3356.1	93.7	0.58	0.0	-0.12	0.0	3	4178	-570.6	297.9	-2.44	3356.05	1
162.88	0	3358.7	94.0	0.58	0.0	-0.14	0.0	3	4312	-570.2	300.5	-2.18	3358.67	1
162.98	0	3361.3	94.8	0.59	0.0	-0.14	0.0	3	4203	-569.7	303.1	-1.98	3361.28	1
163.08	0	3363.9	95.3	0.6	0.0	-0.15	0.0	3	4252	-569.1	305.6	-1.84	3363.92	1
163.18	0	3366.6	95.8	0.6	0.0	-0.15	0.0	3	4299	-568.5	308.2	-1.75	3366.57	1
163.28	0	3369.2	96.4	0.6	0.0	-0.14	0.0	3	4329	-567.8	310.8	-1.7	3369.24	1
163.38	0	3372.1	97.0	0.62	0.0	-0.15	0.0	3	4356	-567.1	313.4	-1.44	3372.14	1
163.48	0	3374.8	97.6	0.6	0.0	-0.2	0.0	3	4384	-566.3	316.0	-1.17	3374.83	1
163.58	0	3377.5	98.1	0.58	0.0	-0.19	0.0	3	4406	-565.4	318.5	-0.97	3377.54	1
163.68	0	3380.3	98.6	0.6	0.0	-0.17	0.0	3	4443	-564.4	321.1	-0.86	3380.27	1
163.78	0	3383.0	99.1	0.58	0.0	-0.13	0.0	3	4464	-563.4	323.6	-0.82	3383.02	1
163.91	0	3386.7	99.4	0.32	0.0	-0.0	1.0	3	4623	-561.9	326.8	-0.89	3386.66	1
164.0	0	3389.0	99.1	0.0	0.0	-0.06	1.0	3	4567	-560.9	329.0	-0.68	3389.02	1
164.1	0	3391.8	98.7	0.0	0.0	-0.04	1.0	4	4285	-559.7	331.4	-0.49	3391.75	1
164.2	0	3394.5	98.4	0.0	0.0	-0.13	1.0	4	4021	-558.4	333.8	-0.35	3394.49	1
164.3	0	3397.2	98.3	0.0	0.0	-0.13	0.45	4	3552	-557.1	336.2	-0.26	3397.2	1
164.4	0	3399.9	97.9	0.2	0.0	-0.13	0.0	4	3535	-555.7	338.6	-0.22	3399.92	1
164.5	0	3402.6	97.5	0.26	0.0	-0.11	0.0	4	3521	-554.3	340.9	-0.24	3402.64	1
164.6	0	3405.4	97.3	0.32	0.0	-0.13	0.0	4	3520	-552.8	343.2	-0.07	3405.38	1
164.7	0	3408.1	97.2	0.36	0.0	-0.13	0.0	4	3524	-551.3	345.4	0.14	3408.08	1
164.8	0	3410.8	97.0	0.38	0.0	-0.13	0.0	4	3525	-549.8	347.6	0.31	3410.77	1
164.9	0	3413.5	96.9	0.41	0.0	-0.16	0.0	4	3526	-548.2	349.8	0.43	3413.47	1
165.0	0	3416.2	96.8	0.45	0.0	-0.24	0.0	4	3531	-546.6	351.9	0.49	3416.15	1
165.1	0	3418.8	96.7	0.47	0.0	-0.24	0.0	4	3535	-544.9	354.0	0.47	3418.84	1
165.2	0	3421.5	96.7	0.49	0.0	-0.19	0.0	4	3536	-543.1	356.1	0.55	3421.47	1
165.3	0	3424.1	96.6	0.52	0.0	-0.19	0.0	4	3537	-541.3	358.1	0.73	3424.15	1
165.4	0	3426.8	96.6	0.55	0.0	-0.16	0.0	4	3542	-539.4	360.0	0.82	3426.83	1
165.5	0	3429.5	96.7	0.55	0.0	-0.06	0.0	4	3539	-537.5	361.8	0.83	3429.52	1
165.6	0	3432.2	96.8	0.56	0.0	-0.07	0.0	4	3541	-535.5	363.7	0.77	3432.2	1
165.7	0	3434.9	96.9	0.58	0.0	-0.12	0.0	4	3544	-533.5	365.4	0.64	3434.88	1
165.8	0	3437.5	97.1	0.58	0.0	-0.12	0.0	4	3550	-531.4	367.2	0.53	3437.52	1
165.9	0	3440.2	97.1	0.58	0.0	-0.13	0.0	4	3604	-529.3	368.8	0.61	3440.22	1
166.0	0	3442.9	97.4	0.6	0.0	-0.17	0.0	4	3555	-527.1	370.5	0.62	3442.94	1
166.11	0	3446.1	97.6	0.62	0.0	0.0	0.0	4	3567	-524.6	372.3	0.54	3446.07	1
166.21	0	3448.8	97.8	0.62	0.0	0.01	0.0	4	3580	-522.4	373.9	0.42	3448.77	1
166.31	0	3451.5	98.1	0.62	0.0	0.01	0.0	4	3591	-520.1	375.4	0.49	3451.46	1
166.42	0	3454.2	98.4	0.64	0.0	0.0	0.0	4	3603	-517.8	376.9	0.63	3454.21	1
166.52	0	3457.0	98.7	0.66	0.0	-0.06	0.0	4	3614	-515.6	378.5	0.76	3456.96	1
166.61	0	3459.7	99.0	0.64	0.0	-0.06	0.0	4	3626	-513.3	380.0	0.87	3459.65	1
166.71	0	3462.3	99.3	0.64	0.0	-0.06	0.0	4	3638	-511.0	381.5	1.01	3462.29	1
166.81	0	3465.0	99.6	0.64	0.0	-0.06	0.0	4	3651	-508.7	383.0	1.36	3465.05	1
166.91	0	3467.8	100.0	0.64	0.0	-0.06	0.0	4	3663	-506.4	384.5	1.68	3467.79	1
167.01	0	3470.6	100.3	0.66	0.0	-0.06	0.0	4	3680	-504.0	385.9	1.98	3470.57	1
167.11	0	3473.3	100.6	0.66	0.0	-0.08	0.0	4	3688	-501.6	387.4	2.24	3473.34	1
167.21	0	3475.9	100.9	0.64	0.0	-0.09	0.0	4	3702	-499.2	388.8	2.63	3475.87	1
167.31	0	3478.6	101.2	0.64	0.0	-0.13	0.0	4	3715	-496.7	390.2	3.1	3478.64	1
167.41	0	3481.4	101.5	0.64	0.0	-0.13	0.0	4	3730	-494.3	391.5	3.52	3481.42	1
167.51	0	3484.2	101.8	0.66	0.0	-0.13	0.0	4	3746	-491.8	392.8	3.89	3484.22	1
167.61	0	3487.0	102.0	0.63	0.0	-0.15	0.0	4	3753	-489.2	394.1	4.18	3487.02	1
167.71	0	3489.4	102.3	0.65	0.0	-0.15	0.0	4	3768	-486.6	395.2	4.71	3489.4	1
167.81	0	3492.2	102.5	0.64	0.0	-0.15	0.0	4	3778	-484.0	396.4	5.16	3492.23	1
167.91	0	3495.1	102.8	0.64	0.0	-0.13	0.0	4	3785	-481.4	397.4	5.54	3495.06	1
168.01	0	3497.9	103.0	0.66	0.0	-0.08	0.0	4	3795	-478.7	398.4	5.84	3497.9	1
168.11	0	3500.5	103.3	0.63	0.0	-0.08	0.0	4	3801	-476.0	399.3	6.14	3500.45	1
168.21	0	3503.3	103.6	0.66	0.0	-0.06	0.0	4	3811	-473.2	400.2	6.46	3503.3	1
168.31	0	3506.2	104.0	0.66	0.0	-0.04	0.0	4	3815	-470.5	401.0	6.72	3506.18	1
168.41	0	3509.1	104.4	0.66	0.0	-0.02	0.0	4	3849	-467.7	401.8	6.95	3509.07	1
168.51	0	3512.0	104.8	0.67	0.0	-0.04	0.0	4	3858	-464.9	402.6	7.14	3511.96	1
168.61	0	3514.9	105.2	0.67	0.0	-0.04	0.0	4	3867	-462.0	403.3	7.31	3514.87	1
168.71	0	3517.8	105.7	0.69	0.0	-0.04	0.0	4	3888	-459.2	404.0	7.45	3517.8	1
168.81	0	3520.7	106.1	0.69	0.0	-0.04	0.0	4	3903	-456.3	404.7	7.56	3520.74	1
168.91	0	3523.7	106.6	0.69	0.0	-0.01	0.0	4	3924	-453.5	405.4	7.65	3523.7	1
169.01	0	3526.7	107.1	0.73	0.0	-0.0	0.0	4	3947	-450.6	406.0	7.72	3526.67	1
169.11	0	3529.7	107.6	0.74	0.0	-0.0	0.0	4	3969	-447.6	406.6	7.77	3529.65	1
169.21	0	3532.6	108.2	0.74	0.0	-0.0	0.0	4	3993	-444.7	407.3	7.82	3532.63	1
169.31	0	3535.6	108.8	0.77	0.0	-0.0	0.0	4	4022	-441.8	407.9	7.86	3535.65	1
169.41	0	3538.7	109.5	0.8	0.0	-0.0	0.0	4	4054	-438.8	408.5	7.9	3538.68	1
169.55	0	3542.7	110.5	0.82	0.0	-0.0	0.0	4	4097	-434.8	409.4	7.95	3542.74	1
169.64	0	3545.5	111.1	0.84	0.0	-0.0	0.0	4	4126	-432.2	409.9	7.98	3545.46	1
169.74	0	3548.6	111.9	0.86	0.0	-0.0	0.0	4	4161	-429.1	410.6	8.01	3548.57	1
169.84	0	3551.7	112.8	0.86	0.0	-0.04	0.0	4	4197	-426.1	411.2	8.04	3551.69	1
169.94	0	3554.8	113.6	0.86	0.0	-0.06	0.0	4	4230	-423.0	411.8	8.07	3554.83	1
170.04	0	3558.0	114.5	0.85	0.0	-0.06	0.0	4	4262	-419.9	412.5	8.07	3558.0	1
170.14	0	3561.2	115.2	0.63	0.0	-0.0	0.02	4	4245	-416.8	413.1	8.06	3561.19	1
170.24	0	3564.4	115.5	0.38	0.0	0.0	0.42	4	4206	-413.6	413.7	8.03	3564.4	1
170.34	0	3567.6	115.2	0.0	0.0	0.0	1.0	4	4111	-410.5	414.2	7.98	3567.61	1
170.44	0	3570.8	114.9	0.0	0.0	0.0	1.0	5	3858	-407.3	414.8	7.93	3570.8	1
170.54	0	3574.0	114.5	0.0	0.0	0.0	1.0	5	3620	-404.2	415.4	7.88	3573.98	1
170.64	0	3577.2	114.1	0.0	0.0	0.0	0.52	5	3434	-401.1	415.9	7.83	3577.16	1
170.74	0	3580.3	113.7	0.25	0.0	0.0	0.0	5	3444	-397.9	416.5	7.78	3580.32	1
170.84	0	3583.5	113.4	0.37	0.0	0.0	0.0	5	3448	-394.8	417.1	7.73	3583.48	1
170.94	0	3586.6	113.3	0.54	0.0	-0.03	0.0	5	3462	-391.7	417.6	7.69	3586.63	1
171.04	0	3589.8	113.3	0.64	0.0	-0.06	0.0	5	3475	-388.6	418.2	7.64	3589.77	1
171.14	0	3592.9	113.5	0.69	0.0	-0.08	0.0	5	3487	-385.5	418.8	7.58	3592.93	1
171.24	0	3596.1	113.6	0.69	0.0	-0.08	0.0	5	3494	-382.4	419.3	7.49	3596.08	1
171.34	0	3599.2	113.7	0.69	0.0	-0.06	0.0	5	3498	-379.3	419.8	7.36	3599.23	1
171.44	0	3602.4	113.9	0.69	0.0	-0.0	0.0	5	3502	-376.2	420.2	7.19	3602.39	1
171.54	0	3605.5	114.1	0.69	0.0	0.0	0.0	5	3506	-373.1	420.7	7.0	3605.54	1
171.64	0	3608.7	114.2	0.69	0.0	0.0	0.0	5	3510	-369.9	421.1	6.78	3608.71	1
171.74	0	3611.8	114.4	0.74	0.0	0.0	0.0	5	3522	-366.8	421.5	6.57	3611.8	1
171.84	0	3615.0	114.7	0.77	0.0	0.0	0.0	5	3530	-363.6	421.8	6.38	3614.98	1
171.94	0	3618.2	115.0	0.84	0.0	0.0	0.0	5	3553	-360.4	422.2	6.18	3618.17	1
172.04	0	3621.4	115.4	0.88	0.0	0.0	0.0	5	3566	-357.2	422.6	5.99	3621.36	1
172.14	0	3624.6	115.8	0.88	0.0	0.0	0.0	5	3583	-354.1	423.0	5.79	3624.57	1
172.24	0	3627.8	116.2	0.88	0.0	0.0	0.0	5	3596	-350.9	423.4	5.6	3627.77	1
172.34	0	3630.9	116.6	0.88	0.0	0.0	0.0	5	3607	-347.7	423.8	5.48	3630.87	1
172.44	0	3634.1	117.0	0.86	0.0	0.0	0.0	5	3614	-344.4	424.2	5.37	3634.12	1
172.54	0	3637.4	117.4	0.86	0.0	0.0	0.0	5	3639	-341.2	424.6	5.26	3637.35	1
172.64	0	3640.6	117.8	0.86	0.0	0.0	0.0	5	3639	-338.0	425.0	5.15	3640.64	1
172.74	0	3643.9	118.2	0.86	0.0	0.0	0.0	5	3658	-334.7	425.5	5.05	3643.91	1
172.84	0	3647.1	118.6	0.86	0.0	-0.04	0.0	5	3669	-331.5	425.9	4.99	3647.05	1
172.94	0	3650.3	119.0	0.86	0.0	-0.05	0.0	5	3691	-328.2	426.3	4.95	3650.35	1
173.04	0	3653.7	119.4	0.86	0.0	-0.09	0.0	5	3700	-324.9	426.7	4.9	3653.66	1
173.14	0	3657.0	119.8	0.86	0.0	-0.09	0.0	5	3715	-321.6	427.1	4.81	3656.98	1
173.24	0	3660.3	120.2	0.86	0.0	-0.09	0.0	5	3726	-318.3	427.4	4.68	3660.31	1
173.34	0	3663.5	120.5	0.86	0.0	-0.09	0.0	5	3746	-315.0	427.6	4.51	3663.54	1
173.44	0	3666.9	120.9	0.86	0.0	-0.06	0.0	5	3753	-311.6	427.9	4.35	3666.88	1
173.54	0	3670.2	121.3	0.86	0.0	-0.0	0.0	5	3769	-308.3	428.0	4.14	3670.25	1
173.64	0	3673.6	121.8	0.86	0.0	0.0	0.0	5	3779	-304.9	428.1	3.88	3673.61	1
173.74	0	3677.0	122.2	0.78	0.0	0.02	0.0	5	3780	-301.5	428.2	3.6	3677.0	1
173.84	0	3680.4	122.5	0.75	0.0	0.02	0.0	5	3782	-298.1	428.3	3.3	3680.37	1
173.94	0	3683.7	122.8	0.75	0.0	0.02	0.0	5	3793	-294.7	428.4	3.07	3683.71	1
174.04	0	3687.1	123.1	0.75	0.0	0.0	0.0	5	3803	-291.3	428.5	2.86	3687.13	1
174.14	0	3690.5	123.5	0.75	0.0	0.0	0.0	5	3812	-287.8	428.6	2.65	3690.55	1
174.24	0	3694.0	123.8	0.75	0.0	0.0	0.0	5	3823	-284.4	428.7	2.45	3693.97	1
174.34	0	3697.4	124.1	0.75	0.0	0.0	0.0	5	3838	-281.0	428.8	2.26	3697.4	1
174.44	0	3700.8	124.4	0.75	0.0	0.0	0.0	5	3841	-277.5	428.9	2.13	3700.8	1
174.54	0	3704.3	124.8	0.82	0.0	0.0	0.0	5	3857	-274.1	429.0	2.03	3704.25	1
174.64	0	3707.7	125.2	0.84	0.0	0.0	0.0	5	3888	-270.6	429.1	1.94	3707.72	1
174.74	0	3711.2	125.7	0.88	0.0	0.0	0.0	5	3903	-267.1	429.2	1.84	3711.2	1
174.84	0	3714.7	126.2	0.89	0.0	0.0	0.0	5	3920	-263.6	429.4	1.75	3714.7	1
174.94	0	3718.2	126.7	0.89	0.0	0.0	0.0	5	3940	-260.1	429.5	1.72	3718.17	1
175.04	0	3721.7	127.3	0.89	0.0	-0.02	0.0	5	3962	-256.6	429.6	1.72	3721.7	1
175.17	0	3726.4	128.0	0.93	0.0	-0.02	0.0	5	3986	-251.9	429.8	1.71	3726.42	1
175.24	0	3729.0	128.5	0.93	0.0	0.01	0.0	5	4004	-249.3	429.9	1.7	3729.02	1
175.34	0	3732.6	129.1	0.93	0.0	0.01	0.0	5	4027	-245.7	430.0	1.68	3732.6	1
175.44	0	3736.2	129.7	0.93	0.0	0.01	0.0	5	4042	-242.1	430.2	1.74	3736.16	1
175.54	0	3739.8	130.3	0.94	0.0	0.01	0.0	5	4067	-238.5	430.3	1.8	3739.76	1
175.64	0	3743.4	131.0	0.97	0.0	0.01	0.0	5	4097	-234.9	430.4	1.87	3743.39	1
175.74	0	3747.0	131.7	1.0	0.0	0.01	0.0	5	4121	-231.2	430.5	1.94	3747.05	1
175.84	0	3750.7	132.5	1.0	0.0	-0.02	0.0	5	4149	-227.5	430.7	2.03	3750.67	1
175.98	0	3755.6	133.5	1.0	0.0	-0.06	0.0	5	4181	-222.6	430.8	2.24	3755.59	1
176.08	0	3759.3	134.2	1.0	0.0	-0.06	0.0	5	4212	-218.9	430.9	2.38	3759.31	1
176.18	0	3763.0	135.0	1.0	0.0	-0.06	0.0	5	4242	-215.2	431.0	2.49	3763.05	1
176.28	0	3766.8	135.8	1.0	0.0	-0.0	0.0	5	4266	-211.4	431.1	2.57	3766.81	1
176.38	0	3770.5	136.6	1.0	0.0	-0.0	0.0	5	4290	-207.6	431.1	2.68	3770.53	1
176.48	0	3774.3	137.4	1.0	0.0	0.0	0.0	5	4313	-203.8	431.1	2.78	3774.33	1
176.57	0	3778.1	138.2	1.0	0.0	0.0	0.0	5	4341	-200.0	431.0	2.86	3778.13	1
176.68	0	3782.0	139.0	0.97	0.0	0.0	0.0	5	4359	-196.1	431.0	2.93	3782.0	1
176.78	0	3785.8	139.8	0.97	0.0	-0.02	0.0	5	4384	-192.3	430.9	2.99	3785.84	1
176.88	0	3789.7	140.6	0.97	0.0	-0.02	0.0	5	4412	-188.4	430.8	3.08	3789.74	1
176.98	0	3793.7	141.4	0.97	0.0	-0.02	0.0	5	4435	-184.4	430.7	3.16	3793.66	1
177.08	0	3797.6	142.1	0.97	0.0	-0.02	0.0	5	4472	-180.5	430.6	3.23	3797.59	1
177.18	0	3801.6	143.0	0.97	0.0	-0.02	0.0	5	4488	-176.6	430.5	3.29	3801.55	1
177.28	0	3805.5	143.8	0.97	0.0	-0.02	0.0	5	4518	-172.6	430.4	3.33	3805.54	1
177.38	0	3809.6	144.6	0.97	0.0	-0.02	0.0	5	4547	-168.6	430.2	3.35	3809.56	1
177.47	0	3813.5	145.4	0.97	0.0	-0.02	0.0	5	4575	-164.6	430.0	3.36	3813.54	1
177.58	0	3817.6	146.3	0.97	0.0	-0.02	0.0	5	4602	-160.5	429.8	3.34	3817.61	1
177.68	0	3821.7	147.1	0.97	0.0	0.01	0.0	5	4630	-156.4	429.6	3.31	3821.68	1
177.78	0	3825.8	148.0	0.97	0.0	0.02	0.0	5	4659	-152.4	429.4	3.26	3825.79	1
177.88	0	3829.9	148.8	0.97	0.0	0.02	0.0	5	4686	-148.2	429.2	3.2	3829.91	1
177.98	0	3834.1	149.7	0.97	0.0	0.02	0.0	5	4715	-144.1	428.9	3.13	3834.05	1
178.08	0	3838.2	150.6	0.97	0.0	0.02	0.0	5	4744	-139.9	428.7	3.07	3838.22	1
178.18	0	3842.4	151.4	0.95	0.0	-0.0	0.0	5	4766	-135.8	428.5	3.03	3842.41	1
178.28	0	3846.6	152.3	0.95	0.0	-0.0	0.0	5	4794	-131.5	428.2	3.0	3846.63	1
178.38	0	3850.9	153.1	0.91	0.0	0.05	0.0	5	4813	-127.3	428.0	2.98	3850.89	1
178.48	0	3855.1	153.9	0.91	0.0	-0.0	0.0	5	4839	-123.0	427.8	2.98	3855.13	1
178.58	0	3859.4	154.7	0.91	0.0	-0.0	0.0	5	4866	-118.8	427.7	2.99	3859.42	1
178.68	0	3863.7	155.5	0.91	0.0	-0.0	0.0	5	4892	-114.5	427.5	3.02	3863.73	1
178.79	0	3868.7	156.4	0.91	0.0	-0.0	0.0	5	4922	-109.5	427.3	3.06	3868.68	1
178.89	0	3873.0	157.2	0.91	0.0	-0.02	0.0	5	4948	-105.2	427.2	3.11	3873.04	1
178.99	0	3877.4	158.0	0.91	0.0	-0.02	0.0	5	4975	-100.8	427.1	3.17	3877.41	1
179.09	0	3881.8	158.9	0.91	0.0	-0.02	0.0	5	5003	-96.4	426.9	3.21	3881.81	1
179.19	0	3886.3	159.7	0.91	0.0	-0.02	0.0	5	5031	-91.9	426.8	3.25	3886.25	1
179.29	0	3890.7	160.5	0.91	0.0	-0.02	0.0	5	5059	-87.5	426.6	3.28	3890.68	1
179.39	0	3895.2	161.4	0.91	0.0	0.01	0.0	5	5087	-83.0	426.4	3.29	3895.17	1
179.49	0	3899.6	162.2	0.91	0.0	0.01	0.0	5	5114	-78.6	426.2	3.28	3899.65	1
179.59	0	3904.2	163.0	0.91	0.0	0.01	0.0	5	5142	-74.0	426.0	3.26	3904.17	1
179.69	0	3908.7	163.9	0.91	0.0	0.01	0.0	5	5169	-69.5	425.8	3.23	3908.7	1
179.79	0	3913.3	164.7	0.91	0.0	0.01	0.0	5	5197	-65.0	425.5	3.19	3913.27	1
179.89	0	3917.9	165.6	0.91	0.0	0.01	0.0	5	5226	-60.3	425.3	3.16	3917.88	1
179.99	0	3922.5	166.5	0.91	0.0	0.01	0.0	5	5254	-55.7	425.0	3.12	3922.49	1
180.09	0	3927.1	167.3	0.91	0.0	0.01	0.0	5	5283	-51.1	424.8	3.09	3927.12	1
180.19	0	3931.8	168.2	0.91	0.0	0.01	0.0	5	5312	-46.5	424.6	3.07	3931.79	1
180.29	0	3936.5	169.1	0.91	0.0	0.01	0.0	5	5341	-41.8	424.4	3.06	3936.47	1
180.39	0	3941.2	169.9	0.91	0.0	0.01	0.0	5	5370	-37.1	424.2	3.06	3941.18	1
180.49	0	3945.9	170.8	0.91	0.0	0.01	0.0	5	5399	-32.3	424.0	3.06	3945.91	1
180.59	0	3950.7	171.7	0.91	0.0	0.01	0.0	5	5428	-27.6	423.8	3.09	3950.66	1
180.69	0	3955.5	172.6	0.91	0.0	0.01	0.0	5	5457	-22.8	423.6	3.12	3955.45	1
180.79	0	3960.3	173.5	0.91	0.0	0.01	0.0	5	5487	-18.0	423.4	3.17	3960.26	1
180.89	0	3965.3	174.4	0.91	0.0	0.01	0.0	5	5518	-12.9	423.3	3.23	3965.33	1
181.0	0	3970.2	175.3	0.91	0.0	0.01	0.0	5	5547	-8.1	423.1	3.31	3970.18	1
181.09	0	3975.1	176.2	0.91	0.0	-0.02	0.0	5	5577	-3.2	423.0	3.4	3975.06	1
181.2	0	3980.0	177.1	0.91	0.0	-0.02	0.0	5	5606	1.7	422.9	3.5	3979.97	1
181.29	0	3984.9	178.0	0.91	0.0	-0.03	0.0	5	5635	6.6	422.8	3.6	3984.89	1
181.4	0	3989.9	178.9	0.91	0.0	-0.03	0.0	5	5666	11.6	422.7	3.7	3989.85	1
181.49	0	3994.8	179.7	0.91	0.0	-0.03	0.0	5	5698	16.6	422.5	3.78	3994.83	1
181.6	0	3999.9	180.6	0.91	0.0	-0.02	0.0	5	5731	21.6	422.4	3.83	3999.86	1
181.7	0	4004.9	181.5	0.91	0.0	-0.02	0.0	5	5763	26.6	422.2	3.85	4004.87	1
181.8	0	4010.0	182.4	0.91	0.0	0.01	0.0	5	5794	31.7	421.9	3.83	4009.96	1
181.9	0	4015.0	183.3	0.91	0.0	0.01	0.0	5	5822	36.7	421.6	3.76	4015.04	1
182.0	0	4020.1	184.2	0.91	0.0	0.01	0.0	5	5835	41.8	421.3	3.67	4020.12	1
182.1	0	4025.2	185.0	0.91	0.0	0.01	0.0	5	5891	46.9	421.0	3.54	4025.25	1
182.2	0	4030.4	186.0	0.91	0.0	0.01	0.0	5	5898	52.1	420.6	3.38	4030.39	1
182.3	0	4035.6	186.9	0.91	0.0	0.01	0.0	5	5930	57.2	420.2	3.21	4035.56	1
182.39	0	4040.8	187.8	0.91	0.0	0.01	0.0	5	5962	62.4	419.8	3.03	4040.75	1
182.5	0	4046.0	188.7	0.91	0.0	0.01	0.0	5	5992	67.6	419.4	2.83	4045.99	1
182.6	0	4051.2	189.6	0.91	0.0	0.01	0.0	5	6022	72.9	418.9	2.64	4051.24	1
182.7	0	4056.5	190.5	0.91	0.0	0.01	0.0	5	6052	78.1	418.5	2.45	4056.53	1
182.8	0	4061.8	191.5	0.91	0.0	-0.01	0.0	5	6083	83.4	418.1	2.26	4061.82	1
182.9	0	4067.2	192.4	0.91	0.0	-0.01	0.0	5	6113	88.7	417.7	2.08	4067.15	1
183.0	0	4072.5	193.3	0.91	0.0	-0.01	0.0	5	6143	94.1	417.3	1.9	4072.51	1
183.1	0	4077.9	194.2	0.91	0.0	-0.01	0.0	5	6173	99.4	416.9	1.73	4077.88	1
183.2	0	4083.3	195.1	0.91	0.0	-0.01	0.0	5	6204	104.8	416.4	1.54	4083.29	1
183.3	0	4088.7	196.0	0.91	0.0	0.02	0.0	5	6235	110.2	416.0	1.34	4088.71	1
183.4	0	4094.2	196.9	0.91	0.0	0.02	0.0	5	6266	115.7	415.6	1.14	4094.17	1
183.5	0	4099.7	197.9	0.91	0.0	0.02	0.0	5	6293	121.2	415.1	0.93	4099.65	1
183.6	0	4105.2	198.8	0.91	0.0	0.02	0.0	5	6325	126.6	414.7	0.68	4105.16	1
183.7	0	4110.7	199.7	0.91	0.0	0.02	0.0	5	6357	132.2	414.2	0.42	4110.7	1
183.8	0	4116.3	200.6	0.91	0.0	0.02	0.0	5	6390	137.7	413.8	0.19	4116.28	1
183.9	0	4121.9	201.4	0.91	0.0	0.02	0.0	5	6423	143.3	413.4	-0.02	4121.87	1
184.0	0	4127.5	202.3	0.91	0.0	0.02	0.0	5	6455	148.9	413.1	-0.19	4127.48	1
184.1	0	4133.1	203.2	0.91	0.0	0.01	0.0	5	6488	154.5	412.8	-0.31	4133.09	1
184.2	0	4138.7	204.0	0.91	0.0	0.0	0.0	5	6520	160.2	412.5	-0.39	4138.75	1
184.3	0	4144.4	204.9	0.91	0.0	-0.02	0.0	5	6546	165.9	412.3	-0.42	4144.43	1
184.4	0	4150.1	205.8	0.91	0.0	-0.02	0.0	5	6571	171.6	412.1	-0.4	4150.14	1
184.5	0	4155.9	206.7	0.91	0.0	-0.02	0.0	5	6595	177.3	412.0	-0.33	4155.87	1
184.6	0	4161.7	207.6	0.91	0.0	-0.02	0.0	5	6620	183.1	411.9	-0.23	4161.65	1
184.7	0	4167.4	208.5	0.91	0.0	-0.02	0.0	5	6646	188.8	411.8	-0.1	4167.39	1
184.8	0	4173.2	209.4	0.91	0.0	-0.02	0.0	5	6674	194.6	411.7	0.09	4173.23	1
184.9	0	2404.2	210.2	0.91	0.0	-0.02	0.0	5	6704	200.5	411.6	0.09	2404.23	1
# LAP 1  3:04.813
185.01	1	1.3	211.2	0.91	0.0	0.01	0.0	5	6739	207.0	411.5	0.04	1.25	1
185.11	1	7.1	212.1	0.91	0.0	0.01	0.0	5	6766	212.8	411.4	0.33	7.11	1
185.21	1	13.0	213.0	0.91	0.0	0.01	0.0	5	6795	218.8	411.3	0.61	13.03	1
185.31	1	19.0	213.9	0.91	0.0	0.01	0.0	5	6823	224.7	411.1	0.83	18.96	1
185.41	1	24.9	214.7	0.91	0.0	0.01	0.0	5	6852	230.6	411.0	0.97	24.91	1
185.51	1	30.9	215.6	0.91	0.0	0.01	0.0	5	6880	236.6	410.8	1.1	30.9	1
185.61	1	36.9	216.5	0.91	0.0	0.01	0.0	5	6908	242.6	410.7	1.24	36.88	1
185.74	1	44.9	217.6	0.91	0.0	0.01	0.0	5	6946	250.7	410.5	1.43	44.95	1
185.84	1	51.0	218.5	0.91	0.0	0.01	0.0	5	6975	256.7	410.3	1.5	51.02	1
185.94	1	57.1	219.3	0.91	0.0	0.01	0.0	5	7003	262.8	410.2	1.54	57.11	1
186.04	1	63.2	220.2	0.91	0.0	0.01	0.0	5	7032	268.9	410.1	1.58	63.24	1
186.14	1	69.4	221.0	0.91	0.0	0.01	0.0	5	7060	275.0	410.0	1.57	69.39	1
186.24	1	75.5	221.8	0.91	0.0	0.01	0.0	5	7089	281.2	409.9	1.58	75.51	1
186.37	1	83.8	222.9	0.91	0.0	-0.06	0.0	5	7125	289.4	409.8	1.56	83.76	1
186.46	1	89.1	223.7	0.91	0.0	-0.08	0.0	5	7146	294.7	409.8	1.55	89.1	1
186.56	1	95.4	224.4	0.82	0.0	-0.05	0.0	5	7136	301.0	409.7	1.41	95.37	1
186.66	1	101.6	224.9	0.64	0.0	-0.02	0.0	5	7057	307.2	409.6	1.31	101.56	1
186.76	1	107.8	224.9	0.55	0.0	-0.0	0.0	5	7011	313.5	409.5	1.47	107.81	1
186.86	1	114.0	224.6	0.29	0.0	0.0	0.0	5	6892	319.7	409.4	1.58	114.04	1
186.96	1	120.3	223.3	0.0	0.0	0.0	0.0	5	6698	325.9	409.2	1.65	120.27	1
187.06	1	126.4	221.8	0.0	0.0	0.0	0.0	5	6644	332.1	408.9	1.76	126.38	1
187.16	1	132.6	220.3	0.0	0.0	0.02	0.0	5	6601	338.3	408.6	1.96	132.56	1
187.26	1	138.7	218.8	0.0	0.0	0.02	0.0	5	6559	344.3	408.3	2.05	138.65	1
187.36	1	144.7	217.3	0.0	0.0	0.02	0.0	5	6515	350.4	408.1	2.15	144.71	1
187.46	1	150.8	215.9	0.0	0.0	0.02	0.0	5	6471	356.4	407.8	2.26	150.75	1
187.56	1	156.7	214.4	0.0	0.0	0.02	0.0	5	6427	362.4	407.6	2.39	156.69	1
187.66	1	162.6	213.0	0.0	0.0	0.0	0.0	5	6383	368.3	407.4	2.59	162.63	1
187.76	1	168.5	211.5	0.0	0.0	0.0	0.0	5	6341	374.2	407.2	2.82	168.53	1
187.86	1	174.4	210.1	0.0	0.0	0.0	0.0	5	6300	380.1	407.1	3.07	174.38	1
187.96	1	180.2	208.7	0.0	0.0	-0.01	0.0	5	6259	385.9	406.9	3.33	180.15	1
188.06	1	185.9	207.4	0.0	0.0	-0.01	0.0	5	6219	391.6	406.8	3.6	185.94	1
188.16	1	191.7	206.0	0.0	0.0	-0.01	0.0	5	6179	397.4	406.7	3.88	191.7	1
188.26	1	197.4	204.7	0.0	0.0	-0.01	0.0	5	6139	403.1	406.6	4.14	197.38	1
188.36	1	203.0	203.3	0.0	0.0	-0.01	0.0	5	6099	408.8	406.5	4.4	203.04	1
188.46	1	208.8	202.0	0.0	0.0	-0.01	0.0	5	6059	414.4	406.3	4.55	208.78	1
188.56	1	214.4	200.7	0.0	0.0	-0.01	0.0	5	6020	420.0	406.2	4.64	214.37	1
188.66	1	219.9	199.4	0.0	0.0	-0.01	0.0	5	5982	425.5	406.0	4.7	219.91	1
188.76	1	225.4	198.1	0.0	0.0	-0.01	0.0	5	5943	431.1	405.8	4.75	225.44	1
188.86	1	230.9	196.9	0.0	0.0	-0.01	0.0	5	5906	436.5	405.6	4.78	230.92	1
188.96	1	236.4	194.9	0.0	0.32	-0.03	0.0	5	5746	442.0	405.4	4.78	236.37	1
189.06	1	241.7	190.7	0.0	0.67	-0.2	0.0	5	5370	447.3	405.1	4.77	241.72	1
189.16	1	246.9	185.3	0.0	0.74	-0.13	0.0	5	4858	452.5	404.8	4.72	246.92	1
189.26	1	252.0	179.6	0.0	0.76	-0.12	0.0	5	4305	457.6	404.5	4.65	251.99	1
189.36	1	256.9	174.3	0.0	0.76	-0.08	0.0	5	3524	462.5	404.2	4.54	256.93	1
189.46	1	261.7	168.4	0.0	0.65	0.09	0.0	5	3416	467.2	403.9	4.41	261.66	1
189.56	1	266.3	163.0	0.0	0.33	0.22	0.0	5	3407	471.8	403.5	4.25	266.26	1
189.66	1	270.7	159.1	0.0	0.28	0.3	0.0	5	3668	476.3	403.1	4.05	270.71	1
189.76	1	275.1	155.2	0.0	0.3	0.54	0.0	5	3916	480.6	402.7	3.78	275.06	1
189.86	1	279.3	151.5	0.0	0.39	0.63	0.0	5	3849	484.8	402.1	3.45	279.31	1
189.96	1	283.5	147.5	0.0	0.4	0.73	0.0	5	3716	488.9	401.6	3.07	283.45	1
190.06	1	287.5	143.7	0.0	0.49	0.73	0.0	5	3513	492.9	401.0	2.69	287.48	1
190.16	1	291.4	139.1	0.0	0.54	0.67	0.0	5	3384	496.8	400.5	2.32	291.39	1
190.26	1	295.1	134.3	0.0	0.55	0.73	0.0	5	3294	500.6	400.0	2.0	295.14	1
190.36	1	298.8	129.5	0.0	0.54	0.4	0.0	5	3141	504.2	399.6	1.74	298.8	1
190.46	1	302.3	124.8	0.0	0.59	-0.25	0.0	5	2903	507.7	399.2	1.55	302.32	1
190.56	1	305.7	119.9	0.0	0.89	-0.48	0.0	5	2294	511.1	399.0	1.42	305.71	1
190.66	1	309.0	114.7	0.0	0.98	-0.53	0.0	5	1441	514.4	398.7	1.33	308.98	1
190.76	1	312.1	109.5	0.0	1.0	-0.63	0.0	5	601	517.5	398.5	1.26	312.09	1
190.86	1	315.1	104.5	0.0	1.0	-0.49	0.0	5	8	520.4	398.3	1.17	315.07	1
190.96	1	317.9	99.2	0.0	1.0	-0.45	0.0	5	13	523.3	398.1	1.06	317.89	1
191.06	1	320.6	94.1	0.0	1.0	-0.48	0.0	5	9	525.9	397.8	0.93	320.56	1
191.16	1	323.1	89.3	0.0	1.0	-0.49	0.0	5	9	528.5	397.5	0.76	323.11	1
191.26	1	325.5	84.4	0.0	1.0	-0.44	0.0	5	9	530.8	397.2	0.56	325.51	1
191.36	1	327.8	80.1	0.0	1.0	-0.44	0.0	5	6	533.1	396.9	0.32	327.78	1
191.46	1	329.9	76.3	0.0	1.0	-0.42	0.0	5	7	535.2	396.5	0.04	329.93	1
191.56	1	332.0	72.0	0.0	1.0	-0.43	0.0	5	5	537.3	396.1	-0.23	332.0	1
191.68	1	334.4	67.3	0.0	1.0	-0.38	0.0	5	7	539.6	395.5	-0.48	334.39	1
191.77	1	335.9	63.6	0.0	1.0	-0.38	0.0	5	0	541.0	395.1	-0.68	335.89	1
191.87	1	337.6	59.1	0.0	0.97	-0.38	0.0	5	0	542.7	394.6	-0.89	337.58	1
191.97	1	339.2	55.1	0.0	0.97	-0.38	0.0	5	0	544.2	394.3	-1.02	339.16	1
192.07	1	340.9	50.7	0.0	0.95	-0.38	0.0	5	0	545.7	394.0	-1.05	340.86	1
192.17	1	342.2	46.9	0.0	0.95	-0.38	0.0	5	0	547.0	393.8	-0.77	342.18	1
192.27	1	343.4	42.3	0.0	0.95	-0.38	0.0	5	0	548.3	393.7	-0.46	343.39	1
192.37	1	344.4	37.1	0.0	0.95	-0.37	0.0	5	0	549.4	393.6	-0.14	344.45	1
192.47	1	345.4	33.2	0.0	0.95	-0.37	0.0	5	0	550.3	393.5	0.14	345.38	1
192.57	1	346.2	29.2	0.0	0.94	-0.37	0.0	5	0	551.2	393.5	0.4	346.2	1
192.67	1	346.9	23.8	0.0	0.94	-0.39	0.0	5	0	551.9	393.5	0.63	346.9	1
192.77	1	347.5	20.5	0.0	0.94	-0.39	0.0	5	0	552.5	393.5	0.84	347.48	1
192.87	1	347.9	15.7	0.0	0.94	-0.39	0.0	5	0	553.1	393.5	1.03	347.95	1
192.98	1	348.3	10.0	0.0	0.94	-0.39	0.0	5	1	553.5	393.5	1.2	348.32	1
193.08	1	348.5	5.3	0.0	0.94	-0.39	0.0	5	1	553.7	393.5	1.29	348.51	1
193.18	1	348.6	0.6	0.0	0.93	-0.39	0.0	5	1	553.8	393.5	1.32	348.58	1
193.28	1	348.6	0.2	0.0	0.93	-0.39	0.0	5	0	553.8	393.5	1.32	348.59	1
193.38	1	348.6	0.2	0.0	0.93	-0.36	0.0	5	0	553.8	393.5	1.33	348.59	1
193.48	1	348.6	0.2	0.0	0.91	-0.35	0.01	5	0	553.8	393.5	1.33	348.6	1
193.58	1	348.6	0.2	0.0	0.86	-0.34	0.18	5	0	553.8	393.5	1.33	348.6	1
193.68	1	348.6	0.2	0.0	0.75	-0.32	0.8	5	1774	553.8	393.5	1.33	348.61	1
193.78	1	348.6	0.1	0.0	0.66	-0.27	1.0	5	1929	553.8	393.5	1.33	348.61	1
193.88	1	348.6	0.1	0.0	0.52	-0.24	1.0	5	1951	553.8	393.5	1.33	348.61	1
193.98	1	348.6	0.1	0.0	0.33	-0.16	1.0	5	1953	553.8	393.5	1.33	348.62	1
194.08	1	348.6	0.0	0.0	0.16	-0.0	1.0	5	1953	553.8	393.5	1.33	348.62	1
194.18	1	348.6	0.0	0.0	0.0	0.0	1.0	5	1953	553.8	393.5	1.33	348.62	1
194.28	1	348.6	0.0	0.0	0.0	-0.04	1.0	5	1953	553.8	393.5	1.33	348.62	1
194.38	1	348.6	0.0	0.0	0.0	-0.04	1.0	5	1953	553.8	393.5	1.33	348.62	1
194.48	1	348.6	0.0	0.0	0.0	-0.02	1.0	5	1953	553.8	393.5	1.33	348.62	1
194.58	1	348.6	0.0	0.0	0.0	-0.04	1.0	5	1953	553.8	393.5	1.33	348.62	1
194.68	1	348.6	0.0	0.0	0.0	-0.02	1.0	5	1953	553.8	393.5	1.34	348.62	1
194.78	1	348.6	0.0	0.0	0.0	-0.0	1.0	5	1953	553.8	393.5	1.34	348.62	1
194.88	1	348.6	0.0	0.0	0.0	-0.0	1.0	5	1953	553.8	393.5	1.34	348.62	1
194.98	1	348.6	0.0	0.0	0.0	0.0	1.0	5	1953	553.8	393.5	1.33	348.62	1
195.08	1	348.6	0.0	0.0	0.0	0.0	1.0	5	1953	553.8	393.5	1.33	348.62	1
195.18	1	348.6	0.0	0.0	0.0	0.0	1.0	5	1953	553.8	393.5	1.33	348.62	1
195.28	1	348.6	0.0	0.0	0.0	0.0	1.0	5	1953	553.8	393.5	1.33	348.62	1
195.38	1	348.6	0.0	0.0	0.0	0.0	1.0	5	1953	553.8	393.5	1.33	348.62	1
195.48	1	348.6	0.0	0.0	0.0	0.0	1.0	5	1953	553.8	393.5	1.33	348.62	1
195.62	1	348.6	0.0	0.0	0.0	0.0	1.0	5	1953	553.8	393.5	1.33	348.62	1
195.72	1	348.6	0.0	0.0	0.0	0.0	1.0	5	1953	553.8	393.5	1.33	348.62	1
195.82	1	348.6	0.0	0.0	0.0	0.0	1.0	5	1953	553.8	393.5	1.33	348.62	1
195.92	1	348.6	0.0	0.0	0.0	0.0	1.0	5	1953	553.8	393.5	1.33	348.62	1
196.02	1	348.6	0.0	0.0	0.0	0.0	1.0	5	1953	553.8	393.5	1.33	348.62	1
196.12	1	348.6	0.0	0.0	0.0	0.0	1.0	5	1953	553.8	393.5	1.33	348.62	1
196.22	1	348.6	0.0	0.0	0.0	0.0	1.0	5	1953	553.8	393.5	1.33	348.62	1
196.32	1	348.6	0.0	0.0	0.0	0.0	1.0	5	1953	553.8	393.5	1.33	348.62	1
196.42	1	348.6	0.0	0.0	0.0	0.0	1.0	5	1953	553.8	393.5	1.33	348.62	1
196.52	1	348.6	0.0	0.0	0.0	0.0	1.0	5	1953	553.8	393.5	1.33	348.62	1
196.62	1	348.6	0.0	0.0	0.0	0.0	1.0	5	1953	553.8	393.5	1.33	348.62	1
196.72	1	348.6	0.0	0.0	0.0	0.0	1.0	5	1953	553.8	393.5	1.33	348.62	1
196.82	1	348.6	0.0	0.0	0.0	0.0	1.0	5	1953	553.8	393.5	1.33	348.62	1
196.92	1	348.6	0.0	0.0	0.0	0.0	1.0	5	1953	553.8	393.5	1.33	348.62	1
