# zandvoort_racer telemetry — Lotus 49 @ zandvoort
# t	lap	lapdist	kmh	thr	brk	steer	clu	gear	rpm	x	z	lat	along	ontrack
0.15	0	0.0	0.0	0.0	0.0	0.0	0.0	1	1954	205.7	411.5	0.0	0.0	1
0.26	0	0.0	0.0	0.0	0.0	0.0	0.0	1	1953	205.7	411.5	0.0	0.0	1
0.35	0	0.0	0.0	0.0	0.0	0.0	0.0	1	1953	205.7	411.5	0.0	0.0	1
0.45	0	0.0	0.0	0.0	0.0	0.0	0.0	1	1953	205.7	411.5	0.0	0.0	1
0.55	0	0.0	0.0	0.0	0.0	0.0	0.0	1	1953	205.7	411.5	0.0	0.0	1
0.65	0	0.0	0.0	0.0	0.0	0.0	0.0	1	1953	205.7	411.5	0.0	0.0	1
0.75	0	0.0	0.0	0.0	0.0	0.0	0.0	1	1953	205.7	411.5	0.0	0.0	1
0.85	0	0.0	0.0	0.0	0.0	0.0	0.0	1	1953	205.7	411.5	0.0	0.0	1
0.95	0	0.0	0.0	0.0	0.0	0.0	0.0	1	1953	205.7	411.5	0.0	0.0	1
1.05	0	0.0	0.0	0.0	0.0	0.0	0.0	1	1953	205.7	411.5	0.0	0.0	1
1.16	0	0.0	0.0	0.0	0.0	0.0	0.0	1	1953	205.7	411.5	0.0	0.0	1
1.26	0	0.0	0.0	0.0	0.0	0.0	0.0	1	1953	205.7	411.5	0.0	0.0	1
1.36	0	0.0	0.0	0.0	0.0	0.0	0.0	1	1953	205.7	411.5	0.0	0.0	1
1.46	0	0.0	0.0	0.0	0.0	0.0	0.0	1	1953	205.7	411.5	0.0	0.0	1
1.56	0	0.0	0.0	0.0	0.0	0.0	0.0	1	1953	205.7	411.5	0.0	0.0	1
1.66	0	0.0	0.0	0.0	0.0	0.0	0.0	1	1953	205.7	411.5	0.0	0.0	1
1.76	0	0.0	0.0	0.0	0.0	0.0	0.0	1	1953	205.7	411.5	0.0	0.0	1
1.86	0	0.0	0.0	0.0	0.0	0.0	0.0	1	1953	205.7	411.5	0.0	0.0	1
1.96	0	0.0	0.0	0.0	0.0	0.0	0.0	1	1953	205.7	411.5	0.0	0.0	1
2.06	0	0.0	0.0	0.0	0.0	0.0	0.0	1	1953	205.7	411.5	0.0	0.0	1
2.16	0	0.0	0.0	0.0	0.0	0.0	0.0	1	1953	205.7	411.5	0.0	0.0	1
2.25	0	0.0	0.0	0.0	0.0	0.0	0.0	1	1953	205.7	411.5	0.0	0.0	1
2.36	0	0.0	0.0	0.0	0.0	0.0	0.0	1	1953	205.7	411.5	0.0	0.0	1
2.46	0	0.0	0.0	0.0	0.0	0.0	0.0	1	1953	205.7	411.5	0.0	0.0	1
2.56	0	0.0	0.0	0.0	0.0	0.0	0.0	1	1953	205.7	411.5	0.0	0.0	1
2.66	0	0.0	0.0	0.0	0.0	0.0	0.0	1	1953	205.7	411.5	0.0	0.0	1
2.76	0	0.0	0.0	0.0	0.0	0.0	0.0	1	1953	205.7	411.5	0.0	0.0	1
2.86	0	0.0	0.0	0.0	0.0	0.0	0.0	1	1953	205.7	411.5	0.0	0.0	1
2.96	0	0.0	0.0	0.0	0.0	0.0	0.0	1	1953	205.7	411.5	0.0	0.0	1
3.06	0	0.0	0.0	0.0	0.0	0.0	0.0	1	1953	205.7	411.5	0.0	0.0	1
3.16	0	0.0	0.0	0.0	0.0	0.0	0.0	1	1953	205.7	411.5	0.0	0.0	1
3.26	0	0.0	0.0	0.0	0.0	0.0	0.0	1	1953	205.7	411.5	0.0	0.0	1
3.36	0	0.0	0.0	0.0	0.0	0.0	0.0	1	1953	205.7	411.5	0.0	0.0	1
3.46	0	0.0	0.0	0.0	0.0	0.0	0.0	1	1953	205.7	411.5	0.0	0.0	1
3.56	0	0.0	0.0	0.0	0.0	0.0	0.0	1	1953	205.7	411.5	0.0	0.0	1
3.66	0	0.0	0.0	0.0	0.0	0.0	0.0	1	1953	205.7	411.5	0.0	0.0	1
3.76	0	0.0	0.0	0.0	0.0	0.0	0.0	1	1953	205.7	411.5	0.0	0.0	1
3.86	0	0.0	0.0	0.0	0.0	0.0	0.0	1	1953	205.7	411.5	0.0	0.0	1
3.96	0	0.0	0.0	0.0	0.0	0.0	0.0	1	1953	205.7	411.5	0.0	0.0	1
4.06	0	0.0	0.0	0.0	0.0	0.0	0.0	1	1953	205.7	411.5	0.0	0.0	1
4.16	0	0.0	0.0	0.0	0.0	0.0	0.0	1	1953	205.7	411.5	0.0	0.0	1
4.26	0	0.0	0.0	0.0	0.0	0.0	0.0	1	1953	205.7	411.5	0.0	0.0	1
4.36	0	0.0	0.0	0.0	0.0	0.0	0.0	1	1953	205.7	411.5	0.0	0.0	1
4.46	0	0.0	0.0	0.0	0.0	0.0	0.0	1	1953	205.7	411.5	0.0	0.0	1
4.56	0	0.0	0.0	0.0	0.0	0.0	0.0	1	1953	205.7	411.5	0.0	0.0	1
4.69	0	0.0	0.0	0.0	0.0	0.0	0.0	1	1953	205.7	411.5	0.0	0.0	1
4.77	0	0.0	0.0	0.0	0.0	0.0	0.0	1	1953	205.7	411.5	0.0	0.0	1
4.87	0	0.0	0.0	0.0	0.0	0.0	0.0	1	1953	205.7	411.5	0.0	0.0	1
4.97	0	0.0	0.0	0.0	0.0	0.0	0.0	1	1953	205.7	411.5	0.0	0.0	1
5.07	0	0.0	0.0	0.0	0.0	0.0	0.0	1	1953	205.7	411.5	0.0	0.0	1
5.17	0	0.0	0.0	0.0	0.0	0.0	0.0	1	1953	205.7	411.5	0.0	0.0	1
5.27	0	0.0	0.0	0.0	0.0	0.0	0.0	1	1953	205.7	411.5	0.0	0.0	1
5.37	0	0.0	0.0	0.0	0.0	0.0	0.0	1	1953	205.7	411.5	0.0	0.0	1
5.47	0	0.0	0.0	0.0	0.0	0.0	0.0	1	1953	205.7	411.5	0.0	0.0	1
5.57	0	0.0	0.0	0.0	0.0	0.0	0.0	1	1953	205.7	411.5	0.0	0.0	1
5.67	0	0.0	0.0	0.0	0.0	0.0	0.0	1	1953	205.7	411.5	0.0	0.0	1
5.77	0	0.0	0.0	0.0	0.0	0.0	0.0	1	1953	205.7	411.5	0.0	0.0	1
5.87	0	0.0	0.0	0.0	0.0	0.0	0.0	1	1953	205.7	411.5	0.0	0.0	1
5.97	0	0.0	0.0	0.0	0.0	0.0	0.0	1	1953	205.7	411.5	0.0	0.0	1
6.07	0	0.0	0.0	0.0	0.0	0.0	0.0	1	1953	205.7	411.5	0.0	0.0	1
6.17	0	0.0	0.0	0.0	0.0	0.0	0.0	1	1953	205.7	411.5	0.0	0.0	1
6.28	0	0.0	0.0	0.0	0.0	0.0	0.0	1	1953	205.7	411.5	0.0	0.0	1
6.37	0	0.0	0.0	0.0	0.0	0.0	0.0	1	1953	205.7	411.5	0.0	0.0	1
6.47	0	0.0	0.0	0.0	0.0	0.0	0.0	1	1953	205.7	411.5	0.0	0.0	1
6.57	0	0.0	0.0	0.0	0.0	0.0	0.0	1	1953	205.7	411.5	0.0	0.0	1
6.67	0	0.0	0.0	0.0	0.0	0.0	0.0	1	1953	205.7	411.5	0.0	0.0	1
6.77	0	0.0	0.0	0.0	0.0	0.0	0.0	1	1953	205.7	411.5	0.0	0.0	1
6.87	0	0.0	0.0	0.0	0.0	0.0	0.0	1	1953	205.7	411.5	0.0	0.0	1
6.97	0	0.0	0.0	0.0	0.0	0.0	0.0	1	1953	205.7	411.5	0.0	0.0	1
7.07	0	0.0	0.0	0.0	0.0	0.0	0.0	1	1953	205.7	411.5	0.0	0.0	1
7.18	0	0.0	0.0	0.0	0.0	0.0	0.0	1	1953	205.7	411.5	0.0	0.0	1
7.28	0	0.0	0.0	0.0	0.0	0.0	0.0	1	1953	205.7	411.5	0.0	0.0	1
7.38	0	0.0	0.0	0.0	0.0	0.0	0.0	1	1953	205.7	411.5	0.0	0.0	1
7.48	0	0.0	0.0	0.0	0.0	0.0	0.0	1	1953	205.7	411.5	0.0	0.0	1
7.58	0	0.0	0.0	0.0	0.0	0.0	0.0	1	1953	205.7	411.5	0.0	0.0	1
7.68	0	0.0	0.0	0.0	0.0	0.0	0.0	1	1953	205.7	411.5	0.0	0.0	1
7.78	0	0.0	0.0	0.0	0.0	0.0	0.0	1	1953	205.7	411.5	0.0	0.0	1
7.91	0	0.0	0.0	0.0	0.0	0.0	0.0	1	1953	205.7	411.5	0.0	0.0	1
8.01	0	0.0	0.0	0.0	0.0	0.0	0.0	1	1953	205.7	411.5	0.0	0.0	1
8.11	0	0.0	0.0	0.0	0.0	0.0	0.0	1	1953	205.7	411.5	0.0	0.0	1
8.21	0	0.0	0.0	0.0	0.0	0.0	0.0	1	1953	205.7	411.5	0.0	0.0	1
8.31	0	0.0	0.0	0.0	0.0	0.0	0.0	1	1953	205.7	411.5	0.0	0.0	1
8.41	0	0.0	0.0	0.0	0.0	0.0	0.0	1	1953	205.7	411.5	0.0	0.0	1
8.51	0	0.0	0.0	0.0	0.0	0.0	0.0	1	1953	205.7	411.5	0.0	0.0	1
8.61	0	0.0	0.0	0.0	0.0	0.0	0.0	1	1953	205.7	411.5	0.0	0.0	1
8.71	0	0.0	0.0	0.0	0.0	0.0	0.0	1	1953	205.7	411.5	0.0	0.0	1
8.81	0	0.0	0.0	0.0	0.0	0.0	0.0	1	1953	205.7	411.5	0.0	0.0	1
8.91	0	0.0	0.0	0.0	0.0	0.0	0.0	1	1953	205.7	411.5	0.0	0.0	1
9.01	0	0.0	0.0	0.0	0.0	0.0	0.0	1	1953	205.7	411.5	0.0	0.0	1
9.11	0	0.0	0.0	0.0	0.0	0.0	0.0	1	1953	205.7	411.5	0.0	0.0	1
9.21	0	0.0	0.0	0.0	0.0	0.0	0.0	1	1953	205.7	411.5	0.0	0.0	1
9.31	0	0.0	0.0	0.0	0.0	0.0	0.0	1	1953	205.7	411.5	0.0	0.0	1
9.42	0	0.0	0.0	0.0	0.0	0.0	0.0	1	1953	205.7	411.5	0.0	0.0	1
9.54	0	0.0	0.0	0.0	0.0	0.0	0.0	1	1953	205.7	411.5	0.0	0.0	1
9.64	0	0.0	0.0	0.0	0.0	0.0	0.0	1	1953	205.7	411.5	0.0	0.0	1
9.74	0	0.0	0.0	0.0	0.0	0.0	0.0	1	1953	205.7	411.5	0.0	0.0	1
9.84	0	0.0	0.0	0.0	0.0	0.0	0.0	1	1953	205.7	411.5	0.0	0.0	1
9.94	0	0.0	0.0	0.0	0.0	0.0	0.0	1	1953	205.7	411.5	0.0	0.0	1
10.04	0	0.0	0.0	0.0	0.0	0.0	0.0	1	1953	205.7	411.5	0.0	0.0	1
10.14	0	0.0	0.0	0.0	0.0	0.0	0.0	1	1953	205.7	411.5	0.0	0.0	1
10.24	0	0.0	0.0	0.0	0.0	0.0	0.0	1	1953	205.7	411.5	0.0	0.0	1
10.34	0	0.0	0.0	0.0	0.0	0.0	0.0	1	1953	205.7	411.5	0.0	0.0	1
10.44	0	0.0	0.0	0.0	0.0	0.0	0.0	1	1953	205.7	411.5	0.0	0.0	1
10.54	0	0.0	0.0	0.0	0.0	0.0	0.0	1	1953	205.7	411.5	0.0	0.0	1
10.64	0	0.0	0.0	0.0	0.0	0.0	0.0	1	1953	205.7	411.5	0.0	0.0	1
10.74	0	0.0	0.0	0.0	0.0	0.0	0.0	1	1953	205.7	411.5	0.0	0.0	1
10.84	0	0.0	0.0	0.0	0.0	0.0	0.0	1	1953	205.7	411.5	0.0	0.0	1
10.94	0	0.0	0.0	0.0	0.0	0.0	0.0	1	1953	205.7	411.5	0.0	0.0	1
11.04	0	0.0	0.0	0.0	0.0	0.0	0.0	1	1953	205.7	411.5	0.0	0.0	1
11.14	0	0.0	0.0	0.0	0.0	0.0	0.0	1	1953	205.7	411.5	0.0	0.0	1
11.24	0	0.0	0.0	0.0	0.0	0.0	0.0	1	1953	205.7	411.5	0.0	0.0	1
11.34	0	0.0	0.0	0.0	0.0	0.0	0.0	1	1953	205.7	411.5	0.0	0.0	1
11.44	0	0.0	0.0	0.0	0.0	0.0	0.0	1	1953	205.7	411.5	0.0	0.0	1
11.54	0	0.0	0.0	0.0	0.0	0.0	0.0	1	1953	205.7	411.5	0.0	0.0	1
11.64	0	0.0	0.0	0.0	0.0	0.0	0.0	1	1953	205.7	411.5	0.0	0.0	1
11.74	0	0.0	0.0	0.0	0.0	0.0	0.0	1	1953	205.7	411.5	0.0	0.0	1
11.84	0	0.0	0.0	0.0	0.0	0.0	0.0	1	1953	205.7	411.5	0.0	0.0	1
11.94	0	0.0	0.0	0.0	0.0	0.0	0.0	1	1953	205.7	411.5	0.0	0.0	1
12.04	0	0.0	0.0	0.0	0.0	0.0	0.0	1	1953	205.7	411.5	0.0	0.0	1
12.14	0	0.0	0.0	0.0	0.0	0.0	0.0	1	1953	205.7	411.5	0.0	0.0	1
12.24	0	0.0	0.0	0.0	0.0	0.0	0.0	1	1953	205.7	411.5	0.0	0.0	1
12.34	0	0.0	0.0	0.0	0.0	0.0	0.0	1	1953	205.7	411.5	0.0	0.0	1
12.44	0	0.0	0.0	0.0	0.0	0.0	0.0	1	1953	205.7	411.5	0.0	0.0	1
12.54	0	0.0	0.0	0.0	0.0	0.0	0.0	1	1953	205.7	411.5	0.0	0.0	1
12.64	0	0.0	0.0	0.0	0.0	0.0	0.0	1	1953	205.7	411.5	0.0	0.0	1
12.74	0	0.0	0.0	0.0	0.0	0.0	0.0	1	1953	205.7	411.5	0.0	0.0	1
12.84	0	0.0	0.0	0.0	0.0	0.0	0.0	1	1953	205.7	411.5	0.01	0.0	1
12.94	0	0.0	0.0	0.0	0.0	0.0	0.0	1	1953	205.7	411.5	0.01	0.0	1
13.04	0	0.0	0.0	0.0	0.0	0.0	0.0	1	1953	205.7	411.5	0.01	0.0	1
13.14	0	0.0	0.0	0.0	0.0	0.0	0.0	1	1953	205.7	411.5	0.01	0.0	1
13.24	0	0.0	0.0	0.0	0.0	0.0	0.0	1	1953	205.7	411.5	0.01	0.0	1
13.34	0	0.0	0.0	0.0	0.0	0.0	0.0	1	1953	205.7	411.5	0.01	0.0	1
13.44	0	0.0	0.0	0.0	0.0	0.0	0.0	1	1953	205.7	411.5	0.01	0.0	1
13.54	0	0.0	0.0	0.0	0.0	0.0	0.0	1	1953	205.7	411.5	0.01	0.0	1
13.64	0	0.0	0.0	0.0	0.0	0.0	0.0	1	1953	205.7	411.5	0.01	0.0	1
13.74	0	0.0	0.0	0.0	0.0	0.0	0.0	1	1953	205.7	411.5	0.01	0.0	1
13.84	0	0.0	0.0	0.0	0.0	0.0	0.0	1	1953	205.7	411.5	0.01	0.0	1
13.94	0	0.0	0.0	0.0	0.0	0.0	0.0	1	1953	205.7	411.5	0.01	0.0	1
14.04	0	0.0	0.0	0.0	0.0	0.0	0.0	1	1953	205.7	411.5	0.01	0.0	1
14.14	0	0.0	0.0	0.0	0.0	0.0	0.0	1	1953	205.7	411.5	0.01	0.0	1
14.24	0	0.0	0.0	0.0	0.0	0.0	0.0	1	1953	205.7	411.5	0.01	0.0	1
14.34	0	0.0	0.0	0.0	0.0	0.0	0.0	1	1953	205.7	411.5	0.01	0.0	1
14.44	0	0.0	0.0	0.0	0.0	0.0	0.0	1	1953	205.7	411.5	0.01	0.0	1
14.54	0	0.0	0.0	0.0	0.0	0.0	0.0	1	1953	205.7	411.5	0.01	0.0	1
14.64	0	0.0	0.0	0.0	0.0	0.0	0.0	1	1953	205.7	411.5	0.01	0.0	1
14.74	0	0.0	0.0	0.0	0.0	0.0	0.0	1	1953	205.7	411.5	0.01	0.0	1
14.84	0	0.0	0.0	0.0	0.0	0.0	0.0	1	1953	205.7	411.5	0.01	0.0	1
14.94	0	0.0	0.0	0.0	0.0	0.0	0.0	1	1953	205.7	411.5	0.01	0.0	1
15.04	0	0.0	0.0	0.0	0.0	0.0	0.0	1	1953	205.7	411.5	0.01	0.0	1
15.14	0	0.0	0.0	0.0	0.0	0.0	0.0	1	1953	205.7	411.5	0.01	0.0	1
15.24	0	0.0	0.0	0.0	0.0	0.0	0.0	1	1953	205.7	411.5	0.01	0.0	1
15.34	0	0.0	0.0	0.0	0.0	0.0	0.0	1	1953	205.7	411.5	0.01	0.0	1
15.44	0	0.0	0.0	0.0	0.0	0.0	0.0	1	1953	205.7	411.5	0.01	0.0	1
15.54	0	0.0	0.0	0.0	0.0	0.0	0.0	1	1953	205.7	411.5	0.01	0.0	1
15.65	0	0.0	0.0	0.0	0.0	0.0	0.0	1	1953	205.7	411.5	0.01	0.0	1
15.76	0	0.0	0.0	0.0	0.0	0.0	0.0	1	1953	205.7	411.5	0.01	0.0	1
15.86	0	0.0	0.0	0.0	0.0	0.0	0.0	1	1953	205.7	411.5	0.01	0.0	1
15.96	0	0.0	0.0	0.0	0.0	0.0	0.0	1	1953	205.7	411.5	0.01	0.0	1
16.06	0	0.0	0.0	0.0	0.0	0.0	0.0	1	1953	205.7	411.5	0.01	0.0	1
16.16	0	0.0	0.0	0.0	0.0	0.0	0.0	1	1953	205.7	411.5	0.01	0.0	1
16.26	0	0.0	0.0	0.0	0.0	0.0	0.0	1	1953	205.7	411.5	0.01	0.0	1
16.36	0	0.0	0.0	0.0	0.0	0.0	0.0	1	1953	205.7	411.5	0.01	0.0	1
16.46	0	0.0	0.0	0.0	0.0	0.0	0.0	1	1953	205.7	411.5	0.01	0.0	1
16.56	0	0.0	0.0	0.0	0.0	0.0	0.0	1	1953	205.7	411.5	0.01	0.0	1
16.66	0	0.0	0.0	0.0	0.0	0.0	0.0	1	1953	205.7	411.5	0.01	0.0	1
16.76	0	0.0	0.0	0.0	0.0	0.0	0.0	1	1953	205.7	411.5	0.01	0.0	1
16.87	0	0.0	0.0	0.0	0.0	0.0	0.0	1	1953	205.7	411.5	0.01	0.0	1
16.97	0	0.0	0.0	0.0	0.0	0.0	0.0	1	1953	205.7	411.5	0.01	0.0	1
17.07	0	0.0	0.0	0.0	0.0	0.0	0.0	1	1953	205.7	411.5	0.01	0.0	1
17.17	0	0.0	0.0	0.0	0.0	0.0	0.0	1	1953	205.7	411.5	0.01	0.0	1
17.27	0	0.0	0.0	0.0	0.0	0.0	0.0	1	1953	205.7	411.5	0.01	0.0	1
17.37	0	0.0	0.0	0.0	0.0	0.0	0.0	1	1953	205.7	411.5	0.01	0.0	1
17.47	0	0.0	0.0	0.0	0.0	0.0	0.0	1	1953	205.7	411.5	0.01	0.0	1
17.57	0	0.0	0.0	0.0	0.0	0.0	0.0	1	1953	205.7	411.5	0.01	0.0	1
17.67	0	0.0	0.0	0.0	0.0	0.0	0.0	1	1953	205.7	411.5	0.01	0.0	1
17.77	0	0.0	0.0	0.0	0.0	0.0	0.0	1	1953	205.7	411.5	0.01	0.0	1
17.92	0	0.0	0.0	0.0	0.0	0.0	0.0	1	1953	205.7	411.5	0.01	0.0	1
18.02	0	0.0	0.0	0.0	0.0	0.0	0.0	1	1953	205.7	411.5	0.01	0.0	1
18.12	0	0.0	0.0	0.0	0.0	0.0	0.0	1	1953	205.7	411.5	0.01	0.0	1
18.22	0	0.0	0.0	0.0	0.0	0.0	0.0	1	1953	205.7	411.5	0.01	0.0	1
18.32	0	0.0	0.0	0.0	0.0	0.0	0.0	1	1953	205.7	411.5	0.01	0.0	1
18.42	0	0.0	0.0	0.0	0.0	0.0	0.0	1	1953	205.7	411.5	0.01	0.0	1
18.52	0	0.0	0.0	0.0	0.0	0.0	0.0	1	1953	205.7	411.5	0.01	0.0	1
18.62	0	0.0	0.0	0.0	0.0	0.0	0.0	1	1953	205.7	411.5	0.01	0.0	1
18.72	0	0.0	0.0	0.0	0.0	0.0	0.0	1	1953	205.7	411.5	0.01	0.0	1
18.82	0	0.0	0.0	0.0	0.0	0.0	0.0	1	1953	205.7	411.5	0.01	0.0	1
18.92	0	0.0	0.0	0.0	0.0	0.0	0.0	1	1953	205.7	411.5	0.01	0.0	1
19.02	0	0.0	0.0	0.0	0.0	0.0	0.0	1	1953	205.7	411.5	0.01	0.0	1
19.12	0	0.0	0.0	0.0	0.0	0.0	0.0	1	1953	205.7	411.5	0.01	0.0	1
19.22	0	0.0	0.0	0.0	0.0	0.0	0.0	1	1953	205.7	411.5	0.01	0.0	1
19.32	0	0.0	0.0	0.0	0.0	0.0	0.0	1	1953	205.7	411.5	0.01	0.0	1
19.42	0	0.0	0.0	0.0	0.0	0.0	0.0	1	1953	205.7	411.5	0.01	0.0	1
19.52	0	0.0	0.0	0.0	0.0	0.0	0.0	1	1953	205.7	411.5	0.01	0.0	1
19.62	0	0.0	0.0	0.0	0.0	0.0	0.0	1	1953	205.7	411.5	0.01	0.0	1
19.72	0	0.0	0.0	0.0	0.0	0.0	0.0	1	1953	205.7	411.5	0.01	0.0	1
19.82	0	0.0	0.0	0.0	0.0	0.0	0.0	1	1953	205.7	411.5	0.01	0.0	1
19.92	0	0.0	0.0	0.0	0.0	0.0	0.0	1	1953	205.7	411.5	0.01	0.0	1
20.02	0	0.0	0.0	0.0	0.0	0.0	0.0	1	1953	205.7	411.5	0.01	0.0	1
20.12	0	0.0	0.0	0.0	0.0	0.0	0.0	1	1953	205.7	411.5	0.01	0.0	1
20.22	0	0.0	0.0	0.0	0.0	0.0	0.0	1	1953	205.7	411.5	0.01	0.0	1
20.32	0	0.0	0.0	0.0	0.0	0.0	0.0	1	1953	205.7	411.5	0.01	0.0	1
20.42	0	0.0	0.0	0.0	0.0	0.0	0.0	1	1953	205.7	411.5	0.01	0.0	1
20.52	0	0.0	0.0	0.0	0.0	0.0	0.0	1	1953	205.7	411.5	0.01	0.0	1
20.62	0	0.0	0.0	0.0	0.0	0.0	0.0	1	1953	205.7	411.5	0.01	0.0	1
20.72	0	0.0	0.0	0.0	0.0	0.0	0.0	1	1953	205.7	411.5	0.01	0.0	1
20.82	0	0.0	0.0	0.0	0.0	0.0	0.0	1	1953	205.7	411.5	0.01	0.0	1
20.92	0	0.0	0.0	0.0	0.0	0.0	0.0	1	1953	205.7	411.5	0.01	0.0	1
21.02	0	0.0	0.0	0.0	0.0	0.0	0.0	1	1953	205.7	411.5	0.01	0.0	1
21.12	0	0.0	0.0	0.0	0.0	0.0	0.0	1	1953	205.7	411.5	0.01	0.0	1
21.22	0	0.0	0.0	0.0	0.0	0.0	0.0	1	1953	205.7	411.5	0.01	0.0	1
21.33	0	0.0	0.0	0.0	0.0	0.0	0.0	1	1953	205.7	411.5	0.01	0.0	1
21.43	0	0.0	0.0	0.0	0.0	0.0	0.0	1	1953	205.7	411.5	0.01	0.0	1
21.52	0	0.0	0.0	0.0	0.0	0.0	0.0	1	1953	205.7	411.5	0.01	0.0	1
21.62	0	0.0	0.0	0.0	0.0	0.0	0.0	1	1953	205.7	411.5	0.01	0.0	1
21.72	0	0.0	0.0	0.0	0.0	0.0	0.0	1	1953	205.7	411.5	0.01	0.0	1
21.82	0	0.0	0.0	0.0	0.0	0.0	0.0	1	1953	205.7	411.5	0.01	0.0	1
21.92	0	0.0	0.0	0.0	0.0	0.0	0.0	1	1953	205.7	411.5	0.01	0.0	1
22.03	0	0.0	0.0	0.0	0.0	0.0	0.0	1	1953	205.7	411.5	0.01	0.0	1
22.13	0	0.0	0.0	0.0	0.0	0.0	0.0	1	1953	205.7	411.5	0.01	0.0	1
22.23	0	0.0	0.0	0.0	0.0	0.0	0.0	1	1953	205.7	411.5	0.01	0.0	1
22.33	0	0.0	0.0	0.0	0.0	0.0	0.0	1	1953	205.7	411.5	0.01	0.0	1
22.43	0	0.0	0.0	0.0	0.0	0.0	0.0	1	1953	205.7	411.5	0.01	0.0	1
22.53	0	0.0	0.0	0.0	0.0	0.0	0.0	1	1953	205.7	411.5	0.01	0.0	1
22.63	0	0.0	0.0	0.0	0.0	0.0	0.0	1	1953	205.7	411.5	0.01	0.0	1
22.73	0	0.0	0.0	0.0	0.0	0.0	0.0	1	1953	205.7	411.5	0.01	0.0	1
22.83	0	0.0	0.0	0.0	0.0	0.0	0.0	1	1953	205.7	411.5	0.01	0.0	1
22.93	0	0.0	0.0	0.0	0.0	0.0	0.0	1	1953	205.7	411.5	0.01	0.0	1
23.03	0	0.0	0.0	0.0	0.0	0.0	0.0	1	1953	205.7	411.5	0.01	0.0	1
23.13	0	0.0	0.0	0.0	0.0	0.0	0.0	1	1953	205.7	411.5	0.01	0.0	1
23.23	0	0.0	0.0	0.0	0.0	0.0	0.0	1	1953	205.7	411.5	0.01	0.0	1
23.33	0	0.0	0.0	0.0	0.0	0.0	0.0	1	1953	205.7	411.5	0.01	0.0	1
23.43	0	0.0	0.0	0.0	0.0	0.0	0.0	1	1953	205.7	411.5	0.01	0.0	1
23.53	0	0.0	0.0	0.0	0.0	0.0	0.0	1	1953	205.7	411.5	0.01	0.0	1
23.63	0	0.0	0.0	0.0	0.0	0.0	0.0	1	1953	205.7	411.5	0.01	0.0	1
23.73	0	0.0	0.0	0.0	0.0	0.0	0.0	1	1953	205.7	411.5	0.01	0.0	1
23.83	0	0.0	0.0	0.0	0.0	0.0	0.0	1	1953	205.7	411.5	0.01	0.0	1
23.93	0	0.0	0.0	0.0	0.0	0.0	0.0	1	1953	205.7	411.5	0.01	0.0	1
24.03	0	0.0	0.0	0.0	0.0	0.0	0.0	1	1953	205.7	411.5	0.01	0.0	1
24.13	0	0.0	0.0	0.0	0.0	0.0	0.0	1	1953	205.7	411.5	0.01	0.0	1
24.23	0	0.0	0.0	0.0	0.0	0.0	0.0	1	1953	205.7	411.5	0.01	0.0	1
24.33	0	0.0	0.0	0.0	0.0	0.0	0.0	1	1953	205.7	411.5	0.01	0.0	1
24.43	0	0.0	0.0	0.0	0.0	0.0	0.0	1	1953	205.7	411.5	0.01	0.0	1
24.53	0	0.0	0.0	0.0	0.0	0.0	0.0	1	1953	205.7	411.5	0.01	0.0	1
24.63	0	0.0	0.0	0.0	0.0	0.0	0.0	1	1953	205.7	411.5	0.01	0.0	1
24.73	0	0.0	0.0	0.0	0.0	0.0	0.0	1	1953	205.7	411.5	0.01	0.0	1
24.84	0	0.0	0.0	0.0	0.0	0.0	0.0	1	1953	205.7	411.5	0.01	0.0	1
24.93	0	0.0	0.0	0.0	0.0	0.0	0.0	1	1953	205.7	411.5	0.01	0.0	1
25.03	0	0.0	0.0	0.0	0.0	0.0	0.0	1	1953	205.7	411.5	0.01	0.0	1
25.12	0	0.0	0.0	0.0	0.0	0.0	0.0	1	1953	205.7	411.5	0.01	0.0	1
25.24	0	0.0	0.0	0.0	0.0	0.0	0.0	1	1953	205.7	411.5	0.01	0.0	1
25.34	0	0.0	0.0	0.0	0.0	0.0	0.0	1	1953	205.7	411.5	0.01	0.0	1
25.44	0	0.0	0.0	0.0	0.0	0.0	0.0	1	1953	205.7	411.5	0.01	0.0	1
25.54	0	0.0	0.0	0.0	0.0	0.0	0.0	1	1953	205.7	411.5	0.01	0.0	1
25.64	0	0.0	0.0	0.0	0.0	0.0	0.0	1	1953	205.7	411.5	0.01	0.0	1
25.74	0	0.0	0.0	0.0	0.0	0.0	0.0	1	1953	205.7	411.5	0.01	0.0	1
25.84	0	0.0	0.0	0.0	0.0	0.0	0.0	1	1953	205.7	411.5	0.01	0.0	1
25.94	0	0.0	0.0	0.0	0.0	0.0	0.0	1	1953	205.7	411.5	0.01	0.0	1
26.04	0	0.0	0.0	0.0	0.0	0.0	0.0	1	1953	205.7	411.5	0.01	0.0	1
26.14	0	0.0	0.0	0.0	0.0	0.0	0.0	1	1953	205.7	411.5	0.01	0.0	1
26.24	0	0.0	0.0	0.0	0.0	0.0	0.0	1	1953	205.7	411.5	0.01	0.0	1
26.34	0	0.0	0.0	0.0	0.0	0.0	0.0	1	1953	205.7	411.5	0.01	0.0	1
26.44	0	0.0	0.0	0.0	0.0	0.0	0.0	1	1953	205.7	411.5	0.01	0.0	1
26.54	0	0.0	0.0	0.0	0.0	0.0	0.0	1	1953	205.7	411.5	0.01	0.0	1
26.64	0	0.0	0.0	0.0	0.0	0.0	0.0	1	1953	205.7	411.5	0.01	0.0	1
26.74	0	0.0	0.0	0.0	0.0	0.0	0.0	1	1953	205.7	411.5	0.01	0.0	1
26.84	0	0.0	0.0	0.0	0.0	0.0	0.0	1	1953	205.7	411.5	0.01	0.0	1
26.94	0	0.0	0.0	0.0	0.0	0.0	0.0	1	1953	205.7	411.5	0.01	0.0	1
27.04	0	0.0	0.0	0.0	0.0	0.0	0.0	1	1953	205.7	411.5	0.01	0.0	1
27.14	0	0.0	0.0	0.0	0.0	0.0	0.0	1	1953	205.7	411.5	0.01	0.0	1
27.24	0	0.0	0.0	0.0	0.0	0.0	0.0	1	1953	205.7	411.5	0.01	0.0	1
27.34	0	0.0	0.0	0.0	0.0	0.0	0.0	1	1953	205.7	411.5	0.01	0.0	1
27.44	0	0.0	0.0	0.0	0.0	0.0	0.0	1	1953	205.7	411.5	0.01	0.0	1
27.54	0	0.0	0.0	0.0	0.0	0.0	0.0	1	1953	205.7	411.5	0.01	0.0	1
27.64	0	0.0	0.0	0.0	0.0	0.0	0.0	1	1953	205.7	411.5	0.01	0.0	1
27.74	0	0.0	0.0	0.0	0.0	0.0	0.0	1	1953	205.7	411.5	0.01	0.0	1
27.87	0	0.0	0.0	0.0	0.0	0.0	0.0	1	1953	205.7	411.5	0.01	0.0	1
27.97	0	0.0	0.0	0.0	0.0	0.0	0.0	1	1953	205.7	411.5	0.01	0.0	1
28.07	0	0.0	0.0	0.0	0.0	0.0	0.0	1	1953	205.7	411.5	0.01	0.0	1
28.17	0	0.0	0.0	0.0	0.0	0.0	0.0	1	1953	205.7	411.5	0.01	0.0	1
28.27	0	0.0	0.0	0.0	0.0	0.0	0.0	1	1953	205.7	411.5	0.01	0.0	1
28.37	0	0.0	0.0	0.0	0.0	0.0	0.0	1	1953	205.7	411.5	0.01	0.0	1
28.48	0	0.0	0.0	0.0	0.0	0.0	0.0	1	1953	205.7	411.5	0.01	0.0	1
28.58	0	0.0	0.0	0.0	0.0	0.0	0.0	1	1953	205.7	411.5	0.01	0.0	1
28.68	0	0.0	0.0	0.0	0.0	0.0	0.0	1	1953	205.7	411.5	0.01	0.0	1
28.78	0	0.0	0.0	0.0	0.0	0.0	0.0	1	1953	205.7	411.5	0.01	0.0	1
28.88	0	0.0	0.0	0.0	0.0	0.0	0.0	1	1953	205.7	411.5	0.01	0.0	1
28.98	0	0.0	0.0	0.0	0.0	0.0	0.0	1	1953	205.7	411.5	0.01	0.0	1
29.08	0	0.0	0.0	0.0	0.0	0.0	0.0	1	1953	205.7	411.5	0.01	0.0	1
29.18	0	0.0	0.0	0.0	0.0	0.0	0.0	1	1953	205.7	411.5	0.01	0.0	1
29.28	0	0.0	0.0	0.0	0.0	0.0	0.0	1	1953	205.7	411.5	0.01	0.0	1
29.38	0	0.0	0.0	0.0	0.0	0.0	0.0	1	1953	205.7	411.5	0.01	0.0	1
29.48	0	0.0	0.0	0.0	0.0	0.0	0.0	1	1953	205.7	411.5	0.01	0.0	1
29.58	0	0.0	0.0	0.0	0.0	0.0	0.0	1	1953	205.7	411.5	0.01	0.0	1
29.69	0	0.0	0.0	0.0	0.0	0.0	0.0	1	1953	205.7	411.5	0.01	0.0	1
29.78	0	0.0	0.0	0.0	0.0	0.0	0.0	1	1953	205.7	411.5	0.01	0.0	1
29.88	0	0.0	0.0	0.0	0.0	0.0	0.0	1	1953	205.7	411.5	0.01	0.0	1
29.98	0	0.0	0.0	0.0	0.0	0.0	0.0	1	1953	205.7	411.5	0.01	0.0	1
30.08	0	0.0	0.0	0.0	0.0	0.0	0.0	1	1953	205.7	411.5	0.01	0.0	1
30.18	0	0.0	0.0	0.0	0.0	0.0	0.0	1	1953	205.7	411.5	0.01	0.0	1
30.28	0	0.0	0.0	0.0	0.0	0.0	0.0	1	1953	205.7	411.5	0.01	0.0	1
30.38	0	0.0	0.0	0.0	0.0	0.0	0.0	1	1953	205.7	411.5	0.01	0.0	1
30.48	0	0.0	0.0	0.0	0.0	0.0	0.0	1	1953	205.7	411.5	0.01	0.0	1
30.59	0	0.0	0.0	0.0	0.0	0.0	0.0	1	1953	205.7	411.5	0.01	0.0	1
30.7	0	0.0	0.0	0.0	0.0	0.0	0.0	1	1953	205.7	411.5	0.01	0.0	1
30.8	0	0.0	0.0	0.0	0.0	0.0	0.0	1	1953	205.7	411.5	0.01	0.0	1
30.9	0	0.0	0.0	0.0	0.0	0.0	0.0	1	1953	205.7	411.5	0.01	0.0	1
31.0	0	0.0	0.0	0.0	0.0	0.0	0.0	1	1953	205.7	411.5	0.01	0.0	1
31.1	0	0.0	0.0	0.0	0.0	0.0	0.0	1	1953	205.7	411.5	0.01	0.0	1
31.2	0	0.0	0.0	0.0	0.0	0.0	0.0	1	1953	205.7	411.5	0.01	0.0	1
31.3	0	0.0	0.0	0.0	0.0	0.0	0.0	1	1953	205.7	411.5	0.01	0.0	1
31.4	0	0.0	0.0	0.0	0.0	0.0	0.0	1	1953	205.7	411.5	0.01	0.0	1
31.5	0	0.0	0.0	0.0	0.0	0.0	0.0	1	1953	205.7	411.5	0.01	0.0	1
31.6	0	0.0	0.0	0.0	0.0	0.0	0.0	1	1953	205.7	411.5	0.01	0.0	1
31.7	0	0.0	0.0	0.0	0.0	0.0	0.0	1	1953	205.7	411.5	0.01	0.0	1
31.8	0	0.0	0.0	0.0	0.0	0.0	0.0	1	1953	205.7	411.5	0.01	0.0	1
31.9	0	0.0	0.0	0.0	0.0	0.0	0.0	1	1953	205.7	411.5	0.01	0.0	1
32.0	0	0.0	0.0	0.0	0.0	0.0	0.0	1	1953	205.7	411.5	0.01	0.0	1
32.1	0	0.0	0.0	0.0	0.0	0.0	0.0	1	1953	205.7	411.5	0.01	0.0	1
32.2	0	0.0	0.0	0.0	0.0	0.0	0.0	1	1953	205.7	411.5	0.01	0.0	1
32.3	0	0.0	0.0	0.0	0.0	0.0	0.0	1	1953	205.7	411.5	0.01	0.0	1
32.4	0	0.0	0.0	0.0	0.0	0.0	0.0	1	1953	205.7	411.5	0.01	0.0	1
32.51	0	0.0	0.0	0.0	0.0	0.0	0.0	1	1953	205.7	411.5	0.01	0.0	1
32.61	0	0.0	0.0	0.0	0.0	0.0	0.0	1	1953	205.7	411.5	0.01	0.0	1
32.71	0	0.0	0.0	0.0	0.0	0.0	0.0	1	1953	205.7	411.5	0.01	0.0	1
32.81	0	0.0	0.0	0.0	0.0	0.0	0.0	1	1953	205.7	411.5	0.01	0.0	1
32.91	0	0.0	0.0	0.0	0.0	0.0	0.0	1	1953	205.7	411.5	0.01	0.0	1
33.01	0	0.0	0.0	0.0	0.0	0.0	0.0	1	1953	205.7	411.5	0.01	0.0	1
33.11	0	0.0	0.0	0.0	0.0	0.0	0.0	1	1953	205.7	411.5	0.01	0.0	1
33.21	0	0.0	0.0	0.0	0.0	0.0	0.0	1	1953	205.7	411.5	0.01	0.0	1
33.31	0	0.0	0.0	0.0	0.0	0.0	0.0	1	1953	205.7	411.5	0.01	0.0	1
33.41	0	0.0	0.0	0.0	0.0	0.0	0.0	1	1953	205.7	411.5	0.01	0.0	1
33.51	0	0.0	0.0	0.0	0.0	0.0	0.0	1	1953	205.7	411.5	0.01	0.0	1
33.61	0	0.0	0.0	0.0	0.0	0.0	0.0	1	1953	205.7	411.5	0.01	0.0	1
33.71	0	0.0	0.0	0.0	0.0	0.0	0.0	1	1953	205.7	411.5	0.01	0.0	1
33.81	0	0.0	0.0	0.0	0.0	0.0	0.0	1	1953	205.7	411.5	0.01	0.0	1
33.91	0	0.0	0.0	0.0	0.0	0.0	0.0	1	1953	205.7	411.5	0.01	0.0	1
34.01	0	0.0	0.0	0.0	0.0	0.0	0.0	1	1953	205.7	411.5	0.01	0.0	1
34.11	0	0.0	0.0	0.0	0.0	0.0	0.0	1	1953	205.7	411.5	0.01	0.0	1
34.21	0	0.0	0.0	0.0	0.0	0.0	0.0	1	1953	205.7	411.5	0.01	0.0	1
34.31	0	0.0	0.0	0.0	0.0	0.0	0.0	1	1953	205.7	411.5	0.01	0.0	1
34.41	0	0.0	0.0	0.0	0.0	0.0	0.0	1	1953	205.7	411.5	0.01	0.0	1
34.51	0	0.0	0.0	0.0	0.0	0.0	0.0	1	1953	205.7	411.5	0.01	0.0	1
34.61	0	0.0	0.0	0.0	0.0	0.0	0.0	1	1953	205.7	411.5	0.01	0.0	1
34.71	0	0.0	0.0	0.0	0.0	0.0	0.0	1	1953	205.7	411.5	0.01	0.0	1
34.81	0	0.0	0.0	0.0	0.0	0.0	0.0	1	1953	205.7	411.5	0.01	0.0	1
34.91	0	0.0	0.0	0.0	0.0	0.0	0.0	1	1953	205.7	411.5	0.01	0.0	1
35.01	0	0.0	0.0	0.0	0.0	0.0	0.0	1	1953	205.7	411.5	0.01	0.0	1
35.11	0	0.0	0.0	0.0	0.0	0.0	0.0	1	1953	205.7	411.5	0.01	0.0	1
35.21	0	0.0	0.0	0.0	0.0	0.0	0.0	1	1953	205.7	411.5	0.01	0.0	1
35.31	0	0.0	0.0	0.0	0.0	0.0	0.0	1	1953	205.7	411.5	0.01	0.0	1
35.41	0	0.0	0.0	0.0	0.0	0.0	0.0	1	1953	205.7	411.5	0.01	0.0	1
35.51	0	0.0	0.0	0.0	0.0	0.0	0.0	1	1953	205.7	411.5	0.01	0.0	1
35.61	0	0.0	0.0	0.0	0.0	0.0	0.0	1	1953	205.7	411.5	0.01	0.0	1
35.71	0	0.0	0.0	0.0	0.0	0.0	0.0	1	1953	205.7	411.5	0.01	0.0	1
35.81	0	0.0	0.0	0.0	0.0	0.0	0.0	1	1953	205.7	411.5	0.01	0.0	1
35.91	0	0.0	0.0	0.0	0.0	0.0	0.0	1	1953	205.7	411.5	0.01	0.0	1
36.01	0	0.0	0.0	0.0	0.0	0.0	0.0	1	1953	205.7	411.5	0.01	0.0	1
36.11	0	0.0	0.0	0.0	0.0	0.0	0.0	1	1953	205.7	411.5	0.01	0.0	1
36.21	0	0.0	0.0	0.0	0.0	0.0	0.0	1	1953	205.7	411.5	0.01	0.0	1
36.31	0	0.0	0.0	0.0	0.0	0.0	0.0	1	1953	205.7	411.5	0.01	0.0	1
36.41	0	0.0	0.0	0.0	0.0	0.0	0.0	1	1953	205.7	411.5	0.01	0.0	1
36.51	0	0.0	0.0	0.0	0.0	0.0	0.0	1	1953	205.7	411.5	0.01	0.0	1
36.61	0	0.0	0.0	0.0	0.0	0.0	0.0	1	1953	205.7	411.5	0.01	0.0	1
36.71	0	0.0	0.0	0.0	0.0	0.0	0.0	1	1953	205.7	411.5	0.01	0.0	1
36.81	0	0.0	0.0	0.0	0.0	0.0	0.0	1	1953	205.7	411.5	0.01	0.0	1
36.91	0	0.0	0.0	0.0	0.0	0.0	0.0	1	1953	205.7	411.5	0.01	0.0	1
37.01	0	0.0	0.0	0.0	0.0	0.0	0.0	1	1953	205.7	411.5	0.01	0.0	1
37.11	0	0.0	0.0	0.0	0.0	0.0	0.0	1	1953	205.7	411.5	0.01	0.0	1
37.21	0	0.0	0.0	0.0	0.0	0.0	0.0	1	1953	205.7	411.5	0.01	0.0	1
37.31	0	0.0	0.0	0.0	0.0	0.0	0.0	1	1953	205.7	411.5	0.01	0.0	1
37.41	0	0.0	0.0	0.0	0.0	0.0	0.0	1	1953	205.7	411.5	0.01	0.0	1
37.51	0	0.0	0.0	0.0	0.0	0.0	0.0	1	1953	205.7	411.5	0.01	0.0	1
37.61	0	0.0	0.0	0.0	0.0	0.0	0.0	1	1953	205.7	411.5	0.01	0.0	1
37.71	0	0.0	0.0	0.0	0.0	0.0	0.0	1	1953	205.7	411.5	0.01	0.0	1
37.84	0	0.0	0.0	0.0	0.0	0.0	0.0	1	1953	205.7	411.5	0.01	0.0	1
37.94	0	0.0	0.0	0.0	0.0	0.0	0.0	1	1953	205.7	411.5	0.01	0.0	1
38.04	0	0.0	0.0	0.0	0.0	0.0	0.0	1	1953	205.7	411.5	0.01	0.0	1
38.14	0	0.0	0.0	0.0	0.0	0.0	0.0	1	1953	205.7	411.5	0.01	0.0	1
38.24	0	0.0	0.0	0.0	0.0	0.0	0.0	1	1953	205.7	411.5	0.01	0.0	1
38.34	0	0.0	0.0	0.0	0.0	0.0	0.0	1	1953	205.7	411.5	0.01	0.0	1
38.44	0	0.0	0.0	0.0	0.0	0.0	0.0	1	1953	205.7	411.5	0.02	0.0	1
38.54	0	0.0	0.0	0.0	0.0	0.0	0.0	1	1953	205.7	411.5	0.02	0.0	1
38.64	0	0.0	0.0	0.0	0.0	0.0	0.0	1	1953	205.7	411.5	0.02	0.0	1
38.74	0	0.0	0.0	0.0	0.0	0.0	0.0	1	1953	205.7	411.5	0.02	0.0	1
38.84	0	0.0	0.0	0.0	0.0	0.0	0.0	1	1953	205.7	411.5	0.02	0.0	1
38.94	0	0.0	0.0	0.0	0.0	0.0	0.0	1	1953	205.7	411.5	0.02	0.0	1
39.04	0	0.0	0.0	0.0	0.0	0.0	0.0	1	1953	205.7	411.5	0.02	0.0	1
39.14	0	0.0	0.0	0.0	0.0	0.0	0.0	1	1953	205.7	411.5	0.02	0.0	1
39.24	0	0.0	0.0	0.0	0.0	0.0	0.0	1	1953	205.7	411.5	0.02	0.0	1
39.34	0	0.0	0.0	0.0	0.0	0.0	0.0	1	1953	205.7	411.5	0.02	0.0	1
39.44	0	0.0	0.0	0.0	0.0	0.0	0.0	1	1953	205.7	411.5	0.02	0.0	1
39.54	0	0.0	0.0	0.0	0.0	0.0	0.0	1	1953	205.7	411.5	0.02	0.0	1
39.64	0	0.0	0.0	0.0	0.0	0.0	0.0	1	1953	205.7	411.5	0.02	0.0	1
39.77	0	0.0	0.0	0.0	0.0	0.0	0.0	1	1953	205.7	411.5	0.02	0.0	1
39.84	0	0.0	0.0	0.0	0.0	0.0	0.0	1	1953	205.7	411.5	0.02	0.0	1
39.94	0	0.0	0.0	0.0	0.0	0.0	0.0	1	1953	205.7	411.5	0.02	0.0	1
40.04	0	0.0	0.0	0.0	0.0	0.0	0.0	1	1953	205.7	411.5	0.02	0.0	1
40.14	0	0.0	0.0	0.0	0.0	0.0	0.0	1	1953	205.7	411.5	0.02	0.0	1
40.24	0	0.0	0.0	0.0	0.0	0.0	0.0	1	1953	205.7	411.5	0.02	0.0	1
40.34	0	0.0	0.0	0.0	0.0	0.0	0.0	1	1953	205.7	411.5	0.02	0.0	1
40.44	0	0.0	0.0	0.0	0.0	0.0	0.0	1	1953	205.7	411.5	0.02	0.0	1
40.54	0	0.0	0.0	0.0	0.0	0.0	0.0	1	1953	205.7	411.5	0.02	0.0	1
40.64	0	0.0	0.0	0.0	0.0	0.0	0.0	1	1953	205.7	411.5	0.02	0.0	1
40.74	0	0.0	0.0	0.0	0.0	0.0	0.0	1	1953	205.7	411.5	0.02	0.0	1
40.86	0	0.0	0.0	0.0	0.0	0.0	0.0	1	1953	205.7	411.5	0.02	0.0	1
40.96	0	0.0	0.0	0.0	0.0	0.0	0.0	1	1953	205.7	411.5	0.02	0.0	1
41.07	0	0.0	0.0	0.0	0.0	0.0	0.0	1	1953	205.7	411.5	0.02	0.0	1
41.17	0	0.0	0.0	0.0	0.0	0.0	0.0	1	1953	205.7	411.5	0.02	0.0	1
41.27	0	0.0	0.0	0.0	0.0	0.0	0.0	1	1953	205.7	411.5	0.02	0.0	1
41.37	0	0.0	0.0	0.0	0.0	0.0	0.0	1	1953	205.7	411.5	0.02	0.0	1
41.47	0	0.0	0.0	0.0	0.0	0.0	0.0	1	1953	205.7	411.5	0.02	0.0	1
41.57	0	0.0	0.0	0.0	0.0	0.0	0.0	1	1953	205.7	411.5	0.02	0.0	1
41.67	0	0.0	0.0	0.0	0.0	0.0	0.0	1	1953	205.7	411.5	0.02	0.0	1
41.77	0	0.0	0.0	0.0	0.0	0.0	0.0	1	1953	205.7	411.5	0.02	0.0	1
41.87	0	0.0	0.0	0.0	0.0	0.0	0.0	1	1953	205.7	411.5	0.02	0.0	1
41.97	0	0.0	0.0	0.0	0.0	0.0	0.0	1	1953	205.7	411.5	0.02	0.0	1
42.07	0	0.0	0.0	0.0	0.0	0.0	0.0	1	1953	205.7	411.5	0.02	0.0	1
42.17	0	0.0	0.0	0.0	0.0	0.0	0.0	1	1953	205.7	411.5	0.02	0.0	1
42.27	0	0.0	0.0	0.0	0.0	0.0	0.0	1	1953	205.7	411.5	0.02	0.0	1
42.39	0	0.0	0.0	0.0	0.0	0.0	0.0	1	1953	205.7	411.5	0.02	0.0	1
42.47	0	0.0	0.0	0.0	0.0	0.0	0.0	1	1953	205.7	411.5	0.02	0.0	1
42.57	0	0.0	0.0	0.0	0.0	0.0	0.0	1	1953	205.7	411.5	0.02	0.0	1
42.67	0	0.0	0.0	0.0	0.0	0.0	0.0	1	1953	205.7	411.5	0.02	0.0	1
42.77	0	0.0	0.0	0.0	0.0	0.0	0.0	1	1953	205.7	411.5	0.02	0.0	1
42.87	0	0.0	0.0	0.0	0.0	0.0	0.0	1	1953	205.7	411.5	0.02	0.0	1
42.97	0	0.0	0.0	0.0	0.0	0.0	0.0	1	1953	205.7	411.5	0.02	0.0	1
43.07	0	0.0	0.0	0.0	0.0	0.0	0.0	1	1953	205.7	411.5	0.02	0.0	1
43.17	0	0.0	0.0	0.0	0.0	0.0	0.0	1	1953	205.7	411.5	0.02	0.0	1
43.27	0	0.0	0.0	0.0	0.0	0.0	0.0	1	1953	205.7	411.5	0.02	0.0	1
43.37	0	0.0	0.0	0.0	0.0	0.0	0.0	1	1953	205.7	411.5	0.02	0.0	1
43.47	0	0.0	0.0	0.0	0.0	0.0	0.0	1	1953	205.7	411.5	0.02	0.0	1
43.57	0	0.0	0.0	0.0	0.0	0.0	0.0	1	1953	205.7	411.5	0.02	0.0	1
43.67	0	0.0	0.0	0.0	0.0	0.0	0.0	1	1953	205.7	411.5	0.02	0.0	1
43.77	0	0.0	0.0	0.0	0.0	0.0	0.0	1	1953	205.7	411.5	0.02	0.0	1
43.87	0	0.0	0.0	0.0	0.0	0.0	0.0	1	1953	205.7	411.5	0.02	0.0	1
43.97	0	0.0	0.0	0.0	0.0	0.0	0.0	1	1953	205.7	411.5	0.02	0.0	1
44.07	0	0.0	0.0	0.0	0.0	0.0	0.0	1	1953	205.7	411.5	0.02	0.0	1
44.17	0	0.0	0.0	0.0	0.0	0.0	0.0	1	1953	205.7	411.5	0.02	0.0	1
44.27	0	0.0	0.0	0.0	0.0	0.0	0.0	1	1953	205.7	411.5	0.02	0.0	1
44.37	0	0.0	0.0	0.0	0.0	0.0	0.0	1	1953	205.7	411.5	0.02	0.0	1
44.48	0	0.0	0.0	0.0	0.0	0.0	0.0	1	1953	205.7	411.5	0.02	0.0	1
44.58	0	0.0	0.0	0.0	0.0	0.0	0.0	1	1953	205.7	411.5	0.02	0.0	1
44.68	0	0.0	0.0	0.0	0.0	0.0	0.0	1	1953	205.7	411.5	0.02	0.0	1
44.78	0	0.0	0.0	0.0	0.0	0.0	0.0	1	1953	205.7	411.5	0.02	0.0	1
44.88	0	0.0	0.0	0.0	0.0	0.0	0.0	1	1953	205.7	411.5	0.02	0.0	1
44.98	0	0.0	0.0	0.0	0.0	0.0	0.0	1	1953	205.7	411.5	0.02	0.0	1
45.08	0	0.0	0.0	0.0	0.0	0.0	0.0	1	1953	205.7	411.5	0.02	0.0	1
45.18	0	0.0	0.0	0.0	0.0	0.0	0.0	1	1953	205.7	411.5	0.02	0.0	1
45.27	0	0.0	0.0	0.0	0.0	0.0	0.0	1	1953	205.7	411.5	0.02	0.0	1
45.37	0	0.0	0.0	0.0	0.0	0.0	0.0	1	1953	205.7	411.5	0.02	0.0	1
45.47	0	0.0	0.0	0.0	0.0	0.0	0.0	1	1953	205.7	411.5	0.02	0.0	1
45.57	0	0.0	0.0	0.0	0.0	0.0	0.0	1	1953	205.7	411.5	0.02	0.0	1
45.67	0	0.0	0.0	0.0	0.0	0.0	0.0	1	1953	205.7	411.5	0.02	0.0	1
45.77	0	0.0	0.0	0.0	0.0	0.0	0.0	1	1953	205.7	411.5	0.02	0.0	1
45.87	0	0.0	0.0	0.0	0.0	0.0	0.0	1	1953	205.7	411.5	0.02	0.0	1
45.97	0	0.0	0.0	0.0	0.0	0.0	0.0	1	1953	205.7	411.5	0.02	0.0	1
46.07	0	0.0	0.0	0.0	0.0	0.0	0.0	1	1953	205.7	411.5	0.02	0.0	1
46.17	0	0.0	0.0	0.0	0.0	0.0	0.0	1	1953	205.7	411.5	0.02	0.0	1
46.27	0	0.0	0.0	0.0	0.0	0.0	0.0	1	1953	205.7	411.5	0.02	0.0	1
46.37	0	0.0	0.0	0.0	0.0	0.0	0.0	1	1953	205.7	411.5	0.02	0.0	1
46.47	0	0.0	0.0	0.0	0.0	0.0	0.0	1	1953	205.7	411.5	0.02	0.0	1
46.57	0	0.0	0.0	0.0	0.0	0.0	0.0	1	1953	205.7	411.5	0.02	0.0	1
46.68	0	0.0	0.0	0.0	0.0	0.0	0.0	1	1953	205.7	411.5	0.02	0.0	1
46.78	0	0.0	0.0	0.0	0.0	0.0	0.0	1	1953	205.7	411.5	0.02	0.0	1
46.88	0	0.0	0.0	0.0	0.0	0.0	0.0	1	1953	205.7	411.5	0.02	0.0	1
46.98	0	0.0	0.0	0.0	0.0	0.0	0.0	1	1953	205.7	411.5	0.02	0.0	1
47.08	0	0.0	0.0	0.0	0.0	0.0	0.0	1	1953	205.7	411.5	0.02	0.0	1
47.18	0	0.0	0.0	0.0	0.0	0.0	0.0	1	1953	205.7	411.5	0.02	0.0	1
47.28	0	0.0	0.0	0.0	0.0	0.0	0.0	1	1953	205.7	411.5	0.02	0.0	1
47.38	0	0.0	0.0	0.0	0.0	0.0	0.0	1	1953	205.7	411.5	0.02	0.0	1
47.48	0	0.0	0.0	0.0	0.0	0.0	0.0	1	1953	205.7	411.5	0.02	0.0	1
47.58	0	0.0	0.0	0.0	0.0	0.0	0.0	1	1953	205.7	411.5	0.02	0.0	1
47.69	0	0.0	0.0	0.0	0.0	0.0	0.0	1	1953	205.7	411.5	0.02	0.0	1
47.77	0	0.0	0.0	0.0	0.0	0.0	0.0	1	1953	205.7	411.5	0.02	0.0	1
47.91	0	0.0	0.0	0.0	0.0	0.0	0.0	1	1953	205.7	411.5	0.02	0.0	1
48.01	0	0.0	0.0	0.0	0.0	0.0	0.0	1	1953	205.7	411.5	0.02	0.0	1
48.11	0	0.0	0.0	0.0	0.0	0.0	0.0	1	1953	205.7	411.5	0.02	0.0	1
48.21	0	0.0	0.0	0.0	0.0	0.0	0.0	1	1953	205.7	411.5	0.02	0.0	1
48.31	0	0.0	0.0	0.0	0.0	0.0	0.0	1	1953	205.7	411.5	0.02	0.0	1
48.41	0	0.0	0.0	0.0	0.0	0.0	0.0	1	1953	205.7	411.5	0.02	0.0	1
48.51	0	0.0	0.0	0.0	0.0	0.0	0.0	1	1953	205.7	411.5	0.02	0.0	1
48.61	0	0.0	0.0	0.0	0.0	0.0	0.0	1	1953	205.7	411.5	0.02	0.0	1
48.71	0	0.0	0.0	0.0	0.0	0.0	0.0	1	1953	205.7	411.5	0.02	0.0	1
48.81	0	0.0	0.0	0.0	0.0	0.0	0.0	1	1953	205.7	411.5	0.02	0.0	1
48.91	0	0.0	0.0	0.0	0.0	0.0	0.0	1	1953	205.7	411.5	0.02	0.0	1
49.01	0	0.0	0.0	0.0	0.0	0.0	0.0	1	1953	205.7	411.5	0.02	0.0	1
49.11	0	0.0	0.0	0.0	0.0	0.0	0.0	1	1953	205.7	411.5	0.02	0.0	1
49.21	0	0.0	0.0	0.0	0.0	0.0	0.0	1	1953	205.7	411.5	0.02	0.0	1
49.31	0	0.0	0.0	0.0	0.0	0.0	0.0	1	1953	205.7	411.5	0.02	0.0	1
49.41	0	0.0	0.0	0.0	0.0	0.0	0.0	1	1953	205.7	411.5	0.02	0.0	1
49.51	0	0.0	0.0	0.0	0.0	0.0	0.0	1	1953	205.7	411.5	0.02	0.0	1
49.61	0	0.0	0.0	0.0	0.0	0.0	0.0	1	1953	205.7	411.5	0.02	0.0	1
49.71	0	0.0	0.0	0.0	0.0	0.0	0.0	1	1953	205.7	411.5	0.02	0.0	1
49.81	0	0.0	0.0	0.0	0.0	0.0	0.0	1	1953	205.7	411.5	0.02	0.0	1
49.91	0	0.0	0.0	0.0	0.0	0.0	0.0	1	1953	205.7	411.5	0.02	0.0	1
50.01	0	0.0	0.0	0.0	0.0	0.0	0.0	1	1953	205.7	411.5	0.02	0.0	1
50.11	0	0.0	0.0	0.0	0.0	0.0	0.0	1	1953	205.7	411.5	0.02	0.0	1
50.21	0	0.0	0.0	0.0	0.0	0.0	0.0	1	1953	205.7	411.5	0.02	0.0	1
50.31	0	0.0	0.0	0.0	0.0	0.0	0.0	1	1953	205.7	411.5	0.02	0.0	1
50.42	0	0.0	0.0	0.0	0.0	0.0	0.0	1	1953	205.7	411.5	0.02	0.0	1
50.51	0	0.0	0.0	0.0	0.0	0.0	0.0	1	1953	205.7	411.5	0.02	0.0	1
50.61	0	0.0	0.0	0.0	0.0	0.0	0.0	1	1953	205.7	411.5	0.02	0.0	1
50.71	0	0.0	0.0	0.0	0.0	0.0	0.0	1	1953	205.7	411.5	0.02	0.0	1
50.81	0	0.0	0.0	0.0	0.0	0.0	0.0	1	1953	205.7	411.5	0.02	0.0	1
50.91	0	0.0	0.0	0.0	0.0	0.0	0.0	1	1953	205.7	411.5	0.02	0.0	1
51.01	0	0.0	0.0	0.0	0.0	0.0	0.0	1	1953	205.7	411.5	0.02	0.0	1
51.11	0	0.0	0.0	0.0	0.0	0.0	0.0	1	1953	205.7	411.5	0.02	0.0	1
51.21	0	0.0	0.0	0.0	0.0	0.0	0.0	1	1953	205.7	411.5	0.02	0.0	1
51.31	0	0.0	0.0	0.0	0.0	0.0	0.0	1	1953	205.7	411.5	0.02	0.0	1
51.41	0	0.0	0.0	0.0	0.0	0.0	0.0	1	1953	205.7	411.5	0.02	0.0	1
51.51	0	0.0	0.0	0.0	0.0	0.0	0.0	1	1953	205.7	411.5	0.02	0.0	1
51.61	0	0.0	0.0	0.0	0.0	0.0	0.0	1	1953	205.7	411.5	0.02	0.0	1
51.71	0	0.0	0.0	0.0	0.0	0.0	0.0	1	1953	205.7	411.5	0.02	0.0	1
51.81	0	0.0	0.0	0.0	0.0	0.0	0.0	1	1953	205.7	411.5	0.02	0.0	1
51.91	0	0.0	0.0	0.0	0.0	0.0	0.0	1	1953	205.7	411.5	0.02	0.0	1
52.01	0	0.0	0.0	0.0	0.0	0.0	0.0	1	1953	205.7	411.5	0.02	0.0	1
52.11	0	0.0	0.0	0.0	0.0	0.0	0.0	1	1953	205.7	411.5	0.02	0.0	1
52.21	0	0.0	0.0	0.0	0.0	0.0	0.0	1	1953	205.7	411.5	0.02	0.0	1
52.31	0	0.0	0.0	0.0	0.0	0.0	0.0	1	1953	205.7	411.5	0.02	0.0	1
52.41	0	0.0	0.0	0.0	0.0	0.0	0.0	1	1953	205.7	411.5	0.02	0.0	1
52.51	0	0.0	0.0	0.0	0.0	0.0	0.0	1	1953	205.7	411.5	0.02	0.0	1
52.61	0	0.0	0.0	0.0	0.0	0.0	0.0	1	1953	205.7	411.5	0.02	0.0	1
52.71	0	0.0	0.0	0.0	0.0	0.0	0.0	1	1953	205.7	411.5	0.02	0.0	1
52.81	0	0.0	0.0	0.0	0.0	0.0	0.0	1	1953	205.7	411.5	0.02	0.0	1
52.91	0	0.0	0.0	0.0	0.0	0.0	0.0	1	1953	205.7	411.5	0.02	0.0	1
53.01	0	0.0	0.0	0.0	0.0	0.0	0.0	1	1953	205.7	411.5	0.02	0.0	1
53.11	0	0.0	0.0	0.0	0.0	0.0	0.0	1	1953	205.7	411.5	0.02	0.0	1
53.21	0	0.0	0.0	0.0	0.0	0.0	0.0	1	1953	205.7	411.5	0.02	0.0	1
53.31	0	0.0	0.0	0.0	0.0	0.0	0.0	1	1953	205.7	411.5	0.02	0.0	1
53.41	0	0.0	0.0	0.0	0.0	0.0	0.0	1	1953	205.7	411.5	0.02	0.0	1
53.51	0	0.0	0.0	0.0	0.0	0.0	0.0	1	1953	205.7	411.5	0.02	0.0	1
53.61	0	0.0	0.0	0.0	0.0	0.0	0.0	1	1953	205.7	411.5	0.02	0.0	1
53.71	0	0.0	0.0	0.0	0.0	0.0	0.0	1	1953	205.7	411.5	0.02	0.0	1
53.81	0	0.0	0.0	0.0	0.0	0.0	0.0	1	1953	205.7	411.5	0.02	0.0	1
53.91	0	0.0	0.0	0.0	0.0	0.0	0.0	1	1953	205.7	411.5	0.02	0.0	1
54.01	0	0.0	0.0	0.0	0.0	0.0	0.0	1	1953	205.7	411.5	0.02	0.0	1
54.11	0	0.0	0.0	0.0	0.0	0.0	0.0	1	1953	205.7	411.5	0.02	0.0	1
54.21	0	0.0	0.0	0.0	0.0	0.0	0.0	1	1953	205.7	411.5	0.02	0.0	1
54.31	0	0.0	0.0	0.0	0.0	0.0	0.0	1	1953	205.7	411.5	0.02	0.0	1
54.41	0	0.0	0.0	0.0	0.0	0.0	0.0	1	1953	205.7	411.5	0.02	0.0	1
54.51	0	0.0	0.0	0.0	0.0	0.0	0.0	1	1953	205.7	411.5	0.02	0.0	1
54.61	0	0.0	0.0	0.0	0.0	0.0	0.0	1	1953	205.7	411.5	0.02	0.0	1
54.71	0	0.0	0.0	0.0	0.0	0.0	0.0	1	1953	205.7	411.5	0.02	0.0	1
54.81	0	0.0	0.0	0.0	0.0	0.0	0.0	1	1953	205.7	411.5	0.02	0.0	1
54.91	0	0.0	0.0	0.0	0.0	0.0	0.0	1	1953	205.7	411.5	0.02	0.0	1
55.01	0	0.0	0.0	0.0	0.0	0.0	0.0	1	1953	205.7	411.5	0.02	0.0	1
55.11	0	0.0	0.0	0.0	0.0	0.0	0.0	1	1953	205.7	411.5	0.02	0.0	1
55.21	0	0.0	0.0	0.0	0.0	0.0	0.0	1	1953	205.7	411.5	0.02	0.0	1
55.31	0	0.0	0.0	0.0	0.0	0.0	0.0	1	1953	205.7	411.5	0.02	0.0	1
55.41	0	0.0	0.0	0.0	0.0	0.0	0.0	1	1953	205.7	411.5	0.02	0.0	1
55.51	0	0.0	0.0	0.0	0.0	0.0	0.0	1	1953	205.7	411.5	0.02	0.0	1
55.61	0	0.0	0.0	0.0	0.0	0.0	0.0	1	1953	205.7	411.5	0.02	0.0	1
55.71	0	0.0	0.0	0.0	0.0	0.0	0.0	1	1953	205.7	411.5	0.02	0.0	1
55.81	0	0.0	0.0	0.0	0.0	0.0	0.0	1	1953	205.7	411.5	0.02	0.0	1
55.92	0	0.0	0.0	0.0	0.0	0.0	0.0	1	1953	205.7	411.5	0.02	0.0	1
56.02	0	0.0	0.0	0.0	0.0	0.0	0.0	1	1953	205.7	411.5	0.02	0.0	1
56.12	0	0.0	0.0	0.0	0.0	0.0	0.0	1	1953	205.7	411.5	0.02	0.0	1
56.22	0	0.0	0.0	0.0	0.0	0.0	0.0	1	1953	205.7	411.5	0.02	0.0	1
56.34	0	0.0	0.0	0.0	0.0	0.0	0.0	1	1953	205.7	411.5	0.02	0.0	1
56.44	0	0.0	0.0	0.0	0.0	0.0	0.0	1	1953	205.7	411.5	0.02	0.0	1
56.54	0	0.0	0.0	0.0	0.0	0.0	0.0	1	1953	205.7	411.5	0.02	0.0	1
56.64	0	0.0	0.0	0.0	0.0	0.0	0.0	1	1953	205.7	411.5	0.02	0.0	1
56.74	0	0.0	0.0	0.0	0.0	0.0	0.0	1	1953	205.7	411.5	0.02	0.0	1
56.84	0	0.0	0.0	0.0	0.0	0.0	0.0	1	1953	205.7	411.5	0.02	0.0	1
56.94	0	0.0	0.0	0.0	0.0	0.0	0.0	1	1953	205.7	411.5	0.02	0.0	1
57.04	0	0.0	0.0	0.0	0.0	0.0	0.0	1	1953	205.7	411.5	0.02	0.0	1
57.14	0	0.0	0.0	0.0	0.0	0.0	0.0	1	1953	205.7	411.5	0.02	0.0	1
57.24	0	0.0	0.0	0.0	0.0	0.0	0.0	1	1953	205.7	411.5	0.02	0.0	1
57.34	0	0.0	0.0	0.0	0.0	0.0	0.0	1	1953	205.7	411.5	0.02	0.0	1
57.44	0	0.0	0.0	0.0	0.0	0.0	0.0	1	1953	205.7	411.5	0.02	0.0	1
57.54	0	0.0	0.0	0.0	0.0	0.0	0.0	1	1953	205.7	411.5	0.02	0.0	1
57.64	0	0.0	0.0	0.0	0.0	0.0	0.0	1	1953	205.7	411.5	0.02	0.0	1
57.74	0	0.0	0.0	0.0	0.0	0.0	0.0	1	1953	205.7	411.5	0.02	0.0	1
57.87	0	0.0	0.0	0.0	0.0	0.0	0.0	1	1953	205.7	411.5	0.02	0.0	1
57.97	0	0.0	0.0	0.0	0.0	0.0	0.0	1	1953	205.7	411.5	0.02	0.0	1
58.07	0	0.0	0.0	0.0	0.0	0.0	0.0	1	1953	205.7	411.5	0.02	0.0	1
58.17	0	0.0	0.0	0.0	0.0	0.0	0.0	1	1953	205.7	411.5	0.02	0.0	1
58.27	0	0.0	0.0	0.0	0.0	0.0	0.0	1	1953	205.7	411.5	0.02	0.0	1
58.37	0	0.0	0.0	0.0	0.0	0.0	0.0	1	1953	205.7	411.5	0.02	0.0	1
58.47	0	0.0	0.0	0.0	0.0	0.0	0.0	1	1953	205.7	411.5	0.02	0.0	1
58.57	0	0.0	0.0	0.0	0.0	0.0	0.0	1	1953	205.7	411.5	0.02	0.0	1
58.67	0	0.0	0.0	0.0	0.0	0.0	0.0	1	1953	205.7	411.5	0.02	0.0	1
58.79	0	0.0	0.0	0.0	0.0	0.0	0.0	1	1953	205.7	411.5	0.02	0.0	1
58.88	0	0.0	0.0	0.0	0.0	0.0	0.0	1	1953	205.7	411.5	0.02	0.0	1
58.98	0	0.0	0.0	0.0	0.0	0.0	0.0	1	1953	205.7	411.5	0.02	0.0	1
59.08	0	0.0	0.0	0.0	0.0	0.0	0.0	1	1953	205.7	411.5	0.02	0.0	1
59.18	0	0.0	0.0	0.0	0.0	0.0	0.0	1	1953	205.7	411.5	0.02	0.0	1
59.28	0	0.0	0.0	0.0	0.0	0.0	0.0	1	1953	205.7	411.5	0.02	0.0	1
59.37	0	0.0	0.0	0.0	0.0	0.0	0.0	1	1953	205.7	411.5	0.02	0.0	1
59.48	0	0.0	0.0	0.0	0.0	0.0	0.0	1	1953	205.7	411.5	0.02	0.0	1
59.57	0	0.0	0.0	0.0	0.0	0.0	0.0	1	1953	205.7	411.5	0.02	0.0	1
59.68	0	0.0	0.0	0.0	0.0	0.0	0.0	1	1953	205.7	411.5	0.02	0.0	1
59.78	0	0.0	0.0	0.0	0.0	0.0	0.0	1	1953	205.7	411.5	0.02	0.0	1
59.88	0	0.0	0.0	0.0	0.0	0.0	0.0	1	1953	205.7	411.5	0.02	0.0	1
59.98	0	0.0	0.0	0.0	0.0	0.0	0.0	1	1953	205.7	411.5	0.02	0.0	1
60.08	0	0.0	0.0	0.0	0.0	0.0	0.0	1	1953	205.7	411.5	0.02	0.0	1
60.17	0	0.0	0.0	0.0	0.0	0.0	0.0	1	1953	205.7	411.5	0.02	0.0	1
60.29	0	0.0	0.0	0.0	0.0	0.0	0.0	1	1953	205.7	411.5	0.02	0.0	1
60.39	0	0.0	0.0	0.0	0.0	0.0	0.0	1	1953	205.7	411.5	0.02	0.0	1
60.49	0	0.0	0.0	0.0	0.0	0.0	0.0	1	1953	205.7	411.5	0.02	0.0	1
60.59	0	0.0	0.0	0.0	0.0	0.0	0.0	1	1953	205.7	411.5	0.02	0.0	1
60.69	0	0.0	0.0	0.0	0.0	0.0	0.0	1	1953	205.7	411.5	0.02	0.0	1
60.79	0	0.0	0.0	0.0	0.0	0.0	0.0	1	1953	205.7	411.5	0.02	0.0	1
60.89	0	0.0	0.0	0.0	0.0	0.0	0.0	1	1953	205.7	411.5	0.02	0.0	1
60.99	0	0.0	0.0	0.0	0.0	0.0	0.0	1	1953	205.7	411.5	0.02	0.0	1
61.09	0	0.0	0.0	0.0	0.0	0.0	0.0	1	1953	205.7	411.5	0.02	0.0	1
61.19	0	0.0	0.0	0.0	0.0	0.0	0.0	1	1953	205.7	411.5	0.02	0.0	1
61.29	0	0.0	0.0	0.0	0.0	0.0	0.0	1	1953	205.7	411.5	0.02	0.0	1
61.39	0	0.0	0.0	0.0	0.0	0.0	0.0	1	1953	205.7	411.5	0.02	0.0	1
61.49	0	0.0	0.0	0.0	0.0	0.0	0.0	1	1953	205.7	411.5	0.02	0.0	1
61.59	0	0.0	0.0	0.0	0.0	0.0	0.0	1	1953	205.7	411.5	0.02	0.0	1
61.69	0	0.0	0.0	0.0	0.0	0.0	0.0	1	1953	205.7	411.5	0.02	0.0	1
61.79	0	0.0	0.0	0.0	0.0	0.0	0.0	1	1953	205.7	411.5	0.02	0.0	1
61.89	0	0.0	0.0	0.0	0.0	0.0	0.0	1	1953	205.7	411.5	0.02	0.0	1
61.99	0	0.0	0.0	0.0	0.0	0.0	0.0	1	1953	205.7	411.5	0.02	0.0	1
62.09	0	0.0	0.0	0.0	0.0	0.0	0.0	1	1953	205.7	411.5	0.02	0.0	1
62.19	0	0.0	0.0	0.0	0.0	0.0	0.0	1	1953	205.7	411.5	0.02	0.0	1
62.29	0	0.0	0.0	0.0	0.0	0.0	0.0	1	1953	205.7	411.5	0.02	0.0	1
62.39	0	0.0	0.0	0.0	0.0	0.0	0.0	1	1953	205.7	411.5	0.02	0.0	1
62.49	0	0.0	0.0	0.0	0.0	0.0	0.0	1	1953	205.7	411.5	0.02	0.0	1
62.59	0	0.0	0.0	0.0	0.0	0.0	0.0	1	1953	205.7	411.5	0.02	0.0	1
62.69	0	0.0	0.0	0.0	0.0	0.0	0.0	1	1953	205.7	411.5	0.02	0.0	1
62.79	0	0.0	0.0	0.0	0.0	0.0	0.0	1	1953	205.7	411.5	0.02	0.0	1
62.89	0	0.0	0.0	0.0	0.0	0.0	0.0	1	1953	205.7	411.5	0.02	0.0	1
62.99	0	0.0	0.0	0.0	0.0	0.0	0.0	1	1953	205.7	411.5	0.02	0.0	1
63.09	0	0.0	0.0	0.0	0.0	0.0	0.0	1	1953	205.7	411.5	0.02	0.0	1
63.19	0	0.0	0.0	0.0	0.0	0.0	0.0	1	1953	205.7	411.5	0.02	0.0	1
63.29	0	0.0	0.0	0.0	0.0	0.0	0.0	1	1953	205.7	411.5	0.02	0.0	1
63.39	0	0.0	0.0	0.0	0.0	0.0	0.0	1	1953	205.7	411.5	0.02	0.0	1
63.49	0	0.0	0.0	0.0	0.0	0.0	0.0	1	1953	205.7	411.5	0.02	0.0	1
63.59	0	0.0	0.0	0.0	0.0	0.0	0.0	1	1953	205.7	411.5	0.02	0.0	1
63.69	0	0.0	0.0	0.0	0.0	0.0	0.0	1	1953	205.7	411.5	0.02	0.0	1
63.79	0	0.0	0.0	0.0	0.0	0.0	0.0	1	1953	205.7	411.5	0.02	0.0	1
63.89	0	0.0	0.0	0.0	0.0	0.0	0.0	1	1953	205.7	411.5	0.02	0.0	1
63.99	0	0.0	0.0	0.0	0.0	0.0	0.0	1	1953	205.7	411.5	0.02	0.0	1
64.09	0	0.0	0.0	0.0	0.0	0.0	0.0	1	1953	205.7	411.5	0.03	0.0	1
64.19	0	0.0	0.0	0.0	0.0	0.0	0.0	1	1953	205.7	411.5	0.03	0.0	1
64.29	0	0.0	0.0	0.0	0.0	0.0	0.0	1	1953	205.7	411.5	0.03	0.0	1
64.39	0	0.0	0.0	0.0	0.0	0.0	0.0	1	1953	205.7	411.5	0.03	0.0	1
64.52	0	0.0	0.0	0.0	0.0	0.0	0.0	1	1953	205.7	411.5	0.03	0.0	1
64.59	0	0.0	0.0	0.0	0.0	0.0	0.0	1	1953	205.7	411.5	0.03	0.0	1
64.69	0	0.0	0.0	0.0	0.0	0.0	0.0	1	1953	205.7	411.5	0.03	0.0	1
64.79	0	0.0	0.0	0.0	0.0	0.0	0.0	1	1953	205.7	411.5	0.03	0.0	1
64.89	0	0.0	0.0	0.0	0.0	0.0	0.0	1	1953	205.7	411.5	0.03	0.0	1
64.99	0	0.0	0.0	0.0	0.0	0.0	0.0	1	1953	205.7	411.5	0.03	0.0	1
65.09	0	0.0	0.0	0.0	0.0	0.0	0.0	1	1953	205.7	411.5	0.03	0.0	1
65.19	0	0.0	0.0	0.0	0.0	0.0	0.0	1	1953	205.7	411.5	0.03	0.0	1
65.29	0	0.0	0.0	0.0	0.0	0.0	0.0	1	1953	205.7	411.5	0.03	0.0	1
65.39	0	0.0	0.0	0.0	0.0	0.0	0.0	1	1953	205.7	411.5	0.03	0.0	1
65.49	0	0.0	0.0	0.0	0.0	0.0	0.0	1	1953	205.7	411.5	0.03	0.0	1
65.59	0	0.0	0.0	0.0	0.0	0.0	0.0	1	1953	205.7	411.5	0.03	0.0	1
65.69	0	0.0	0.0	0.0	0.0	0.0	0.0	1	1953	205.7	411.5	0.03	0.0	1
65.79	0	0.0	0.0	0.0	0.0	0.0	0.0	1	1953	205.7	411.5	0.03	0.0	1
65.89	0	0.0	0.0	0.0	0.0	0.0	0.0	1	1953	205.7	411.5	0.03	0.0	1
65.99	0	0.0	0.0	0.0	0.0	0.0	0.0	1	1953	205.7	411.5	0.03	0.0	1
66.09	0	0.0	0.0	0.0	0.0	0.0	0.0	1	1953	205.7	411.5	0.03	0.0	1
66.19	0	0.0	0.0	0.0	0.0	0.0	0.0	1	1953	205.7	411.5	0.03	0.0	1
66.29	0	0.0	0.0	0.0	0.0	0.0	0.0	1	1953	205.7	411.5	0.03	0.0	1
66.39	0	0.0	0.0	0.0	0.0	0.0	0.0	1	1953	205.7	411.5	0.03	0.0	1
66.49	0	0.0	0.0	0.0	0.0	0.0	0.0	1	1953	205.7	411.5	0.03	0.0	1
66.59	0	0.0	0.0	0.0	0.0	0.0	0.0	1	1953	205.7	411.5	0.03	0.0	1
66.69	0	0.0	0.0	0.0	0.0	0.0	0.0	1	1953	205.7	411.5	0.03	0.0	1
66.79	0	0.0	0.0	0.0	0.0	0.0	0.0	1	1953	205.7	411.5	0.03	0.0	1
66.89	0	0.0	0.0	0.0	0.0	0.0	0.0	1	1953	205.7	411.5	0.03	0.0	1
66.99	0	0.0	0.0	0.0	0.0	0.0	0.0	1	1953	205.7	411.5	0.03	0.0	1
67.09	0	0.0	0.0	0.0	0.0	0.0	0.0	1	1953	205.7	411.5	0.03	0.0	1
67.19	0	0.0	0.0	0.0	0.0	0.0	0.0	1	1953	205.7	411.5	0.03	0.0	1
67.29	0	0.0	0.0	0.0	0.0	0.0	0.0	1	1953	205.7	411.5	0.03	0.0	1
67.42	0	0.0	0.0	0.0	0.0	0.0	0.0	1	1953	205.7	411.5	0.03	0.0	1
67.49	0	0.0	0.0	0.0	0.0	0.0	0.0	1	1953	205.7	411.5	0.03	0.0	1
67.59	0	0.0	0.0	0.0	0.0	0.0	0.0	1	1953	205.7	411.5	0.03	0.0	1
67.69	0	0.0	0.0	0.0	0.0	0.0	0.0	1	1953	205.7	411.5	0.03	0.0	1
67.79	0	0.0	0.0	0.0	0.0	0.0	0.0	1	1953	205.7	411.5	0.03	0.0	1
67.93	0	0.0	0.0	0.0	0.0	0.0	0.0	1	1953	205.7	411.5	0.03	0.0	1
68.03	0	0.0	0.0	0.0	0.0	0.0	0.0	1	1953	205.7	411.5	0.03	0.0	1
68.13	0	0.0	0.0	0.0	0.0	0.0	0.0	1	1953	205.7	411.5	0.03	0.0	1
68.23	0	0.0	0.0	0.0	0.0	0.0	0.0	1	1953	205.7	411.5	0.03	0.0	1
68.33	0	0.0	0.0	0.0	0.0	0.0	0.0	1	1953	205.7	411.5	0.03	0.0	1
68.43	0	0.0	0.0	0.0	0.0	0.0	0.0	1	1953	205.7	411.5	0.03	0.0	1
68.53	0	0.0	0.0	0.0	0.0	0.0	0.0	1	1953	205.7	411.5	0.03	0.0	1
68.63	0	0.0	0.0	0.0	0.0	0.0	0.0	1	1953	205.7	411.5	0.03	0.0	1
68.73	0	0.0	0.0	0.0	0.0	0.0	0.0	1	1953	205.7	411.5	0.03	0.0	1
68.83	0	0.0	0.0	0.0	0.0	0.0	0.0	1	1953	205.7	411.5	0.03	0.0	1
68.93	0	0.0	0.0	0.0	0.0	0.0	0.0	1	1953	205.7	411.5	0.03	0.0	1
69.03	0	0.0	0.0	0.0	0.0	0.0	0.0	1	1953	205.7	411.5	0.03	0.0	1
69.13	0	0.0	0.0	0.0	0.0	0.0	0.0	1	1953	205.7	411.5	0.03	0.0	1
69.23	0	0.0	0.0	0.0	0.0	0.0	0.0	1	1953	205.7	411.5	0.03	0.0	1
69.33	0	0.0	0.0	0.0	0.0	0.0	0.0	1	1953	205.7	411.5	0.03	0.0	1
69.43	0	0.0	0.0	0.0	0.0	0.0	0.0	1	1953	205.7	411.5	0.03	0.0	1
69.53	0	0.0	0.0	0.0	0.0	0.0	0.0	1	1953	205.7	411.5	0.03	0.0	1
69.63	0	0.0	0.0	0.0	0.0	0.0	0.0	1	1953	205.7	411.5	0.03	0.0	1
69.73	0	0.0	0.0	0.0	0.0	0.0	0.0	1	1953	205.7	411.5	0.03	0.0	1
69.83	0	0.0	0.0	0.0	0.0	0.0	0.0	1	1953	205.7	411.5	0.03	0.0	1
69.93	0	0.0	0.0	0.0	0.0	0.0	0.0	1	1953	205.7	411.5	0.03	0.0	1
70.03	0	0.0	0.0	0.0	0.0	0.0	0.0	1	1953	205.7	411.5	0.03	0.0	1
70.13	0	0.0	0.0	0.0	0.0	0.0	0.0	1	1953	205.7	411.5	0.03	0.0	1
70.23	0	0.0	0.0	0.0	0.0	0.0	0.0	1	1953	205.7	411.5	0.03	0.0	1
70.33	0	0.0	0.0	0.0	0.0	0.0	0.0	1	1953	205.7	411.5	0.03	0.0	1
70.43	0	0.0	0.0	0.0	0.0	0.0	0.0	1	1953	205.7	411.5	0.03	0.0	1
70.53	0	0.0	0.0	0.0	0.0	0.0	0.0	1	1953	205.7	411.5	0.03	0.0	1
70.62	0	0.0	0.0	0.0	0.0	0.0	0.0	1	1953	205.7	411.5	0.03	0.0	1
70.72	0	0.0	0.0	0.0	0.0	0.0	0.0	1	1953	205.7	411.5	0.03	0.0	1
70.82	0	0.0	0.0	0.0	0.0	0.0	0.0	1	1953	205.7	411.5	0.03	0.0	1
70.92	0	0.0	0.0	0.0	0.0	0.0	0.0	1	1953	205.7	411.5	0.03	0.0	1
71.02	0	0.0	0.0	0.0	0.0	0.0	0.0	1	1953	205.7	411.5	0.03	0.0	1
71.12	0	0.0	0.0	0.0	0.0	0.0	0.0	1	1953	205.7	411.5	0.03	0.0	1
71.22	0	0.0	0.0	0.0	0.0	0.0	0.0	1	1953	205.7	411.5	0.03	0.0	1
71.32	0	0.0	0.0	0.0	0.0	0.0	0.0	1	1953	205.7	411.5	0.03	0.0	1
71.42	0	0.0	0.0	0.0	0.0	0.0	0.0	1	1953	205.7	411.5	0.03	0.0	1
71.52	0	0.0	0.0	0.0	0.0	0.0	0.0	1	1953	205.7	411.5	0.03	0.0	1
71.62	0	0.0	0.0	0.0	0.0	0.0	0.0	1	1953	205.7	411.5	0.03	0.0	1
71.72	0	0.0	0.0	0.0	0.0	0.0	0.0	1	1953	205.7	411.5	0.03	0.0	1
71.82	0	0.0	0.0	0.0	0.0	0.0	0.0	1	1953	205.7	411.5	0.03	0.0	1
71.92	0	0.0	0.0	0.0	0.0	0.0	0.0	1	1953	205.7	411.5	0.03	0.0	1
72.02	0	0.0	0.0	0.0	0.0	0.0	0.0	1	1953	205.7	411.5	0.03	0.0	1
72.12	0	0.0	0.0	0.0	0.0	0.0	0.0	1	1953	205.7	411.5	0.03	0.0	1
72.22	0	0.0	0.0	0.0	0.0	0.0	0.0	1	1953	205.7	411.5	0.03	0.0	1
72.33	0	0.0	0.0	0.0	0.0	0.0	0.0	1	1953	205.7	411.5	0.03	0.0	1
72.42	0	0.0	0.0	0.0	0.0	0.0	0.0	1	1953	205.7	411.5	0.03	0.0	1
72.52	0	0.0	0.0	0.0	0.0	0.0	0.0	1	1953	205.7	411.5	0.03	0.0	1
72.62	0	0.0	0.0	0.0	0.0	0.0	0.0	1	1953	205.7	411.5	0.03	0.0	1
72.72	0	0.0	0.0	0.0	0.0	0.0	0.0	1	1953	205.7	411.5	0.03	0.0	1
72.82	0	0.0	0.0	0.0	0.0	0.0	0.0	1	1953	205.7	411.5	0.03	0.0	1
72.93	0	0.0	0.0	0.0	0.0	0.0	0.0	1	1953	205.7	411.5	0.03	0.0	1
73.03	0	0.0	0.0	0.0	0.0	0.0	0.0	1	1953	205.7	411.5	0.03	0.0	1
73.13	0	0.0	0.0	0.0	0.0	0.0	0.0	1	1953	205.7	411.5	0.03	0.0	1
73.23	0	0.0	0.0	0.0	0.0	0.0	0.0	1	1953	205.7	411.5	0.03	0.0	1
73.33	0	0.0	0.0	0.0	0.0	0.0	0.0	1	1953	205.7	411.5	0.03	0.0	1
73.43	0	0.0	0.0	0.0	0.0	0.0	0.0	1	1953	205.7	411.5	0.03	0.0	1
73.53	0	0.0	0.0	0.0	0.0	0.0	0.0	1	1953	205.7	411.5	0.03	0.0	1
73.63	0	0.0	0.0	0.0	0.0	0.0	0.0	1	1953	205.7	411.5	0.03	0.0	1
73.73	0	0.0	0.0	0.0	0.0	0.0	0.0	1	1953	205.7	411.5	0.03	0.0	1
73.83	0	0.0	0.0	0.0	0.0	0.0	0.0	1	1953	205.7	411.5	0.03	0.0	1
73.93	0	0.0	0.0	0.0	0.0	0.0	0.0	1	1953	205.7	411.5	0.03	0.0	1
74.03	0	0.0	0.0	0.0	0.0	0.0	0.0	1	1953	205.7	411.5	0.03	0.0	1
74.13	0	0.0	0.0	0.0	0.0	0.0	0.0	1	1953	205.7	411.5	0.03	0.0	1
74.23	0	0.0	0.0	0.0	0.0	0.0	0.0	1	1953	205.7	411.5	0.03	0.0	1
74.33	0	0.0	0.0	0.0	0.0	0.0	0.0	1	1953	205.7	411.5	0.03	0.0	1
74.43	0	0.0	0.0	0.0	0.0	0.0	0.0	1	1953	205.7	411.5	0.03	0.0	1
74.53	0	0.0	0.0	0.0	0.0	0.0	0.0	1	1953	205.7	411.5	0.03	0.0	1
74.63	0	0.0	0.0	0.0	0.0	0.0	0.0	1	1953	205.7	411.5	0.03	0.0	1
74.74	0	0.0	0.0	0.0	0.0	0.0	0.0	1	1953	205.7	411.5	0.03	0.0	1
74.84	0	0.0	0.0	0.0	0.0	0.0	0.0	1	1953	205.7	411.5	0.03	0.0	1
74.94	0	0.0	0.0	0.0	0.0	0.0	0.0	1	1953	205.7	411.5	0.03	0.0	1
75.05	0	0.0	0.0	0.0	0.0	0.0	0.0	1	1953	205.7	411.5	0.03	0.0	1
75.15	0	0.0	0.0	0.0	0.0	0.0	0.0	1	1953	205.7	411.5	0.03	0.0	1
75.25	0	0.0	0.0	0.0	0.0	0.0	0.0	1	1953	205.7	411.5	0.03	0.0	1
75.35	0	0.0	0.0	0.0	0.0	0.0	0.0	1	1953	205.7	411.5	0.03	0.0	1
75.45	0	0.0	0.0	0.0	0.0	0.0	0.0	1	1953	205.7	411.5	0.03	0.0	1
75.55	0	0.0	0.0	0.0	0.0	0.0	0.0	1	1953	205.7	411.5	0.03	0.0	1
75.65	0	0.0	0.0	0.0	0.0	0.0	0.0	1	1953	205.7	411.5	0.03	0.0	1
75.75	0	0.0	0.0	0.0	0.0	0.0	0.0	1	1953	205.7	411.5	0.03	0.0	1
75.85	0	0.0	0.0	0.0	0.0	0.0	0.0	1	1953	205.7	411.5	0.03	0.0	1
75.95	0	0.0	0.0	0.0	0.0	0.0	0.0	1	1953	205.7	411.5	0.03	0.0	1
76.06	0	0.0	0.0	0.0	0.0	0.0	0.0	1	1953	205.7	411.5	0.03	0.0	1
76.16	0	0.0	0.0	0.0	0.0	0.0	0.0	1	1953	205.7	411.5	0.03	0.0	1
76.26	0	0.0	0.0	0.0	0.0	0.0	0.0	1	1953	205.7	411.5	0.03	0.0	1
76.36	0	0.0	0.0	0.0	0.0	0.0	0.0	1	1953	205.7	411.5	0.03	0.0	1
76.46	0	0.0	0.0	0.0	0.0	0.0	0.0	1	1953	205.7	411.5	0.03	0.0	1
76.56	0	0.0	0.0	0.0	0.0	0.0	0.0	1	1953	205.7	411.5	0.03	0.0	1
76.66	0	0.0	0.0	0.0	0.0	0.0	0.0	1	1953	205.7	411.5	0.03	0.0	1
76.76	0	0.0	0.0	0.0	0.0	0.0	0.0	1	1953	205.7	411.5	0.03	0.0	1
76.86	0	0.0	0.0	0.0	0.0	0.0	0.0	1	1953	205.7	411.5	0.03	0.0	1
76.96	0	0.0	0.0	0.0	0.0	0.0	0.0	1	1953	205.7	411.5	0.03	0.0	1
77.07	0	0.0	0.0	0.0	0.0	0.0	0.0	1	1953	205.7	411.5	0.03	0.0	1
77.17	0	0.0	0.0	0.0	0.0	0.0	0.0	1	1953	205.7	411.5	0.03	0.0	1
77.27	0	0.0	0.0	0.0	0.0	0.0	0.0	1	1953	205.7	411.5	0.03	0.0	1
77.37	0	0.0	0.0	0.0	0.0	0.0	0.0	1	1953	205.7	411.5	0.03	0.0	1
77.47	0	0.0	0.0	0.0	0.0	0.0	0.0	1	1953	205.7	411.5	0.03	0.0	1
77.57	0	0.0	0.0	0.0	0.0	0.0	0.0	1	1953	205.7	411.5	0.03	0.0	1
77.67	0	0.0	0.0	0.0	0.0	0.0	0.0	1	1953	205.7	411.5	0.03	0.0	1
77.77	0	0.0	0.0	0.0	0.0	0.0	0.0	1	1953	205.7	411.5	0.03	0.0	1
77.9	0	0.0	0.0	0.0	0.0	0.0	0.0	1	1953	205.7	411.5	0.03	0.0	1
78.0	0	0.0	0.0	0.0	0.0	0.0	0.0	1	1953	205.7	411.5	0.03	0.0	1
78.1	0	0.0	0.0	0.0	0.0	0.0	0.0	1	1953	205.7	411.5	0.03	0.0	1
78.2	0	0.0	0.0	0.0	0.0	0.0	0.0	1	1953	205.7	411.5	0.03	0.0	1
78.3	0	0.0	0.0	0.0	0.0	0.0	0.0	1	1953	205.7	411.5	0.03	0.0	1
78.4	0	0.0	0.0	0.0	0.0	0.0	0.0	1	1953	205.7	411.5	0.03	0.0	1
78.5	0	0.0	0.0	0.0	0.0	0.0	0.0	1	1953	205.7	411.5	0.03	0.0	1
78.6	0	0.0	0.0	0.0	0.0	0.0	0.0	1	1953	205.7	411.5	0.03	0.0	1
78.7	0	0.0	0.0	0.0	0.0	0.0	0.0	1	1953	205.7	411.5	0.03	0.0	1
78.8	0	0.0	0.0	0.0	0.0	0.0	0.0	1	1953	205.7	411.5	0.03	0.0	1
78.9	0	0.0	0.0	0.0	0.0	0.0	0.0	1	1953	205.7	411.5	0.03	0.0	1
79.0	0	0.0	0.0	0.0	0.0	0.0	0.0	1	1953	205.7	411.5	0.03	0.0	1
79.12	0	0.0	0.0	0.0	0.0	0.0	0.0	1	1953	205.7	411.5	0.03	0.0	1
79.22	0	0.0	0.0	0.0	0.0	0.0	0.0	1	1953	205.7	411.5	0.03	0.0	1
79.32	0	0.0	0.0	0.0	0.0	0.0	0.0	1	1953	205.7	411.5	0.03	0.0	1
79.42	0	0.0	0.0	0.0	0.0	0.0	0.0	1	1953	205.7	411.5	0.03	0.0	1
79.53	0	0.0	0.0	0.0	0.0	0.0	0.0	1	1953	205.7	411.5	0.03	0.0	1
79.62	0	0.0	0.0	0.0	0.0	0.0	0.0	1	1953	205.7	411.5	0.03	0.0	1
79.72	0	0.0	0.0	0.0	0.0	0.0	0.0	1	1953	205.7	411.5	0.03	0.0	1
79.82	0	0.0	0.0	0.0	0.0	0.0	0.0	1	1953	205.7	411.6	0.03	0.0	1
79.92	0	0.0	0.0	0.0	0.0	0.0	0.0	1	1953	205.7	411.6	0.03	0.0	1
80.02	0	0.0	0.0	0.0	0.0	0.0	0.0	1	1953	205.7	411.6	0.03	0.0	1
80.12	0	0.0	0.0	0.0	0.0	0.0	0.0	1	1953	205.7	411.6	0.03	0.0	1
80.22	0	0.0	0.0	0.0	0.0	0.0	0.0	1	1953	205.7	411.6	0.03	0.0	1
80.32	0	0.0	0.0	0.0	0.0	0.0	0.0	1	1953	205.7	411.6	0.03	0.0	1
80.42	0	0.0	0.0	0.0	0.0	0.0	0.0	1	1953	205.7	411.6	0.03	0.0	1
80.52	0	0.0	0.0	0.0	0.0	0.0	0.0	1	1953	205.7	411.6	0.03	0.0	1
80.62	0	0.0	0.0	0.0	0.0	0.0	0.0	1	1953	205.7	411.6	0.03	0.0	1
80.72	0	0.0	0.0	0.0	0.0	0.0	0.0	1	1953	205.7	411.6	0.03	0.0	1
80.82	0	0.0	0.0	0.0	0.0	0.0	0.0	1	1953	205.7	411.6	0.03	0.0	1
80.92	0	0.0	0.0	0.0	0.0	0.0	0.0	1	1953	205.7	411.6	0.03	0.0	1
81.02	0	0.0	0.0	0.0	0.0	0.0	0.0	1	1953	205.7	411.6	0.03	0.0	1
81.12	0	0.0	0.0	0.0	0.0	0.0	0.0	1	1953	205.7	411.6	0.03	0.0	1
81.22	0	0.0	0.0	0.0	0.0	0.0	0.0	1	1953	205.7	411.6	0.03	0.0	1
81.32	0	0.0	0.0	0.0	0.0	0.0	0.0	1	1953	205.7	411.6	0.03	0.0	1
81.42	0	0.0	0.0	0.0	0.0	0.0	0.0	1	1953	205.7	411.6	0.03	0.0	1
81.52	0	0.0	0.0	0.0	0.0	0.0	0.0	1	1953	205.7	411.6	0.03	0.0	1
81.62	0	0.0	0.0	0.0	0.0	0.0	0.0	1	1953	205.7	411.6	0.03	0.0	1
81.72	0	0.0	0.0	0.0	0.0	0.0	0.0	1	1953	205.7	411.6	0.03	0.0	1
81.82	0	0.0	0.0	0.0	0.0	0.0	0.0	1	1953	205.7	411.6	0.03	0.0	1
81.92	0	0.0	0.0	0.0	0.0	0.0	0.0	1	1953	205.7	411.6	0.03	0.0	1
82.02	0	0.0	0.0	0.0	0.0	0.0	0.0	1	1953	205.7	411.6	0.03	0.0	1
82.12	0	0.0	0.0	0.0	0.0	0.0	0.0	1	1953	205.7	411.6	0.03	0.0	1
82.22	0	0.0	0.0	0.0	0.0	0.0	0.0	1	1953	205.7	411.6	0.03	0.0	1
82.32	0	0.0	0.0	0.0	0.0	0.0	0.0	1	1953	205.7	411.6	0.03	0.0	1
82.42	0	0.0	0.0	0.0	0.0	0.0	0.0	1	1953	205.7	411.6	0.03	0.0	1
82.52	0	0.0	0.0	0.0	0.0	0.0	0.0	1	1953	205.7	411.6	0.03	0.0	1
82.62	0	0.0	0.0	0.0	0.0	0.0	0.0	1	1953	205.7	411.6	0.03	0.0	1
82.72	0	0.0	0.0	0.0	0.0	0.0	0.0	1	1953	205.7	411.6	0.03	0.0	1
82.82	0	0.0	0.0	0.0	0.0	0.0	0.0	1	1953	205.7	411.6	0.03	0.0	1
82.92	0	0.0	0.0	0.0	0.0	0.0	0.0	1	1953	205.7	411.6	0.03	0.0	1
83.02	0	0.0	0.0	0.0	0.0	0.0	0.0	1	1953	205.7	411.6	0.03	0.0	1
83.13	0	0.0	0.0	0.0	0.0	0.0	0.0	1	1953	205.7	411.6	0.03	0.0	1
83.23	0	0.0	0.0	0.0	0.0	0.0	0.0	1	1953	205.7	411.6	0.03	0.0	1
83.33	0	0.0	0.0	0.0	0.0	0.0	0.0	1	1953	205.7	411.6	0.03	0.0	1
83.43	0	0.0	0.0	0.0	0.0	0.0	0.0	1	1953	205.7	411.6	0.03	0.0	1
83.53	0	0.0	0.0	0.0	0.0	0.0	0.0	1	1953	205.7	411.6	0.03	0.0	1
83.63	0	0.0	0.0	0.0	0.0	0.0	0.0	1	1953	205.7	411.6	0.03	0.0	1
83.73	0	0.0	0.0	0.0	0.0	0.0	0.0	1	1953	205.7	411.6	0.03	0.0	1
83.82	0	0.0	0.0	0.0	0.0	0.0	0.0	1	1953	205.7	411.6	0.03	0.0	1
83.92	0	0.0	0.0	0.0	0.0	0.0	0.0	1	1953	205.7	411.6	0.03	0.0	1
84.02	0	0.0	0.0	0.0	0.0	0.0	0.0	1	1953	205.7	411.6	0.03	0.0	1
84.12	0	0.0	0.0	0.0	0.0	0.0	0.0	1	1953	205.7	411.6	0.03	0.0	1
84.22	0	0.0	0.0	0.0	0.0	0.0	0.0	1	1953	205.7	411.6	0.03	0.0	1
84.32	0	0.0	0.0	0.0	0.0	0.0	0.0	1	1953	205.7	411.6	0.03	0.0	1
84.42	0	0.0	0.0	0.0	0.0	0.0	0.0	1	1953	205.7	411.6	0.03	0.0	1
84.52	0	0.0	0.0	0.0	0.0	0.0	0.0	1	1953	205.7	411.6	0.03	0.0	1
84.62	0	0.0	0.0	0.0	0.0	0.0	0.0	1	1953	205.7	411.6	0.03	0.0	1
84.72	0	0.0	0.0	0.0	0.0	0.0	0.0	1	1953	205.7	411.6	0.03	0.0	1
84.82	0	0.0	0.0	0.0	0.0	0.0	0.0	1	1953	205.7	411.6	0.03	0.0	1
84.92	0	0.0	0.0	0.0	0.0	0.0	0.0	1	1953	205.7	411.6	0.03	0.0	1
85.02	0	0.0	0.0	0.0	0.0	0.0	0.0	1	1953	205.7	411.6	0.03	0.0	1
85.13	0	0.0	0.0	0.0	0.0	0.0	0.0	1	1953	205.7	411.6	0.03	0.0	1
85.23	0	0.0	0.0	0.0	0.0	0.0	0.0	1	1953	205.7	411.6	0.03	0.0	1
85.33	0	0.0	0.0	0.0	0.0	0.0	0.0	1	1953	205.7	411.6	0.03	0.0	1
85.43	0	0.0	0.0	0.0	0.0	0.0	0.0	1	1953	205.7	411.6	0.03	0.0	1
85.53	0	0.0	0.0	0.0	0.0	0.0	0.0	1	1953	205.7	411.6	0.03	0.0	1
85.63	0	0.0	0.0	0.0	0.0	0.0	0.0	1	1953	205.7	411.6	0.03	0.0	1
85.73	0	0.0	0.0	0.0	0.0	0.0	0.0	1	1953	205.7	411.6	0.03	0.0	1
85.83	0	0.0	0.0	0.0	0.0	0.0	0.0	1	1953	205.7	411.6	0.03	0.0	1
85.92	0	0.0	0.0	0.0	0.0	0.0	0.0	1	1953	205.7	411.6	0.03	0.0	1
86.02	0	0.0	0.0	0.0	0.0	0.0	0.0	1	1953	205.7	411.6	0.03	0.0	1
86.13	0	0.0	0.0	0.0	0.0	0.0	0.0	1	1953	205.7	411.6	0.03	0.0	1
86.23	0	0.0	0.0	0.0	0.0	0.0	0.0	1	1953	205.7	411.6	0.03	0.0	1
86.33	0	0.0	0.0	0.0	0.0	0.0	0.0	1	1953	205.7	411.6	0.03	0.0	1
86.43	0	0.0	0.0	0.0	0.0	0.0	0.0	1	1953	205.7	411.6	0.03	0.0	1
86.53	0	0.0	0.0	0.0	0.0	0.0	0.0	1	1953	205.7	411.6	0.03	0.0	1
86.63	0	0.0	0.0	0.0	0.0	0.0	0.0	1	1953	205.7	411.6	0.03	0.0	1
86.73	0	0.0	0.0	0.0	0.0	0.0	0.0	1	1953	205.7	411.6	0.03	0.0	1
86.83	0	0.0	0.0	0.0	0.0	0.0	0.0	1	1953	205.7	411.6	0.03	0.0	1
86.93	0	0.0	0.0	0.0	0.0	0.0	0.0	1	1953	205.7	411.6	0.03	0.0	1
87.03	0	0.0	0.0	0.0	0.0	0.0	0.0	1	1953	205.7	411.6	0.03	0.0	1
87.13	0	0.0	0.0	0.0	0.0	0.0	0.0	1	1953	205.7	411.6	0.03	0.0	1
87.23	0	0.0	0.0	0.0	0.0	0.0	0.0	1	1953	205.7	411.6	0.03	0.0	1
87.33	0	0.0	0.0	0.0	0.0	0.0	0.0	1	1953	205.7	411.6	0.03	0.0	1
87.43	0	0.0	0.0	0.0	0.0	0.0	0.0	1	1953	205.7	411.6	0.03	0.0	1
87.53	0	0.0	0.0	0.0	0.0	0.0	0.0	1	1953	205.7	411.6	0.03	0.0	1
87.63	0	0.0	0.0	0.0	0.0	0.0	0.0	1	1953	205.7	411.6	0.03	0.0	1
87.73	0	0.0	0.0	0.0	0.0	0.0	0.0	1	1953	205.7	411.6	0.03	0.0	1
87.83	0	0.0	0.0	0.0	0.0	0.0	0.0	1	1953	205.7	411.6	0.03	0.0	1
87.93	0	0.0	0.0	0.0	0.0	0.0	0.0	1	1953	205.7	411.6	0.03	0.0	1
88.03	0	0.0	0.0	0.0	0.0	0.0	0.0	1	1953	205.7	411.6	0.03	0.0	1
88.13	0	0.0	0.0	0.0	0.0	0.0	0.0	1	1953	205.7	411.6	0.03	0.0	1
88.23	0	0.0	0.0	0.0	0.0	0.0	0.0	1	1953	205.7	411.6	0.03	0.0	1
88.33	0	0.0	0.0	0.0	0.0	0.0	0.0	1	1953	205.7	411.6	0.03	0.0	1
88.43	0	0.0	0.0	0.0	0.0	0.0	0.0	1	1953	205.7	411.6	0.03	0.0	1
88.53	0	0.0	0.0	0.0	0.0	0.0	0.0	1	1953	205.7	411.6	0.03	0.0	1
88.63	0	0.0	0.0	0.0	0.0	0.0	0.0	1	1953	205.7	411.6	0.03	0.0	1
88.73	0	0.0	0.0	0.0	0.0	0.0	0.0	1	1953	205.7	411.6	0.03	0.0	1
88.86	0	0.0	0.0	0.0	0.0	0.0	0.0	1	1953	205.7	411.6	0.03	0.0	1
88.96	0	0.0	0.0	0.0	0.0	0.0	0.0	1	1953	205.7	411.6	0.03	0.0	1
89.06	0	0.0	0.0	0.0	0.0	0.0	0.0	1	1953	205.7	411.6	0.03	0.0	1
89.16	0	0.0	0.0	0.0	0.0	0.0	0.0	1	1953	205.7	411.6	0.03	0.0	1
89.26	0	0.0	0.0	0.0	0.0	0.0	0.0	1	1953	205.7	411.6	0.03	0.0	1
89.36	0	0.0	0.0	0.0	0.0	0.0	0.0	1	1953	205.7	411.6	0.03	0.0	1
89.46	0	0.0	0.0	0.0	0.0	0.0	0.0	1	1953	205.7	411.6	0.03	0.0	1
89.56	0	0.0	0.0	0.0	0.0	0.0	0.0	1	1953	205.7	411.6	0.03	0.0	1
89.66	0	0.0	0.0	0.0	0.0	0.0	0.0	1	1953	205.7	411.6	0.04	0.0	1
89.76	0	0.0	0.0	0.0	0.0	0.0	0.0	1	1953	205.7	411.6	0.04	0.0	1
89.87	0	0.0	0.0	0.0	0.0	0.0	0.0	1	1953	205.7	411.6	0.04	0.0	1
89.99	0	0.0	0.0	0.0	0.0	0.0	0.0	1	1953	205.7	411.6	0.04	0.0	1
90.09	0	0.0	0.0	0.0	0.0	0.0	0.0	1	1953	205.7	411.6	0.04	0.0	1
90.19	0	0.0	0.0	0.0	0.0	0.0	0.0	1	1953	205.7	411.6	0.04	0.0	1
90.29	0	0.0	0.0	0.0	0.0	0.0	0.0	1	1953	205.7	411.6	0.04	0.0	1
90.39	0	0.0	0.0	0.0	0.0	0.0	0.0	1	1953	205.7	411.6	0.04	0.0	1
90.49	0	0.0	0.0	0.0	0.0	0.0	0.0	1	1953	205.7	411.6	0.04	0.0	1
90.59	0	0.0	0.0	0.0	0.0	0.0	0.0	1	1953	205.7	411.6	0.04	0.0	1
90.69	0	0.0	0.0	0.0	0.0	0.0	0.0	1	1953	205.7	411.6	0.04	0.0	1
90.79	0	0.0	0.0	0.0	0.0	0.0	0.0	1	1953	205.7	411.6	0.04	0.0	1
90.89	0	0.0	0.0	0.0	0.0	0.0	0.0	1	1953	205.7	411.6	0.04	0.0	1
90.99	0	0.0	0.0	0.0	0.0	0.0	0.0	1	1953	205.7	411.6	0.04	0.0	1
91.09	0	0.0	0.0	0.0	0.0	0.0	0.0	1	1953	205.7	411.6	0.04	0.0	1
91.19	0	0.0	0.0	0.0	0.0	0.0	0.0	1	1953	205.7	411.6	0.04	0.0	1
91.29	0	0.0	0.0	0.0	0.0	0.0	0.0	1	1953	205.7	411.6	0.04	0.0	1
91.39	0	0.0	0.0	0.0	0.0	0.0	0.0	1	1953	205.7	411.6	0.04	0.0	1
91.49	0	0.0	0.0	0.0	0.0	0.0	0.0	1	1953	205.7	411.6	0.04	0.0	1
91.59	0	0.0	0.0	0.0	0.0	0.0	0.0	1	1953	205.7	411.6	0.04	0.0	1
91.69	0	0.0	0.0	0.0	0.0	0.0	0.0	1	1953	205.7	411.6	0.04	0.0	1
91.79	0	0.0	0.0	0.0	0.0	0.0	0.0	1	1953	205.7	411.6	0.04	0.0	1
91.89	0	0.0	0.0	0.0	0.0	0.0	0.0	1	1953	205.7	411.6	0.04	0.0	1
91.99	0	0.0	0.0	0.0	0.0	0.0	0.0	1	1953	205.7	411.6	0.04	0.0	1
92.09	0	0.0	0.0	0.0	0.0	0.0	0.0	1	1953	205.7	411.6	0.04	0.0	1
92.19	0	0.0	0.0	0.0	0.0	0.0	0.0	1	1953	205.7	411.6	0.04	0.0	1
92.29	0	0.0	0.0	0.0	0.0	0.0	0.0	1	1953	205.7	411.6	0.04	0.0	1
92.39	0	0.0	0.0	0.0	0.0	0.0	0.0	1	1953	205.7	411.6	0.04	0.0	1
92.49	0	0.0	0.0	0.0	0.0	0.0	0.0	1	1953	205.7	411.6	0.04	0.0	1
92.59	0	0.0	0.0	0.0	0.0	0.0	0.0	1	1953	205.7	411.6	0.04	0.0	1
92.69	0	0.0	0.0	0.0	0.0	0.0	0.0	1	1953	205.7	411.6	0.04	0.0	1
92.79	0	0.0	0.0	0.0	0.0	0.0	0.0	1	1953	205.7	411.6	0.04	0.0	1
92.89	0	0.0	0.0	0.0	0.0	0.0	0.0	1	1953	205.7	411.6	0.04	0.0	1
92.99	0	0.0	0.0	0.0	0.0	0.0	0.0	1	1953	205.7	411.6	0.04	0.0	1
93.09	0	0.0	0.0	0.0	0.0	0.0	0.0	1	1953	205.7	411.6	0.04	0.0	1
93.19	0	0.0	0.0	0.0	0.0	0.0	0.0	1	1953	205.7	411.6	0.04	0.0	1
93.29	0	0.0	0.0	0.0	0.0	0.0	0.0	1	1953	205.7	411.6	0.04	0.0	1
93.39	0	0.0	0.0	0.0	0.0	0.0	0.0	1	1953	205.7	411.6	0.04	0.0	1
93.49	0	0.0	0.0	0.0	0.0	0.0	0.0	1	1953	205.7	411.6	0.04	0.0	1
93.59	0	0.0	0.0	0.0	0.0	0.0	0.0	1	1953	205.7	411.6	0.04	0.0	1
93.69	0	0.0	0.0	0.0	0.0	0.0	0.0	1	1953	205.7	411.6	0.04	0.0	1
93.79	0	0.0	0.0	0.0	0.0	0.0	0.0	1	1953	205.7	411.6	0.04	0.0	1
93.89	0	0.0	0.0	0.0	0.0	0.0	0.0	1	1953	205.7	411.6	0.04	0.0	1
93.99	0	0.0	0.0	0.0	0.0	0.0	0.0	1	1953	205.7	411.6	0.04	0.0	1
94.09	0	0.0	0.0	0.0	0.0	0.0	0.0	1	1953	205.7	411.6	0.04	0.0	1
94.19	0	0.0	0.0	0.0	0.0	0.0	0.0	1	1953	205.7	411.6	0.04	0.0	1
94.29	0	0.0	0.0	0.0	0.0	0.0	0.0	1	1953	205.7	411.6	0.04	0.0	1
94.39	0	0.0	0.0	0.0	0.0	0.0	0.0	1	1953	205.7	411.6	0.04	0.0	1
94.49	0	0.0	0.0	0.0	0.0	0.0	0.0	1	1953	205.7	411.6	0.04	0.0	1
94.59	0	0.0	0.0	0.0	0.0	0.0	0.0	1	1953	205.7	411.6	0.04	0.0	1
94.69	0	0.0	0.0	0.0	0.0	0.0	0.0	1	1953	205.7	411.6	0.04	0.0	1
94.79	0	0.0	0.0	0.0	0.0	0.0	0.0	1	1953	205.7	411.6	0.04	0.0	1
94.89	0	0.0	0.0	0.0	0.0	0.0	0.0	1	1953	205.7	411.6	0.04	0.0	1
94.99	0	0.0	0.0	0.0	0.0	0.0	0.0	1	1953	205.7	411.6	0.04	0.0	1
95.09	0	0.0	0.0	0.0	0.0	0.0	0.0	1	1953	205.7	411.6	0.04	0.0	1
95.19	0	0.0	0.0	0.0	0.0	0.0	0.0	1	1953	205.7	411.6	0.04	0.0	1
95.31	0	0.0	0.0	0.0	0.0	0.0	0.0	1	1953	205.7	411.6	0.04	0.0	1
95.41	0	0.0	0.0	0.0	0.0	0.0	0.0	1	1953	205.7	411.6	0.04	0.0	1
95.51	0	0.0	0.0	0.0	0.0	0.0	0.0	1	1953	205.7	411.6	0.04	0.0	1
95.61	0	0.0	0.0	0.0	0.0	0.0	0.0	1	1953	205.7	411.6	0.04	0.0	1
95.71	0	0.0	0.0	0.0	0.0	0.0	0.0	1	1953	205.7	411.6	0.04	0.0	1
95.81	0	0.0	0.0	0.0	0.0	0.0	0.0	1	1953	205.7	411.6	0.04	0.0	1
95.91	0	0.0	0.0	0.0	0.0	0.0	0.0	1	1953	205.7	411.6	0.04	0.0	1
96.01	0	0.0	0.0	0.0	0.0	0.0	0.0	1	1953	205.7	411.6	0.04	0.0	1
96.11	0	0.0	0.0	0.0	0.0	0.0	0.0	1	1953	205.7	411.6	0.04	0.0	1
96.21	0	0.0	0.0	0.0	0.0	0.0	0.0	1	1953	205.7	411.6	0.04	0.0	1
96.31	0	0.0	0.0	0.0	0.0	0.0	0.0	1	1953	205.7	411.6	0.04	0.0	1
96.41	0	0.0	0.0	0.0	0.0	0.0	0.0	1	1953	205.7	411.6	0.04	0.0	1
96.51	0	0.0	0.0	0.0	0.0	0.0	0.0	1	1953	205.7	411.6	0.04	0.0	1
96.61	0	0.0	0.0	0.0	0.0	0.0	0.0	1	1953	205.7	411.6	0.04	0.0	1
96.71	0	0.0	0.0	0.0	0.0	0.0	0.0	1	1953	205.7	411.6	0.04	0.0	1
96.81	0	0.0	0.0	0.0	0.0	0.0	0.0	1	1953	205.7	411.6	0.04	0.0	1
96.91	0	0.0	0.0	0.0	0.0	0.0	0.0	1	1953	205.7	411.6	0.04	0.0	1
97.01	0	0.0	0.0	0.0	0.0	0.0	0.0	1	1953	205.7	411.6	0.04	0.0	1
97.11	0	0.0	0.0	0.0	0.0	0.0	0.0	1	1953	205.7	411.6	0.04	0.0	1
97.21	0	0.0	0.0	0.0	0.0	0.0	0.0	1	1953	205.7	411.6	0.04	0.0	1
97.31	0	0.0	0.0	0.0	0.0	0.0	0.0	1	1953	205.7	411.6	0.04	0.0	1
97.41	0	0.0	0.0	0.0	0.0	0.0	0.0	1	1953	205.7	411.6	0.04	0.0	1
97.51	0	0.0	0.0	0.0	0.0	0.0	0.0	1	1953	205.7	411.6	0.04	0.0	1
97.61	0	0.0	0.0	0.0	0.0	0.0	0.0	1	1953	205.7	411.6	0.04	0.0	1
97.71	0	0.0	0.0	0.0	0.0	0.0	0.0	1	1953	205.7	411.6	0.04	0.0	1
97.81	0	0.0	0.0	0.0	0.0	0.0	0.0	1	1953	205.7	411.6	0.04	0.0	1
97.91	0	0.0	0.0	0.0	0.0	0.0	0.0	1	1953	205.7	411.6	0.04	0.0	1
98.01	0	0.0	0.0	0.0	0.0	0.0	0.0	1	1953	205.7	411.6	0.04	0.0	1
98.11	0	0.0	0.0	0.0	0.0	0.0	0.0	1	1953	205.7	411.6	0.04	0.0	1
98.21	0	0.0	0.0	0.0	0.0	0.0	0.0	1	1953	205.7	411.6	0.04	0.0	1
98.31	0	0.0	0.0	0.0	0.0	0.0	0.0	1	1953	205.7	411.6	0.04	0.0	1
98.41	0	0.0	0.0	0.0	0.0	0.0	0.0	1	1953	205.7	411.6	0.04	0.0	1
98.53	0	0.0	0.0	0.0	0.0	0.0	0.0	1	1953	205.7	411.6	0.04	0.0	1
98.61	0	0.0	0.0	0.0	0.0	0.0	0.0	1	1953	205.7	411.6	0.04	0.0	1
98.71	0	0.0	0.0	0.0	0.0	0.0	0.0	1	1953	205.7	411.6	0.04	0.0	1
98.83	0	0.0	0.0	0.0	0.0	0.0	0.0	1	1953	205.7	411.6	0.04	0.0	1
98.94	0	0.0	0.0	0.0	0.0	0.0	0.0	1	1953	205.7	411.6	0.04	0.0	1
99.04	0	0.0	0.0	0.0	0.0	0.0	0.0	1	1953	205.7	411.6	0.04	0.0	1
99.14	0	0.0	0.0	0.0	0.0	0.0	0.0	1	1953	205.7	411.6	0.04	0.0	1
99.24	0	0.0	0.0	0.0	0.0	0.0	0.0	1	1953	205.7	411.6	0.04	0.0	1
99.34	0	0.0	0.0	0.0	0.0	0.0	0.0	1	1953	205.7	411.6	0.04	0.0	1
99.44	0	0.0	0.0	0.0	0.0	0.0	0.0	1	1953	205.7	411.6	0.04	0.0	1
99.54	0	0.0	0.0	0.0	0.0	0.0	0.0	1	1953	205.7	411.6	0.04	0.0	1
99.64	0	0.0	0.0	0.0	0.0	0.0	0.0	1	1953	205.7	411.6	0.04	0.0	1
99.74	0	0.0	0.0	0.0	0.0	0.0	0.0	1	1953	205.7	411.6	0.04	0.0	1
99.84	0	0.0	0.0	0.0	0.0	0.0	0.0	1	1953	205.7	411.6	0.04	0.0	1
99.94	0	0.0	0.0	0.0	0.0	0.0	0.0	1	1953	205.7	411.6	0.04	0.0	1
100.04	0	0.0	0.0	0.0	0.0	0.0	0.0	1	1953	205.7	411.6	0.04	0.0	1
100.14	0	0.0	0.0	0.0	0.0	0.0	0.0	1	1953	205.7	411.6	0.04	0.0	1
100.24	0	0.0	0.0	0.0	0.0	0.0	0.0	1	1953	205.7	411.6	0.04	0.0	1
100.34	0	0.0	0.0	0.0	0.0	0.0	0.0	1	1953	205.7	411.6	0.04	0.0	1
100.44	0	0.0	0.0	0.0	0.0	0.0	0.0	1	1953	205.7	411.6	0.04	0.0	1
100.54	0	0.0	0.0	0.0	0.0	0.0	0.0	1	1953	205.7	411.6	0.04	0.0	1
100.64	0	0.0	0.0	0.0	0.0	0.0	0.0	1	1953	205.7	411.6	0.04	0.0	1
100.74	0	0.0	0.0	0.0	0.0	0.0	0.0	1	1953	205.7	411.6	0.04	0.0	1
100.84	0	0.0	0.0	0.0	0.0	0.0	0.0	1	1953	205.7	411.6	0.04	0.0	1
100.94	0	0.0	0.0	0.0	0.0	0.0	0.0	1	1953	205.7	411.6	0.04	0.0	1
101.04	0	0.0	0.0	0.0	0.0	0.0	0.0	1	1953	205.7	411.6	0.04	0.0	1
101.14	0	0.0	0.0	0.0	0.0	0.0	0.0	1	1953	205.7	411.6	0.04	0.0	1
101.24	0	0.0	0.0	0.0	0.0	0.0	0.0	1	1953	205.7	411.6	0.04	0.0	1
101.36	0	0.0	0.0	0.0	0.0	0.0	0.0	1	1953	205.7	411.6	0.04	0.0	1
101.46	0	0.0	0.0	0.0	0.0	0.0	0.0	1	1953	205.7	411.6	0.04	0.0	1
101.56	0	0.0	0.0	0.0	0.0	0.0	0.0	1	1953	205.7	411.6	0.04	0.0	1
101.67	0	0.0	0.0	0.0	0.0	0.0	0.0	1	1953	205.7	411.6	0.04	0.0	1
101.77	0	0.0	0.0	0.0	0.0	0.0	0.0	1	1953	205.7	411.6	0.04	0.0	1
101.87	0	0.0	0.0	0.0	0.0	0.0	0.0	1	1953	205.7	411.6	0.04	0.0	1
101.97	0	0.0	0.0	0.0	0.0	0.0	0.0	1	1953	205.7	411.6	0.04	0.0	1
102.07	0	0.0	0.0	0.0	0.0	0.0	0.0	1	1953	205.7	411.6	0.04	0.0	1
102.17	0	0.0	0.0	0.0	0.0	0.0	0.0	1	1953	205.7	411.6	0.04	0.0	1
102.27	0	0.0	0.0	0.0	0.0	0.0	0.0	1	1953	205.7	411.6	0.04	0.0	1
102.37	0	0.0	0.0	0.0	0.0	0.0	0.0	1	1953	205.7	411.6	0.04	0.0	1
102.47	0	0.0	0.0	0.0	0.0	0.0	0.0	1	1953	205.7	411.6	0.04	0.0	1
102.57	0	0.0	0.0	0.0	0.0	0.0	0.0	1	1953	205.7	411.6	0.04	0.0	1
102.67	0	0.0	0.0	0.0	0.0	0.0	0.0	1	1953	205.7	411.6	0.04	0.0	1
102.77	0	0.0	0.0	0.0	0.0	0.0	0.0	1	1953	205.7	411.6	0.04	0.0	1
102.87	0	0.0	0.0	0.0	0.0	0.0	0.0	1	1953	205.7	411.6	0.04	0.0	1
102.97	0	0.0	0.0	0.0	0.0	0.0	0.0	1	1953	205.7	411.6	0.04	0.0	1
103.07	0	0.0	0.0	0.0	0.0	0.0	0.0	1	1953	205.7	411.6	0.04	0.0	1
103.17	0	0.0	0.0	0.0	0.0	0.0	0.0	1	1953	205.7	411.6	0.04	0.0	1
103.27	0	0.0	0.0	0.0	0.0	0.0	0.0	1	1953	205.7	411.6	0.04	0.0	1
103.37	0	0.0	0.0	0.0	0.0	0.0	0.0	1	1953	205.7	411.6	0.04	0.0	1
103.47	0	0.0	0.0	0.0	0.0	0.0	0.0	1	1953	205.7	411.6	0.04	0.0	1
103.57	0	0.0	0.0	0.0	0.0	0.0	0.0	1	1953	205.7	411.6	0.04	0.0	1
103.67	0	0.0	0.0	0.0	0.0	0.0	0.0	1	1953	205.7	411.6	0.04	0.0	1
103.77	0	0.0	0.0	0.0	0.0	0.0	0.0	1	1953	205.7	411.6	0.04	0.0	1
103.87	0	0.0	0.0	0.0	0.0	0.0	0.0	1	1953	205.7	411.6	0.04	0.0	1
103.97	0	0.0	0.0	0.0	0.0	0.0	0.0	1	1953	205.7	411.6	0.04	0.0	1
104.07	0	0.0	0.0	0.0	0.0	0.0	0.0	1	1953	205.7	411.6	0.04	0.0	1
104.17	0	0.0	0.0	0.0	0.0	0.0	0.0	1	1953	205.7	411.6	0.04	0.0	1
104.27	0	0.0	0.0	0.0	0.0	0.0	0.0	1	1953	205.7	411.6	0.04	0.0	1
104.37	0	0.0	0.0	0.0	0.0	0.0	0.0	1	1953	205.7	411.6	0.04	0.0	1
104.47	0	0.0	0.0	0.0	0.0	0.0	0.0	1	1953	205.7	411.6	0.04	0.0	1
104.57	0	0.0	0.0	0.0	0.0	0.0	0.0	1	1953	205.7	411.6	0.04	0.0	1
104.67	0	0.0	0.0	0.0	0.0	0.0	0.0	1	1953	205.7	411.6	0.04	0.0	1
104.77	0	0.0	0.0	0.0	0.0	0.0	0.0	1	1953	205.7	411.6	0.04	0.0	1
104.87	0	0.0	0.0	0.0	0.0	0.0	0.0	1	1953	205.7	411.6	0.04	0.0	1
104.97	0	0.0	0.0	0.0	0.0	0.0	0.0	1	1953	205.7	411.6	0.04	0.0	1
105.07	0	0.0	0.0	0.0	0.0	0.0	0.0	1	1953	205.7	411.6	0.04	0.0	1
105.17	0	0.0	0.0	0.0	0.0	0.0	0.0	1	1953	205.7	411.6	0.04	0.0	1
105.27	0	0.0	0.0	0.0	0.0	0.0	0.0	1	1953	205.7	411.6	0.04	0.0	1
105.37	0	0.0	0.0	0.0	0.0	0.0	0.0	1	1953	205.7	411.6	0.04	0.0	1
105.47	0	0.0	0.0	0.0	0.0	0.0	0.0	1	1953	205.7	411.6	0.04	0.0	1
105.57	0	0.0	0.0	0.0	0.0	0.0	0.0	1	1953	205.7	411.6	0.04	0.0	1
105.67	0	0.0	0.0	0.0	0.0	0.0	0.0	1	1953	205.7	411.6	0.04	0.0	1
105.77	0	0.0	0.0	0.0	0.0	0.0	0.0	1	1953	205.7	411.6	0.04	0.0	1
105.87	0	0.0	0.0	0.0	0.0	0.0	0.0	1	1953	205.7	411.6	0.04	0.0	1
105.97	0	0.0	0.0	0.0	0.0	0.0	0.0	1	1953	205.7	411.6	0.04	0.0	1
106.08	0	0.0	0.0	0.0	0.0	0.0	0.0	1	1953	205.7	411.6	0.04	0.0	1
106.17	0	0.0	0.0	0.0	0.0	0.0	0.0	1	1953	205.7	411.6	0.04	0.0	1
106.27	0	0.0	0.0	0.0	0.0	0.0	0.0	1	1953	205.7	411.6	0.04	0.0	1
106.37	0	0.0	0.0	0.0	0.0	0.0	0.0	1	1953	205.7	411.6	0.04	0.0	1
106.48	0	0.0	0.0	0.0	0.0	0.0	0.0	1	1953	205.7	411.6	0.04	0.0	1
106.57	0	0.0	0.0	0.0	0.0	0.0	0.0	1	1953	205.7	411.6	0.04	0.0	1
106.67	0	0.0	0.0	0.0	0.0	0.0	0.0	1	1953	205.7	411.6	0.04	0.0	1
106.77	0	0.0	0.0	0.0	0.0	0.0	0.0	1	1953	205.7	411.6	0.04	0.0	1
106.87	0	0.0	0.0	0.0	0.0	0.0	0.0	1	1953	205.7	411.6	0.04	0.0	1
106.97	0	0.0	0.0	0.0	0.0	0.0	0.0	1	1953	205.7	411.6	0.04	0.0	1
107.07	0	0.0	0.0	0.0	0.0	0.0	0.0	1	1953	205.7	411.6	0.04	0.0	1
107.17	0	0.0	0.0	0.0	0.0	0.0	0.0	1	1953	205.7	411.6	0.04	0.0	1
107.27	0	0.0	0.0	0.0	0.0	0.0	0.0	1	1953	205.7	411.6	0.04	0.0	1
107.37	0	0.0	0.0	0.0	0.0	0.0	0.0	1	1953	205.7	411.6	0.04	0.0	1
107.47	0	0.0	0.0	0.0	0.0	0.0	0.0	1	1953	205.7	411.6	0.04	0.0	1
107.57	0	0.0	0.0	0.0	0.0	0.0	0.0	1	1953	205.7	411.6	0.04	0.0	1
107.67	0	0.0	0.0	0.0	0.0	0.0	0.0	1	1953	205.7	411.6	0.04	0.0	1
107.77	0	0.0	0.0	0.0	0.0	0.0	0.0	1	1953	205.7	411.6	0.04	0.0	1
107.87	0	0.0	0.0	0.0	0.0	0.0	0.0	1	1953	205.7	411.6	0.04	0.0	1
107.97	0	0.0	0.0	0.0	0.0	0.0	0.0	1	1953	205.7	411.6	0.04	0.0	1
108.07	0	0.0	0.0	0.0	0.0	0.0	0.0	1	1953	205.7	411.6	0.04	0.0	1
108.17	0	0.0	0.0	0.0	0.0	0.0	0.0	1	1953	205.7	411.6	0.04	0.0	1
108.27	0	0.0	0.0	0.0	0.0	0.0	0.0	1	1953	205.7	411.6	0.04	0.0	1
108.37	0	0.0	0.0	0.0	0.0	0.0	0.0	1	1953	205.7	411.6	0.04	0.0	1
108.49	0	0.0	0.0	0.0	0.0	0.0	0.0	1	1953	205.7	411.6	0.04	0.0	1
108.57	0	0.0	0.0	0.0	0.0	0.0	0.0	1	1953	205.7	411.6	0.04	0.0	1
108.67	0	0.0	0.0	0.0	0.0	0.0	0.0	1	1953	205.7	411.6	0.04	0.0	1
108.77	0	0.0	0.0	0.0	0.0	0.0	0.0	1	1953	205.7	411.6	0.04	0.0	1
108.91	0	0.0	0.0	0.0	0.0	0.0	0.0	1	1953	205.7	411.6	0.04	0.0	1
109.01	0	0.0	0.0	0.0	0.0	0.0	0.0	1	1953	205.7	411.6	0.04	0.0	1
109.11	0	0.0	0.0	0.0	0.0	0.0	0.0	1	1953	205.7	411.6	0.04	0.0	1
109.21	0	0.0	0.0	0.0	0.0	0.0	0.0	1	1953	205.7	411.6	0.04	0.0	1
109.31	0	0.0	0.0	0.0	0.0	0.0	0.0	1	1953	205.7	411.6	0.04	0.0	1
109.41	0	0.0	0.0	0.0	0.0	0.0	0.0	1	1953	205.7	411.6	0.04	0.0	1
109.51	0	0.0	0.0	0.0	0.0	0.0	0.0	1	1953	205.7	411.6	0.04	0.0	1
109.61	0	0.0	0.0	0.0	0.0	0.0	0.0	1	1953	205.7	411.6	0.04	0.0	1
109.71	0	0.0	0.0	0.0	0.0	0.0	0.0	1	1953	205.7	411.6	0.04	0.0	1
109.81	0	0.0	0.0	0.0	0.0	0.0	0.0	1	1953	205.7	411.6	0.04	0.0	1
109.91	0	0.0	0.0	0.0	0.0	0.0	0.0	1	1953	205.7	411.6	0.04	0.0	1
110.01	0	0.0	0.0	0.0	0.0	0.0	0.0	1	1953	205.7	411.6	0.04	0.0	1
110.11	0	0.0	0.0	0.0	0.0	0.0	0.0	1	1953	205.7	411.6	0.04	0.0	1
110.21	0	0.0	0.0	0.0	0.0	0.0	0.0	1	1953	205.7	411.6	0.04	0.0	1
110.31	0	0.0	0.0	0.0	0.0	0.0	0.0	1	1953	205.7	411.6	0.04	0.0	1
110.41	0	0.0	0.0	0.0	0.0	0.0	0.0	1	1953	205.7	411.6	0.04	0.0	1
110.51	0	0.0	0.0	0.0	0.0	0.0	0.0	1	1953	205.7	411.6	0.04	0.0	1
110.61	0	0.0	0.0	0.0	0.0	0.0	0.0	1	1953	205.7	411.6	0.04	0.0	1
110.71	0	0.0	0.0	0.0	0.0	0.0	0.0	1	1953	205.7	411.6	0.04	0.0	1
110.81	0	0.0	0.0	0.0	0.0	0.0	0.0	1	1953	205.7	411.6	0.04	0.0	1
110.91	0	0.0	0.0	0.0	0.0	0.0	0.0	1	1953	205.7	411.6	0.04	0.0	1
111.01	0	0.0	0.0	0.0	0.0	0.0	0.0	1	1953	205.7	411.6	0.04	0.0	1
111.11	0	0.0	0.0	0.0	0.0	0.0	0.0	1	1953	205.7	411.6	0.04	0.0	1
111.21	0	0.0	0.0	0.0	0.0	0.0	0.0	1	1953	205.7	411.6	0.04	0.0	1
111.31	0	0.0	0.0	0.0	0.0	0.0	0.0	1	1953	205.7	411.6	0.04	0.0	1
111.41	0	0.0	0.0	0.0	0.0	0.0	0.0	1	1953	205.7	411.6	0.04	0.0	1
111.51	0	0.0	0.0	0.0	0.0	0.0	0.0	1	1953	205.7	411.6	0.04	0.0	1
111.61	0	0.0	0.0	0.0	0.0	0.0	0.0	1	1953	205.7	411.6	0.04	0.0	1
111.71	0	0.0	0.0	0.0	0.0	0.0	0.0	1	1953	205.7	411.6	0.04	0.0	1
111.81	0	0.0	0.0	0.0	0.0	0.0	0.0	1	1953	205.7	411.6	0.04	0.0	1
111.93	0	0.0	0.0	0.0	0.0	0.0	0.0	1	1953	205.7	411.6	0.04	0.0	1
112.03	0	0.0	0.0	0.0	0.0	0.0	0.0	1	1953	205.7	411.6	0.04	0.0	1
112.13	0	0.0	0.0	0.0	0.0	0.0	0.0	1	1953	205.7	411.6	0.04	0.0	1
112.23	0	0.0	0.0	0.0	0.0	0.0	0.0	1	1953	205.7	411.6	0.04	0.0	1
112.33	0	0.0	0.0	0.0	0.0	0.0	0.0	1	1953	205.7	411.6	0.04	0.0	1
112.43	0	0.0	0.0	0.0	0.0	0.0	0.0	1	1953	205.7	411.6	0.04	0.0	1
112.53	0	0.0	0.0	0.0	0.0	0.0	0.0	1	1953	205.7	411.6	0.04	0.0	1
112.63	0	0.0	0.0	0.0	0.0	0.0	0.0	1	1953	205.7	411.6	0.04	0.0	1
112.73	0	0.0	0.0	0.0	0.0	0.0	0.0	1	1953	205.7	411.6	0.04	0.0	1
112.84	0	0.0	0.0	0.0	0.0	0.0	0.0	1	1953	205.7	411.6	0.04	0.0	1
112.94	0	0.0	0.0	0.0	0.0	0.0	0.0	1	1953	205.7	411.6	0.04	0.0	1
113.05	0	0.0	0.0	0.0	0.0	0.0	0.0	1	1953	205.7	411.6	0.04	0.0	1
113.15	0	0.0	0.0	0.0	0.0	0.0	0.0	1	1953	205.7	411.6	0.04	0.0	1
113.25	0	0.0	0.0	0.0	0.0	0.0	0.0	1	1953	205.7	411.6	0.04	0.0	1
113.35	0	0.0	0.0	0.0	0.0	0.0	0.0	1	1953	205.7	411.6	0.04	0.0	1
113.45	0	0.0	0.0	0.0	0.0	0.0	0.0	1	1953	205.7	411.6	0.04	0.0	1
113.55	0	0.0	0.0	0.0	0.0	0.0	0.0	1	1953	205.7	411.6	0.04	0.0	1
113.65	0	0.0	0.0	0.0	0.0	0.0	0.0	1	1953	205.7	411.6	0.04	0.0	1
113.75	0	0.0	0.0	0.0	0.0	0.0	0.0	1	1953	205.7	411.6	0.04	0.0	1
113.85	0	0.0	0.0	0.0	0.0	0.0	0.0	1	1953	205.7	411.6	0.04	0.0	1
113.95	0	0.0	0.0	0.0	0.0	0.0	0.0	1	1953	205.7	411.6	0.04	0.0	1
114.05	0	0.0	0.0	0.0	0.0	0.0	0.0	1	1953	205.7	411.6	0.04	0.0	1
114.15	0	0.0	0.0	0.0	0.0	0.0	0.0	1	1953	205.7	411.6	0.04	0.0	1
114.25	0	0.0	0.0	0.0	0.0	0.0	0.0	1	1953	205.7	411.6	0.04	0.0	1
114.35	0	0.0	0.0	0.0	0.0	0.0	0.0	1	1953	205.7	411.6	0.04	0.0	1
114.46	0	0.0	0.0	0.0	0.0	0.0	0.0	1	1953	205.7	411.6	0.04	0.0	1
114.56	0	0.0	0.0	0.0	0.0	0.0	0.0	1	1953	205.7	411.6	0.04	0.0	1
114.66	0	0.0	0.0	0.0	0.0	0.0	0.0	1	1953	205.7	411.6	0.04	0.0	1
114.76	0	0.0	0.0	0.0	0.0	0.0	0.0	1	1953	205.7	411.6	0.04	0.0	1
114.86	0	0.0	0.0	0.0	0.0	0.0	0.0	1	1953	205.7	411.6	0.04	0.0	1
114.96	0	0.0	0.0	0.0	0.0	0.0	0.0	1	1953	205.7	411.6	0.04	0.0	1
115.06	0	0.0	0.0	0.0	0.0	0.0	0.0	1	1953	205.7	411.6	0.04	0.0	1
115.16	0	0.0	0.0	0.0	0.0	0.0	0.0	1	1953	205.7	411.6	0.04	0.0	1
115.26	0	0.0	0.0	0.0	0.0	0.0	0.0	1	1953	205.7	411.6	0.05	0.0	1
115.36	0	0.0	0.0	0.0	0.0	0.0	0.0	1	1953	205.7	411.6	0.05	0.0	1
115.46	0	0.0	0.0	0.0	0.0	0.0	0.0	1	1953	205.7	411.6	0.05	0.0	1
115.56	0	0.0	0.0	0.0	0.0	0.0	0.0	1	1953	205.7	411.6	0.05	0.0	1
115.66	0	0.0	0.0	0.0	0.0	0.0	0.0	1	1953	205.7	411.6	0.05	0.0	1
115.76	0	0.0	0.0	0.0	0.0	0.0	0.0	1	1953	205.7	411.6	0.05	0.0	1
115.86	0	0.0	0.0	0.0	0.0	0.0	0.0	1	1953	205.7	411.6	0.05	0.0	1
115.96	0	0.0	0.0	0.0	0.0	0.0	0.0	1	1953	205.7	411.6	0.05	0.0	1
116.06	0	0.0	0.0	0.0	0.0	0.0	0.0	1	1953	205.7	411.6	0.05	0.0	1
116.16	0	0.0	0.0	0.0	0.0	0.0	0.0	1	1953	205.7	411.6	0.05	0.0	1
116.26	0	0.0	0.0	0.0	0.0	0.0	0.0	1	1953	205.7	411.6	0.05	0.0	1
116.36	0	0.0	0.0	0.0	0.0	0.0	0.0	1	1953	205.7	411.6	0.05	0.0	1
116.46	0	0.0	0.0	0.0	0.0	0.0	0.0	1	1953	205.7	411.6	0.05	0.0	1
116.56	0	0.0	0.0	0.0	0.0	0.0	0.0	1	1953	205.7	411.6	0.05	0.0	1
116.66	0	0.0	0.0	0.0	0.0	0.0	0.0	1	1953	205.7	411.6	0.05	0.0	1
116.76	0	0.0	0.0	0.0	0.0	0.0	0.0	1	1953	205.7	411.6	0.05	0.0	1
116.86	0	0.0	0.0	0.0	0.0	0.0	0.0	1	1953	205.7	411.6	0.05	0.0	1
116.96	0	0.0	0.0	0.0	0.0	0.0	0.0	1	1953	205.7	411.6	0.05	0.0	1
117.07	0	0.0	0.0	0.0	0.0	0.0	0.0	1	1953	205.7	411.6	0.05	0.0	1
117.17	0	0.0	0.0	0.0	0.0	0.0	0.0	1	1953	205.7	411.6	0.05	0.0	1
117.27	0	0.0	0.0	0.0	0.0	0.0	0.0	1	1953	205.7	411.6	0.05	0.0	1
117.37	0	0.0	0.0	0.0	0.0	0.0	0.0	1	1953	205.7	411.6	0.05	0.0	1
117.47	0	0.0	0.0	0.0	0.0	0.0	0.0	1	1953	205.7	411.6	0.05	0.0	1
117.57	0	0.0	0.0	0.0	0.0	0.0	0.0	1	1953	205.7	411.6	0.05	0.0	1
117.67	0	0.0	0.0	0.0	0.0	0.0	0.0	1	1953	205.7	411.6	0.05	0.0	1
117.77	0	0.0	0.0	0.0	0.0	0.0	0.0	1	1953	205.7	411.6	0.05	0.0	1
117.87	0	0.0	0.0	0.0	0.0	0.0	0.0	1	1953	205.7	411.6	0.05	0.0	1
117.97	0	0.0	0.0	0.0	0.0	0.0	0.0	1	1953	205.7	411.6	0.05	0.0	1
118.07	0	0.0	0.0	0.0	0.0	0.0	0.0	1	1953	205.7	411.6	0.05	0.0	1
118.17	0	0.0	0.0	0.0	0.0	0.0	0.0	1	1953	205.7	411.6	0.05	0.0	1
118.27	0	0.0	0.0	0.0	0.0	0.0	0.0	1	1953	205.7	411.6	0.05	0.0	1
118.37	0	0.0	0.0	0.0	0.0	0.0	0.0	1	1953	205.7	411.6	0.05	0.0	1
118.47	0	0.0	0.0	0.0	0.0	0.0	0.0	1	1953	205.7	411.6	0.05	0.0	1
118.57	0	0.0	0.0	0.0	0.0	0.0	0.0	1	1953	205.7	411.6	0.05	0.0	1
118.67	0	0.0	0.0	0.0	0.0	0.0	0.0	1	1953	205.7	411.6	0.05	0.0	1
118.77	0	0.0	0.0	0.0	0.0	0.0	0.0	1	1953	205.7	411.6	0.05	0.0	1
118.91	0	0.0	0.0	0.0	0.0	0.0	0.0	1	1953	205.7	411.6	0.05	0.0	1
119.01	0	0.0	0.0	0.0	0.0	0.0	0.0	1	1953	205.7	411.6	0.05	0.0	1
119.11	0	0.0	0.0	0.0	0.0	0.0	0.0	1	1953	205.7	411.6	0.05	0.0	1
119.21	0	0.0	0.0	0.0	0.0	0.0	0.0	1	1953	205.7	411.6	0.05	0.0	1
119.31	0	0.0	0.0	0.0	0.0	0.0	0.0	1	1953	205.7	411.6	0.05	0.0	1
119.41	0	0.0	0.0	0.0	0.0	0.0	0.0	1	1953	205.7	411.6	0.05	0.0	1
119.51	0	0.0	0.0	0.0	0.0	0.0	0.0	1	1953	205.7	411.6	0.05	0.0	1
119.61	0	0.0	0.0	0.0	0.0	0.0	0.0	1	1953	205.7	411.6	0.05	0.0	1
119.71	0	0.0	0.0	0.0	0.0	0.0	0.0	1	1953	205.7	411.6	0.05	0.0	1
119.81	0	0.0	0.0	0.0	0.0	0.0	0.0	1	1953	205.7	411.6	0.05	0.0	1
119.91	0	0.0	0.0	0.0	0.0	0.0	0.0	1	1953	205.7	411.6	0.05	0.0	1
120.01	0	0.0	0.0	0.0	0.0	0.0	0.0	1	1953	205.7	411.6	0.05	0.0	1
120.11	0	0.0	0.0	0.0	0.0	0.0	0.0	1	1953	205.7	411.6	0.05	0.0	1
120.21	0	0.0	0.0	0.0	0.0	0.0	0.0	1	1953	205.7	411.6	0.05	0.0	1
120.31	0	0.0	0.0	0.0	0.0	0.0	0.0	1	1953	205.7	411.6	0.05	0.0	1
120.41	0	0.0	0.0	0.0	0.0	0.0	0.0	1	1953	205.7	411.6	0.05	0.0	1
120.51	0	0.0	0.0	0.0	0.0	0.0	0.0	1	1953	205.7	411.6	0.05	0.0	1
120.61	0	0.0	0.0	0.0	0.0	0.0	0.0	1	1953	205.7	411.6	0.05	0.0	1
120.71	0	0.0	0.0	0.0	0.0	0.0	0.0	1	1953	205.7	411.6	0.05	0.0	1
120.81	0	0.0	0.0	0.0	0.0	0.0	0.0	1	1953	205.7	411.6	0.05	0.0	1
120.91	0	0.0	0.0	0.0	0.0	0.0	0.0	1	1953	205.7	411.6	0.05	0.0	1
121.01	0	0.0	0.0	0.0	0.0	0.0	0.0	1	1953	205.7	411.6	0.05	0.0	1
121.11	0	0.0	0.0	0.0	0.0	0.0	0.0	1	1953	205.7	411.6	0.05	0.0	1
121.21	0	0.0	0.0	0.0	0.0	0.0	0.0	1	1953	205.7	411.6	0.05	0.0	1
121.31	0	0.0	0.0	0.0	0.0	0.0	0.0	1	1953	205.7	411.6	0.05	0.0	1
121.41	0	0.0	0.0	0.0	0.0	0.0	0.0	1	1953	205.7	411.6	0.05	0.0	1
121.51	0	0.0	0.0	0.0	0.0	0.0	0.0	1	1953	205.7	411.6	0.05	0.0	1
121.61	0	0.0	0.0	0.0	0.0	0.0	0.0	1	1953	205.7	411.6	0.05	0.0	1
121.71	0	0.0	0.0	0.0	0.0	0.0	0.0	1	1953	205.7	411.6	0.05	0.0	1
121.81	0	0.0	0.0	0.0	0.0	0.0	0.0	1	1953	205.7	411.6	0.05	0.0	1
121.91	0	0.0	0.0	0.0	0.0	0.0	0.0	1	1953	205.7	411.6	0.05	0.0	1
122.01	0	0.0	0.0	0.0	0.0	0.0	0.0	1	1953	205.7	411.6	0.05	0.0	1
122.11	0	0.0	0.0	0.0	0.0	0.0	0.0	1	1953	205.7	411.6	0.05	0.0	1
122.24	0	0.0	0.0	0.0	0.0	0.0	0.0	1	1953	205.7	411.6	0.05	0.0	1
122.33	0	0.0	0.0	0.0	0.0	0.0	0.0	1	1953	205.7	411.6	0.05	0.0	1
122.43	0	0.0	0.0	0.0	0.0	0.0	0.0	1	1953	205.7	411.6	0.05	0.0	1
122.53	0	0.0	0.0	0.0	0.0	0.0	0.0	1	1953	205.7	411.6	0.05	0.0	1
122.63	0	0.0	0.0	0.0	0.0	0.0	0.0	1	1953	205.7	411.6	0.05	0.0	1
122.73	0	0.0	0.0	0.0	0.0	0.0	0.0	1	1953	205.7	411.6	0.05	0.0	1
122.83	0	0.0	0.0	0.0	0.0	0.0	0.0	1	1953	205.7	411.6	0.05	0.0	1
122.93	0	0.0	0.0	0.0	0.0	0.0	0.0	1	1953	205.7	411.6	0.05	0.0	1
123.03	0	0.0	0.0	0.0	0.0	0.0	0.0	1	1953	205.7	411.6	0.05	0.0	1
123.14	0	0.0	0.0	0.0	0.0	0.0	0.0	1	1953	205.7	411.6	0.05	0.0	1
123.24	0	0.0	0.0	0.0	0.0	0.0	0.0	1	1953	205.7	411.6	0.05	0.0	1
123.35	0	0.0	0.0	0.0	0.0	0.0	0.0	1	1953	205.7	411.6	0.05	0.0	1
123.45	0	0.0	0.0	0.0	0.0	0.0	0.0	1	1953	205.7	411.6	0.05	0.0	1
123.55	0	0.0	0.0	0.0	0.0	0.0	0.0	1	1953	205.7	411.6	0.05	0.0	1
123.65	0	0.0	0.0	0.0	0.0	0.0	0.0	1	1953	205.7	411.6	0.05	0.0	1
123.75	0	0.0	0.0	0.0	0.0	0.0	0.0	1	1953	205.7	411.6	0.05	0.0	1
123.85	0	0.0	0.0	0.0	0.0	0.0	0.0	1	1953	205.7	411.6	0.05	0.0	1
123.95	0	0.0	0.0	0.0	0.0	0.0	0.0	1	1953	205.7	411.6	0.05	0.0	1
124.05	0	0.0	0.0	0.0	0.0	0.0	0.0	1	1953	205.7	411.6	0.05	0.0	1
124.15	0	0.0	0.0	0.0	0.0	0.0	0.0	1	1953	205.7	411.6	0.05	0.0	1
124.25	0	0.0	0.0	0.0	0.0	0.0	0.0	1	1953	205.7	411.6	0.05	0.0	1
124.35	0	0.0	0.0	0.0	0.0	0.0	0.0	1	1953	205.7	411.6	0.05	0.0	1
124.45	0	0.0	0.0	0.0	0.0	0.0	0.0	1	1953	205.7	411.6	0.05	0.0	1
124.55	0	0.0	0.0	0.0	0.0	0.0	0.0	1	1953	205.7	411.6	0.05	0.0	1
124.66	0	0.0	0.0	0.0	0.0	0.0	0.0	1	1953	205.7	411.6	0.05	0.0	1
124.76	0	0.0	0.0	0.0	0.0	0.0	0.0	1	1953	205.7	411.6	0.05	0.0	1
124.86	0	0.0	0.0	0.0	0.0	0.0	0.0	1	1953	205.7	411.6	0.05	0.0	1
124.96	0	0.0	0.0	0.0	0.0	0.0	0.0	1	1953	205.7	411.6	0.05	0.0	1
125.06	0	0.0	0.0	0.0	0.0	0.0	0.0	1	1953	205.7	411.6	0.05	0.0	1
125.16	0	0.0	0.0	0.0	0.0	0.0	0.0	1	1953	205.7	411.6	0.05	0.0	1
125.26	0	0.0	0.0	0.0	0.0	0.0	0.0	1	1953	205.7	411.6	0.05	0.0	1
125.36	0	0.0	0.0	0.0	0.0	0.0	0.0	1	1953	205.7	411.6	0.05	0.0	1
125.46	0	0.0	0.0	0.0	0.0	0.0	0.0	1	1953	205.7	411.6	0.05	0.0	1
125.56	0	0.0	0.0	0.0	0.0	0.0	0.0	1	1953	205.7	411.6	0.05	0.0	1
125.66	0	0.0	0.0	0.0	0.0	0.0	0.0	1	1953	205.7	411.6	0.05	0.0	1
125.78	0	0.0	0.0	0.0	0.0	0.0	0.0	1	1953	205.7	411.6	0.05	0.0	1
125.86	0	0.0	0.0	0.0	0.0	0.0	0.0	1	1953	205.7	411.6	0.05	0.0	1
125.96	0	0.0	0.0	0.0	0.0	0.0	0.0	1	1953	205.7	411.6	0.05	0.0	1
126.06	0	0.0	0.0	0.0	0.0	0.0	0.0	1	1953	205.7	411.6	0.05	0.0	1
126.16	0	0.0	0.0	0.0	0.0	0.0	0.0	1	1953	205.7	411.6	0.05	0.0	1
126.26	0	0.0	0.0	0.0	0.0	0.0	0.0	1	1953	205.7	411.6	0.05	0.0	1
126.36	0	0.0	0.0	0.0	0.0	0.0	0.0	1	1953	205.7	411.6	0.05	0.0	1
126.46	0	0.0	0.0	0.0	0.0	0.0	0.0	1	1953	205.7	411.6	0.05	0.0	1
126.56	0	0.0	0.0	0.0	0.0	0.0	0.0	1	1953	205.7	411.6	0.05	0.0	1
126.66	0	0.0	0.0	0.0	0.0	0.0	0.0	1	1953	205.7	411.6	0.05	0.0	1
126.76	0	0.0	0.0	0.0	0.0	0.0	0.0	1	1953	205.7	411.6	0.05	0.0	1
126.86	0	0.0	0.0	0.0	0.0	0.0	0.0	1	1953	205.7	411.6	0.05	0.0	1
126.96	0	0.0	0.0	0.0	0.0	0.0	0.0	1	1953	205.7	411.6	0.05	0.0	1
127.06	0	0.0	0.0	0.0	0.0	0.0	0.0	1	1953	205.7	411.6	0.05	0.0	1
127.16	0	0.0	0.0	0.0	0.0	0.0	0.0	1	1953	205.7	411.6	0.05	0.0	1
127.26	0	0.0	0.0	0.0	0.0	0.0	0.0	1	1953	205.7	411.6	0.05	0.0	1
127.36	0	0.0	0.0	0.0	0.0	0.0	0.0	1	1953	205.7	411.6	0.05	0.0	1
127.46	0	0.0	0.0	0.0	0.0	0.0	0.0	1	1953	205.7	411.6	0.05	0.0	1
127.56	0	0.0	0.0	0.0	0.0	0.0	0.0	1	1953	205.7	411.6	0.05	0.0	1
127.66	0	0.0	0.0	0.0	0.0	0.0	0.0	1	1953	205.7	411.6	0.05	0.0	1
127.76	0	0.0	0.0	0.0	0.0	0.0	0.0	1	1953	205.7	411.6	0.05	0.0	1
127.86	0	0.0	0.0	0.0	0.0	0.0	0.0	1	1953	205.7	411.6	0.05	0.0	1
127.96	0	0.0	0.0	0.0	0.0	0.0	0.0	1	1953	205.7	411.6	0.05	0.0	1
128.06	0	0.0	0.0	0.0	0.0	0.0	0.0	1	1953	205.7	411.6	0.05	0.0	1
128.16	0	0.0	0.0	0.0	0.0	0.0	0.0	1	1953	205.7	411.6	0.05	0.0	1
128.26	0	0.0	0.0	0.0	0.0	0.0	0.0	1	1953	205.7	411.6	0.05	0.0	1
128.36	0	0.0	0.0	0.0	0.0	0.0	0.0	1	1953	205.7	411.6	0.05	0.0	1
128.46	0	0.0	0.0	0.0	0.0	0.0	0.0	1	1953	205.7	411.6	0.05	0.0	1
128.56	0	0.0	0.0	0.0	0.0	0.0	0.0	1	1953	205.7	411.6	0.05	0.0	1
128.66	0	0.0	0.0	0.0	0.0	0.0	0.0	1	1953	205.7	411.6	0.05	0.0	1
128.76	0	0.0	0.0	0.0	0.0	0.0	0.0	1	1953	205.7	411.6	0.05	0.0	1
128.89	0	0.0	0.0	0.0	0.0	0.0	0.0	1	1953	205.7	411.6	0.05	0.0	1
128.99	0	0.0	0.0	0.0	0.0	0.0	0.0	1	1953	205.7	411.6	0.05	0.0	1
129.09	0	0.0	0.0	0.0	0.0	0.0	0.0	1	1953	205.7	411.6	0.05	0.0	1
129.21	0	0.0	0.0	0.0	0.0	0.0	0.0	1	1953	205.7	411.6	0.05	0.0	1
129.33	0	0.0	0.0	0.0	0.0	0.0	0.0	1	1953	205.7	411.6	0.05	0.0	1
129.42	0	0.0	0.0	0.0	0.0	0.0	0.0	1	1953	205.7	411.6	0.05	0.0	1
129.52	0	0.0	0.0	0.0	0.0	0.0	0.0	1	1953	205.7	411.6	0.05	0.0	1
129.62	0	0.0	0.0	0.0	0.0	0.0	0.0	1	1953	205.7	411.6	0.05	0.0	1
129.72	0	0.0	0.0	0.0	0.0	0.0	0.0	1	1953	205.7	411.6	0.05	0.0	1
129.82	0	0.0	0.0	0.0	0.0	0.0	0.0	1	1953	205.7	411.6	0.05	0.0	1
129.92	0	0.0	0.0	0.0	0.0	0.0	0.0	1	1953	205.7	411.6	0.05	0.0	1
130.02	0	0.0	0.0	0.0	0.0	0.0	0.0	1	1953	205.7	411.6	0.05	0.0	1
130.12	0	0.0	0.0	0.0	0.0	0.0	0.0	1	1953	205.7	411.6	0.05	0.0	1
130.22	0	0.0	0.0	0.0	0.0	0.0	0.0	1	1953	205.7	411.6	0.05	0.0	1
130.32	0	0.0	0.0	0.0	0.0	0.0	0.0	1	1953	205.7	411.6	0.05	0.0	1
130.42	0	0.0	0.0	0.0	0.0	0.0	0.0	1	1953	205.7	411.6	0.05	0.0	1
130.52	0	0.0	0.0	0.0	0.0	0.0	0.0	1	1953	205.7	411.6	0.05	0.0	1
130.62	0	0.0	0.0	0.0	0.0	0.0	0.0	1	1953	205.7	411.6	0.05	0.0	1
130.72	0	0.0	0.0	0.0	0.0	0.0	0.0	1	1953	205.7	411.6	0.05	0.0	1
130.82	0	0.0	0.0	0.0	0.0	0.0	0.0	1	1953	205.7	411.6	0.05	0.0	1
130.92	0	0.0	0.0	0.0	0.0	0.0	0.0	1	1953	205.7	411.6	0.05	0.0	1
131.02	0	0.0	0.0	0.0	0.0	0.0	0.0	1	1953	205.7	411.6	0.05	0.0	1
131.12	0	0.0	0.0	0.0	0.0	0.0	0.0	1	1953	205.7	411.6	0.05	0.0	1
131.22	0	0.0	0.0	0.0	0.0	0.0	0.0	1	1953	205.7	411.6	0.05	0.0	1
131.32	0	0.0	0.0	0.0	0.0	0.0	0.0	1	1953	205.7	411.6	0.05	0.0	1
131.42	0	0.0	0.0	0.0	0.0	0.0	0.0	1	1953	205.7	411.6	0.05	0.0	1
131.52	0	0.0	0.0	0.0	0.0	0.0	0.0	1	1953	205.7	411.6	0.05	0.0	1
131.62	0	0.0	0.0	0.0	0.0	0.0	0.0	1	1953	205.7	411.6	0.05	0.0	1
131.72	0	0.0	0.0	0.0	0.0	0.0	0.0	1	1953	205.7	411.6	0.05	0.0	1
131.82	0	0.0	0.0	0.0	0.0	0.0	0.0	1	1953	205.7	411.6	0.05	0.0	1
131.92	0	0.0	0.0	0.0	0.0	0.0	0.0	1	1953	205.7	411.6	0.05	0.0	1
132.02	0	0.0	0.0	0.0	0.0	0.0	0.0	1	1953	205.7	411.6	0.05	0.0	1
132.12	0	0.0	0.0	0.0	0.0	0.0	0.0	1	1953	205.7	411.6	0.05	0.0	1
132.22	0	0.0	0.0	0.0	0.0	0.0	0.0	1	1953	205.7	411.6	0.05	0.0	1
132.32	0	0.0	0.0	0.0	0.0	0.0	0.0	1	1953	205.7	411.6	0.05	0.0	1
132.42	0	0.0	0.0	0.0	0.0	0.0	0.0	1	1953	205.7	411.6	0.05	0.0	1
132.52	0	0.0	0.0	0.0	0.0	0.0	0.0	1	1953	205.7	411.6	0.05	0.0	1
132.62	0	0.0	0.0	0.0	0.0	0.0	0.0	1	1953	205.7	411.6	0.05	0.0	1
132.72	0	0.0	0.0	0.0	0.0	0.0	0.0	1	1953	205.7	411.6	0.05	0.0	1
132.82	0	0.0	0.0	0.0	0.0	0.0	0.0	1	1953	205.7	411.6	0.05	0.0	1
132.92	0	0.0	0.0	0.0	0.0	0.0	0.0	1	1953	205.7	411.6	0.05	0.0	1
133.02	0	0.0	0.0	0.0	0.0	0.0	0.0	1	1953	205.7	411.6	0.05	0.0	1
133.12	0	0.0	0.0	0.0	0.0	0.0	0.0	1	1953	205.7	411.6	0.05	0.0	1
133.22	0	0.0	0.0	0.0	0.0	0.0	0.0	1	1953	205.7	411.6	0.05	0.0	1
133.32	0	0.0	0.0	0.0	0.0	0.0	0.0	1	1953	205.7	411.6	0.05	0.0	1
133.42	0	0.0	0.0	0.0	0.0	0.0	0.0	1	1953	205.7	411.6	0.05	0.0	1
133.52	0	0.0	0.0	0.0	0.0	0.0	0.0	1	1953	205.7	411.6	0.05	0.0	1
133.62	0	0.0	0.0	0.0	0.0	0.0	0.0	1	1953	205.7	411.6	0.05	0.0	1
133.72	0	0.0	0.0	0.0	0.0	0.0	0.0	1	1953	205.7	411.6	0.05	0.0	1
133.82	0	0.0	0.0	0.0	0.0	0.0	0.0	1	1953	205.7	411.6	0.05	0.0	1
133.92	0	0.0	0.0	0.0	0.0	0.0	0.0	1	1953	205.7	411.6	0.05	0.0	1
134.02	0	0.0	0.0	0.0	0.0	0.0	0.0	1	1953	205.7	411.6	0.05	0.0	1
134.12	0	0.0	0.0	0.0	0.0	0.0	0.0	1	1953	205.7	411.6	0.05	0.0	1
134.22	0	0.0	0.0	0.0	0.0	0.0	0.0	1	1953	205.7	411.6	0.05	0.0	1
134.32	0	0.0	0.0	0.0	0.0	0.0	0.0	1	1953	205.7	411.6	0.05	0.0	1
134.42	0	0.0	0.0	0.0	0.0	0.0	0.0	1	1953	205.7	411.6	0.05	0.0	1
134.52	0	0.0	0.0	0.0	0.0	0.0	0.0	1	1953	205.7	411.6	0.05	0.0	1
134.62	0	0.0	0.0	0.0	0.0	0.0	0.0	1	1953	205.7	411.6	0.05	0.0	1
134.73	0	0.0	0.0	0.0	0.0	0.0	0.0	1	1953	205.7	411.6	0.05	0.0	1
134.83	0	0.0	0.0	0.0	0.0	0.0	0.0	1	1953	205.7	411.6	0.05	0.0	1
134.93	0	0.0	0.0	0.0	0.0	0.0	0.0	1	1953	205.7	411.6	0.05	0.0	1
135.03	0	0.0	0.0	0.0	0.0	0.0	0.0	1	1953	205.7	411.6	0.05	0.0	1
135.13	0	0.0	0.0	0.0	0.0	0.0	0.0	1	1953	205.7	411.6	0.05	0.0	1
135.23	0	0.0	0.0	0.0	0.0	0.0	0.0	1	1953	205.7	411.6	0.05	0.0	1
135.32	0	0.0	0.0	0.0	0.0	0.0	0.0	1	1953	205.7	411.6	0.05	0.0	1
135.42	0	0.0	0.0	0.0	0.0	0.0	0.0	1	1953	205.7	411.6	0.05	0.0	1
135.53	0	0.0	0.0	0.0	0.0	0.0	0.0	1	1953	205.7	411.6	0.05	0.0	1
135.63	0	0.0	0.0	0.0	0.0	0.0	0.0	1	1953	205.7	411.6	0.05	0.0	1
135.72	0	0.0	0.0	0.0	0.0	0.0	0.0	1	1953	205.7	411.6	0.05	0.0	1
135.84	0	0.0	0.0	0.0	0.0	0.0	0.0	1	1953	205.7	411.6	0.05	0.0	1
135.94	0	0.0	0.0	0.0	0.0	0.0	0.0	1	1953	205.7	411.6	0.05	0.0	1
136.04	0	0.0	0.0	0.0	0.0	0.0	0.0	1	1953	205.7	411.6	0.05	0.0	1
136.14	0	0.0	0.0	0.0	0.0	0.0	0.0	1	1953	205.7	411.6	0.05	0.0	1
136.24	0	0.0	0.0	0.0	0.0	0.0	0.0	1	1953	205.7	411.6	0.05	0.0	1
136.34	0	0.0	0.0	0.0	0.0	0.0	0.0	1	1953	205.7	411.6	0.05	0.0	1
136.47	0	0.0	0.0	0.0	0.0	0.0	0.0	1	1953	205.7	411.6	0.05	0.0	1
136.54	0	0.0	0.0	0.0	0.0	0.0	0.0	1	1953	205.7	411.6	0.05	0.0	1
136.64	0	0.0	0.0	0.0	0.0	0.0	0.0	1	1953	205.7	411.6	0.05	0.0	1
136.74	0	0.0	0.0	0.0	0.0	0.0	0.0	1	1953	205.7	411.6	0.05	0.0	1
136.84	0	0.0	0.0	0.0	0.0	0.0	0.0	1	1953	205.7	411.6	0.05	0.0	1
136.94	0	0.0	0.0	0.0	0.0	0.0	0.0	1	1953	205.7	411.6	0.05	0.0	1
137.04	0	0.0	0.0	0.0	0.0	0.0	0.0	1	1953	205.7	411.6	0.05	0.0	1
137.14	0	0.0	0.0	0.0	0.0	0.0	0.0	1	1953	205.7	411.6	0.05	0.0	1
137.24	0	0.0	0.0	0.0	0.0	0.0	0.0	1	1953	205.7	411.6	0.05	0.0	1
137.34	0	0.0	0.0	0.0	0.0	0.0	0.0	1	1953	205.7	411.6	0.05	0.0	1
137.44	0	0.0	0.0	0.0	0.0	0.0	0.0	1	1953	205.7	411.6	0.05	0.0	1
137.54	0	0.0	0.0	0.0	0.0	0.0	0.0	1	1953	205.7	411.6	0.05	0.0	1
137.64	0	0.0	0.0	0.0	0.0	0.0	0.0	1	1953	205.7	411.6	0.05	0.0	1
137.74	0	0.0	0.0	0.0	0.0	0.0	0.0	1	1953	205.7	411.6	0.05	0.0	1
137.84	0	0.0	0.0	0.0	0.0	0.0	0.0	1	1953	205.7	411.6	0.05	0.0	1
137.94	0	0.0	0.0	0.0	0.0	0.0	0.0	1	1953	205.7	411.6	0.05	0.0	1
138.04	0	0.0	0.0	0.0	0.0	0.0	0.0	1	1953	205.7	411.6	0.05	0.0	1
138.14	0	0.0	0.0	0.0	0.0	0.0	0.0	1	1953	205.7	411.6	0.05	0.0	1
138.24	0	0.0	0.0	0.0	0.0	0.0	0.0	1	1953	205.7	411.6	0.05	0.0	1
138.34	0	0.0	0.0	0.0	0.0	0.0	0.0	1	1953	205.7	411.6	0.05	0.0	1
138.44	0	0.0	0.0	0.0	0.0	0.0	0.0	1	1953	205.7	411.6	0.05	0.0	1
138.54	0	0.0	0.0	0.0	0.0	0.0	0.0	1	1953	205.7	411.6	0.05	0.0	1
138.64	0	0.0	0.0	0.0	0.0	0.0	0.0	1	1953	205.7	411.6	0.05	0.0	1
138.74	0	0.0	0.0	0.0	0.0	0.0	0.0	1	1953	205.7	411.6	0.05	0.0	1
138.87	0	0.0	0.0	0.0	0.0	0.0	0.0	1	1953	205.7	411.6	0.05	0.0	1
138.97	0	0.0	0.0	0.0	0.0	0.0	0.0	1	1953	205.7	411.6	0.05	0.0	1
139.07	0	0.0	0.0	0.0	0.0	0.0	0.0	1	1953	205.7	411.6	0.05	0.0	1
139.17	0	0.0	0.0	0.0	0.0	0.0	0.0	1	1953	205.7	411.6	0.05	0.0	1
139.27	0	0.0	0.0	0.0	0.0	0.0	0.0	1	1953	205.7	411.6	0.05	0.0	1
139.37	0	0.0	0.0	0.0	0.0	0.0	0.0	1	1953	205.7	411.6	0.05	0.0	1
139.47	0	0.0	0.0	0.0	0.0	0.0	0.0	1	1953	205.7	411.6	0.05	0.0	1
139.57	0	0.0	0.0	0.0	0.0	0.0	0.0	1	1953	205.7	411.6	0.05	0.0	1
139.67	0	0.0	0.0	0.0	0.0	0.0	0.0	1	1953	205.7	411.6	0.05	0.0	1
139.77	0	0.0	0.0	0.0	0.0	0.0	0.0	1	1953	205.7	411.6	0.05	0.0	1
139.87	0	0.0	0.0	0.0	0.0	0.0	0.0	1	1953	205.7	411.6	0.05	0.0	1
139.99	0	0.0	0.0	0.0	0.0	0.0	0.0	1	1953	205.7	411.6	0.05	0.0	1
140.12	0	0.0	0.0	0.0	0.0	0.0	0.0	1	1953	205.7	411.6	0.05	0.0	1
140.21	0	0.0	0.0	0.0	0.0	0.0	0.0	1	1953	205.7	411.6	0.05	0.0	1
140.31	0	0.0	0.0	0.0	0.0	0.0	0.0	1	1953	205.7	411.6	0.05	0.0	1
140.41	0	0.0	0.0	0.0	0.0	0.0	0.0	1	1953	205.7	411.6	0.05	0.0	1
140.51	0	0.0	0.0	0.0	0.0	0.0	0.0	1	1953	205.7	411.6	0.05	0.0	1
140.61	0	0.0	0.0	0.0	0.0	0.0	0.0	1	1953	205.7	411.6	0.05	0.0	1
140.71	0	0.0	0.0	0.0	0.0	0.0	0.0	1	1953	205.7	411.6	0.05	0.0	1
140.81	0	0.0	0.0	0.0	0.0	0.0	0.0	1	1953	205.7	411.6	0.05	0.0	1
140.91	0	0.0	0.0	0.0	0.0	0.0	0.0	1	1953	205.7	411.6	0.06	0.0	1
141.01	0	0.0	0.0	0.0	0.0	0.0	0.0	1	1953	205.7	411.6	0.06	0.0	1
141.11	0	0.0	0.0	0.0	0.0	0.0	0.0	1	1953	205.7	411.6	0.06	0.0	1
141.21	0	0.0	0.0	0.0	0.0	0.0	0.0	1	1953	205.7	411.6	0.06	0.0	1
141.31	0	0.0	0.0	0.0	0.0	0.0	0.0	1	1953	205.7	411.6	0.06	0.0	1
141.41	0	0.0	0.0	0.0	0.0	0.0	0.0	1	1953	205.7	411.6	0.06	0.0	1
141.51	0	0.0	0.0	0.0	0.0	0.0	0.0	1	1953	205.7	411.6	0.06	0.0	1
141.6	0	0.0	0.0	0.0	0.0	0.0	0.0	1	1953	205.7	411.6	0.06	0.0	1
141.71	0	0.0	0.0	0.0	0.0	0.0	0.0	1	1953	205.7	411.6	0.06	0.0	1
141.81	0	0.0	0.0	0.0	0.0	0.0	0.0	1	1953	205.7	411.6	0.06	0.0	1
141.91	0	0.0	0.0	0.0	0.0	0.0	0.0	1	1953	205.7	411.6	0.06	0.0	1
142.01	0	0.0	0.0	0.0	0.0	0.0	0.0	1	1953	205.7	411.6	0.06	0.0	1
142.11	0	0.0	0.0	0.0	0.0	0.0	0.0	1	1953	205.7	411.6	0.06	0.0	1
142.21	0	0.0	0.0	0.0	0.0	0.0	0.0	1	1953	205.7	411.6	0.06	0.0	1
142.31	0	0.0	0.0	0.0	0.0	0.0	0.0	1	1953	205.7	411.6	0.06	0.0	1
142.41	0	0.0	0.0	0.0	0.0	0.0	0.0	1	1953	205.7	411.6	0.06	0.0	1
142.51	0	0.0	0.0	0.0	0.0	0.0	0.0	1	1953	205.7	411.6	0.06	0.0	1
142.61	0	0.0	0.0	0.0	0.0	0.0	0.0	1	1953	205.7	411.6	0.06	0.0	1
142.71	0	0.0	0.0	0.0	0.0	0.0	0.0	1	1953	205.7	411.6	0.06	0.0	1
142.81	0	0.0	0.0	0.0	0.0	0.0	0.0	1	1953	205.7	411.6	0.06	0.0	1
142.91	0	0.0	0.0	0.0	0.0	0.0	0.0	1	1953	205.7	411.6	0.06	0.0	1
143.01	0	0.0	0.0	0.0	0.0	0.0	0.0	1	1953	205.7	411.6	0.06	0.0	1
143.11	0	0.0	0.0	0.0	0.0	0.0	0.0	1	1953	205.7	411.6	0.06	0.0	1
143.21	0	0.0	0.0	0.0	0.0	0.0	0.0	1	1953	205.7	411.6	0.06	0.0	1
143.31	0	0.0	0.0	0.0	0.0	0.0	0.0	1	1953	205.7	411.6	0.06	0.0	1
143.41	0	0.0	0.0	0.0	0.0	0.0	0.0	1	1953	205.7	411.6	0.06	0.0	1
143.51	0	0.0	0.0	0.0	0.0	0.0	0.0	1	1953	205.7	411.6	0.06	0.0	1
143.61	0	0.0	0.0	0.0	0.0	0.0	0.0	1	1953	205.7	411.6	0.06	0.0	1
143.71	0	0.0	0.0	0.0	0.0	0.0	0.0	1	1953	205.7	411.6	0.06	0.0	1
143.82	0	0.0	0.0	0.0	0.0	0.0	0.0	1	1953	205.7	411.6	0.06	0.0	1
143.92	0	0.0	0.0	0.0	0.0	0.0	0.0	1	1953	205.7	411.6	0.06	0.0	1
144.02	0	0.0	0.0	0.0	0.0	0.0	0.0	1	1953	205.7	411.6	0.06	0.0	1
144.12	0	0.0	0.0	0.0	0.0	0.0	0.0	1	1953	205.7	411.6	0.06	0.0	1
144.22	0	0.0	0.0	0.0	0.0	0.0	0.0	1	1953	205.7	411.6	0.06	0.0	1
144.32	0	0.0	0.0	0.0	0.0	0.0	0.0	1	1953	205.7	411.6	0.06	0.0	1
144.42	0	0.0	0.0	0.0	0.0	0.0	0.0	1	1953	205.7	411.6	0.06	0.0	1
144.52	0	0.0	0.0	0.0	0.0	0.0	0.0	1	1953	205.7	411.6	0.06	0.0	1
144.62	0	0.0	0.0	0.0	0.0	0.0	0.0	1	1953	205.7	411.6	0.06	0.0	1
144.72	0	0.0	0.0	0.0	0.0	0.0	0.0	1	1953	205.7	411.6	0.06	0.0	1
144.82	0	0.0	0.0	0.0	0.0	0.0	0.0	1	1953	205.7	411.6	0.06	0.0	1
144.92	0	0.0	0.0	0.0	0.0	0.0	0.0	1	1953	205.7	411.6	0.06	0.0	1
145.02	0	0.0	0.0	0.0	0.0	0.0	0.0	1	1953	205.7	411.6	0.06	0.0	1
145.12	0	0.0	0.0	0.0	0.0	0.0	0.0	1	1953	205.7	411.6	0.06	0.0	1
145.22	0	0.0	0.0	0.0	0.0	0.0	0.0	1	1953	205.7	411.6	0.06	0.0	1
145.32	0	0.0	0.0	0.0	0.0	0.0	0.0	1	1953	205.7	411.6	0.06	0.0	1
145.44	0	0.0	0.0	0.0	0.0	0.0	0.0	1	1953	205.7	411.6	0.06	0.0	1
145.54	0	0.0	0.0	0.0	0.0	0.0	0.0	1	1953	205.7	411.6	0.06	0.0	1
145.64	0	0.0	0.0	0.0	0.0	0.0	0.0	1	1953	205.7	411.6	0.06	0.0	1
145.74	0	0.0	0.0	0.0	0.0	0.0	0.0	1	1953	205.7	411.6	0.06	0.0	1
145.84	0	0.0	0.0	0.0	0.0	0.0	0.0	1	1953	205.7	411.6	0.06	0.0	1
145.94	0	0.0	0.0	0.0	0.0	0.0	0.0	1	1953	205.7	411.6	0.06	0.0	1
146.04	0	0.0	0.0	0.0	0.0	0.0	0.0	1	1953	205.7	411.6	0.06	0.0	1
146.14	0	0.0	0.0	0.0	0.0	0.0	0.0	1	1953	205.7	411.6	0.06	0.0	1
146.24	0	0.0	0.0	0.0	0.0	0.0	0.0	1	1953	205.7	411.6	0.06	0.0	1
146.34	0	0.0	0.0	0.0	0.0	0.0	0.0	1	1953	205.7	411.6	0.06	0.0	1
146.44	0	0.0	0.0	0.0	0.0	0.0	0.0	1	1953	205.7	411.6	0.06	0.0	1
146.54	0	0.0	0.0	0.0	0.0	0.0	0.0	1	1953	205.7	411.6	0.06	0.0	1
146.64	0	0.0	0.0	0.0	0.0	0.0	0.0	1	1953	205.7	411.6	0.06	0.0	1
146.74	0	0.0	0.0	0.0	0.0	0.0	0.0	1	1953	205.7	411.6	0.06	0.0	1
146.84	0	0.0	0.0	0.0	0.0	0.0	0.0	1	1953	205.7	411.6	0.06	0.0	1
146.94	0	0.0	0.0	0.0	0.0	0.0	0.0	1	1953	205.7	411.6	0.06	0.0	1
147.04	0	0.0	0.0	0.0	0.0	0.0	0.0	1	1953	205.7	411.6	0.06	0.0	1
147.14	0	0.0	0.0	0.0	0.0	0.0	0.0	1	1953	205.7	411.6	0.06	0.0	1
147.24	0	0.0	0.0	0.0	0.0	0.0	0.0	1	1953	205.7	411.6	0.06	0.0	1
147.34	0	0.0	0.0	0.0	0.0	0.0	0.0	1	1953	205.7	411.6	0.06	0.0	1
147.47	0	0.0	0.0	0.0	0.0	0.0	0.0	1	1953	205.7	411.6	0.06	0.0	1
147.54	0	0.0	0.0	0.0	0.0	0.0	0.0	1	1953	205.7	411.6	0.06	0.0	1
147.64	0	0.0	0.0	0.0	0.0	0.0	0.0	1	1953	205.7	411.6	0.06	0.0	1
147.74	0	0.0	0.0	0.0	0.0	0.0	0.0	1	1953	205.7	411.6	0.06	0.0	1
147.84	0	0.0	0.0	0.0	0.0	0.0	0.0	1	1953	205.7	411.6	0.06	0.0	1
147.94	0	0.0	0.0	0.0	0.0	0.0	0.0	1	1953	205.7	411.6	0.06	0.0	1
148.04	0	0.0	0.0	0.0	0.0	0.0	0.0	1	1953	205.7	411.6	0.06	0.0	1
148.14	0	0.0	0.0	0.0	0.0	0.0	0.0	1	1953	205.7	411.6	0.06	0.0	1
148.24	0	0.0	0.0	0.0	0.0	0.0	0.0	1	1953	205.7	411.6	0.06	0.0	1
148.34	0	0.0	0.0	0.0	0.0	0.0	0.0	1	1953	205.7	411.6	0.06	0.0	1
148.44	0	0.0	0.0	0.0	0.0	0.0	0.0	1	1953	205.7	411.6	0.06	0.0	1
148.54	0	0.0	0.0	0.0	0.0	0.0	0.0	1	1953	205.7	411.6	0.06	0.0	1
148.64	0	0.0	0.0	0.0	0.0	0.0	0.0	1	1953	205.7	411.6	0.06	0.0	1
148.74	0	0.0	0.0	0.0	0.0	0.0	0.0	1	1953	205.7	411.6	0.06	0.0	1
148.87	0	0.0	0.0	0.0	0.0	0.0	0.0	1	1953	205.7	411.6	0.06	0.0	1
148.97	0	0.0	0.0	0.0	0.0	0.0	0.0	1	1953	205.7	411.6	0.06	0.0	1
149.07	0	0.0	0.0	0.0	0.0	0.0	0.0	1	1953	205.7	411.6	0.06	0.0	1
149.17	0	0.0	0.0	0.0	0.0	0.0	0.0	1	1953	205.7	411.6	0.06	0.0	1
149.27	0	0.0	0.0	0.0	0.0	0.0	0.0	1	1953	205.7	411.6	0.06	0.0	1
149.37	0	0.0	0.0	0.0	0.0	0.0	0.0	1	1953	205.7	411.6	0.06	0.0	1
149.47	0	0.0	0.0	0.0	0.0	0.0	0.0	1	1953	205.7	411.6	0.06	0.0	1
149.57	0	0.0	0.0	0.0	0.0	0.0	0.0	1	1953	205.7	411.6	0.06	0.0	1
149.67	0	0.0	0.0	0.0	0.0	0.0	0.0	1	1953	205.7	411.6	0.06	0.0	1
149.77	0	0.0	0.0	0.0	0.0	0.0	0.0	1	1953	205.7	411.6	0.06	0.0	1
149.87	0	0.0	0.0	0.0	0.0	0.0	0.0	1	1953	205.7	411.6	0.06	0.0	1
149.97	0	0.0	0.0	0.0	0.0	0.0	0.0	1	1953	205.7	411.6	0.06	0.0	1
150.07	0	0.0	0.0	0.0	0.0	0.0	0.0	1	1953	205.7	411.6	0.06	0.0	1
150.17	0	0.0	0.0	0.0	0.0	0.0	0.0	1	1953	205.7	411.6	0.06	0.0	1
150.29	0	0.0	0.0	0.0	0.0	0.0	0.0	1	1953	205.7	411.6	0.06	0.0	1
150.39	0	0.0	0.0	0.0	0.0	0.0	0.0	1	1953	205.7	411.6	0.06	0.0	1
150.49	0	0.0	0.0	0.0	0.0	0.0	0.0	1	1953	205.7	411.6	0.06	0.0	1
150.59	0	0.0	0.0	0.0	0.0	0.0	0.0	1	1953	205.7	411.6	0.06	0.0	1
150.7	0	0.0	0.0	0.0	0.0	0.0	0.0	1	1953	205.7	411.6	0.06	0.0	1
150.8	0	0.0	0.0	0.0	0.0	0.0	0.0	1	1953	205.7	411.6	0.06	0.0	1
150.9	0	0.0	0.0	0.0	0.0	0.0	0.0	1	1953	205.7	411.6	0.06	0.0	1
151.0	0	0.0	0.0	0.0	0.0	0.0	0.0	1	1953	205.7	411.6	0.06	0.0	1
151.1	0	0.0	0.0	0.0	0.0	0.0	0.0	1	1953	205.7	411.6	0.06	0.0	1
151.23	0	0.0	0.0	0.0	0.0	0.0	0.0	1	1953	205.7	411.6	0.06	0.0	1
151.3	0	0.0	0.0	0.0	0.0	0.0	0.0	1	1953	205.7	411.6	0.06	0.0	1
151.4	0	0.0	0.0	0.0	0.0	0.0	0.0	1	1953	205.7	411.6	0.06	0.0	1
151.5	0	0.0	0.0	0.0	0.0	0.0	0.0	1	1953	205.7	411.6	0.06	0.0	1
151.6	0	0.0	0.0	0.0	0.0	0.0	0.0	1	1953	205.7	411.6	0.06	0.0	1
151.7	0	0.0	0.0	0.0	0.0	0.0	0.0	1	1953	205.7	411.6	0.06	0.0	1
151.8	0	0.0	0.0	0.0	0.0	0.0	0.0	1	1953	205.7	411.6	0.06	0.0	1
151.9	0	0.0	0.0	0.0	0.0	0.0	0.0	1	1953	205.7	411.6	0.06	0.0	1
152.0	0	0.0	0.0	0.0	0.0	0.0	0.0	1	1953	205.7	411.6	0.06	0.0	1
152.1	0	0.0	0.0	0.0	0.0	0.0	0.0	1	1953	205.7	411.6	0.06	0.0	1
152.2	0	0.0	0.0	0.0	0.0	0.0	0.0	1	1953	205.7	411.6	0.06	0.0	1
152.3	0	0.0	0.0	0.0	0.0	0.0	0.0	1	1953	205.7	411.6	0.06	0.0	1
152.4	0	0.0	0.0	0.0	0.0	0.0	0.0	1	1953	205.7	411.6	0.06	0.0	1
152.5	0	0.0	0.0	0.0	0.0	0.0	0.0	1	1953	205.7	411.6	0.06	0.0	1
152.6	0	0.0	0.0	0.0	0.0	0.0	0.0	1	1953	205.7	411.6	0.06	0.0	1
152.7	0	0.0	0.0	0.0	0.0	0.0	0.0	1	1953	205.7	411.6	0.06	0.0	1
152.8	0	0.0	0.0	0.0	0.0	0.0	0.0	1	1953	205.7	411.6	0.06	0.0	1
152.9	0	0.0	0.0	0.0	0.0	0.0	0.0	1	1953	205.7	411.6	0.06	0.0	1
153.02	0	0.0	0.0	0.0	0.0	0.0	0.0	1	1953	205.7	411.6	0.06	0.0	1
153.12	0	0.0	0.0	0.0	0.0	0.0	0.0	1	1953	205.7	411.6	0.06	0.0	1
153.22	0	0.0	0.0	0.0	0.0	0.0	0.0	1	1953	205.7	411.6	0.06	0.0	1
153.32	0	0.0	0.0	0.0	0.0	0.0	0.0	1	1953	205.7	411.6	0.06	0.0	1
153.42	0	0.0	0.0	0.0	0.0	0.0	0.0	1	1953	205.7	411.6	0.06	0.0	1
153.52	0	0.0	0.0	0.0	0.0	0.0	0.0	1	1953	205.7	411.6	0.06	0.0	1
153.62	0	0.0	0.0	0.0	0.0	0.0	0.0	1	1953	205.7	411.6	0.06	0.0	1
153.72	0	0.0	0.0	0.0	0.0	0.0	0.0	1	1953	205.7	411.6	0.06	0.0	1
153.82	0	0.0	0.0	0.0	0.0	0.0	0.0	1	1953	205.7	411.6	0.06	0.0	1
153.92	0	0.0	0.0	0.0	0.0	0.0	0.0	1	1953	205.7	411.6	0.06	0.0	1
154.02	0	0.0	0.0	0.0	0.0	0.0	0.0	1	1953	205.7	411.6	0.06	0.0	1
154.12	0	0.0	0.0	0.0	0.0	0.0	0.0	1	1953	205.7	411.6	0.06	0.0	1
154.22	0	0.0	0.0	0.0	0.0	0.0	0.0	1	1953	205.7	411.6	0.06	0.0	1
154.32	0	0.0	0.0	0.0	0.0	0.0	0.0	1	1953	205.7	411.6	0.06	0.0	1
154.42	0	0.0	0.0	0.0	0.0	0.0	0.0	1	1953	205.7	411.6	0.06	0.0	1
154.52	0	0.0	0.0	0.0	0.0	0.0	0.0	1	1953	205.7	411.6	0.06	0.0	1
154.62	0	0.0	0.0	0.0	0.0	0.0	0.0	1	1953	205.7	411.6	0.06	0.0	1
154.72	0	0.0	0.0	0.0	0.0	0.0	0.0	1	1953	205.7	411.6	0.06	0.0	1
154.82	0	0.0	0.0	0.0	0.0	0.0	0.0	1	1953	205.7	411.6	0.06	0.0	1
154.95	0	0.0	0.0	0.0	0.0	0.0	0.0	1	1953	205.7	411.6	0.06	0.0	1
155.02	0	0.0	0.0	0.0	0.0	0.0	0.0	1	1953	205.7	411.6	0.06	0.0	1
155.12	0	0.0	0.0	0.0	0.0	0.0	0.0	1	1953	205.7	411.6	0.06	0.0	1
155.22	0	0.0	0.0	0.0	0.0	0.0	0.0	1	1953	205.7	411.6	0.06	0.0	1
155.32	0	0.0	0.0	0.0	0.0	0.0	0.0	1	1953	205.7	411.6	0.06	0.0	1
155.42	0	0.0	0.0	0.0	0.0	0.0	0.0	1	1953	205.7	411.6	0.06	0.0	1
155.52	0	0.0	0.0	0.0	0.0	0.0	0.0	1	1953	205.7	411.6	0.06	0.0	1
155.62	0	0.0	0.0	0.0	0.0	0.0	0.0	1	1953	205.7	411.6	0.06	0.0	1
155.72	0	0.0	0.0	0.0	0.0	0.0	0.0	1	1953	205.7	411.6	0.06	0.0	1
155.82	0	0.0	0.0	0.0	0.0	0.0	0.0	1	1953	205.7	411.6	0.06	0.0	1
155.92	0	0.0	0.0	0.0	0.0	0.0	0.0	1	1953	205.7	411.6	0.06	0.0	1
156.02	0	0.0	0.0	0.0	0.0	0.0	0.0	1	1953	205.7	411.6	0.06	0.0	1
156.12	0	0.0	0.0	0.0	0.0	0.0	0.0	1	1953	205.7	411.6	0.06	0.0	1
156.22	0	0.0	0.0	0.0	0.0	0.0	0.0	1	1953	205.7	411.6	0.06	0.0	1
156.32	0	0.0	0.0	0.0	0.0	0.0	0.0	1	1953	205.7	411.6	0.06	0.0	1
156.42	0	0.0	0.0	0.0	0.0	0.0	0.0	1	1953	205.7	411.6	0.06	0.0	1
156.52	0	0.0	0.0	0.0	0.0	0.0	0.0	1	1953	205.7	411.6	0.06	0.0	1
156.62	0	0.0	0.0	0.0	0.0	0.0	0.0	1	1953	205.7	411.6	0.06	0.0	1
156.72	0	0.0	0.0	0.0	0.0	0.0	0.0	1	1953	205.7	411.6	0.06	0.0	1
156.82	0	0.0	0.0	0.0	0.0	0.0	0.0	1	1953	205.7	411.6	0.06	0.0	1
156.92	0	0.0	0.0	0.0	0.0	0.0	0.0	1	1953	205.7	411.6	0.06	0.0	1
157.02	0	0.0	0.0	0.0	0.0	0.0	0.0	1	1953	205.7	411.6	0.06	0.0	1
157.12	0	0.0	0.0	0.0	0.0	0.0	0.0	1	1953	205.7	411.6	0.06	0.0	1
157.22	0	0.0	0.0	0.0	0.0	0.0	0.0	1	1953	205.7	411.6	0.06	0.0	1
157.32	0	0.0	0.0	0.0	0.0	0.0	0.0	1	1953	205.7	411.6	0.06	0.0	1
157.42	0	0.0	0.0	0.0	0.0	0.0	0.0	1	1953	205.7	411.6	0.06	0.0	1
157.52	0	0.0	0.0	0.0	0.0	0.0	0.0	1	1953	205.7	411.6	0.06	0.0	1
157.62	0	0.0	0.0	0.0	0.0	0.0	0.0	1	1953	205.7	411.6	0.06	0.0	1
157.72	0	0.0	0.0	0.0	0.0	0.0	0.0	1	1953	205.7	411.6	0.06	0.0	1
157.82	0	0.0	0.0	0.0	0.0	0.0	0.0	1	1953	205.7	411.6	0.06	0.0	1
157.92	0	0.0	0.0	0.0	0.0	0.0	0.0	1	1953	205.7	411.6	0.06	0.0	1
158.02	0	0.0	0.0	0.0	0.0	0.0	0.0	1	1953	205.7	411.6	0.06	0.0	1
158.12	0	0.0	0.0	0.0	0.0	0.0	0.0	1	1953	205.7	411.6	0.06	0.0	1
158.23	0	0.0	0.0	0.0	0.0	0.0	0.0	1	1953	205.7	411.6	0.06	0.0	1
158.33	0	0.0	0.0	0.0	0.0	0.0	0.0	1	1953	205.7	411.6	0.06	0.0	1
158.43	0	0.0	0.0	0.0	0.0	0.0	0.0	1	1953	205.7	411.6	0.06	0.0	1
158.53	0	0.0	0.0	0.0	0.0	0.0	0.0	1	1953	205.7	411.6	0.06	0.0	1
158.63	0	0.0	0.0	0.0	0.0	0.0	0.0	1	1953	205.7	411.6	0.06	0.0	1
158.73	0	0.0	0.0	0.0	0.0	0.0	0.0	1	1953	205.7	411.6	0.06	0.0	1
158.85	0	0.0	0.0	0.0	0.0	0.0	0.0	1	1953	205.7	411.6	0.06	0.0	1
158.95	0	0.0	0.0	0.0	0.0	0.0	0.0	1	1953	205.7	411.6	0.06	0.0	1
159.05	0	0.0	0.0	0.0	0.0	0.0	0.0	1	1953	205.7	411.6	0.06	0.0	1
159.15	0	0.0	0.0	0.0	0.0	0.0	0.0	1	1953	205.7	411.6	0.06	0.0	1
159.25	0	0.0	0.0	0.0	0.0	0.0	0.0	1	1953	205.7	411.6	0.06	0.0	1
159.35	0	0.0	0.0	0.0	0.0	0.0	0.0	1	1953	205.7	411.6	0.06	0.0	1
159.45	0	0.0	0.0	0.0	0.0	0.0	0.0	1	1953	205.7	411.6	0.06	0.0	1
159.55	0	0.0	0.0	0.0	0.0	0.0	0.0	1	1953	205.7	411.6	0.06	0.0	1
159.65	0	0.0	0.0	0.0	0.0	0.0	0.0	1	1953	205.7	411.6	0.06	0.0	1
159.75	0	0.0	0.0	0.0	0.0	0.0	0.0	1	1953	205.7	411.6	0.06	0.0	1
159.85	0	0.0	0.0	0.0	0.0	0.0	0.0	1	1953	205.7	411.6	0.06	0.0	1
159.95	0	0.0	0.0	0.0	0.0	0.0	0.0	1	1953	205.7	411.6	0.06	0.0	1
160.05	0	0.0	0.0	0.0	0.0	0.0	0.0	1	1953	205.7	411.6	0.06	0.0	1
160.15	0	0.0	0.0	0.0	0.0	0.0	0.0	1	1953	205.7	411.6	0.06	0.0	1
160.25	0	0.0	0.0	0.0	0.0	0.0	0.0	1	1953	205.7	411.6	0.06	0.0	1
160.35	0	0.0	0.0	0.0	0.0	0.0	0.0	1	1953	205.7	411.6	0.06	0.0	1
160.45	0	0.0	0.0	0.0	0.0	0.0	0.0	1	1953	205.7	411.6	0.06	0.0	1
160.55	0	0.0	0.0	0.0	0.0	0.0	0.0	1	1953	205.7	411.6	0.06	0.0	1
160.65	0	0.0	0.0	0.0	0.0	0.0	0.0	1	1953	205.7	411.6	0.06	0.0	1
160.75	0	0.0	0.0	0.0	0.0	0.0	0.0	1	1953	205.7	411.6	0.06	0.0	1
160.85	0	0.0	0.0	0.0	0.0	0.0	0.0	1	1953	205.7	411.6	0.06	0.0	1
160.95	0	0.0	0.0	0.0	0.0	0.0	0.0	1	1953	205.7	411.6	0.06	0.0	1
161.06	0	0.0	0.0	0.0	0.0	0.0	0.0	1	1953	205.7	411.6	0.06	0.0	1
161.16	0	0.0	0.0	0.0	0.0	0.0	0.0	1	1953	205.7	411.6	0.06	0.0	1
161.26	0	0.0	0.0	0.0	0.0	0.0	0.0	1	1953	205.7	411.6	0.06	0.0	1
161.36	0	0.0	0.0	0.0	0.0	0.0	0.0	1	1953	205.7	411.6	0.06	0.0	1
161.46	0	0.0	0.0	0.0	0.0	0.0	0.0	1	1953	205.7	411.6	0.06	0.0	1
161.56	0	0.0	0.0	0.0	0.0	0.0	0.0	1	1953	205.7	411.6	0.06	0.0	1
161.66	0	0.0	0.0	0.0	0.0	0.0	0.0	1	1953	205.7	411.6	0.06	0.0	1
161.76	0	0.0	0.0	0.0	0.0	0.0	0.0	1	1953	205.7	411.6	0.06	0.0	1
161.86	0	0.0	0.0	0.0	0.0	0.0	0.0	1	1953	205.7	411.6	0.06	0.0	1
161.96	0	0.0	0.0	0.0	0.0	0.0	0.0	1	1953	205.7	411.6	0.06	0.0	1
162.06	0	0.0	0.0	0.0	0.0	0.0	0.0	1	1953	205.7	411.6	0.06	0.0	1
162.16	0	0.0	0.0	0.0	0.0	0.0	0.0	1	1953	205.7	411.6	0.06	0.0	1
162.26	0	0.0	0.0	0.0	0.0	0.0	0.0	1	1953	205.7	411.6	0.06	0.0	1
162.36	0	0.0	0.0	0.0	0.0	0.0	0.0	1	1953	205.7	411.6	0.06	0.0	1
162.46	0	0.0	0.0	0.0	0.0	0.0	0.0	1	1953	205.7	411.6	0.06	0.0	1
162.56	0	0.0	0.0	0.0	0.0	0.0	0.0	1	1953	205.7	411.6	0.06	0.0	1
162.66	0	0.0	0.0	0.0	0.0	0.0	0.0	1	1953	205.7	411.6	0.06	0.0	1
162.76	0	0.0	0.0	0.0	0.0	0.0	0.0	1	1953	205.7	411.6	0.06	0.0	1
162.86	0	0.0	0.0	0.0	0.0	0.0	0.0	1	1953	205.7	411.6	0.06	0.0	1
162.96	0	0.0	0.0	0.0	0.0	0.0	0.0	1	1953	205.7	411.6	0.06	0.0	1
163.06	0	0.0	0.0	0.0	0.0	0.0	0.0	1	1953	205.7	411.6	0.06	0.0	1
163.16	0	0.0	0.0	0.0	0.0	0.0	0.0	1	1953	205.7	411.6	0.06	0.0	1
163.26	0	0.0	0.0	0.0	0.0	0.0	0.0	1	1953	205.7	411.6	0.06	0.0	1
163.36	0	0.0	0.0	0.0	0.0	0.0	0.0	1	1953	205.7	411.6	0.06	0.0	1
163.46	0	0.0	0.0	0.0	0.0	0.0	0.0	1	1953	205.7	411.6	0.06	0.0	1
163.56	0	0.0	0.0	0.0	0.0	0.0	0.0	1	1953	205.7	411.6	0.06	0.0	1
163.66	0	0.0	0.0	0.0	0.0	0.0	0.0	1	1953	205.7	411.6	0.06	0.0	1
163.76	0	0.0	0.0	0.0	0.0	0.0	0.0	1	1953	205.7	411.6	0.06	0.0	1
163.86	0	0.0	0.0	0.0	0.0	0.0	0.0	1	1953	205.7	411.6	0.06	0.0	1
163.96	0	0.0	0.0	0.0	0.0	0.0	0.0	1	1953	205.7	411.6	0.06	0.0	1
164.06	0	0.0	0.0	0.0	0.0	0.0	0.0	1	1953	205.7	411.6	0.06	0.0	1
164.17	0	0.0	0.0	0.0	0.0	0.0	0.0	1	1953	205.7	411.6	0.06	0.0	1
164.27	0	0.0	0.0	0.0	0.0	0.0	0.0	1	1953	205.7	411.6	0.06	0.0	1
164.37	0	0.0	0.0	0.0	0.0	0.0	0.0	1	1953	205.7	411.6	0.06	0.0	1
164.47	0	0.0	0.0	0.0	0.0	0.0	0.0	1	1953	205.7	411.6	0.06	0.0	1
164.57	0	0.0	0.0	0.0	0.0	0.0	0.0	1	1953	205.7	411.6	0.06	0.0	1
164.67	0	0.0	0.0	0.0	0.0	0.0	0.0	1	1953	205.7	411.6	0.06	0.0	1
164.77	0	0.0	0.0	0.0	0.0	0.0	0.0	1	1953	205.7	411.6	0.06	0.0	1
164.87	0	0.0	0.0	0.0	0.0	0.0	0.0	1	1953	205.7	411.6	0.06	0.0	1
164.97	0	0.0	0.0	0.0	0.0	0.0	0.0	1	1953	205.7	411.6	0.06	0.0	1
165.07	0	0.0	0.0	0.0	0.0	0.0	0.0	1	1953	205.7	411.6	0.06	0.0	1
165.17	0	0.0	0.0	0.0	0.0	0.0	0.0	1	1953	205.7	411.6	0.06	0.0	1
165.27	0	0.0	0.0	0.0	0.0	0.0	0.0	1	1953	205.7	411.6	0.06	0.0	1
165.37	0	0.0	0.0	0.0	0.0	0.0	0.0	1	1953	205.7	411.6	0.06	0.0	1
165.47	0	0.0	0.0	0.0	0.0	0.0	0.0	1	1953	205.7	411.6	0.06	0.0	1
165.57	0	0.0	0.0	0.0	0.0	0.0	0.0	1	1953	205.7	411.6	0.06	0.0	1
165.67	0	0.0	0.0	0.0	0.0	0.0	0.0	1	1953	205.7	411.6	0.06	0.0	1
165.77	0	0.0	0.0	0.0	0.0	0.0	0.0	1	1953	205.7	411.6	0.06	0.0	1
165.87	0	0.0	0.0	0.0	0.0	0.0	0.0	1	1953	205.7	411.6	0.06	0.0	1
165.97	0	0.0	0.0	0.0	0.0	0.0	0.0	1	1953	205.7	411.6	0.06	0.0	1
166.07	0	0.0	0.0	0.0	0.0	0.0	0.0	1	1953	205.7	411.6	0.06	0.0	1
166.17	0	0.0	0.0	0.0	0.0	0.0	0.0	1	1953	205.7	411.6	0.06	0.0	1
166.27	0	0.0	0.0	0.0	0.0	0.0	0.0	1	1953	205.7	411.6	0.06	0.0	1
166.39	0	0.0	0.0	0.0	0.0	0.0	0.0	1	1953	205.7	411.6	0.06	0.0	1
166.49	0	0.0	0.0	0.0	0.0	0.0	0.0	1	1953	205.7	411.6	0.06	0.0	1
166.59	0	0.0	0.0	0.0	0.0	0.0	0.0	1	1953	205.7	411.6	0.07	0.0	1
166.69	0	0.0	0.0	0.0	0.0	0.0	0.0	1	1953	205.7	411.6	0.07	0.0	1
166.79	0	0.0	0.0	0.0	0.0	0.0	0.0	1	1953	205.7	411.6	0.07	0.0	1
166.89	0	0.0	0.0	0.0	0.0	0.0	0.0	1	1953	205.7	411.6	0.07	0.0	1
166.99	0	0.0	0.0	0.0	0.0	0.0	0.0	1	1953	205.7	411.6	0.07	0.0	1
167.09	0	0.0	0.0	0.0	0.0	0.0	0.0	1	1953	205.7	411.6	0.07	0.0	1
167.19	0	0.0	0.0	0.0	0.0	0.0	0.0	1	1953	205.7	411.6	0.07	0.0	1
167.29	0	0.0	0.0	0.0	0.0	0.0	0.0	1	1953	205.7	411.6	0.07	0.0	1
167.39	0	0.0	0.0	0.0	0.0	0.0	0.0	1	1953	205.7	411.6	0.07	0.0	1
167.49	0	0.0	0.0	0.0	0.0	0.0	0.0	1	1953	205.7	411.6	0.07	0.0	1
167.59	0	0.0	0.0	0.0	0.0	0.0	0.0	1	1953	205.7	411.6	0.07	0.0	1
167.69	0	0.0	0.0	0.0	0.0	0.0	0.0	1	1953	205.7	411.6	0.07	0.0	1
167.79	0	0.0	0.0	0.0	0.0	0.0	0.0	1	1953	205.7	411.6	0.07	0.0	1
167.89	0	0.0	0.0	0.0	0.0	0.0	0.0	1	1953	205.7	411.6	0.07	0.0	1
167.99	0	0.0	0.0	0.0	0.0	0.0	0.0	1	1953	205.7	411.6	0.07	0.0	1
168.09	0	0.0	0.0	0.0	0.0	0.0	0.0	1	1953	205.7	411.6	0.07	0.0	1
168.19	0	0.0	0.0	0.0	0.0	0.0	0.0	1	1953	205.7	411.6	0.07	0.0	1
168.29	0	0.0	0.0	0.0	0.0	0.0	0.0	1	1953	205.7	411.6	0.07	0.0	1
168.39	0	0.0	0.0	0.0	0.0	0.0	0.0	1	1953	205.7	411.6	0.07	0.0	1
168.49	0	0.0	0.0	0.0	0.0	0.0	0.0	1	1953	205.7	411.6	0.07	0.0	1
168.59	0	0.0	0.0	0.0	0.0	0.0	0.0	1	1953	205.7	411.6	0.07	0.0	1
168.69	0	0.0	0.0	0.0	0.0	0.0	0.0	1	1953	205.7	411.6	0.07	0.0	1
168.79	0	0.0	0.0	0.0	0.0	0.0	0.0	1	1953	205.7	411.6	0.07	0.0	1
168.92	0	0.0	0.0	0.0	0.0	0.0	0.0	1	1953	205.7	411.6	0.07	0.0	1
169.02	0	0.0	0.0	0.0	0.0	0.0	0.0	1	1953	205.7	411.6	0.07	0.0	1
169.12	0	0.0	0.0	0.0	0.0	0.0	0.0	1	1953	205.7	411.6	0.07	0.0	1
169.22	0	0.0	0.0	0.0	0.0	0.0	0.0	1	1953	205.7	411.6	0.07	0.0	1
169.32	0	0.0	0.0	0.0	0.0	0.0	0.0	1	1953	205.7	411.6	0.07	0.0	1
169.42	0	0.0	0.0	0.0	0.0	0.0	0.0	1	1953	205.7	411.6	0.07	0.0	1
169.52	0	0.0	0.0	0.0	0.0	0.0	0.0	1	1953	205.7	411.6	0.07	0.0	1
169.62	0	0.0	0.0	0.0	0.0	0.0	0.0	1	1953	205.7	411.6	0.07	0.0	1
169.72	0	0.0	0.0	0.0	0.0	0.0	0.0	1	1953	205.7	411.6	0.07	0.0	1
169.82	0	0.0	0.0	0.0	0.0	0.0	0.0	1	1953	205.7	411.6	0.07	0.0	1
169.92	0	0.0	0.0	0.0	0.0	0.0	0.0	1	1953	205.7	411.6	0.07	0.0	1
170.02	0	0.0	0.0	0.0	0.0	0.0	0.0	1	1953	205.7	411.6	0.07	0.0	1
170.12	0	0.0	0.0	0.0	0.0	0.0	0.0	1	1953	205.7	411.6	0.07	0.0	1
170.24	0	0.0	0.0	0.0	0.0	0.0	0.0	1	1953	205.7	411.6	0.07	0.0	1
170.34	0	0.0	0.0	0.0	0.0	0.0	0.0	1	1953	205.7	411.6	0.07	0.0	1
170.44	0	0.0	0.0	0.0	0.0	0.0	0.0	1	1953	205.7	411.6	0.07	0.0	1
170.54	0	0.0	0.0	0.0	0.0	0.0	0.0	1	1953	205.7	411.6	0.07	0.0	1
170.64	0	0.0	0.0	0.0	0.0	0.0	0.0	1	1953	205.7	411.6	0.07	0.0	1
170.74	0	0.0	0.0	0.0	0.0	0.0	0.0	1	1953	205.7	411.6	0.07	0.0	1
170.84	0	0.0	0.0	0.0	0.0	0.0	0.0	1	1953	205.7	411.6	0.07	0.0	1
170.94	0	0.0	0.0	0.0	0.0	0.0	0.0	1	1953	205.7	411.6	0.07	0.0	1
171.04	0	0.0	0.0	0.0	0.0	0.0	0.0	1	1953	205.7	411.6	0.07	0.0	1
171.14	0	0.0	0.0	0.0	0.0	0.0	0.0	1	1953	205.7	411.6	0.07	0.0	1
171.24	0	0.0	0.0	0.0	0.0	0.0	0.0	1	1953	205.7	411.6	0.07	0.0	1
171.34	0	0.0	0.0	0.0	0.0	0.0	0.0	1	1953	205.7	411.6	0.07	0.0	1
171.44	0	0.0	0.0	0.0	0.0	0.0	0.0	1	1953	205.7	411.6	0.07	0.0	1
171.54	0	0.0	0.0	0.0	0.0	0.0	0.0	1	1953	205.7	411.6	0.07	0.0	1
171.64	0	0.0	0.0	0.0	0.0	0.0	0.0	1	1953	205.7	411.6	0.07	0.0	1
171.74	0	0.0	0.0	0.0	0.0	0.0	0.0	1	1953	205.7	411.6	0.07	0.0	1
171.84	0	0.0	0.0	0.0	0.0	0.0	0.0	1	1953	205.7	411.6	0.07	0.0	1
171.94	0	0.0	0.0	0.0	0.0	0.0	0.0	1	1953	205.7	411.6	0.07	0.0	1
172.04	0	0.0	0.0	0.0	0.0	0.0	0.0	1	1953	205.7	411.6	0.07	0.0	1
172.14	0	0.0	0.0	0.0	0.0	0.0	0.0	1	1953	205.7	411.6	0.07	0.0	1
172.24	0	0.0	0.0	0.0	0.0	0.0	0.0	1	1953	205.7	411.6	0.07	0.0	1
172.34	0	0.0	0.0	0.0	0.0	0.0	0.0	1	1953	205.7	411.6	0.07	0.0	1
172.44	0	0.0	0.0	0.0	0.0	0.0	0.0	1	1953	205.7	411.6	0.07	0.0	1
172.54	0	0.0	0.0	0.0	0.0	0.0	0.0	1	1953	205.7	411.6	0.07	0.0	1
172.64	0	0.0	0.0	0.0	0.0	0.0	0.0	1	1953	205.7	411.6	0.07	0.0	1
172.74	0	0.0	0.0	0.0	0.0	0.0	0.0	1	1953	205.7	411.6	0.07	0.0	1
172.84	0	0.0	0.0	0.0	0.0	0.0	0.0	1	1953	205.7	411.6	0.07	0.0	1
172.94	0	0.0	0.0	0.0	0.0	0.0	0.0	1	1953	205.7	411.6	0.07	0.0	1
173.04	0	0.0	0.0	0.0	0.0	0.0	0.0	1	1953	205.7	411.6	0.07	0.0	1
173.14	0	0.0	0.0	0.0	0.0	0.0	0.0	1	1953	205.7	411.6	0.07	0.0	1
173.23	0	0.0	0.0	0.0	0.0	0.0	0.0	1	1953	205.7	411.6	0.07	0.0	1
173.33	0	0.0	0.0	0.0	0.0	0.0	0.0	1	1953	205.7	411.6	0.07	0.0	1
173.43	0	0.0	0.0	0.0	0.0	0.0	0.0	1	1953	205.7	411.6	0.07	0.0	1
173.53	0	0.0	0.0	0.0	0.0	0.0	0.0	1	1953	205.7	411.6	0.07	0.0	1
173.63	0	0.0	0.0	0.0	0.0	0.0	0.0	1	1953	205.7	411.6	0.07	0.0	1
173.73	0	0.0	0.0	0.0	0.0	0.0	0.0	1	1953	205.7	411.6	0.07	0.0	1
173.83	0	0.0	0.0	0.0	0.0	0.0	0.0	1	1953	205.7	411.6	0.07	0.0	1
173.93	0	0.0	0.0	0.0	0.0	0.0	0.0	1	1953	205.7	411.6	0.07	0.0	1
174.03	0	0.0	0.0	0.0	0.0	0.0	0.0	1	1953	205.7	411.6	0.07	0.0	1
174.13	0	0.0	0.0	0.0	0.0	0.0	0.0	1	1953	205.7	411.6	0.07	0.0	1
174.23	0	0.0	0.0	0.0	0.0	0.0	0.0	1	1953	205.7	411.6	0.07	0.0	1
174.33	0	0.0	0.0	0.0	0.0	0.0	0.0	1	1953	205.7	411.6	0.07	0.0	1
174.43	0	0.0	0.0	0.0	0.0	0.0	0.0	1	1953	205.7	411.6	0.07	0.0	1
174.53	0	0.0	0.0	0.0	0.0	0.0	0.0	1	1953	205.7	411.6	0.07	0.0	1
174.63	0	0.0	0.0	0.0	0.0	0.0	0.0	1	1953	205.7	411.6	0.07	0.0	1
174.73	0	0.0	0.0	0.0	0.0	0.0	0.0	1	1953	205.7	411.6	0.07	0.0	1
174.83	0	0.0	0.0	0.0	0.0	0.0	0.0	1	1953	205.7	411.6	0.07	0.0	1
174.93	0	0.0	0.0	0.0	0.0	0.0	0.0	1	1953	205.7	411.6	0.07	0.0	1
175.03	0	0.0	0.0	0.0	0.0	0.0	0.0	1	1953	205.7	411.6	0.07	0.0	1
175.13	0	0.0	0.0	0.0	0.0	0.0	0.0	1	1953	205.7	411.6	0.07	0.0	1
175.23	0	0.0	0.0	0.0	0.0	0.0	0.0	1	1953	205.7	411.6	0.07	0.0	1
175.33	0	0.0	0.0	0.0	0.0	0.0	0.0	1	1953	205.7	411.6	0.07	0.0	1
175.43	0	0.0	0.0	0.0	0.0	0.0	0.0	1	1953	205.7	411.6	0.07	0.0	1
175.53	0	0.0	0.0	0.0	0.0	0.0	0.0	1	1953	205.7	411.6	0.07	0.0	1
175.63	0	0.0	0.0	0.0	0.0	0.0	0.0	1	1953	205.7	411.6	0.07	0.0	1
175.73	0	0.0	0.0	0.0	0.0	0.0	0.0	1	1953	205.7	411.6	0.07	0.0	1
175.83	0	0.0	0.0	0.0	0.0	0.0	0.0	1	1953	205.7	411.6	0.07	0.0	1
175.93	0	0.0	0.0	0.0	0.0	0.0	0.0	1	1953	205.7	411.6	0.07	0.0	1
176.03	0	0.0	0.0	0.0	0.0	0.0	0.0	1	1953	205.7	411.6	0.07	0.0	1
176.13	0	0.0	0.0	0.0	0.0	0.0	0.0	1	1953	205.7	411.6	0.07	0.0	1
176.23	0	0.0	0.0	0.0	0.0	0.0	0.0	1	1953	205.7	411.6	0.07	0.0	1
176.33	0	0.0	0.0	0.0	0.0	0.0	0.0	1	1953	205.7	411.6	0.07	0.0	1
176.43	0	0.0	0.0	0.0	0.0	0.0	0.0	1	1953	205.7	411.6	0.07	0.0	1
176.53	0	0.0	0.0	0.0	0.0	0.0	0.0	1	1953	205.7	411.6	0.07	0.0	1
176.63	0	0.0	0.0	0.0	0.0	0.0	0.0	1	1953	205.7	411.6	0.07	0.0	1
176.73	0	0.0	0.0	0.0	0.0	0.0	0.0	1	1953	205.7	411.6	0.07	0.0	1
176.83	0	0.0	0.0	0.0	0.0	0.0	0.0	1	1953	205.7	411.6	0.07	0.0	1
176.93	0	0.0	0.0	0.0	0.0	0.0	0.0	1	1953	205.7	411.6	0.07	0.0	1
177.03	0	0.0	0.0	0.0	0.0	0.0	0.0	1	1953	205.7	411.6	0.07	0.0	1
177.13	0	0.0	0.0	0.0	0.0	0.0	0.0	1	1953	205.7	411.6	0.07	0.0	1
177.23	0	0.0	0.0	0.0	0.0	0.0	0.0	1	1953	205.7	411.6	0.07	0.0	1
177.33	0	0.0	0.0	0.0	0.0	0.0	0.0	1	1953	205.7	411.6	0.07	0.0	1
177.43	0	0.0	0.0	0.0	0.0	0.0	0.0	1	1953	205.7	411.6	0.07	0.0	1
177.55	0	0.0	0.0	0.0	0.0	0.0	0.0	1	1953	205.7	411.6	0.07	0.0	1
177.65	0	0.0	0.0	0.0	0.0	0.0	0.0	1	1953	205.7	411.6	0.07	0.0	1
177.75	0	0.0	0.0	0.0	0.0	0.0	0.0	1	1953	205.7	411.6	0.07	0.0	1
177.85	0	0.0	0.0	0.0	0.0	0.0	0.0	1	1953	205.7	411.6	0.07	0.0	1
177.98	0	0.0	0.0	0.0	0.0	0.0	0.0	1	1953	205.7	411.6	0.07	0.0	1
178.07	0	0.0	0.0	0.0	0.0	0.0	0.0	1	1953	205.7	411.6	0.07	0.0	1
178.17	0	0.0	0.0	0.0	0.0	0.0	0.0	1	1953	205.7	411.6	0.07	0.0	1
178.27	0	0.0	0.0	0.0	0.0	0.0	0.0	1	1953	205.7	411.6	0.07	0.0	1
178.37	0	0.0	0.0	0.0	0.0	0.0	0.0	1	1953	205.7	411.6	0.07	0.0	1
178.47	0	0.0	0.0	0.0	0.0	0.0	0.0	1	1953	205.7	411.6	0.07	0.0	1
178.57	0	0.0	0.0	0.0	0.0	0.0	0.0	1	1953	205.7	411.6	0.07	0.0	1
178.67	0	0.0	0.0	0.0	0.0	0.0	0.0	1	1953	205.7	411.6	0.07	0.0	1
178.77	0	0.0	0.0	0.0	0.0	0.0	0.0	1	1953	205.7	411.6	0.07	0.0	1
178.9	0	0.0	0.0	0.0	0.0	0.0	0.0	1	1953	205.7	411.6	0.07	0.0	1
179.0	0	0.0	0.0	0.0	0.0	0.0	0.0	1	1953	205.7	411.6	0.07	0.0	1
179.1	0	0.0	0.0	0.0	0.0	0.0	0.0	1	1953	205.7	411.6	0.07	0.0	1
179.2	0	0.0	0.0	0.0	0.0	0.0	0.0	1	1953	205.7	411.6	0.07	0.0	1
179.31	0	0.0	0.0	0.0	0.0	0.0	0.0	1	1953	205.7	411.6	0.07	0.0	1
179.41	0	0.0	0.0	0.0	0.0	0.0	0.0	1	1953	205.7	411.6	0.07	0.0	1
179.51	0	0.0	0.0	0.0	0.0	0.0	0.0	1	1953	205.7	411.6	0.07	0.0	1
179.61	0	0.0	0.0	0.0	0.0	0.0	0.0	1	1953	205.7	411.6	0.07	0.0	1
179.71	0	0.0	0.0	0.0	0.0	0.0	0.0	1	1953	205.7	411.6	0.07	0.0	1
179.81	0	0.0	0.0	0.0	0.0	0.0	0.0	1	1953	205.7	411.6	0.07	0.0	1
179.91	0	0.0	0.0	0.0	0.0	0.0	0.0	1	1953	205.7	411.6	0.07	0.0	1
180.01	0	0.0	0.0	0.0	0.0	0.0	0.0	1	1953	205.7	411.6	0.07	0.0	1
180.11	0	0.0	0.0	0.0	0.0	0.0	0.0	1	1953	205.7	411.6	0.07	0.0	1
180.21	0	0.0	0.0	0.0	0.0	0.0	0.0	1	1953	205.7	411.6	0.07	0.0	1
180.31	0	0.0	0.0	0.0	0.0	0.0	0.0	1	1953	205.7	411.6	0.07	0.0	1
180.41	0	0.0	0.0	0.0	0.0	0.0	0.0	1	1953	205.7	411.6	0.07	0.0	1
180.51	0	0.0	0.0	0.0	0.0	0.0	0.0	1	1953	205.7	411.6	0.07	0.0	1
180.61	0	0.0	0.0	0.0	0.0	0.0	0.0	1	1953	205.7	411.6	0.07	0.0	1
180.71	0	0.0	0.0	0.0	0.0	0.0	0.0	1	1953	205.7	411.6	0.07	0.0	1
180.81	0	0.0	0.0	0.0	0.0	0.0	0.0	1	1953	205.7	411.6	0.07	0.0	1
180.91	0	0.0	0.0	0.0	0.0	0.0	0.0	1	1953	205.7	411.6	0.07	0.0	1
181.01	0	0.0	0.0	0.0	0.0	0.0	0.0	1	1953	205.7	411.6	0.07	0.0	1
181.11	0	0.0	0.0	0.0	0.0	0.0	0.0	1	1953	205.7	411.6	0.07	0.0	1
181.21	0	0.0	0.0	0.0	0.0	0.0	0.0	1	1953	205.7	411.6	0.07	0.0	1
181.32	0	0.0	0.0	0.0	0.0	0.0	0.0	1	1953	205.7	411.6	0.07	0.0	1
181.42	0	0.0	0.0	0.0	0.0	0.0	0.0	1	1953	205.7	411.6	0.07	0.0	1
181.52	0	0.0	0.0	0.0	0.0	0.0	0.0	1	1953	205.7	411.6	0.07	0.0	1
181.62	0	0.0	0.0	0.0	0.0	0.0	0.0	1	1953	205.7	411.6	0.07	0.0	1
181.72	0	0.0	0.0	0.0	0.0	0.0	0.0	1	1953	205.7	411.6	0.07	0.0	1
181.82	0	0.0	0.0	0.0	0.0	0.0	0.0	1	1953	205.7	411.6	0.07	0.0	1
181.92	0	0.0	0.0	0.0	0.0	0.0	0.0	1	1953	205.7	411.6	0.07	0.0	1
182.03	0	0.0	0.0	0.0	0.0	0.0	0.0	1	1953	205.7	411.6	0.07	0.0	1
182.13	0	0.0	0.0	0.0	0.0	0.0	0.0	1	1953	205.7	411.6	0.07	0.0	1
182.23	0	0.0	0.0	0.0	0.0	0.0	0.0	1	1953	205.7	411.6	0.07	0.0	1
182.33	0	0.0	0.0	0.0	0.0	0.0	0.0	1	1953	205.7	411.6	0.07	0.0	1
182.43	0	0.0	0.0	0.0	0.0	0.0	0.0	1	1953	205.7	411.6	0.07	0.0	1
182.53	0	0.0	0.0	0.0	0.0	0.0	0.0	1	1953	205.7	411.6	0.07	0.0	1
182.63	0	0.0	0.0	0.0	0.0	0.0	0.0	1	1953	205.7	411.6	0.07	0.0	1
182.73	0	0.0	0.0	0.0	0.0	0.0	0.0	1	1953	205.7	411.6	0.07	0.0	1
182.83	0	0.0	0.0	0.0	0.0	0.0	0.0	1	1953	205.7	411.6	0.07	0.0	1
182.93	0	0.0	0.0	0.0	0.0	0.0	0.0	1	1953	205.7	411.6	0.07	0.0	1
183.03	0	0.0	0.0	0.0	0.0	0.0	0.0	1	1953	205.7	411.6	0.07	0.0	1
183.13	0	0.0	0.0	0.0	0.0	0.0	0.0	1	1953	205.7	411.6	0.07	0.0	1
183.23	0	0.0	0.0	0.0	0.0	0.0	0.0	1	1953	205.7	411.6	0.07	0.0	1
183.33	0	0.0	0.0	0.0	0.0	0.0	0.0	1	1953	205.7	411.6	0.07	0.0	1
183.43	0	0.0	0.0	0.0	0.0	0.0	0.0	1	1953	205.7	411.6	0.07	0.0	1
183.54	0	0.0	0.0	0.0	0.0	0.0	0.0	1	1953	205.7	411.6	0.07	0.0	1
183.64	0	0.0	0.0	0.0	0.0	0.0	0.0	1	1953	205.7	411.6	0.07	0.0	1
183.74	0	0.0	0.0	0.0	0.0	0.0	0.0	1	1953	205.7	411.6	0.07	0.0	1
183.84	0	0.0	0.0	0.0	0.0	0.0	0.0	1	1953	205.7	411.6	0.07	0.0	1
183.94	0	0.0	0.0	0.0	0.0	0.0	0.0	1	1953	205.7	411.6	0.07	0.0	1
184.04	0	0.0	0.0	0.0	0.0	0.0	0.0	1	1953	205.7	411.6	0.07	0.0	1
184.14	0	0.0	0.0	0.0	0.0	0.0	0.0	1	1953	205.7	411.6	0.07	0.0	1
184.24	0	0.0	0.0	0.0	0.0	0.0	0.0	1	1953	205.7	411.6	0.07	0.0	1
184.34	0	0.0	0.0	0.0	0.0	0.0	0.0	1	1953	205.7	411.6	0.07	0.0	1
184.44	0	0.0	0.0	0.0	0.0	0.0	0.0	1	1953	205.7	411.6	0.07	0.0	1
184.54	0	0.0	0.0	0.0	0.0	0.0	0.0	1	1953	205.7	411.6	0.07	0.0	1
184.64	0	0.0	0.0	0.0	0.0	0.0	0.0	1	1953	205.7	411.6	0.07	0.0	1
184.74	0	0.0	0.0	0.0	0.0	0.0	0.0	1	1953	205.7	411.6	0.07	0.0	1
184.84	0	0.0	0.0	0.0	0.0	0.0	0.0	1	1953	205.7	411.6	0.07	0.0	1
184.94	0	0.0	0.0	0.0	0.0	0.0	0.0	1	1953	205.7	411.6	0.07	0.0	1
185.04	0	0.0	0.0	0.0	0.0	0.0	0.0	1	1953	205.7	411.6	0.07	0.0	1
185.14	0	0.0	0.0	0.0	0.0	0.0	0.0	1	1953	205.7	411.6	0.07	0.0	1
185.24	0	0.0	0.0	0.0	0.0	0.0	0.0	1	1953	205.7	411.6	0.07	0.0	1
185.34	0	0.0	0.0	0.0	0.0	0.0	0.0	1	1953	205.7	411.6	0.07	0.0	1
185.45	0	0.0	0.0	0.0	0.0	0.0	0.0	1	1953	205.7	411.6	0.07	0.0	1
185.55	0	0.0	0.0	0.0	0.0	0.0	0.0	1	1953	205.7	411.6	0.07	0.0	1
185.65	0	0.0	0.0	0.0	0.0	0.0	0.0	1	1953	205.7	411.6	0.07	0.0	1
185.75	0	0.0	0.0	0.0	0.0	0.0	0.0	1	1953	205.7	411.6	0.07	0.0	1
185.85	0	0.0	0.0	0.0	0.0	0.0	0.0	1	1953	205.7	411.6	0.07	0.0	1
185.96	0	0.0	0.0	0.0	0.0	0.0	0.0	1	1953	205.7	411.6	0.07	0.0	1
186.06	0	0.0	0.0	0.0	0.0	0.0	0.0	1	1953	205.7	411.6	0.07	0.0	1
186.16	0	0.0	0.0	0.0	0.0	0.0	0.0	1	1953	205.7	411.6	0.07	0.0	1
186.26	0	0.0	0.0	0.0	0.0	0.0	0.0	1	1953	205.7	411.6	0.07	0.0	1
186.36	0	0.0	0.0	0.0	0.0	0.0	0.0	1	1953	205.7	411.6	0.07	0.0	1
186.46	0	0.0	0.0	0.0	0.0	0.0	0.0	1	1953	205.7	411.6	0.07	0.0	1
186.56	0	0.0	0.0	0.0	0.0	0.0	0.0	1	1953	205.7	411.6	0.07	0.0	1
186.66	0	0.0	0.0	0.0	0.0	0.0	0.0	1	1953	205.7	411.6	0.07	0.0	1
186.76	0	0.0	0.0	0.0	0.0	0.0	0.0	1	1953	205.7	411.6	0.07	0.0	1
186.86	0	0.0	0.0	0.0	0.0	0.0	0.0	1	1953	205.7	411.6	0.07	0.0	1
186.96	0	0.0	0.0	0.0	0.0	0.0	0.0	1	1953	205.7	411.6	0.07	0.0	1
187.06	0	0.0	0.0	0.0	0.0	0.0	0.0	1	1953	205.7	411.6	0.07	0.0	1
187.16	0	0.0	0.0	0.0	0.0	0.0	0.0	1	1953	205.7	411.6	0.07	0.0	1
187.26	0	0.0	0.0	0.0	0.0	0.0	0.0	1	1953	205.7	411.6	0.07	0.0	1
187.36	0	0.0	0.0	0.0	0.0	0.0	0.0	1	1953	205.7	411.6	0.07	0.0	1
187.46	0	0.0	0.0	0.0	0.0	0.0	0.0	1	1953	205.7	411.6	0.07	0.0	1
187.56	0	0.0	0.0	0.0	0.0	0.0	0.0	1	1953	205.7	411.6	0.07	0.0	1
187.66	0	0.0	0.0	0.0	0.0	0.0	0.0	1	1953	205.7	411.6	0.07	0.0	1
187.76	0	0.0	0.0	0.0	0.0	0.0	0.0	1	1953	205.7	411.6	0.07	0.0	1
187.86	0	0.0	0.0	0.0	0.0	0.0	0.0	1	1953	205.7	411.6	0.07	0.0	1
187.96	0	0.0	0.0	0.0	0.0	0.0	0.0	1	1953	205.7	411.6	0.07	0.0	1
188.06	0	0.0	0.0	0.0	0.0	0.0	0.0	1	1953	205.7	411.6	0.07	0.0	1
188.16	0	0.0	0.0	0.0	0.0	0.0	0.0	1	1953	205.7	411.6	0.07	0.0	1
188.26	0	0.0	0.0	0.0	0.0	0.0	0.0	1	1953	205.7	411.6	0.07	0.0	1
188.36	0	0.0	0.0	0.0	0.0	0.0	0.0	1	1953	205.7	411.6	0.07	0.0	1
188.46	0	0.0	0.0	0.0	0.0	0.0	0.0	1	1953	205.7	411.6	0.07	0.0	1
188.56	0	0.0	0.0	0.0	0.0	0.0	0.0	1	1953	205.7	411.6	0.07	0.0	1
188.66	0	0.0	0.0	0.0	0.0	0.0	0.0	1	1953	205.7	411.6	0.07	0.0	1
188.76	0	0.0	0.0	0.0	0.0	0.0	0.0	1	1953	205.7	411.6	0.07	0.0	1
188.88	0	0.0	0.0	0.0	0.0	0.0	0.0	1	1953	205.7	411.6	0.07	0.0	1
188.98	0	0.0	0.0	0.0	0.0	0.0	0.0	1	1953	205.7	411.6	0.07	0.0	1
189.08	0	0.0	0.0	0.0	0.0	0.0	0.0	1	1953	205.7	411.6	0.07	0.0	1
189.18	0	0.0	0.0	0.0	0.0	0.0	0.0	1	1953	205.7	411.6	0.07	0.0	1
189.28	0	0.0	0.0	0.0	0.0	0.0	0.0	1	1953	205.7	411.6	0.07	0.0	1
189.38	0	0.0	0.0	0.0	0.0	0.0	0.0	1	1953	205.7	411.6	0.07	0.0	1
189.48	0	0.0	0.0	0.0	0.0	0.0	0.0	1	1953	205.7	411.6	0.07	0.0	1
189.58	0	0.0	0.0	0.0	0.0	0.0	0.0	1	1953	205.7	411.6	0.07	0.0	1
189.69	0	0.0	0.0	0.0	0.0	0.0	0.0	1	1953	205.7	411.6	0.07	0.0	1
189.82	0	0.0	0.0	0.0	0.0	0.0	0.0	1	1953	205.7	411.6	0.07	0.0	1
189.95	0	0.0	0.0	0.0	0.0	0.0	0.0	1	1953	205.7	411.6	0.07	0.0	1
190.02	0	0.0	0.0	0.0	0.0	0.0	0.0	1	1953	205.7	411.6	0.07	0.0	1
190.12	0	0.0	0.0	0.0	0.0	0.0	0.0	1	1953	205.7	411.6	0.07	0.0	1
190.22	0	0.0	0.0	0.0	0.0	0.0	0.0	1	1953	205.7	411.6	0.07	0.0	1
190.32	0	0.0	0.0	0.0	0.0	0.0	0.0	1	1953	205.7	411.6	0.07	0.0	1
190.42	0	0.0	0.0	0.0	0.0	0.0	0.0	1	1953	205.7	411.6	0.07	0.0	1
190.52	0	0.0	0.0	0.0	0.0	0.0	0.0	1	1953	205.7	411.6	0.07	0.0	1
190.62	0	0.0	0.0	0.0	0.0	0.0	0.0	1	1953	205.7	411.6	0.07	0.0	1
190.72	0	0.0	0.0	0.0	0.0	0.0	0.0	1	1953	205.7	411.6	0.07	0.0	1
190.82	0	0.0	0.0	0.0	0.0	0.0	0.0	1	1953	205.7	411.6	0.07	0.0	1
190.92	0	0.0	0.0	0.0	0.0	0.0	0.0	1	1953	205.7	411.6	0.07	0.0	1
191.02	0	0.0	0.0	0.0	0.0	0.0	0.0	1	1953	205.7	411.6	0.07	0.0	1
191.12	0	0.0	0.0	0.0	0.0	0.0	0.0	1	1953	205.7	411.6	0.07	0.0	1
191.22	0	0.0	0.0	0.0	0.0	0.0	0.0	1	1953	205.7	411.6	0.07	0.0	1
191.32	0	0.0	0.0	0.0	0.0	0.0	0.0	1	1953	205.7	411.6	0.07	0.0	1
191.42	0	0.0	0.0	0.0	0.0	0.0	0.0	1	1953	205.7	411.6	0.07	0.0	1
191.52	0	0.0	0.0	0.0	0.0	0.0	0.0	1	1953	205.7	411.6	0.07	0.0	1
191.62	0	0.0	0.0	0.0	0.0	0.0	0.0	1	1953	205.7	411.6	0.07	0.0	1
191.72	0	0.0	0.0	0.0	0.0	0.0	0.0	1	1953	205.7	411.6	0.07	0.0	1
191.82	0	0.0	0.0	0.0	0.0	0.0	0.0	1	1953	205.7	411.6	0.07	0.0	1
191.92	0	0.0	0.0	0.0	0.0	0.0	0.0	1	1953	205.7	411.6	0.07	0.0	1
192.02	0	0.0	0.0	0.0	0.0	0.0	0.0	1	1953	205.7	411.6	0.07	0.0	1
192.12	0	0.0	0.0	0.0	0.0	0.0	0.0	1	1953	205.7	411.6	0.07	0.0	1
192.22	0	0.0	0.0	0.0	0.0	0.0	0.0	1	1953	205.7	411.6	0.08	0.0	1
192.32	0	0.0	0.0	0.0	0.0	0.0	0.0	1	1953	205.7	411.6	0.08	0.0	1
192.42	0	0.0	0.0	0.0	0.0	0.0	0.0	1	1953	205.7	411.6	0.08	0.0	1
192.52	0	0.0	0.0	0.0	0.0	0.0	0.0	1	1953	205.7	411.6	0.08	0.0	1
192.62	0	0.0	0.0	0.0	0.0	0.0	0.0	1	1953	205.7	411.6	0.08	0.0	1
192.72	0	0.0	0.0	0.0	0.0	0.0	0.0	1	1953	205.7	411.6	0.08	0.0	1
192.82	0	0.0	0.0	0.0	0.0	0.0	0.0	1	1953	205.7	411.6	0.08	0.0	1
192.92	0	0.0	0.0	0.0	0.0	0.0	0.0	1	1953	205.7	411.6	0.08	0.0	1
193.02	0	0.0	0.0	0.0	0.0	0.0	0.0	1	1953	205.7	411.6	0.08	0.0	1
193.12	0	0.0	0.0	0.0	0.0	0.0	0.0	1	1953	205.7	411.6	0.08	0.0	1
193.22	0	0.0	0.0	0.0	0.0	0.0	0.0	1	1953	205.7	411.6	0.08	0.0	1
193.32	0	0.0	0.0	0.0	0.0	0.0	0.0	1	1953	205.7	411.6	0.08	0.0	1
193.42	0	0.0	0.0	0.0	0.0	0.0	0.0	1	1953	205.7	411.6	0.08	0.0	1
193.52	0	0.0	0.0	0.0	0.0	0.0	0.0	1	1953	205.7	411.6	0.08	0.0	1
193.62	0	0.0	0.0	0.0	0.0	0.0	0.0	1	1953	205.7	411.6	0.08	0.0	1
193.72	0	0.0	0.0	0.0	0.0	0.0	0.0	1	1953	205.7	411.6	0.08	0.0	1
193.82	0	0.0	0.0	0.0	0.0	0.0	0.0	1	1953	205.7	411.6	0.08	0.0	1
193.94	0	0.0	0.0	0.0	0.0	0.0	0.0	1	1953	205.7	411.6	0.08	0.0	1
194.04	0	0.0	0.0	0.0	0.0	0.0	0.0	1	1953	205.7	411.6	0.08	0.0	1
194.14	0	0.0	0.0	0.0	0.0	0.0	0.0	1	1953	205.7	411.6	0.08	0.0	1
194.24	0	0.0	0.0	0.0	0.0	0.0	0.0	1	1953	205.7	411.6	0.08	0.0	1
194.34	0	0.0	0.0	0.0	0.0	0.0	0.0	1	1953	205.7	411.6	0.08	0.0	1
194.45	0	0.0	0.0	0.0	0.0	0.0	0.0	1	1953	205.7	411.6	0.08	0.0	1
194.55	0	0.0	0.0	0.0	0.0	0.0	0.0	1	1953	205.7	411.6	0.08	0.0	1
194.65	0	0.0	0.0	0.0	0.0	0.0	0.0	1	1953	205.7	411.6	0.08	0.0	1
194.75	0	0.0	0.0	0.0	0.0	0.0	0.0	1	1953	205.7	411.6	0.08	0.0	1
194.85	0	0.0	0.0	0.0	0.0	0.0	0.0	1	1953	205.7	411.6	0.08	0.0	1
194.95	0	0.0	0.0	0.0	0.0	0.0	0.0	1	1953	205.7	411.6	0.08	0.0	1
195.05	0	0.0	0.0	0.0	0.0	0.0	0.0	1	1953	205.7	411.6	0.08	0.0	1
195.15	0	0.0	0.0	0.0	0.0	0.0	0.0	1	1953	205.7	411.6	0.08	0.0	1
195.25	0	0.0	0.0	0.0	0.0	0.0	0.0	1	1953	205.7	411.6	0.08	0.0	1
195.35	0	0.0	0.0	0.0	0.0	0.0	0.0	1	1953	205.7	411.6	0.08	0.0	1
195.45	0	0.0	0.0	0.0	0.0	0.0	0.0	1	1953	205.7	411.6	0.08	0.0	1
195.55	0	0.0	0.0	0.0	0.0	0.0	0.0	1	1953	205.7	411.6	0.08	0.0	1
195.65	0	0.0	0.0	0.0	0.0	0.0	0.0	1	1953	205.7	411.6	0.08	0.0	1
195.75	0	0.0	0.0	0.0	0.0	0.0	0.0	1	1953	205.7	411.6	0.08	0.0	1
195.85	0	0.0	0.0	0.0	0.0	0.0	0.0	1	1953	205.7	411.6	0.08	0.0	1
195.95	0	0.0	0.0	0.0	0.0	0.0	0.0	1	1953	205.7	411.6	0.08	0.0	1
196.05	0	0.0	0.0	0.0	0.0	0.0	0.0	1	1953	205.7	411.6	0.08	0.0	1
196.15	0	0.0	0.0	0.0	0.0	0.0	0.0	1	1953	205.7	411.6	0.08	0.0	1
196.25	0	0.0	0.0	0.0	0.0	0.0	0.0	1	1953	205.7	411.6	0.08	0.0	1
196.35	0	0.0	0.0	0.0	0.0	0.0	0.0	1	1953	205.7	411.6	0.08	0.0	1
196.45	0	0.0	0.0	0.0	0.0	0.0	0.0	1	1953	205.7	411.6	0.08	0.0	1
196.56	0	0.0	0.0	0.0	0.0	0.0	0.0	1	1953	205.7	411.6	0.08	0.0	1
196.66	0	0.0	0.0	0.0	0.0	0.0	0.0	1	1953	205.7	411.6	0.08	0.0	1
196.76	0	0.0	0.0	0.0	0.0	0.0	0.0	1	1953	205.7	411.6	0.08	0.0	1
196.86	0	0.0	0.0	0.0	0.0	0.0	0.0	1	1953	205.7	411.6	0.08	0.0	1
196.96	0	0.0	0.0	0.0	0.0	0.0	0.0	1	1953	205.7	411.6	0.08	0.0	1
197.06	0	0.0	0.0	0.0	0.0	0.0	0.0	1	1953	205.7	411.6	0.08	0.0	1
197.16	0	0.0	0.0	0.0	0.0	0.0	0.0	1	1953	205.7	411.6	0.08	0.0	1
197.26	0	0.0	0.0	0.0	0.0	0.0	0.0	1	1953	205.7	411.6	0.08	0.0	1
197.36	0	0.0	0.0	0.0	0.0	0.0	0.0	1	1953	205.7	411.6	0.08	0.0	1
197.45	0	0.0	0.0	0.0	0.0	0.0	0.0	1	1953	205.7	411.6	0.08	0.0	1
197.56	0	0.0	0.0	0.0	0.0	0.0	0.0	1	1953	205.7	411.6	0.08	0.0	1
197.66	0	0.0	0.0	0.0	0.0	0.0	0.0	1	1953	205.7	411.6	0.08	0.0	1
197.76	0	0.0	0.0	0.0	0.0	0.0	0.0	1	1953	205.7	411.6	0.08	0.0	1
197.86	0	0.0	0.0	0.0	0.0	0.0	0.0	1	1953	205.7	411.6	0.08	0.0	1
197.97	0	0.0	0.0	0.0	0.0	0.0	0.0	1	1953	205.7	411.6	0.08	0.0	1
198.07	0	0.0	0.0	0.0	0.0	0.0	0.0	1	1953	205.7	411.6	0.08	0.0	1
198.17	0	0.0	0.0	0.0	0.0	0.0	0.0	1	1953	205.7	411.6	0.08	0.0	1
198.27	0	0.0	0.0	0.0	0.0	0.0	0.0	1	1953	205.7	411.6	0.08	0.0	1
198.37	0	0.0	0.0	0.0	0.0	0.0	0.0	1	1953	205.7	411.6	0.08	0.0	1
198.47	0	0.0	0.0	0.0	0.0	0.0	0.0	1	1953	205.7	411.6	0.08	0.0	1
198.57	0	0.0	0.0	0.0	0.0	0.0	0.0	1	1953	205.7	411.6	0.08	0.0	1
198.67	0	0.0	0.0	0.0	0.0	0.0	0.0	1	1953	205.7	411.6	0.08	0.0	1
198.77	0	0.0	0.0	0.0	0.0	0.0	0.0	1	1953	205.7	411.6	0.08	0.0	1
198.87	0	0.0	0.0	0.0	0.0	0.0	0.0	1	1953	205.7	411.6	0.08	0.0	1
198.97	0	0.0	0.0	0.0	0.0	0.0	0.0	1	1953	205.7	411.6	0.08	0.0	1
199.07	0	0.0	0.0	0.0	0.0	0.0	0.0	1	1953	205.7	411.6	0.08	0.0	1
199.19	0	0.0	0.0	0.0	0.0	0.0	0.0	1	1953	205.7	411.6	0.08	0.0	1
199.3	0	0.0	0.0	0.0	0.0	0.0	0.0	1	1953	205.7	411.6	0.08	0.0	1
199.4	0	0.0	0.0	0.0	0.0	0.0	0.0	1	1953	205.7	411.6	0.08	0.0	1
199.5	0	0.0	0.0	0.0	0.0	0.0	0.0	1	1953	205.7	411.6	0.08	0.0	1
199.6	0	0.0	0.0	0.0	0.0	0.0	0.0	1	1953	205.7	411.6	0.08	0.0	1
199.7	0	0.0	0.0	0.0	0.0	0.0	0.0	1	1953	205.7	411.6	0.08	0.0	1
199.82	0	0.0	0.0	0.0	0.0	0.0	0.0	1	1953	205.7	411.6	0.08	0.0	1
199.92	0	0.0	0.0	0.0	0.0	0.0	0.0	1	1953	205.7	411.6	0.08	0.0	1
200.02	0	0.0	0.0	0.0	0.0	0.0	0.0	1	1953	205.7	411.6	0.08	0.0	1
200.12	0	0.0	0.0	0.0	0.0	0.0	0.0	1	1953	205.7	411.6	0.08	0.0	1
200.22	0	0.0	0.0	0.0	0.0	0.0	0.0	1	1953	205.7	411.6	0.08	0.0	1
200.32	0	0.0	0.0	0.0	0.0	0.0	0.0	1	1953	205.7	411.6	0.08	0.0	1
200.42	0	0.0	0.0	0.0	0.0	0.0	0.0	1	1953	205.7	411.6	0.08	0.0	1
200.52	0	0.0	0.0	0.0	0.0	0.0	0.0	1	1953	205.7	411.6	0.08	0.0	1
200.62	0	0.0	0.0	0.0	0.0	0.0	0.0	1	1953	205.7	411.6	0.08	0.0	1
200.72	0	0.0	0.0	0.0	0.0	0.0	0.0	1	1953	205.7	411.6	0.08	0.0	1
200.82	0	0.0	0.0	0.0	0.0	0.0	0.0	1	1953	205.7	411.6	0.08	0.0	1
200.92	0	0.0	0.0	0.0	0.0	0.0	0.0	1	1953	205.7	411.6	0.08	0.0	1
201.02	0	0.0	0.0	0.0	0.0	0.0	0.0	1	1953	205.7	411.6	0.08	0.0	1
201.12	0	0.0	0.0	0.0	0.0	0.0	0.0	1	1953	205.7	411.6	0.08	0.0	1
201.22	0	0.0	0.0	0.0	0.0	0.0	0.0	1	1953	205.7	411.6	0.08	0.0	1
201.32	0	0.0	0.0	0.0	0.0	0.0	0.0	1	1953	205.7	411.6	0.08	0.0	1
201.42	0	0.0	0.0	0.0	0.0	0.0	0.0	1	1953	205.7	411.6	0.08	0.0	1
201.52	0	0.0	0.0	0.0	0.0	0.0	0.0	1	1953	205.7	411.6	0.08	0.0	1
201.62	0	0.0	0.0	0.0	0.0	0.0	0.0	1	1953	205.7	411.6	0.08	0.0	1
201.72	0	0.0	0.0	0.0	0.0	0.0	0.0	1	1953	205.7	411.6	0.08	0.0	1
201.82	0	0.0	0.0	0.0	0.0	0.0	0.0	1	1953	205.7	411.6	0.08	0.0	1
201.95	0	0.0	0.0	0.0	0.0	0.0	0.0	1	1953	205.7	411.6	0.08	0.0	1
202.02	0	0.0	0.0	0.0	0.0	0.0	0.0	1	1953	205.7	411.6	0.08	0.0	1
202.12	0	0.0	0.0	0.0	0.0	0.0	0.0	1	1953	205.7	411.6	0.08	0.0	1
202.22	0	0.0	0.0	0.0	0.0	0.0	0.0	1	1953	205.7	411.6	0.08	0.0	1
202.32	0	0.0	0.0	0.0	0.0	0.0	0.0	1	1953	205.7	411.6	0.08	0.0	1
202.42	0	0.0	0.0	0.0	0.0	0.0	0.0	1	1953	205.7	411.6	0.08	0.0	1
202.52	0	0.0	0.0	0.0	0.0	0.0	0.0	1	1953	205.7	411.6	0.08	0.0	1
202.62	0	0.0	0.0	0.0	0.0	0.0	0.0	1	1953	205.7	411.6	0.08	0.0	1
202.72	0	0.0	0.0	0.0	0.0	0.0	0.0	1	1953	205.7	411.6	0.08	0.0	1
202.82	0	0.0	0.0	0.0	0.0	0.0	0.0	1	1953	205.7	411.6	0.08	0.0	1
202.92	0	0.0	0.0	0.0	0.0	0.0	0.0	1	1953	205.7	411.6	0.08	0.0	1
203.02	0	0.0	0.0	0.0	0.0	0.0	0.0	1	1953	205.7	411.6	0.08	0.0	1
203.12	0	0.0	0.0	0.0	0.0	0.0	0.0	1	1953	205.7	411.6	0.08	0.0	1
203.22	0	0.0	0.0	0.0	0.0	0.0	0.0	1	1953	205.7	411.6	0.08	0.0	1
203.32	0	0.0	0.0	0.0	0.0	0.0	0.0	1	1953	205.7	411.6	0.08	0.0	1
203.42	0	0.0	0.0	0.0	0.0	0.0	0.0	1	1953	205.7	411.6	0.08	0.0	1
203.52	0	0.0	0.0	0.0	0.0	0.0	0.0	1	1953	205.7	411.6	0.08	0.0	1
203.62	0	0.0	0.0	0.0	0.0	0.0	0.0	1	1953	205.7	411.6	0.08	0.0	1
203.72	0	0.0	0.0	0.0	0.0	0.0	0.0	1	1953	205.7	411.6	0.08	0.0	1
203.82	0	0.0	0.0	0.0	0.0	0.0	0.0	1	1953	205.7	411.6	0.08	0.0	1
203.92	0	0.0	0.0	0.0	0.0	0.0	0.0	1	1953	205.7	411.6	0.08	0.0	1
204.02	0	0.0	0.0	0.0	0.0	0.0	0.0	1	1953	205.7	411.6	0.08	0.0	1
204.12	0	0.0	0.0	0.0	0.0	0.0	0.0	1	1953	205.7	411.6	0.08	0.0	1
204.22	0	0.0	0.0	0.0	0.0	0.0	0.0	1	1953	205.7	411.6	0.08	0.0	1
204.32	0	0.0	0.0	0.0	0.0	0.0	0.0	1	1953	205.7	411.6	0.08	0.0	1
204.42	0	0.0	0.0	0.0	0.0	0.0	0.0	1	1953	205.7	411.6	0.08	0.0	1
204.52	0	0.0	0.0	0.0	0.0	0.0	0.0	1	1953	205.7	411.6	0.08	0.0	1
204.62	0	0.0	0.0	0.0	0.0	0.0	0.0	1	1953	205.7	411.6	0.08	0.0	1
204.72	0	0.0	0.0	0.0	0.0	0.0	0.0	1	1953	205.7	411.6	0.08	0.0	1
204.84	0	0.0	0.0	0.0	0.0	0.0	0.0	1	1953	205.7	411.6	0.08	0.0	1
204.94	0	0.0	0.0	0.0	0.0	0.0	0.0	1	1953	205.7	411.6	0.08	0.0	1
205.04	0	0.0	0.0	0.0	0.0	0.0	0.0	1	1953	205.7	411.6	0.08	0.0	1
205.14	0	0.0	0.0	0.0	0.0	0.0	0.0	1	1953	205.7	411.6	0.08	0.0	1
205.24	0	0.0	0.0	0.0	0.0	0.0	0.0	1	1953	205.7	411.6	0.08	0.0	1
205.34	0	0.0	0.0	0.0	0.0	0.0	0.0	1	1953	205.7	411.6	0.08	0.0	1
205.44	0	0.0	0.0	0.0	0.0	0.0	0.0	1	1953	205.7	411.6	0.08	0.0	1
205.54	0	0.0	0.0	0.0	0.0	0.0	0.0	1	1953	205.7	411.6	0.08	0.0	1
205.64	0	0.0	0.0	0.0	0.0	0.0	0.0	1	1953	205.7	411.6	0.08	0.0	1
205.74	0	0.0	0.0	0.0	0.0	0.0	0.0	1	1953	205.7	411.6	0.08	0.0	1
205.84	0	0.0	0.0	0.0	0.0	0.0	0.0	1	1953	205.7	411.6	0.08	0.0	1
205.95	0	0.0	0.0	0.0	0.0	0.0	0.0	1	1953	205.7	411.6	0.08	0.0	1
206.04	0	0.0	0.0	0.0	0.0	0.0	0.0	1	1953	205.7	411.6	0.08	0.0	1
206.14	0	0.0	0.0	0.0	0.0	0.0	0.0	1	1953	205.7	411.6	0.08	0.0	1
206.24	0	0.0	0.0	0.0	0.0	0.0	0.0	1	1953	205.7	411.6	0.08	0.0	1
206.34	0	0.0	0.0	0.0	0.0	0.0	0.0	1	1953	205.7	411.6	0.08	0.0	1
206.44	0	0.0	0.0	0.0	0.0	0.0	0.0	1	1953	205.7	411.6	0.08	0.0	1
206.54	0	0.0	0.0	0.0	0.0	0.0	0.0	1	1953	205.7	411.6	0.08	0.0	1
206.64	0	0.0	0.0	0.0	0.0	0.0	0.0	1	1953	205.7	411.6	0.08	0.0	1
206.74	0	0.0	0.0	0.0	0.0	0.0	0.0	1	1953	205.7	411.6	0.08	0.0	1
206.84	0	0.0	0.0	0.0	0.0	0.0	0.0	1	1953	205.7	411.6	0.08	0.0	1
206.94	0	0.0	0.0	0.0	0.0	0.0	0.0	1	1953	205.7	411.6	0.08	0.0	1
207.04	0	0.0	0.0	0.0	0.0	0.0	0.0	1	1953	205.7	411.6	0.08	0.0	1
207.14	0	0.0	0.0	0.0	0.0	0.0	0.0	1	1953	205.7	411.6	0.08	0.0	1
207.24	0	0.0	0.0	0.0	0.0	0.0	0.0	1	1953	205.7	411.6	0.08	0.0	1
207.34	0	0.0	0.0	0.0	0.0	0.0	0.0	1	1953	205.7	411.6	0.08	0.0	1
207.44	0	0.0	0.0	0.0	0.0	0.0	0.0	1	1953	205.7	411.6	0.08	0.0	1
207.54	0	0.0	0.0	0.0	0.0	0.0	0.0	1	1953	205.7	411.6	0.08	0.0	1
207.64	0	0.0	0.0	0.0	0.0	0.0	0.0	1	1953	205.7	411.6	0.08	0.0	1
207.74	0	0.0	0.0	0.0	0.0	0.0	0.0	1	1953	205.7	411.6	0.08	0.0	1
207.84	0	0.0	0.0	0.0	0.0	0.0	0.0	1	1953	205.7	411.6	0.08	0.0	1
207.94	0	0.0	0.0	0.0	0.0	0.0	0.0	1	1953	205.7	411.6	0.08	0.0	1
208.04	0	0.0	0.0	0.0	0.0	0.0	0.0	1	1953	205.7	411.6	0.08	0.0	1
208.14	0	0.0	0.0	0.0	0.0	0.0	0.0	1	1953	205.7	411.6	0.08	0.0	1
208.24	0	0.0	0.0	0.0	0.0	0.0	0.0	1	1953	205.7	411.6	0.08	0.0	1
208.34	0	0.0	0.0	0.0	0.0	0.0	0.0	1	1953	205.7	411.6	0.08	0.0	1
208.44	0	0.0	0.0	0.0	0.0	0.0	0.0	1	1953	205.7	411.6	0.08	0.0	1
208.54	0	0.0	0.0	0.0	0.0	0.0	0.0	1	1953	205.7	411.6	0.08	0.0	1
208.64	0	0.0	0.0	0.0	0.0	0.0	0.0	1	1953	205.7	411.6	0.08	0.0	1
208.74	0	0.0	0.0	0.0	0.0	0.0	0.0	1	1953	205.7	411.6	0.08	0.0	1
208.84	0	0.0	0.0	0.0	0.0	0.0	0.0	1	1953	205.7	411.6	0.08	0.0	1
208.94	0	0.0	0.0	0.0	0.0	0.0	0.0	1	1953	205.7	411.6	0.08	0.0	1
209.04	0	0.0	0.0	0.0	0.0	0.0	0.0	1	1953	205.7	411.6	0.08	0.0	1
209.14	0	0.0	0.0	0.0	0.0	0.0	0.0	1	1953	205.7	411.6	0.08	0.0	1
209.24	0	0.0	0.0	0.0	0.0	0.0	0.0	1	1953	205.7	411.6	0.08	0.0	1
209.34	0	0.0	0.0	0.0	0.0	0.0	0.0	1	1953	205.7	411.6	0.08	0.0	1
209.44	0	0.0	0.0	0.0	0.0	0.0	0.0	1	1953	205.7	411.6	0.08	0.0	1
209.54	0	0.0	0.0	0.0	0.0	0.0	0.0	1	1953	205.7	411.6	0.08	0.0	1
209.64	0	0.0	0.0	0.0	0.0	0.0	0.0	1	1953	205.7	411.6	0.08	0.0	1
209.74	0	0.0	0.0	0.0	0.0	0.0	0.0	1	1953	205.7	411.6	0.08	0.0	1
209.85	0	0.0	0.0	0.0	0.0	0.0	0.0	1	1953	205.7	411.6	0.08	0.0	1
209.99	0	0.0	0.0	0.0	0.0	0.0	0.0	1	1953	205.7	411.6	0.08	0.0	1
210.07	0	0.0	0.0	0.0	0.0	0.0	0.0	1	1953	205.7	411.6	0.08	0.0	1
210.17	0	0.0	0.0	0.0	0.0	0.0	0.0	1	1953	205.7	411.6	0.08	0.0	1
210.27	0	0.0	0.0	0.0	0.0	0.0	0.0	1	1953	205.7	411.6	0.08	0.0	1
210.37	0	0.0	0.0	0.0	0.0	0.0	0.0	1	1953	205.7	411.6	0.08	0.0	1
210.47	0	0.0	0.0	0.0	0.0	0.0	0.0	1	1953	205.7	411.6	0.08	0.0	1
210.57	0	0.0	0.0	0.0	0.0	0.0	0.0	1	1953	205.7	411.6	0.08	0.0	1
210.67	0	0.0	0.0	0.0	0.0	0.0	0.0	1	1953	205.7	411.6	0.08	0.0	1
210.77	0	0.0	0.0	0.0	0.0	0.0	0.0	1	1953	205.7	411.6	0.08	0.0	1
210.87	0	0.0	0.0	0.0	0.0	0.0	0.0	1	1953	205.7	411.6	0.08	0.0	1
210.97	0	0.0	0.0	0.0	0.0	0.0	0.0	1	1953	205.7	411.6	0.08	0.0	1
211.07	0	0.0	0.0	0.0	0.0	0.0	0.0	1	1953	205.7	411.6	0.08	0.0	1
211.17	0	0.0	0.0	0.0	0.0	0.0	0.0	1	1953	205.7	411.6	0.08	0.0	1
211.27	0	0.0	0.0	0.0	0.0	0.0	0.0	1	1953	205.7	411.6	0.08	0.0	1
211.37	0	0.0	0.0	0.0	0.0	0.0	0.0	1	1953	205.7	411.6	0.08	0.0	1
