4727, 78754
Longitude, Latitude, Gear, Rpm, Orientation, Roll, Pitch, Steering, Speed, Long Acc, Lat Acc, SlipAngle
3753.025500, -0.362571, 2, 8255.272766, 0.000000, 29, 48, -15, 0.000000, 0.000000, 0.000000, 0.000000
0.297000, -0.456463, 2, 8255.272766, 0.000000, 29, 48, -15, 171.786350, 0.000000, 0.000000, 1.990750
1.093000, -0.549455, 2, 8255.272766, 0.000000, 29, 48, -15, 172.616794, 0.000000, 0.000000, 2.383610
1.888500, -0.640758, 2, 8255.272766, 0.000000, 29, 48, -13, 172.408104, 0.000000, 0.000000, 2.490625
2.684500, -0.730452, 2, 8255.272766, 0.000000, 28, 48, -11, 172.364311, 0.000000, 0.000000, 2.631054
3.480500, -0.818697, 2, 8255.272766, 0.000000, 28, 49, -11, 172.263531, 0.000000, 0.000000, 2.743811
4.276500, -0.905380, 2, 8281.919605, 0.000000, 28, 49, -9, 172.157540, -10447.026684, -1782.319330, 2.955992
5.072500, -0.990660, 2, 8281.919605, 0.000000, 28, 49, -8, 172.023894, -20885.747214, -3612.724625, 3.066237
5.869000, -1.074575, 2, 8281.919605, 0.000000, 28, 49, -7, 172.032087, -20885.725047, -3612.842203, 3.185026
6.665000, -1.157130, 2, 8308.704462, 0.000000, 28, 49, -7, 171.830577, -20885.760550, -3613.032354, 3.202584
7.462000, -1.238288, 2, 8308.704462, 0.000000, 28, 49, -6, 171.918079, -10438.751115, -1830.901167, 3.314039
8.258500, -1.318166, 2, 8335.628500, 0.000000, 28, 49, -6, 171.684050, -0.058498, -0.691562, 3.416727
9.055500, -1.396763, 2, 8335.628500, 0.000000, 28, 49, -6, 171.710867, -0.100269, -0.772341, 3.511860
9.853000, -1.474349, 2, 8335.628500, 0.000000, 28, 49, -6, 171.732091, -0.076037, -0.783142, 3.618743
10.650000, -1.550811, 2, 8362.692899, 0.000000, 28, 48, -6, 171.516534, -0.074273, -0.801908, 3.697192
11.448000, -1.626225, 2, 8362.692899, 0.000000, 28, 48, -6, 171.660179, -0.053192, -0.817717, 3.699974
12.245500, -1.700554, 2, 8389.898849, 0.000000, 28, 47, -6, 171.440694, -0.040949, -0.833568, 3.789594
13.043500, -1.773836, 2, 8362.692899, 0.000000, 28, 47, -6, 171.475068, -0.039964, -0.850127, 3.796754
13.841500, -1.846108, 2, 8362.692899, 0.000000, 28, 47, -6, 171.371149, -0.026295, -0.863129, 3.881701
14.640000, -1.917255, 2, 8362.692899, 0.000000, 28, 48, -6, 171.373660, -0.022689, -0.872158, 3.886287
15.438500, -1.987391, 2, 8335.628500, 0.000000, 28, 48, -6, 171.315735, -0.022889, -0.884505, 3.873977
16.237500, -2.056554, 2, 8308.704462, 0.000000, 28, 48, -6, 171.321458, -0.006986, -0.889828, 3.878518
17.036500, -2.124665, 2, 8308.704462, 0.000000, 28, 48, -6, 171.259016, -0.011627, -0.894445, 3.965583
17.835000, -2.191799, 2, 8281.919605, 0.000000, 28, 48, -6, 171.050763, -0.014169, -0.898464, 3.965374
18.634000, -2.258034, 2, 8281.919605, 0.000000, 28, 47, -6, 171.077690, -0.012468, -0.901267, 3.946369
19.433000, -2.323445, 2, 8255.272766, 0.000000, 28, 47, -6, 170.993910, -0.022234, -0.909889, 4.018536
20.232000, -2.387953, 2, 8255.272766, 0.000000, 28, 46, -6, 170.946780, -0.022690, -0.920218, 4.005477
21.030500, -2.451634, 2, 8255.272766, 0.000000, 28, 46, -6, 170.719343, -0.034117, -0.931827, 3.989509
21.829500, -2.514564, 2, 8255.272766, 0.000000, 28, 45, -6, 170.788734, -0.040946, -0.942150, 4.061090
22.628000, -2.576626, 2, 8228.762792, 0.000000, 28, 45, -6, 170.608637, -0.056312, -0.955215, 4.035774
23.426500, -2.637815, 2, 8228.762792, 0.000000, 28, 45, -6, 170.525537, -0.061293, -0.964921, 4.030715
24.225000, -2.698090, 2, 8228.762792, 0.000000, 29, 45, -6, 170.453214, -0.062111, -0.973399, 4.013853
25.023000, -2.757448, 2, 8202.388545, 0.000000, 29, 46, -6, 170.295314, -0.072575, -0.975667, 3.926007
25.821500, -2.815806, 2, 8176.148897, 0.000000, 29, 46, -6, 170.295746, -0.073415, -0.972461, 3.914993
26.619500, -2.873241, 2, 8176.148897, 0.000000, 29, 47, -5, 170.141158, -0.077744, -0.965793, 3.914544
27.417500, -2.929629, 2, 8150.042736, 0.000000, 29, 46, -5, 170.066645, -0.084862, -0.957882, 3.908570
28.215500, -2.985007, 2, 8150.042736, 0.000000, 29, 46, -4, 169.993844, -0.080341, -0.948535, 3.990328
29.013500, -3.039450, 2, 8150.042736, 0.000000, 29, 46, -2, 169.957173, -0.075859, -0.939147, 3.987323
29.810500, -3.092915, 2, 8124.068958, 0.000000, 29, 46, -1, 169.637256, -0.090572, -0.934328, 3.969273
30.608000, -3.145396, 2, 8124.068958, 0.000000, 29, 46, -1, 169.707089, -0.083032, -0.928304, 3.888009
31.405000, -3.196811, 2, 8124.068958, 0.000000, 29, 46, 0, 169.518046, -0.093728, -0.924090, 3.894200
32.201500, -3.247274, 2, 8098.226473, 0.000000, 30, 46, 0, 169.385096, -0.105724, -0.922680, 3.880249
32.998000, -3.296742, 2, 8098.226473, 0.000000, 30, 46, 0, 169.277990, -0.105097, -0.918885, 3.793185
33.794500, -3.345251, 2, 8072.514204, 0.000000, 30, 46, 0, 169.261669, -0.114314, -0.918826, 3.777642
34.590500, -3.392634, 2, 8072.514204, 0.000000, 30, 46, 1, 169.068523, -0.121526, -0.918157, 3.794179
35.386500, -3.438968, 2, 8072.514204, 0.000000, 30, 45, 1, 169.000329, -0.115643, -0.909990, 3.710051
36.181500, -3.484166, 2, 8072.514204, 0.000000, 30, 45, 2, 168.752326, -0.126439, -0.906104, 3.707129
36.977000, -3.528345, 2, 8046.931084, 0.000000, 30, 45, 2, 168.834419, -0.124645, -0.899480, 3.625616
37.771500, -3.571461, 2, 8046.931084, 0.000000, 30, 45, 3, 168.510602, -0.125261, -0.893681, 3.538294
38.566000, -3.613427, 2, 8021.476059, 0.000000, 31, 45, 3, 168.482608, -0.136043, -0.891729, 3.457069
39.360500, -3.654278, 2, 8021.476059, 0.000000, 31, 45, 4, 168.456081, -0.128623, -0.882787, 3.463681
40.154000, -3.693969, 2, 7996.148083, 0.000000, 31, 44, 4, 168.159681, -0.143823, -0.875658, 3.390373
40.947500, -3.732412, 2, 7996.148083, 0.000000, 31, 44, 4, 168.124739, -0.145333, -0.867864, 3.320285
41.740500, -3.769603, 2, 7970.946126, 0.000000, 31, 44, 4, 167.944078, -0.147998, -0.857970, 3.158287
42.533000, -3.805576, 2, 7945.869166, 0.000000, 32, 45, 4, 167.843981, -0.161119, -0.852071, 3.080102
43.325000, -3.840122, 2, 7920.916193, 0.000000, 32, 45, 4, 167.642915, -0.160947, -0.838541, 3.028503
44.117000, -3.873440, 2, 7896.086207, 0.000000, 32, 45, 4, 167.613039, -0.163132, -0.825755, 2.869920
44.908000, -3.905237, 2, 7871.378220, 0.000000, 32, 44, 4, 167.368586, -0.182377, -0.810648, 2.825322
45.698500, -3.935589, 2, 7846.791252, 0.000000, 33, 44, 4, 167.216168, -0.182190, -0.792237, 2.677405
46.488500, -3.964367, 2, 7822.324336, 0.000000, 33, 44, 4, 167.052965, -0.197251, -0.777419, 2.540786
47.278000, -3.991564, 2, 7797.976515, 0.000000, 33, 45, 3, 166.924411, -0.209098, -0.758963, 2.408012
48.066500, -4.017135, 2, 7773.746840, 0.000000, 33, 45, 1, 166.671639, -0.217226, -0.738819, 2.285752
48.854500, -4.041157, 2, 7773.746840, 0.000000, 33, 45, 1, 166.556940, -0.228300, -0.722403, 2.228796
49.641500, -4.063501, 2, 7749.634374, 0.000000, 34, 45, 0, 166.293630, -0.245854, -0.701593, 2.117445
50.428000, -4.084119, 2, 7749.634374, 0.000000, 34, 44, -1, 166.156265, -0.259771, -0.683989, 1.995258
51.213500, -4.103092, 2, 7749.634374, 0.000000, 34, 44, -2, 165.918961, -0.269240, -0.671625, 1.860084
51.998000, -4.120372, 2, 7749.634374, 0.000000, 34, 43, -3, 165.691280, -0.288038, -0.653676, 1.839904
52.782000, -4.135915, 2, 7725.638189, 0.000000, 34, 43, -4, 165.556181, -0.292694, -0.641716, 1.716973
53.565000, -4.149675, 2, 7725.638189, 0.000000, 34, 43, -5, 165.296275, -0.304209, -0.630191, 1.603999
54.347000, -4.161732, 2, 7701.757367, 0.000000, 35, 43, -7, 165.116558, -0.314306, -0.615971, 1.575705
55.128500, -4.172084, 2, 7677.990998, 0.000000, 35, 43, -9, 164.950212, -0.314520, -0.609234, 1.447652
55.908500, -4.180686, 2, 7677.990998, 0.000000, 35, 42, -10, 164.646179, -0.324195, -0.601899, 1.428779
56.688000, -4.187537, 2, 7677.990998, 0.000000, 35, 42, -12, 164.535293, -0.325619, -0.591388, 1.408575
57.466000, -4.192677, 2, 7677.990998, 0.000000, 35, 41, -13, 164.211940, -0.328828, -0.588452, 1.285009
58.243500, -4.196104, 2, 7654.338184, 0.000000, 35, 41, -14, 164.068977, -0.338309, -0.581263, 1.259841
59.020000, -4.197734, 2, 7654.338184, 0.000000, 35, 41, -16, 163.880325, -0.333276, -0.575148, 1.241569
59.795000, -4.197734, 2, 7630.798036, 0.000000, 35, 41, -17, 163.559102, -0.344092, -0.575829, 1.292614
60.569500, -4.196062, 2, 7607.369671, 0.000000, 35, 41, -18, 163.451344, -0.345503, -0.570476, 1.271308
61.342500, -4.192719, 2, 7607.369671, 0.000000, 35, 41, -19, 163.131582, -0.347024, -0.570114, 1.321567
62.115000, -4.187872, 2, 7584.052220, 0.000000, 35, 41, -20, 163.038396, -0.351480, -0.573553, 1.376043
62.886500, -4.181480, 2, 7584.052220, 0.000000, 35, 40, -21, 162.833061, -0.340230, -0.575055, 1.427942
63.656500, -4.173504, 2, 7584.052220, 0.000000, 35, 40, -21, 162.548766, -0.340747, -0.581831, 1.481736
64.425500, -4.164111, 2, 7584.052220, 0.000000, 35, 40, -23, 162.311834, -0.343197, -0.589496, 1.528183
65.193500, -4.153346, 2, 7560.844818, 0.000000, 35, 40, -23, 162.122404, -0.338527, -0.596629, 1.655254
65.960500, -4.141209, 2, 7560.844818, 0.000000, 35, 41, -23, 161.933897, -0.345734, -0.608989, 1.694116
66.726500, -4.127746, 2, 7537.746613, 0.000000, 34, 41, -24, 161.746316, -0.336098, -0.621281, 1.820550
67.491000, -4.112959, 2, 7514.756758, 0.000000, 34, 42, -24, 161.433065, -0.336732, -0.631424, 1.955352
68.255000, -4.097016, 2, 7491.874419, 0.000000, 34, 42, -24, 161.373950, -0.336382, -0.643409, 2.072465
69.018000, -4.079878, 2, 7469.098767, 0.000000, 34, 42, -24, 161.137343, -0.327909, -0.656762, 2.176296
69.779500, -4.061631, 2, 7446.428982, 0.000000, 34, 42, -24, 160.887903, -0.328130, -0.671711, 2.291363
70.540000, -4.042361, 2, 7446.428982, 0.000000, 34, 42, -24, 160.686558, -0.315367, -0.688183, 2.487206
71.299500, -4.021946, 2, 7446.428982, 0.000000, 34, 43, -24, 160.472141, -0.313136, -0.702394, 2.606477
72.058000, -4.000762, 2, 7423.864253, 0.000000, 33, 43, -24, 160.334554, -0.310438, -0.716653, 2.783257
72.815000, -3.978810, 2, 7401.403777, 0.000000, 33, 43, -24, 160.020457, -0.306323, -0.737832, 2.945565
73.571000, -3.956011, 2, 7401.403777, 0.000000, 33, 43, -24, 159.824198, -0.310096, -0.757992, 3.051848
74.326000, -3.932655, 2, 7379.046760, 0.000000, 33, 43, -24, 159.625834, -0.309521, -0.781193, 3.216957
75.079500, -3.908745, 2, 7379.046760, 0.000000, 32, 43, -24, 159.331457, -0.314435, -0.807359, 3.365670
75.832000, -3.884364, 2, 7379.046760, 0.000000, 32, 43, -24, 159.184038, -0.315824, -0.829703, 3.611267
76.583500, -3.859638, 2, 7356.792415, 0.000000, 32, 43, -24, 158.973516, -0.307711, -0.859855, 3.757804
77.333500, -3.834608, 2, 7356.792415, 0.000000, 32, 42, -24, 158.685095, -0.310920, -0.891353, 3.904583
78.082500, -3.809358, 2, 7356.792415, 0.000000, 31, 42, -24, 158.493896, -0.303866, -0.917740, 4.126132
78.830000, -3.783846, 2, 7334.639962, 0.000000, 31, 42, -23, 158.209677, -0.305451, -0.946300, 4.271528
79.576500, -3.758198, 2, 7334.639962, 0.000000, 31, 43, -23, 158.006206, -0.307695, -0.972977, 4.386723
80.322000, -3.732412, 2, 7334.639962, 0.000000, 31, 43, -22, 157.838545, -0.293159, -0.993093, 4.623902
81.066000, -3.706408, 2, 7312.588630, 0.000000, 31, 44, -21, 157.528646, -0.296280, -1.013152, 4.761576
81.809500, -3.680431, 2, 7312.588630, 0.000000, 31, 44, -21, 157.460511, -0.285666, -1.030331, 4.868911
82.551500, -3.654278, 2, 7312.588630, 0.000000, 31, 44, -20, 157.155336, -0.275894, -1.040867, 5.093067
83.292500, -3.628070, 2, 7312.588630, 0.000000, 31, 45, -20, 156.964290, -0.274319, -1.050823, 5.234478
84.032500, -3.601808, 2, 7312.588630, 0.000000, 31, 45, -20, 156.775944, -0.256922, -1.061407, 5.346154
84.772000, -3.575532, 2, 7312.588630, 0.000000, 31, 46, -20, 156.685754, -0.241787, -1.063262, 5.563104
85.510000, -3.549365, 2, 7312.588630, 0.000000, 30, 46, -20, 156.422761, -0.231285, -1.070354, 5.673351
86.247000, -3.523428, 2, 7312.588630, 0.000000, 30, 46, -20, 156.210842, -0.213756, -1.083534, 5.865164
86.983500, -3.497883, 2, 7334.639962, 0.000000, 30, 45, -20, 156.130152, -0.202844, -1.093549, 6.051583
87.718500, -3.472687, 2, 7334.639962, 0.000000, 29, 45, -20, 155.812702, -0.198459, -1.113049, 6.235204
88.453000, -3.447920, 2, 7356.792415, 0.000000, 29, 44, -20, 155.755198, -0.179433, -1.133688, 6.409162
89.186500, -3.423743, 2, 7379.046760, 0.000000, 29, 44, -20, 155.527074, -0.168467, -1.157265, 6.562797
89.919000, -3.400236, 2, 7379.046760, 0.000000, 29, 43, -20, 155.348003, -0.161300, -1.186383, 6.739941
90.650500, -3.377436, 2, 7379.046760, 0.000000, 29, 43, -20, 155.176023, -0.147652, -1.216416, 6.886992
91.381000, -3.355464, 2, 7401.403777, 0.000000, 28, 43, -20, 154.928238, -0.144403, -1.246054, 7.031827
92.111000, -3.334356, 2, 7401.403777, 0.000000, 28, 42, -20, 154.875228, -0.137237, -1.273128, 7.185781
92.840000, -3.314152, 2, 7423.864253, 0.000000, 28, 41, -20, 154.653531, -0.118790, -1.300195, 7.317685
93.568500, -3.295050, 2, 7446.428982, 0.000000, 28, 40, -20, 154.583219, -0.106397, -1.329256, 7.434653
94.296000, -3.277049, 2, 7469.098767, 0.000000, 27, 39, -20, 154.352348, -0.092849, -1.352195, 7.576496
95.022500, -3.260186, 2, 7491.874419, 0.000000, 27, 39, -20, 154.181149, -0.079637, -1.381109, 7.683327
95.748500, -3.244419, 2, 7514.756758, 0.000000, 27, 38, -20, 154.057476, -0.070122, -1.404711, 7.814669
96.474000, -3.229706, 2, 7537.746613, 0.000000, 28, 38, -20, 153.938264, -0.053180, -1.419657, 7.945524
97.199000, -3.216086, 2, 7537.746613, 0.000000, 28, 38, -20, 153.872824, -0.036898, -1.437581, 7.983813
97.923500, -3.203556, 2, 7560.844818, 0.000000, 28, 37, -19, 153.781796, -0.014729, -1.445005, 8.102593
98.647500, -3.192075, 2, 7560.844818, 0.000000, 28, 37, -18, 153.676254, 0.001077, -1.448726, 8.144329
99.371000, -3.181722, 2, 7560.844818, 0.000000, 28, 37, -18, 153.545231, 0.014735, -1.453605, 8.178373
100.094000, -3.172456, 2, 7560.844818, 0.000000, 27, 36, -16, 153.478677, 0.034331, -1.447968, 8.314459
100.816500, -3.164275, 2, 7584.052220, 0.000000, 28, 36, -16, 153.376721, 0.047049, -1.444797, 8.336473
101.538500, -3.157179, 2, 7560.844818, 0.000000, 28, 36, -13, 153.239854, 0.061164, -1.443270, 8.380229
102.260500, -3.151287, 2, 7560.844818, 0.000000, 28, 35, -12, 153.286053, 0.075438, -1.438470, 8.420436
102.982000, -3.146478, 2, 7560.844818, 0.000000, 28, 35, -10, 153.148980, 0.081042, -1.440935, 8.444873
103.702500, -3.142592, 2, 7537.746613, 0.000000, 28, 34, -7, 152.955472, 0.079187, -1.438551, 8.501676
104.423000, -3.139908, 2, 7537.746613, 0.000000, 28, 34, -5, 152.956810, 0.086529, -1.436451, 8.526187
105.143000, -3.138225, 2, 7514.756758, 0.000000, 28, 34, -4, 152.842547, 0.084009, -1.437156, 8.479941
105.862500, -3.137624, 2, 7491.874419, 0.000000, 28, 34, -2, 152.740803, 0.082602, -1.430351, 8.451972
106.581500, -3.138025, 2, 7469.098767, 0.000000, 28, 34, 0, 152.627468, 0.088223, -1.428409, 8.386102
107.300500, -3.139267, 2, 7423.864253, 0.000000, 28, 34, 2, 152.641709, 0.082548, -1.421714, 8.370473
108.018500, -3.141350, 2, 7379.046760, 0.000000, 29, 34, 3, 152.444843, 0.075328, -1.410525, 8.328213
108.736000, -3.144234, 2, 7334.639962, 0.000000, 29, 34, 5, 152.287869, 0.070503, -1.402503, 8.224237
109.453000, -3.147921, 2, 7290.637655, 0.000000, 29, 34, 6, 152.228034, 0.059494, -1.388416, 8.183627
110.169500, -3.152289, 2, 7268.786282, 0.000000, 29, 34, 8, 152.085159, 0.047786, -1.371398, 8.097566
110.885000, -3.157460, 2, 7247.033763, 0.000000, 29, 34, 9, 151.882751, 0.034495, -1.359161, 8.063415
111.600000, -3.163313, 2, 7225.379356, 0.000000, 29, 34, 9, 151.790891, 0.019493, -1.342390, 7.955023
112.314500, -3.169889, 2, 7203.822327, 0.000000, 29, 34, 9, 151.680524, 0.000868, -1.328918, 7.856871
113.028000, -3.177108, 2, 7182.361951, 0.000000, 29, 34, 9, 151.417288, -0.019319, -1.320215, 7.745567
113.740500, -3.185092, 2, 7182.361951, 0.000000, 29, 34, 9, 151.235951, -0.035463, -1.310011, 7.639813
114.452500, -3.193841, 2, 7160.997507, 0.000000, 29, 33, 9, 151.131262, -0.054605, -1.306117, 7.521000
115.164000, -3.203315, 2, 7182.361951, 0.000000, 29, 33, 9, 151.012532, -0.064545, -1.302071, 7.431343
115.874500, -3.213555, 2, 7182.361951, 0.000000, 29, 32, 9, 150.787259, -0.071346, -1.301083, 7.306438
116.584000, -3.224603, 2, 7203.822327, 0.000000, 29, 31, 9, 150.570399, -0.084786, -1.300365, 7.111930
117.293500, -3.236499, 2, 7203.822327, 0.000000, 29, 31, 9, 150.582091, -0.087303, -1.303881, 6.988052
118.001500, -3.249084, 2, 7225.379356, 0.000000, 29, 30, 9, 150.221481, -0.098054, -1.306179, 6.796623
118.709500, -3.262399, 2, 7268.786282, 0.000000, 29, 29, 9, 150.244625, -0.095061, -1.306348, 6.691360
119.417000, -3.276566, 2, 7312.588630, 0.000000, 30, 28, 9, 150.093104, -0.087537, -1.304836, 6.493009
120.124000, -3.291425, 2, 7356.792415, 0.000000, 30, 27, 9, 150.022568, -0.085173, -1.301921, 6.302014
120.831000, -3.306776, 2, 7401.403777, 0.000000, 30, 27, 9, 149.982221, -0.066190, -1.293580, 6.119883
121.537500, -3.322740, 2, 7423.864253, 0.000000, 30, 26, 9, 149.868174, -0.053869, -1.285431, 5.929404
122.244000, -3.339278, 2, 7469.098767, 0.000000, 30, 25, 9, 149.861001, -0.040290, -1.272607, 5.756088
122.950500, -3.356271, 2, 7491.874419, 0.000000, 31, 24, 9, 149.856942, -0.009137, -1.252591, 5.494862
123.657000, -3.373517, 2, 7514.756758, 0.000000, 31, 24, 9, 149.857834, 0.009228, -1.233197, 5.252952
124.364000, -3.391057, 2, 7560.844818, 0.000000, 31, 23, 9, 149.938040, 0.034345, -1.205691, 5.019773
125.071000, -3.408811, 2, 7584.052220, 0.000000, 32, 22, 8, 149.918189, 0.063661, -1.179457, 4.768621
125.778500, -3.426658, 2, 7584.052220, 0.000000, 32, 21, 6, 150.003547, 0.079090, -1.152452, 4.535807
126.486500, -3.444517, 2, 7607.369671, 0.000000, 32, 20, 4, 150.092393, 0.108068, -1.120084, 4.322565
127.195000, -3.462388, 2, 7630.798036, 0.000000, 32, 20, 2, 150.208185, 0.130680, -1.091188, 4.011884
127.904000, -3.480028, 2, 7630.798036, 0.000000, 33, 19, 0, 150.276310, 0.154586, -1.057611, 3.808962
128.613500, -3.497436, 2, 7654.338184, 0.000000, 33, 18, -3, 150.396894, 0.178126, -1.024122, 3.518158
129.323500, -3.514450, 2, 7654.338184, 0.000000, 33, 18, -4, 150.443643, 0.187770, -0.996059, 3.237477
130.034500, -3.531109, 2, 7654.338184, 0.000000, 34, 18, -7, 150.669179, 0.205280, -0.962966, 3.054256
130.745500, -3.547169, 2, 7677.990998, 0.000000, 34, 17, -9, 150.643366, 0.211820, -0.932039, 2.783645
131.457500, -3.562588, 2, 7677.990998, 0.000000, 34, 16, -11, 150.821214, 0.217156, -0.899601, 2.620362
132.170500, -3.577324, 2, 7677.990998, 0.000000, 34, 16, -11, 151.050860, 0.231932, -0.863560, 2.457583
132.883500, -3.591213, 2, 7701.757367, 0.000000, 34, 15, -12, 151.028848, 0.226704, -0.833206, 2.206544
133.598000, -3.604254, 2, 7701.757367, 0.000000, 35, 15, -13, 151.310908, 0.238641, -0.800410, 2.063865
134.312500, -3.616404, 2, 7701.757367, 0.000000, 35, 14, -14, 151.291191, 0.241531, -0.771127, 1.900955
135.028000, -3.627621, 2, 7725.638189, 0.000000, 35, 14, -13, 151.524682, 0.238715, -0.745122, 1.846664
135.744000, -3.637660, 2, 7725.638189, 0.000000, 35, 13, -13, 151.580669, 0.246715, -0.713901, 1.732297
136.461000, -3.646600, 2, 7749.634374, 0.000000, 35, 13, -14, 151.791098, 0.247407, -0.690715, 1.581036
137.179000, -3.654482, 2, 7749.634374, 0.000000, 36, 13, -14, 152.026052, 0.252861, -0.665677, 1.546899
137.897000, -3.661222, 2, 7773.746840, 0.000000, 36, 12, -14, 151.985588, 0.256964, -0.645313, 1.481849
138.616500, -3.666697, 2, 7797.976515, 0.000000, 36, 12, -15, 152.295789, 0.258355, -0.628065, 1.477635
139.336500, -3.670948, 2, 7822.324336, 0.000000, 36, 12, -15, 152.408720, 0.266098, -0.610369, 1.414536
140.057000, -3.673931, 2, 7846.791252, 0.000000, 36, 11, -16, 152.519387, 0.266197, -0.594632, 1.389641
140.778500, -3.675812, 2, 7871.378220, 0.000000, 36, 10, -16, 152.682942, 0.274419, -0.582948, 1.434486
141.501000, -3.676384, 2, 7896.086207, 0.000000, 36, 9, -17, 152.924044, 0.283161, -0.577263, 1.471198
142.224500, -3.675812, 2, 7920.916193, 0.000000, 36, 9, -18, 153.137788, 0.282679, -0.572088, 1.448444
142.949000, -3.673972, 2, 7920.916193, 0.000000, 36, 8, -18, 153.329969, 0.304024, -0.568503, 1.485177
143.674000, -3.670866, 2, 7920.916193, 0.000000, 36, 8, -18, 153.470306, 0.308641, -0.567507, 1.540293
144.400000, -3.666575, 2, 7920.916193, 0.000000, 36, 8, -19, 153.688267, 0.317719, -0.564611, 1.587506
145.127000, -3.661059, 2, 7896.086207, 0.000000, 36, 8, -19, 153.882960, 0.333587, -0.567249, 1.625226
145.854500, -3.654482, 2, 7871.378220, 0.000000, 35, 9, -19, 153.977521, 0.331304, -0.574202, 1.661386
146.583000, -3.646764, 2, 7822.324336, 0.000000, 35, 9, -19, 154.224512, 0.339665, -0.575677, 1.788607
147.311500, -3.637946, 2, 7797.976515, 0.000000, 35, 9, -19, 154.243726, 0.330156, -0.584775, 1.833062
148.041000, -3.628192, 2, 7773.746840, 0.000000, 35, 9, -19, 154.471584, 0.317910, -0.593995, 1.932314
148.770500, -3.617464, 2, 7749.634374, 0.000000, 35, 9, -19, 154.445210, 0.299897, -0.606963, 1.957153
149.500500, -3.605721, 2, 7725.638189, 0.000000, 35, 9, -19, 154.571333, 0.276137, -0.623681, 2.073406
150.230500, -3.592965, 2, 7701.757367, 0.000000, 35, 10, -19, 154.621109, 0.255483, -0.637204, 2.197394
150.960500, -3.579319, 2, 7701.757367, 0.000000, 35, 10, -19, 154.601321, 0.225547, -0.651861, 2.203611
151.691000, -3.564908, 2, 7677.990998, 0.000000, 35, 11, -19, 154.734227, 0.199063, -0.666368, 2.301711
152.421500, -3.549487, 2, 7677.990998, 0.000000, 34, 12, -19, 154.787124, 0.180158, -0.678675, 2.426005
153.152000, -3.533345, 2, 7654.338184, 0.000000, 34, 12, -19, 154.747865, 0.153889, -0.693676, 2.510184
153.882500, -3.516400, 2, 7654.338184, 0.000000, 34, 12, -19, 154.783715, 0.138513, -0.705974, 2.605863
154.613000, -3.498654, 2, 7677.990998, 0.000000, 34, 13, -19, 154.816698, 0.124220, -0.713704, 2.720274
155.343000, -3.480231, 2, 7677.990998, 0.000000, 34, 13, -19, 154.708237, 0.098638, -0.729211, 2.792625
156.073500, -3.461212, 2, 7677.990998, 0.000000, 34, 13, -19, 154.876306, 0.100574, -0.741292, 2.883235
156.804000, -3.441641, 2, 7701.757367, 0.000000, 33, 13, -19, 154.844339, 0.088714, -0.753767, 2.967324
157.534500, -3.421558, 2, 7701.757367, 0.000000, 33, 12, -19, 154.896665, 0.083390, -0.776329, 3.113973
158.265000, -3.400964, 2, 7701.757367, 0.000000, 33, 12, -19, 154.890621, 0.089071, -0.788103, 3.208246
158.995500, -3.379901, 2, 7701.757367, 0.000000, 33, 12, -19, 154.946564, 0.084921, -0.805891, 3.267199
159.725500, -3.358573, 2, 7677.990998, 0.000000, 33, 12, -19, 154.825782, 0.081920, -0.829967, 3.328673
160.456000, -3.336777, 2, 7654.338184, 0.000000, 33, 12, -19, 154.986201, 0.094300, -0.843675, 3.391785
161.186500, -3.314636, 2, 7630.798036, 0.000000, 33, 13, -19, 154.992052, 0.095137, -0.862448, 3.467566
161.916500, -3.292070, 2, 7607.369671, 0.000000, 33, 13, -19, 154.876913, 0.089581, -0.879262, 3.528653
162.646000, -3.269160, 2, 7584.052220, 0.000000, 33, 14, -19, 154.836013, 0.086855, -0.884862, 3.602088
163.375500, -3.245867, 2, 7560.844818, 0.000000, 33, 14, -19, 154.853226, 0.069641, -0.896062, 3.659150
164.105000, -3.222152, 2, 7560.844818, 0.000000, 33, 15, -19, 154.872453, 0.060140, -0.904539, 3.804150
164.834000, -3.198136, 2, 7560.844818, 0.000000, 33, 15, -19, 154.786822, 0.057385, -0.907141, 3.875004
165.562500, -3.173819, 2, 7607.369671, 0.000000, 33, 16, -19, 154.702946, 0.045578, -0.911740, 3.945647
166.290500, -3.149083, 2, 7630.798036, 0.000000, 33, 16, -19, 154.599232, 0.025449, -0.913440, 4.005518
167.019000, -3.124088, 2, 7677.990998, 0.000000, 33, 16, -19, 154.754956, 0.023655, -0.914443, 4.059712
167.747000, -3.098915, 2, 7701.757367, 0.000000, 32, 16, -19, 154.683880, 0.018679, -0.920906, 4.199351
168.475000, -3.073524, 2, 7701.757367, 0.000000, 32, 16, -19, 154.686224, 0.027559, -0.926153, 4.264323
169.203000, -3.047915, 2, 7725.638189, 0.000000, 32, 16, -19, 154.726891, 0.044355, -0.931270, 4.302944
169.930500, -3.022209, 2, 7725.638189, 0.000000, 32, 16, -19, 154.612204, 0.043594, -0.940211, 4.439365
170.658500, -2.996446, 2, 7725.638189, 0.000000, 32, 16, -19, 154.765448, 0.058969, -0.951576, 4.465470
171.386500, -2.970586, 2, 7749.634374, 0.000000, 32, 16, -19, 154.775997, 0.082198, -0.962554, 4.530588
172.114000, -2.944748, 2, 7773.746840, 0.000000, 32, 15, -19, 154.705488, 0.090643, -0.977166, 4.552574
172.842000, -2.918972, 2, 7797.976515, 0.000000, 32, 15, -19, 154.837070, 0.112634, -0.989846, 4.587137
173.570000, -2.893257, 2, 7822.324336, 0.000000, 32, 15, -19, 154.821725, 0.119155, -1.003085, 4.612289
174.298000, -2.867604, 2, 7846.791252, 0.000000, 32, 14, -19, 154.879188, 0.120169, -1.017716, 4.739512
175.026000, -2.842170, 2, 7871.378220, 0.000000, 32, 13, -19, 154.878300, 0.141862, -1.031801, 4.746299
175.754500, -2.816955, 2, 7896.086207, 0.000000, 31, 13, -19, 155.029570, 0.150993, -1.045891, 4.763599
176.482500, -2.792038, 2, 7896.086207, 0.000000, 31, 11, -19, 154.925810, 0.154411, -1.061640, 4.781835
177.211500, -2.767457, 2, 7920.916193, 0.000000, 31, 10, -19, 155.142291, 0.174389, -1.078992, 4.872932
177.940000, -2.743250, 2, 7920.916193, 0.000000, 31, 9, -19, 155.074238, 0.175151, -1.095443, 4.883738
178.669000, -2.719496, 2, 7945.869166, 0.000000, 31, 8, -19, 155.198008, 0.184708, -1.114118, 4.880281
179.398500, -2.696234, 2, 7970.946126, 0.000000, 31, 7, -19, 155.335743, 0.206148, -1.134161, 4.859013
180.128000, -2.673461, 2, 7996.148083, 0.000000, 31, 6, -19, 155.326718, 0.208875, -1.151528, 4.873806
180.857500, -2.651178, 2, 8021.476059, 0.000000, 31, 5, -19, 155.361871, 0.216640, -1.169197, 4.863305
181.588000, -2.629382, 2, 8046.931084, 0.000000, 31, 4, -19, 155.578777, 0.235269, -1.184874, 4.858412
182.318500, -2.608072, 2, 8046.931084, 0.000000, 31, 3, -19, 155.590582, 0.235742, -1.193443, 4.855443
183.049500, -2.587210, 2, 8072.514204, 0.000000, 31, 2, -19, 155.734614, 0.249367, -1.204134, 4.766382
183.780500, -2.566792, 2, 8072.514204, 0.000000, 31, 1, -19, 155.703994, 0.260222, -1.211010, 4.759331
184.512500, -2.546819, 2, 8098.226473, 0.000000, 31, 1, -19, 155.983549, 0.259456, -1.211753, 4.761058
185.245000, -2.527211, 2, 8098.226473, 0.000000, 31, 0, -19, 156.057821, 0.276218, -1.211591, 4.763481
185.977500, -2.507929, 2, 8098.226473, 0.000000, 31, 0, -19, 156.104525, 0.280319, -1.207454, 4.684934
186.711000, -2.489010, 2, 8098.226473, 0.000000, 31, -1, -19, 156.313908, 0.293127, -1.200414, 4.690645
187.444500, -2.470375, 2, 8098.226473, 0.000000, 31, -1, -19, 156.348916, 0.298664, -1.197351, 4.601333
188.179000, -2.452104, 2, 8124.068958, 0.000000, 31, -2, -19, 156.551404, 0.302129, -1.188423, 4.626021
188.913500, -2.433998, 2, 8124.068958, 0.000000, 31, -2, -19, 156.592771, 0.309461, -1.181334, 4.537240
189.648500, -2.416137, 2, 8150.042736, 0.000000, 32, -3, -19, 156.703621, 0.307036, -1.174558, 4.552930
190.384000, -2.398323, 2, 8150.042736, 0.000000, 32, -3, -19, 156.820824, 0.305319, -1.160959, 4.510276
191.120500, -2.380597, 2, 8150.042736, 0.000000, 32, -4, -19, 157.048441, 0.311401, -1.150910, 4.519256
191.857000, -2.362918, 2, 8150.042736, 0.000000, 32, -4, -19, 157.073555, 0.301780, -1.138560, 4.467001
192.594500, -2.345326, 2, 8124.068958, 0.000000, 32, -4, -19, 157.275545, 0.311955, -1.123641, 4.395388
193.332000, -2.327781, 2, 8098.226473, 0.000000, 32, -4, -19, 157.305843, 0.310088, -1.115019, 4.431441
194.070000, -2.310283, 2, 8098.226473, 0.000000, 32, -5, -19, 157.450195, 0.302639, -1.101795, 4.372965
194.808000, -2.292911, 2, 8098.226473, 0.000000, 32, -6, -19, 157.420692, 0.298652, -1.092379, 4.392336
195.547000, -2.275624, 2, 8098.226473, 0.000000, 32, -7, -19, 157.682135, 0.294034, -1.089691, 4.328104
196.285500, -2.258463, 2, 8098.226473, 0.000000, 32, -7, -19, 157.578340, 0.279706, -1.087847, 4.348034
197.025000, -2.241504, 2, 8098.226473, 0.000000, 32, -8, -19, 157.797273, 0.271648, -1.093327, 4.279142
197.764500, -2.224630, 2, 8124.068958, 0.000000, 32, -9, -19, 157.827167, 0.261615, -1.098167, 4.304701
198.504500, -2.207841, 2, 8124.068958, 0.000000, 32, -9, -19, 157.971792, 0.249636, -1.102095, 4.236785
199.245000, -2.191137, 2, 8124.068958, 0.000000, 32, -10, -19, 158.055062, 0.254224, -1.106028, 4.268635
199.985500, -2.174441, 2, 8124.068958, 0.000000, 32, -11, -19, 158.077492, 0.249979, -1.108584, 4.195192
200.726500, -2.157790, 2, 8124.068958, 0.000000, 32, -11, -19, 158.181622, 0.246117, -1.109400, 4.151246
201.468000, -2.141069, 2, 8124.068958, 0.000000, 32, -11, -19, 158.337289, 0.251154, -1.106342, 4.172671
202.210000, -2.124315, 2, 8124.068958, 0.000000, 32, -11, -19, 158.446301, 0.252491, -1.099847, 4.129400
202.952000, -2.107529, 2, 8098.226473, 0.000000, 32, -11, -19, 158.462574, 0.249761, -1.091768, 4.073927
203.694000, -2.090712, 2, 8072.514204, 0.000000, 32, -12, -19, 158.448953, 0.247391, -1.083769, 4.111811
204.436500, -2.073862, 2, 8072.514204, 0.000000, 32, -13, -19, 158.615316, 0.234547, -1.078640, 4.134585
205.179500, -2.057020, 2, 8046.931084, 0.000000, 32, -14, -19, 158.719282, 0.233333, -1.073351, 4.080596
205.922000, -2.040106, 2, 8021.476059, 0.000000, 32, -14, -19, 158.600704, 0.220066, -1.070423, 4.122821
206.665000, -2.023277, 2, 7996.148083, 0.000000, 32, -15, -19, 158.760652, 0.216569, -1.071474, 4.046877
207.407500, -2.006570, 2, 7996.148083, 0.000000, 32, -15, -19, 158.632829, 0.193818, -1.074865, 4.076979
208.150500, -1.989832, 2, 7970.946126, 0.000000, 32, -16, -19, 158.780010, 0.174825, -1.081695, 4.106441
208.893500, -1.973022, 2, 7970.946126, 0.000000, 32, -16, -19, 158.784235, 0.169920, -1.087000, 4.056851
209.636000, -1.956180, 2, 7945.869166, 0.000000, 32, -16, -19, 158.697196, 0.149270, -1.091518, 3.993539
210.379000, -1.939267, 2, 7945.869166, 0.000000, 32, -16, -19, 158.833053, 0.144522, -1.090236, 4.040641
211.121500, -1.922283, 2, 7920.916193, 0.000000, 32, -16, -19, 158.718230, 0.131795, -1.090986, 3.982091
211.864000, -1.905190, 2, 7920.916193, 0.000000, 32, -16, -19, 158.745957, 0.109851, -1.086272, 4.032313
212.606000, -1.887948, 2, 7896.086207, 0.000000, 32, -17, -19, 158.649610, 0.105467, -1.078283, 4.073188
213.348000, -1.870713, 2, 7896.086207, 0.000000, 32, -17, -19, 158.688516, 0.092826, -1.074535, 4.094631
214.090000, -1.853407, 2, 7896.086207, 0.000000, 32, -17, -19, 158.676845, 0.079198, -1.068088, 4.137684
214.832000, -1.835953, 2, 7896.086207, 0.000000, 32, -18, -19, 158.700843, 0.080207, -1.064321, 4.088123
215.573500, -1.818429, 2, 7896.086207, 0.000000, 32, -18, -19, 158.580957, 0.064085, -1.064414, 4.133066
216.315000, -1.800833, 2, 7896.086207, 0.000000, 32, -18, -19, 158.643209, 0.065063, -1.060755, 4.166735
217.056000, -1.783322, 2, 7896.086207, 0.000000, 32, -19, -19, 158.515465, 0.057918, -1.061532, 4.199172
217.797000, -1.765816, 2, 7896.086207, 0.000000, 31, -19, -19, 158.557916, 0.053491, -1.069685, 4.208714
218.538000, -1.748395, 2, 7896.086207, 0.000000, 31, -20, -19, 158.560966, 0.061963, -1.072781, 4.251558
219.278500, -1.730940, 2, 7896.086207, 0.000000, 31, -21, -19, 158.474745, 0.055524, -1.080515, 4.278922
220.019000, -1.713608, 2, 7896.086207, 0.000000, 31, -21, -19, 158.470617, 0.056628, -1.086005, 4.309496
220.759000, -1.696358, 2, 7896.086207, 0.000000, 31, -22, -19, 158.389757, 0.051547, -1.089647, 4.336482
221.499000, -1.679191, 2, 7871.378220, 0.000000, 31, -22, -19, 158.412919, 0.046853, -1.100234, 4.350458
222.238500, -1.662107, 2, 7871.378220, 0.000000, 31, -22, -19, 158.303799, 0.047562, -1.107831, 4.381329
222.977500, -1.644990, 2, 7846.791252, 0.000000, 31, -22, -19, 158.242653, 0.043096, -1.109652, 4.419986
223.716500, -1.628071, 2, 7822.324336, 0.000000, 31, -22, -19, 158.240423, 0.036052, -1.113044, 4.437967
224.455500, -1.611234, 2, 7822.324336, 0.000000, 31, -23, -19, 158.241102, 0.036456, -1.113862, 4.455946
225.194000, -1.594403, 2, 7797.976515, 0.000000, 31, -23, -19, 158.153728, 0.030528, -1.113153, 4.498270
225.932000, -1.577615, 2, 7797.976515, 0.000000, 31, -23, -19, 158.080907, 0.031980, -1.118840, 4.511705
226.669500, -1.560794, 2, 7773.746840, 0.000000, 31, -23, -19, 157.964472, 0.023996, -1.115743, 4.469578
227.406500, -1.544093, 2, 7749.634374, 0.000000, 31, -22, -19, 157.873806, 0.011779, -1.111646, 4.498765
228.143500, -1.527436, 2, 7725.638189, 0.000000, 31, -22, -19, 157.898850, 0.010119, -1.110076, 4.528645
228.879500, -1.510783, 2, 7725.638189, 0.000000, 31, -23, -19, 157.700420, -0.003822, -1.105755, 4.644240
229.615500, -1.494174, 2, 7725.638189, 0.000000, 31, -23, -19, 157.696479, -0.008941, -1.103486, 4.677667
230.351000, -1.477685, 2, 7701.757367, 0.000000, 31, -24, -19, 157.606279, -0.014951, -1.105495, 4.693484
231.085500, -1.461469, 2, 7701.757367, 0.000000, 31, -24, -19, 157.450325, -0.031154, -1.105313, 4.804145
231.820000, -1.445410, 2, 7701.757367, 0.000000, 31, -25, -19, 157.400346, -0.031156, -1.110949, 4.815743
232.553500, -1.429662, 2, 7701.757367, 0.000000, 31, -25, -19, 157.250101, -0.034132, -1.120478, 4.837723
233.286500, -1.414187, 2, 7677.990998, 0.000000, 31, -25, -19, 157.127642, -0.045477, -1.130611, 4.931098
234.019000, -1.398945, 2, 7677.990998, 0.000000, 31, -26, -19, 157.017718, -0.046536, -1.142838, 4.948784
234.751000, -1.384167, 2, 7677.990998, 0.000000, 31, -26, -19, 156.936065, -0.056371, -1.155641, 4.950154
235.482500, -1.369698, 2, 7677.990998, 0.000000, 31, -27, -19, 156.866735, -0.061020, -1.167194, 5.051787
236.213500, -1.355500, 2, 7677.990998, 0.000000, 31, -27, -18, 156.722226, -0.056674, -1.176067, 5.059143
236.944000, -1.341689, 2, 7677.990998, 0.000000, 31, -27, -17, 156.658949, -0.058254, -1.183831, 5.160225
237.673500, -1.328186, 2, 7677.990998, 0.000000, 31, -27, -17, 156.442641, -0.059346, -1.189570, 5.160351
238.403000, -1.314992, 2, 7677.990998, 0.000000, 31, -27, -16, 156.463451, -0.053781, -1.191950, 5.179467
239.132000, -1.302029, 2, 7677.990998, 0.000000, 31, -28, -16, 156.374458, -0.047853, -1.192160, 5.194996
239.860500, -1.289376, 2, 7677.990998, 0.000000, 31, -28, -15, 156.245456, -0.044082, -1.192082, 5.288342
240.588500, -1.276992, 2, 7701.757367, 0.000000, 31, -28, -14, 156.170422, -0.037227, -1.185910, 5.316042
241.316000, -1.264763, 2, 7701.757367, 0.000000, 31, -28, -13, 156.090219, -0.035054, -1.181168, 5.330710
242.043000, -1.252804, 2, 7725.638189, 0.000000, 31, -28, -13, 155.943103, -0.039371, -1.175620, 5.350759
242.770000, -1.241115, 2, 7725.638189, 0.000000, 31, -28, -13, 155.973636, -0.026411, -1.167894, 5.356541
243.496500, -1.229580, 2, 7749.634374, 0.000000, 31, -28, -13, 155.909694, -0.018093, -1.161811, 5.383398
244.223000, -1.218315, 2, 7773.746840, 0.000000, 31, -29, -12, 155.883444, -0.009839, -1.155644, 5.407411
244.949000, -1.207318, 2, 7797.976515, 0.000000, 31, -29, -12, 155.775672, 0.004855, -1.150238, 5.410762
245.675000, -1.196705, 2, 7822.324336, 0.000000, 31, -30, -11, 155.825293, 0.012553, -1.148190, 5.429413
246.401000, -1.186399, 2, 7846.791252, 0.000000, 31, -31, -11, 155.794014, 0.028672, -1.149215, 5.427367
247.126500, -1.176476, 2, 7871.378220, 0.000000, 31, -31, -10, 155.702375, 0.044120, -1.152310, 5.355110
247.852000, -1.166898, 2, 7896.086207, 0.000000, 31, -32, -9, 155.719194, 0.057418, -1.155146, 5.363345
248.577500, -1.157779, 2, 7920.916193, 0.000000, 31, -33, -9, 155.732828, 0.068215, -1.161960, 5.358686
249.303000, -1.148928, 2, 7920.916193, 0.000000, 31, -34, -8, 155.726877, 0.076636, -1.166390, 5.294367
250.028500, -1.140383, 2, 7945.869166, 0.000000, 31, -35, -7, 155.746982, 0.089857, -1.171048, 5.289782
250.754500, -1.132221, 2, 7970.946126, 0.000000, 31, -36, -5, 155.852685, 0.106978, -1.176039, 5.219067
251.480000, -1.124326, 2, 7970.946126, 0.000000, 31, -36, -4, 155.743734, 0.113350, -1.173699, 5.148190
252.206000, -1.116700, 2, 7996.148083, 0.000000, 32, -37, -3, 155.855200, 0.130250, -1.169948, 4.989928
252.932500, -1.109188, 2, 8021.476059, 0.000000, 32, -38, -2, 155.969540, 0.144665, -1.163804, 4.919912
253.659000, -1.101792, 2, 8021.476059, 0.000000, 32, -38, -1, 155.980597, 0.154993, -1.152989, 4.855995
254.386000, -1.094434, 2, 8046.931084, 0.000000, 32, -39, 0, 156.110723, 0.177969, -1.140880, 4.724643
255.113000, -1.087039, 2, 8072.514204, 0.000000, 32, -39, 1, 156.091583, 0.185860, -1.125581, 4.574904
255.840500, -1.079492, 2, 8098.226473, 0.000000, 32, -39, 2, 156.231257, 0.189176, -1.105712, 4.457096
256.568500, -1.071717, 2, 8124.068958, 0.000000, 33, -39, 3, 156.297359, 0.202958, -1.084351, 4.330085
257.295500, -1.063676, 2, 8124.068958, 0.000000, 33, -40, 4, 156.391114, 0.347500, -1.050698, 4.124294
258.020000, -1.057465, 2, 8150.042736, 0.000000, 33, -40, 4, 156.484870, 0.352448, -1.022397, 4.026106
258.745500, -1.053693, 2, 8176.148897, 0.000000, 33, -41, 4, 156.712085, 0.368396, -0.990315, 3.932386
259.471500, -1.052245, 2, 8176.148897, 0.000000, 33, -42, 5, 156.825938, 0.372841, -0.962051, 3.729952
260.198500, -1.053084, 2, 8202.388545, 0.000000, 33, -42, 5, 157.025017, 0.250852, -0.937642, 3.563748
260.925500, -1.056170, 2, 8228.762792, 0.000000, 33, -43, 6, 157.039759, 0.263884, -0.909828, 3.467179
261.653500, -1.061504, 2, 8255.272766, 0.000000, 32, -44, 6, 157.237758, 0.271963, -0.886196, 3.288694
262.382500, -1.069011, 2, 8308.704462, 0.000000, 32, -46, 7, 157.480350, 0.149324, -0.866819, 3.135177
263.112000, -1.078653, 2, 8335.628500, 0.000000, 32, -47, 7, 157.570800, 0.154882, -0.849571, 2.948657
263.843000, -1.090355, 2, 8389.898849, 0.000000, 31, -49, 9, 157.922647, 0.175396, -0.831035, 2.792127
264.574500, -1.104003, 2, 8417.247554, 0.000000, 31, -50, 9, 158.026494, 0.187342, -0.809891, 2.645052
265.307000, -1.119598, 2, 8444.740232, 0.000000, 30, -52, 10, 158.238196, 0.332173, -0.784603, 2.494516
266.041000, -1.137027, 2, 8472.378116, 0.000000, 30, -53, 10, 158.596712, 0.357246, -0.761949, 2.352525
266.775500, -1.156177, 2, 8500.162451, 0.000000, 29, -55, 9, 158.706851, 0.369412, -0.736465, 2.219227
267.511500, -1.177011, 2, 8500.162451, 0.000000, 29, -56, 11, 159.034726, 0.387605, -0.715807, 2.004341
268.248500, -1.199416, 2, 8500.162451, 0.000000, 28, -58, 12, 159.259516, 0.412875, -0.684642, 1.893963
268.987000, -1.223317, 2, 8500.162451, 0.000000, 28, -60, 12, 159.624484, 0.418407, -0.656828, 1.766832
269.726500, -1.248564, 2, 8500.162451, 0.000000, 28, -61, 13, 159.817795, 0.434686, -0.627575, 1.583123
270.467000, -1.275119, 2, 8500.162451, 0.000000, 27, -62, 13, 160.047203, 0.447135, -0.593609, 1.486519
271.208500, -1.302756, 2, 8500.162451, 0.000000, 26, -63, 12, 160.279853, 0.443991, -0.563339, 1.315046
271.951500, -1.331437, 2, 8500.162451, 0.000000, 25, -63, 12, 160.584160, 0.451760, -0.529511, 1.141859
272.695000, -1.360972, 2, 8500.162451, 0.000000, 25, -64, 12, 160.715907, 0.442399, -0.492537, 0.999212
273.440000, -1.391288, 2, 8472.378116, 0.000000, 24, -64, 11, 161.064453, 0.439559, -0.453947, 0.863639
274.186000, -1.422269, 2, 8472.378116, 0.000000, 23, -65, 11, 161.267805, 0.434800, -0.413002, 0.719362
274.933000, -1.453841, 2, 8472.378116, 0.000000, 22, -66, 11, 161.509590, 0.421482, -0.371572, 0.586956
275.681000, -1.485891, 2, 8472.378116, 0.000000, 22, -66, 10, 161.718393, 0.419136, -0.330746, 0.468236
276.430000, -1.518342, 2, 8444.740232, 0.000000, 21, -67, 10, 161.927242, 0.408105, -0.291556, 0.349596
277.179500, -1.551080, 2, 8444.740232, 0.000000, 20, -67, 9, 162.031684, 0.395037, -0.252139, 0.246360
277.930500, -1.584068, 2, 8444.740232, 0.000000, 19, -68, 9, 162.388398, 0.392917, -0.213469, 0.149418
278.682000, -1.617230, 2, 8417.247554, 0.000000, 18, -68, 8, 162.454639, 0.375143, -0.182382, 0.034560
279.434000, -1.650490, 2, 8417.247554, 0.000000, 17, -69, 8, 162.599875, 0.355461, -0.148935, -0.044345
280.187500, -1.683732, 2, 8389.898849, 0.000000, 16, -69, 8, 162.923476, 0.353074, -0.118827, -0.127757
280.941000, -1.716958, 2, 8362.692899, 0.000000, 15, -70, 8, 162.920928, 0.324298, -0.093340, -0.228193
281.695500, -1.750090, 2, 8335.628500, 0.000000, 14, -70, 7, 163.104389, 0.311242, -0.062372, -0.295488
282.450500, -1.783052, 2, 8281.919605, 0.000000, 13, -70, 7, 163.252201, 0.304458, -0.036088, -0.274038
283.206000, -1.815766, 2, 8281.919605, 0.000000, 12, -69, 7, 163.326115, 0.275588, -0.014616, -0.351218
283.962000, -1.848194, 2, 8228.762792, 0.000000, 11, -68, 7, 163.438291, 0.262441, 0.012243, -0.416809
284.717500, -1.880296, 2, 8150.042736, 0.000000, 11, -68, 7, 163.336483, 0.235857, 0.033693, -0.476949
285.473500, -1.911995, 2, 8072.514204, 0.000000, 10, -68, 7, 163.451340, 0.194004, 0.054151, -0.530073
286.229500, -1.943253, 2, 8021.476059, 0.000000, 9, -68, 8, 163.420949, 0.167721, 0.077826, -0.592032
286.985500, -1.973990, 2, 7945.869166, 0.000000, 8, -68, 8, 163.431593, 0.128169, 0.098313, -0.629909
287.740500, -2.004129, 2, 7896.086207, 0.000000, 7, -68, 8, 163.222991, 0.081987, 0.117358, -0.687125
288.495500, -2.033746, 2, 7846.791252, 0.000000, 7, -67, 8, 163.198176, 0.042553, 0.138135, -0.723989
289.249500, -2.062724, 2, 7773.746840, 0.000000, 6, -66, 8, 162.989700, -0.014772, 0.154023, -0.693166
290.003500, -2.091139, 2, 7701.757367, 0.000000, 5, -65, 8, 162.965093, -0.056904, 0.168672, -0.729944
290.756500, -2.118874, 2, 7630.798036, 0.000000, 5, -64, 8, 162.762353, -0.096643, 0.185449, -0.761761
291.508500, -2.146007, 2, 7560.844818, 0.000000, 4, -63, 8, 162.518438, -0.143420, 0.196435, -0.817570
292.260000, -2.172495, 2, 7514.756758, 0.000000, 3, -62, 8, 162.422888, -0.177130, 0.206385, -0.852158
293.010500, -2.198340, 2, 7446.428982, 0.000000, 3, -62, 9, 162.217645, -0.215420, 0.214523, -0.808311
293.760000, -2.223500, 2, 7247.033763, 0.000000, 2, -62, 9, 161.976854, -0.247613, 0.217855, -0.851210
294.508000, -2.247935, 2, 6993.451501, 0.000000, 2, -62, 10, 161.667835, -0.272883, 0.224981, -0.879252
295.255500, -2.271489, 2, 6772.392962, 0.000000, 2, -63, 12, 161.540178, -0.297923, 0.234338, -0.899739
296.002000, -2.294199, 2, 6561.374312, 0.000000, 2, -64, 13, 161.302804, -0.325137, 0.242016, -1.017425
296.747500, -2.315946, 2, 6341.745577, 0.000000, 2, -65, 14, 161.104304, -0.336317, 0.256895, -1.035470
297.492500, -2.336650, 2, 6149.386154, 0.000000, 2, -66, 15, 160.980423, -0.343116, 0.271379, -1.042886
298.236000, -2.356310, 2, 5964.976105, 0.000000, 1, -67, 16, 160.639952, -0.351799, 0.288314, -1.056077
298.979000, -2.374885, 2, 5772.219895, 0.000000, 1, -68, 16, 160.516685, -0.351205, 0.310678, -1.063142
299.721500, -2.392296, 2, 5602.703649, 0.000000, 0, -69, 17, 160.432631, -0.339604, 0.331939, -1.146424
300.463000, -2.408580, 2, 5425.054848, 0.000000, 0, -69, 17, 160.206570, -0.332252, 0.353686, -1.136939
301.203500, -2.423617, 2, 5268.434134, 0.000000, 0, -70, 17, 159.974176, -0.316292, 0.372450, -1.240570
301.943000, -2.437407, 2, 5158.041882, 0.000000, 0, -71, 18, 159.752378, -0.308717, 0.392268, -1.305689
302.682000, -2.449948, 0, 5158.041882, 0.000000, 0, -71, 18, 159.670013, -0.312505, 0.408816, -1.300445
303.420000, -2.461160, 0, 5268.434134, 0.000000, 0, -72, 18, 159.410150, -0.305270, 0.424204, -1.376572
304.157500, -2.471003, 0, 5483.459858, 0.000000, -1, -73, 19, 159.332300, -0.295534, 0.441447, -1.446125
304.894000, -2.479476, 0, 5602.703649, 0.000000, -1, -73, 19, 159.073437, -0.295135, 0.453342, -1.521705
305.630000, -2.486498, 0, 5483.459858, 0.000000, -2, -74, 19, 159.000430, -0.287766, 0.466613, -1.578118
306.365000, -2.492071, 0, 5353.150673, 0.000000, -2, -74, 19, 158.746484, -0.286275, 0.482948, -1.728189
307.099500, -2.496152, 0, 5240.565784, 0.000000, -3, -74, 20, 158.635356, -0.280988, 0.494328, -1.795671
307.833500, -2.498743, 0, 5130.887293, 0.000000, -3, -74, 21, 158.564325, -0.264273, 0.508580, -1.851600
308.567000, -2.499763, 0, 5037.197596, 0.000000, -3, -75, 22, 158.426999, -0.249301, 0.525120, -1.891631
309.299500, -2.499253, 0, 4971.529095, 0.000000, -4, -75, 23, 158.207070, -0.241917, 0.534004, -2.054894
310.032000, -2.497133, 0, 4919.723176, 0.000000, -4, -75, 24, 158.248861, -0.222565, 0.547607, -2.189951
310.763500, -2.493405, 0, 4894.058136, 0.000000, -5, -74, 25, 158.007420, -0.214175, 0.560721, -2.224716
311.494000, -2.488146, 3, 5772.219895, 0.000000, -6, -73, 25, 157.789289, -0.211135, 0.565903, -2.387200
312.222500, -2.481516, 3, 5932.257083, 0.000000, -7, -71, 26, 157.363170, -0.218651, 0.575079, -2.438911
312.949500, -2.473356, 3, 6047.849885, 0.000000, -8, -70, 27, 157.039706, -0.259808, 0.579011, -2.683624
313.675000, -2.463630, 3, 6132.301796, 0.000000, -8, -69, 27, 156.690496, -0.303563, 0.579497, -2.812391
314.399500, -2.452182, 3, 6201.034935, 0.000000, -8, -69, 28, 156.524118, -0.345551, 0.588839, -3.024034
315.123500, -2.438935, 3, 6253.286565, 0.000000, -8, -69, 28, 156.394119, -0.378193, 0.597551, -3.325017
315.846500, -2.423813, 3, 6306.153249, 0.000000, -8, -70, 28, 156.199031, -0.392497, 0.609824, -3.521323
316.568500, -2.406701, 3, 6377.620622, 0.000000, -8, -70, 28, 156.005092, -0.391529, 0.630652, -3.717241
317.290000, -2.387561, 3, 6431.971755, 0.000000, -9, -70, 28, 155.918521, -0.373284, 0.647760, -3.918348
318.011500, -2.366398, 3, 6486.981048, 0.000000, -10, -70, 28, 155.878722, -0.326857, 0.672011, -4.095162
318.732000, -2.343176, 3, 6524.026305, 0.000000, -11, -69, 28, 155.728988, -0.270809, 0.698234, -4.279088
319.452500, -2.317781, 3, 6561.374312, 0.000000, -11, -68, 28, 155.722023, -0.207199, 0.717817, -4.382702
320.173000, -2.290257, 3, 6599.029298, 0.000000, -11, -67, 28, 155.721740, -0.156103, 0.739548, -4.561190
320.893000, -2.260490, 3, 6617.973250, 0.000000, -11, -67, 28, 155.657810, -0.114648, 0.756286, -4.722570
321.613000, -2.228565, 3, 6636.995569, 0.000000, -12, -67, 28, 155.690127, -0.071952, 0.767749, -4.916080
322.333000, -2.194446, 3, 6656.096804, 0.000000, -12, -67, 28, 155.664629, -0.034621, 0.782508, -5.079420
323.052500, -2.158179, 3, 6675.277511, 0.000000, -13, -66, 28, 155.628995, -0.005906, 0.790110, -5.180779
323.772500, -2.119807, 3, 6675.277511, 0.000000, -14, -66, 28, 155.741636, 0.030230, 0.790905, -5.365816
324.492500, -2.079297, 3, 6694.538253, 0.000000, -15, -65, 28, 155.749877, 0.053470, 0.794667, -5.456467
325.212500, -2.036538, 3, 6733.302107, 0.000000, -15, -64, 28, 155.794757, 0.074794, 0.791969, -5.549423
325.932000, -1.991498, 3, 6733.302107, 0.000000, -15, -63, 28, 155.706548, 0.094871, 0.791830, -5.708115
326.652000, -1.944104, 3, 6733.302107, 0.000000, -15, -63, 28, 155.866348, 0.106863, 0.795809, -5.795302
327.371500, -1.894287, 3, 6694.538253, 0.000000, -15, -62, 28, 155.781522, 0.114133, 0.798867, -5.865989
328.091500, -1.842208, 3, 6636.995569, 0.000000, -16, -62, 28, 155.909275, 0.128896, 0.804139, -5.951194
328.809500, -1.787950, 3, 6580.163165, 0.000000, -17, -61, 28, 155.826787, 0.134726, 0.825691, -5.954689
329.522000, -1.733098, 3, 6524.026305, 0.000000, -17, -60, 28, 155.811487, 0.129970, 0.834484, -6.110065
330.234500, -1.678652, 3, 6468.570650, 0.000000, -17, -59, 27, 155.775533, 0.124512, 0.848173, -6.169983
330.946500, -1.624419, 3, 6431.971755, 0.000000, -17, -58, 26, 155.629278, 0.105077, 0.861579, -6.146928
331.658500, -1.570356, 3, 6395.665368, 0.000000, -17, -57, 25, 155.569474, 0.083661, 0.866972, -6.278839
332.370000, -1.516461, 3, 6377.620622, 0.000000, -17, -58, 24, 155.434575, 0.062042, 0.886263, -6.330128
333.081500, -1.462465, 3, 6359.647520, 0.000000, -17, -58, 22, 155.351860, 0.033447, 0.910572, -6.445933
333.792000, -1.408327, 3, 6359.647520, 0.000000, -17, -59, 21, 155.124380, -0.000897, 0.930304, -6.475133
334.502500, -1.354085, 3, 6359.647520, 0.000000, -18, -59, 19, 155.046919, -0.024157, 0.962711, -6.502336
335.212000, -1.299544, 3, 6359.647520, 0.000000, -18, -60, 19, 154.832659, -0.054671, 1.000231, -6.517494
335.921500, -1.244744, 3, 6359.647520, 0.000000, -18, -60, 18, 154.768758, -0.067644, 1.034347, -6.619020
336.630000, -1.189567, 3, 6377.620622, 0.000000, -18, -60, 17, 154.490784, -0.083669, 1.079123, -6.626903
337.338500, -1.134052, 3, 6395.665368, 0.000000, -18, -60, 17, 154.467605, -0.091800, 1.107226, -6.555033
338.046500, -1.078082, 3, 6431.971755, 0.000000, -19, -61, 17, 154.351776, -0.091504, 1.132524, -6.548524
338.754000, -1.021770, 3, 6486.981048, 0.000000, -19, -61, 17, 154.152506, -0.095716, 1.152376, -6.560867
339.461500, -0.965003, 3, 6524.026305, 0.000000, -19, -62, 17, 154.147213, -0.082710, 1.168273, -6.563384
340.169000, -0.907929, 3, 6580.163165, 0.000000, -20, -62, 17, 154.092386, -0.067882, 1.176377, -6.500347
340.876500, -0.850624, 3, 6636.995569, 0.000000, -21, -62, 19, 154.049451, -0.050919, 1.178814, -6.424291
341.584500, -0.793048, 3, 6694.538253, 0.000000, -21, -62, 21, 154.113040, -0.016181, 1.173978, -6.358548
342.292500, -0.735237, 3, 6752.806369, 0.000000, -21, -62, 23, 154.100906, 0.013701, 1.163709, -6.298757
343.001000, -0.677265, 3, 6811.815497, 0.000000, -21, -62, 25, 154.125816, 0.041894, 1.149218, -6.242519
343.710000, -0.619131, 3, 6871.581661, 0.000000, -22, -62, 26, 154.197436, 0.084950, 1.130943, -6.177213
344.419500, -0.560869, 3, 6891.674781, 0.000000, -22, -63, 27, 154.251935, 0.110523, 1.110015, -6.137657
345.130000, -0.502479, 3, 6891.674781, 0.000000, -23, -63, 28, 154.441736, 0.150540, 1.090074, -6.071237
345.841000, -0.443919, 3, 6851.574483, 0.000000, -23, -63, 28, 154.476775, 0.187229, 1.073606, -6.015699
346.552500, -0.385150, 3, 6811.815497, 0.000000, -23, -64, 28, 154.558908, 0.208959, 1.060724, -5.951411
347.264500, -0.326245, 3, 6792.062473, 0.000000, -23, -64, 28, 154.599075, 0.231094, 1.054604, -5.896167
347.977000, -0.266974, 3, 6772.392962, 0.000000, -23, -65, 28, 154.686526, 0.242357, 1.050514, -5.832331
348.690500, -0.207526, 3, 6772.392962, 0.000000, -23, -65, 28, 154.855655, 0.255279, 1.050341, -5.764119
349.403500, -0.147859, 3, 6792.062473, 0.000000, -23, -65, 28, 154.688328, 0.254252, 1.056184, -5.697902
350.118000, -0.088009, 3, 6831.652632, 0.000000, -24, -65, 26, 154.965073, 0.255223, 1.061135, -5.642504
350.832500, -0.028125, 3, 6891.674781, 0.000000, -25, -66, 24, 154.939023, 0.248099, 1.064793, -5.504628
351.548000, 0.031758, 3, 6972.919217, 0.000000, -25, -66, 22, 155.062398, 0.237241, 1.065330, -5.458765
352.264000, 0.091681, 3, 7055.589591, 0.000000, -26, -66, 20, 155.154208, 0.242317, 1.058958, -5.409030
352.981500, 0.151531, 3, 7139.728284, 0.000000, -26, -67, 19, 155.417607, 0.252403, 1.047871, -5.380917
353.700000, 0.211161, 3, 7225.379356, 0.000000, -26, -67, 17, 155.581576, 0.265532, 1.033051, -5.252690
354.420000, 0.270572, 3, 7268.786282, 0.000000, -26, -68, 17, 155.837199, 0.301225, 1.010237, -5.238264
355.141500, 0.329843, 3, 7268.786282, 0.000000, -27, -68, 16, 156.106459, 0.333050, 0.984254, -5.212088
355.864500, 0.388825, 3, 7247.033763, 0.000000, -27, -68, 16, 156.377652, 0.372111, 0.959449, -5.098719
356.588500, 0.447519, 3, 7225.379356, 0.000000, -27, -68, 16, 156.537711, 0.414331, 0.935484, -5.072891
357.314000, 0.505966, 3, 7203.822327, 0.000000, -27, -69, 16, 156.812750, 0.442594, 0.917594, -5.048671
358.041000, 0.564207, 3, 7182.361951, 0.000000, -27, -69, 16, 157.089693, 0.472277, 0.903756, -4.937263
358.768500, 0.622128, 3, 7160.997507, 0.000000, -27, -69, 16, 157.108988, 0.475879, 0.894796, -4.906932
359.498000, 0.679846, 3, 7139.728284, 0.000000, -27, -69, 16, 157.502788, 0.485813, 0.890006, -4.798240
360.228000, 0.737136, 3, 7076.484917, 0.000000, -28, -69, 16, 157.546714, 0.471329, 0.889570, -4.785296
360.959500, 0.793884, 3, 6993.451501, 0.000000, -28, -69, 17, 157.818297, 0.455901, 0.887199, -4.688341
361.692000, 0.850358, 3, 6911.854465, 0.000000, -28, -68, 18, 157.991526, 0.449842, 0.885241, -4.577922
362.425000, 0.906293, 3, 6831.652632, 0.000000, -28, -67, 20, 158.007339, 0.419503, 0.882962, -4.473101
363.158500, 0.961615, 3, 6772.392962, 0.000000, -28, -66, 20, 158.091424, 0.390770, 0.880056, -4.377883
363.892500, 1.016477, 3, 6713.879594, 0.000000, -28, -66, 20, 158.130629, 0.363015, 0.874294, -4.290075
364.626500, 1.070764, 3, 6694.538253, 0.000000, -28, -65, 20, 158.085243, 0.308027, 0.872283, -4.175776
365.361000, 1.124517, 3, 6675.277511, 0.000000, -29, -65, 20, 158.094531, 0.266983, 0.868503, -4.171056
366.096000, 1.177812, 3, 6694.538253, 0.000000, -29, -65, 20, 158.198763, 0.227860, 0.868772, -4.064375
366.830500, 1.230573, 3, 6713.879594, 0.000000, -29, -65, 20, 158.032467, 0.167666, 0.874891, -4.046901
367.566000, 1.282954, 3, 6772.392962, 0.000000, -29, -65, 20, 158.173306, 0.141503, 0.876403, -3.945422
368.301000, 1.334765, 3, 6831.652632, 0.000000, -29, -66, 20, 158.010577, 0.102730, 0.881981, -3.927520
369.037000, 1.385966, 3, 6911.854465, 0.000000, -29, -66, 20, 158.187787, 0.082435, 0.885640, -3.831456
369.774000, 1.436597, 3, 7014.073551, 0.000000, -30, -66, 20, 158.319621, 0.092851, 0.883455, -3.742563
370.511500, 1.486466, 3, 7118.553576, 0.000000, -30, -66, 20, 158.405902, 0.100663, 0.880207, -3.748560
371.250500, 1.535610, 3, 7225.379356, 0.000000, -31, -67, 20, 158.653307, 0.131379, 0.869996, -3.663932
371.990500, 1.583914, 3, 7312.588630, 0.000000, -31, -67, 20, 158.807814, 0.172969, 0.851653, -3.680906
372.732000, 1.631416, 3, 7379.046760, 0.000000, -31, -68, 20, 159.090643, 0.212867, 0.834054, -3.690364
373.475000, 1.678075, 3, 7423.864253, 0.000000, -31, -68, 20, 159.360172, 0.273924, 0.809981, -3.712145
374.219500, 1.723852, 3, 7446.428982, 0.000000, -31, -69, 20, 159.598256, 0.330333, 0.785696, -3.729163
374.966000, 1.768862, 3, 7469.098767, 0.000000, -31, -70, 20, 160.012209, 0.384805, 0.766896, -3.732902
375.714000, 1.812987, 3, 7446.428982, 0.000000, -31, -71, 21, 160.285344, 0.442112, 0.748713, -3.756391
376.463000, 1.856343, 3, 7401.403777, 0.000000, -31, -71, 21, 160.429741, 0.467526, 0.739903, -3.758982
377.214000, 1.898849, 3, 7312.588630, 0.000000, -31, -71, 22, 160.815417, 0.503800, 0.737370, -3.759520
377.966000, 1.940660, 3, 7203.822327, 0.000000, -31, -71, 22, 160.947559, 0.513596, 0.736766, -3.686632
378.719500, 1.981736, 3, 7118.553576, 0.000000, -31, -71, 22, 161.271449, 0.515962, 0.745084, -3.677674
379.473000, 2.022075, 3, 7034.786026, 0.000000, -31, -71, 22, 161.229509, 0.507825, 0.756865, -3.677547
380.228000, 2.061792, 3, 6993.451501, 0.000000, -31, -70, 22, 161.476698, 0.475492, 0.769707, -3.670076
380.983000, 2.100809, 3, 6972.919217, 0.000000, -31, -70, 22, 161.437862, 0.434037, 0.787910, -3.670085
381.738500, 2.139086, 3, 6993.451501, 0.000000, -31, -69, 22, 161.511922, 0.384896, 0.805658, -3.646951
382.494500, 2.176698, 3, 7055.589591, 0.000000, -32, -69, 22, 161.540487, 0.330737, 0.819200, -3.658128
383.251500, 2.213605, 3, 7139.728284, 0.000000, -32, -70, 22, 161.762127, 0.292623, 0.833928, -3.734388
384.009000, 2.249807, 3, 7225.379356, 0.000000, -32, -70, 22, 161.825554, 0.257290, 0.844969, -3.723238
384.767500, 2.285301, 3, 7312.588630, 0.000000, -32, -71, 22, 161.986487, 0.238137, 0.849233, -3.729339
385.527000, 2.320047, 3, 7379.046760, 0.000000, -32, -71, 22, 162.133164, 0.234647, 0.854689, -3.718785
386.288000, 2.353925, 3, 7423.864253, 0.000000, -32, -72, 22, 162.457001, 0.246943, 0.853138, -3.726115
387.050000, 2.386935, 3, 7423.864253, 0.000000, -32, -72, 22, 162.622312, 0.280113, 0.844278, -3.733403
387.813500, 2.419035, 3, 7356.792415, 0.000000, -32, -71, 22, 162.900720, 0.316217, 0.835908, -3.747275
388.578000, 2.450222, 3, 7290.637655, 0.000000, -32, -71, 22, 163.068780, 0.354892, 0.823392, -3.755360
389.343500, 2.480613, 3, 7203.822327, 0.000000, -32, -71, 22, 163.238235, 0.377842, 0.809913, -3.763793
390.110000, 2.510324, 3, 7139.728284, 0.000000, -32, -71, 21, 163.427824, 0.398178, 0.808111, -3.821361
390.876500, 2.539234, 3, 7118.553576, 0.000000, -32, -71, 20, 163.392094, 0.392012, 0.804658, -3.834127
391.644000, 2.567421, 3, 7097.472684, 0.000000, -32, -71, 19, 163.568474, 0.380759, 0.809584, -3.815457
392.411500, 2.594963, 3, 7118.553576, 0.000000, -32, -71, 18, 163.569803, 0.353629, 0.821931, -3.806275
393.180000, 2.621778, 3, 7182.361951, 0.000000, -32, -72, 18, 163.701300, 0.315818, 0.833572, -3.881080
393.948500, 2.647866, 3, 7247.033763, 0.000000, -33, -72, 18, 163.706073, 0.279707, 0.852150, -3.872057
394.718500, 2.673185, 3, 7312.588630, 0.000000, -33, -72, 18, 163.983476, 0.258856, 0.866338, -3.872824
395.489000, 2.697616, 3, 7379.046760, 0.000000, -33, -72, 18, 164.102643, 0.242674, 0.872433, -3.783668
396.260500, 2.721235, 3, 7446.428982, 0.000000, -33, -72, 18, 164.223374, 0.244360, 0.874721, -3.782660
397.033000, 2.743883, 3, 7491.874419, 0.000000, -33, -73, 18, 164.456614, 0.258792, 0.868744, -3.789555
397.807000, 2.765518, 3, 7537.746613, 0.000000, -33, -73, 18, 164.722321, 0.282268, 0.856653, -3.803107
398.582000, 2.786178, 3, 7584.052220, 0.000000, -33, -73, 20, 164.909514, 0.313824, 0.844450, -3.815551
399.358000, 2.805782, 3, 7630.798036, 0.000000, -33, -73, 21, 165.098044, 0.346546, 0.826010, -3.828367
400.136000, 2.824208, 3, 7677.990998, 0.000000, -33, -73, 22, 165.527316, 0.385192, 0.808602, -3.846907
400.914500, 2.841496, 3, 7725.638189, 0.000000, -33, -73, 22, 165.571623, 0.403249, 0.791703, -3.873919
401.695000, 2.857682, 3, 7773.746840, 0.000000, -33, -73, 22, 166.021493, 0.438093, 0.776302, -3.883075
402.476500, 2.872566, 3, 7822.324336, 0.000000, -33, -72, 22, 166.178671, 0.457457, 0.760742, -4.006803
403.259500, 2.886306, 3, 7871.378220, 0.000000, -33, -72, 22, 166.502318, 0.471385, 0.748736, -4.019576
404.044000, 2.898899, 3, 7920.916193, 0.000000, -33, -73, 22, 166.778225, 0.495825, 0.739932, -4.125067
404.830000, 2.910384, 3, 7945.869166, 0.000000, -33, -73, 22, 167.104514, 0.508823, 0.733495, -4.139051
405.617000, 2.920960, 3, 7945.869166, 0.000000, -33, -74, 22, 167.291366, 0.512394, 0.736436, -4.226524
406.406000, 2.930584, 3, 7896.086207, 0.000000, -32, -75, 22, 167.707031, 0.535740, 0.743813, -4.304702
407.196000, 2.939376, 3, 7822.324336, 0.000000, -32, -75, 22, 167.897120, 0.538192, 0.755509, -4.393215
407.987500, 2.947494, 3, 7725.638189, 0.000000, -31, -76, 22, 168.225121, 0.544233, 0.777952, -4.541530
408.779500, 2.954937, 3, 7677.990998, 0.000000, -31, -76, 22, 168.327718, 0.551785, 0.802403, -4.611605
409.573000, 2.961944, 3, 7630.798036, 0.000000, -31, -77, 22, 168.629615, 0.538706, 0.831196, -4.666829
410.367000, 2.968594, 3, 7630.798036, 0.000000, -30, -78, 22, 168.714380, 0.527641, 0.869916, -4.704077
411.161500, 2.974927, 3, 7677.990998, 0.000000, -30, -79, 22, 168.851209, 0.502750, 0.908414, -4.737926
411.957500, 2.981063, 3, 7725.638189, 0.000000, -30, -80, 22, 169.119689, 0.482552, 0.949375, -4.771641
412.753500, 2.986960, 3, 7797.976515, 0.000000, -30, -82, 22, 169.152610, 0.451489, 0.993669, -4.796628
413.551000, 2.992659, 3, 7846.791252, 0.000000, -30, -83, 22, 169.426621, 0.431108, 1.030284, -4.831506
414.349500, 2.998160, 3, 7871.378220, 0.000000, -30, -84, 22, 169.673578, 0.422287, 1.063667, -4.860422
415.149500, 3.003423, 3, 7871.378220, 0.000000, -29, -85, 22, 169.953041, 0.420568, 1.091804, -4.896760
415.950000, 3.008527, 3, 7822.324336, 0.000000, -29, -86, 22, 170.067160, 0.429328, 1.111895, -4.909973
416.751500, 3.013433, 3, 7773.746840, 0.000000, -28, -87, 22, 170.273006, 0.445003, 1.126502, -4.943951
417.554000, 3.018180, 3, 7725.638189, 0.000000, -28, -88, 22, 170.501924, 0.448488, 1.136846, -4.880710
418.357000, 3.022688, 3, 7654.338184, 0.000000, -28, -89, 22, 170.584421, 0.455710, 1.141367, -4.914936
419.161000, 3.026918, 3, 7607.369671, 0.000000, -27, -89, 22, 170.769307, 0.455073, 1.143817, -4.855678
419.965500, 3.030709, 3, 7560.844818, 0.000000, -27, -89, 22, 170.886499, 0.441766, 1.145363, -4.809547
420.770000, 3.034141, 3, 7537.746613, 0.000000, -27, -88, 22, 170.927270, 0.416256, 1.145998, -4.759524
421.575500, 3.037055, 3, 7514.756758, 0.000000, -27, -88, 21, 171.078632, 0.389119, 1.142152, -4.720922
422.380500, 3.039291, 3, 7514.756758, 0.000000, -27, -87, 21, 170.982611, 0.348564, 1.132834, -4.695943
423.186500, 3.040808, 3, 7537.746613, 0.000000, -27, -87, 20, 171.217442, 0.316382, 1.119604, -4.750161
423.992500, 3.041566, 3, 7560.844818, 0.000000, -26, -88, 19, 171.183285, 0.290937, 1.097906, -4.739331
424.799000, 3.041526, 3, 7584.052220, 0.000000, -26, -88, 18, 171.301042, 0.259211, 1.075885, -4.720998
425.605500, 3.040688, 3, 7607.369671, 0.000000, -25, -89, 17, 171.313421, 0.240036, 1.054911, -4.778919
426.413000, 3.039131, 3, 7607.369671, 0.000000, -25, -89, 16, 171.513872, 0.229681, 1.031578, -4.765847
427.220500, 3.036856, 3, 7607.369671, 0.000000, -24, -90, 15, 171.530486, 0.218832, 1.014534, -4.736168
428.028500, 3.033742, 3, 7607.369671, 0.000000, -24, -90, 13, 171.627851, 0.224483, 1.003060, -4.711547
428.837000, 3.029831, 3, 7607.369671, 0.000000, -23, -90, 13, 171.755654, 0.229301, 0.991836, -4.606542
429.646000, 3.025042, 3, 7630.798036, 0.000000, -23, -90, 13, 171.863497, 0.233723, 0.986649, -4.599141
430.455500, 3.019337, 3, 7654.338184, 0.000000, -23, -90, 13, 171.944893, 0.243889, 0.981905, -4.496753
431.265000, 3.012635, 3, 7701.757367, 0.000000, -22, -91, 13, 171.977969, 0.243351, 0.975050, -4.484449
432.075500, 3.004858, 3, 7773.746840, 0.000000, -22, -91, 13, 172.197538, 0.250521, 0.967038, -4.402560
432.886500, 2.995848, 3, 7846.791252, 0.000000, -21, -91, 13, 172.318116, 0.254458, 0.952785, -4.324923
433.698500, 2.985725, 3, 7896.086207, 0.000000, -21, -92, 13, 172.512733, 0.266563, 0.934114, -4.324272
434.511500, 2.974410, 3, 7970.946126, 0.000000, -20, -92, 13, 172.759266, 0.284381, 0.915726, -4.234328
435.325000, 2.961785, 3, 8021.476059, 0.000000, -20, -93, 13, 172.889646, 0.302578, 0.894116, -4.262160
436.139500, 2.947892, 3, 8046.931084, 0.000000, -19, -94, 13, 173.139218, 0.325472, 0.877034, -4.260961
436.955500, 2.932732, 3, 8072.514204, 0.000000, -18, -95, 12, 173.445766, 0.358734, 0.858723, -4.187360
437.772000, 2.916268, 3, 8098.226473, 0.000000, -18, -96, 12, 173.575056, 0.379898, 0.842919, -4.199532
438.590000, 2.898462, 3, 8124.068958, 0.000000, -17, -97, 13, 173.907186, 0.412794, 0.833611, -4.117839
439.409000, 2.879197, 3, 8098.226473, 0.000000, -17, -97, 12, 174.144668, 0.437985, 0.822439, -4.144261
440.229000, 2.858436, 3, 8098.226473, 0.000000, -16, -97, 11, 174.433711, 0.449257, 0.812388, -4.081738
441.050000, 2.836023, 3, 8072.514204, 0.000000, -16, -97, 12, 174.623169, 0.469410, 0.802673, -4.022548
441.872000, 2.812081, 3, 8021.476059, 0.000000, -15, -96, 12, 174.891475, 0.477348, 0.786521, -3.969874
442.694500, 2.786415, 3, 7996.148083, 0.000000, -14, -96, 13, 175.005524, 0.471037, 0.774959, -3.905128
443.518000, 2.759109, 3, 7996.148083, 0.000000, -13, -95, 14, 175.303202, 0.472376, 0.761944, -3.860809
444.342000, 2.729968, 3, 7945.869166, 0.000000, -13, -95, 14, 175.423384, 0.457117, 0.743982, -3.900972
445.166500, 2.698958, 3, 7920.916193, 0.000000, -12, -94, 15, 175.571624, 0.435621, 0.729077, -3.861057
445.991500, 2.666124, 3, 7871.378220, 0.000000, -12, -94, 17, 175.720736, 0.417188, 0.711242, -3.821357
446.817000, 2.631470, 3, 7822.324336, 0.000000, -11, -93, 19, 175.894203, 0.387914, 0.697939, -3.773089
447.642500, 2.594963, 3, 7773.746840, 0.000000, -10, -92, 19, 175.917267, 0.357028, 0.689440, -3.816266
448.468000, 2.556804, 3, 7725.638189, 0.000000, -9, -92, 19, 175.991745, 0.329177, 0.681030, -3.770531
449.294000, 2.516960, 3, 7701.757367, 0.000000, -8, -92, 19, 176.141336, 0.301570, 0.678780, -3.803062
450.119500, 2.475553, 3, 7654.338184, 0.000000, -7, -93, 19, 176.087082, 0.264768, 0.682787, -3.735418
450.945500, 2.432588, 3, 7630.798036, 0.000000, -7, -93, 18, 176.289462, 0.246437, 0.689951, -3.767354
451.771000, 2.387953, 3, 7607.369671, 0.000000, -6, -93, 18, 176.213818, 0.217421, 0.704965, -3.708405
452.596500, 2.341691, 3, 7584.052220, 0.000000, -6, -93, 18, 176.290862, 0.191267, 0.720169, -3.646796
453.422000, 2.293613, 3, 7584.052220, 0.000000, -5, -92, 19, 176.347563, 0.177375, 0.729183, -3.610339
454.247000, 2.243764, 3, 7560.844818, 0.000000, -5, -90, 19, 176.301680, 0.152473, 0.736909, -3.559090
455.072000, 2.191994, 3, 7560.844818, 0.000000, -4, -89, 19, 176.410666, 0.138234, 0.736899, -3.521995
455.896500, 2.138192, 3, 7584.052220, 0.000000, -4, -89, 19, 176.371050, 0.129930, 0.724548, -3.503560
456.721000, 2.082442, 3, 7584.052220, 0.000000, -3, -88, 19, 176.431052, 0.110818, 0.710880, -3.467324
457.545000, 2.024750, 3, 7630.798036, 0.000000, -3, -88, 19, 176.441342, 0.104101, 0.690843, -3.519695
458.369000, 1.965045, 3, 7677.990998, 0.000000, -2, -88, 19, 176.502994, 0.098829, 0.669267, -3.483595
459.192500, 1.903489, 3, 7725.638189, 0.000000, -2, -88, 19, 176.514925, 0.090869, 0.656962, -3.536032
460.016500, 1.839969, 3, 7749.634374, 0.000000, -1, -88, 16, 176.679327, 0.104358, 0.644127, -3.499024
460.840000, 1.774414, 3, 7773.746840, 0.000000, -1, -88, 16, 176.668381, 0.105582, 0.634676, -3.560044
461.664000, 1.706715, 3, 7797.976515, 0.000000, 0, -88, 15, 176.910930, 0.125378, 0.630757, -3.530874
462.488000, 1.636876, 3, 7822.324336, 0.000000, 0, -87, 16, 176.977912, 0.147648, 0.623757, -3.423800
463.311500, 1.564826, 3, 7871.378220, 0.000000, 0, -85, 18, 177.020842, 0.159087, 0.615492, -3.413077
464.135500, 1.490531, 3, 7920.916193, 0.000000, 0, -84, 18, 177.214855, 0.185616, 0.606732, -3.384948
464.959000, 1.413957, 3, 7970.946126, 0.000000, 0, -83, 17, 177.234164, 0.195173, 0.590746, -3.470643
465.782500, 1.335032, 3, 8046.931084, 0.000000, 1, -83, 15, 177.354087, 0.201854, 0.574806, -3.451505
466.606500, 1.253645, 3, 8124.068958, 0.000000, 1, -82, 15, 177.602354, 0.222219, 0.556717, -3.456292
467.430000, 1.169836, 3, 8202.388545, 0.000000, 1, -82, 15, 177.623025, 0.221118, 0.536347, -3.542215
468.254500, 1.083570, 3, 8281.919605, 0.000000, 1, -82, 15, 177.972492, 0.236809, 0.519861, -3.530622
469.078500, 0.994848, 3, 8335.628500, 0.000000, 2, -81, 15, 177.994082, 0.254062, 0.504835, -3.528863
469.903500, 0.903669, 3, 8362.692899, 0.000000, 2, -81, 15, 178.369581, 0.267055, 0.494382, -3.597529
470.728500, 0.809994, 3, 8362.692899, 0.000000, 3, -81, 15, 178.518796, 0.301439, 0.486031, -3.603742
471.553500, 0.713784, 3, 8335.628500, 0.000000, 3, -80, 14, 178.668373, 0.320460, 0.475145, -3.697983
472.379000, 0.615185, 3, 8308.704462, 0.000000, 4, -79, 14, 178.944284, 0.342876, 0.470198, -3.679922
473.204500, 0.514117, 3, 8255.272766, 0.000000, 4, -78, 15, 179.094469, 0.362196, 0.468490, -3.670443
474.030000, 0.410573, 3, 8228.762792, 0.000000, 4, -77, 15, 179.219949, 0.360036, 0.468012, -3.669233
474.855500, 0.304542, 3, 8176.148897, 0.000000, 5, -76, 15, 179.447015, 0.368685, 0.471587, -3.668111
475.681000, 0.196016, 3, 8150.042736, 0.000000, 5, -75, 15, 179.598660, 0.361821, 0.469867, -3.747027
476.506000, 0.085207, 3, 8098.226473, 0.000000, 5, -74, 15, 179.675011, 0.342911, 0.471992, -3.730097
477.330500, -0.027860, 3, 8021.476059, 0.000000, 6, -73, 15, 179.701387, 0.330552, 0.479958, -3.713189
478.154500, -0.143278, 3, 7970.946126, 0.000000, 6, -73, 12, 179.804076, 0.295299, 0.487847, -3.792407
478.978000, -0.260840, 3, 7896.086207, 0.000000, 6, -72, 10, 179.882182, 0.269293, 0.498431, -3.775729
479.801500, -0.380679, 3, 7822.324336, 0.000000, 6, -71, 8, 180.062526, 0.251114, 0.510042, -3.743358
480.624000, -0.502782, 3, 7773.746840, 0.000000, 6, -71, 8, 180.040188, 0.224981, 0.517732, -3.742648
481.446500, -0.627022, 3, 7725.638189, 0.000000, 6, -69, 7, 180.196963, 0.209983, 0.532455, -3.702443
482.271000, -0.752327, 3, 7677.990998, 0.000000, 6, -68, 6, 179.820920, 0.171232, 0.541437, -3.628286
483.098000, -0.874690, 3, 7630.798036, 0.000000, 6, -67, 4, 180.154825, 0.147344, 0.543114, -3.613193
483.926000, -0.993667, 3, 7584.052220, 0.000000, 6, -66, 3, 180.210718, 0.135505, 0.543953, -3.516993
484.754500, -1.109341, 3, 7560.844818, 0.000000, 6, -65, 3, 180.140196, 0.113752, 0.536370, -3.515979
485.584000, -1.221484, 3, 7514.756758, 0.000000, 6, -64, 2, 180.198166, 0.112263, 0.531846, -3.403752
486.414000, -1.330213, 3, 7491.874419, 0.000000, 6, -63, 0, 180.128626, 0.089332, 0.529046, -3.402653
487.244500, -1.435486, 3, 7469.098767, 0.000000, 6, -63, 0, 180.111353, 0.058367, 0.522299, -3.297913
488.075000, -1.537261, 3, 7446.428982, 0.000000, 7, -63, -1, 179.941643, 0.049331, 0.519938, -3.295834
488.906500, -1.635415, 3, 7401.403777, 0.000000, 7, -62, -2, 180.002050, 0.031367, 0.521439, -3.183614
489.738000, -1.730054, 3, 7379.046760, 0.000000, 7, -62, -4, 179.909938, 0.007080, 0.523488, -3.086083
490.570000, -1.821246, 3, 7356.792415, 0.000000, 7, -62, -6, 179.844440, -0.005852, 0.532301, -2.980660
491.402000, -1.908979, 3, 7334.639962, 0.000000, 7, -61, -7, 179.727282, -0.042584, 0.535408, -2.890723
492.234000, -1.993396, 3, 7290.637655, 0.000000, 7, -61, -9, 179.584399, -0.067534, 0.534378, -2.720555
493.066000, -2.074483, 3, 7268.786282, 0.000000, 7, -60, -9, 179.518632, -0.086813, 0.529719, -2.543081
493.898000, -2.152423, 3, 7247.033763, 0.000000, 8, -59, -10, 179.350286, -0.106600, 0.518937, -2.468335
494.730000, -2.227201, 3, 7225.379356, 0.000000, 8, -58, -11, 179.309590, -0.122093, 0.506160, -2.299080
495.561500, -2.298883, 3, 7225.379356, 0.000000, 8, -57, -12, 179.062990, -0.142754, 0.486041, -2.159471
496.393000, -2.367611, 3, 7203.822327, 0.000000, 8, -56, -12, 178.972354, -0.161958, 0.464226, -1.989376
497.224500, -2.433411, 3, 7203.822327, 0.000000, 8, -56, -12, 178.928255, -0.177058, 0.437394, -1.852262
498.056000, -2.496388, 3, 7203.822327, 0.000000, 9, -55, -12, 178.809602, -0.184455, 0.411398, -1.618076
498.886500, -2.556529, 3, 7203.822327, 0.000000, 9, -55, -12, 178.537294, -0.194811, 0.385531, -1.485733
499.717500, -2.614058, 3, 7203.822327, 0.000000, 9, -55, -12, 178.544128, -0.192957, 0.358714, -1.261309
500.547500, -2.668925, 3, 7203.822327, 0.000000, 9, -55, -12, 178.296139, -0.207948, 0.331519, -1.137251
501.377500, -2.721393, 3, 7203.822327, 0.000000, 10, -54, -11, 178.223869, -0.213616, 0.303710, -0.935982
502.207000, -2.771532, 3, 7203.822327, 0.000000, 10, -54, -11, 178.024145, -0.213302, 0.272243, -0.740910
503.036500, -2.819531, 3, 7203.822327, 0.000000, 10, -54, -11, 178.000072, -0.222211, 0.238346, -0.556617
503.865500, -2.865460, 3, 7225.379356, 0.000000, 10, -54, -8, 177.848509, -0.220435, 0.201992, -0.290646
504.694000, -2.909470, 3, 7247.033763, 0.000000, 10, -54, -6, 177.694571, -0.221845, 0.159803, -0.128852
505.522000, -2.951553, 3, 7247.033763, 0.000000, 11, -54, -5, 177.543007, -0.225889, 0.120726, 0.049222
506.350000, -2.992021, 3, 7247.033763, 0.000000, 11, -54, -2, 177.487773, -0.219161, 0.076587, 0.193150
507.177500, -3.030828, 3, 7268.786282, 0.000000, 11, -54, 0, 177.331546, -0.215153, 0.032569, 0.426444
508.004500, -3.068168, 3, 7268.786282, 0.000000, 12, -54, 1, 177.225894, -0.212338, -0.009747, 0.571055
508.831500, -3.103996, 3, 7268.786282, 0.000000, 12, -54, 4, 177.168568, -0.201689, -0.053892, 0.610666
509.658000, -3.138425, 3, 7290.637655, 0.000000, 12, -55, 5, 177.063050, -0.199771, -0.091435, 0.755200
510.484000, -3.171533, 3, 7290.637655, 0.000000, 13, -55, 7, 176.878520, -0.194466, -0.125964, 0.876209
511.310000, -3.203355, 3, 7290.637655, 0.000000, 13, -55, 8, 176.898408, -0.184389, -0.158933, 0.922833
512.136000, -3.233967, 3, 7312.588630, 0.000000, 14, -56, 8, 176.839458, -0.172514, -0.187335, 0.945925
512.961500, -3.263365, 3, 7312.588630, 0.000000, 14, -56, 8, 176.732223, -0.160521, -0.212547, 0.986013
513.786500, -3.291586, 3, 7312.588630, 0.000000, 15, -57, 8, 176.572590, -0.150103, -0.236053, 0.922399
514.611500, -3.318667, 3, 7312.588630, 0.000000, 15, -57, 8, 176.540487, -0.148694, -0.253153, 0.953203
515.436000, -3.344605, 3, 7312.588630, 0.000000, 16, -58, 8, 176.458018, -0.145776, -0.268692, 0.896706
516.260500, -3.369356, 3, 7312.588630, 0.000000, 16, -58, 8, 176.400080, -0.138302, -0.282732, 0.831650
517.085000, -3.392836, 3, 7312.588630, 0.000000, 17, -59, 8, 176.396469, -0.129117, -0.289131, 0.798815
517.909000, -3.415163, 3, 7334.639962, 0.000000, 17, -59, 8, 176.262188, -0.126178, -0.295340, 0.726335
518.732500, -3.436214, 3, 7334.639962, 0.000000, 18, -60, 8, 176.129859, -0.126244, -0.298411, 0.670188
519.556000, -3.455903, 3, 7334.639962, 0.000000, 18, -60, 6, 176.126533, -0.124717, -0.293797, 0.549409
520.379500, -3.474268, 3, 7334.639962, 0.000000, 18, -61, 5, 176.121653, -0.120116, -0.289251, 0.500074
521.202500, -3.491267, 3, 7334.639962, 0.000000, 19, -61, 2, 175.965246, -0.115447, -0.281627, 0.452262
522.025500, -3.506896, 3, 7334.639962, 0.000000, 19, -62, 0, 175.962149, -0.105997, -0.266429, 0.419340
522.848000, -3.521194, 3, 7356.792415, 0.000000, 19, -63, -2, 175.856504, -0.112096, -0.260096, 0.283037
523.670500, -3.534117, 3, 7356.792415, 0.000000, 19, -63, -5, 175.852096, -0.111975, -0.250845, 0.233621
524.493000, -3.545664, 3, 7379.046760, 0.000000, 19, -64, -7, 175.798673, -0.102563, -0.238742, 0.201139
525.315000, -3.555915, 3, 7401.403777, 0.000000, 19, -65, -9, 175.743924, -0.099421, -0.235742, 0.240045
526.137500, -3.564908, 3, 7401.403777, 0.000000, 19, -65, -11, 175.790423, -0.086808, -0.229962, 0.278051
526.959500, -3.572642, 3, 7423.864253, 0.000000, 19, -67, -14, 175.710011, -0.077412, -0.230235, 0.221000
527.781500, -3.579238, 3, 7446.428982, 0.000000, 19, -68, -15, 175.680335, -0.074174, -0.239626, 0.339276
528.604000, -3.584614, 3, 7469.098767, 0.000000, 19, -69, -16, 175.777835, -0.055493, -0.246219, 0.376922
529.426000, -3.589054, 3, 7469.098767, 0.000000, 19, -69, -17, 175.672079, -0.045960, -0.255710, 0.487512
530.248500, -3.592272, 3, 7491.874419, 0.000000, 18, -69, -17, 175.794632, -0.030203, -0.268322, 0.516802
531.071000, -3.594595, 3, 7514.756758, 0.000000, 18, -69, -17, 175.789430, -0.009771, -0.282479, 0.610178
531.894000, -3.595939, 3, 7537.746613, 0.000000, 18, -69, -18, 175.861856, 0.000042, -0.297936, 0.727807
532.717000, -3.596347, 3, 7584.052220, 0.000000, 18, -68, -18, 175.907844, 0.023755, -0.315008, 0.820925
533.540500, -3.595939, 3, 7630.798036, 0.000000, 18, -68, -17, 175.979887, 0.043207, -0.330323, 1.010077
534.364500, -3.594635, 3, 7677.990998, 0.000000, 18, -69, -17, 176.102800, 0.061248, -0.344008, 1.111156
535.189000, -3.592476, 3, 7725.638189, 0.000000, 18, -69, -17, 176.200386, 0.090261, -0.359017, 1.292119
536.014000, -3.589665, 3, 7797.976515, 0.000000, 18, -69, -17, 176.323326, 0.111884, -0.375394, 1.464859
536.840000, -3.586162, 3, 7871.378220, 0.000000, 18, -69, -17, 176.522316, 0.139777, -0.391455, 1.629268
537.666500, -3.581966, 3, 7920.916193, 0.000000, 18, -69, -16, 176.671686, 0.171032, -0.407256, 1.810438
538.494000, -3.577120, 3, 7996.148083, 0.000000, 18, -69, -16, 176.821068, 0.196271, -0.422855, 1.975360
539.322500, -3.571583, 3, 8046.931084, 0.000000, 18, -69, -16, 177.097546, 0.233703, -0.434981, 2.060529
540.152500, -3.565396, 3, 8124.068958, 0.000000, 18, -68, -16, 177.399662, 0.269757, -0.448314, 2.225674
540.983000, -3.558559, 3, 8176.148897, 0.000000, 18, -68, -16, 177.500095, 0.301158, -0.456981, 2.407600
541.815000, -3.551114, 3, 8255.272766, 0.000000, 18, -67, -16, 177.853730, 0.340388, -0.466591, 2.556975
542.648000, -3.543184, 3, 8308.704462, 0.000000, 18, -67, -15, 178.056253, 0.367455, -0.473234, 2.722988
543.481500, -3.534767, 3, 8362.692899, 0.000000, 18, -67, -14, 178.158311, 0.381098, -0.481677, 2.960743
544.317000, -3.525907, 3, 8417.247554, 0.000000, 18, -67, -10, 178.614833, 0.413179, -0.488955, 3.127589
545.153500, -3.516562, 3, 8444.740232, 0.000000, 18, -67, -10, 178.794237, 0.425742, -0.498452, 3.357893
545.991000, -3.506977, 3, 8472.378116, 0.000000, 18, -67, -9, 179.050544, 0.435717, -0.514237, 3.492687
546.830000, -3.497152, 3, 8500.162451, 0.000000, 18, -67, -10, 179.383316, 0.462888, -0.530254, 3.724105
547.670500, -3.487168, 3, 8528.094498, 0.000000, 18, -67, -8, 179.691938, 0.468922, -0.550559, 3.859904
548.512000, -3.477107, 3, 8528.094498, 0.000000, 18, -68, -6, 179.901137, 0.481610, -0.573472, 4.067406
549.354500, -3.466929, 3, 8556.175530, 0.000000, 18, -68, -3, 180.161087, 0.506495, -0.592193, 4.203740
550.199000, -3.456794, 3, 8584.406838, 0.000000, 18, -68, -5, 180.549938, 0.513337, -0.615516, 4.317210
551.044000, -3.446664, 3, 8612.789725, 0.000000, 18, -67, -4, 180.661328, 0.519240, -0.640350, 4.525126
551.890500, -3.436538, 3, 8641.325510, 0.000000, 18, -67, -4, 181.002035, 0.529308, -0.660253, 4.639222
552.738500, -3.426456, 3, 8641.325510, 0.000000, 18, -67, -3, 181.342511, 0.530351, -0.680950, 4.769855
553.587500, -3.416337, 3, 8670.015527, 0.000000, 18, -67, -3, 181.559952, 0.529650, -0.697312, 4.875818
554.437500, -3.406344, 3, 8698.861128, 0.000000, 18, -67, -2, 181.777042, 0.532885, -0.708824, 4.998092
555.289000, -3.396314, 3, 8727.863676, 0.000000, 18, -66, 0, 182.071973, 0.533199, -0.720613, 5.113621
556.141500, -3.386247, 3, 8757.024553, 0.000000, 19, -65, -3, 182.315608, 0.523687, -0.727500, 5.244891
556.995000, -3.376224, 3, 8786.345158, 0.000000, 19, -65, -3, 182.538084, 0.526095, -0.729830, 5.352396
557.849500, -3.366367, 3, 8815.826904, 0.000000, 19, -64, -3, 182.737771, 0.519816, -0.736474, 5.452010
558.705500, -3.356594, 3, 8875.279560, 0.000000, 18, -64, -3, 183.061685, 0.510166, -0.740509, 5.577573
559.562000, -3.346986, 3, 8875.279560, 0.000000, 18, -65, -3, 183.213609, 0.505742, -0.748638, 5.677203
560.420000, -3.337705, 3, 8905.253383, 0.000000, 18, -65, -3, 183.518554, 0.500112, -0.758420, 5.779595
561.279000, -3.328749, 3, 8905.253383, 0.000000, 18, -65, -3, 183.723949, 0.497642, -0.767903, 5.880779
562.139000, -3.320038, 3, 8905.253383, 0.000000, 18, -65, -3, 183.957536, 0.496243, -0.783485, 5.974922
563.000500, -3.311653, 3, 8905.253383, 0.000000, 19, -65, -3, 184.270002, 0.504555, -0.800647, 6.063092
563.863000, -3.303512, 3, 8935.394173, 0.000000, 19, -65, -3, 184.503612, 0.508625, -0.812347, 6.085961
564.726500, -3.295614, 3, 8965.703429, 0.000000, 19, -64, -3, 184.714988, 0.511572, -0.825903, 6.188759
565.591000, -3.287921, 3, 8965.703429, 0.000000, 19, -63, -3, 184.927817, 0.517555, -0.831268, 6.204036
566.456500, -3.280471, 3, 8996.182670, 0.000000, 19, -63, -3, 185.118705, 0.510979, -0.835733, 6.299200
567.323000, -3.273306, 3, 9026.833431, 0.000000, 19, -63, -3, 185.384933, 0.506183, -0.841426, 6.316385
568.190500, -3.266343, 3, 9057.657268, 0.000000, 19, -62, -3, 185.578921, 0.505157, -0.841847, 6.412305
569.059500, -3.259663, 3, 9088.655754, 0.000000, 19, -62, -3, 185.898473, 0.500836, -0.839609, 6.519507
569.929000, -3.253146, 3, 9088.655754, 0.000000, 19, -62, -3, 186.017809, 0.496234, -0.837695, 6.534144
570.799500, -3.246752, 3, 9119.830480, 0.000000, 19, -61, -3, 186.239389, 0.488928, -0.836179, 6.639572
571.671000, -3.240559, 3, 9151.183059, 0.000000, 20, -61, -3, 186.439458, 0.483121, -0.836117, 6.649053
572.544000, -3.234690, 3, 9151.183059, 0.000000, 20, -60, -3, 186.792177, 0.486602, -0.837372, 6.663187
573.417000, -3.228903, 3, 9182.715122, 0.000000, 19, -60, -3, 186.761564, 0.478970, -0.836299, 6.777936
574.291500, -3.223478, 3, 9214.428321, 0.000000, 19, -60, -3, 187.099380, 0.479827, -0.838101, 6.856950
575.167000, -3.218416, 3, 9214.428321, 0.000000, 19, -60, -3, 187.328284, 0.475885, -0.839429, 6.876390
576.043500, -3.213555, 3, 9246.324326, 0.000000, 19, -60, -3, 187.513512, 0.466937, -0.844808, 6.967135
576.921000, -3.208896, 3, 9246.324326, 0.000000, 20, -59, -3, 187.773181, 0.478195, -0.850662, 6.980474
577.799000, -3.204479, 3, 9278.404830, 0.000000, 20, -59, -3, 187.855633, 0.472829, -0.854083, 6.996026
578.678500, -3.200384, 3, 9278.404830, 0.000000, 20, -58, -3, 188.168549, 0.470811, -0.856714, 7.099727
579.558500, -3.196530, 3, 9278.404830, 0.000000, 20, -58, -3, 188.309989, 0.475204, -0.861007, 7.102240
580.439500, -3.193038, 3, 9278.404830, 0.000000, 20, -58, -3, 188.503372, 0.468416, -0.863191, 7.194721
581.321000, -3.189907, 3, 9278.404830, 0.000000, 19, -58, -3, 188.598024, 0.461276, -0.870360, 7.195945
582.204000, -3.187179, 3, 9278.404830, 0.000000, 19, -58, -3, 188.951632, 0.466846, -0.877524, 7.279535
583.087500, -3.185012, 3, 9278.404830, 0.000000, 19, -58, -3, 189.049834, 0.452011, -0.885080, 7.281355
583.972000, -3.183407, 3, 9278.404830, 0.000000, 19, -58, -3, 189.263263, 0.455196, -0.900794, 7.344875
584.857000, -3.182364, 3, 9278.404830, 0.000000, 19, -58, -3, 189.365208, 0.454026, -0.916170, 7.435071
585.743500, -3.181922, 3, 9278.404830, 0.000000, 19, -59, -3, 189.683135, 0.453384, -0.934531, 7.415650
586.630500, -3.181963, 3, 9278.404830, 0.000000, 19, -59, -3, 189.788763, 0.456894, -0.950338, 7.418543
587.519000, -3.182444, 3, 9278.404830, 0.000000, 20, -58, -3, 190.132229, 0.466361, -0.959680, 7.408813
588.408000, -3.183367, 3, 9278.404830, 0.000000, 20, -58, -3, 190.220117, 0.471772, -0.967217, 7.403669
589.298000, -3.184771, 3, 9278.404830, 0.000000, 20, -57, -3, 190.438702, 0.473448, -0.972501, 7.396858
590.189000, -3.186577, 3, 9278.404830, 0.000000, 20, -57, -3, 190.651501, 0.479351, -0.970241, 7.405490
591.080500, -3.188904, 3, 9278.404830, 0.000000, 20, -57, -3, 190.744943, 0.469650, -0.969160, 7.401093
591.972500, -3.191713, 3, 9278.404830, 0.000000, 19, -57, -3, 190.848298, 0.463303, -0.967276, 7.469774
592.866000, -3.195005, 3, 9278.404830, 0.000000, 19, -57, -3, 191.224260, 0.465791, -0.962657, 7.471776
593.760500, -3.198818, 3, 9278.404830, 0.000000, 20, -57, -3, 191.381670, 0.457848, -0.967687, 7.367871
594.655500, -3.202873, 3, 9278.404830, 0.000000, 20, -56, -3, 191.495031, 0.451079, -0.965979, 7.388190
595.552000, -3.207250, 3, 9278.404830, 0.000000, 20, -56, -3, 191.826404, 0.463128, -0.960357, 7.301337
596.448500, -3.211868, 3, 9310.671546, 0.000000, 20, -55, -3, 191.822624, 0.445913, -0.958841, 7.308224
597.346500, -3.216608, 3, 9310.671546, 0.000000, 20, -54, -3, 192.098777, 0.450254, -0.949103, 7.234447
598.245000, -3.221630, 3, 9310.671546, 0.000000, 20, -54, -3, 192.247528, 0.455521, -0.937423, 7.249685
599.144000, -3.226933, 3, 9310.671546, 0.000000, 20, -54, -3, 192.357270, 0.438688, -0.931054, 7.247616
600.044000, -3.232680, 3, 9310.671546, 0.000000, 20, -54, -3, 192.548103, 0.436478, -0.920155, 7.242543
600.944500, -3.238791, 3, 9310.671546, 0.000000, 20, -54, -3, 192.652051, 0.423818, -0.915719, 7.255733
601.846000, -3.245264, 3, 9278.404830, 0.000000, 20, -55, -3, 192.876178, 0.402904, -0.922122, 7.157455
602.748500, -3.252020, 3, 9278.404830, 0.000000, 20, -54, -3, 193.092501, 0.411198, -0.923942, 7.162221
603.652000, -3.259181, 3, 9278.404830, 0.000000, 20, -54, -3, 193.280761, 0.412325, -0.929786, 7.085351
604.556500, -3.266624, 3, 9246.324326, 0.000000, 20, -54, -2, 193.510579, 0.418961, -0.938697, 6.988292
605.461000, -3.274392, 3, 9214.428321, 0.000000, 20, -54, 0, 193.493859, 0.424040, -0.941674, 7.002508
606.367000, -3.282565, 3, 9057.657268, 0.000000, 20, -54, 0, 193.806895, 0.422942, -0.946674, 6.903379
607.273000, -3.291304, 3, 8845.471223, 0.000000, 20, -53, 1, 193.814665, 0.421907, -0.956579, 6.800683
608.179500, -3.300651, 3, 8612.789725, 0.000000, 20, -53, 2, 193.893331, 0.406305, -0.961730, 6.710077
609.085500, -3.310605, 3, 8417.247554, 0.000000, 19, -53, 4, 193.806485, 0.380729, -0.976949, 6.601032
609.992000, -3.321208, 3, 8202.388545, 0.000000, 19, -52, 4, 193.930406, 0.344185, -0.999210, 6.402451
610.898000, -3.332379, 3, 8021.476059, 0.000000, 19, -51, 5, 193.787597, 0.289769, -1.017965, 6.216632
611.803500, -3.344040, 3, 7846.791252, 0.000000, 20, -50, 6, 193.677173, 0.238941, -1.043650, 6.024940
612.708000, -3.356150, 3, 7584.052220, 0.000000, 20, -50, 7, 193.447302, 0.172110, -1.061881, 5.855334
613.611500, -3.368468, 3, 7334.639962, 0.000000, 20, -49, 8, 193.249588, 0.095457, -1.070505, 5.679768
614.514500, -3.381033, 3, 7097.472684, 0.000000, 20, -48, 8, 193.121511, 0.028056, -1.074136, 5.428527
615.416500, -3.393645, 3, 6871.581661, 0.000000, 20, -47, 8, 192.915309, -0.042401, -1.064187, 5.266914
616.317500, -3.406263, 3, 6636.995569, 0.000000, 20, -46, 8, 192.698518, -0.101285, -1.045331, 5.119555
617.218000, -3.418846, 3, 6468.570650, 0.000000, 20, -46, 8, 192.562736, -0.147968, -1.020426, 4.882140
618.117000, -3.431273, 3, 6377.620622, 0.000000, 20, -45, 8, 192.238067, -0.195270, -0.987745, 4.741419
619.015500, -3.443464, 0, 6413.782248, 0.000000, 20, -45, 8, 192.153845, -0.226390, -0.955798, 4.507170
619.912500, -3.455416, 0, 6542.662203, 0.000000, 20, -44, 8, 191.769962, -0.247769, -0.923720, 4.376531
620.809000, -3.467091, 0, 6450.234388, 0.000000, 20, -44, 8, 191.706228, -0.265180, -0.893529, 4.151022
621.704000, -3.478446, 0, 6323.914313, 0.000000, 21, -44, 8, 191.355280, -0.277679, -0.868126, 4.014139
622.598500, -3.489562, 0, 6201.034935, 0.000000, 21, -44, 8, 191.231911, -0.293033, -0.843709, 3.799008
623.492500, -3.500521, 0, 6115.282665, 0.000000, 21, -45, 8, 191.122550, -0.294737, -0.826006, 3.656956
624.385500, -3.511282, 0, 6081.438372, 0.000000, 20, -46, 8, 190.934530, -0.291221, -0.813258, 3.516131
625.277500, -3.521762, 0, 6115.282665, 0.000000, 20, -46, 8, 190.685565, -0.288663, -0.802442, 3.385691
626.169000, -3.531922, 0, 6253.286565, 0.000000, 20, -47, 8, 190.566212, -0.275390, -0.794530, 3.169770
627.059500, -3.541760, 0, 6505.466094, 0.000000, 20, -47, 7, 190.350340, -0.273095, -0.788475, 2.945551
627.949500, -3.551236, 0, 6911.854465, 0.000000, 19, -47, 6, 190.250493, -0.264291, -0.778469, 2.738628
628.838500, -3.560187, 0, 7446.428982, 0.000000, 19, -47, 3, 190.022908, -0.251590, -0.770361, 2.616462
629.727500, -3.568571, 4, 7014.073551, 0.000000, 19, -48, 0, 190.022027, -0.248568, -0.757460, 2.417550
630.617000, -3.576184, 4, 7076.484917, 0.000000, 20, -49, 0, 190.119108, -0.219262, -0.735888, 2.227027
631.507500, -3.582944, 4, 7118.553576, 0.000000, 21, -50, -1, 190.314003, -0.177967, -0.710632, 2.132929
632.398500, -3.588728, 4, 7139.728284, 0.000000, 22, -51, -1, 190.446761, -0.115261, -0.676703, 2.049405
633.291000, -3.593454, 4, 7160.997507, 0.000000, 22, -52, -5, 190.739743, -0.028169, -0.638170, 1.876257
634.184500, -3.597162, 4, 7160.997507, 0.000000, 22, -52, -9, 190.953232, 0.061153, -0.600735, 1.792149
635.078500, -3.599729, 4, 7139.728284, 0.000000, 21, -52, -13, 191.041548, 0.142550, -0.559511, 1.640878
635.973500, -3.601197, 4, 7118.553576, 0.000000, 21, -52, -15, 191.287175, 0.223941, -0.523189, 1.551950
636.869500, -3.601563, 4, 7097.472684, 0.000000, 21, -52, -16, 191.470374, 0.280282, -0.493530, 1.473446
637.766000, -3.600911, 4, 7076.484917, 0.000000, 21, -51, -17, 191.588475, 0.313439, -0.471377, 1.469245
638.663000, -3.599077, 4, 7076.484917, 0.000000, 21, -51, -18, 191.709470, 0.327302, -0.458725, 1.401157
639.561000, -3.596184, 4, 7076.484917, 0.000000, 21, -51, -18, 191.925272, 0.321871, -0.450681, 1.405897
640.459500, -3.592109, 4, 7097.472684, 0.000000, 21, -51, -18, 192.013138, 0.303944, -0.448293, 1.407095
641.359000, -3.586854, 4, 7118.553576, 0.000000, 21, -51, -17, 192.231843, 0.298813, -0.444882, 1.523875
642.258500, -3.580500, 4, 7160.997507, 0.000000, 21, -51, -18, 192.240502, 0.280234, -0.444303, 1.525867
643.159500, -3.573090, 4, 7225.379356, 0.000000, 20, -51, -18, 192.569384, 0.275434, -0.445577, 1.613549
644.061000, -3.564664, 4, 7268.786282, 0.000000, 20, -51, -18, 192.690503, 0.278583, -0.445799, 1.698114
644.963500, -3.555182, 4, 7312.588630, 0.000000, 20, -52, -17, 192.925333, 0.280771, -0.447882, 1.801126
645.866500, -3.544810, 4, 7334.639962, 0.000000, 20, -53, -16, 193.014159, 0.290019, -0.455752, 1.867153
646.771000, -3.533426, 4, 7356.792415, 0.000000, 20, -53, -14, 193.361434, 0.306045, -0.459483, 1.965202
647.677000, -3.521031, 4, 7379.046760, 0.000000, 20, -53, -13, 193.676086, 0.328258, -0.470674, 2.132645
648.583500, -3.507627, 4, 7401.403777, 0.000000, 20, -53, -12, 193.784271, 0.349473, -0.478814, 2.232265
649.491500, -3.493377, 4, 7423.864253, 0.000000, 20, -53, -13, 194.147096, 0.380699, -0.486566, 2.381144
650.400000, -3.478243, 4, 7446.428982, 0.000000, 20, -52, -13, 194.239805, 0.394469, -0.495525, 2.471671
651.310000, -3.462266, 4, 7469.098767, 0.000000, 20, -52, -14, 194.572134, 0.408396, -0.504328, 2.625983
652.221000, -3.445530, 4, 7491.874419, 0.000000, 20, -52, -14, 194.825202, 0.426278, -0.514784, 2.692936
653.132500, -3.427954, 4, 7514.756758, 0.000000, 20, -51, -13, 194.935186, 0.427755, -0.524896, 2.857669
654.045500, -3.409539, 4, 7537.746613, 0.000000, 20, -51, -12, 195.253722, 0.431446, -0.535751, 3.027007
654.959500, -3.390370, 4, 7560.844818, 0.000000, 20, -51, -12, 195.492696, 0.437084, -0.547523, 3.085364
655.875000, -3.370447, 4, 7584.052220, 0.000000, 20, -50, -13, 195.828431, 0.431277, -0.558636, 3.241279
656.791000, -3.349731, 4, 7607.369671, 0.000000, 20, -49, -14, 195.940867, 0.441010, -0.567118, 3.406757
657.708000, -3.328305, 4, 7630.798036, 0.000000, 20, -49, -14, 196.182094, 0.445094, -0.577881, 3.553812
658.625500, -3.306131, 4, 7654.338184, 0.000000, 19, -48, -15, 196.312076, 0.433533, -0.581661, 3.705615
659.544500, -3.283411, 4, 7677.990998, 0.000000, 19, -48, -15, 196.634857, 0.436870, -0.589275, 3.853366
660.464500, -3.260186, 4, 7701.757367, 0.000000, 19, -48, -15, 196.862815, 0.433828, -0.601270, 3.991901
661.385000, -3.236499, 4, 7701.757367, 0.000000, 19, -48, -15, 196.996163, 0.430081, -0.615401, 4.121069
662.307000, -3.212390, 4, 7725.638189, 0.000000, 19, -48, -15, 197.306024, 0.432746, -0.631914, 4.348373
663.229500, -3.187941, 4, 7725.638189, 0.000000, 19, -48, -14, 197.473717, 0.426335, -0.653918, 4.473541
664.153500, -3.163152, 4, 7701.757367, 0.000000, 19, -47, -14, 197.770170, 0.428580, -0.672282, 4.604313
665.078000, -3.137905, 4, 7677.990998, 0.000000, 19, -47, -15, 197.923073, 0.438626, -0.688984, 4.743822
666.003500, -3.112439, 4, 7654.338184, 0.000000, 19, -46, -15, 198.143584, 0.444279, -0.711188, 4.851604
666.930000, -3.086636, 4, 7630.798036, 0.000000, 19, -45, -15, 198.363390, 0.445268, -0.727149, 4.894933
667.856500, -3.060537, 4, 7630.798036, 0.000000, 19, -44, -15, 198.424384, 0.438217, -0.740097, 5.025096
668.784000, -3.034261, 4, 7654.338184, 0.000000, 19, -43, -15, 198.616370, 0.422949, -0.757008, 5.138062
669.712000, -3.007929, 4, 7677.990998, 0.000000, 19, -43, -15, 198.729807, 0.410076, -0.767938, 5.250525
670.640500, -2.981620, 4, 7701.757367, 0.000000, 18, -44, -15, 198.862398, 0.388892, -0.784718, 5.437408
671.570000, -2.955534, 4, 7725.638189, 0.000000, 18, -44, -15, 199.109140, 0.378748, -0.809990, 5.533320
672.500000, -2.929470, 4, 7749.634374, 0.000000, 18, -45, -13, 199.212393, 0.368171, -0.830637, 5.637049
673.431000, -2.903628, 4, 7773.746840, 0.000000, 18, -45, -13, 199.447957, 0.362591, -0.857564, 5.724274
674.363000, -2.877886, 4, 7797.976515, 0.000000, 18, -45, -11, 199.667076, 0.376193, -0.881926, 5.825443
675.295500, -2.852127, 4, 7822.324336, 0.000000, 19, -45, -9, 199.822252, 0.380688, -0.898828, 5.847287
676.228500, -2.826428, 4, 7846.791252, 0.000000, 19, -45, -8, 199.917604, 0.391512, -0.917795, 5.942534
677.163000, -2.800830, 4, 7846.791252, 0.000000, 19, -44, -8, 200.254191, 0.412312, -0.926340, 5.954004
678.097500, -2.775411, 4, 7871.378220, 0.000000, 18, -45, -8, 200.254268, 0.407675, -0.929073, 6.061820
679.033500, -2.750249, 4, 7896.086207, 0.000000, 18, -45, -8, 200.632050, 0.422770, -0.935284, 6.135223
679.970000, -2.725265, 4, 7896.086207, 0.000000, 18, -45, -8, 200.701372, 0.427809, -0.936435, 6.147545
680.907000, -2.700380, 4, 7896.086207, 0.000000, 18, -45, -8, 200.838364, 0.416157, -0.941270, 6.240031
681.845500, -2.675631, 4, 7920.916193, 0.000000, 18, -45, -8, 201.183367, 0.431011, -0.947557, 6.253688
682.784500, -2.650902, 4, 7945.869166, 0.000000, 19, -44, -8, 201.323843, 0.430981, -0.949529, 6.258925
683.724000, -2.626190, 4, 7970.946126, 0.000000, 19, -44, -8, 201.413276, 0.426171, -0.952559, 6.281478
684.665000, -2.601537, 4, 7970.946126, 0.000000, 19, -44, -8, 201.763084, 0.446985, -0.951815, 6.296435
685.606500, -2.576862, 4, 7996.148083, 0.000000, 19, -44, -8, 201.875405, 0.439432, -0.947528, 6.306272
686.548500, -2.552322, 4, 7996.148083, 0.000000, 18, -44, -8, 202.022668, 0.433969, -0.943811, 6.312558
687.491500, -2.527643, 4, 8021.476059, 0.000000, 18, -43, -8, 202.210932, 0.446008, -0.933786, 6.347391
688.435500, -2.502864, 4, 8021.476059, 0.000000, 19, -43, -8, 202.487370, 0.432325, -0.925870, 6.274130
689.380000, -2.477789, 4, 8072.514204, 0.000000, 19, -42, -8, 202.565284, 0.430759, -0.914667, 6.311092
690.325500, -2.452496, 4, 8098.226473, 0.000000, 20, -41, -8, 202.811308, 0.433925, -0.902424, 6.330036
691.271500, -2.426868, 4, 8124.068958, 0.000000, 20, -41, -8, 202.971327, 0.422399, -0.893353, 6.281685
692.218500, -2.401063, 4, 8124.068958, 0.000000, 19, -41, -8, 203.165939, 0.419681, -0.877402, 6.317870
693.166500, -2.375042, 4, 8150.042736, 0.000000, 19, -41, -8, 203.403574, 0.426843, -0.866293, 6.328376
694.114500, -2.348922, 4, 8150.042736, 0.000000, 19, -41, -8, 203.408278, 0.413425, -0.856637, 6.363850
695.064000, -2.322742, 4, 8176.148897, 0.000000, 19, -41, -8, 203.762070, 0.417149, -0.851175, 6.373899
696.014000, -2.296385, 4, 8176.148897, 0.000000, 19, -41, -8, 203.870179, 0.418725, -0.854097, 6.399258
696.965000, -2.270007, 4, 8176.148897, 0.000000, 19, -41, -8, 204.126359, 0.415565, -0.858052, 6.420506
697.916500, -2.243452, 4, 8176.148897, 0.000000, 19, -40, -8, 204.225197, 0.420050, -0.866438, 6.348967
698.869500, -2.216605, 4, 8176.148897, 0.000000, 19, -40, -8, 204.575798, 0.428960, -0.873821, 6.295123
699.823000, -2.189541, 4, 8202.388545, 0.000000, 19, -39, -8, 204.735209, 0.430448, -0.874951, 6.327503
700.777500, -2.162186, 4, 8202.388545, 0.000000, 19, -39, -8, 204.917785, 0.442185, -0.878703, 6.259466
701.732500, -2.134576, 4, 8228.762792, 0.000000, 19, -38, -8, 205.046097, 0.442740, -0.873181, 6.207719
702.688000, -2.106714, 4, 8255.272766, 0.000000, 19, -38, -8, 205.209425, 0.437262, -0.865968, 6.240774
703.644500, -2.078637, 4, 8255.272766, 0.000000, 19, -38, -8, 205.430088, 0.435017, -0.864017, 6.258150
704.602000, -2.050308, 4, 8281.919605, 0.000000, 19, -38, -8, 205.629958, 0.427375, -0.856314, 6.200617
705.560000, -2.021726, 4, 8255.272766, 0.000000, 19, -38, -8, 205.797260, 0.423321, -0.853786, 6.234437
706.519000, -1.992970, 4, 8255.272766, 0.000000, 19, -38, -8, 206.022328, 0.420114, -0.856109, 6.164858
707.479000, -1.964000, 4, 8281.919605, 0.000000, 19, -38, -8, 206.214997, 0.419509, -0.856798, 6.186637
708.439500, -1.934934, 4, 8281.919605, 0.000000, 19, -38, -8, 206.375172, 0.415391, -0.863360, 6.123909
709.401000, -1.905615, 4, 8281.919605, 0.000000, 18, -38, -8, 206.604792, 0.426638, -0.871042, 6.143172
710.363500, -1.876200, 4, 8255.272766, 0.000000, 18, -38, -9, 206.835951, 0.434116, -0.875658, 6.074892
711.327000, -1.846687, 4, 8255.272766, 0.000000, 18, -38, -10, 207.068643, 0.443298, -0.882816, 6.094854
712.291000, -1.816769, 4, 8255.272766, 0.000000, 19, -38, -11, 207.211351, 0.448692, -0.886949, 6.045645
713.256000, -1.786600, 4, 8281.919605, 0.000000, 19, -37, -11, 207.446914, 0.449953, -0.888219, 5.978330
714.222000, -1.756103, 4, 8281.919605, 0.000000, 19, -37, -12, 207.660450, 0.451642, -0.887357, 5.923717
715.188500, -1.725278, 4, 8281.919605, 0.000000, 19, -37, -12, 207.796385, 0.449171, -0.883676, 5.865779
716.156000, -1.694048, 4, 8281.919605, 0.000000, 19, -37, -12, 208.057161, 0.449664, -0.876170, 5.818249
717.124000, -1.662492, 4, 8281.919605, 0.000000, 19, -36, -12, 208.151100, 0.441530, -0.868967, 5.842094
718.093000, -1.630416, 4, 8308.704462, 0.000000, 19, -36, -12, 208.414336, 0.433780, -0.859639, 5.795156
719.063000, -1.597938, 4, 8308.704462, 0.000000, 19, -35, -12, 208.634251, 0.432414, -0.851563, 5.741945
720.033500, -1.564941, 4, 8335.628500, 0.000000, 19, -35, -13, 208.762625, 0.422465, -0.841865, 5.706766
721.005000, -1.531350, 4, 8335.628500, 0.000000, 19, -34, -13, 209.019232, 0.423251, -0.832280, 5.651320
721.977500, -1.497204, 4, 8362.692899, 0.000000, 19, -34, -13, 209.252738, 0.428267, -0.823485, 5.608355
722.950500, -1.462504, 4, 8362.692899, 0.000000, 19, -34, -13, 209.374340, 0.420063, -0.814426, 5.564381
723.924000, -1.427364, 4, 8362.692899, 0.000000, 19, -34, -13, 209.531447, 0.422797, -0.807220, 5.605774
724.898500, -1.391824, 4, 8362.692899, 0.000000, 18, -34, -13, 209.748840, 0.420477, -0.803501, 5.544771
725.873500, -1.355921, 4, 8362.692899, 0.000000, 18, -34, -13, 209.898754, 0.408739, -0.804487, 5.577216
726.849500, -1.319772, 4, 8362.692899, 0.000000, 18, -35, -13, 210.118920, 0.411930, -0.810174, 5.604669
727.826500, -1.283413, 4, 8362.692899, 0.000000, 18, -35, -13, 210.365555, 0.411171, -0.824181, 5.532577
728.804500, -1.246768, 4, 8335.628500, 0.000000, 18, -35, -13, 210.623163, 0.415084, -0.838782, 5.558144
729.783000, -1.209838, 4, 8335.628500, 0.000000, 18, -36, -13, 210.734780, 0.422649, -0.856437, 5.496854
730.763000, -1.172469, 4, 8335.628500, 0.000000, 19, -35, -13, 211.082731, 0.435661, -0.868290, 5.536847
731.743500, -1.134891, 4, 8335.628500, 0.000000, 18, -35, -13, 211.222590, 0.444442, -0.879432, 5.464189
732.724500, -1.096950, 4, 8335.628500, 0.000000, 18, -35, -13, 211.338466, 0.449006, -0.887876, 5.403563
733.706500, -1.058608, 4, 8335.628500, 0.000000, 18, -35, -13, 211.612107, 0.457129, -0.890049, 5.440121
734.689500, -1.019942, 4, 8308.704462, 0.000000, 18, -35, -13, 211.843522, 0.452036, -0.890278, 5.382157
735.673500, -0.980837, 4, 8308.704462, 0.000000, 18, -34, -13, 212.102274, 0.451597, -0.889070, 5.312788
736.658000, -0.941256, 4, 8335.628500, 0.000000, 18, -34, -13, 212.206342, 0.452156, -0.881439, 5.274181
737.643000, -0.901197, 4, 8335.628500, 0.000000, 19, -34, -13, 212.372335, 0.438486, -0.878456, 5.221712
738.629000, -0.860698, 4, 8362.692899, 0.000000, 19, -34, -13, 212.609095, 0.431893, -0.874159, 5.252790
739.616000, -0.819723, 4, 8335.628500, 0.000000, 18, -34, -13, 212.812440, 0.430240, -0.866208, 5.198555
740.603500, -0.778307, 4, 8335.628500, 0.000000, 18, -34, -13, 213.008803, 0.425473, -0.866393, 5.223126
741.592000, -0.736452, 4, 8335.628500, 0.000000, 18, -34, -13, 213.223047, 0.430252, -0.861461, 5.178794
742.581000, -0.694081, 4, 8335.628500, 0.000000, 18, -34, -13, 213.360644, 0.421449, -0.856977, 5.129740
743.571000, -0.651117, 4, 8362.692899, 0.000000, 18, -33, -13, 213.604002, 0.416333, -0.857371, 5.074394
744.562000, -0.607408, 4, 8362.692899, 0.000000, 19, -33, -13, 213.864602, 0.420703, -0.850550, 5.038058
745.553500, -0.563069, 4, 8389.898849, 0.000000, 19, -32, -13, 214.013670, 0.421061, -0.842987, 5.086909
746.545500, -0.517946, 4, 8417.247554, 0.000000, 19, -32, -13, 214.163787, 0.425688, -0.836058, 5.048047
747.538500, -0.472192, 4, 8417.247554, 0.000000, 19, -31, -13, 214.411985, 0.424433, -0.823903, 4.993837
748.532000, -0.425843, 4, 8417.247554, 0.000000, 18, -31, -13, 214.529384, 0.412110, -0.814474, 5.045332
749.526500, -0.379012, 4, 8417.247554, 0.000000, 18, -32, -13, 214.807451, 0.413968, -0.811501, 4.980334
750.521500, -0.331585, 4, 8417.247554, 0.000000, 18, -32, -13, 214.927098, 0.411797, -0.807864, 5.032211
751.517000, -0.283599, 4, 8417.247554, 0.000000, 18, -32, -13, 215.067954, 0.400244, -0.811640, 5.063613
752.514000, -0.234939, 4, 8417.247554, 0.000000, 18, -32, -13, 215.442142, 0.408049, -0.815802, 5.023601
753.511500, -0.185718, 4, 8417.247554, 0.000000, 18, -32, -13, 215.585569, 0.407008, -0.821021, 4.967637
754.509500, -0.135820, 4, 8417.247554, 0.000000, 18, -32, -13, 215.744629, 0.408111, -0.826567, 5.018370
755.508500, -0.085321, 4, 8417.247554, 0.000000, 18, -31, -13, 215.995775, 0.424313, -0.831861, 4.957174
756.508000, -0.034067, 4, 8417.247554, 0.000000, 18, -31, -13, 216.128987, 0.417248, -0.830077, 4.931605
757.508500, 0.017904, 4, 8444.740232, 0.000000, 18, -30, -13, 216.389596, 0.419086, -0.827093, 4.880273
758.509500, 0.070520, 4, 8444.740232, 0.000000, 18, -30, -13, 216.546155, 0.427061, -0.825008, 4.834684
759.511000, 0.123858, 4, 8472.378116, 0.000000, 18, -30, -13, 216.675502, 0.411847, -0.818031, 4.888248
760.513000, 0.177653, 4, 8472.378116, 0.000000, 18, -30, -13, 216.856141, 0.408953, -0.820986, 4.910585
761.516000, 0.231948, 4, 8472.378116, 0.000000, 18, -31, -13, 217.086606, 0.402090, -0.823281, 4.950008
762.519500, 0.286364, 4, 8444.740232, 0.000000, 17, -33, -13, 217.222073, 0.388211, -0.833457, 4.956031
763.524000, 0.340941, 4, 8444.740232, 0.000000, 16, -34, -13, 217.506576, 0.399529, -0.854912, 4.964842
764.529000, 0.395644, 4, 8417.247554, 0.000000, 16, -35, -13, 217.616864, 0.399738, -0.879670, 4.982324
765.535000, 0.450286, 4, 8417.247554, 0.000000, 16, -37, -13, 217.898800, 0.403824, -0.911242, 4.982602
766.541500, 0.505019, 4, 8417.247554, 0.000000, 16, -38, -13, 218.041781, 0.416378, -0.947937, 4.989689
767.549000, 0.559732, 4, 8389.898849, 0.000000, 16, -39, -13, 218.251243, 0.420874, -0.979449, 4.984619
768.557500, 0.614427, 4, 8389.898849, 0.000000, 16, -40, -13, 218.545105, 0.438128, -1.012234, 4.907454
769.566500, 0.669143, 4, 8362.692899, 0.000000, 16, -40, -13, 218.688111, 0.447409, -1.037730, 4.906136
770.576000, 0.723846, 4, 8335.628500, 0.000000, 16, -40, -13, 218.803505, 0.444102, -1.053738, 4.827879
771.586000, 0.778687, 4, 8308.704462, 0.000000, 16, -40, -13, 218.956072, 0.441212, -1.065408, 4.836246
772.596500, 0.833595, 4, 8255.272766, 0.000000, 16, -40, -13, 219.105091, 0.425701, -1.071813, 4.747712
773.607500, 0.888798, 4, 8228.762792, 0.000000, 16, -39, -13, 219.236753, 0.408083, -1.071772, 4.688534
774.619000, 0.944376, 4, 8176.148897, 0.000000, 17, -39, -13, 219.405236, 0.397552, -1.063601, 4.628169
775.631000, 1.000216, 4, 8098.226473, 0.000000, 17, -38, -13, 219.564922, 0.376174, -1.054765, 4.637451
776.642500, 1.056513, 4, 8021.476059, 0.000000, 17, -38, -13, 219.488672, 0.348823, -1.036957, 4.586752
777.654500, 1.113268, 4, 7945.869166, 0.000000, 17, -37, -13, 219.621271, 0.323449, -1.021503, 4.518961
778.666500, 1.170638, 4, 7846.791252, 0.000000, 17, -36, -13, 219.663769, 0.293788, -1.003697, 4.482879
779.677500, 1.228511, 4, 7822.324336, 0.000000, 17, -35, -13, 219.515732, 0.253240, -0.979014, 4.425348
780.688500, 1.287044, 4, 7725.638189, 0.000000, 17, -34, -13, 219.520311, 0.218876, -0.959181, 4.381234
781.699000, 1.346241, 4, 7630.798036, 0.000000, 17, -33, -13, 219.485980, 0.171337, -0.940869, 4.329074
782.708500, 1.406144, 4, 7537.746613, 0.000000, 17, -32, -12, 219.320118, 0.110699, -0.922001, 4.300132
783.717000, 1.466720, 4, 7446.428982, 0.000000, 17, -31, -12, 219.146253, 0.063135, -0.908347, 4.340351
784.724500, 1.527935, 4, 7379.046760, 0.000000, 17, -31, -11, 218.977988, 0.004785, -0.892145, 4.301751
785.731000, 1.589831, 4, 7312.588630, 0.000000, 17, -30, -10, 218.806498, -0.053795, -0.880473, 4.253661
786.736000, 1.652298, 0, 7160.997507, 0.000000, 17, -29, -9, 218.533909, -0.099310, -0.874038, 4.305869
787.740000, 1.715418, 0, 6972.919217, 0.000000, 17, -29, -9, 218.364777, -0.149608, -0.869719, 4.257300
788.743000, 1.779273, 0, 6772.392962, 0.000000, 17, -28, -8, 218.204986, -0.189099, -0.866059, 4.227182
789.744500, 1.843753, 0, 6580.163165, 0.000000, 17, -27, -8, 217.896000, -0.224226, -0.862727, 4.182389
790.745000, 1.908979, 0, 6395.665368, 0.000000, 17, -26, -8, 217.769833, -0.248622, -0.862123, 4.229345
791.744500, 1.974881, 0, 6201.034935, 0.000000, 17, -26, -8, 217.577467, -0.264174, -0.857591, 4.199635
792.743000, 2.041619, 0, 6031.150526, 0.000000, 17, -25, -8, 217.417842, -0.270831, -0.855702, 4.247247
793.740000, 2.109006, 0, 5867.539726, 0.000000, 17, -25, -8, 217.156246, -0.268578, -0.847645, 4.219066
794.736000, 2.177048, 0, 5709.809902, 0.000000, 17, -24, -8, 216.995112, -0.268598, -0.841674, 4.256856
795.731000, 2.245713, 0, 5602.703649, 0.000000, 16, -24, -8, 216.842245, -0.266208, -0.838050, 4.313251
796.724500, 2.314852, 0, 5617.843431, 0.000000, 16, -24, -8, 216.537643, -0.263940, -0.838760, 4.344856
797.717000, 2.384431, 0, 5572.582219, 0.000000, 16, -24, -8, 216.383517, -0.263905, -0.841599, 4.303495
798.708500, 2.454495, 5, 5772.219895, 0.000000, 16, -24, -9, 216.223986, -0.261790, -0.850986, 4.330966
799.698500, 2.525169, 5, 5981.427066, 0.000000, 16, -23, -10, 215.932909, -0.268639, -0.857978, 4.302035
800.686500, 2.596459, 5, 6014.513874, 0.000000, 16, -22, -10, 215.568375, -0.281964, -0.864921, 4.352859
801.673000, 2.668412, 5, 6014.513874, 0.000000, 16, -21, -10, 215.276142, -0.301774, -0.869672, 4.313763
802.658000, 2.741036, 5, 6014.513874, 0.000000, 16, -20, -10, 215.059194, -0.327985, -0.867908, 4.370143
803.642000, 2.814379, 5, 5997.939522, 0.000000, 17, -19, -10, 214.843182, -0.341167, -0.861979, 4.338391
804.624000, 2.888411, 5, 5997.939522, 0.000000, 17, -18, -10, 214.482700, -0.360861, -0.853969, 4.387751
805.607500, 2.963139, 5, 5997.939522, 0.000000, 17, -18, -10, 213.629473, -0.415033, -0.839769, 4.465998
806.596000, 3.036377, 5, 6014.513874, 0.000000, 16, -18, -10, 214.126817, -0.417106, -0.827714, 4.497239
807.583000, 3.107477, 5, 6014.513874, 0.000000, 16, -17, -10, 213.738855, -0.425462, -0.817972, 4.565369
808.569500, 3.176226, 5, 6031.150526, 0.000000, 16, -17, -10, 213.593898, -0.412104, -0.810355, 4.599693
809.555000, 3.242530, 5, 6081.438372, 0.000000, 15, -17, -10, 213.343196, -0.357424, -0.815693, 4.635757
810.539000, 3.306332, 5, 6081.438372, 0.000000, 15, -17, -9, 212.989014, -0.358854, -0.821374, 4.770849
811.522500, 3.367538, 5, 6098.328332, 0.000000, 15, -18, -7, 212.843390, -0.344891, -0.837622, 4.785184
812.504500, 3.426091, 5, 6115.282665, 0.000000, 15, -18, -6, 212.489504, -0.309028, -0.857516, 4.821976
813.485500, 3.481894, 5, 6132.301796, 0.000000, 14, -19, -4, 212.239914, -0.316057, -0.880843, 4.925263
814.465500, 3.535011, 5, 6166.536171, 0.000000, 14, -20, -3, 211.993924, -0.305722, -0.910134, 4.949935
815.445000, 3.585510, 5, 6201.034935, 0.000000, 14, -20, -1, 211.856559, -0.308391, -0.935328, 4.972761
816.423000, 3.633375, 5, 6218.384565, 0.000000, 14, -20, 0, 211.470663, -0.350144, -0.957266, 4.998702
817.401000, 3.678796, 5, 6253.286565, 0.000000, 14, -20, 0, 211.480848, -0.324970, -0.972685, 5.028845
818.378000, 3.721843, 5, 6288.461915, 0.000000, 14, -19, 0, 211.243868, -0.315882, -0.973289, 4.983777
819.355000, 3.762628, 5, 6341.745577, 0.000000, 14, -18, 1, 211.222421, -0.287439, -0.968624, 5.023874
820.331500, 3.801179, 5, 6395.665368, 0.000000, 14, -18, 2, 211.060625, -0.246850, -0.952401, 4.987281
821.308000, 3.837612, 5, 6450.234388, 0.000000, 14, -18, 4, 211.078519, -0.213248, -0.927505, 5.036578
822.284000, 3.871915, 5, 6505.466094, 0.000000, 14, -18, 6, 210.954477, -0.173233, -0.902280, 4.999368
823.260500, 3.904081, 5, 6561.374312, 0.000000, 14, -18, 7, 211.047084, -0.125009, -0.869767, 5.057689
824.236500, 3.934143, 5, 6617.973250, 0.000000, 13, -19, 7, 210.888147, -0.091728, -0.844514, 5.010908
825.213500, 3.962008, 5, 6675.277511, 0.000000, 13, -19, 9, 211.125650, -0.045755, -0.820429, 4.980301
826.190500, 3.987712, 5, 6733.302107, 0.000000, 13, -20, 10, 211.111910, 0.000520, -0.802781, 4.932361
827.168000, 4.011206, 5, 6792.062473, 0.000000, 12, -20, 12, 211.171720, 0.031430, -0.794484, 4.805751
828.146000, 4.032649, 5, 6831.652632, 0.000000, 12, -21, 14, 211.304070, 0.079497, -0.787340, 4.678789
829.124500, 4.052036, 5, 6871.581661, 0.000000, 12, -21, 12, 211.402404, 0.112491, -0.783138, 4.649759
830.104000, 4.069443, 5, 6891.674781, 0.000000, 12, -22, 12, 211.608891, 0.151687, -0.778553, 4.532431
831.084000, 4.084826, 5, 6911.854465, 0.000000, 12, -22, 14, 211.708987, 0.192783, -0.769480, 4.415789
832.065000, 4.098264, 5, 6932.121342, 0.000000, 12, -23, 15, 211.917731, 0.225073, -0.758761, 4.308529
833.047000, 4.109753, 5, 6932.121342, 0.000000, 11, -23, 16, 212.126373, 0.256782, -0.748208, 4.094271
834.029500, 4.119456, 5, 6932.121342, 0.000000, 11, -23, 16, 212.229798, 0.283765, -0.731419, 3.997391
835.013000, 4.127330, 5, 6952.476046, 0.000000, 11, -23, 18, 212.440538, 0.299779, -0.717597, 3.793185
835.997500, 4.133581, 5, 6952.476046, 0.000000, 11, -23, 16, 212.652811, 0.323963, -0.699059, 3.618117
836.983000, 4.138124, 5, 6952.476046, 0.000000, 10, -24, 14, 212.865238, 0.335176, -0.681338, 3.423971
837.969000, 4.141043, 5, 6972.919217, 0.000000, 10, -24, 15, 212.971311, 0.344008, -0.663877, 3.249358
838.956000, 4.142377, 5, 6952.476046, 0.000000, 10, -24, 17, 213.185109, 0.348543, -0.646683, 3.065175
839.944000, 4.142127, 5, 6952.476046, 0.000000, 9, -25, 18, 213.399509, 0.346638, -0.629863, 2.881186
840.933000, 4.140501, 5, 6952.476046, 0.000000, 9, -26, 19, 213.614319, 0.350848, -0.608522, 2.638277
841.923000, 4.137499, 5, 6952.476046, 0.000000, 9, -26, 19, 213.865499, 0.357410, -0.589254, 2.454676
842.914000, 4.133331, 5, 6952.476046, 0.000000, 9, -26, 19, 214.045103, 0.361451, -0.565891, 2.221608
843.906000, 4.128121, 5, 6952.476046, 0.000000, 9, -26, 17, 214.260684, 0.365220, -0.538329, 1.988686
844.899000, 4.121913, 5, 6952.476046, 0.000000, 9, -26, 16, 214.512464, 0.371397, -0.512936, 1.746386
845.893000, 4.114708, 5, 6952.476046, 0.000000, 8, -26, 14, 214.692483, 0.372925, -0.481360, 1.523186
846.888000, 4.106713, 5, 6952.476046, 0.000000, 8, -26, 13, 214.908411, 0.376814, -0.445206, 1.388033
847.883500, 4.098014, 5, 6952.476046, 0.000000, 8, -26, 12, 215.052961, 0.376779, -0.415701, 1.164916
848.880500, 4.088695, 5, 6952.476046, 0.000000, 8, -26, 9, 215.340028, 0.370086, -0.375600, 0.961261
849.878500, 4.078880, 5, 6952.476046, 0.000000, 7, -25, 9, 215.591736, 0.370296, -0.341817, 0.748082
850.877500, 4.068612, 5, 6972.919217, 0.000000, 7, -24, 7, 215.807028, 0.370622, -0.310348, 0.553879
851.877000, 4.058058, 5, 6993.451501, 0.000000, 7, -24, 6, 215.878921, 0.364433, -0.270248, 0.368801
852.877500, 4.047177, 5, 7014.073551, 0.000000, 7, -23, 5, 216.130396, 0.360952, -0.240848, 0.253162
853.878500, 4.036135, 5, 6993.451501, 0.000000, 6, -24, 4, 216.238072, 0.346695, -0.207272, 0.068216
854.881000, 4.024932, 5, 6993.451501, 0.000000, 6, -25, 3, 216.524161, 0.341347, -0.171262, -0.018836
855.884500, 4.013694, 5, 6993.451501, 0.000000, 6, -25, 2, 216.774887, 0.344985, -0.143757, -0.203337
856.889500, 4.002502, 5, 6993.451501, 0.000000, 6, -26, 1, 217.096736, 0.348678, -0.111952, -0.290274
857.895000, 3.991274, 5, 6993.451501, 0.000000, 5, -27, 1, 217.204019, 0.352581, -0.084313, -0.377848
858.901500, 3.980176, 5, 6993.451501, 0.000000, 5, -27, 0, 217.418189, 0.356630, -0.063262, -0.455681
859.909000, 3.969208, 5, 6993.451501, 0.000000, 5, -27, -1, 217.632364, 0.360777, -0.037723, -0.533535
860.917500, 3.958368, 5, 6993.451501, 0.000000, 5, -27, -1, 217.846547, 0.367182, -0.016411, -0.523517
861.927000, 3.947741, 5, 6993.451501, 0.000000, 4, -27, -2, 218.061114, 0.375812, 0.000576, -0.610806
862.937500, 3.937324, 5, 7014.073551, 0.000000, 4, -26, -2, 218.274566, 0.373633, 0.021872, -0.669935
863.948500, 3.927078, 5, 7014.073551, 0.000000, 3, -26, -3, 218.381850, 0.360620, 0.034645, -0.669649
864.961000, 3.917084, 5, 7034.786026, 0.000000, 3, -26, -3, 218.703343, 0.354133, 0.045217, -0.659424
865.974000, 3.907342, 5, 7034.786026, 0.000000, 3, -26, -3, 218.809926, 0.345471, 0.058120, -0.640415
866.988000, 3.897810, 5, 7034.786026, 0.000000, 3, -27, -3, 219.023819, 0.338964, 0.064646, -0.621164
868.003000, 3.888529, 5, 7034.786026, 0.000000, 2, -27, -3, 219.273821, 0.347663, 0.071150, -0.611211
869.019000, 3.879499, 5, 7034.786026, 0.000000, 2, -27, -3, 219.452307, 0.341157, 0.077676, -0.601447
870.036000, 3.870638, 5, 7055.589591, 0.000000, 2, -27, -3, 219.666249, 0.341160, 0.079849, -0.582290
871.054000, 3.861986, 5, 7055.589591, 0.000000, 1, -27, -2, 219.916583, 0.349849, 0.079835, -0.581727
872.072500, 3.853501, 5, 7055.589591, 0.000000, 1, -26, -2, 219.987502, 0.341130, 0.082141, -0.475048
873.092500, 3.845185, 5, 7076.484917, 0.000000, 1, -26, -2, 220.344829, 0.349786, 0.080099, -0.464977
874.113000, 3.836953, 5, 7076.484917, 0.000000, 1, -26, -1, 220.416354, 0.349732, 0.076014, -0.376936
875.134500, 3.828848, 5, 7097.472684, 0.000000, 0, -26, 0, 220.666401, 0.340990, 0.071943, -0.367123
876.157000, 3.820787, 5, 7097.472684, 0.000000, 0, -27, 0, 220.844931, 0.347460, 0.065686, -0.269586
877.180000, 3.812852, 5, 7097.472684, 0.000000, 0, -27, 0, 220.987980, 0.334393, 0.057244, -0.269298
878.204500, 3.804919, 5, 7097.472684, 0.000000, 0, -27, 0, 221.274078, 0.332193, 0.053149, -0.180831
879.230000, 3.797030, 5, 7118.553576, 0.000000, 0, -27, 1, 221.524413, 0.340864, 0.044903, -0.092439
880.256000, 3.789102, 5, 7118.553576, 0.000000, 0, -26, 1, 221.631700, 0.334366, 0.034262, -0.092224
881.283000, 3.781136, 5, 7118.553576, 0.000000, 0, -26, 1, 221.810511, 0.338708, 0.028149, -0.003975
882.311000, 3.773050, 5, 7139.728284, 0.000000, 0, -26, 2, 222.061126, 0.340928, 0.017688, 0.075188
883.340000, 3.764925, 5, 7139.728284, 0.000000, 0, -26, 2, 222.275699, 0.334469, 0.009226, 0.075625
884.369500, 3.756639, 5, 7160.997507, 0.000000, 0, -26, 3, 222.383270, 0.341056, 0.000967, 0.154519
885.400500, 3.748233, 5, 7160.997507, 0.000000, 0, -26, 3, 222.705419, 0.343329, -0.009611, 0.145984
886.432000, 3.739665, 5, 7160.997507, 0.000000, 0, -26, 3, 222.812705, 0.336890, -0.015947, 0.234101
887.464500, 3.730896, 5, 7160.997507, 0.000000, 0, -27, 3, 222.992112, 0.332656, -0.024422, 0.216100
888.498000, 3.721925, 5, 7182.361951, 0.000000, 0, -27, 4, 223.242753, 0.334958, -0.032820, 0.295358
889.532500, 3.712712, 5, 7182.361951, 0.000000, 0, -27, 4, 223.457954, 0.332923, -0.041271, 0.277495
890.567500, 3.703257, 5, 7182.361951, 0.000000, 0, -27, 4, 223.565563, 0.333106, -0.051890, 0.356467
891.604000, 3.693600, 5, 7203.822327, 0.000000, 0, -26, 4, 223.923509, 0.344096, -0.057986, 0.348151
892.641000, 3.683703, 5, 7203.822327, 0.000000, 0, -26, 4, 223.995706, 0.335554, -0.064381, 0.417916
893.679000, 3.673482, 5, 7225.379356, 0.000000, 0, -25, 4, 224.210972, 0.335743, -0.072808, 0.400164
894.717500, 3.663020, 5, 7225.379356, 0.000000, 0, -26, 5, 224.318613, 0.338044, -0.076871, 0.479191
895.757500, 3.652277, 5, 7225.379356, 0.000000, 0, -26, 5, 224.641195, 0.329525, -0.083259, 0.461774
896.798000, 3.641170, 5, 7247.033763, 0.000000, 0, -26, 5, 224.784992, 0.331805, -0.087442, 0.443920
897.839500, 3.629784, 5, 7247.033763, 0.000000, 0, -27, 5, 224.964571, 0.331917, -0.089353, 0.514080
898.882000, 3.618076, 5, 7247.033763, 0.000000, 0, -27, 5, 225.179933, 0.327734, -0.095831, 0.496481
899.925000, 3.606006, 5, 7247.033763, 0.000000, 0, -27, 5, 225.323795, 0.323511, -0.100131, 0.478704
900.969500, 3.593576, 5, 7247.033763, 0.000000, 0, -27, 5, 225.610721, 0.328017, -0.104133, 0.549273
902.014500, 3.580867, 5, 7268.786282, 0.000000, 0, -27, 5, 225.718431, 0.328100, -0.106174, 0.540520
903.060500, 3.567716, 5, 7268.786282, 0.000000, 0, -27, 5, 225.970522, 0.332578, -0.110306, 0.505015
904.107500, 3.554247, 5, 7268.786282, 0.000000, 0, -27, 6, 226.149779, 0.334837, -0.112307, 0.496528
905.155000, 3.540459, 5, 7268.786282, 0.000000, 0, -27, 6, 226.293747, 0.330584, -0.114448, 0.566775
906.204000, 3.526313, 5, 7268.786282, 0.000000, 0, -28, 7, 226.617020, 0.332896, -0.118610, 0.540718
907.253500, 3.511769, 5, 7268.786282, 0.000000, 0, -28, 7, 226.689522, 0.335115, -0.118436, 0.522887
908.304000, 3.496908, 5, 7290.637655, 0.000000, 0, -28, 7, 226.940339, 0.332987, -0.118358, 0.514736
909.355500, 3.481732, 5, 7290.637655, 0.000000, 0, -28, 8, 227.156427, 0.339602, -0.122552, 0.488436
910.408000, 3.466280, 5, 7290.637655, 0.000000, 0, -27, 8, 227.335745, 0.335159, -0.118308, 0.480076
911.461000, 3.450513, 5, 7312.588630, 0.000000, 0, -27, 9, 227.480376, 0.332987, -0.118358, 0.453583
912.515000, 3.434513, 5, 7334.639962, 0.000000, 0, -26, 9, 227.694932, 0.337281, -0.116087, 0.454398
913.570000, 3.418320, 5, 7334.639962, 0.000000, 0, -26, 9, 227.910576, 0.328394, -0.107600, 0.437232
914.625500, 3.401935, 5, 7356.792415, 0.000000, 0, -25, 9, 227.982646, 0.323951, -0.103357, 0.428522
915.682000, 3.385358, 5, 7356.792415, 0.000000, 0, -25, 9, 228.233517, 0.321545, -0.094841, 0.332630
916.739500, 3.368629, 5, 7379.046760, 0.000000, 0, -25, 9, 228.448633, 0.314803, -0.086425, 0.324505
917.797500, 3.351709, 5, 7379.046760, 0.000000, 0, -25, 9, 228.556477, 0.310283, -0.080124, 0.315966
918.857000, 3.334639, 5, 7379.046760, 0.000000, 0, -26, 8, 228.878879, 0.316557, -0.071548, 0.220410
919.917000, 3.317458, 5, 7356.792415, 0.000000, 0, -27, 8, 228.986733, 0.316392, -0.065154, 0.211894
920.978000, 3.300127, 5, 7356.792415, 0.000000, 0, -27, 8, 229.201867, 0.316257, -0.061051, 0.115936
922.040000, 3.282726, 5, 7379.046760, 0.000000, 0, -27, 8, 229.452177, 0.331285, -0.054483, 0.116960
923.103000, 3.265216, 5, 7379.046760, 0.000000, 0, -26, 7, 229.631557, 0.331206, -0.052572, 0.020878
924.167000, 3.247757, 5, 7379.046760, 0.000000, 0, -26, 7, 229.845520, 0.337527, -0.044015, 0.030675
925.231500, 3.230269, 5, 7379.046760, 0.000000, 0, -26, 7, 229.953382, 0.343900, -0.037640, -0.065689
926.297000, 3.212752, 5, 7401.403777, 0.000000, 0, -25, 7, 230.167933, 0.332896, -0.031685, -0.152699
927.363500, 3.195326, 5, 7423.864253, 0.000000, 0, -24, 6, 230.417656, 0.334883, -0.021055, -0.142782
928.430500, 3.177991, 5, 7423.864253, 0.000000, 0, -24, 6, 230.489174, 0.328225, -0.012838, -0.230383
929.498500, 3.160787, 5, 7446.428982, 0.000000, 0, -24, 6, 230.703145, 0.319386, -0.002461, -0.308525
930.567000, 3.143714, 5, 7446.428982, 0.000000, 0, -24, 5, 230.845607, 0.314896, 0.010172, -0.386967
931.637000, 3.126811, 5, 7446.428982, 0.000000, 0, -25, 5, 231.131109, 0.306122, 0.018380, -0.376971
932.707500, 3.110158, 5, 7446.428982, 0.000000, 1, -25, 5, 231.273027, 0.308198, 0.031070, -0.446585
933.779000, 3.093715, 5, 7423.864253, 0.000000, 1, -26, 5, 231.451822, 0.310316, 0.041594, -0.533791
934.851500, 3.077561, 5, 7423.864253, 0.000000, 1, -26, 4, 231.700504, 0.314643, 0.052136, -0.594197
935.925000, 3.061695, 5, 7446.428982, 0.000000, 1, -26, 4, 231.878768, 0.321132, 0.064839, -0.584700
936.999500, 3.046198, 5, 7446.428982, 0.000000, 1, -26, 4, 232.128037, 0.327684, 0.073178, -0.654023
938.074500, 3.031028, 5, 7446.428982, 0.000000, 1, -26, 4, 232.198028, 0.332069, 0.085859, -0.715186
939.150500, 3.016185, 5, 7446.428982, 0.000000, 1, -25, 3, 232.447848, 0.334322, 0.094188, -0.793398
940.227500, 3.001709, 5, 7469.098767, 0.000000, 1, -24, 3, 232.660948, 0.334413, 0.102487, -0.766247
941.305000, 2.987677, 5, 7469.098767, 0.000000, 1, -24, 3, 232.731523, 0.325841, 0.112962, -0.836295
942.383500, 2.974051, 5, 7491.874419, 0.000000, 1, -24, 2, 232.980469, 0.321637, 0.119112, -0.896998
943.462500, 2.960869, 5, 7491.874419, 0.000000, 1, -24, 1, 233.086861, 0.315279, 0.127460, -0.966976
944.542500, 2.948131, 5, 7491.874419, 0.000000, 1, -24, 0, 233.300134, 0.302415, 0.135819, -0.939982
945.623500, 2.935954, 5, 7491.874419, 0.000000, 1, -25, 0, 233.513055, 0.304776, 0.141961, -0.992153
946.705500, 2.924260, 5, 7491.874419, 0.000000, 1, -26, 0, 233.726834, 0.304991, 0.150289, -1.061923
947.788500, 2.913127, 5, 7491.874419, 0.000000, 1, -26, 0, 233.939892, 0.309507, 0.158717, -1.026318
948.872000, 2.902515, 5, 7491.874419, 0.000000, 1, -26, -1, 234.010341, 0.316271, 0.167015, -1.087761
949.956500, 2.892343, 5, 7514.756758, 0.000000, 1, -25, -1, 234.295745, 0.316429, 0.171112, -1.069587
951.042000, 2.882691, 5, 7514.756758, 0.000000, 1, -24, -2, 234.473245, 0.323139, 0.177317, -1.122109
952.128000, 2.873519, 5, 7537.746613, 0.000000, 1, -24, -2, 234.579909, 0.323294, 0.179248, -1.104407
953.215000, 2.864825, 5, 7537.746613, 0.000000, 1, -24, -2, 234.793304, 0.323363, 0.179127, -1.069053
954.302500, 2.856690, 5, 7537.746613, 0.000000, 1, -24, -2, 234.899766, 0.314858, 0.183330, -1.130567
955.391500, 2.848993, 5, 7560.844818, 0.000000, 1, -24, -2, 235.221104, 0.308361, 0.178935, -1.112560
956.481000, 2.841774, 5, 7560.844818, 0.000000, 1, -24, -2, 235.327413, 0.310601, 0.178788, -1.077545
957.571000, 2.834952, 5, 7560.844818, 0.000000, 1, -24, -2, 235.434244, 0.301982, 0.178773, -1.059968
958.662000, 2.828648, 5, 7560.844818, 0.000000, 1, -24, -2, 235.684148, 0.304074, 0.172231, -1.042201
959.754000, 2.822821, 5, 7584.052220, 0.000000, 1, -24, -2, 235.862159, 0.304100, 0.174403, -1.007194
960.847000, 2.817352, 5, 7584.052220, 0.000000, 1, -23, -2, 236.076367, 0.301875, 0.170085, -0.989558
961.940500, 2.812319, 5, 7584.052220, 0.000000, 1, -23, -2, 236.218907, 0.312682, 0.165608, -0.963361
963.035000, 2.807723, 5, 7607.369671, 0.000000, 1, -23, -2, 236.397408, 0.310510, 0.165634, -0.945829
964.130000, 2.803484, 5, 7607.369671, 0.000000, 1, -23, -2, 236.540029, 0.306086, 0.159172, -0.919694
965.226500, 2.799642, 5, 7607.369671, 0.000000, 1, -23, -1, 236.826001, 0.312494, 0.154878, -0.822890
966.323000, 2.796156, 5, 7607.369671, 0.000000, 1, -24, -1, 236.861400, 0.303720, 0.152923, -0.796905
967.421000, 2.793068, 5, 7607.369671, 0.000000, 1, -24, -1, 237.147189, 0.310128, 0.148620, -0.770765
968.520000, 2.790256, 5, 7607.369671, 0.000000, 0, -23, -1, 237.397437, 0.316538, 0.144320, -0.761969
969.619000, 2.787722, 5, 7607.369671, 0.000000, 0, -23, -1, 237.361585, 0.301218, 0.138074, -0.665468
970.719500, 2.785505, 5, 7630.798036, 0.000000, 0, -23, 0, 237.718983, 0.309788, 0.131588, -0.639401
971.820500, 2.783486, 5, 7630.798036, 0.000000, 0, -23, 0, 237.790442, 0.307480, 0.123040, -0.630750
972.922500, 2.781744, 5, 7630.798036, 0.000000, 0, -23, 0, 238.040723, 0.300810, 0.116821, -0.534143
974.025000, 2.780200, 5, 7654.338184, 0.000000, 0, -23, 0, 238.147905, 0.309419, 0.112517, -0.516891
975.128500, 2.778815, 5, 7654.338184, 0.000000, 0, -23, 0, 238.362439, 0.302738, 0.101944, -0.420335
976.233000, 2.777667, 5, 7654.338184, 0.000000, 0, -23, 0, 238.541215, 0.296097, 0.095701, -0.411693
977.338000, 2.776638, 5, 7654.338184, 0.000000, 0, -23, 0, 238.684268, 0.302517, 0.087086, -0.411657
978.444000, 2.775767, 5, 7654.338184, 0.000000, 0, -24, 0, 238.898783, 0.295882, 0.078668, -0.306558
979.551000, 2.774976, 5, 7654.338184, 0.000000, 0, -24, 1, 239.113363, 0.302336, 0.072235, -0.306519
980.658500, 2.774224, 5, 7654.338184, 0.000000, 0, -24, 1, 239.220629, 0.304423, 0.065925, -0.210044
981.767000, 2.773630, 5, 7677.990998, 0.000000, 0, -24, 1, 239.435208, 0.302165, 0.057490, -0.210013
982.876500, 2.773036, 5, 7677.990998, 0.000000, 0, -24, 1, 239.649769, 0.308635, 0.051063, -0.201432
983.986500, 2.772443, 5, 7677.990998, 0.000000, 0, -24, 1, 239.757078, 0.302059, 0.042631, -0.122077
985.097500, 2.771849, 5, 7677.990998, 0.000000, 0, -24, 2, 239.971657, 0.308540, 0.034042, -0.122046
986.209000, 2.771216, 5, 7701.757367, 0.000000, 0, -24, 2, 240.078929, 0.301990, 0.027766, -0.025605
987.321500, 2.770622, 5, 7701.757367, 0.000000, 0, -24, 2, 240.293527, 0.295441, 0.019317, -0.034110
988.434500, 2.769870, 5, 7701.757367, 0.000000, 0, -25, 2, 240.400841, 0.293262, 0.010851, 0.045273
989.549000, 2.769039, 5, 7701.757367, 0.000000, 0, -25, 2, 240.758473, 0.295427, 0.002405, 0.045336
990.664000, 2.768169, 5, 7701.757367, 0.000000, 0, -24, 3, 240.830000, 0.295440, -0.006063, 0.133239
991.780000, 2.767140, 5, 7725.638189, 0.000000, 0, -24, 3, 241.044609, 0.301970, -0.012340, 0.124776
992.896500, 2.765993, 5, 7725.638189, 0.000000, 0, -23, 3, 241.151933, 0.301986, -0.016575, 0.116302
994.013500, 2.764727, 5, 7749.634374, 0.000000, 0, -23, 3, 241.295026, 0.295515, -0.025047, 0.195736
995.131500, 2.763302, 5, 7749.634374, 0.000000, 0, -23, 3, 241.473842, 0.295542, -0.029281, 0.195786
996.250500, 2.761680, 5, 7749.634374, 0.000000, 0, -23, 4, 241.688517, 0.295594, -0.035558, 0.266780
997.370000, 2.759940, 5, 7773.746840, 0.000000, 0, -23, 4, 241.831570, 0.289123, -0.039722, 0.266831
998.490500, 2.757962, 5, 7773.746840, 0.000000, 0, -23, 4, 242.010502, 0.286994, -0.043966, 0.249959
999.611500, 2.755826, 5, 7773.746840, 0.000000, 0, -23, 4, 242.153621, 0.282725, -0.050296, 0.329448
1000.733500, 2.753453, 5, 7773.746840, 0.000000, 0, -23, 4, 242.332585, 0.276274, -0.056742, 0.312618
1001.856000, 2.750842, 5, 7773.746840, 0.000000, 0, -23, 4, 242.475638, 0.282840, -0.060937, 0.312693
1002.979500, 2.747995, 5, 7773.746840, 0.000000, 0, -23, 4, 242.654715, 0.282945, -0.067233, 0.375344
1004.104000, 2.744911, 5, 7773.746840, 0.000000, 0, -24, 4, 242.905057, 0.289503, -0.069241, 0.375500
1005.229500, 2.741511, 5, 7797.976515, 0.000000, 0, -24, 4, 243.084180, 0.293933, -0.075607, 0.350323
1006.355500, 2.737873, 5, 7797.976515, 0.000000, 0, -24, 4, 243.227346, 0.296188, -0.081994, 0.342003
1007.482000, 2.734000, 5, 7797.976515, 0.000000, 0, -24, 5, 243.334753, 0.296220, -0.081883, 0.421554
1008.609500, 2.729810, 5, 7797.976515, 0.000000, 0, -24, 5, 243.513821, 0.294120, -0.086137, 0.404868
1009.738000, 2.725344, 5, 7822.324336, 0.000000, 0, -24, 5, 243.764435, 0.296351, -0.088169, 0.388272
1010.867000, 2.720642, 5, 7822.324336, 0.000000, 0, -24, 5, 243.872018, 0.296407, -0.090228, 0.371567
1011.997000, 2.715585, 5, 7822.324336, 0.000000, 0, -24, 5, 244.086750, 0.296492, -0.094461, 0.451277
1013.127500, 2.710292, 5, 7822.324336, 0.000000, 0, -24, 5, 244.158601, 0.290035, -0.096603, 0.434566
1014.259000, 2.704644, 5, 7822.324336, 0.000000, 0, -24, 5, 244.409286, 0.283557, -0.096563, 0.418074
1015.391000, 2.698761, 5, 7822.324336, 0.000000, 0, -24, 5, 244.516941, 0.281474, -0.100820, 0.401439
1016.524000, 2.692523, 5, 7822.324336, 0.000000, 0, -25, 5, 244.731904, 0.283672, -0.102965, 0.384958
1017.658000, 2.686049, 5, 7846.791252, 0.000000, 0, -24, 5, 244.946682, 0.290254, -0.104947, 0.464762
1018.792500, 2.679262, 5, 7846.791252, 0.000000, 0, -24, 5, 245.054387, 0.290292, -0.104836, 0.448182
1019.927500, 2.672159, 5, 7846.791252, 0.000000, 0, -24, 5, 245.162114, 0.283818, -0.104816, 0.431616
1021.063500, 2.664862, 5, 7871.378220, 0.000000, 0, -23, 5, 245.376916, 0.283830, -0.102530, 0.423579
1022.200500, 2.657211, 5, 7871.378220, 0.000000, 0, -23, 5, 245.591960, 0.283830, -0.102530, 0.407214
1023.338000, 2.649285, 5, 7871.378220, 0.000000, 0, -23, 5, 245.699737, 0.283830, -0.102530, 0.390702
1024.476000, 2.641125, 5, 7871.378220, 0.000000, 0, -24, 5, 245.807276, 0.283770, -0.098186, 0.382541
1025.615000, 2.632613, 5, 7871.378220, 0.000000, 0, -24, 5, 246.058133, 0.277292, -0.098172, 0.454192
1026.755000, 2.623827, 5, 7871.378220, 0.000000, 0, -24, 5, 246.237762, 0.277364, -0.100233, 0.429537
1027.895500, 2.614728, 5, 7896.086207, 0.000000, 0, -25, 5, 246.345332, 0.277402, -0.100123, 0.421415
1029.037000, 2.605395, 5, 7896.086207, 0.000000, 0, -24, 5, 246.560192, 0.283987, -0.102094, 0.413503
1030.179000, 2.595750, 5, 7896.086207, 0.000000, 0, -24, 5, 246.703832, 0.283987, -0.102094, 0.397161
1031.322000, 2.585832, 5, 7896.086207, 0.000000, 0, -24, 5, 246.883253, 0.283954, -0.099922, 0.380911
1032.465500, 2.575681, 5, 7920.916193, 0.000000, 0, -24, 5, 246.990852, 0.283954, -0.099922, 0.372832
1033.609500, 2.565258, 5, 7920.916193, 0.000000, 0, -23, 5, 247.134542, 0.277438, -0.100022, 0.356542
1034.755000, 2.554602, 5, 7920.916193, 0.000000, 0, -23, 5, 247.421298, 0.281748, -0.097784, 0.340584
1035.901000, 2.543753, 5, 7945.869166, 0.000000, 0, -23, 5, 247.564344, 0.283854, -0.093406, 0.340895
1037.047000, 2.532633, 5, 7945.869166, 0.000000, 0, -22, 5, 247.529265, 0.270789, -0.091434, 0.324261
1038.194500, 2.521319, 5, 7945.869166, 0.000000, 0, -22, 5, 247.851821, 0.275099, -0.089196, 0.308448
1039.342500, 2.509774, 5, 7970.946126, 0.000000, 0, -21, 5, 247.994867, 0.270689, -0.084918, 0.308777
1040.491000, 2.498075, 5, 7970.946126, 0.000000, 0, -21, 5, 248.102873, 0.264173, -0.085018, 0.292506
1041.640500, 2.486145, 5, 7970.946126, 0.000000, 0, -21, 5, 248.282049, 0.274966, -0.080508, 0.284676
1042.791000, 2.473984, 5, 7970.946126, 0.000000, 0, -21, 5, 248.533130, 0.272727, -0.076197, 0.268786
1043.942000, 2.461670, 5, 7970.946126, 0.000000, 0, -21, 5, 248.604652, 0.268383, -0.076264, 0.268961
1045.093500, 2.449125, 5, 7970.946126, 0.000000, 0, -22, 5, 248.748468, 0.274866, -0.073992, 0.252838
1046.246000, 2.436388, 5, 7970.946126, 0.000000, 0, -22, 5, 248.963428, 0.272661, -0.071853, 0.245147
1047.399000, 2.423461, 5, 7970.946126, 0.000000, 0, -22, 5, 249.035349, 0.268317, -0.071920, 0.237102
1048.553000, 2.410381, 5, 7970.946126, 0.000000, 0, -22, 4, 249.286079, 0.276971, -0.069615, 0.229527
1049.708000, 2.397149, 5, 7996.148083, 0.000000, 0, -22, 5, 249.501052, 0.276938, -0.067443, 0.221873
1050.863500, 2.383766, 5, 7996.148083, 0.000000, 0, -22, 5, 249.608335, 0.274699, -0.063132, 0.222156
1052.019500, 2.370192, 5, 7996.148083, 0.000000, 0, -22, 5, 249.716447, 0.279010, -0.060894, 0.206028
1053.176500, 2.356506, 5, 7996.148083, 0.000000, 0, -22, 5, 249.931434, 0.278977, -0.058722, 0.198407
1054.334000, 2.342746, 5, 7996.148083, 0.000000, 0, -22, 6, 250.002956, 0.268032, -0.054641, 0.110711
1055.492500, 2.328836, 5, 7996.148083, 0.000000, 0, -22, 6, 250.253708, 0.276701, -0.054622, 0.103205
1056.651500, 2.314852, 5, 7996.148083, 0.000000, 0, -22, 6, 250.361422, 0.274444, -0.050411, 0.095315
1057.811500, 2.300796, 5, 8021.476059, 0.000000, 0, -22, 7, 250.575986, 0.267846, -0.046268, 0.095911
1058.972000, 2.286745, 5, 8021.476059, 0.000000, 0, -22, 7, 250.682837, 0.269946, -0.041994, 0.016491
1060.133500, 2.272581, 5, 8021.476059, 0.000000, 0, -22, 7, 250.898267, 0.267702, -0.037790, 0.000746
1061.295500, 2.258385, 5, 8021.476059, 0.000000, 0, -22, 7, 251.041310, 0.269776, -0.031347, 0.001146
1062.458500, 2.244193, 5, 8021.476059, 0.000000, 0, -22, 7, 251.219678, 0.278363, -0.024938, -0.078089
1063.622000, 2.230124, 5, 8021.476059, 0.000000, 0, -22, 7, 251.326960, 0.278281, -0.018522, -0.077793
1064.786500, 2.216059, 5, 8046.931084, 0.000000, 0, -22, 6, 251.541524, 0.278177, -0.010054, -0.165093
1065.951500, 2.202078, 5, 8046.931084, 0.000000, 0, -22, 6, 251.648806, 0.275927, -0.003764, -0.164797
1067.117000, 2.188179, 5, 8046.931084, 0.000000, 0, -22, 6, 251.755658, 0.267194, 0.000287, -0.244254
1068.283500, 2.174402, 5, 8046.931084, 0.000000, 0, -22, 6, 252.005560, 0.269294, 0.008792, -0.235445
1069.450500, 2.160746, 5, 8046.931084, 0.000000, 0, -22, 6, 252.076663, 0.260554, 0.017208, -0.315016
1070.618500, 2.147212, 5, 8072.514204, 0.000000, 0, -21, 5, 252.291228, 0.260516, 0.023524, -0.314449
1071.787000, 2.133915, 5, 8072.514204, 0.000000, 0, -21, 5, 252.433450, 0.262639, 0.034195, -0.385728
1072.956500, 2.120779, 5, 8072.514204, 0.000000, 1, -21, 5, 252.612255, 0.260485, 0.038223, -0.473159
1074.126500, 2.107879, 5, 8072.514204, 0.000000, 1, -21, 5, 252.718739, 0.262665, 0.044553, -0.456668
1075.297000, 2.095217, 5, 8072.514204, 0.000000, 1, -21, 4, 252.861004, 0.264852, 0.055118, -0.527995
1076.468500, 2.082791, 5, 8098.226473, 0.000000, 1, -20, 4, 253.039429, 0.260558, 0.061325, -0.607353
1077.640500, 2.070680, 5, 8098.226473, 0.000000, 1, -20, 4, 253.181726, 0.262764, 0.069814, -0.590824
1078.813500, 2.058843, 5, 8098.226473, 0.000000, 1, -20, 4, 253.360167, 0.262844, 0.076031, -0.670211
1079.987000, 2.047359, 5, 8098.226473, 0.000000, 1, -20, 3, 253.502146, 0.260772, 0.082244, -0.733524
1081.161000, 2.036189, 5, 8124.068958, 0.000000, 1, -20, 2, 253.573323, 0.256507, 0.090753, -0.725287
1082.335500, 2.025370, 5, 8124.068958, 0.000000, 1, -20, 1, 253.715364, 0.250120, 0.099161, -0.788640
1083.511000, 2.015058, 5, 8124.068958, 0.000000, 1, -21, 0, 253.893213, 0.248099, 0.107563, -0.851950
1084.687500, 2.005098, 5, 8124.068958, 0.000000, 1, -21, 0, 254.142933, 0.250397, 0.116038, -0.835332
1085.864500, 1.995566, 5, 8124.068958, 0.000000, 1, -21, 0, 254.249625, 0.257082, 0.122234, -0.906900
1087.042000, 1.986539, 5, 8124.068958, 0.000000, 1, -21, 0, 254.320297, 0.255118, 0.130662, -0.970489
1088.220500, 1.977902, 5, 8124.068958, 0.000000, 1, -21, -1, 254.569826, 0.257442, 0.136964, -0.945906
1089.400000, 1.969731, 5, 8124.068958, 0.000000, 1, -21, -1, 254.783640, 0.264137, 0.145385, -0.921427
1090.579500, 1.962026, 5, 8124.068958, 0.000000, 1, -21, -1, 254.783158, 0.264305, 0.151701, -0.993233
1091.760000, 1.954748, 5, 8124.068958, 0.000000, 1, -21, -1, 254.997048, 0.273072, 0.153689, -0.968808
1092.941000, 1.947936, 5, 8150.042736, 0.000000, 1, -21, -1, 255.067934, 0.264486, 0.158026, -0.944609
1094.123000, 1.941550, 5, 8150.042736, 0.000000, 1, -21, -1, 255.317679, 0.255883, 0.160177, -0.920210
1095.305500, 1.935630, 5, 8150.042736, 0.000000, 1, -21, -1, 255.424597, 0.258079, 0.162326, -0.904037
1096.489000, 1.930059, 5, 8150.042736, 0.000000, 1, -20, -1, 255.638824, 0.255907, 0.162350, -0.887764
1097.672500, 1.924952, 5, 8176.148897, 0.000000, 1, -20, -1, 255.638336, 0.251539, 0.160224, -0.863718
1098.857000, 1.920195, 5, 8176.148897, 0.000000, 1, -19, -1, 255.852471, 0.251516, 0.158052, -0.839483
1100.042500, 1.915824, 5, 8176.148897, 0.000000, 1, -19, -1, 256.066912, 0.249297, 0.153731, -0.831293
1101.228000, 1.911802, 5, 8202.388545, 0.000000, 1, -19, 0, 256.066530, 0.244930, 0.151606, -0.807287
1102.414500, 1.908090, 5, 8202.388545, 0.000000, 1, -19, 0, 256.280879, 0.251399, 0.147192, -0.791135
1103.601500, 1.904803, 5, 8202.388545, 0.000000, 1, -20, 0, 256.387958, 0.244813, 0.140745, -0.775077
1104.789500, 1.901826, 5, 8202.388545, 0.000000, 1, -20, 0, 256.602348, 0.238273, 0.138643, -0.758973
1105.978000, 1.899274, 5, 8202.388545, 0.000000, 1, -21, 0, 256.709468, 0.242571, 0.134252, -0.742948
1107.167000, 1.897032, 5, 8202.388545, 0.000000, 1, -21, 0, 256.852304, 0.244720, 0.132057, -0.718944
1108.357000, 1.895099, 5, 8202.388545, 0.000000, 1, -21, 0, 257.031058, 0.244647, 0.129975, -0.623009
1109.548000, 1.893476, 5, 8202.388545, 0.000000, 1, -21, 0, 257.245528, 0.257588, 0.125602, -0.606999
1110.739000, 1.892123, 5, 8202.388545, 0.000000, 0, -21, 0, 257.245438, 0.251002, 0.123590, -0.591068
1111.931000, 1.891002, 5, 8202.388545, 0.000000, 0, -21, 0, 257.459981, 0.255257, 0.119300, -0.583056
1113.124000, 1.890113, 5, 8202.388545, 0.000000, 0, -20, 0, 257.710264, 0.263864, 0.114979, -0.479209
1114.317000, 1.889417, 5, 8228.762792, 0.000000, 0, -19, 0, 257.674478, 0.250752, 0.110845, -0.471262
1115.511000, 1.888915, 5, 8228.762792, 0.000000, 0, -19, 0, 257.889041, 0.254983, 0.102213, -0.463290
1116.705500, 1.888567, 5, 8255.272766, 0.000000, 0, -19, 1, 258.032081, 0.250514, 0.095924, -0.367445
1117.900500, 1.888335, 5, 8255.272766, 0.000000, 0, -19, 1, 258.103608, 0.235200, 0.085260, -0.367441
1119.096500, 1.888257, 5, 8255.272766, 0.000000, 0, -19, 1, 258.353941, 0.243796, 0.076608, -0.351563
1120.293000, 1.888257, 5, 8255.272766, 0.000000, 0, -19, 1, 258.425468, 0.239356, 0.070306, -0.263672
1121.490000, 1.888412, 5, 8255.272766, 0.000000, 0, -19, 1, 258.532760, 0.228422, 0.061760, -0.255746
1122.687500, 1.888605, 5, 8255.272766, 0.000000, 0, -19, 2, 258.675813, 0.237054, 0.055284, -0.255750
1123.886000, 1.888876, 5, 8255.272766, 0.000000, 0, -19, 2, 258.854637, 0.228310, 0.048911, -0.247840
1125.085000, 1.889185, 5, 8255.272766, 0.000000, 0, -20, 2, 258.997683, 0.228260, 0.040312, -0.167870
1126.285000, 1.889572, 5, 8255.272766, 0.000000, 0, -21, 2, 259.212282, 0.245611, 0.038163, -0.152066
1127.485500, 1.890035, 5, 8255.272766, 0.000000, 0, -21, 2, 259.283809, 0.241237, 0.033925, -0.152073
1128.686500, 1.890461, 5, 8255.272766, 0.000000, 0, -21, 2, 259.426849, 0.243367, 0.027586, -0.072094
1129.888500, 1.890924, 5, 8255.272766, 0.000000, 0, -21, 3, 259.641441, 0.252042, 0.025490, -0.064215
1131.091000, 1.891350, 5, 8281.919605, 0.000000, 0, -21, 3, 259.712968, 0.247672, 0.019083, -0.064221
1132.294000, 1.891620, 5, 8281.919605, 0.000000, 0, -20, 3, 259.856001, 0.251996, 0.010568, 0.007885
1133.497500, 1.891929, 5, 8281.919605, 0.000000, 0, -20, 3, 259.963299, 0.249817, 0.008489, 0.015764
1134.702000, 1.892200, 5, 8281.919605, 0.000000, 0, -20, 3, 260.142115, 0.238950, 0.002076, 0.015754
1135.907000, 1.892355, 5, 8308.704462, 0.000000, 0, -20, 3, 260.285161, 0.236771, -0.006517, 0.007872
1137.113000, 1.892509, 5, 8308.704462, 0.000000, 0, -19, 3, 260.499740, 0.241119, -0.006417, 0.095757
1138.319000, 1.892509, 5, 8308.704462, 0.000000, 0, -19, 3, 260.499738, 0.234612, -0.015026, 0.087891
1139.526000, 1.892471, 5, 8335.628500, 0.000000, 0, -18, 4, 260.714320, 0.238970, -0.021449, 0.080031
1140.733500, 1.892316, 5, 8335.628500, 0.000000, 0, -18, 4, 260.821610, 0.236804, -0.021359, 0.080034
1141.941500, 1.892045, 5, 8335.628500, 0.000000, 0, -17, 4, 260.893136, 0.228132, -0.025630, 0.167927
1143.150000, 1.891736, 5, 8362.692899, 0.000000, 0, -17, 4, 261.036197, 0.230320, -0.027716, 0.160082
1144.359000, 1.891272, 5, 8362.692899, 0.000000, 0, -17, 4, 261.143499, 0.221645, -0.027649, 0.152241
1145.569000, 1.890693, 5, 8362.692899, 0.000000, 0, -17, 4, 261.358079, 0.215148, -0.031923, 0.152261
1146.779500, 1.889958, 5, 8362.692899, 0.000000, 0, -17, 4, 261.465408, 0.217333, -0.036261, 0.136597
1147.990500, 1.889108, 5, 8362.692899, 0.000000, 0, -17, 4, 261.572697, 0.215161, -0.036268, 0.136613
1149.202500, 1.888180, 5, 8362.692899, 0.000000, 0, -18, 4, 261.787304, 0.221684, -0.038420, 0.128818
1150.415000, 1.887059, 5, 8362.692899, 0.000000, 0, -18, 4, 261.894594, 0.230380, -0.040565, 0.128837
1151.628000, 1.885822, 5, 8362.692899, 0.000000, 0, -18, 4, 262.037715, 0.232578, -0.042638, 0.201113
1152.842000, 1.884392, 5, 8362.692899, 0.000000, 0, -19, 4, 262.216531, 0.245635, -0.044670, 0.201156
1154.056500, 1.882847, 5, 8362.692899, 0.000000, 0, -19, 4, 262.323909, 0.245671, -0.048924, 0.185559
1155.271500, 1.881108, 5, 8362.692899, 0.000000, 0, -20, 4, 262.431199, 0.243515, -0.048841, 0.185591
1156.487000, 1.879253, 5, 8362.692899, 0.000000, 0, -20, 4, 262.538596, 0.241353, -0.051023, 0.170013
1157.703500, 1.877243, 5, 8362.692899, 0.000000, 0, -20, 4, 262.753175, 0.234846, -0.053225, 0.170090
1158.920500, 1.875118, 5, 8362.692899, 0.000000, 0, -20, 4, 262.896228, 0.237008, -0.051043, 0.170141
1160.138000, 1.872800, 5, 8362.692899, 0.000000, 0, -19, 4, 262.967951, 0.234856, -0.055397, 0.146790
1161.356000, 1.870365, 5, 8362.692899, 0.000000, 0, -19, 4, 263.075171, 0.228330, -0.053255, 0.154626
1162.575000, 1.867854, 5, 8389.898849, 0.000000, 0, -18, 4, 263.325584, 0.230492, -0.051073, 0.146948
1163.794500, 1.865188, 5, 8389.898849, 0.000000, 0, -18, 4, 263.397185, 0.228320, -0.051083, 0.139201
1165.014500, 1.862407, 5, 8417.247554, 0.000000, 0, -17, 4, 263.504555, 0.230472, -0.046729, 0.131475
1166.235000, 1.859549, 5, 8417.247554, 0.000000, 0, -16, 4, 263.647693, 0.232644, -0.046719, 0.123775
1167.456000, 1.856536, 5, 8444.740232, 0.000000, 0, -16, 4, 263.719219, 0.221793, -0.048941, 0.123813
1168.677500, 1.853446, 5, 8444.740232, 0.000000, 0, -16, 4, 263.862272, 0.217419, -0.042444, 0.123888
1169.900000, 1.850240, 5, 8444.740232, 0.000000, 0, -17, 4, 264.041272, 0.217429, -0.044616, 0.108462
1171.122500, 1.846919, 5, 8417.247554, 0.000000, 0, -17, 4, 264.077035, 0.208730, -0.042484, 0.108483
1172.346000, 1.843482, 5, 8417.247554, 0.000000, 0, -18, 4, 264.255950, 0.210892, -0.040302, 0.100834
1173.570500, 1.839930, 5, 8417.247554, 0.000000, 0, -18, 4, 264.506292, 0.217419, -0.042444, 0.100988
1174.795000, 1.836262, 5, 8417.247554, 0.000000, 0, -18, 4, 264.470632, 0.208710, -0.038140, 0.093218
1176.020500, 1.832479, 5, 8417.247554, 0.000000, 0, -19, 4, 264.721083, 0.223915, -0.038070, 0.085639
1177.246500, 1.828580, 5, 8417.247554, 0.000000, 0, -20, 4, 264.792723, 0.228270, -0.040222, 0.077949
1178.473000, 1.824565, 5, 8417.247554, 0.000000, 0, -20, 4, 264.935775, 0.221753, -0.040252, 0.078049
1179.700500, 1.820436, 5, 8417.247554, 0.000000, 0, -20, 4, 265.150472, 0.236968, -0.042354, 0.070471
1180.928500, 1.816229, 5, 8417.247554, 0.000000, 0, -20, 4, 265.221998, 0.234786, -0.040192, 0.070523
1182.157000, 1.811907, 5, 8444.740232, 0.000000, 0, -19, 4, 265.365173, 0.230432, -0.038040, 0.062906
1183.386000, 1.807508, 5, 8444.740232, 0.000000, 0, -19, 4, 265.472590, 0.236958, -0.040182, 0.055268
1184.615500, 1.803033, 5, 8444.740232, 0.000000, 0, -18, 4, 265.579879, 0.223915, -0.038070, 0.055353
1185.846000, 1.798442, 5, 8472.378116, 0.000000, 0, -18, 4, 265.758827, 0.223915, -0.038070, 0.047782
1187.076500, 1.793813, 5, 8472.378116, 0.000000, 0, -17, 4, 265.794590, 0.223905, -0.035898, 0.047812
1188.308000, 1.789068, 5, 8472.378116, 0.000000, 0, -17, 4, 266.009168, 0.215197, -0.031593, 0.047986
1189.540000, 1.784286, 5, 8472.378116, 0.000000, 0, -17, 4, 266.116594, 0.217369, -0.031583, 0.040373
1190.772000, 1.779350, 5, 8472.378116, 0.000000, 0, -18, 4, 266.116736, 0.204336, -0.031643, 0.032673
1192.005500, 1.774376, 5, 8472.378116, 0.000000, 0, -18, 4, 266.438603, 0.210842, -0.029441, 0.032952
1193.239000, 1.769325, 5, 8472.378116, 0.000000, 0, -17, 3, 266.438603, 0.210842, -0.029441, 0.032952
1194.473500, 1.764159, 5, 8472.378116, 0.000000, 0, -17, 4, 266.653478, 0.210842, -0.029441, 0.017769
1195.708500, 1.758955, 5, 8500.162451, 0.000000, 0, -16, 4, 266.760616, 0.223865, -0.027209, 0.025549
1196.944000, 1.753636, 5, 8500.162451, 0.000000, 0, -16, 3, 266.868056, 0.217359, -0.029411, 0.017966
1198.180000, 1.748240, 5, 8500.162451, 0.000000, 0, -16, 4, 266.975500, 0.217369, -0.031583, 0.010390
1199.416500, 1.742768, 5, 8500.162451, 0.000000, 0, -16, 4, 267.082789, 0.221703, -0.029391, 0.010492
1200.653500, 1.737220, 5, 8500.162451, 0.000000, 0, -16, 4, 267.190078, 0.208670, -0.029451, 0.010594
1201.891000, 1.731634, 5, 8500.162451, 0.000000, 0, -17, 4, 267.297527, 0.208670, -0.029451, 0.003029
1203.129500, 1.725971, 5, 8500.162451, 0.000000, 0, -17, 4, 267.512104, 0.208650, -0.025107, 0.003238
1204.368500, 1.720270, 5, 8500.162451, 0.000000, 0, -17, 4, 267.619558, 0.202143, -0.027309, -0.004314
1205.608000, 1.714455, 5, 8528.094498, 0.000000, 0, -17, 4, 267.726847, 0.208660, -0.027279, -0.004207
1206.848000, 1.708640, 5, 8528.094498, 0.000000, 0, -17, 4, 267.834135, 0.208640, -0.022934, -0.004099
1208.088500, 1.702749, 5, 8528.094498, 0.000000, 0, -17, 4, 267.941594, 0.208650, -0.025107, -0.011639
1209.329500, 1.696781, 5, 8528.094498, 0.000000, 0, -17, 4, 268.084645, 0.210812, -0.022924, -0.011493
1210.571500, 1.690815, 5, 8528.094498, 0.000000, 0, -17, 4, 268.263459, 0.217319, -0.020722, -0.011309
1211.814000, 1.684849, 5, 8528.094498, 0.000000, 0, -17, 4, 268.370748, 0.217319, -0.020722, -0.011199
1213.057000, 1.678845, 5, 8528.094498, 0.000000, 0, -17, 4, 268.478037, 0.217299, -0.016378, -0.011089
1214.300500, 1.672726, 5, 8528.094498, 0.000000, 0, -16, 4, 268.621262, 0.217289, -0.014206, -0.018571
1215.544500, 1.666608, 5, 8556.175530, 0.000000, 0, -16, 4, 268.692788, 0.210772, -0.014236, -0.018496
1216.789000, 1.660453, 5, 8556.175530, 0.000000, 0, -16, 4, 268.800076, 0.210759, -0.012143, -0.106274
1218.034000, 1.654336, 5, 8556.175530, 0.000000, 0, -16, 3, 268.943127, 0.210756, -0.012223, -0.106124
1219.280000, 1.648221, 5, 8556.175530, 0.000000, 0, -16, 3, 269.121942, 0.208571, -0.010141, -0.105937
1220.526000, 1.642067, 5, 8556.175530, 0.000000, 0, -16, 3, 269.157705, 0.204214, -0.008062, -0.105899
1221.773000, 1.635953, 5, 8556.175530, 0.000000, 0, -16, 3, 269.336519, 0.204214, -0.008062, -0.105712
1223.020500, 1.629839, 5, 8556.175530, 0.000000, 0, -16, 3, 269.479570, 0.204207, -0.005890, -0.105563
1224.268500, 1.623688, 5, 8556.175530, 0.000000, 0, -15, 3, 269.551096, 0.204200, -0.003718, -0.105488
1225.517000, 1.617576, 5, 8584.406838, 0.000000, 0, -15, 3, 269.694147, 0.210710, -0.001526, -0.105339
1226.765500, 1.611426, 5, 8584.406838, 0.000000, 0, -14, 3, 269.658384, 0.202015, 0.000620, -0.105376
1228.015000, 1.605392, 5, 8584.406838, 0.000000, 0, -14, 3, 269.908724, 0.197670, 0.000606, -0.105115
1229.265000, 1.599436, 5, 8584.406838, 0.000000, 0, -14, 3, 269.980077, 0.195495, 0.002695, -0.185342
1230.516000, 1.593442, 5, 8584.406838, 0.000000, 0, -14, 3, 270.230417, 0.195492, 0.004784, -0.185089
1231.767000, 1.587449, 5, 8584.406838, 0.000000, 0, -14, 3, 270.194654, 0.195489, 0.006890, -0.185125
1233.019000, 1.581533, 5, 8612.789725, 0.000000, 0, -13, 3, 270.444995, 0.202002, 0.008999, -0.184872
1234.271000, 1.575733, 5, 8612.789725, 0.000000, 0, -13, 3, 270.444827, 0.197654, 0.011164, -0.177296
1235.523500, 1.569895, 5, 8612.789725, 0.000000, 0, -14, 3, 270.516352, 0.195479, 0.013333, -0.177225
1236.777000, 1.564173, 5, 8612.789725, 0.000000, 0, -14, 3, 270.766693, 0.204164, 0.015519, -0.176980
1238.031000, 1.558490, 5, 8612.789725, 0.000000, 0, -15, 3, 270.873819, 0.204168, 0.017608, -0.257201
1239.285500, 1.552923, 5, 8612.789725, 0.000000, 0, -16, 3, 270.980949, 0.204174, 0.019710, -0.249538
1240.540500, 1.547394, 5, 8612.789725, 0.000000, 0, -16, 3, 271.052633, 0.204181, 0.019630, -0.257032
1241.796000, 1.542020, 5, 8612.789725, 0.000000, 0, -16, 3, 271.195374, 0.197671, 0.023894, -0.241785
1243.052000, 1.536723, 5, 8612.789725, 0.000000, 0, -16, 3, 271.302662, 0.195499, 0.026067, -0.241689
1244.309000, 1.531465, 5, 8612.789725, 0.000000, 0, -16, 4, 271.517240, 0.210704, 0.026067, -0.241498
1245.566000, 1.526361, 5, 8612.789725, 0.000000, 0, -15, 4, 271.517092, 0.204188, 0.030411, -0.233951
1246.824000, 1.521334, 5, 8612.789725, 0.000000, 0, -15, 4, 271.695763, 0.208532, 0.030411, -0.226256
1248.082000, 1.516423, 5, 8641.325510, 0.000000, 0, -14, 4, 271.731526, 0.202016, 0.030411, -0.226226
1249.341000, 1.511627, 5, 8641.325510, 0.000000, 0, -14, 4, 271.945965, 0.195499, 0.034755, -0.218513
1250.600500, 1.506947, 5, 8641.325510, 0.000000, 0, -14, 5, 272.053121, 0.202029, 0.034675, -0.298785
1251.860000, 1.502344, 5, 8641.325510, 0.000000, 0, -13, 5, 272.053121, 0.197698, 0.034605, -0.298785
1253.120500, 1.497895, 5, 8641.325510, 0.000000, 0, -13, 5, 272.267570, 0.197714, 0.038880, -0.291093
1254.381000, 1.493599, 5, 8670.015527, 0.000000, 0, -13, 5, 272.267445, 0.189042, 0.038810, -0.283567
1255.642500, 1.489457, 5, 8670.015527, 0.000000, 0, -12, 5, 272.481904, 0.184718, 0.040915, -0.363784
1256.904500, 1.485469, 5, 8670.015527, 0.000000, 0, -13, 5, 272.589078, 0.191261, 0.045170, -0.356192
1258.166500, 1.481673, 5, 8670.015527, 0.000000, 0, -13, 4, 272.588968, 0.184767, 0.047292, -0.348675
1259.429500, 1.478068, 5, 8670.015527, 0.000000, 1, -13, 4, 272.803441, 0.184810, 0.049324, -0.428919
1260.693000, 1.474656, 5, 8670.015527, 0.000000, 1, -13, 4, 272.910534, 0.189201, 0.055747, -0.413837
1261.957000, 1.471436, 5, 8670.015527, 0.000000, 1, -13, 4, 273.053586, 0.184909, 0.057786, -0.501649
1263.222000, 1.468445, 5, 8670.015527, 0.000000, 1, -12, 4, 273.232224, 0.204525, 0.061890, -0.486552
1264.486500, 1.465724, 5, 8670.015527, 0.000000, 1, -12, 4, 273.124775, 0.198068, 0.068377, -0.471601
1265.752000, 1.463232, 5, 8698.861128, 0.000000, 1, -12, 4, 273.339282, 0.191620, 0.070439, -0.551901
1267.018000, 1.461009, 5, 8698.861128, 0.000000, 1, -12, 4, 273.446504, 0.196021, 0.074676, -0.544363
1268.284500, 1.459092, 5, 8698.861128, 0.000000, 1, -12, 3, 273.553618, 0.183100, 0.081132, -0.609741
1269.551500, 1.457521, 5, 8670.015527, 0.000000, 1, -12, 3, 273.696622, 0.191900, 0.083030, -0.690101
1270.819000, 1.456218, 5, 8670.015527, 0.000000, 1, -12, 3, 273.768065, 0.189857, 0.089429, -0.675112
1272.087500, 1.455298, 5, 8698.861128, 0.000000, 1, -12, 3, 273.982553, 0.183535, 0.097957, -0.740519
1273.355500, 1.454723, 5, 8698.861128, 0.000000, 1, -12, 3, 273.911006, 0.185805, 0.099961, -0.733048
1274.625000, 1.454569, 5, 8698.861128, 0.000000, 1, -12, 3, 274.197074, 0.190364, 0.110614, -0.791016
1275.894500, 1.454876, 5, 8698.861128, 0.000000, 1, -13, 2, 274.197077, 0.192704, 0.116966, -0.783543
1277.164500, 1.455566, 5, 8698.861128, 0.000000, 1, -13, 2, 274.340186, 0.195061, 0.123307, -0.841561
1278.435000, 1.456716, 5, 8698.861128, 0.000000, 1, -13, 1, 274.411738, 0.190928, 0.131914, -0.834103
1279.706500, 1.458249, 5, 8698.861128, 0.000000, 1, -13, 0, 274.626467, 0.191136, 0.138268, -0.892183
1280.978000, 1.460204, 5, 8698.861128, 0.000000, 1, -12, 0, 274.662332, 0.186963, 0.142544, -0.877272
1282.250000, 1.462619, 5, 8698.861128, 0.000000, 1, -12, 0, 274.733980, 0.189260, 0.146777, -0.862379
1283.522500, 1.465455, 5, 8698.861128, 0.000000, 1, -13, 0, 274.877249, 0.187233, 0.148853, -0.927960
1284.795500, 1.468714, 5, 8698.861128, 0.000000, 1, -13, 0, 274.949034, 0.180816, 0.151064, -0.905635
1286.069000, 1.472509, 5, 8698.861128, 0.000000, 1, -13, 0, 275.092386, 0.185255, 0.153092, -0.883367
1287.343000, 1.476726, 5, 8698.861128, 0.000000, 1, -13, 0, 275.164136, 0.181010, 0.155266, -0.868518
1288.617500, 1.481327, 5, 8727.863676, 0.000000, 1, -13, 0, 275.307557, 0.181050, 0.157438, -0.846286
1289.893000, 1.486351, 5, 8727.863676, 0.000000, 1, -12, 0, 275.486642, 0.185354, 0.155186, -0.831545
1291.168500, 1.491758, 5, 8727.863676, 0.000000, 1, -12, 0, 275.522844, 0.187565, 0.157318, -0.809263
1292.444500, 1.497588, 5, 8727.863676, 0.000000, 1, -12, 0, 275.630448, 0.187525, 0.155146, -0.794490
1293.721000, 1.503802, 5, 8727.863676, 0.000000, 1, -12, 0, 275.702482, 0.191869, 0.155066, -0.772262
1294.997500, 1.510323, 5, 8757.024553, 0.000000, 1, -11, 0, 275.738423, 0.180930, 0.150922, -0.764867
1296.275000, 1.517229, 5, 8757.024553, 0.000000, 1, -11, 0, 275.917800, 0.178678, 0.146619, -0.742776
1297.553000, 1.524519, 5, 8757.024553, 0.000000, 1, -11, 0, 276.061250, 0.178598, 0.142275, -0.728092
1298.831500, 1.532118, 5, 8757.024553, 0.000000, 1, -11, 0, 276.168955, 0.174175, 0.138011, -0.713380
1300.110000, 1.539986, 5, 8757.024553, 0.000000, 1, -11, 0, 276.133408, 0.171923, 0.133707, -0.705916
1301.389500, 1.548201, 5, 8757.024553, 0.000000, 1, -11, 0, 276.384419, 0.171843, 0.129364, -0.683990
1302.669000, 1.556724, 5, 8698.861128, 0.000000, 1, -11, 1, 276.384891, 0.167419, 0.125100, -0.669163
1303.949500, 1.565594, 5, 8584.406838, 0.000000, 1, -10, 2, 276.599709, 0.178198, 0.120556, -0.662054
1305.229500, 1.574734, 5, 8444.740232, 0.000000, 1, -10, 3, 276.457159, 0.173815, 0.118465, -0.647027
1306.510000, 1.584222, 5, 8281.919605, 0.000000, 2, -9, 3, 276.600992, 0.160698, 0.116583, -0.537124
1307.789500, 1.594057, 5, 8176.148897, 0.000000, 2, -8, 3, 276.386689, 0.132381, 0.114952, -0.529376
1309.068500, 1.604240, 5, 8072.514204, 0.000000, 2, -7, 4, 276.279958, 0.088898, 0.115766, -0.514374
1310.346500, 1.614732, 5, 7996.148083, 0.000000, 1, -6, 4, 276.030492, 0.034594, 0.118905, -0.491694
1311.623500, 1.625495, 5, 7945.869166, 0.000000, 1, -5, 4, 275.851980, -0.030643, 0.117783, -0.396067
1312.898500, 1.636568, 5, 7920.916193, 0.000000, 1, -5, 4, 275.423449, -0.115359, 0.121275, -0.380436
1314.172500, 1.647836, 5, 7896.086207, 0.000000, 0, -4, 4, 275.173430, -0.202317, 0.120450, -0.372536
1315.445000, 1.659337, 5, 7896.086207, 0.000000, 0, -4, 4, 274.887653, -0.284999, 0.115168, -0.364555
1316.715500, 1.671033, 5, 7871.378220, 0.000000, 0, -3, 4, 274.423402, -0.371910, 0.114329, -0.348751
1317.985500, 1.682847, 5, 7846.791252, 0.000000, 1, -2, 4, 274.316117, -0.419827, 0.106374, -0.348543
1319.253500, 1.694857, 5, 7822.324336, 0.000000, 1, -1, 4, 273.923410, -0.469915, 0.098453, -0.332821
1320.520000, 1.706946, 5, 7797.976515, 0.000000, 1, -1, 4, 273.565793, -0.504766, 0.092470, -0.332107
1321.785500, 1.719192, 5, 7773.746840, 0.000000, 0, 0, 4, 273.351567, -0.511475, 0.081517, -0.236292
1323.049000, 1.731595, 5, 7773.746840, 0.000000, 0, 0, 4, 272.922777, -0.528977, 0.075058, -0.227912
1324.311000, 1.744040, 5, 7773.746840, 0.000000, 0, 0, 4, 272.600923, -0.539960, 0.068496, -0.227247
1325.572000, 1.756604, 5, 7749.634374, 0.000000, 0, 0, 4, 272.386708, -0.524875, 0.061557, -0.219281
1326.831000, 1.769325, 5, 7725.638189, 0.000000, 0, 0, 4, 271.957930, -0.542281, 0.059625, -0.210844
1328.089000, 1.782088, 5, 7725.638189, 0.000000, 0, 0, 4, 271.743361, -0.538027, 0.053049, -0.210386
1329.345000, 1.794931, 5, 7725.638189, 0.000000, 0, 0, 4, 271.314224, -0.535899, 0.048885, -0.297358
1330.600000, 1.807894, 5, 7725.638189, 0.000000, 0, 0, 4, 271.100021, -0.548944, 0.047103, -0.289340
1331.853000, 1.820937, 5, 7725.638189, 0.000000, 0, 0, 4, 270.635494, -0.544644, 0.042912, -0.280756
1333.104500, 1.834100, 5, 7701.757367, 0.000000, 0, 0, 4, 270.349780, -0.548938, 0.045353, -0.272544
1334.355000, 1.847383, 5, 7701.757367, 0.000000, 0, 1, 4, 270.099451, -0.551110, 0.045387, -0.271982
1335.603500, 1.860707, 5, 7677.990998, 0.000000, 0, 1, 4, 269.706077, -0.551144, 0.043215, -0.271097
1336.851000, 1.874152, 5, 7677.990998, 0.000000, 0, 1, 4, 269.456517, -0.551110, 0.045387, -0.255324
1338.096500, 1.887716, 5, 7654.338184, 0.000000, 0, 2, 4, 269.063144, -0.551110, 0.045387, -0.254412
1339.341000, 1.901401, 5, 7654.338184, 0.000000, 0, 2, 4, 268.812816, -0.551110, 0.045387, -0.253831
1340.584000, 1.915167, 5, 7654.338184, 0.000000, 0, 1, 4, 268.491359, -0.544561, 0.047459, -0.245450
1341.825000, 1.929053, 5, 7654.338184, 0.000000, 0, 1, 4, 268.098385, -0.542406, 0.045463, -0.324769
1343.064500, 1.943098, 5, 7677.990998, 0.000000, 0, 0, 4, 267.741178, -0.548901, 0.045783, -0.316258
1344.302500, 1.957303, 5, 7677.990998, 0.000000, 0, 0, 4, 267.419738, -0.548811, 0.050339, -0.307813
1345.539500, 1.971589, 5, 7654.338184, 0.000000, 0, 0, 4, 267.205173, -0.555310, 0.050649, -0.307284
1346.774500, 1.986074, 5, 7630.798036, 0.000000, 1, 0, 4, 266.776876, -0.557409, 0.055029, -0.290862
1348.008000, 2.000680, 5, 7630.798036, 0.000000, 1, 0, 4, 266.455029, -0.557372, 0.057201, -0.290046
1349.240000, 2.015446, 5, 7630.798036, 0.000000, 1, 0, 4, 266.133607, -0.561692, 0.057494, -0.369419
1350.470500, 2.030411, 5, 7630.798036, 0.000000, 1, 0, 4, 265.776431, -0.565939, 0.062127, -0.360788
1351.699500, 2.045536, 5, 7654.338184, 0.000000, 0, -1, 4, 265.491223, -0.563703, 0.064472, -0.344605
1352.927000, 2.060822, 5, 7630.798036, 0.000000, 0, -1, 4, 265.169378, -0.557164, 0.064572, -0.343743
1354.153000, 2.076269, 5, 7630.798036, 0.000000, 0, -1, 4, 264.812219, -0.559296, 0.066784, -0.335046
1355.378000, 2.091877, 5, 7607.369671, 0.000000, 1, 0, 4, 264.634326, -0.548397, 0.068756, -0.319075
1356.601000, 2.107607, 5, 7560.844818, 0.000000, 1, 0, 3, 264.205202, -0.548397, 0.068756, -0.317880
1357.823000, 2.123499, 5, 7537.746613, 0.000000, 1, 1, 3, 263.955342, -0.544013, 0.070847, -0.309419
1359.044000, 2.139475, 5, 7514.756758, 0.000000, 1, 1, 3, 263.740781, -0.522335, 0.068276, -0.308812
1360.263500, 2.155612, 5, 7491.874419, 0.000000, 0, 2, 3, 263.455641, -0.515859, 0.065984, -0.292448
1361.482000, 2.171795, 5, 7469.098767, 0.000000, 0, 2, 3, 263.204846, -0.498564, 0.061320, -0.299508
1362.698500, 2.188101, 5, 7469.098767, 0.000000, 0, 1, 3, 262.776678, -0.489917, 0.058989, -0.282680
1363.914000, 2.204531, 5, 7469.098767, 0.000000, 0, 1, 3, 262.597878, -0.489997, 0.054645, -0.282154
1365.127500, 2.221045, 5, 7469.098767, 0.000000, 0, 2, 3, 262.133483, -0.492209, 0.052513, -0.272968
1366.340000, 2.237645, 5, 7469.098767, 0.000000, 0, 2, 3, 261.918923, -0.496592, 0.050421, -0.272328
1367.551000, 2.254290, 5, 7469.098767, 0.000000, 0, 2, 3, 261.597575, -0.503148, 0.048369, -0.263533
1368.760500, 2.271060, 5, 7446.428982, 0.000000, 0, 3, 3, 261.275736, -0.511875, 0.046357, -0.262558
1369.968500, 2.287954, 5, 7446.428982, 0.000000, 0, 2, 3, 260.954395, -0.522734, 0.046557, -0.253730
1371.175000, 2.304856, 5, 7446.428982, 0.000000, 0, 2, 3, 260.596797, -0.531462, 0.044545, -0.252630
1372.380000, 2.321882, 5, 7469.098767, 0.000000, 0, 1, 3, 260.311223, -0.540189, 0.042533, -0.243878
1373.583500, 2.338955, 5, 7469.098767, 0.000000, 0, 1, 3, 259.989385, -0.538017, 0.042494, -0.242874
1374.785500, 2.356154, 5, 7469.098767, 0.000000, 0, 1, 3, 259.668058, -0.538057, 0.040322, -0.233978
1375.986500, 2.373360, 5, 7446.428982, 0.000000, 0, 1, 3, 259.417741, -0.538057, 0.040322, -0.233186
1377.185500, 2.390731, 5, 7446.428982, 0.000000, 0, 0, 3, 259.024901, -0.535885, 0.040282, -0.224028
1378.383500, 2.408071, 5, 7446.428982, 0.000000, 0, 0, 3, 258.774068, -0.538097, 0.038150, -0.231142
1379.579500, 2.425497, 5, 7423.864253, 0.000000, 0, 0, 3, 258.381752, -0.535925, 0.038110, -0.214029
1380.774500, 2.442972, 5, 7401.403777, 0.000000, 0, 0, 3, 258.130913, -0.535965, 0.035938, -0.221151
1381.968000, 2.460454, 5, 7356.792415, 0.000000, 0, 1, 3, 257.809601, -0.531662, 0.033686, -0.212163
1383.159500, 2.477946, 5, 7312.588630, 0.000000, 0, 2, 3, 257.415724, -0.536045, 0.031594, -0.218835
1384.349500, 2.495446, 5, 7268.786282, 0.000000, 0, 2, 3, 257.058654, -0.544813, 0.027411, -0.209702
1385.537500, 2.512915, 5, 7247.033763, 0.000000, 0, 3, 3, 256.629541, -0.557891, 0.025255, -0.120398
1386.723500, 2.530393, 5, 7225.379356, 0.000000, 0, 4, 3, 256.199902, -0.581869, 0.021112, -0.126978
1387.907500, 2.547880, 5, 7182.361951, 0.000000, 0, 5, 3, 255.771317, -0.603632, 0.019097, -0.117558
1389.090000, 2.565376, 5, 7139.728284, 0.000000, 0, 5, 3, 255.448954, -0.623262, 0.014863, -0.124509
1390.270000, 2.582881, 5, 7139.728284, 0.000000, 0, 5, 3, 254.913092, -0.653706, 0.013204, -0.114699
1391.447500, 2.600356, 5, 7118.553576, 0.000000, 0, 5, 3, 254.340943, -0.684112, 0.013717, -0.112782
1392.623500, 2.617839, 5, 7118.553576, 0.000000, 0, 5, 3, 254.054338, -0.708040, 0.011948, -0.119884
1393.797000, 2.635174, 5, 7118.553576, 0.000000, 0, 5, 3, 253.517947, -0.734139, 0.010216, -0.118092
1394.968500, 2.652479, 5, 7118.553576, 0.000000, 0, 5, 3, 253.052548, -0.749379, 0.008301, -0.124630
1396.137500, 2.669832, 5, 7097.472684, 0.000000, 0, 6, 3, 252.516686, -0.760312, 0.004140, -0.114727
1397.305000, 2.687076, 5, 7076.484917, 0.000000, 0, 6, 3, 252.230081, -0.773344, 0.004360, -0.121883
1398.470000, 2.704289, 5, 7055.589591, 0.000000, 0, 7, 3, 251.657931, -0.782068, 0.002335, -0.119962
1399.633000, 2.721472, 5, 7034.786026, 0.000000, 0, 7, 3, 251.228819, -0.779933, 0.000127, -0.118516
1400.794000, 2.738625, 5, 7014.073551, 0.000000, 0, 7, 3, 250.799706, -0.779933, 0.000127, -0.117064
1401.953000, 2.755668, 5, 7014.073551, 0.000000, 0, 7, 3, 250.370066, -0.775625, -0.002119, -0.123791
1403.109500, 2.772680, 5, 6993.451501, 0.000000, 0, 7, 3, 249.833150, -0.773454, -0.002155, -0.130182
1404.264000, 2.789662, 5, 6972.919217, 0.000000, 0, 7, 3, 249.404562, -0.773454, -0.002155, -0.120528
1405.416000, 2.806574, 5, 6952.476046, 0.000000, 0, 7, 3, 248.831885, -0.782178, -0.004181, -0.126815
1406.565500, 2.823455, 5, 6911.854465, 0.000000, 0, 7, 3, 248.331253, -0.793037, -0.003997, -0.125122
1407.712500, 2.840266, 5, 6891.674781, 0.000000, 0, 8, 3, 247.759102, -0.808241, -0.003741, -0.123178
1408.856500, 2.857007, 5, 6851.574483, 0.000000, 0, 8, 3, 247.150668, -0.840856, -0.005363, -0.129393
1409.998500, 2.873717, 5, 6831.652632, 0.000000, 0, 8, 3, 246.685795, -0.858230, -0.005413, -0.039924
1411.138000, 2.890317, 5, 6792.062473, 0.000000, 0, 9, 3, 246.148881, -0.879948, -0.005390, -0.046419
1412.274500, 2.906887, 5, 6733.302107, 0.000000, 0, 10, 3, 245.505210, -0.906043, -0.007485, -0.044237
1413.408500, 2.923385, 5, 6694.538253, 0.000000, 0, 11, 3, 244.968818, -0.919037, -0.005453, -0.042409
1414.540500, 2.939853, 5, 6617.973250, 0.000000, 0, 12, 3, 244.539184, -0.925586, -0.007525, -0.049319
1415.669000, 2.956290, 5, 6561.374312, 0.000000, 0, 13, 3, 243.788234, -0.942995, -0.009431, -0.046764
1416.795500, 2.972577, 5, 6524.026305, 0.000000, 0, 13, 3, 243.359120, -0.936446, -0.007359, -0.045296
1417.918500, 2.988873, 5, 6486.981048, 0.000000, 0, 14, 3, 242.571892, -0.951683, -0.009297, -0.051039
1419.038500, 3.005018, 5, 6450.234388, 0.000000, 0, 13, 3, 241.928220, -0.977713, -0.006726, -0.048836
1420.155500, 3.021172, 5, 6450.234388, 0.000000, 0, 13, 3, 241.319792, -0.990745, -0.006526, -0.055235
1421.269500, 3.037175, 5, 6450.234388, 0.000000, 0, 13, 3, 240.640360, -1.023357, -0.008198, -0.052910
1422.379500, 3.053147, 5, 6431.971755, 0.000000, 0, 13, 3, 239.781616, -1.062453, -0.007598, -0.058498
1423.486500, 3.068967, 5, 6395.665368, 0.000000, 0, 13, 3, 239.137943, -1.088549, -0.009370, -0.056289
1424.590000, 3.084757, 5, 6359.647520, 0.000000, 0, 14, 3, 238.386479, -1.136366, -0.010809, -0.062293
1425.690000, 3.100475, 5, 6306.153249, 0.000000, 0, 15, 3, 237.599767, -1.175461, -0.010209, -0.059588
1426.787000, 3.116041, 5, 6253.286565, 0.000000, 0, 16, 3, 236.991344, -1.186354, -0.012215, -0.066132
1427.880000, 3.131576, 5, 6218.384565, 0.000000, 0, 16, 3, 236.097352, -1.221102, -0.012168, 0.024836
1428.970000, 3.146959, 5, 6166.536171, 0.000000, 0, 17, 3, 235.453170, -1.234128, -0.012452, 0.018365
1430.056500, 3.162270, 5, 6149.386154, 0.000000, 0, 17, 3, 234.701713, -1.240671, -0.014997, 0.012225
1431.139000, 3.177510, 5, 6132.301796, 0.000000, 0, 17, 3, 233.843479, -1.262384, -0.015157, 0.015173
1432.218500, 3.192637, 5, 6115.282665, 0.000000, 0, 17, 3, 233.199803, -1.260212, -0.015187, 0.017399
1433.294500, 3.207651, 5, 6081.438372, 0.000000, 0, 17, 3, 232.448346, -1.258040, -0.015217, 0.011196
1434.367000, 3.222594, 5, 6047.849885, 0.000000, 0, 18, 3, 231.661132, -1.273244, -0.015007, 0.005076
1435.436500, 3.237383, 5, 5997.939522, 0.000000, 0, 19, 2, 231.052719, -1.258070, -0.017389, -0.001696
1436.502000, 3.252101, 5, 5948.586242, 0.000000, 0, 20, 2, 230.158722, -1.264609, -0.019964, 0.089260
1437.564500, 3.266745, 5, 5899.779318, 0.000000, 0, 20, 2, 229.514552, -1.266774, -0.020418, 0.082556
1438.624000, 3.281236, 5, 5867.539726, 0.000000, 0, 20, 2, 228.870873, -1.245047, -0.021181, 0.084765
1439.679500, 3.295574, 5, 5867.539726, 0.000000, 0, 19, 2, 228.012145, -1.253724, -0.021544, 0.078745
1440.731500, 3.309758, 5, 5867.539726, 0.000000, 0, 19, 1, 227.260219, -1.247262, -0.025968, 0.063298
1441.779500, 3.323869, 5, 5867.539726, 0.000000, 0, 19, 1, 226.366217, -1.253793, -0.028554, 0.154216
1442.824500, 3.337745, 5, 5867.539726, 0.000000, 0, 18, 1, 225.757817, -1.273358, -0.030979, 0.147212
1443.865500, 3.351507, 5, 5851.508294, 0.000000, 0, 18, 1, 224.863340, -1.279886, -0.033564, 0.141132
1444.903000, 3.365075, 5, 5835.535272, 0.000000, 0, 18, 1, 224.111906, -1.292904, -0.033908, 0.134524
1445.937000, 3.378487, 5, 5835.535272, 0.000000, 0, 18, 1, 223.360475, -1.305965, -0.038625, 0.215762
1446.967500, 3.391664, 5, 5819.620288, 0.000000, 0, 18, 1, 222.609047, -1.312510, -0.043403, 0.209065
1447.994500, 3.404726, 5, 5819.620288, 0.000000, 0, 18, 1, 221.857622, -1.319011, -0.043836, 0.202323
1449.017500, 3.417551, 5, 5803.762973, 0.000000, 0, 18, 1, 220.962710, -1.319014, -0.049187, 0.274620
1450.037500, 3.430180, 5, 5787.962963, 0.000000, 0, 19, 1, 220.354781, -1.312478, -0.049751, 0.276591
1451.054500, 3.442654, 5, 5740.903151, 0.000000, 0, 19, 0, 219.674447, -1.299443, -0.052526, 0.260151
1452.068000, 3.454890, 5, 5694.346214, 0.000000, 0, 20, 0, 218.923039, -1.286404, -0.057957, 0.341083
1453.078000, 3.466969, 5, 5648.282767, 0.000000, 0, 20, 0, 218.171634, -1.273348, -0.058540, 0.334076
1454.084500, 3.478770, 5, 5633.036360, 0.000000, 0, 20, 0, 217.419812, -1.260322, -0.063468, 0.317596
1455.087500, 3.490333, 5, 5633.036360, 0.000000, 0, 20, 0, 216.668419, -1.260284, -0.066607, 0.398350
1456.087500, 3.501658, 5, 5633.036360, 0.000000, 0, 19, 0, 216.023906, -1.245065, -0.069332, 0.381353
1457.083500, 3.512703, 5, 5617.843431, 0.000000, 0, 19, 0, 215.129479, -1.247202, -0.074636, 0.462400
1458.076500, 3.523550, 5, 5602.703649, 0.000000, 0, 20, 0, 214.484993, -1.247153, -0.077775, 0.445209
1459.066000, 3.534076, 5, 5587.616688, 0.000000, 0, 20, 0, 213.769384, -1.244927, -0.080917, 0.525593
1460.052000, 3.544282, 5, 5587.616688, 0.000000, 0, 20, 0, 212.981880, -1.260082, -0.086158, 0.508618
1461.034500, 3.554206, 5, 5602.703649, 0.000000, 0, 19, 0, 212.230157, -1.257845, -0.089303, 0.579311
1462.014000, 3.563727, 5, 5617.843431, 0.000000, 0, 19, 0, 211.585390, -1.251263, -0.096786, 0.552021
1462.990000, 3.572967, 5, 5633.036360, 0.000000, 0, 18, 0, 210.798291, -1.255534, -0.102097, 0.632252
1463.963500, 3.581803, 5, 5648.282767, 0.000000, 0, 18, 0, 210.296634, -1.233681, -0.109997, 0.692209
1464.934500, 3.590317, 5, 5648.282767, 0.000000, 0, 18, 0, 209.724124, -1.207526, -0.115227, 0.683848
1465.902500, 3.598384, 5, 5633.036360, 0.000000, 0, 18, 0, 209.114949, -1.181297, -0.123043, 0.734022
1466.867500, 3.606006, 5, 5633.036360, 0.000000, 0, 18, 0, 208.434893, -1.139902, -0.132515, 0.715894
1467.829500, 3.613182, 5, 5617.843431, 0.000000, 0, 17, 0, 207.790620, -1.115884, -0.137611, 0.785464
1468.788500, 3.619870, 5, 5633.036360, 0.000000, 0, 17, 0, 207.145862, -1.096131, -0.147479, 0.835136
1469.745000, 3.625989, 5, 5663.582988, 0.000000, 0, 16, 0, 206.608711, -1.067665, -0.155034, 0.894301
1470.699000, 3.631579, 5, 5678.937357, 0.000000, -1, 15, 0, 206.071612, -1.047887, -0.162639, 0.865427
1471.650000, 3.636640, 5, 5663.582988, 0.000000, -1, 15, 0, 205.427087, -1.038888, -0.176816, 0.914478
1472.598500, 3.641130, 5, 5648.282767, 0.000000, -1, 15, 0, 204.854520, -1.027837, -0.184041, 0.895309
1473.544500, 3.645049, 5, 5633.036360, 0.000000, 0, 15, 0, 204.353042, -1.021079, -0.193427, 0.933751
1474.488000, 3.648397, 5, 5633.036360, 0.000000, 0, 14, 0, 203.780430, -1.007694, -0.205285, 0.992123
1475.429000, 3.651092, 5, 5633.036360, 0.000000, 0, 14, 0, 203.279398, -0.981443, -0.207895, 0.962378
1476.367500, 3.653134, 5, 5633.036360, 0.000000, -1, 13, 0, 202.706730, -0.959342, -0.219608, 1.000210
1477.303000, 3.654523, 5, 5617.843431, 0.000000, -1, 13, 0, 202.062740, -0.954642, -0.227187, 1.047924
1478.237000, 3.655299, 5, 5602.703649, 0.000000, -1, 13, 1, 201.740747, -0.934886, -0.229773, 1.017582
1479.168000, 3.655462, 5, 5602.703649, 0.000000, -1, 13, 1, 201.096932, -0.927964, -0.239416, 1.064877
1480.097000, 3.655013, 5, 5602.703649, 0.000000, 0, 13, 2, 200.667798, -0.914621, -0.242413, 1.111944
1481.024000, 3.653910, 5, 5587.616688, 0.000000, 0, 13, 2, 200.202961, -0.888372, -0.242636, 1.081168
1481.948500, 3.652195, 5, 5557.599921, 0.000000, 0, 13, 2, 199.702548, -0.881448, -0.250036, 1.117601
1482.871000, 3.649826, 5, 5542.669473, 0.000000, 0, 14, 2, 199.273630, -0.861755, -0.248140, 1.086510
1483.791000, 3.646845, 5, 5542.669473, 0.000000, -1, 14, 2, 198.701831, -0.842022, -0.248373, 1.132737
1484.709500, 3.643252, 5, 5542.669473, 0.000000, -1, 13, 2, 198.416242, -0.826583, -0.250858, 1.091160
1485.625500, 3.638925, 5, 5557.599921, 0.000000, -1, 12, 2, 197.844655, -0.806891, -0.248868, 1.136966
1486.540000, 3.633824, 5, 5572.582219, 0.000000, -1, 11, 2, 197.523712, -0.789224, -0.253420, 1.084658
1487.452500, 3.627988, 5, 5587.616688, 0.000000, -1, 10, 2, 197.095416, -0.773665, -0.260160, 1.130264
1488.363500, 3.621420, 5, 5587.616688, 0.000000, -1, 10, 2, 196.774515, -0.749527, -0.262324, 1.088016
1489.273000, 3.614079, 5, 5587.616688, 0.000000, -1, 9, 2, 196.490056, -0.720974, -0.270574, 1.024856
1490.180500, 3.606129, 5, 5587.616688, 0.000000, -1, 9, 2, 196.026059, -0.692424, -0.274719, 1.080275
1491.086500, 3.597447, 5, 5572.582219, 0.000000, -1, 9, 2, 195.669747, -0.670546, -0.276578, 1.037471
1491.991000, 3.588035, 5, 5572.582219, 0.000000, -1, 9, 3, 195.385438, -0.642037, -0.282583, 0.984239
1492.894000, 3.577853, 5, 5572.582219, 0.000000, -1, 8, 3, 195.065537, -0.622385, -0.282300, 0.930732
1493.795500, 3.566943, 5, 5572.582219, 0.000000, -1, 8, 3, 194.744939, -0.602736, -0.281977, 0.985983
1494.695500, 3.555427, 5, 5557.599921, 0.000000, 0, 8, 4, 194.425313, -0.578681, -0.283706, 0.932158
1495.594000, 3.543224, 5, 5542.669473, 0.000000, 0, 8, 4, 194.069608, -0.576527, -0.279527, 0.888568
1496.491000, 3.530418, 5, 5527.790557, 0.000000, 0, 8, 5, 193.785023, -0.563516, -0.275032, 0.855696
1497.386500, 3.517090, 5, 5498.186061, 0.000000, 0, 8, 5, 193.429516, -0.557065, -0.272670, 0.811821
1498.280000, 3.503241, 5, 5483.459858, 0.000000, 0, 8, 5, 193.037251, -0.557382, -0.261814, 0.788844
1499.172000, 3.488913, 5, 5454.158000, 0.000000, 0, 9, 5, 192.681917, -0.555464, -0.253066, 0.744676
1500.062500, 3.474147, 5, 5425.054848, 0.000000, 0, 9, 5, 192.361260, -0.564465, -0.242462, 0.721826
1500.950500, 3.459024, 5, 5396.148006, 0.000000, 0, 9, 5, 191.861843, -0.584590, -0.225424, 0.610104
1501.836500, 3.443504, 5, 5367.435115, 0.000000, 0, 9, 5, 191.398841, -0.604585, -0.212718, 0.575631
1502.720500, 3.427670, 5, 5338.913850, 0.000000, 0, 10, 5, 190.971021, -0.631091, -0.200188, 0.551913
1503.602000, 3.411603, 5, 5296.486260, 0.000000, 0, 11, 5, 190.435307, -0.668571, -0.183616, 0.538253
1504.481000, 3.395222, 5, 5254.477123, 0.000000, 0, 12, 5, 189.900267, -0.703674, -0.173427, 0.425837
1505.357500, 3.378689, 5, 5185.371775, 0.000000, 0, 13, 5, 189.328154, -0.745459, -0.156883, 0.422608
1506.231500, 3.362005, 5, 5144.442803, 0.000000, 0, 14, 5, 188.828911, -0.789355, -0.142554, 0.398068
1507.102500, 3.345130, 5, 5090.479654, 0.000000, 0, 14, 5, 188.185980, -0.830957, -0.132495, 0.383432
1507.970500, 3.328184, 5, 5023.981664, 0.000000, 0, 15, 5, 187.506605, -0.877011, -0.116312, 0.379407
1508.835500, 3.311129, 5, 4945.546226, 0.000000, 0, 16, 5, 186.863690, -0.922928, -0.106262, 0.276713
1509.697000, 3.294043, 5, 4843.194972, 0.000000, 0, 17, 5, 186.113519, -0.971017, -0.096248, 0.261148
1510.555000, 3.276848, 5, 4755.646398, 0.000000, 0, 18, 5, 185.362641, -1.023500, -0.084156, 0.256508
1511.409000, 3.259663, 5, 4694.217400, 0.000000, 0, 19, 5, 184.503778, -1.080209, -0.076494, 0.262264
1512.259000, 3.242489, 5, 4657.790139, 0.000000, 0, 19, 5, 183.646352, -1.145569, -0.069407, 0.245762
1513.104500, 3.225286, 5, 4609.711332, 0.000000, 0, 20, 5, 182.663066, -1.217497, -0.060308, 0.239628
1513.945500, 3.208093, 5, 4562.182362, 0.000000, 0, 20, 5, 181.679779, -1.295833, -0.055712, 0.233199
1514.782500, 3.190911, 5, 4515.191369, 0.000000, 0, 20, 5, 180.821641, -1.369843, -0.050447, 0.139740
1515.615500, 3.173739, 5, 4480.294220, 0.000000, 0, 20, 5, 179.962770, -1.428698, -0.042627, 0.145503
1516.444000, 3.156538, 5, 4445.688435, 0.000000, 0, 21, 5, 178.998104, -1.480936, -0.038971, 0.127731
1517.268500, 3.139427, 5, 4388.647003, 0.000000, 0, 21, 5, 178.067718, -1.513580, -0.037006, 0.121995
1518.088500, 3.122406, 5, 4343.573184, 0.000000, 1, 21, 5, 177.137332, -1.541961, -0.031141, 0.138363
1518.904500, 3.105356, 5, 4298.985236, 0.000000, 1, 21, 5, 176.225937, -1.554991, -0.031441, 0.121239
1519.716000, 3.088316, 5, 4265.857017, 0.000000, 0, 20, 5, 175.314543, -1.555041, -0.029269, 0.114402
1520.523500, 3.071365, 5, 4243.918130, 0.000000, 0, 20, 5, 174.456415, -1.555141, -0.024926, 0.108479
1521.327000, 3.054465, 5, 4200.386706, 0.000000, 0, 20, 5, 173.597533, -1.546405, -0.026897, 0.114298
1522.126500, 3.037574, 5, 4157.309140, 0.000000, 0, 21, 5, 172.703649, -1.542111, -0.024626, 0.108065
1522.922000, 3.020773, 5, 4114.676117, 0.000000, 1, 21, 5, 171.880523, -1.535699, -0.019549, 0.026302
1523.714000, 3.004061, 5, 4061.996173, 0.000000, 1, 22, 5, 171.093905, -1.516164, -0.018537, 0.020765
1524.502500, 2.987319, 5, 3979.080780, 0.000000, 1, 24, 5, 170.378800, -1.490160, -0.015212, 0.015687
1525.287500, 2.970665, 5, 3877.721527, 0.000000, 1, 26, 5, 169.592185, -1.455419, -0.013879, 0.010051
1526.070000, 2.954061, 5, 3739.861926, 0.000000, 1, 28, 5, 169.055098, -1.403298, -0.012760, 0.018297
1526.849500, 2.937466, 5, 3597.063969, 0.000000, 1, 30, 5, 168.411503, -1.351223, -0.009469, 0.013664
1527.626500, 2.920960, 5, 3449.948309, 0.000000, 1, 32, 5, 167.839420, -1.286072, -0.008069, 0.009516
1528.401000, 2.904502, 5, 3316.557722, 0.000000, 2, 34, 5, 167.338088, -1.214406, -0.006530, 0.018105
1529.172500, 2.888053, 5, 3161.845485, 0.000000, 2, 35, 5, 166.695257, -1.153505, -0.009567, 0.001134
1529.942500, 2.871613, 5, 2996.254526, 0.000000, 2, 37, 5, 166.336942, -1.084010, -0.008074, 0.010807
1530.709000, 2.855301, 5, 2836.741155, 0.000000, 2, 38, 5, 165.621839, -1.029716, -0.007278, 0.093431
1531.473500, 2.838997, 5, 2682.776051, 0.000000, 2, 39, 5, 165.156260, -0.990623, -0.006802, 0.102387
1532.236000, 2.822702, 5, 2548.554512, 0.000000, 2, 40, 5, 164.727197, -0.947235, -0.004041, 0.099220
1532.995500, 2.806455, 5, 2446.793725, 0.000000, 2, 40, 5, 164.084372, -0.929805, -0.006539, 0.169842
1533.752500, 2.790296, 5, 2347.184584, 0.000000, 3, 41, 5, 163.546516, -0.918945, -0.006642, 0.190839
1534.506500, 2.774184, 5, 2249.596723, 0.000000, 3, 41, 5, 162.902922, -0.912483, -0.005027, 0.273928
1535.258000, 2.758041, 5, 2160.682062, 0.000000, 3, 41, 4, 162.367363, -0.929794, -0.008338, 0.257279
1536.007000, 2.741985, 5, 2073.311921, 0.000000, 3, 41, 4, 161.830269, -0.932014, -0.006927, 0.353729
1536.753000, 2.725977, 5, 1993.957525, 0.000000, 3, 42, 4, 161.150923, -0.944977, -0.010164, 0.348550
1537.495500, 2.709976, 5, 1948.214495, 0.000000, 4, 42, 4, 160.435055, -0.975313, -0.013929, 0.443711
1538.235500, 2.693984, 5, 1896.410510, 0.000000, 4, 42, 3, 159.863746, -0.990556, -0.013333, 0.514398
1538.972500, 2.678117, 5, 1851.482910, 0.000000, 4, 42, 3, 159.219384, -1.023050, -0.017210, 0.522238
1539.706000, 2.662258, 5, 1806.917074, 0.000000, 4, 42, 3, 158.467759, -1.049150, -0.016998, 0.617201
1540.436500, 2.646447, 5, 1762.701484, 0.000000, 5, 43, 3, 157.824943, -1.064329, -0.018711, 0.687101
1541.164000, 2.630603, 5, 1725.072659, 0.000000, 5, 43, 3, 157.181357, -1.090295, -0.022548, 0.681996
1541.889000, 2.614846, 5, 1687.686006, 0.000000, 5, 44, 3, 156.644256, -1.101196, -0.021969, 0.778679
1542.610000, 2.599135, 5, 1650.534766, 0.000000, 5, 45, 3, 155.786140, -1.114118, -0.025859, 0.859723
1543.328000, 2.583432, 5, 1613.612324, 0.000000, 6, 45, 3, 155.106800, -1.127126, -0.027185, 0.854249
1544.043500, 2.567736, 5, 1583.013720, 0.000000, 6, 46, 3, 154.569698, -1.127172, -0.026314, 0.951037
1544.755500, 2.552047, 5, 1546.494004, 0.000000, 6, 47, 3, 153.855388, -1.133483, -0.032174, 1.019819
1545.465000, 2.536405, 5, 1516.222176, 0.000000, 7, 48, 3, 153.283316, -1.126931, -0.033203, 1.102987
1546.171000, 2.520848, 5, 1486.093167, 0.000000, 7, 49, 3, 152.531680, -1.120376, -0.034696, 1.198055
1546.874000, 2.505298, 5, 1462.090441, 0.000000, 7, 50, 3, 151.887311, -1.126854, -0.036275, 1.206191
1547.574000, 2.489755, 5, 1432.209743, 0.000000, 8, 51, 3, 151.208763, -1.124726, -0.035296, 1.274895
1548.271000, 2.474219, 5, 1408.401236, 0.000000, 8, 52, 3, 150.600938, -1.122511, -0.036465, 1.357643
1548.965500, 2.458651, 5, 1384.676249, 0.000000, 8, 52, 3, 150.064623, -1.113587, -0.041691, 1.440962
1549.656500, 2.443128, 5, 1366.936300, 0.000000, 9, 53, 3, 149.278029, -1.102577, -0.045100, 1.522087
1550.345000, 2.427573, 5, 1343.353414, 0.000000, 9, 53, 3, 148.741717, -1.100340, -0.046694, 1.605324
1551.030000, 2.412104, 5, 1325.718127, 0.000000, 9, 54, 3, 147.990072, -1.102440, -0.048486, 1.700486
1551.711500, 2.396680, 5, 1302.272265, 0.000000, 9, 54, 3, 147.239234, -1.111031, -0.050629, 1.781808
1552.390000, 2.381301, 5, 1284.737872, 0.000000, 10, 54, 3, 146.595660, -1.113125, -0.052453, 1.864015
1553.065500, 2.365890, 5, 1273.071710, 0.000000, 10, 54, 3, 145.952088, -1.119553, -0.054514, 1.946173
1553.737500, 2.350524, 5, 1255.607119, 0.000000, 10, 54, 3, 145.201255, -1.138990, -0.057344, 2.027310
1554.406500, 2.335126, 5, 1243.986870, 0.000000, 11, 55, 3, 144.521931, -1.145526, -0.057295, 2.109030
1555.072000, 2.319734, 5, 1226.590224, 0.000000, 11, 55, 3, 143.806856, -1.164953, -0.060211, 2.190362
1555.734500, 2.304309, 5, 1215.014660, 0.000000, 11, 56, 3, 143.127536, -1.177733, -0.064929, 2.271961
1556.393500, 2.288930, 5, 1203.456629, 0.000000, 11, 56, 3, 142.376711, -1.177524, -0.068454, 2.264938
1557.049500, 2.273518, 5, 1191.915937, 0.000000, 12, 57, 3, 141.733149, -1.183815, -0.072369, 2.346750
1557.702000, 2.258151, 5, 1180.392395, 0.000000, 12, 57, 3, 140.982328, -1.185762, -0.076057, 2.427478
1558.351500, 2.242751, 5, 1174.636994, 0.000000, 12, 58, 3, 140.338769, -1.185673, -0.077414, 2.509168
1558.997500, 2.227357, 5, 1163.138816, 0.000000, 13, 59, 3, 139.552199, -1.192055, -0.079672, 2.589403
1559.641000, 2.211969, 5, 1157.395991, 0.000000, 13, 60, 3, 139.051656, -1.185432, -0.081021, 2.672377
1560.281500, 2.196549, 5, 1145.922751, 0.000000, 13, 61, 3, 138.372349, -1.172305, -0.081930, 2.753537
1560.918500, 2.181173, 5, 1140.192290, 0.000000, 14, 62, 3, 137.657291, -1.163512, -0.083099, 2.834272
1561.553000, 2.165765, 5, 1134.465902, 0.000000, 14, 63, 3, 137.085246, -1.143884, -0.083479, 2.916384
1562.184500, 2.150362, 5, 1128.743566, 0.000000, 14, 63, 3, 136.441697, -1.130758, -0.084248, 2.997716
1562.813500, 2.134965, 5, 1123.025257, 0.000000, 14, 64, 3, 135.905408, -1.111135, -0.084488, 3.080094
1563.439500, 2.119574, 5, 1117.310952, 0.000000, 14, 64, 3, 135.261863, -1.085017, -0.084165, 3.161311
1564.062500, 2.104072, 5, 1111.600629, 0.000000, 15, 65, 3, 134.583456, -1.073916, -0.086761, 3.138977
1564.682500, 2.088537, 5, 1111.600629, 0.000000, 15, 66, 3, 133.975670, -1.064980, -0.089486, 3.220373
1565.299500, 2.072970, 5, 1123.025257, 0.000000, 15, 66, 3, 133.296383, -1.060371, -0.092527, 3.300935
1565.914000, 2.057408, 5, 1209.233465, 0.000000, 15, 65, 3, 132.795857, -1.060089, -0.095887, 3.383378
1566.525000, 2.041696, 5, 1343.353414, 0.000000, 16, 65, 3, 132.009319, -1.057812, -0.096948, 3.374733
1567.133500, 2.025952, 5, 1510.185062, 0.000000, 16, 65, 3, 131.474892, -1.059491, -0.102687, 3.425509
1567.738000, 2.010058, 5, 1681.477965, 0.000000, 16, 65, 3, 130.616868, -1.076357, -0.109316, 3.415677
1568.339500, 1.994016, 5, 1838.713409, 0.000000, 16, 65, 3, 129.973353, -1.095611, -0.113556, 3.408218
1568.938000, 1.977785, 5, 1993.957525, 0.000000, 16, 65, 3, 129.331758, -1.107999, -0.121578, 3.369009
1569.532500, 1.961290, 5, 2167.465668, 0.000000, 16, 64, 3, 128.439978, -1.133410, -0.130307, 3.326305
1570.123500, 1.944414, 5, 2340.148485, 0.000000, 16, 64, 3, 127.727014, -1.158449, -0.143365, 3.285298
1570.711500, 1.926925, 5, 2533.880355, 0.000000, 16, 63, 2, 127.051979, -1.178227, -0.166870, 3.212061
1571.296000, 1.908670, 5, 2728.412412, 0.000000, 16, 62, 2, 126.305661, -1.208826, -0.191308, 3.137032
1571.877000, 1.889610, 5, 2923.754320, 0.000000, 16, 62, 1, 125.560728, -1.219285, -0.221027, 3.132690
1572.455500, 1.869515, 5, 3094.843599, 0.000000, 15, 62, 1, 125.031811, -1.209501, -0.257713, 3.026360
1573.031500, 1.848271, 5, 3299.086591, 0.000000, 15, 62, 0, 124.505958, -1.199182, -0.299159, 2.974123
1573.605500, 1.825723, 5, 3378.281658, 0.000000, 16, 62, 0, 124.086654, -1.147003, -0.343864, 2.939157
1574.177500, 1.801798, 5, 3422.930006, 0.000000, 16, 63, 0, 123.633678, -1.085856, -0.389819, 2.886114
1574.748000, 1.776381, 5, 3449.948309, 0.000000, 16, 63, 0, 123.363269, -1.007157, -0.434476, 2.802511
1575.316500, 1.749474, 5, 3458.993175, 0.000000, 16, 64, 0, 122.911966, -0.917710, -0.473913, 2.835380
1575.884000, 1.721079, 5, 3458.993175, 0.000000, 16, 64, 0, 122.750750, -0.821655, -0.512351, 2.752591
1576.450500, 1.691200, 5, 3468.057577, 0.000000, 17, 64, 0, 122.515422, -0.724156, -0.541655, 2.700982
1577.015500, 1.659799, 5, 3477.141610, 0.000000, 17, 65, 0, 122.249069, -0.635829, -0.563048, 2.702333
1577.580000, 1.626917, 5, 3477.141610, 0.000000, 17, 64, 0, 122.124572, -0.548061, -0.579512, 2.635719
1578.143500, 1.592558, 5, 3495.368944, 0.000000, 17, 64, 0, 121.963092, -0.478414, -0.586748, 2.672426
1578.706000, 1.556685, 5, 3504.512435, 0.000000, 17, 64, 0, 121.735487, -0.424320, -0.591047, 2.585152
1579.268000, 1.519224, 5, 3513.675935, 0.000000, 17, 63, 0, 121.649377, -0.363956, -0.592150, 2.606423
1579.829500, 1.480216, 5, 3513.675935, 0.000000, 17, 63, 0, 121.566630, -0.317009, -0.590157, 2.522769
1580.390500, 1.439624, 5, 3513.675935, 0.000000, 18, 63, 0, 121.518061, -0.276533, -0.590696, 2.456923
1580.951000, 1.397490, 5, 3513.675935, 0.000000, 18, 62, 0, 121.399040, -0.229839, -0.588240, 2.388430
1581.511000, 1.353855, 5, 3513.675935, 0.000000, 18, 62, 0, 121.319360, -0.202791, -0.587744, 2.304103
1582.070500, 1.308720, 5, 3513.675935, 0.000000, 18, 63, 0, 121.235017, -0.175747, -0.587180, 2.253243
1582.629500, 1.262089, 5, 3513.675935, 0.000000, 19, 63, 0, 121.157318, -0.151117, -0.584613, 2.168482
1583.188000, 1.213924, 5, 3513.675935, 0.000000, 19, 63, -1, 121.113273, -0.132713, -0.584910, 2.101815
1583.746000, 1.164380, 5, 3513.675935, 0.000000, 19, 63, -1, 120.995700, -0.119415, -0.579237, 2.048904
1584.303500, 1.113420, 5, 3513.675935, 0.000000, 19, 63, -1, 120.917726, -0.112594, -0.574334, 1.980384
1584.860500, 1.061047, 5, 3513.675935, 0.000000, 19, 62, -1, 120.837305, -0.112527, -0.568040, 1.928545
1585.417500, 1.007375, 5, 3513.675935, 0.000000, 19, 62, -1, 120.864398, -0.108928, -0.556833, 1.793510
1585.973500, 0.952405, 5, 3513.675935, 0.000000, 20, 63, -1, 120.678622, -0.109114, -0.550499, 1.736422
1586.529000, 0.896138, 5, 3504.512435, 0.000000, 20, 63, -1, 120.600364, -0.107720, -0.539585, 1.684031
1587.084500, 0.838650, 5, 3504.512435, 0.000000, 20, 63, -1, 120.625862, -0.104679, -0.526183, 1.565727
1587.639000, 0.779979, 5, 3495.368944, 0.000000, 20, 64, -1, 120.442245, -0.111664, -0.518528, 1.507734
1588.193500, 0.720125, 5, 3495.368944, 0.000000, 20, 64, -1, 120.465054, -0.106606, -0.502720, 1.494135
1588.747500, 0.659124, 5, 3495.368944, 0.000000, 20, 64, -1, 120.389408, -0.101191, -0.491177, 1.353283
1589.301000, 0.597052, 5, 3495.368944, 0.000000, 21, 63, 0, 120.306497, -0.106378, -0.481113, 1.333995
1589.854000, 0.533908, 5, 3504.512435, 0.000000, 21, 63, 0, 120.224007, -0.101408, -0.465296, 1.314559
1590.406500, 0.469728, 5, 3504.512435, 0.000000, 21, 63, 2, 120.146065, -0.102354, -0.454645, 1.278036
1590.958500, 0.404624, 5, 3504.512435, 0.000000, 21, 63, 3, 120.060295, -0.110352, -0.440587, 1.187357
1591.510000, 0.338593, 5, 3504.512435, 0.000000, 21, 62, 5, 119.979076, -0.105634, -0.424722, 1.079592
1592.061500, 0.271670, 5, 3495.368944, 0.000000, 21, 63, 5, 119.964971, -0.109258, -0.412192, 1.080654
1592.612500, 0.203929, 5, 3495.368944, 0.000000, 22, 62, 6, 119.915646, -0.111510, -0.395020, 0.991721
1593.163000, 0.135404, 5, 3495.368944, 0.000000, 22, 62, 6, 119.831121, -0.107011, -0.379104, 0.900603
1593.713000, 0.066205, 5, 3495.368944, 0.000000, 22, 62, 6, 119.742429, -0.108973, -0.364085, 0.826335
1594.262500, -0.003672, 5, 3495.368944, 0.000000, 22, 62, 6, 119.653938, -0.109542, -0.344423, 0.751956
1594.812000, -0.074192, 5, 3495.368944, 0.000000, 22, 61, 6, 119.636594, -0.107355, -0.328761, 0.681833
1595.361500, -0.143922, 5, 3495.368944, 0.000000, 23, 61, 6, 119.543901, -0.105773, -0.308797, 0.624281
1595.911500, -0.211577, 5, 3486.245367, 0.000000, 23, 62, 6, 119.526883, -0.103992, -0.290945, 0.466184
1596.462000, -0.277123, 5, 3477.141610, 0.000000, 24, 62, 5, 119.500711, -0.100050, -0.272792, 0.429957
1597.013000, -0.340600, 5, 3468.057577, 0.000000, 24, 63, 3, 119.483965, -0.096103, -0.254645, 0.359710
1597.564000, -0.401858, 5, 3468.057577, 0.000000, 24, 63, 0, 119.382315, -0.092146, -0.236497, 0.335929
1598.115000, -0.460935, 5, 3458.993175, 0.000000, 24, 64, 0, 119.254718, -0.090310, -0.218650, 0.187882
1598.666500, -0.517833, 5, 3458.993175, 0.000000, 25, 65, -1, 119.269019, -0.087873, -0.205109, 0.136797
1599.218500, -0.572474, 5, 3458.993175, 0.000000, 25, 65, -2, 119.238367, -0.085727, -0.189422, 0.117469
1599.770500, -0.624898, 5, 3449.948309, 0.000000, 25, 66, -2, 119.177102, -0.085427, -0.176182, 0.078782
1600.322500, -0.675026, 0, 3458.993175, 0.000000, 26, 67, -3, 119.045025, -0.088998, -0.165760, 0.123284
1600.875000, -0.722972, 0, 3653.596481, 0.000000, 26, 68, -3, 119.095038, -0.090420, -0.155036, 0.074475
1601.428000, -0.768659, 0, 3857.744249, 0.000000, 26, 68, -3, 119.099919, -0.089101, -0.148310, 0.057431
1601.981000, -0.812084, 0, 4072.478561, 0.000000, 27, 69, -3, 119.008356, -0.082834, -0.145317, 0.087094
1602.534500, -0.853285, 0, 4287.912972, 0.000000, 27, 69, -4, 119.048705, -0.068623, -0.136790, 0.072415
1603.088000, -0.892297, 0, 4503.526321, 0.000000, 27, 69, -5, 118.957296, -0.062060, -0.135946, 0.101998
1603.642000, -0.929042, 0, 4730.966069, 0.000000, 28, 70, -5, 119.002665, -0.055500, -0.135081, 0.070285
1604.196500, -0.963670, 0, 4958.517569, 0.000000, 28, 70, -6, 119.053083, -0.040033, -0.135115, 0.109446
1604.750500, -0.996180, 0, 5185.371775, 0.000000, 29, 70, -8, 118.850702, -0.041418, -0.139787, 0.148684
1605.305500, -1.026646, 0, 5425.054848, 0.000000, 29, 70, -10, 119.047974, -0.027414, -0.144419, 0.180560
1605.860000, -1.055103, 0, 5663.582988, 0.000000, 30, 71, -12, 118.850896, -0.026247, -0.150929, 0.202554
1606.415000, -1.081626, 0, 5899.779318, 0.000000, 30, 71, -14, 118.942247, -0.033014, -0.162954, 0.227180
1606.970000, -1.106290, 0, 6098.328332, 0.000000, 30, 71, -15, 118.862044, -0.023753, -0.179249, 0.222313
1607.525500, -1.129170, 0, 5932.257083, 0.000000, 31, 71, -17, 118.953753, -0.023270, -0.194629, 0.334956
1608.081000, -1.150263, 0, 5787.962963, 0.000000, 32, 72, -18, 118.914759, -0.021654, -0.216508, 0.403405
1608.636000, -1.169798, 0, 5633.036360, 0.000000, 33, 72, -19, 118.764730, -0.019842, -0.238362, 0.481038
1609.191500, -1.187773, 0, 5498.186061, 0.000000, 33, 72, -19, 118.832573, -0.026413, -0.261619, 0.557134
1609.747000, -1.204264, 0, 5353.150673, 0.000000, 34, 72, -19, 118.805813, -0.025362, -0.290213, 0.591293
1610.303000, -1.219308, 0, 5212.879042, 0.000000, 34, 72, -20, 118.909849, -0.017937, -0.315634, 0.758149
1610.858500, -1.233056, 0, 5063.754474, 0.000000, 34, 72, -20, 118.778384, -0.016769, -0.342113, 0.784127
1611.414000, -1.245470, 0, 4906.871017, 0.000000, 34, 72, -20, 118.747848, -0.014900, -0.370849, 0.923058
1611.969500, -1.256663, 0, 4768.041534, 0.000000, 35, 72, -20, 118.729574, -0.021963, -0.396724, 1.027872
1612.525500, -1.266674, 4, 4574.013712, 0.000000, 36, 72, -20, 118.812057, -0.015625, -0.422327, 1.158263
1613.082000, -1.275578, 4, 4276.870284, 0.000000, 36, 72, -20, 118.936462, -0.002504, -0.446716, 1.274760
1613.638500, -1.283528, 4, 4093.523464, 0.000000, 37, 72, -20, 118.897764, 0.017268, -0.469908, 1.342853
1614.195000, -1.290484, 4, 4030.707627, 0.000000, 37, 72, -20, 118.883138, 0.028750, -0.494719, 1.447781
1614.751500, -1.296524, 4, 3999.654202, 0.000000, 37, 72, -20, 118.910973, 0.035721, -0.517979, 1.538773
1615.308000, -1.301724, 4, 3979.080780, 0.000000, 37, 72, -20, 118.869539, 0.038660, -0.542050, 1.623616
1615.864000, -1.306120, 0, 4125.293197, 0.000000, 37, 72, -20, 118.765543, 0.037127, -0.564926, 1.685032
1616.420000, -1.309715, 0, 4343.573184, 0.000000, 37, 72, -20, 118.761709, 0.037498, -0.585347, 1.772762
1616.976000, -1.312659, 0, 4562.182362, 0.000000, 38, 72, -20, 118.737523, 0.019679, -0.612060, 1.911205
1617.531500, -1.314992, 0, 4792.942775, 0.000000, 38, 72, -20, 118.637864, -0.001482, -0.633019, 1.971892
1618.087000, -1.316751, 0, 5023.981664, 0.000000, 39, 72, -20, 118.651943, -0.015590, -0.654780, 2.025566
1618.642500, -1.317974, 0, 5254.477123, 0.000000, 39, 72, -20, 118.639805, -0.026584, -0.678319, 2.146785
1619.198000, -1.318701, 0, 5483.459858, 0.000000, 40, 72, -20, 118.649879, -0.025944, -0.694715, 2.217425
1619.753000, -1.318969, 0, 5725.328765, 0.000000, 40, 72, -20, 118.536352, -0.021744, -0.714870, 2.327757
1620.308000, -1.318892, 0, 5964.976105, 0.000000, 40, 72, -20, 118.529748, -0.019418, -0.735522, 2.360813
1620.863000, -1.318395, 0, 6201.034935, 0.000000, 41, 72, -20, 118.525065, -0.013736, -0.750893, 2.481737
1621.418000, -1.317554, 0, 6450.234388, 0.000000, 41, 73, -20, 118.522302, -0.005283, -0.767702, 2.514757
1621.972500, -1.316445, 0, 6675.277511, 0.000000, 41, 73, -20, 118.416927, -0.003485, -0.784146, 2.623975
1622.527000, -1.315106, 0, 6617.973250, 0.000000, 42, 73, -20, 118.426307, -0.000566, -0.795816, 2.639942
1623.081500, -1.313500, 0, 6450.234388, 0.000000, 43, 72, -21, 118.437900, 0.001601, -0.812234, 2.743845
1623.635500, -1.311741, 0, 6288.461915, 0.000000, 43, 72, -21, 118.338989, -0.001171, -0.825595, 2.852259
1624.189500, -1.309829, 0, 6115.282665, 0.000000, 44, 72, -21, 118.328931, 0.003110, -0.839327, 2.935047
1624.743500, -1.307803, 0, 5964.976105, 0.000000, 44, 72, -21, 118.312652, 0.005428, -0.853669, 2.946687
1625.297000, -1.305738, 0, 5819.620288, 0.000000, 44, 72, -21, 118.229426, 0.002538, -0.865170, 3.037456
1625.850500, -1.303712, 0, 5633.036360, 0.000000, 44, 72, -21, 118.236089, 0.005858, -0.881552, 3.103208
1626.403500, -1.301762, 0, 5468.783939, 0.000000, 44, 72, -21, 118.123475, 0.001838, -0.895850, 3.188925
1626.956500, -1.299888, 0, 5296.486260, 0.000000, 44, 72, -21, 118.101335, -0.003421, -0.912948, 3.161979
1627.509500, -1.298053, 3, 5117.375099, 0.000000, 44, 71, -21, 118.141453, 0.004553, -0.928039, 3.248893
1628.062500, -1.296371, 3, 4906.871017, 0.000000, 45, 71, -21, 118.125121, 0.005146, -0.940986, 3.309799
1628.615500, -1.294957, 3, 4817.993360, 0.000000, 45, 70, -21, 118.111829, 0.013854, -0.956014, 3.458523
1629.168000, -1.293772, 3, 4768.041534, 0.000000, 45, 69, -21, 118.033007, 0.024809, -0.970326, 3.421535
1629.720500, -1.292778, 3, 4730.966069, 0.000000, 45, 69, -21, 118.025903, 0.026242, -0.983325, 3.482097
1630.272500, -1.292128, 3, 4718.680470, 0.000000, 45, 69, -22, 117.908782, 0.027823, -0.996346, 3.543902
1630.824000, -1.291746, 3, 4706.430980, 0.000000, 44, 69, -22, 117.816092, 0.024393, -1.008910, 3.571945
1631.375000, -1.291746, 3, 4694.217400, 0.000000, 44, 69, -22, 117.705368, 0.011860, -1.020613, 3.632647
1631.925500, -1.292052, 3, 4694.217400, 0.000000, 44, 69, -23, 117.608750, -0.004619, -1.034050, 3.676240
1632.475500, -1.292625, 3, 4682.039530, 0.000000, 45, 68, -23, 117.470336, -0.029023, -1.046012, 3.642513
1633.025000, -1.293581, 3, 4682.039530, 0.000000, 45, 68, -23, 117.414299, -0.048049, -1.053761, 3.690595
1633.574000, -1.294804, 3, 4682.039530, 0.000000, 45, 68, -23, 117.248470, -0.067770, -1.059853, 3.737911
1634.122500, -1.296295, 3, 4669.897175, 0.000000, 45, 69, -23, 117.187257, -0.079400, -1.062806, 3.801663
1634.670500, -1.298130, 3, 4694.217400, 0.000000, 45, 70, -23, 117.061588, -0.085859, -1.061444, 3.765536
1635.218000, -1.300156, 3, 4694.217400, 0.000000, 44, 70, -23, 116.939131, -0.094316, -1.060993, 3.816663
1635.765500, -1.302488, 3, 4682.039530, 0.000000, 44, 71, -23, 116.932940, -0.087947, -1.056644, 3.868806
1636.312000, -1.305050, 3, 4682.039530, 0.000000, 45, 71, -23, 116.724933, -0.089354, -1.050939, 3.939647
1636.858500, -1.307765, 3, 4682.039530, 0.000000, 45, 71, -23, 116.758387, -0.082726, -1.046590, 3.997437
1637.404000, -1.310709, 3, 4694.217400, 0.000000, 45, 71, -23, 116.522746, -0.079911, -1.039233, 4.060557
1637.949500, -1.313921, 3, 4706.430980, 0.000000, 45, 71, -23, 116.482653, -0.081110, -1.033625, 4.121649
1638.495000, -1.317439, 3, 4730.966069, 0.000000, 45, 71, -22, 116.525221, -0.067825, -1.028373, 4.179125
1639.040000, -1.321263, 3, 4743.287978, 0.000000, 44, 71, -21, 116.391591, -0.060470, -1.025810, 4.220377
1639.584000, -1.325585, 3, 4768.041534, 0.000000, 44, 71, -21, 116.195158, -0.059992, -1.029160, 4.247601
1640.128500, -1.330251, 3, 4792.942775, 0.000000, 44, 70, -21, 116.280457, -0.042983, -1.031467, 4.311485
1640.673000, -1.335377, 3, 4805.449295, 0.000000, 44, 70, -21, 116.283635, -0.037604, -1.039403, 4.339080
1641.217500, -1.340847, 3, 4830.575182, 0.000000, 44, 70, -21, 116.276480, -0.017582, -1.047113, 4.382908
1641.761500, -1.346777, 3, 4830.575182, 0.000000, 44, 70, -21, 116.145796, 0.008346, -1.051964, 4.438031
1642.306000, -1.353166, 3, 4843.194972, 0.000000, 44, 70, -21, 116.286638, 0.022788, -1.062413, 4.454364
1642.850500, -1.360054, 3, 4843.194972, 0.000000, 44, 70, -20, 116.242486, 0.043984, -1.066779, 4.507104
1643.395000, -1.367325, 3, 4830.575182, 0.000000, 44, 71, -20, 116.263588, 0.063762, -1.068850, 4.446891
1643.939500, -1.375056, 3, 4830.575182, 0.000000, 44, 71, -19, 116.240968, 0.082743, -1.073911, 4.483343
1644.484000, -1.383133, 3, 4817.993360, 0.000000, 44, 71, -19, 116.239163, 0.094618, -1.070359, 4.543110
1645.028500, -1.391632, 3, 4817.993360, 0.000000, 44, 71, -18, 116.223317, 0.100363, -1.069930, 4.491515
1645.573500, -1.400477, 3, 4817.993360, 0.000000, 44, 71, -17, 116.355448, 0.109448, -1.069957, 4.542312
1646.118000, -1.409744, 3, 4817.993360, 0.000000, 44, 71, -17, 116.218717, 0.107100, -1.064085, 4.499570
1646.663000, -1.419434, 3, 4817.993360, 0.000000, 44, 70, -17, 116.293138, 0.112813, -1.063519, 4.535505
1647.207500, -1.429548, 3, 4817.993360, 0.000000, 44, 70, -17, 116.211145, 0.112585, -1.061482, 4.483996
1647.752500, -1.440084, 3, 4805.449295, 0.000000, 43, 70, -17, 116.324517, 0.104496, -1.058819, 4.528301
1648.297000, -1.451082, 3, 4792.942775, 0.000000, 43, 71, -17, 116.169514, 0.104619, -1.061712, 4.476053
1648.841500, -1.462580, 3, 4792.942775, 0.000000, 43, 71, -17, 116.177969, 0.098396, -1.063128, 4.424232
1649.386000, -1.474426, 3, 4780.473590, 0.000000, 44, 71, -17, 116.173273, 0.090334, -1.065885, 4.388069
1649.931000, -1.486696, 3, 4768.041534, 0.000000, 44, 71, -17, 116.253841, 0.087178, -1.072929, 4.313534
1650.475500, -1.499352, 3, 4768.041534, 0.000000, 44, 71, -17, 116.158971, 0.082845, -1.073493, 4.379698
1651.019500, -1.512433, 3, 4768.041534, 0.000000, 44, 70, -17, 116.004248, 0.072504, -1.072805, 4.340554
1651.564000, -1.525862, 3, 4780.473590, 0.000000, 44, 70, -17, 116.158432, 0.073021, -1.073032, 4.283357
1652.108000, -1.539679, 3, 4780.473590, 0.000000, 43, 70, -17, 115.992885, 0.059143, -1.066963, 4.258807
1652.652500, -1.553959, 3, 4792.942775, 0.000000, 43, 70, -17, 116.091802, 0.061056, -1.066001, 4.184959
1653.196500, -1.568628, 3, 4792.942775, 0.000000, 43, 69, -17, 115.981489, 0.061552, -1.066340, 4.240774
1653.740500, -1.583569, 3, 4792.942775, 0.000000, 44, 69, -17, 115.972093, 0.053588, -1.061946, 4.195416
1654.285000, -1.598821, 3, 4792.942775, 0.000000, 44, 69, -17, 116.058464, 0.057622, -1.059830, 4.176952
1654.829500, -1.614424, 3, 4792.942775, 0.000000, 44, 69, -16, 116.055522, 0.065254, -1.055120, 4.131776
1655.373500, -1.630378, 3, 4805.449295, 0.000000, 44, 69, -16, 115.927131, 0.061600, -1.050243, 4.089409
1655.918000, -1.646721, 3, 4805.449295, 0.000000, 44, 69, -15, 116.041089, 0.080448, -1.047842, 3.968592
1656.462500, -1.663338, 3, 4805.449295, 0.000000, 44, 69, -14, 115.998867, 0.079308, -1.043476, 3.929120
1657.007000, -1.680192, 3, 4817.993360, 0.000000, 44, 69, -13, 115.990206, 0.075109, -1.038499, 3.898813
1657.551500, -1.697282, 3, 4817.993360, 0.000000, 44, 69, -12, 115.965470, 0.087007, -1.030133, 3.883398
1658.096500, -1.714493, 3, 4830.575182, 0.000000, 44, 69, -12, 116.072410, 0.083611, -1.022168, 3.866667
1658.641500, -1.731903, 3, 4843.194972, 0.000000, 44, 69, -12, 116.042588, 0.087499, -1.017034, 3.826934
1659.186500, -1.749397, 3, 4843.194972, 0.000000, 45, 69, -11, 116.036725, 0.091827, -1.005751, 3.748057
1659.732000, -1.766934, 3, 4843.194972, 0.000000, 44, 69, -10, 116.122117, 0.095249, -0.997575, 3.634694
1660.278000, -1.784556, 3, 4843.194972, 0.000000, 44, 69, -10, 116.220346, 0.105540, -0.984111, 3.634108
1660.823500, -1.802184, 3, 4843.194972, 0.000000, 45, 69, -9, 116.112799, 0.111027, -0.968572, 3.540664
1661.370000, -1.819780, 3, 4855.852947, 0.000000, 45, 69, -9, 116.245572, 0.119026, -0.956375, 3.462555
1661.916500, -1.837343, 3, 4855.852947, 0.000000, 45, 69, -9, 116.271948, 0.123934, -0.943816, 3.369613
1662.463000, -1.854836, 3, 4868.549320, 0.000000, 45, 69, -8, 116.251107, 0.120902, -0.931747, 3.369113
1663.010000, -1.872220, 3, 4868.549320, 0.000000, 45, 69, -8, 116.341119, 0.130004, -0.921220, 3.296549
1663.557500, -1.889456, 3, 4881.284310, 0.000000, 45, 68, -8, 116.433314, 0.129866, -0.909508, 3.224373
1664.105500, -1.906582, 3, 4881.284310, 0.000000, 45, 68, -8, 116.498579, 0.132735, -0.898220, 3.142376
1664.653500, -1.923560, 3, 4881.284310, 0.000000, 45, 68, -8, 116.487264, 0.140934, -0.890695, 3.054369
1665.202000, -1.940428, 3, 4894.058136, 0.000000, 46, 67, -8, 116.586211, 0.141300, -0.883814, 2.983142
1665.750500, -1.957070, 3, 4894.058136, 0.000000, 46, 67, -8, 116.587336, 0.139902, -0.878318, 2.919870
1666.300000, -1.973603, 3, 4906.871017, 0.000000, 46, 66, -8, 116.740563, 0.151014, -0.871011, 2.845622
1666.849500, -1.989909, 3, 4906.871017, 0.000000, 46, 65, -8, 116.717192, 0.149236, -0.865559, 2.684284
1667.399500, -2.005989, 3, 4919.723176, 0.000000, 46, 65, -8, 116.824757, 0.150497, -0.860432, 2.614424
1667.950000, -2.021726, 3, 4932.614838, 0.000000, 46, 64, -8, 116.941280, 0.156434, -0.854218, 2.569575
1668.501000, -2.037120, 3, 4932.614838, 0.000000, 47, 63, -8, 117.002770, 0.156208, -0.847347, 2.503863
1669.052000, -2.052131, 3, 4945.546226, 0.000000, 47, 63, -8, 116.965996, 0.154582, -0.838898, 2.356790
1669.604000, -2.066721, 3, 4945.546226, 0.000000, 47, 63, -10, 117.216574, 0.167088, -0.827006, 2.317595
1670.156500, -2.080850, 3, 4945.546226, 0.000000, 47, 63, -11, 117.261903, 0.169769, -0.817448, 2.178682
1670.709000, -2.094479, 3, 4945.546226, 0.000000, 47, 63, -11, 117.236622, 0.167622, -0.806023, 2.056492
1671.262500, -2.107568, 3, 4958.517569, 0.000000, 47, 63, -12, 117.441915, 0.179887, -0.791087, 2.021957
1671.816500, -2.120040, 3, 4958.517569, 0.000000, 47, 63, -12, 117.548225, 0.176529, -0.777917, 1.993489
1672.371000, -2.131894, 3, 4971.529095, 0.000000, 48, 62, -12, 117.633526, 0.181123, -0.760779, 1.891041
1672.926000, -2.143090, 3, 4971.529095, 0.000000, 48, 61, -12, 117.714995, 0.193478, -0.745636, 1.852271
1673.481500, -2.153629, 3, 4984.581035, 0.000000, 48, 61, -13, 117.798113, 0.190009, -0.735521, 1.813802
1674.037500, -2.163353, 3, 4984.581035, 0.000000, 48, 61, -13, 117.915187, 0.191380, -0.721122, 1.811186
1674.594000, -2.172456, 3, 4997.673620, 0.000000, 48, 61, -13, 118.005913, 0.198607, -0.710160, 1.709930
1675.151000, -2.180823, 3, 4997.673620, 0.000000, 48, 60, -13, 118.093494, 0.191702, -0.702902, 1.672412
1675.708500, -2.188490, 3, 4997.673620, 0.000000, 48, 60, -13, 118.186952, 0.194157, -0.693223, 1.659647
1676.266500, -2.195342, 3, 5010.807084, 0.000000, 48, 60, -13, 118.281687, 0.193129, -0.689476, 1.647182
1676.825500, -2.201416, 3, 5010.807084, 0.000000, 48, 59, -13, 118.505720, 0.193935, -0.684122, 1.642470
1677.384500, -2.206634, 3, 5010.807084, 0.000000, 49, 59, -13, 118.474978, 0.194880, -0.675792, 1.623165
1677.944500, -2.210996, 3, 5010.807084, 0.000000, 49, 59, -13, 118.678027, 0.201666, -0.667822, 1.544617
1678.504500, -2.214579, 3, 5023.981664, 0.000000, 49, 59, -13, 118.673344, 0.202162, -0.662647, 1.512497
1679.065500, -2.217345, 3, 5023.981664, 0.000000, 49, 59, -13, 118.875365, 0.201003, -0.658861, 1.498436
1679.626500, -2.219176, 3, 5010.807084, 0.000000, 49, 58, -13, 118.903551, 0.202883, -0.655268, 1.502402
1680.188500, -2.220188, 3, 5023.981664, 0.000000, 49, 58, -13, 119.108049, 0.206473, -0.653124, 1.489327
1680.750500, -2.220266, 3, 5023.981664, 0.000000, 49, 58, -13, 119.061333, 0.199389, -0.649197, 1.483581
1681.313000, -2.219565, 3, 5023.981664, 0.000000, 49, 58, -13, 119.217850, 0.196825, -0.646870, 1.472655
1681.876000, -2.217968, 3, 5023.981664, 0.000000, 49, 57, -13, 119.298629, 0.191274, -0.650611, 1.539747
1682.439500, -2.215436, 3, 5023.981664, 0.000000, 49, 57, -13, 119.409503, 0.185850, -0.648142, 1.555037
1683.003000, -2.212086, 3, 5037.197596, 0.000000, 49, 56, -13, 119.442296, 0.186577, -0.646018, 1.535823
1683.567500, -2.207880, 3, 5037.197596, 0.000000, 49, 56, -13, 119.628089, 0.185687, -0.648331, 1.513904
1684.131500, -2.202779, 3, 5037.197596, 0.000000, 49, 56, -13, 119.540006, 0.173932, -0.643042, 1.533639
1684.696500, -2.196821, 3, 5037.197596, 0.000000, 49, 56, -13, 119.752795, 0.171245, -0.646986, 1.499949
1685.261500, -2.190048, 3, 5023.981664, 0.000000, 49, 56, -13, 119.790960, 0.171660, -0.651080, 1.481522
1685.827000, -2.182457, 3, 5023.981664, 0.000000, 49, 56, -13, 119.856430, 0.161374, -0.650451, 1.474998
1686.393000, -2.173857, 3, 5023.981664, 0.000000, 49, 55, -13, 119.999531, 0.171030, -0.654627, 1.479929
1686.958500, -2.164403, 3, 5010.807084, 0.000000, 49, 55, -14, 119.914665, 0.157941, -0.657136, 1.539068
1687.525000, -2.154134, 3, 5010.807084, 0.000000, 49, 55, -15, 120.135552, 0.154065, -0.656621, 1.531889
1688.091000, -2.142974, 3, 4997.673620, 0.000000, 49, 55, -17, 120.054223, 0.151765, -0.660725, 1.527239
1688.657500, -2.131039, 3, 4997.673620, 0.000000, 49, 55, -18, 120.150855, 0.140232, -0.661899, 1.509469
1689.224000, -2.118253, 3, 4984.581035, 0.000000, 49, 55, -19, 120.172841, 0.134870, -0.663100, 1.568066
1689.790500, -2.104733, 3, 4971.529095, 0.000000, 49, 54, -20, 120.196492, 0.124921, -0.665945, 1.562960
1690.357000, -2.090557, 3, 4971.529095, 0.000000, 49, 54, -21, 120.221427, 0.107741, -0.673606, 1.597609
1690.923500, -2.075609, 3, 4958.517569, 0.000000, 49, 54, -22, 120.222619, 0.103111, -0.681004, 1.668449
1691.489500, -2.060085, 3, 4945.546226, 0.000000, 49, 54, -23, 120.149514, 0.081447, -0.690643, 1.639056
1692.056000, -2.043985, 3, 4932.614838, 0.000000, 49, 53, -24, 120.280851, 0.075686, -0.705889, 1.674352
1692.621500, -2.027464, 3, 4919.723176, 0.000000, 49, 53, -24, 120.060104, 0.058000, -0.718779, 1.795309
1693.187000, -2.010368, 3, 4906.871017, 0.000000, 48, 53, -25, 120.118916, 0.037435, -0.734895, 1.842277
1693.752500, -1.992853, 3, 4906.871017, 0.000000, 48, 53, -25, 120.104205, 0.032796, -0.753625, 1.876539
1694.317000, -1.974881, 3, 4894.058136, 0.000000, 48, 53, -25, 119.939749, 0.003448, -0.767499, 1.908719
1694.881500, -1.956528, 3, 4881.284310, 0.000000, 48, 53, -25, 119.979459, -0.004246, -0.780495, 2.031258
1695.445500, -1.937758, 3, 4881.284310, 0.000000, 48, 53, -25, 119.845097, -0.017757, -0.797001, 2.050930
1696.009000, -1.918725, 3, 4868.549320, 0.000000, 48, 54, -25, 119.787693, -0.040409, -0.808231, 2.171507
1696.572500, -1.899352, 3, 4855.852947, 0.000000, 48, 54, -25, 119.809153, -0.036524, -0.819206, 2.281394
1697.135000, -1.879639, 3, 4843.194972, 0.000000, 48, 54, -25, 119.630676, -0.049434, -0.830110, 2.386648
1697.697500, -1.859549, 3, 4843.194972, 0.000000, 48, 54, -25, 119.629848, -0.057705, -0.836171, 2.507771
1698.259500, -1.839274, 3, 4830.575182, 0.000000, 48, 54, -25, 119.556653, -0.048947, -0.842378, 2.614727
1698.821000, -1.818815, 3, 4830.575182, 0.000000, 48, 54, -25, 119.488755, -0.061189, -0.853581, 2.697182
1699.381500, -1.798210, 3, 4817.993360, 0.000000, 47, 54, -25, 119.268746, -0.064446, -0.861116, 2.798733
1699.942000, -1.777537, 3, 4817.993360, 0.000000, 47, 54, -25, 119.306841, -0.062526, -0.872688, 2.883700
1700.502000, -1.756796, 3, 4805.449295, 0.000000, 47, 54, -25, 119.246652, -0.070980, -0.887020, 2.965178
1701.061000, -1.735987, 3, 4805.449295, 0.000000, 47, 54, -25, 119.010640, -0.076223, -0.898158, 3.139580
1701.620000, -1.715302, 3, 4805.449295, 0.000000, 47, 54, -26, 119.056499, -0.073125, -0.912968, 3.224261
1702.178000, -1.694664, 3, 4792.942775, 0.000000, 47, 55, -26, 118.857611, -0.083283, -0.931171, 3.273974
1702.736000, -1.674073, 3, 4780.473590, 0.000000, 47, 55, -26, 118.881406, -0.083306, -0.943387, 3.369530
1703.293000, -1.653644, 3, 4780.473590, 0.000000, 46, 55, -26, 118.660955, -0.080027, -0.958228, 3.428817
1703.849500, -1.633454, 3, 4768.041534, 0.000000, 46, 56, -27, 118.622296, -0.083998, -0.972779, 3.571712
1704.405500, -1.613386, 3, 4755.646398, 0.000000, 46, 56, -27, 118.508634, -0.083939, -0.982232, 3.634654
1704.961000, -1.593480, 3, 4755.646398, 0.000000, 46, 56, -28, 118.420210, -0.079926, -0.994071, 3.798499
1705.515500, -1.573889, 3, 4755.646398, 0.000000, 46, 56, -28, 118.240146, -0.089576, -1.006967, 3.843869
1706.070000, -1.554574, 3, 4743.287978, 0.000000, 46, 57, -28, 118.235943, -0.083328, -1.012297, 3.999093
1706.623500, -1.535687, 3, 4743.287978, 0.000000, 45, 57, -28, 118.068999, -0.084381, -1.025605, 4.106665
1707.176500, -1.517190, 3, 4730.966069, 0.000000, 45, 56, -28, 117.949258, -0.088337, -1.039333, 4.240994
1707.729000, -1.499122, 3, 4730.966069, 0.000000, 45, 56, -29, 117.861472, -0.081859, -1.049699, 4.276384
1708.280500, -1.481558, 3, 4730.966069, 0.000000, 45, 56, -29, 117.669808, -0.091543, -1.064967, 4.416340
1708.832000, -1.464459, 3, 4730.966069, 0.000000, 45, 56, -29, 117.696691, -0.082865, -1.076423, 4.521578
1709.382500, -1.447939, 3, 4718.680470, 0.000000, 45, 57, -29, 117.469879, -0.083039, -1.089856, 4.631866
1709.932000, -1.431999, 3, 4706.430980, 0.000000, 45, 57, -29, 117.296855, -0.090133, -1.106766, 4.657039
1710.481500, -1.416638, 3, 4694.217400, 0.000000, 44, 58, -29, 117.306396, -0.082184, -1.120058, 4.771592
1711.030500, -1.401970, 3, 4682.039530, 0.000000, 44, 58, -29, 117.199633, -0.080677, -1.131719, 4.863243
1711.578000, -1.388072, 3, 4669.897175, 0.000000, 44, 59, -29, 116.889076, -0.089778, -1.144858, 4.960707
1712.125500, -1.374903, 3, 4657.790139, 0.000000, 44, 58, -29, 116.890274, -0.076636, -1.155527, 5.059788
1712.672000, -1.362465, 3, 4645.718229, 0.000000, 44, 58, -29, 116.717022, -0.085580, -1.170838, 5.242229
1713.218000, -1.350718, 3, 4645.718229, 0.000000, 44, 58, -29, 116.597582, -0.089255, -1.181509, 5.340701
1713.763000, -1.339814, 3, 4645.718229, 0.000000, 43, 58, -29, 116.383261, -0.081984, -1.190966, 5.428312
1714.307500, -1.329830, 3, 4633.681252, 0.000000, 43, 58, -29, 116.302277, -0.092035, -1.200762, 5.515571
1714.851000, -1.320842, 3, 4621.679016, 0.000000, 43, 58, -29, 116.058365, -0.098508, -1.213000, 5.571245
1715.394000, -1.312735, 3, 4621.679016, 0.000000, 43, 58, -29, 115.986584, -0.096641, -1.224178, 5.744937
1715.936500, -1.305547, 3, 4609.711332, 0.000000, 43, 58, -29, 115.900407, -0.097498, -1.236471, 5.815282
1716.478000, -1.299315, 3, 4609.711332, 0.000000, 43, 58, -29, 115.659672, -0.097201, -1.247029, 5.891734
1717.018500, -1.294116, 3, 4597.778011, 0.000000, 43, 59, -29, 115.472678, -0.092855, -1.254878, 5.972751
1717.558500, -1.289834, 3, 4585.878866, 0.000000, 43, 59, -29, 115.351750, -0.097601, -1.265473, 6.034501
1718.098000, -1.286394, 3, 4574.013712, 0.000000, 42, 60, -29, 115.271912, -0.097490, -1.271252, 6.126181
1718.636500, -1.283986, 3, 4574.013712, 0.000000, 42, 60, -29, 115.031969, -0.093533, -1.274105, 6.182331
1719.174500, -1.282496, 3, 4574.013712, 0.000000, 42, 60, -29, 114.929970, -0.087769, -1.273112, 6.281375
1719.712000, -1.282037, 3, 4562.182362, 0.000000, 42, 61, -29, 114.842132, -0.087650, -1.274270, 6.315689
1720.248500, -1.282534, 3, 4562.182362, 0.000000, 42, 61, -28, 114.589224, -0.088241, -1.272686, 6.504594
1720.784000, -1.284063, 3, 4562.182362, 0.000000, 42, 61, -28, 114.417602, -0.087666, -1.273997, 6.562756
1721.319500, -1.286547, 3, 4574.013712, 0.000000, 42, 61, -27, 114.396221, -0.079480, -1.273772, 6.641926
1721.854000, -1.290217, 3, 4562.182362, 0.000000, 42, 61, -27, 114.186197, -0.078807, -1.275255, 6.690833
1722.388000, -1.294957, 3, 4562.182362, 0.000000, 41, 61, -26, 114.093240, -0.068062, -1.280637, 6.817453
1722.921000, -1.300768, 3, 4562.182362, 0.000000, 41, 61, -26, 113.862631, -0.066118, -1.285025, 6.912301
1723.453500, -1.307726, 3, 4562.182362, 0.000000, 41, 61, -26, 113.732103, -0.072572, -1.293237, 6.941270
1723.985500, -1.315986, 3, 4550.384635, 0.000000, 41, 62, -26, 113.638943, -0.061557, -1.298574, 7.001694
1724.517000, -1.325585, 3, 4550.384635, 0.000000, 41, 62, -26, 113.551886, -0.054443, -1.307004, 7.021166
1725.047500, -1.336333, 3, 4538.620347, 0.000000, 41, 61, -26, 113.294015, -0.052878, -1.320527, 7.150236
1725.578000, -1.348307, 3, 4538.620347, 0.000000, 41, 61, -26, 113.296544, -0.036126, -1.329892, 7.209449
1726.107500, -1.361508, 3, 4538.620347, 0.000000, 41, 61, -26, 113.096823, -0.036452, -1.335764, 7.256955
1726.636000, -1.376013, 3, 4538.620347, 0.000000, 41, 61, -26, 112.855140, -0.042042, -1.344422, 7.293966
1727.164500, -1.391709, 3, 4538.620347, 0.000000, 40, 61, -26, 112.858670, -0.026904, -1.343934, 7.335219
1727.692000, -1.408672, 3, 4538.620347, 0.000000, 40, 62, -26, 112.642305, -0.031583, -1.348669, 7.386420
1728.219000, -1.426981, 3, 4538.620347, 0.000000, 40, 62, -26, 112.515954, -0.032051, -1.354879, 7.398038
1728.745500, -1.446598, 3, 4526.889318, 0.000000, 40, 62, -26, 112.423311, -0.023155, -1.352362, 7.442390
1729.271500, -1.467564, 3, 4526.889318, 0.000000, 40, 63, -26, 112.289412, -0.029732, -1.356817, 7.476093
1729.797000, -1.489725, 3, 4526.889318, 0.000000, 40, 62, -25, 112.174414, -0.024085, -1.357970, 7.525815
1730.322000, -1.513200, 3, 4526.889318, 0.000000, 40, 62, -25, 112.097920, -0.006297, -1.355486, 7.568094
1730.846500, -1.537951, 3, 4526.889318, 0.000000, 40, 62, -24, 111.934442, -0.008025, -1.359192, 7.588763
1731.370500, -1.564019, 3, 4538.620347, 0.000000, 40, 62, -22, 111.802062, 0.003455, -1.357173, 7.730449
1731.894000, -1.591483, 3, 4538.620347, 0.000000, 40, 61, -21, 111.729578, 0.012745, -1.354515, 7.753483
1732.417000, -1.620267, 3, 4550.384635, 0.000000, 39, 61, -19, 111.595678, 0.009432, -1.355682, 7.700503
1732.940000, -1.650490, 3, 4550.384635, 0.000000, 39, 61, -17, 111.568597, 0.022455, -1.353917, 7.716220
1733.462000, -1.682154, 3, 4562.182362, 0.000000, 39, 61, -15, 111.355279, 0.024687, -1.358820, 7.726727
1733.984000, -1.715264, 3, 4574.013712, 0.000000, 39, 61, -13, 111.351822, 0.028095, -1.366246, 7.670955
1734.505000, -1.749666, 3, 4574.013712, 0.000000, 39, 61, -11, 111.127811, 0.030370, -1.371241, 7.702336
1735.026500, -1.785443, 3, 4585.878866, 0.000000, 40, 61, -8, 111.214632, 0.038974, -1.375109, 7.652141
1735.547500, -1.822597, 3, 4585.878866, 0.000000, 40, 60, -6, 111.114925, 0.050978, -1.373055, 7.682638
1736.068000, -1.861210, 3, 4597.778011, 0.000000, 40, 60, -4, 110.976296, 0.058343, -1.372316, 7.612212
1736.588500, -1.901169, 3, 4597.778011, 0.000000, 39, 60, -2, 110.956724, 0.069439, -1.372388, 7.542810
1737.109000, -1.942518, 3, 4597.778011, 0.000000, 39, 59, 0, 110.928508, 0.077195, -1.365014, 7.513887
1737.629000, -1.985067, 3, 4609.711332, 0.000000, 40, 59, 1, 110.841832, 0.081075, -1.361755, 7.348484
1738.149500, -2.028938, 3, 4609.711332, 0.000000, 40, 58, 3, 110.902441, 0.101533, -1.349864, 7.327137
1738.669500, -2.074018, 3, 4609.711332, 0.000000, 40, 58, 4, 110.767403, 0.107906, -1.340525, 7.188411
1739.189500, -2.120273, 3, 4609.711332, 0.000000, 40, 58, 5, 110.794211, 0.110337, -1.335107, 6.978217
1739.709500, -2.167749, 3, 4609.711332, 0.000000, 40, 58, 7, 110.713281, 0.120361, -1.322004, 6.851657
1740.229500, -2.216293, 3, 4597.778011, 0.000000, 40, 58, 8, 110.715447, 0.113577, -1.311175, 6.645890
1740.750000, -2.265911, 3, 4585.878866, 0.000000, 40, 58, 9, 110.800358, 0.126472, -1.296506, 6.449646
1741.270000, -2.316375, 3, 4574.013712, 0.000000, 41, 58, 9, 110.680808, 0.128987, -1.276152, 6.278851
1741.790000, -2.367650, 3, 4550.384635, 0.000000, 41, 57, 9, 110.635118, 0.121755, -1.259162, 6.099231
1742.310000, -2.419701, 3, 4538.620347, 0.000000, 41, 57, 10, 110.601281, 0.119213, -1.238376, 5.937436
1742.830000, -2.472493, 3, 4515.191369, 0.000000, 42, 58, 10, 110.571285, 0.105567, -1.214253, 5.687556
1743.350000, -2.526033, 3, 4503.526321, 0.000000, 42, 58, 10, 110.537955, 0.097322, -1.195275, 5.419344
1743.870000, -2.580048, 3, 4491.893997, 0.000000, 42, 58, 10, 110.466667, 0.089713, -1.165626, 5.230928
1744.390000, -2.634701, 3, 4491.893997, 0.000000, 42, 58, 10, 110.476039, 0.071986, -1.143743, 4.958703
1744.910000, -2.689799, 3, 4480.294220, 0.000000, 42, 57, 10, 110.404069, 0.060901, -1.120433, 4.751506
1745.429500, -2.745267, 3, 4468.726816, 0.000000, 43, 57, 10, 110.258247, 0.041109, -1.096259, 4.532323
1745.949500, -2.801147, 3, 4468.726816, 0.000000, 43, 56, 10, 110.339360, 0.033744, -1.077782, 4.329514
1746.469000, -2.857245, 3, 4468.726816, 0.000000, 43, 55, 10, 110.170527, 0.022449, -1.054606, 4.130862
1746.988500, -2.913565, 3, 4468.726816, 0.000000, 44, 55, 10, 110.116170, 0.006965, -1.028863, 3.940509
1747.508000, -2.970108, 3, 4457.191612, 0.000000, 44, 54, 10, 110.099716, 0.001430, -1.008547, 3.659022
1748.027000, -3.026678, 3, 4445.688435, 0.000000, 44, 54, 10, 109.903722, -0.023991, -0.986335, 3.373484
1748.546500, -3.083197, 3, 4445.688435, 0.000000, 44, 54, 10, 109.979480, -0.032104, -0.961506, 3.141060
1749.065500, -3.139627, 3, 4434.217114, 0.000000, 45, 54, 10, 109.798916, -0.040818, -0.938837, 2.891227
1749.585000, -3.195807, 3, 4434.217114, 0.000000, 45, 53, 10, 109.848133, -0.055181, -0.906891, 2.680049
1750.104000, -3.251698, 3, 4422.777478, 0.000000, 46, 53, 10, 109.706853, -0.054618, -0.878575, 2.426582
1750.623000, -3.307179, 3, 4422.777478, 0.000000, 46, 52, 10, 109.617606, -0.064866, -0.849210, 2.225531
1751.142500, -3.362086, 3, 4434.217114, 0.000000, 47, 51, 10, 109.680945, -0.067998, -0.813988, 2.051361
1751.661500, -3.416337, 3, 4434.217114, 0.000000, 47, 50, 10, 109.487823, -0.069031, -0.776787, 1.769292
1752.180500, -3.469807, 3, 4434.217114, 0.000000, 47, 50, 10, 109.406891, -0.080866, -0.738522, 1.585969
1752.699500, -3.522534, 3, 4434.217114, 0.000000, 48, 49, 10, 109.366955, -0.081914, -0.699123, 1.330789
1753.219000, -3.574189, 3, 4434.217114, 0.000000, 48, 49, 10, 109.376351, -0.089623, -0.661248, 1.216935
1753.738000, -3.624765, 3, 4422.777478, 0.000000, 49, 48, 10, 109.231440, -0.097240, -0.623357, 0.968235
1754.257500, -3.674095, 3, 4422.777478, 0.000000, 50, 48, 10, 109.246029, -0.089029, -0.578297, 0.785004
1754.777000, -3.722130, 3, 4422.777478, 0.000000, 50, 47, 10, 109.146158, -0.098478, -0.538003, 0.658842
1755.296500, -3.768659, 3, 4422.777478, 0.000000, 51, 46, 10, 109.094404, -0.096807, -0.494458, 0.498452
1755.816000, -3.813550, 3, 4422.777478, 0.000000, 51, 46, 8, 109.042824, -0.092628, -0.448980, 0.337994
1756.335500, -3.856796, 3, 4422.777478, 0.000000, 51, 45, 6, 108.920329, -0.099228, -0.404570, 0.269506
1756.855500, -3.898305, 3, 4422.777478, 0.000000, 52, 44, 5, 108.979643, -0.092738, -0.359310, 0.121404
1757.375500, -3.937986, 3, 4422.777478, 0.000000, 52, 43, 3, 108.900746, -0.090336, -0.313655, 0.088109
1757.895500, -3.975788, 3, 4434.217114, 0.000000, 52, 42, 2, 108.853581, -0.093088, -0.276174, -0.053873
1758.416000, -4.011787, 3, 4434.217114, 0.000000, 52, 41, 0, 108.877630, -0.083085, -0.242252, -0.112033
1758.936500, -4.045932, 3, 4434.217114, 0.000000, 52, 40, -1, 108.798895, -0.077501, -0.210061, -0.145464
1759.457000, -4.078173, 3, 4445.688435, 0.000000, 53, 40, -3, 108.755761, -0.075234, -0.188438, -0.180933
1759.977500, -4.108503, 3, 4445.688435, 0.000000, 53, 39, -3, 108.712668, -0.064235, -0.167789, -0.216430
1760.498500, -4.136915, 3, 4445.688435, 0.000000, 53, 38, -4, 108.776322, -0.060423, -0.152910, -0.257851
1761.019500, -4.163527, 3, 4445.688435, 0.000000, 53, 38, -5, 108.694048, -0.055105, -0.144764, -0.222278
1761.540500, -4.188206, 3, 4445.688435, 0.000000, 53, 38, -6, 108.651108, -0.050027, -0.138777, -0.257846
1762.062000, -4.211072, 3, 4434.217114, 0.000000, 53, 37, -6, 108.714939, -0.047298, -0.134725, -0.211324
1762.583000, -4.232162, 3, 4434.217114, 0.000000, 53, 37, -6, 108.597309, -0.047143, -0.134782, -0.173972
1763.104500, -4.251470, 3, 4434.217114, 0.000000, 53, 36, -6, 108.657682, -0.040496, -0.135508, -0.146179
1763.626000, -4.269033, 3, 4434.217114, 0.000000, 53, 35, -6, 108.611412, -0.034245, -0.140564, -0.112715
1764.148000, -4.284848, 3, 4422.777478, 0.000000, 52, 34, -6, 108.711115, -0.028215, -0.147757, -0.067941
1764.669500, -4.298953, 3, 4411.369360, 0.000000, 52, 34, -6, 108.551290, -0.024536, -0.156905, -0.066549
1765.191500, -4.311428, 3, 4399.992590, 0.000000, 52, 33, -6, 108.651178, -0.018455, -0.164056, -0.021680
1765.713500, -4.322229, 3, 4388.647003, 0.000000, 52, 33, -5, 108.637522, -0.016880, -0.172948, -0.008887
1766.235000, -4.331395, 3, 4377.332433, 0.000000, 52, 32, -4, 108.481627, -0.019819, -0.183582, 0.010952
1766.756500, -4.339092, 3, 4366.048715, 0.000000, 52, 32, -3, 108.503938, -0.020354, -0.192286, 0.021867
1767.278000, -4.345151, 3, 4354.795686, 0.000000, 52, 31, -2, 108.487581, -0.027668, -0.204686, 0.103613
1767.799500, -4.349570, 3, 4343.573184, 0.000000, 52, 31, -2, 108.481120, -0.036718, -0.212616, 0.153881
1768.320500, -4.352390, 3, 4332.381047, 0.000000, 52, 31, -2, 108.358303, -0.041311, -0.218770, 0.064819
1768.841000, -4.353695, 3, 4321.219116, 0.000000, 52, 32, -2, 108.271376, -0.054911, -0.228528, 0.061802
1769.361500, -4.353401, 3, 4321.219116, 0.000000, 52, 32, -2, 108.226478, -0.072335, -0.231425, 0.094752
1769.881500, -4.351549, 3, 4310.087232, 0.000000, 52, 32, -2, 108.178646, -0.076769, -0.235457, 0.108783
1770.401500, -4.348097, 3, 4310.087232, 0.000000, 52, 32, -2, 108.130994, -0.087605, -0.238974, 0.122749
1770.921000, -4.343089, 3, 4298.985236, 0.000000, 52, 31, -2, 108.080593, -0.089311, -0.236736, 0.029865
1771.440500, -4.336484, 3, 4298.985236, 0.000000, 52, 31, -2, 108.074771, -0.089040, -0.236849, 0.079963
1771.959000, -4.328241, 3, 4298.985236, 0.000000, 52, 31, -2, 107.882170, -0.099593, -0.236082, 0.080897
1772.477500, -4.318488, 3, 4298.985236, 0.000000, 52, 30, -2, 107.870883, -0.101320, -0.233852, 0.093045
1772.995500, -4.307143, 3, 4298.985236, 0.000000, 52, 30, -2, 107.788470, -0.103214, -0.233797, 0.020212
1773.513000, -4.294208, 3, 4298.985236, 0.000000, 52, 30, -3, 107.741892, -0.105108, -0.233745, 0.033719
1774.030500, -4.279729, 3, 4298.985236, 0.000000, 52, 30, -4, 107.733825, -0.100432, -0.231993, -0.023177
1774.547000, -4.263666, 3, 4298.985236, 0.000000, 52, 30, -6, 107.544901, -0.108763, -0.229261, -0.004171
1775.063500, -4.246191, 3, 4310.087232, 0.000000, 52, 29, -8, 107.603249, -0.110814, -0.231391, -0.014037
1775.579000, -4.227180, 3, 4321.219116, 0.000000, 52, 29, -9, 107.412185, -0.112862, -0.233525, -0.014437
1776.094500, -4.206806, 3, 4332.381047, 0.000000, 52, 28, -10, 107.437908, -0.114979, -0.237855, -0.003987
1776.609500, -4.185031, 3, 4343.573184, 0.000000, 52, 28, -12, 107.356783, -0.108583, -0.244993, 0.010369
1777.124000, -4.161899, 3, 4354.795686, 0.000000, 52, 27, -14, 107.271113, -0.108393, -0.249545, 0.074384
1777.638500, -4.137541, 3, 4366.048715, 0.000000, 52, 26, -15, 107.328615, -0.104270, -0.260872, 0.045464
1778.152000, -4.112001, 3, 4388.647003, 0.000000, 52, 25, -17, 107.174605, -0.100147, -0.274379, 0.130711
1778.665500, -4.085367, 3, 4399.992590, 0.000000, 52, 25, -17, 107.195058, -0.098303, -0.292127, 0.171755
1779.178500, -4.057684, 3, 4411.369360, 0.000000, 52, 24, -19, 107.144695, -0.085386, -0.310501, 0.302937
1779.691500, -4.029039, 3, 4411.369360, 0.000000, 52, 23, -20, 107.166323, -0.076557, -0.328611, 0.343996
1780.204000, -3.999436, 3, 4422.777478, 0.000000, 51, 23, -20, 107.079521, -0.070111, -0.353075, 0.369028
1780.716500, -3.968959, 3, 4411.369360, 0.000000, 51, 23, -21, 107.138123, -0.052431, -0.375858, 0.496999
1781.228500, -3.937738, 3, 4411.369360, 0.000000, 51, 23, -22, 107.088455, -0.049932, -0.397850, 0.520854
1781.740500, -3.905856, 3, 4411.369360, 0.000000, 51, 24, -22, 107.107820, -0.036394, -0.424566, 0.592523
1782.252000, -3.873358, 3, 4399.992590, 0.000000, 51, 24, -22, 107.058383, -0.026664, -0.446778, 0.684947
1782.763500, -3.840246, 3, 4388.647003, 0.000000, 51, 24, -23, 107.080023, -0.021240, -0.473037, 0.756633
1783.275000, -3.806522, 3, 4377.332433, 0.000000, 51, 23, -23, 107.141089, -0.006732, -0.497403, 0.865970
1783.785500, -3.772188, 3, 4366.048715, 0.000000, 50, 23, -23, 106.986170, -0.007011, -0.514759, 0.940916
1784.296000, -3.737247, 3, 4354.795686, 0.000000, 50, 23, -24, 106.975410, -0.007155, -0.534369, 1.013137
1784.806000, -3.702029, 3, 4343.573184, 0.000000, 50, 23, -24, 106.965845, -0.009023, -0.551720, 1.173212
1785.315500, -3.666411, 3, 4332.381047, 0.000000, 50, 23, -24, 106.849438, -0.020949, -0.569086, 1.491114
1785.824000, -3.630681, 3, 4321.219116, 0.000000, 49, 23, -24, 106.698075, -0.034841, -0.588805, 1.526029
1786.332500, -3.594676, 3, 4310.087232, 0.000000, 49, 23, -24, 106.763463, -0.041785, -0.604280, 1.665834
1786.840000, -3.558519, 3, 4298.985236, 0.000000, 49, 23, -24, 106.543520, -0.068185, -0.626630, 1.681093
1787.347500, -3.522209, 3, 4298.985236, 0.000000, 49, 23, -24, 106.612074, -0.073129, -0.648756, 1.820883
1787.854000, -3.485789, 3, 4298.985236, 0.000000, 49, 23, -24, 106.431674, -0.081970, -0.669042, 1.941966
1788.359500, -3.449419, 3, 4298.985236, 0.000000, 49, 23, -24, 106.253002, -0.103577, -0.692000, 2.062271
1788.865000, -3.413019, 3, 4298.985236, 0.000000, 49, 23, -24, 106.291124, -0.098961, -0.709990, 2.056095
1789.369500, -3.376669, 3, 4298.985236, 0.000000, 49, 23, -24, 106.080456, -0.111659, -0.726333, 2.175048
1789.874000, -3.340529, 3, 4298.985236, 0.000000, 48, 23, -24, 106.158726, -0.113181, -0.744568, 2.256826
1790.377500, -3.304479, 3, 4298.985236, 0.000000, 48, 23, -24, 105.952569, -0.103905, -0.758055, 2.355167
1790.880500, -3.268556, 3, 4298.985236, 0.000000, 48, 22, -24, 105.891499, -0.111608, -0.770319, 2.454436
1791.383000, -3.232922, 3, 4298.985236, 0.000000, 48, 22, -24, 105.798841, -0.110397, -0.788555, 2.426246
1791.885000, -3.197493, 3, 4310.087232, 0.000000, 48, 22, -24, 105.742206, -0.102767, -0.801933, 2.524851
1792.387000, -3.162391, 3, 4321.219116, 0.000000, 48, 22, -24, 105.760493, -0.097221, -0.815447, 2.605324
1792.888000, -3.127692, 3, 4343.573184, 0.000000, 48, 21, -24, 105.605650, -0.079936, -0.832487, 2.730787
1793.389000, -3.093395, 3, 4354.795686, 0.000000, 48, 20, -24, 105.593326, -0.073531, -0.843920, 2.810079
1793.890000, -3.059498, 3, 4377.332433, 0.000000, 47, 20, -24, 105.622974, -0.060082, -0.858781, 2.851614
1794.390500, -3.026000, 3, 4388.647003, 0.000000, 47, 19, -24, 105.544349, -0.046297, -0.875776, 2.928603
1794.891000, -2.992978, 3, 4399.992590, 0.000000, 47, 18, -24, 105.579826, -0.028961, -0.885604, 2.970183
1795.391000, -2.960471, 3, 4411.369360, 0.000000, 47, 18, -24, 105.508861, -0.006704, -0.899265, 3.027271
1795.891500, -2.928516, 3, 4411.369360, 0.000000, 47, 17, -24, 105.621684, 0.006862, -0.911414, 3.071895
1796.391500, -2.897031, 3, 4422.777478, 0.000000, 47, 17, -24, 105.523650, 0.024574, -0.920790, 3.107804
1796.891500, -2.866135, 3, 4422.777478, 0.000000, 47, 16, -24, 105.571345, 0.038380, -0.932653, 3.149825
1797.392000, -2.835746, 3, 4434.217114, 0.000000, 47, 16, -24, 105.690086, 0.057862, -0.937067, 3.214987
1797.892000, -2.805901, 3, 4434.217114, 0.000000, 47, 16, -24, 105.604778, 0.071352, -0.944384, 3.230995
1798.392000, -2.776559, 3, 4434.217114, 0.000000, 47, 16, -24, 105.622507, 0.079879, -0.950142, 3.203154
1798.892500, -2.747718, 3, 4422.777478, 0.000000, 47, 16, -24, 105.717916, 0.094607, -0.952575, 3.248184
1799.392500, -2.719457, 3, 4411.369360, 0.000000, 47, 16, -24, 105.670177, 0.093931, -0.957436, 3.216423
1799.892500, -2.691694, 3, 4399.992590, 0.000000, 47, 16, -24, 105.664972, 0.098715, -0.954773, 3.255315
1800.393000, -2.664428, 3, 4388.647003, 0.000000, 47, 16, -24, 105.809285, 0.111003, -0.955203, 3.284510
1800.893000, -2.637578, 3, 4366.048715, 0.000000, 47, 16, -24, 105.730346, 0.100789, -0.955157, 3.269366
1801.392500, -2.611262, 3, 4366.048715, 0.000000, 47, 16, -24, 105.623234, 0.099054, -0.951591, 3.319894
1801.892500, -2.585439, 3, 4354.795686, 0.000000, 47, 16, -24, 105.771927, 0.099835, -0.949641, 3.369431
1802.391500, -2.560068, 3, 4354.795686, 0.000000, 47, 16, -24, 105.559351, 0.075553, -0.946050, 3.342434
1802.891000, -2.535226, 3, 4354.795686, 0.000000, 47, 16, -24, 105.683763, 0.074227, -0.944737, 3.370589
1803.390000, -2.510913, 3, 4366.048715, 0.000000, 47, 16, -24, 105.588475, 0.069023, -0.946550, 3.419834
1803.889000, -2.487087, 3, 4377.332433, 0.000000, 47, 16, -24, 105.602047, 0.047225, -0.945219, 3.389946
1804.387500, -2.463748, 3, 4388.647003, 0.000000, 47, 16, -24, 105.547839, 0.046290, -0.946420, 3.441642
1804.886500, -2.440895, 3, 4399.992590, 0.000000, 47, 16, -24, 105.637504, 0.046534, -0.942682, 3.506215
1805.385000, -2.418526, 3, 4411.369360, 0.000000, 47, 16, -24, 105.560005, 0.038806, -0.943258, 3.535229
1805.883500, -2.396758, 3, 4422.777478, 0.000000, 47, 16, -24, 105.556207, 0.052094, -0.947829, 3.482904
1806.382500, -2.375433, 3, 4434.217114, 0.000000, 47, 16, -24, 105.689541, 0.063855, -0.945991, 3.551931
1806.881000, -2.354746, 3, 4445.688435, 0.000000, 47, 16, -24, 105.621611, 0.065218, -0.948709, 3.492593
1807.380000, -2.334501, 3, 4445.688435, 0.000000, 47, 16, -24, 105.690298, 0.083475, -0.947279, 3.554990
1807.879000, -2.314852, 3, 4457.191612, 0.000000, 47, 16, -24, 105.741033, 0.095465, -0.947217, 3.488019
1808.378000, -2.295643, 3, 4457.191612, 0.000000, 47, 16, -24, 105.738112, 0.101664, -0.950936, 3.562127
1808.877000, -2.276990, 3, 4468.726816, 0.000000, 47, 15, -24, 105.787743, 0.113971, -0.950706, 3.602447
1809.376500, -2.258931, 3, 4480.294220, 0.000000, 47, 15, -24, 105.848256, 0.126503, -0.952495, 3.536279
1809.876000, -2.241387, 3, 4491.893997, 0.000000, 47, 15, -24, 105.896355, 0.127831, -0.952951, 3.596116
1810.375500, -2.224396, 3, 4503.526321, 0.000000, 47, 14, -24, 105.920502, 0.139815, -0.952557, 3.545101
1810.875500, -2.207958, 3, 4503.526321, 0.000000, 47, 14, -24, 106.017404, 0.146164, -0.955943, 3.591133
1811.376000, -2.192033, 3, 4515.191369, 0.000000, 47, 14, -24, 106.125829, 0.151913, -0.957168, 3.531087
1811.876500, -2.176698, 3, 4526.889318, 0.000000, 47, 14, -24, 106.150846, 0.164579, -0.958584, 3.587636
1812.377500, -2.161913, 3, 4538.620347, 0.000000, 47, 14, -24, 106.265731, 0.175826, -0.962587, 3.528657
1812.878500, -2.147562, 3, 4550.384635, 0.000000, 47, 14, -24, 106.252972, 0.179927, -0.959687, 3.511636
1813.380000, -2.133721, 3, 4574.013712, 0.000000, 47, 14, -24, 106.408689, 0.187437, -0.960160, 3.458631
1813.882000, -2.120468, 3, 4585.878866, 0.000000, 47, 13, -24, 106.489215, 0.196347, -0.957817, 3.502846
1814.384500, -2.107646, 3, 4609.711332, 0.000000, 47, 13, -24, 106.641690, 0.204564, -0.953326, 3.469986
1814.887500, -2.095217, 3, 4621.679016, 0.000000, 47, 12, -24, 106.728224, 0.216515, -0.952215, 3.515353
1815.391000, -2.083257, 3, 4633.681252, 0.000000, 47, 12, -24, 106.852143, 0.227787, -0.948886, 3.478689
1815.895500, -2.071650, 3, 4645.718229, 0.000000, 47, 11, -24, 107.081862, 0.242004, -0.942018, 3.459042
1816.400000, -2.060551, 3, 4657.790139, 0.000000, 47, 11, -24, 107.064183, 0.252849, -0.938584, 3.420275
1816.905500, -2.049881, 3, 4657.790139, 0.000000, 47, 10, -24, 107.309797, 0.270510, -0.934884, 3.472101
1817.411000, -2.039679, 3, 4669.897175, 0.000000, 47, 10, -24, 107.298056, 0.276470, -0.930808, 3.433902
1817.917500, -2.029829, 3, 4669.897175, 0.000000, 47, 10, -24, 107.504595, 0.279052, -0.930188, 3.412253
1818.425000, -2.020485, 3, 4682.039530, 0.000000, 47, 10, -24, 107.769886, 0.292594, -0.927649, 3.361397
1818.932500, -2.011454, 3, 4694.217400, 0.000000, 47, 9, -24, 107.755816, 0.292020, -0.925842, 3.342493
1819.441000, -2.002734, 3, 4694.217400, 0.000000, 47, 9, -24, 107.970553, 0.296284, -0.924561, 3.323787
1819.950000, -1.994364, 3, 4706.430980, 0.000000, 47, 9, -24, 108.086368, 0.305371, -0.923597, 3.287840
1820.460000, -1.986307, 3, 4706.430980, 0.000000, 47, 9, -24, 108.306485, 0.301942, -0.920530, 3.271171
1820.970500, -1.978676, 3, 4718.680470, 0.000000, 47, 8, -24, 108.416107, 0.314191, -0.915803, 3.254618
1821.481500, -1.971202, 3, 4718.680470, 0.000000, 47, 8, -24, 108.506714, 0.320432, -0.913597, 3.214492
1821.993000, -1.963961, 3, 4718.680470, 0.000000, 47, 8, -23, 108.643108, 0.310395, -0.906388, 3.223241
1822.505500, -1.956954, 3, 4730.966069, 0.000000, 47, 8, -23, 108.873507, 0.316846, -0.899201, 3.210335
1823.018500, -1.950219, 3, 4730.966069, 0.000000, 47, 8, -23, 108.959924, 0.308423, -0.896005, 3.189831
1823.532000, -1.943601, 3, 4743.287978, 0.000000, 47, 8, -23, 109.082445, 0.307104, -0.887476, 3.176463
1824.046500, -1.937178, 3, 4743.287978, 0.000000, 47, 8, -23, 109.307617, 0.314266, -0.882392, 3.183963
1824.561500, -1.930910, 3, 4755.646398, 0.000000, 47, 8, -23, 109.401723, 0.305743, -0.879381, 3.165271
1825.077000, -1.924798, 3, 4755.646398, 0.000000, 47, 8, -23, 109.531726, 0.307096, -0.872018, 3.153970
1825.593500, -1.918918, 3, 4768.041534, 0.000000, 47, 8, -23, 109.763796, 0.314154, -0.866763, 3.164221
1826.110000, -1.913156, 3, 4768.041534, 0.000000, 47, 7, -23, 109.719537, 0.304514, -0.866958, 3.136546
1826.628000, -1.907548, 3, 4780.473590, 0.000000, 47, 7, -23, 110.082667, 0.312441, -0.863650, 3.135289
1827.146000, -1.902097, 3, 4792.942775, 0.000000, 47, 7, -23, 110.095992, 0.311534, -0.862119, 3.139805
1827.665000, -1.896723, 3, 4792.942775, 0.000000, 47, 7, -23, 110.285150, 0.302818, -0.864325, 3.122055
1828.184500, -1.891543, 3, 4805.449295, 0.000000, 47, 7, -23, 110.397124, 0.311679, -0.863070, 3.107667
1828.705000, -1.886518, 3, 4805.449295, 0.000000, 47, 7, -23, 110.642858, 0.310769, -0.861498, 3.123432
1829.226000, -1.881610, 3, 4817.993360, 0.000000, 47, 7, -23, 110.727010, 0.307924, -0.865912, 3.103029
1829.747500, -1.876895, 3, 4817.993360, 0.000000, 47, 7, -23, 110.846534, 0.316767, -0.864445, 3.090605
1830.270000, -1.872297, 3, 4830.575182, 0.000000, 47, 6, -23, 111.048535, 0.314962, -0.866010, 3.077183
1830.793000, -1.867777, 3, 4843.194972, 0.000000, 47, 6, -23, 111.190824, 0.314118, -0.869401, 3.090601
1831.316500, -1.863373, 3, 4843.194972, 0.000000, 47, 5, -23, 111.270326, 0.315184, -0.867099, 3.089190
1831.841000, -1.859124, 3, 4855.852947, 0.000000, 47, 5, -23, 111.494912, 0.313733, -0.868474, 3.149545
1832.366000, -1.855029, 3, 4868.549320, 0.000000, 47, 4, -23, 111.611705, 0.314259, -0.869028, 3.157150
1832.891500, -1.850974, 3, 4868.549320, 0.000000, 47, 4, -23, 111.713986, 0.308007, -0.870685, 3.140818
1833.418000, -1.847074, 3, 4881.284310, 0.000000, 47, 4, -23, 111.915398, 0.313352, -0.871041, 3.149056
1833.945000, -1.843251, 3, 4881.284310, 0.000000, 47, 4, -23, 112.054851, 0.307633, -0.869961, 3.142072
1834.473000, -1.839583, 3, 4894.058136, 0.000000, 47, 4, -23, 112.260717, 0.313798, -0.872325, 3.111230
1835.001500, -1.836108, 3, 4906.871017, 0.000000, 47, 4, -23, 112.357335, 0.319975, -0.874661, 3.113863
1835.531000, -1.832633, 3, 4906.871017, 0.000000, 47, 3, -23, 112.616215, 0.323154, -0.876111, 3.117609
1836.061000, -1.829236, 3, 4919.723176, 0.000000, 47, 3, -23, 112.685694, 0.327444, -0.879510, 3.113190
1836.591500, -1.825839, 3, 4932.614838, 0.000000, 47, 3, -23, 112.789343, 0.327420, -0.875355, 3.117515
1837.123000, -1.822481, 3, 4945.546226, 0.000000, 47, 2, -23, 113.023567, 0.328494, -0.873064, 3.115631
1837.655500, -1.819239, 3, 4958.517569, 0.000000, 47, 2, -23, 113.228660, 0.331754, -0.874469, 3.106330
1838.188500, -1.815959, 3, 4958.517569, 0.000000, 47, 2, -23, 113.356383, 0.332793, -0.872223, 3.096752
1838.722000, -1.812679, 3, 4971.529095, 0.000000, 47, 2, -24, 113.452412, 0.333788, -0.869993, 3.119497
1839.257000, -1.809360, 3, 4984.581035, 0.000000, 47, 3, -24, 113.776099, 0.336649, -0.866586, 3.123006
1839.792000, -1.806042, 3, 4984.581035, 0.000000, 47, 3, -24, 113.782563, 0.331677, -0.862915, 3.120794
1840.328500, -1.802685, 3, 4997.673620, 0.000000, 47, 3, -24, 114.110962, 0.345324, -0.860361, 3.126563
1840.865000, -1.799290, 3, 4997.673620, 0.000000, 47, 2, -24, 114.104557, 0.344439, -0.859344, 3.140783
1841.403000, -1.795934, 3, 5010.807084, 0.000000, 47, 2, -24, 114.424308, 0.346566, -0.858913, 3.124299
1841.941500, -1.792463, 3, 5010.807084, 0.000000, 47, 1, -24, 114.533223, 0.351140, -0.854359, 3.150695
1842.480500, -1.788953, 3, 5010.807084, 0.000000, 47, 1, -24, 114.680307, 0.345761, -0.853609, 3.234614
1843.020500, -1.785559, 3, 5010.807084, 0.000000, 47, 1, -24, 114.829886, 0.344605, -0.855589, 3.231333
1843.561000, -1.782165, 3, 5010.807084, 0.000000, 47, 1, -24, 115.000354, 0.346499, -0.858030, 3.213473
1844.102500, -1.778848, 3, 5023.981664, 0.000000, 47, 1, -24, 115.185616, 0.341168, -0.865427, 3.220892
1844.644500, -1.775532, 3, 5023.981664, 0.000000, 47, 0, -24, 115.281697, 0.338637, -0.873486, 3.201286
1845.187000, -1.772255, 3, 5023.981664, 0.000000, 47, 0, -24, 115.422558, 0.335479, -0.876961, 3.215957
1845.730500, -1.769093, 3, 5037.197596, 0.000000, 47, 0, -24, 115.622505, 0.328299, -0.885819, 3.186158
1846.274500, -1.765971, 3, 5037.197596, 0.000000, 47, 0, -24, 115.737873, 0.328098, -0.892746, 3.280667
1846.819000, -1.762887, 3, 5037.197596, 0.000000, 47, 0, -24, 115.844692, 0.318911, -0.898099, 3.263373
1847.364500, -1.759803, 3, 5050.455119, 0.000000, 47, 0, -24, 116.063815, 0.323604, -0.904352, 3.260528
1847.910500, -1.756796, 3, 5050.455119, 0.000000, 47, 0, -24, 116.156499, 0.316777, -0.905604, 3.259316
1848.457000, -1.753752, 3, 5063.754474, 0.000000, 47, 0, -24, 116.271349, 0.312988, -0.907400, 3.331709
1849.004000, -1.750784, 3, 5063.754474, 0.000000, 47, 0, -24, 116.398887, 0.310994, -0.907976, 3.341180
1849.552000, -1.747855, 3, 5077.095905, 0.000000, 47, 0, -24, 116.618274, 0.307248, -0.909841, 3.317273
1850.100500, -1.744926, 3, 5077.095905, 0.000000, 47, 0, -24, 116.691530, 0.306600, -0.912253, 3.308367
1850.649500, -1.741959, 3, 5090.479654, 0.000000, 47, 0, -24, 116.826383, 0.306000, -0.911739, 3.319676
1851.199500, -1.738954, 3, 5090.479654, 0.000000, 47, 0, -24, 117.033641, 0.305422, -0.911259, 3.312764
1851.750000, -1.735987, 3, 5103.905970, 0.000000, 47, 0, -25, 117.143881, 0.304842, -0.910781, 3.315395
1852.301000, -1.732982, 3, 5103.905970, 0.000000, 47, 0, -25, 117.277199, 0.308053, -0.907540, 3.392147
1852.853000, -1.729939, 3, 5117.375099, 0.000000, 47, -1, -25, 117.463101, 0.313594, -0.910711, 3.377590
1853.405000, -1.726857, 3, 5130.887293, 0.000000, 47, -1, -25, 117.481044, 0.307261, -0.909593, 3.389845
1853.958000, -1.723698, 3, 5130.887293, 0.000000, 47, -1, -25, 117.680047, 0.307678, -0.905920, 3.488843
1854.512000, -1.720501, 3, 5144.442803, 0.000000, 47, -1, -25, 117.923702, 0.313572, -0.905980, 3.472804
1855.066500, -1.717151, 3, 5144.442803, 0.000000, 47, -1, -25, 117.998722, 0.307554, -0.901842, 3.482600
1855.621500, -1.713762, 3, 5158.041882, 0.000000, 47, -1, -25, 118.147575, 0.316521, -0.902314, 3.475368
1856.177000, -1.710257, 3, 5158.041882, 0.000000, 47, 0, -25, 118.227376, 0.314259, -0.903443, 3.485993
1856.733500, -1.706753, 3, 5171.684787, 0.000000, 47, 0, -25, 118.459869, 0.307803, -0.899546, 3.487224
1857.290500, -1.703134, 3, 5185.371775, 0.000000, 47, 0, -25, 118.588046, 0.316434, -0.899949, 3.471511
1857.848000, -1.699361, 3, 5185.371775, 0.000000, 47, 0, -25, 118.675074, 0.315900, -0.899707, 3.483642
1858.406500, -1.695472, 3, 5199.103106, 0.000000, 47, 0, -25, 118.864820, 0.315674, -0.899435, 3.578233
1858.965500, -1.691546, 3, 5199.103106, 0.000000, 47, 0, -25, 119.028935, 0.318327, -0.902360, 3.575059
1859.525000, -1.687581, 3, 5212.879042, 0.000000, 47, -1, -25, 119.089540, 0.309136, -0.904454, 3.641668
1860.085500, -1.683655, 3, 5212.879042, 0.000000, 47, -1, -25, 119.337074, 0.316925, -0.905922, 3.648034
1860.646500, -1.679691, 3, 5226.699846, 0.000000, 46, -2, -25, 119.453598, 0.321043, -0.913593, 3.625357
1861.208000, -1.675843, 3, 5226.699846, 0.000000, 46, -2, -25, 119.550331, 0.317959, -0.919253, 3.704352
1861.770500, -1.671995, 3, 5226.699846, 0.000000, 46, -2, -25, 119.750504, 0.326896, -0.925497, 3.691525
1862.333000, -1.668224, 3, 5226.699846, 0.000000, 46, -3, -25, 119.797959, 0.317308, -0.937263, 3.661738
1862.897000, -1.664492, 3, 5226.699846, 0.000000, 46, -3, -25, 120.081515, 0.322129, -0.944727, 3.747456
1863.461000, -1.660914, 3, 5226.699846, 0.000000, 46, -3, -25, 120.107825, 0.326594, -0.955424, 3.707602
1864.025500, -1.657337, 3, 5226.699846, 0.000000, 46, -3, -25, 120.191512, 0.314268, -0.967412, 3.690251
1864.591000, -1.653913, 3, 5240.565784, 0.000000, 46, -4, -25, 120.429491, 0.317863, -0.973398, 3.756453
1865.156500, -1.650528, 3, 5240.565784, 0.000000, 46, -4, -25, 120.418026, 0.307303, -0.980965, 3.743184
1865.723000, -1.647259, 3, 5240.565784, 0.000000, 46, -4, -25, 120.661865, 0.301432, -0.987062, 3.723160
1866.290000, -1.643990, 3, 5240.565784, 0.000000, 46, -4, -25, 120.757116, 0.308262, -0.986967, 3.795837
1866.857500, -1.640798, 3, 5254.477123, 0.000000, 46, -4, -25, 120.852905, 0.296407, -0.993341, 3.757117
1867.425500, -1.637606, 3, 5254.477123, 0.000000, 46, -4, -25, 120.980408, 0.296748, -0.993478, 3.754301
1867.994000, -1.634453, 3, 5254.477123, 0.000000, 47, -4, -25, 121.084334, 0.295540, -0.992092, 3.740529
1868.563000, -1.631224, 3, 5268.434134, 0.000000, 47, -4, -25, 121.191095, 0.283600, -0.992598, 3.815129
1869.132500, -1.628071, 3, 5268.434134, 0.000000, 46, -4, -25, 121.300682, 0.289966, -0.986526, 3.802333
1869.703000, -1.624880, 3, 5268.434134, 0.000000, 46, -4, -25, 121.514219, 0.288740, -0.985281, 3.789009
1870.273500, -1.621612, 3, 5282.437089, 0.000000, 46, -4, -25, 121.528307, 0.281750, -0.984239, 3.866159
1870.844500, -1.618460, 3, 5282.437089, 0.000000, 46, -5, -25, 121.645728, 0.283587, -0.983022, 3.831093
1871.416500, -1.615231, 3, 5296.486260, 0.000000, 46, -5, -25, 121.842826, 0.282721, -0.981744, 3.919947
1871.989000, -1.612118, 3, 5296.486260, 0.000000, 46, -5, -25, 121.966447, 0.285121, -0.983400, 3.886214
1872.561500, -1.609005, 3, 5296.486260, 0.000000, 46, -6, -25, 121.966678, 0.285519, -0.983856, 3.888533
1873.135000, -1.605854, 3, 5310.581925, 0.000000, 46, -6, -25, 122.197610, 0.292657, -0.986795, 3.943953
1873.708500, -1.602741, 3, 5310.581925, 0.000000, 46, -6, -25, 122.178281, 0.281058, -0.991246, 3.934780
1874.283000, -1.599667, 3, 5324.724362, 0.000000, 46, -5, -25, 122.364890, 0.278722, -0.994954, 3.903496
1874.858000, -1.596631, 3, 5324.724362, 0.000000, 46, -5, -25, 122.528873, 0.285563, -0.997995, 3.884669
1875.433500, -1.593519, 3, 5338.913850, 0.000000, 46, -5, -25, 122.619294, 0.278181, -1.000777, 3.877437
1876.009500, -1.590368, 3, 5353.150673, 0.000000, 46, -5, -25, 122.712452, 0.283138, -0.999493, 3.958501
1876.586000, -1.587141, 3, 5353.150673, 0.000000, 46, -5, -25, 122.834547, 0.285079, -0.998322, 3.940737
1877.163000, -1.583876, 3, 5367.435115, 0.000000, 46, -6, -25, 122.959600, 0.277820, -0.998130, 3.923540
1877.741000, -1.580496, 3, 5381.767463, 0.000000, 46, -6, -25, 123.162202, 0.290646, -0.994178, 4.008215
1878.319500, -1.577000, 3, 5381.767463, 0.000000, 46, -6, -25, 123.266447, 0.299965, -0.990714, 4.003472
1878.898500, -1.573467, 3, 5396.148006, 0.000000, 46, -6, -25, 123.400059, 0.299787, -0.985186, 3.988123
1879.478000, -1.569933, 3, 5410.577037, 0.000000, 46, -6, -25, 123.512895, 0.307785, -0.983385, 3.960959
1880.058000, -1.566323, 3, 5425.054848, 0.000000, 46, -6, -25, 123.575100, 0.300524, -0.983383, 4.044068
1880.639000, -1.562752, 3, 5425.054848, 0.000000, 46, -7, -25, 123.845391, 0.307552, -0.986161, 4.022827
1881.220000, -1.559181, 3, 5439.581736, 0.000000, 46, -7, -25, 123.816146, 0.307610, -0.991488, 4.080080
1881.802000, -1.555495, 3, 5454.158000, 0.000000, 46, -8, -25, 124.065383, 0.309044, -0.995056, 4.071371
1882.385000, -1.551771, 3, 5454.158000, 0.000000, 46, -8, -25, 124.267022, 0.317949, -0.999116, 4.061768
1882.968500, -1.547970, 3, 5468.783939, 0.000000, 46, -8, -25, 124.370736, 0.316022, -1.003187, 4.048853
1883.552500, -1.544170, 3, 5483.459858, 0.000000, 46, -8, -25, 124.454578, 0.321115, -1.004807, 4.023709
1884.137000, -1.540293, 3, 5498.186061, 0.000000, 46, -8, -25, 124.614529, 0.329266, -1.005850, 4.014029
1884.722500, -1.536339, 3, 5498.186061, 0.000000, 46, -8, -25, 124.805109, 0.326967, -1.007001, 4.082617
1885.308500, -1.532310, 3, 5527.790557, 0.000000, 46, -8, -25, 124.926101, 0.335538, -1.007799, 4.048833
1885.895500, -1.528126, 3, 5542.669473, 0.000000, 46, -8, -25, 125.139323, 0.343556, -1.005598, 4.066977
1886.483000, -1.523829, 3, 5542.669473, 0.000000, 46, -9, -25, 125.238317, 0.339897, -1.005463, 4.132527
1887.071500, -1.519454, 3, 5557.599921, 0.000000, 46, -9, -25, 125.490983, 0.349732, -1.004408, 4.119255
1887.660500, -1.515004, 3, 5572.582219, 0.000000, 46, -10, -25, 125.596106, 0.351732, -1.003179, 4.098180
1888.250500, -1.510476, 3, 5587.616688, 0.000000, 46, -10, -25, 125.776123, 0.357312, -1.004393, 4.093634
1888.841500, -1.505835, 3, 5587.616688, 0.000000, 46, -10, -25, 126.044537, 0.373407, -1.005110, 4.060476
1889.433000, -1.501116, 3, 5602.703649, 0.000000, 46, -10, -25, 126.101577, 0.376571, -1.002081, 4.148729
1890.025000, -1.496322, 3, 5617.843431, 0.000000, 46, -11, -25, 126.226296, 0.373910, -1.008213, 4.107322
1890.618000, -1.491490, 3, 5633.036360, 0.000000, 46, -11, -25, 126.496747, 0.380260, -1.012297, 4.099737
1891.212000, -1.486504, 3, 5648.282767, 0.000000, 46, -11, -24, 126.670138, 0.377001, -1.015389, 4.086088
1891.807000, -1.481443, 3, 5663.582988, 0.000000, 46, -12, -24, 126.875560, 0.383699, -1.022582, 4.063796
1892.402500, -1.476151, 3, 5678.937357, 0.000000, 46, -12, -24, 127.025787, 0.393648, -1.021145, 4.148984
1892.999000, -1.470669, 3, 5694.346214, 0.000000, 46, -13, -23, 127.228574, 0.389018, -1.018372, 4.150838
1893.596500, -1.464957, 3, 5709.809902, 0.000000, 47, -13, -22, 127.442952, 0.398938, -1.016784, 4.131150
1894.195000, -1.458901, 3, 5725.328765, 0.000000, 47, -13, -22, 127.680708, 0.409185, -1.010207, 4.125643
1894.794000, -1.452577, 3, 5740.903151, 0.000000, 47, -13, -22, 127.782923, 0.410041, -1.001463, 4.056115
1895.394000, -1.446023, 3, 5756.533409, 0.000000, 47, -13, -21, 128.006035, 0.418328, -0.997150, 4.039028
1895.995500, -1.439164, 3, 5772.219895, 0.000000, 47, -13, -21, 128.331414, 0.423940, -0.988615, 4.031750
1896.597500, -1.431885, 3, 5787.962963, 0.000000, 47, -13, -20, 128.471044, 0.422449, -0.983506, 4.043219
1897.200500, -1.424223, 3, 5803.762973, 0.000000, 47, -14, -20, 128.643072, 0.429931, -0.980786, 4.046510
1897.804500, -1.416140, 3, 5819.620288, 0.000000, 47, -14, -20, 128.916682, 0.437620, -0.973143, 4.059876
1898.410000, -1.407753, 3, 5819.620288, 0.000000, 47, -15, -20, 129.222830, 0.442295, -0.966221, 4.065733
1899.016000, -1.398945, 3, 5835.535272, 0.000000, 47, -15, -19, 129.334107, 0.448675, -0.965201, 4.053357
1899.623000, -1.389680, 3, 5835.535272, 0.000000, 47, -15, -19, 129.585113, 0.458138, -0.958457, 4.078168
1900.231000, -1.379918, 3, 5851.508294, 0.000000, 47, -15, -19, 129.770163, 0.455394, -0.955420, 3.997583
1900.840000, -1.369698, 3, 5867.539726, 0.000000, 47, -15, -19, 130.037453, 0.456104, -0.954541, 3.914586
1901.450000, -1.358944, 3, 5867.539726, 0.000000, 47, -15, -19, 130.246358, 0.457968, -0.946878, 3.936953
1902.061000, -1.347542, 3, 5883.629941, 0.000000, 47, -15, -19, 130.457566, 0.454448, -0.944178, 3.872207
1902.673000, -1.335606, 3, 5899.779318, 0.000000, 47, -15, -19, 130.732403, 0.458068, -0.942494, 3.880004
1903.286000, -1.323022, 3, 5915.988237, 0.000000, 47, -15, -19, 130.917590, 0.457852, -0.933872, 3.824958
1903.900000, -1.309715, 3, 5915.988237, 0.000000, 47, -15, -19, 131.166536, 0.455619, -0.929120, 3.842606
1904.515000, -1.295836, 3, 5932.257083, 0.000000, 47, -16, -19, 131.386993, 0.459546, -0.922316, 3.869043
1905.131000, -1.281234, 3, 5932.257083, 0.000000, 47, -16, -19, 131.640668, 0.464414, -0.913592, 3.888495
1905.748000, -1.266101, 3, 5948.586242, 0.000000, 47, -17, -19, 131.847930, 0.465357, -0.912618, 3.815219
1906.365500, -1.250283, 3, 5948.586242, 0.000000, 47, -17, -19, 131.995424, 0.462413, -0.909775, 3.845907
1906.984500, -1.233934, 3, 5964.976105, 0.000000, 47, -17, -19, 132.349775, 0.462416, -0.910755, 3.845194
1907.604500, -1.216940, 3, 5981.427066, 0.000000, 47, -18, -19, 132.581809, 0.465988, -0.913798, 3.787963
1908.225000, -1.199339, 3, 5997.939522, 0.000000, 47, -18, -19, 132.701696, 0.462213, -0.917849, 3.793707
1908.847000, -1.181132, 3, 5997.939522, 0.000000, 47, -19, -19, 133.032608, 0.469234, -0.924563, 3.803788
1909.469500, -1.162319, 3, 6014.513874, 0.000000, 47, -19, -19, 133.174741, 0.464270, -0.930814, 3.736545
1910.093000, -1.142748, 3, 6031.150526, 0.000000, 47, -19, -19, 133.416011, 0.458614, -0.934001, 3.770405
1910.717500, -1.122496, 3, 6047.849885, 0.000000, 47, -20, -19, 133.657721, 0.466336, -0.938874, 3.682936
1911.343000, -1.101487, 3, 6047.849885, 0.000000, 47, -20, -19, 133.903574, 0.460212, -0.937481, 3.718526
1911.969500, -1.079721, 3, 6064.612362, 0.000000, 47, -20, -19, 134.135137, 0.460944, -0.936848, 3.653491
1912.597000, -1.057199, 3, 6081.438372, 0.000000, 47, -20, -19, 134.417180, 0.468995, -0.934984, 3.595932
1913.225500, -1.033921, 3, 6098.328332, 0.000000, 47, -20, -19, 134.637254, 0.464629, -0.929690, 3.606953
1913.855000, -1.009850, 3, 6115.282665, 0.000000, 47, -21, -19, 134.891932, 0.473881, -0.925617, 3.645978
1914.485500, -0.984987, 3, 6132.301796, 0.000000, 47, -22, -19, 135.116931, 0.482311, -0.923532, 3.570787
1915.117000, -0.959141, 3, 6149.386154, 0.000000, 47, -22, -19, 135.391724, 0.483005, -0.917764, 3.625104
1915.749500, -0.932428, 3, 6149.386154, 0.000000, 47, -23, -19, 135.653637, 0.491739, -0.915411, 3.632912
1916.382500, -0.904848, 3, 6166.536171, 0.000000, 47, -23, -19, 135.772506, 0.486366, -0.912254, 3.600051
1917.017000, -0.876325, 3, 6183.752285, 0.000000, 47, -23, -19, 136.166911, 0.488710, -0.907537, 3.529409
1917.652500, -0.846861, 3, 6201.034935, 0.000000, 47, -22, -19, 136.386778, 0.489327, -0.906841, 3.566436
1918.288500, -0.816378, 3, 6218.384565, 0.000000, 47, -23, -19, 136.576350, 0.484393, -0.901923, 3.522637
1918.926000, -0.784880, 3, 6235.801625, 0.000000, 47, -23, -19, 136.927781, 0.494245, -0.895593, 3.569461
1919.564000, -0.752289, 3, 6253.286565, 0.000000, 47, -23, -19, 137.073942, 0.489953, -0.890367, 3.607639
1920.203000, -0.718568, 3, 6270.839841, 0.000000, 47, -23, -19, 137.349442, 0.486023, -0.883334, 3.567186
1920.843500, -0.683756, 3, 6288.461915, 0.000000, 47, -23, -19, 137.739434, 0.503005, -0.876945, 3.610854
1921.484500, -0.647815, 3, 6306.153249, 0.000000, 47, -23, -19, 137.891803, 0.497783, -0.873806, 3.651081
1922.127000, -0.610785, 3, 6323.914313, 0.000000, 47, -23, -19, 138.253101, 0.508240, -0.865271, 3.614926
1922.770000, -0.572664, 3, 6341.745577, 0.000000, 47, -23, -19, 138.442358, 0.518756, -0.863379, 3.650586
1923.414000, -0.533491, 3, 6341.745577, 0.000000, 47, -24, -19, 138.680762, 0.505905, -0.862108, 3.694632
1924.059000, -0.493305, 3, 6359.647520, 0.000000, 47, -24, -19, 138.987047, 0.517738, -0.862886, 3.727920
1924.705000, -0.452067, 3, 6377.620622, 0.000000, 47, -25, -19, 139.248760, 0.520881, -0.869379, 3.754344
1925.352000, -0.409853, 3, 6377.620622, 0.000000, 46, -25, -19, 139.559581, 0.519280, -0.876533, 3.789608
1926.000000, -0.366700, 3, 6395.665368, 0.000000, 46, -26, -19, 139.812406, 0.530799, -0.885899, 3.804324
1926.648500, -0.322646, 3, 6395.665368, 0.000000, 46, -26, -19, 139.968399, 0.520764, -0.899073, 3.924296
1927.298000, -0.277578, 3, 6413.782248, 0.000000, 46, -27, -19, 140.272779, 0.518406, -0.910182, 3.948762
1927.948500, -0.231569, 3, 6413.782248, 0.000000, 46, -27, -18, 140.566460, 0.524437, -0.924034, 3.960710
1928.599500, -0.184544, 3, 6413.782248, 0.000000, 46, -28, -18, 140.729560, 0.515087, -0.935490, 3.906967
1929.252000, -0.136577, 3, 6431.971755, 0.000000, 46, -28, -18, 141.120860, 0.525334, -0.942160, 3.937411
1929.905000, -0.087592, 3, 6431.971755, 0.000000, 46, -27, -18, 141.309199, 0.521281, -0.951130, 3.954292
1930.558500, -0.037550, 3, 6450.234388, 0.000000, 46, -27, -18, 141.512731, 0.509911, -0.953613, 3.897500
1931.213000, 0.013438, 3, 6468.570650, 0.000000, 46, -27, -18, 141.752116, 0.512671, -0.955622, 3.924240
1931.868000, 0.065561, 3, 6468.570650, 0.000000, 46, -28, -18, 141.993917, 0.503796, -0.958650, 3.951783
1932.524000, 0.118671, 3, 6486.981048, 0.000000, 46, -28, -18, 142.271752, 0.500973, -0.956779, 3.975233
1933.180500, 0.172883, 3, 6505.466094, 0.000000, 46, -29, -17, 142.451038, 0.502671, -0.955973, 4.014131
1933.838000, 0.228161, 3, 6505.466094, 0.000000, 46, -29, -17, 142.767420, 0.494858, -0.956967, 4.034495
1934.496000, 0.284432, 3, 6524.026305, 0.000000, 46, -30, -16, 142.939503, 0.489729, -0.956554, 4.061232
1935.155000, 0.341737, 3, 6524.026305, 0.000000, 46, -30, -15, 143.260941, 0.492987, -0.958431, 4.083499
1935.814500, 0.400115, 3, 6542.662203, 0.000000, 46, -30, -15, 143.471817, 0.493603, -0.961848, 4.107058
1936.475000, 0.459571, 3, 6542.662203, 0.000000, 46, -30, -15, 143.753055, 0.500770, -0.965064, 4.034409
1937.136000, 0.520070, 3, 6561.374312, 0.000000, 46, -30, -14, 143.980219, 0.505837, -0.967751, 4.073036
1937.797500, 0.581804, 3, 6561.374312, 0.000000, 46, -31, -13, 144.164536, 0.503721, -0.971046, 4.015359
1938.460000, 0.644818, 3, 6580.163165, 0.000000, 46, -30, -12, 144.475236, 0.502675, -0.970170, 4.060210
1939.123000, 0.709076, 3, 6599.029298, 0.000000, 46, -30, -12, 144.709053, 0.502683, -0.965049, 4.013154
1939.786000, 0.774623, 3, 6599.029298, 0.000000, 46, -30, -11, 144.797840, 0.491219, -0.959789, 3.970168
1940.450500, 0.841425, 3, 6617.973250, 0.000000, 46, -30, -11, 145.241077, 0.493812, -0.953117, 3.987318
1941.117000, 0.909146, 3, 6636.995569, 0.000000, 46, -31, -10, 145.310501, 0.483273, -0.943739, 3.963014
1941.788500, 0.975318, 3, 6636.995569, 0.000000, 46, -31, -9, 145.755075, 0.482463, -0.931842, 4.026836
1942.461000, 1.039216, 3, 6636.995569, 0.000000, 47, -31, -5, 145.896623, 0.493140, -0.918288, 3.995464
1943.135000, 1.100991, 3, 6656.096804, 0.000000, 47, -30, -3, 146.197440, 0.488568, -0.901453, 3.975700
1943.810000, 1.160755, 3, 6656.096804, 0.000000, 47, -29, -4, 146.372429, 0.492951, -0.882592, 3.897817
1944.487000, 1.218506, 3, 6675.277511, 0.000000, 48, -28, -6, 146.754971, 0.501580, -0.862546, 3.885201
1945.164500, 1.274279, 3, 6694.538253, 0.000000, 48, -26, -6, 146.844310, 0.490678, -0.838669, 3.789095
1945.843500, 1.328186, 3, 6733.302107, 0.000000, 47, -25, -5, 147.111377, 0.492085, -0.808552, 3.819835
1946.523500, 1.380224, 3, 6752.806369, 0.000000, 47, -25, -5, 147.316356, 0.483105, -0.785228, 3.726697
1947.205000, 1.430505, 3, 6772.392962, 0.000000, 48, -25, 0, 147.585532, 0.464069, -0.757302, 3.846385
1947.887500, 1.479065, 3, 6792.062473, 0.000000, 48, -25, 3, 147.811781, 0.462382, -0.730938, 3.781053
1948.571500, 1.525939, 3, 6792.062473, 0.000000, 48, -24, 3, 148.073635, 0.454573, -0.712149, 3.800507
1949.257000, 1.571124, 3, 6792.062473, 0.000000, 48, -23, 3, 148.389455, 0.456923, -0.686679, 3.755795
1949.943500, 1.614539, 3, 6792.062473, 0.000000, 48, -22, 0, 148.575084, 0.457582, -0.667710, 3.770014
1950.631500, 1.656221, 3, 6811.815497, 0.000000, 48, -21, 0, 148.874721, 0.465474, -0.656823, 3.699729
1951.321000, 1.696165, 3, 6831.652632, 0.000000, 47, -20, -2, 149.184356, 0.473883, -0.641791, 3.643387
1952.011500, 1.734407, 3, 6871.581661, 0.000000, 47, -19, -2, 149.382145, 0.482742, -0.635726, 3.584456
1952.702500, 1.770983, 3, 6891.674781, 0.000000, 47, -18, -1, 149.468148, 0.477313, -0.633810, 3.522618
1953.395500, 1.805926, 3, 6911.854465, 0.000000, 48, -18, 0, 149.867303, 0.477747, -0.624135, 3.487724
1954.089000, 1.839235, 3, 6911.854465, 0.000000, 48, -18, 2, 149.989891, 0.461068, -0.624343, 3.511162
1954.784500, 1.870945, 3, 6932.121342, 0.000000, 48, -17, 2, 150.382130, 0.460904, -0.618752, 3.464186
1955.481000, 1.901053, 3, 6932.121342, 0.000000, 48, -17, 1, 150.584614, 0.463255, -0.611473, 3.407365
1956.179000, 1.929517, 3, 6932.121342, 0.000000, 47, -17, 0, 150.874194, 0.456242, -0.606898, 3.371079
1956.878500, 1.956296, 3, 6952.476046, 0.000000, 47, -16, 0, 151.217708, 0.469397, -0.599545, 3.302672
1957.579000, 1.981426, 3, 6952.476046, 0.000000, 46, -16, 4, 151.396275, 0.475722, -0.593124, 3.263472
1958.281000, 2.005059, 3, 6972.919217, 0.000000, 47, -15, 4, 151.723016, 0.483802, -0.589242, 3.225598
1958.984000, 2.027154, 3, 6972.919217, 0.000000, 47, -15, 4, 151.895108, 0.496144, -0.586088, 3.173968
1959.688500, 2.047670, 3, 6972.919217, 0.000000, 47, -14, 1, 152.258270, 0.497780, -0.581055, 3.134114
1960.394500, 2.066643, 3, 6993.451501, 0.000000, 47, -13, 0, 152.552378, 0.499171, -0.576186, 3.012833
1961.101500, 2.084150, 3, 7034.786026, 0.000000, 46, -12, 0, 152.734685, 0.498419, -0.570978, 2.975503
1961.809500, 2.100071, 3, 7034.786026, 0.000000, 46, -12, 2, 152.987595, 0.489078, -0.564339, 2.932746
1962.518500, 2.114484, 3, 7055.589591, 0.000000, 45, -12, 4, 153.171389, 0.482081, -0.557899, 2.983969
1963.229500, 2.127308, 3, 7055.589591, 0.000000, 45, -13, 7, 153.608187, 0.476722, -0.555875, 2.941088
1963.941500, 2.138503, 3, 7034.786026, 0.000000, 45, -14, 9, 153.786054, 0.478145, -0.552793, 2.892195
1964.655500, 2.148145, 3, 7034.786026, 0.000000, 45, -14, 11, 154.231806, 0.490268, -0.551447, 2.863600
1965.370000, 2.156273, 3, 7034.786026, 0.000000, 45, -14, 12, 154.341248, 0.490562, -0.553056, 2.733043
1966.086500, 2.162886, 3, 7034.786026, 0.000000, 45, -14, 12, 154.788342, 0.500118, -0.551684, 2.705579
1966.804500, 2.168060, 3, 7055.589591, 0.000000, 45, -13, 13, 155.081648, 0.511608, -0.550835, 2.575499
1967.523500, 2.171873, 3, 7055.589591, 0.000000, 44, -13, 12, 155.319682, 0.521073, -0.547687, 2.476963
1968.243500, 2.174324, 3, 7076.484917, 0.000000, 44, -12, 13, 155.516120, 0.526920, -0.539594, 2.368379
1968.965000, 2.175492, 3, 7118.553576, 0.000000, 44, -12, 14, 155.825293, 0.524303, -0.528192, 2.265350
1969.688000, 2.175453, 3, 7139.728284, 0.000000, 44, -12, 14, 156.176921, 0.513625, -0.513114, 2.260986
1970.412000, 2.174207, 3, 7182.361951, 0.000000, 44, -13, 14, 156.374916, 0.505088, -0.498363, 2.153380
1971.138000, 2.171873, 3, 7225.379356, 0.000000, 44, -13, 14, 156.811139, 0.510423, -0.479187, 2.082645
1971.865000, 2.168449, 3, 7268.786282, 0.000000, 44, -12, 14, 157.051861, 0.504520, -0.460677, 1.898190
1972.594000, 2.164053, 3, 7312.588630, 0.000000, 43, -12, 14, 157.446864, 0.513787, -0.442556, 1.817853
1973.324000, 2.158724, 3, 7379.046760, 0.000000, 43, -12, 14, 157.673021, 0.519438, -0.419481, 1.762660
1974.056000, 2.152501, 3, 7423.864253, 0.000000, 43, -11, 13, 158.138859, 0.535353, -0.400447, 1.590338
1974.789500, 2.145462, 3, 7469.098767, 0.000000, 43, -11, 13, 158.435714, 0.551447, -0.381211, 1.530872
1975.525000, 2.137686, 3, 7514.756758, 0.000000, 43, -11, 13, 158.886388, 0.573191, -0.354084, 1.487651
1976.261500, 2.129173, 3, 7560.844818, 0.000000, 43, -10, 12, 159.071556, 0.578118, -0.335531, 1.335068
1977.000500, 2.120001, 3, 7584.052220, 0.000000, 42, -10, 12, 159.628001, 0.592802, -0.311719, 1.285408
1977.740500, 2.110171, 3, 7607.369671, 0.000000, 42, -10, 12, 159.855097, 0.600717, -0.289020, 1.231475
1978.483000, 2.099722, 3, 7630.798036, 0.000000, 42, -10, 11, 160.411790, 0.613618, -0.276208, 1.094527
1979.226500, 2.088654, 3, 7654.338184, 0.000000, 41, -10, 11, 160.610282, 0.625529, -0.256356, 1.055815
1979.972500, 2.077045, 3, 7677.990998, 0.000000, 41, -10, 11, 161.138287, 0.632472, -0.240132, 1.022049
1980.720000, 2.064897, 3, 7677.990998, 0.000000, 41, -11, 10, 161.477744, 0.642937, -0.229114, 0.886787
1981.469000, 2.052209, 3, 7677.990998, 0.000000, 41, -11, 10, 161.823566, 0.643133, -0.214015, 0.852082
1982.220500, 2.039020, 3, 7701.757367, 0.000000, 41, -10, 10, 162.345526, 0.657651, -0.205617, 0.806517
1982.973500, 2.025332, 3, 7725.638189, 0.000000, 40, -10, 9, 162.662481, 0.663533, -0.196109, 0.698871
1983.728500, 2.011221, 3, 7749.634374, 0.000000, 40, -10, 9, 163.114140, 0.669846, -0.184194, 0.658099
1984.485000, 1.996728, 3, 7749.634374, 0.000000, 40, -11, 9, 163.431154, 0.673612, -0.174349, 0.550663
1985.244000, 1.981852, 3, 7749.634374, 0.000000, 39, -11, 8, 163.959553, 0.679522, -0.164853, 0.518256
1986.004500, 1.966594, 3, 7749.634374, 0.000000, 39, -11, 8, 164.311848, 0.680875, -0.156543, 0.496766
1986.767000, 1.950993, 3, 7749.634374, 0.000000, 39, -11, 8, 164.734632, 0.693247, -0.148127, 0.383210
1987.531500, 1.935088, 3, 7773.746840, 0.000000, 38, -11, 7, 165.157449, 0.692477, -0.139463, 0.357676
1988.297500, 1.918957, 3, 7797.976515, 0.000000, 38, -11, 7, 165.515930, 0.694163, -0.129280, 0.260805
1989.065500, 1.902561, 3, 7822.324336, 0.000000, 38, -10, 7, 165.909653, 0.691578, -0.118376, 0.249754
1989.835000, 1.885900, 3, 7846.791252, 0.000000, 37, -10, 6, 166.262047, 0.686507, -0.109260, 0.140823
1990.606500, 1.869090, 3, 7871.378220, 0.000000, 37, -10, 6, 166.655788, 0.679306, -0.099760, 0.129897
1991.379500, 1.852133, 3, 7871.378220, 0.000000, 37, -10, 6, 167.020376, 0.670352, -0.087747, 0.045308
1992.154500, 1.835027, 3, 7896.086207, 0.000000, 36, -10, 6, 167.443288, 0.664958, -0.080742, 0.020310
1992.931500, 1.817850, 3, 7920.916193, 0.000000, 36, -9, 5, 167.884436, 0.658548, -0.066943, -0.056366
1993.710000, 1.800563, 3, 7945.869166, 0.000000, 35, -9, 5, 168.166385, 0.655687, -0.058142, -0.072937
1994.490000, 1.783245, 3, 7970.946126, 0.000000, 35, -9, 5, 168.530969, 0.650338, -0.051104, -0.157497
1995.272000, 1.765855, 3, 7996.148083, 0.000000, 35, -9, 4, 168.966042, 0.650018, -0.040535, -0.158300
1996.056000, 1.748433, 3, 7996.148083, 0.000000, 34, -9, 4, 169.371946, 0.649356, -0.032109, -0.233013
1996.841500, 1.731056, 3, 7996.148083, 0.000000, 34, -9, 3, 169.695211, 0.650822, -0.024296, -0.327477
1997.629000, 1.713723, 3, 7996.148083, 0.000000, 34, -10, 3, 170.165528, 0.656973, -0.014854, -0.330334
1998.418500, 1.696396, 3, 8021.476059, 0.000000, 33, -10, 2, 170.577519, 0.656340, -0.006674, -0.393312
1999.209500, 1.679114, 3, 8021.476059, 0.000000, 33, -10, 2, 170.865537, 0.655347, -0.000382, -0.397827
2000.002500, 1.661953, 3, 8021.476059, 0.000000, 32, -10, 2, 171.341938, 0.663682, 0.008643, -0.476819
2000.797500, 1.644875, 3, 8046.931084, 0.000000, 32, -10, 2, 171.747864, 0.667367, 0.016298, -0.463902
2001.594000, 1.627956, 3, 8046.931084, 0.000000, 32, -10, 1, 172.077218, 0.668153, 0.020069, -0.546603
2002.392500, 1.611157, 3, 8072.514204, 0.000000, 31, -10, 1, 172.524506, 0.676138, 0.026940, -0.524111
2003.192500, 1.594518, 3, 8072.514204, 0.000000, 31, -10, 1, 172.818631, 0.666653, 0.034796, -0.604859
2003.994500, 1.578037, 3, 8098.226473, 0.000000, 30, -10, 1, 173.265954, 0.661053, 0.039733, -0.582539
2004.798500, 1.561715, 3, 8098.226473, 0.000000, 30, -10, 1, 173.707159, 0.669463, 0.048713, -0.659846
2005.604000, 1.545629, 3, 8124.068958, 0.000000, 29, -9, 0, 174.042678, 0.661748, 0.054047, -0.643244
2006.411000, 1.529700, 3, 8150.042736, 0.000000, 29, -8, 0, 174.336824, 0.657893, 0.056730, -0.636259
2007.219500, 1.513968, 3, 8202.388545, 0.000000, 28, -7, 0, 174.643306, 0.650591, 0.064237, -0.694073
2008.030000, 1.498432, 3, 8228.762792, 0.000000, 28, -7, 0, 175.119772, 0.635669, 0.066778, -0.685756
2008.842000, 1.483130, 3, 8255.272766, 0.000000, 27, -7, 0, 175.420121, 0.629718, 0.069621, -0.755276
2009.655500, 1.468062, 3, 8281.919605, 0.000000, 27, -7, 0, 175.720489, 0.621630, 0.072888, -0.736968
2010.471000, 1.453190, 3, 8281.919605, 0.000000, 27, -7, 0, 176.203184, 0.617421, 0.073224, -0.805262
2011.288000, 1.438589, 3, 8281.919605, 0.000000, 26, -7, 0, 176.503589, 0.609344, 0.076503, -0.787099
2012.107000, 1.424261, 3, 8281.919605, 0.000000, 26, -7, 0, 176.915894, 0.608054, 0.080935, -0.763652
2012.927500, 1.410242, 3, 8308.704462, 0.000000, 25, -7, 0, 177.257804, 0.617873, 0.085233, -0.824163
2013.750000, 1.396495, 3, 8335.628500, 0.000000, 25, -6, 0, 177.663906, 0.620858, 0.088855, -0.812288
2014.574000, 1.382980, 3, 8335.628500, 0.000000, 24, -6, 0, 178.005874, 0.628558, 0.093551, -0.872989
2015.399500, 1.369813, 3, 8362.692899, 0.000000, 24, -7, 0, 178.341589, 0.631174, 0.094788, -0.857213
2016.227000, 1.356954, 3, 8362.692899, 0.000000, 24, -7, 0, 178.760333, 0.627771, 0.099636, -0.822968
2017.056000, 1.344443, 3, 8362.692899, 0.000000, 23, -7, 0, 179.096091, 0.630808, 0.103007, -0.895243
2017.887000, 1.332240, 3, 8389.898849, 0.000000, 23, -7, 0, 179.508590, 0.631263, 0.104897, -0.872492
2018.719500, 1.320422, 3, 8389.898849, 0.000000, 22, -7, -1, 179.821887, 0.627916, 0.109511, -0.920454
2019.554000, 1.308950, 3, 8389.898849, 0.000000, 22, -7, -1, 180.269655, 0.630971, 0.112875, -0.899963
2020.390000, 1.297862, 3, 8417.247554, 0.000000, 21, -7, -1, 180.576692, 0.629722, 0.117315, -0.871472
2021.227500, 1.287121, 3, 8417.247554, 0.000000, 21, -7, -1, 180.912557, 0.628520, 0.121515, -0.944140
2022.067000, 1.276763, 3, 8417.247554, 0.000000, 21, -7, -1, 181.373231, 0.631542, 0.125112, -0.901702
2022.908500, 1.266789, 3, 8444.740232, 0.000000, 20, -7, -1, 181.750760, 0.634567, 0.128706, -0.877591
2023.751500, 1.257198, 3, 8444.740232, 0.000000, 20, -7, -1, 182.121870, 0.637218, 0.129928, -0.952537
2024.596000, 1.247953, 3, 8472.378116, 0.000000, 19, -7, -1, 182.400393, 0.637692, 0.131817, -0.911463
2025.442000, 1.239129, 3, 8472.378116, 0.000000, 19, -7, -1, 182.742856, 0.629223, 0.133281, -0.885615
2026.290000, 1.230688, 3, 8500.162451, 0.000000, 18, -7, 0, 183.190857, 0.626718, 0.131330, -0.865967
2027.139500, 1.222630, 3, 8500.162451, 0.000000, 18, -7, -1, 183.504740, 0.625499, 0.135774, -0.915191
2027.990500, 1.214955, 3, 8528.094498, 0.000000, 17, -6, -1, 183.805625, 0.616602, 0.135125, -0.898577
2028.843000, 1.207624, 3, 8556.175530, 0.000000, 17, -5, -1, 184.154784, 0.612396, 0.135754, -0.862175
2029.697000, 1.200675, 3, 8584.406838, 0.000000, 16, -5, 0, 184.455718, 0.595412, 0.138952, -0.845706
2030.553000, 1.194071, 3, 8612.789725, 0.000000, 16, -5, 0, 184.910439, 0.590293, 0.135555, -0.815656
2031.410000, 1.187811, 3, 8612.789725, 0.000000, 16, -5, 0, 185.099372, 0.585652, 0.134066, -0.891976
2032.269000, 1.181934, 3, 8612.789725, 0.000000, 15, -5, 0, 185.560777, 0.583576, 0.134274, -0.851281
2033.129500, 1.176438, 3, 8641.325510, 0.000000, 15, -5, 0, 185.861802, 0.584892, 0.129365, -0.835096
2033.991500, 1.171324, 3, 8641.325510, 0.000000, 15, -5, -1, 186.211268, 0.578557, 0.130431, -0.799380
2034.855500, 1.166593, 3, 8641.325510, 0.000000, 14, -5, -1, 186.624413, 0.585424, 0.131028, -0.866571
2035.721000, 1.162281, 3, 8641.325510, 0.000000, 14, -6, -1, 186.932179, 0.591861, 0.129496, -0.839826
2036.588000, 1.158351, 3, 8641.325510, 0.000000, 13, -6, -1, 187.275116, 0.592345, 0.131403, -0.815217
2037.456500, 1.154803, 3, 8641.325510, 0.000000, 13, -7, -1, 187.582960, 0.597090, 0.132432, -0.788649
2038.327500, 1.151598, 3, 8670.015527, 0.000000, 13, -7, -1, 188.143445, 0.603910, 0.133250, -0.765809
2039.199500, 1.148775, 3, 8670.015527, 0.000000, 12, -7, -1, 188.345997, 0.604347, 0.135378, -0.733294
2040.073000, 1.146372, 3, 8698.861128, 0.000000, 12, -7, -1, 188.689083, 0.611167, 0.136195, -0.709063
2040.948000, 1.144274, 3, 8698.861128, 0.000000, 12, -6, -1, 188.990316, 0.603910, 0.133250, -0.693513
2041.825000, 1.142519, 3, 8727.863676, 0.000000, 11, -6, -1, 189.445583, 0.599654, 0.134123, -0.664970
2042.703000, 1.141108, 3, 8727.863676, 0.000000, 11, -6, -1, 189.634725, 0.591960, 0.129050, -0.654002
2043.583000, 1.140002, 3, 8757.024553, 0.000000, 10, -6, -1, 190.090057, 0.593651, 0.126486, -0.625651
2044.464500, 1.139163, 3, 8757.024553, 0.000000, 10, -6, -1, 190.398186, 0.586831, 0.125668, -0.599782
2045.347500, 1.138667, 3, 8757.024553, 0.000000, 10, -7, -1, 190.734620, 0.579137, 0.120595, -0.586597
2046.232000, 1.138476, 3, 8786.345158, 0.000000, 9, -7, -2, 191.035961, 0.578263, 0.116340, -0.571407
2047.118000, 1.138552, 3, 8786.345158, 0.000000, 9, -7, -2, 191.379271, 0.571006, 0.113395, -0.547807
2048.006000, 1.138896, 3, 8786.345158, 0.000000, 9, -7, -2, 191.792807, 0.576516, 0.107828, -0.528397
2048.895500, 1.139430, 3, 8815.826904, 0.000000, 8, -7, -2, 192.129295, 0.582859, 0.106751, -0.427542
2049.786000, 1.140193, 3, 8815.826904, 0.000000, 8, -7, -2, 192.353627, 0.577694, 0.103580, -0.418924
2050.678000, 1.141108, 3, 8845.471223, 0.000000, 8, -7, -2, 192.655038, 0.569532, 0.096590, -0.403986
2051.572000, 1.142176, 3, 8845.471223, 0.000000, 7, -7, -1, 193.131922, 0.572418, 0.089780, -0.311439
2052.467500, 1.143397, 3, 8875.279560, 0.000000, 7, -7, -1, 193.398260, 0.564268, 0.082787, -0.294547
2053.364500, 1.144770, 3, 8875.279560, 0.000000, 7, -7, -1, 193.762974, 0.571435, 0.075111, -0.206320
2054.262500, 1.146258, 3, 8875.279560, 0.000000, 6, -7, -1, 193.952238, 0.565403, 0.067867, -0.195786
2055.162500, 1.147784, 3, 8905.253383, 0.000000, 6, -6, 0, 194.429131, 0.559387, 0.060640, -0.103350
2056.064000, 1.149348, 3, 8905.253383, 0.000000, 6, -6, 0, 194.723669, 0.559761, 0.052135, -0.098976
2056.966500, 1.150988, 3, 8935.394173, 0.000000, 6, -6, 0, 194.906026, 0.551638, 0.045316, -0.010936
2057.871000, 1.152552, 3, 8935.394173, 0.000000, 5, -6, 0, 195.376005, 0.556728, 0.038064, -0.016725
2058.776500, 1.154116, 3, 8965.703429, 0.000000, 5, -7, 0, 195.600366, 0.550758, 0.030800, 0.079572
2059.684000, 1.155642, 3, 8965.703429, 0.000000, 5, -6, 0, 196.028343, 0.544370, 0.021628, 0.153454
2060.592500, 1.157054, 3, 8965.703429, 0.000000, 5, -6, 0, 196.210700, 0.544820, 0.013104, 0.153612
2061.502500, 1.158428, 3, 8996.182670, 0.000000, 4, -6, 1, 196.568507, 0.538470, 0.003887, 0.231590
2062.414500, 1.159610, 3, 8996.182670, 0.000000, 4, -6, 1, 197.003402, 0.543218, -0.005254, 0.315798
2063.327500, 1.160602, 3, 9026.833431, 0.000000, 4, -7, 1, 197.178860, 0.543715, -0.013774, 0.305771
2064.241500, 1.161480, 3, 9026.833431, 0.000000, 4, -7, 2, 197.424512, 0.531021, -0.021793, 0.379654
2065.157500, 1.162090, 3, 9026.833431, 0.000000, 4, -8, 2, 197.845657, 0.537568, -0.033473, 0.443613
2066.075000, 1.162472, 3, 9026.833431, 0.000000, 3, -9, 2, 198.210369, 0.531726, -0.040583, 0.531929
2066.994000, 1.162548, 3, 9026.833431, 0.000000, 3, -9, 2, 198.484292, 0.531901, -0.051022, 0.505928
2067.915000, 1.162281, 3, 9057.657268, 0.000000, 3, -9, 3, 198.940611, 0.551721, -0.062937, 0.568148
2068.837000, 1.161747, 3, 9057.657268, 0.000000, 3, -9, 3, 199.151233, 0.545949, -0.070074, 0.644230
2069.760000, 1.160869, 3, 9088.655754, 0.000000, 3, -8, 3, 199.355040, 0.545774, -0.082878, 0.622357
2070.685000, 1.159610, 3, 9088.655754, 0.000000, 3, -8, 3, 199.811451, 0.552849, -0.092342, 0.684825
2071.611000, 1.158008, 3, 9119.830480, 0.000000, 3, -8, 4, 200.022115, 0.541096, -0.096169, 0.761021
2072.538500, 1.156024, 3, 9119.830480, 0.000000, 3, -8, 4, 200.331343, 0.539670, -0.104121, 0.821374
2073.467000, 1.153620, 3, 9151.183059, 0.000000, 3, -8, 5, 200.563620, 0.533978, -0.111303, 0.787752
2074.397000, 1.150835, 3, 9151.183059, 0.000000, 3, -9, 5, 200.879697, 0.506917, -0.114655, 0.858290
2075.328500, 1.147555, 3, 9151.183059, 0.000000, 3, -9, 6, 201.189057, 0.498733, -0.123619, 0.918881
2076.261500, 1.143854, 3, 9182.715122, 0.000000, 3, -9, 6, 201.533589, 0.502406, -0.128047, 0.977646
2077.196000, 1.139659, 3, 9182.715122, 0.000000, 3, -9, 6, 201.836348, 0.499295, -0.133512, 0.940548
2078.132000, 1.134967, 3, 9182.715122, 0.000000, 3, -8, 6, 202.187676, 0.513312, -0.141967, 1.009475
2079.069000, 1.129818, 3, 9214.428321, 0.000000, 3, -8, 7, 202.385149, 0.514449, -0.148375, 0.978236
2080.007000, 1.124174, 3, 9246.324326, 0.000000, 3, -7, 7, 202.617823, 0.507034, -0.153297, 1.033069
2080.947000, 1.118072, 3, 9246.324326, 0.000000, 3, -7, 7, 203.039535, 0.515409, -0.156315, 1.098472
2081.887500, 1.111438, 3, 9246.324326, 0.000000, 3, -8, 7, 203.160273, 0.503731, -0.160527, 1.061262
2082.830000, 1.104270, 3, 9278.404830, 0.000000, 3, -8, 7, 203.575480, 0.503194, -0.164234, 1.116956
2083.773500, 1.096569, 3, 9278.404830, 0.000000, 3, -8, 7, 203.814975, 0.498670, -0.165275, 1.094118
2084.718500, 1.088335, 3, 9278.404830, 0.000000, 3, -8, 8, 204.118267, 0.484869, -0.169169, 1.145674
2085.665000, 1.079606, 3, 9278.404830, 0.000000, 3, -7, 7, 204.428169, 0.489284, -0.169509, 1.119303
2086.612500, 1.070307, 3, 9278.404830, 0.000000, 3, -7, 8, 204.689928, 0.491138, -0.171815, 1.075149
2087.561500, 1.060552, 3, 9278.404830, 0.000000, 3, -6, 8, 204.971269, 0.488413, -0.175379, 1.148494
2088.511500, 1.050226, 3, 9278.404830, 0.000000, 3, -6, 8, 205.233189, 0.497055, -0.176604, 1.104532
2089.462500, 1.039406, 3, 9310.671546, 0.000000, 3, -6, 8, 205.402598, 0.483972, -0.176274, 1.173589
2090.415000, 1.028055, 3, 9310.671546, 0.000000, 3, -5, 7, 205.776663, 0.477330, -0.176984, 1.134223
2091.368500, 1.016172, 3, 9310.671546, 0.000000, 3, -6, 7, 205.974905, 0.472760, -0.178250, 1.103915
2092.323000, 1.003681, 3, 9310.671546, 0.000000, 3, -6, 7, 206.173205, 0.452906, -0.179044, 1.161555
2093.279500, 0.990622, 3, 9278.404830, 0.000000, 3, -7, 8, 206.617898, 0.459060, -0.182052, 1.118983
2094.236500, 0.976993, 3, 9310.671546, 0.000000, 3, -7, 8, 206.745946, 0.447717, -0.184431, 1.092417
2095.195000, 0.962795, 3, 9310.671546, 0.000000, 3, -7, 7, 207.056363, 0.445641, -0.183912, 1.066855
2096.154500, 0.948067, 3, 9310.671546, 0.000000, 3, -7, 8, 207.248583, 0.451805, -0.186918, 1.115041
2097.115000, 0.932771, 3, 9310.671546, 0.000000, 3, -6, 7, 207.517604, 0.440465, -0.189318, 1.081658
2098.077000, 0.916982, 3, 9310.671546, 0.000000, 3, -6, 7, 207.792972, 0.443026, -0.187348, 1.058069
2099.040000, 0.900702, 3, 9310.671546, 0.000000, 3, -5, 7, 208.062113, 0.447042, -0.190005, 1.024847
2100.003500, 0.883892, 3, 9310.671546, 0.000000, 3, -5, 7, 208.113796, 0.425591, -0.186587, 0.992319
2100.968500, 0.866553, 3, 9278.404830, 0.000000, 3, -5, 7, 208.501173, 0.426274, -0.182297, 0.973463
2101.934500, 0.848761, 3, 9278.404830, 0.000000, 3, -5, 7, 208.693845, 0.415207, -0.182733, 0.934201
2102.901500, 0.830478, 3, 9214.428321, 0.000000, 3, -5, 7, 208.898984, 0.400597, -0.178041, 1.002224
2103.869500, 0.811704, 3, 9182.715122, 0.000000, 3, -5, 6, 209.133200, 0.407781, -0.174624, 0.971053
2104.838000, 0.792402, 3, 9119.830480, 0.000000, 3, -4, 6, 209.226558, 0.388198, -0.173558, 0.946690
2105.807500, 0.772647, 3, 9057.657268, 0.000000, 3, -3, 7, 209.460883, 0.373588, -0.168889, 0.915630
2106.777500, 0.752440, 3, 9026.833431, 0.000000, 3, -3, 6, 209.554327, 0.360714, -0.166858, 0.891329
2107.748000, 0.731744, 3, 8935.394173, 0.000000, 3, -2, 7, 209.676944, 0.333951, -0.169234, 0.855753
2108.718500, 0.710595, 3, 8845.471223, 0.000000, 3, -2, 6, 209.664756, 0.305657, -0.167070, 0.748603
2109.689500, 0.689032, 3, 8727.863676, 0.000000, 3, -1, 7, 209.793566, 0.274876, -0.166707, 0.722703
2110.660000, 0.667018, 3, 8641.325510, 0.000000, 3, 0, 7, 209.669636, 0.219818, -0.166878, 0.698788
2111.630500, 0.644666, 3, 8556.175530, 0.000000, 3, 0, 6, 209.692782, 0.176505, -0.162298, 0.677871
2112.600500, 0.621976, 3, 8472.378116, 0.000000, 3, 0, 6, 209.568920, 0.123937, -0.160542, 0.566027
2113.570000, 0.598949, 3, 8389.898849, 0.000000, 3, 1, 7, 209.486366, 0.065278, -0.155598, 0.550043
2114.538500, 0.575660, 3, 8335.628500, 0.000000, 3, 2, 7, 209.256800, 0.006915, -0.148438, 0.443085
2115.506000, 0.552223, 3, 8281.919605, 0.000000, 3, 2, 7, 209.027257, -0.060371, -0.142015, 0.423975
2116.472500, 0.528600, 3, 8176.148897, 0.000000, 3, 3, 7, 208.809718, -0.126940, -0.131136, 0.336283
2117.438500, 0.504867, 3, 7945.869166, 0.000000, 4, 3, 7, 208.727219, -0.180290, -0.120189, 0.320219
2118.403500, 0.481099, 3, 7725.638189, 0.000000, 4, 4, 7, 208.515671, -0.226473, -0.105874, 0.242198
2119.367500, 0.457297, 3, 7491.874419, 0.000000, 4, 4, 7, 208.250899, -0.268043, -0.089962, 0.136748
2120.331000, 0.433498, 3, 7247.033763, 0.000000, 4, 5, 7, 208.180380, -0.287761, -0.075485, 0.140041
2121.293500, 0.409701, 3, 7014.073551, 0.000000, 4, 5, 7, 207.962842, -0.309272, -0.058394, 0.052328
2122.255500, 0.386021, 3, 6792.062473, 0.000000, 4, 5, 7, 207.857065, -0.308941, -0.042820, 0.057277
2123.217000, 0.362457, 3, 6580.163165, 0.000000, 4, 5, 7, 207.757284, -0.292863, -0.025491, -0.015937
2124.177500, 0.339009, 3, 6359.647520, 0.000000, 4, 6, 7, 207.533752, -0.286066, -0.010987, -0.025472
2125.137000, 0.315791, 3, 6166.536171, 0.000000, 4, 6, 7, 207.292951, -0.281744, 0.001730, -0.092027
2126.096000, 0.292764, 3, 5981.427066, 0.000000, 5, 6, 7, 207.193193, -0.274896, 0.016198, -0.077297
2127.054500, 0.269966, 3, 5787.962963, 0.000000, 5, 7, 7, 207.122685, -0.275179, 0.027467, -0.161861
2128.012000, 0.247435, 3, 5617.843431, 0.000000, 5, 7, 7, 206.846686, -0.270435, 0.042299, -0.138768
2128.968500, 0.225170, 3, 5439.581736, 0.000000, 5, 6, 7, 206.670430, -0.268175, 0.055365, -0.218302
2129.924500, 0.203247, 0, 5324.724362, 0.000000, 5, 6, 6, 206.535471, -0.278089, 0.061714, -0.201827
2130.880000, 0.181667, 0, 5338.913850, 0.000000, 5, 6, 5, 206.441831, -0.280066, 0.075502, -0.265119
2131.834000, 0.160390, 0, 5454.158000, 0.000000, 5, 5, 5, 206.124622, -0.283160, 0.082883, -0.249961
2132.788500, 0.139454, 0, 5694.346214, 0.000000, 5, 5, 4, 206.213338, -0.270509, 0.091890, -0.311846
2133.741500, 0.118861, 0, 5883.629941, 0.000000, 5, 6, 4, 205.896169, -0.270688, 0.103191, -0.296607
2134.694500, 0.098608, 0, 5803.762973, 0.000000, 5, 6, 3, 205.908368, -0.261290, 0.106132, -0.364886
2135.646500, 0.078697, 0, 5740.903151, 0.000000, 5, 6, 3, 205.667822, -0.251128, 0.113363, -0.343162
2136.598000, 0.059164, 0, 5709.809902, 0.000000, 5, 5, 3, 205.568241, -0.250272, 0.117819, -0.416115
2137.549000, 0.040010, 0, 5694.346214, 0.000000, 5, 5, 3, 205.445730, -0.236197, 0.122132, -0.379800
2138.499500, 0.021273, 0, 5725.328765, 0.000000, 5, 4, 2, 205.346197, -0.226441, 0.127080, -0.364821
2139.449000, 0.002953, 0, 5787.962963, 0.000000, 5, 3, 2, 205.140997, -0.230620, 0.128048, -0.432549
2140.398500, -0.014952, 0, 5899.779318, 0.000000, 5, 3, 2, 205.124319, -0.218717, 0.132593, -0.401306
2141.346500, -0.032553, 4, 6636.995569, 0.000000, 4, 3, 2, 204.807317, -0.225076, 0.133859, -0.385717
2142.293500, -0.049814, 4, 6911.854465, 0.000000, 4, 4, 1, 204.566983, -0.244647, 0.135313, -0.363694
2143.240000, -0.066735, 4, 7076.484917, 0.000000, 3, 5, 1, 204.467547, -0.246393, 0.137841, -0.348601
2144.186000, -0.083315, 4, 7225.379356, 0.000000, 3, 5, 1, 204.368126, -0.265051, 0.132423, -0.333492
2145.132500, -0.099630, 4, 7356.792415, 0.000000, 3, 4, 1, 204.492492, -0.250094, 0.129685, -0.309131
2146.079000, -0.115719, 4, 7469.098767, 0.000000, 4, 3, 1, 204.463531, -0.224453, 0.124993, -0.297512
2147.026500, -0.131618, 4, 7560.844818, 0.000000, 4, 2, 1, 204.693580, -0.183855, 0.117563, -0.278450
2147.975500, -0.147291, 4, 7607.369671, 0.000000, 4, 1, 1, 204.987795, -0.107506, 0.112423, -0.272780
2148.925000, -0.162813, 4, 7654.338184, 0.000000, 4, 0, 1, 205.141178, -0.020864, 0.103191, -0.260118
2149.875500, -0.178184, 4, 7677.990998, 0.000000, 4, 0, 1, 205.329778, 0.072579, 0.094923, -0.249229
2150.827500, -0.193403, 4, 7725.638189, 0.000000, 4, 0, 1, 205.630294, 0.175352, 0.089364, -0.233810
2151.780500, -0.208472, 4, 7749.634374, 0.000000, 4, 0, 1, 205.889320, 0.249173, 0.082479, -0.226477
2152.734500, -0.223390, 4, 7773.746840, 0.000000, 4, 0, 1, 206.071640, 0.311920, 0.075412, -0.225446
2153.690000, -0.238195, 4, 7797.976515, 0.000000, 4, -1, 1, 206.413692, 0.363984, 0.070300, -0.202097
2154.646500, -0.252887, 4, 7797.976515, 0.000000, 4, -2, 1, 206.631215, 0.387074, 0.064015, -0.114950
2155.604500, -0.267504, 4, 7822.324336, 0.000000, 4, -2, 2, 206.960657, 0.412695, 0.059492, -0.111191
2156.563500, -0.282008, 4, 7822.324336, 0.000000, 4, -3, 2, 207.149299, 0.425495, 0.057315, -0.100453
2157.524000, -0.296475, 4, 7846.791252, 0.000000, 4, -3, 2, 207.513943, 0.435381, 0.051262, -0.098472
2158.486000, -0.310829, 4, 7846.791252, 0.000000, 4, -4, 2, 207.808190, 0.452092, 0.046023, -0.093010
2159.449000, -0.325146, 4, 7846.791252, 0.000000, 4, -4, 2, 208.032041, 0.460641, 0.044472, -0.084076
2160.413500, -0.339426, 4, 7871.378220, 0.000000, 4, -3, 2, 208.326293, 0.466266, 0.039212, 0.009242
2161.379000, -0.353669, 4, 7896.086207, 0.000000, 4, -3, 2, 208.579012, 0.470141, 0.036481, 0.006727
2162.345500, -0.367874, 4, 7896.086207, 0.000000, 4, -3, 2, 208.796533, 0.465081, 0.033153, 0.005957
2163.313500, -0.382081, 4, 7920.916193, 0.000000, 4, -3, 2, 209.090786, 0.463910, 0.026922, 0.011362
2164.282500, -0.396288, 4, 7920.916193, 0.000000, 3, -4, 3, 209.349843, 0.459250, 0.025553, 0.018487
2165.253000, -0.410497, 4, 7945.869166, 0.000000, 3, -4, 3, 209.637757, 0.452067, 0.022430, 0.014241
2166.225000, -0.424668, 4, 7945.869166, 0.000000, 3, -5, 3, 209.967209, 0.458091, 0.019319, 0.105772
2167.198000, -0.438879, 4, 7945.869166, 0.000000, 3, -5, 3, 210.184730, 0.453044, 0.015986, 0.104995
2168.172500, -0.453128, 4, 7945.869166, 0.000000, 3, -5, 3, 210.507842, 0.458687, 0.010736, 0.099043
2169.148500, -0.467416, 4, 7970.946126, 0.000000, 3, -5, 3, 210.837293, 0.471511, 0.008619, 0.102673
2170.125500, -0.481744, 4, 7970.946126, 0.000000, 3, -4, 3, 211.054814, 0.473268, 0.006099, 0.101903
2171.103500, -0.496110, 4, 8021.476059, 0.000000, 3, -3, 3, 211.272335, 0.477164, 0.003198, 0.101134
2172.082500, -0.510516, 4, 8021.476059, 0.000000, 3, -2, 3, 211.483521, 0.472128, -0.000144, 0.178721
2173.062500, -0.524960, 4, 8046.931084, 0.000000, 3, -2, 3, 211.707377, 0.453878, -0.003348, 0.187491
2174.044500, -0.539482, 4, 8046.931084, 0.000000, 3, -3, 3, 212.142419, 0.453499, -0.005304, 0.185963
2175.027500, -0.554043, 4, 8046.931084, 0.000000, 3, -3, 3, 212.318409, 0.446705, -0.006130, 0.177414
2176.011500, -0.568682, 4, 8072.514204, 0.000000, 3, -3, 3, 212.571129, 0.439910, -0.007135, 0.174955
2176.996500, -0.583397, 4, 8072.514204, 0.000000, 3, -3, 4, 212.788651, 0.439532, -0.009274, 0.174207
2177.983000, -0.598190, 4, 8072.514204, 0.000000, 3, -3, 4, 213.111770, 0.432359, -0.012419, 0.168355
2178.971000, -0.613061, 4, 8072.514204, 0.000000, 3, -3, 4, 213.441217, 0.441295, -0.011609, 0.259861
2179.960000, -0.628047, 4, 8072.514204, 0.000000, 3, -4, 4, 213.646095, 0.453763, -0.015835, 0.240239
2180.950500, -0.643110, 4, 8072.514204, 0.000000, 3, -4, 4, 213.946659, 0.458047, -0.016423, 0.254989
2181.942500, -0.658251, 4, 8098.226473, 0.000000, 3, -4, 4, 214.298664, 0.466612, -0.017750, 0.238079
2182.935500, -0.673508, 4, 8098.226473, 0.000000, 3, -3, 4, 214.516187, 0.465863, -0.022029, 0.237361
2183.929500, -0.688842, 4, 8124.068958, 0.000000, 3, -3, 5, 214.733710, 0.466237, -0.019890, 0.236645
2184.925000, -0.704217, 4, 8124.068958, 0.000000, 3, -3, 5, 215.056839, 0.474796, -0.021388, 0.230885
2185.921000, -0.719707, 4, 8150.042736, 0.000000, 3, -3, 5, 215.162446, 0.459069, -0.023045, 0.225844
2186.918500, -0.735237, 4, 8150.042736, 0.000000, 3, -3, 6, 215.485579, 0.452650, -0.021921, 0.220111
2187.917500, -0.750845, 4, 8150.042736, 0.000000, 3, -4, 6, 215.779814, 0.445857, -0.022937, 0.225416
2188.918000, -0.766532, 4, 8150.042736, 0.000000, 3, -4, 6, 216.138151, 0.439438, -0.021813, 0.218030
2189.919500, -0.782220, 4, 8150.042736, 0.000000, 3, -4, 6, 216.355675, 0.446606, -0.018657, 0.217339
2190.922000, -0.797987, 4, 8176.148897, 0.000000, 3, -4, 6, 216.573199, 0.446606, -0.018657, 0.216649
2191.926000, -0.813794, 4, 8150.042736, 0.000000, 3, -4, 5, 216.896335, 0.446981, -0.016518, 0.210967
2192.931000, -0.829680, 4, 8150.042736, 0.000000, 3, -3, 5, 217.078655, 0.451630, -0.015306, 0.124057
2193.937000, -0.845568, 4, 8150.042736, 0.000000, 3, -3, 5, 217.337683, 0.452380, -0.011199, 0.130995
2194.944000, -0.861459, 4, 8124.068958, 0.000000, 3, -3, 5, 217.548908, 0.448095, -0.010615, 0.121036
2195.952500, -0.877390, 4, 8098.226473, 0.000000, 3, -3, 5, 217.843139, 0.439910, -0.007135, 0.126306
2196.961500, -0.893286, 4, 8098.226473, 0.000000, 3, -2, 5, 217.983956, 0.422416, -0.006403, 0.031791
2197.972000, -0.909146, 4, 8072.514204, 0.000000, 3, -2, 5, 218.284489, 0.413862, -0.005050, 0.046293
2198.983000, -0.924971, 4, 8072.514204, 0.000000, 3, -1, 5, 218.390099, 0.397130, -0.000027, 0.041331
2199.994500, -0.940799, 4, 8046.931084, 0.000000, 3, -1, 5, 218.502013, 0.380021, 0.002864, 0.045605
2201.007500, -0.956553, 4, 8046.931084, 0.000000, 3, -1, 5, 218.831451, 0.371850, 0.006388, -0.038707
2202.021000, -0.972235, 4, 8021.476059, 0.000000, 3, -1, 5, 218.943366, 0.352611, 0.009689, -0.034446
2203.035500, -0.987804, 4, 8021.476059, 0.000000, 3, -1, 5, 219.167201, 0.342308, 0.013610, -0.025937
2204.051000, -1.003301, 4, 8021.476059, 0.000000, 3, -1, 4, 219.355841, 0.339203, 0.020532, -0.103684
2205.067000, -1.018609, 4, 7996.148083, 0.000000, 3, -1, 4, 219.502963, 0.322494, 0.025633, -0.101096
2206.083500, -1.033845, 4, 7996.148083, 0.000000, 3, -1, 4, 219.579686, 0.310065, 0.029967, -0.095210
2207.101000, -1.048893, 4, 7996.148083, 0.000000, 3, -1, 4, 219.809870, 0.309118, 0.036521, -0.165469
2208.119000, -1.063791, 4, 7996.148083, 0.000000, 3, 0, 4, 219.886603, 0.289901, 0.039913, -0.159599
2209.137500, -1.078539, 4, 7996.148083, 0.000000, 3, 0, 4, 220.033730, 0.282165, 0.045535, -0.244929
2210.156500, -1.093100, 4, 7996.148083, 0.000000, 3, 0, 4, 220.116814, 0.267633, 0.050210, -0.229907
2211.176500, -1.107434, 4, 7996.148083, 0.000000, 3, 0, 4, 220.347047, 0.248426, 0.053637, -0.212361
2212.197000, -1.121504, 4, 7970.946126, 0.000000, 3, 0, 4, 220.430164, 0.240718, 0.059301, -0.285264
2213.218000, -1.135348, 4, 7970.946126, 0.000000, 4, 0, 4, 220.577300, 0.235125, 0.064663, -0.282742
2214.239500, -1.148928, 4, 7970.946126, 0.000000, 4, -1, 4, 220.631631, 0.227399, 0.070436, -0.256981
2215.262000, -1.162205, 4, 7945.869166, 0.000000, 4, -2, 4, 220.897121, 0.228648, 0.076656, -0.329089
2216.284500, -1.175217, 4, 7945.869166, 0.000000, 4, -2, 4, 220.868336, 0.223073, 0.082042, -0.318302
2217.308000, -1.187926, 4, 7945.869166, 0.000000, 4, -1, 4, 221.105089, 0.222569, 0.090889, -0.291789
2218.331500, -1.200370, 4, 7920.916193, 0.000000, 4, -1, 4, 221.069907, 0.216594, 0.094150, -0.290125
2219.355500, -1.212511, 4, 7920.916193, 0.000000, 4, 0, 4, 221.201174, 0.202092, 0.099019, -0.346555
2220.380000, -1.224348, 4, 7920.916193, 0.000000, 4, 0, 4, 221.313151, 0.196129, 0.102288, -0.342450
2221.405000, -1.235844, 4, 7920.916193, 0.000000, 4, -1, 4, 221.409319, 0.183364, 0.104620, -0.309372
2222.430500, -1.247074, 4, 7920.916193, 0.000000, 4, -1, 4, 221.521307, 0.177400, 0.107899, -0.305290
2223.456000, -1.257962, 4, 7920.916193, 0.000000, 4, -2, 4, 221.499080, 0.168906, 0.109457, -0.373311
2224.482500, -1.268546, 4, 7896.086207, 0.000000, 4, -1, 4, 221.736048, 0.162546, 0.110610, -0.347003
2225.509000, -1.278827, 4, 7896.086207, 0.000000, 4, -1, 4, 221.742545, 0.156189, 0.111760, -0.337916
2226.535500, -1.288841, 4, 7896.086207, 0.000000, 3, 0, 4, 221.720392, 0.149827, 0.112924, -0.318060
2227.562500, -1.298550, 4, 7871.378220, 0.000000, 3, 0, 4, 221.838919, 0.143426, 0.114146, -0.304942
2228.590000, -1.307956, 4, 7871.378220, 0.000000, 3, 0, 4, 221.957458, 0.138344, 0.110693, -0.291837
2229.617500, -1.317133, 4, 7871.378220, 0.000000, 3, 0, 4, 221.935367, 0.122594, 0.109278, -0.271996
2230.645500, -1.326006, 4, 7871.378220, 0.000000, 3, 0, 4, 222.053934, 0.124727, 0.108871, -0.258915
2231.674000, -1.334573, 4, 7871.378220, 0.000000, 3, 0, 4, 222.179074, 0.119685, 0.105377, -0.324672
2232.702000, -1.342913, 4, 7846.791252, 0.000000, 3, 0, 4, 222.038451, 0.104381, 0.106067, -0.317899
2233.730500, -1.350947, 4, 7846.791252, 0.000000, 3, 0, 4, 222.163634, 0.106146, 0.103485, -0.295780
2234.759500, -1.358715, 4, 7871.378220, 0.000000, 3, 0, 4, 222.282258, 0.099378, 0.102532, -0.282746
2235.788500, -1.366177, 4, 7871.378220, 0.000000, 3, 0, 4, 222.260297, 0.090845, 0.104174, -0.262925
2236.817500, -1.373411, 4, 7871.378220, 0.000000, 3, 0, 4, 222.266900, 0.092978, 0.103764, -0.253864
2237.846500, -1.380339, 4, 7871.378220, 0.000000, 3, 0, 4, 222.280124, 0.079770, 0.104095, -0.235744
2238.876000, -1.387000, 4, 7871.378220, 0.000000, 3, 0, 4, 222.363657, 0.064017, 0.102704, -0.221043
2239.906000, -1.393393, 4, 7871.378220, 0.000000, 3, 0, 4, 222.482347, 0.072549, 0.101061, -0.208061
2240.936000, -1.399558, 4, 7871.378220, 0.000000, 3, 0, 4, 222.495626, 0.072549, 0.101061, -0.189961
2241.966000, -1.405455, 4, 7871.378220, 0.000000, 3, 0, 4, 222.467135, 0.070005, 0.099339, -0.179199
2242.996000, -1.411123, 4, 7871.378220, 0.000000, 3, 0, 4, 222.480450, 0.072175, 0.098907, -0.248991
2244.026500, -1.416523, 4, 7871.378220, 0.000000, 3, 0, 4, 222.592525, 0.064989, 0.095843, -0.245092
2245.057000, -1.421656, 4, 7871.378220, 0.000000, 3, -1, 4, 222.577412, 0.062895, 0.096226, -0.216242
2246.087500, -1.426559, 4, 7871.378220, 0.000000, 3, -1, 4, 222.577412, 0.064651, 0.093662, -0.216242
2247.118500, -1.431233, 4, 7871.378220, 0.000000, 3, -1, 4, 222.702878, 0.064651, 0.093662, -0.194283
2248.149500, -1.435716, 4, 7871.378220, 0.000000, 3, -1, 4, 222.709577, 0.057840, 0.092771, -0.185245
2249.181000, -1.440007, 4, 7871.378220, 0.000000, 3, 0, 4, 222.786539, 0.059144, 0.088093, -0.179658
2250.212500, -1.444107, 4, 7871.378220, 0.000000, 3, 0, 4, 222.835088, 0.067674, 0.086437, -0.163317
2251.244500, -1.448016, 4, 7871.378220, 0.000000, 3, 0, 4, 222.912059, 0.073657, 0.083062, -0.157740
2252.276000, -1.451733, 4, 7871.378220, 0.000000, 3, 0, 4, 222.778281, 0.072829, 0.078798, -0.141794
2253.308000, -1.455298, 4, 7871.378220, 0.000000, 3, 0, 4, 222.925508, 0.074548, 0.076251, -0.139684
2254.340500, -1.458671, 4, 7871.378220, 0.000000, 3, 0, 4, 223.009224, 0.071587, 0.072400, -0.125094
2255.373000, -1.461890, 4, 7871.378220, 0.000000, 2, 0, 4, 223.015966, 0.070759, 0.068136, -0.116070
2256.405500, -1.464957, 4, 7871.378220, 0.000000, 2, 0, 4, 223.022713, 0.072892, 0.067722, -0.107047
2257.438000, -1.467832, 4, 7871.378220, 0.000000, 2, 0, 4, 223.029466, 0.063534, 0.065113, -0.098025
2258.471000, -1.470592, 4, 7896.086207, 0.000000, 2, 0, 4, 223.113223, 0.057137, 0.066355, -0.083457
2259.504000, -1.473199, 4, 7896.086207, 0.000000, 2, 0, 4, 223.148341, 0.060988, 0.063394, -0.085194
2260.537500, -1.475615, 4, 7896.086207, 0.000000, 2, 0, 4, 223.232110, 0.065253, 0.062566, -0.070639
2261.571000, -1.477915, 4, 7920.916193, 0.000000, 2, 0, 4, 223.232110, 0.066971, 0.060020, -0.070639
2262.604500, -1.480062, 4, 7945.869166, 0.000000, 2, 0, 4, 223.210552, 0.066557, 0.057888, -0.050873
2263.638500, -1.482056, 4, 7970.946126, 0.000000, 2, 0, 4, 223.357792, 0.064446, 0.058270, -0.136717
2264.673000, -1.483897, 4, 8021.476059, 0.000000, 2, 0, 4, 223.434806, 0.070449, 0.054858, -0.131193
2265.707500, -1.485622, 4, 8072.514204, 0.000000, 2, 0, 4, 223.476710, 0.078995, 0.053168, -0.123931
2266.743000, -1.487194, 4, 8124.068958, 0.000000, 2, -1, 3, 223.665860, 0.098622, 0.051527, -0.114643
2267.778500, -1.488652, 4, 8202.388545, 0.000000, 2, -1, 3, 223.637552, 0.102886, 0.050692, -0.103906
2268.815000, -1.490032, 4, 8255.272766, 0.000000, 2, -2, 3, 223.896933, 0.118642, 0.052035, -0.098128
2269.852500, -1.491221, 4, 8308.704462, 0.000000, 2, -3, 3, 224.086100, 0.149739, 0.052589, -0.088879
2270.891000, -1.492333, 4, 8335.628500, 0.000000, 2, -4, 3, 224.338671, 0.177869, 0.049297, -0.092097
2271.930500, -1.493330, 4, 8362.692899, 0.000000, 2, -5, 3, 224.527842, 0.219624, 0.047765, -0.082871
2272.971000, -1.494174, 4, 8389.898849, 0.000000, 2, -5, 3, 224.723845, 0.254984, 0.047484, -0.064711
2274.012500, -1.494941, 4, 8389.898849, 0.000000, 2, -5, 3, 224.969586, 0.280983, 0.044609, -0.076887
2275.055000, -1.495593, 4, 8417.247554, 0.000000, 2, -5, 3, 225.165597, 0.314211, 0.044746, -0.058767
2276.098500, -1.496130, 4, 8444.740232, 0.000000, 2, -5, 3, 225.424995, 0.340626, 0.044002, -0.053080
2277.143000, -1.496552, 4, 8444.740232, 0.000000, 2, -4, 3, 225.607350, 0.357263, 0.038533, -0.052847
2278.188500, -1.496897, 4, 8472.378116, 0.000000, 2, -4, 3, 225.796546, 0.366642, 0.040991, -0.131597
2279.235000, -1.497089, 4, 8500.162451, 0.000000, 2, -4, 3, 226.055950, 0.366658, 0.040849, -0.125943
2280.283000, -1.497204, 4, 8500.162451, 0.000000, 2, -5, 3, 226.357309, 0.373068, 0.039445, -0.113151
2281.332000, -1.497204, 4, 8500.162451, 0.000000, 2, -6, 3, 226.574765, 0.378184, 0.042724, -0.114674
2282.382000, -1.497089, 4, 8500.162451, 0.000000, 2, -6, 3, 226.799077, 0.388840, 0.040622, -0.107327
2283.433000, -1.496859, 4, 8500.162451, 0.000000, 2, -6, 3, 227.023392, 0.393102, 0.039781, -0.099994
2284.485000, -1.496514, 4, 8528.094498, 0.000000, 2, -6, 3, 227.240846, 0.393102, 0.039781, -0.101526
2285.538500, -1.496092, 4, 8528.094498, 0.000000, 2, -5, 3, 227.542227, 0.401626, 0.038099, -0.088833
2286.593000, -1.495517, 4, 8556.175530, 0.000000, 2, -5, 3, 227.766551, 0.406309, 0.039389, -0.081542
2287.648000, -1.494865, 4, 8556.175530, 0.000000, 2, -4, 3, 227.878715, 0.401626, 0.038099, -0.077902
2288.704500, -1.494098, 4, 8584.406838, 0.000000, 2, -4, 3, 228.215211, 0.402047, 0.040230, -0.067004
2289.761500, -1.493215, 4, 8584.406838, 0.000000, 2, -4, 3, 228.320496, 0.388432, 0.038349, -0.160076
2290.820000, -1.492180, 4, 8584.406838, 0.000000, 2, -5, 3, 228.621902, 0.381633, 0.037330, -0.147482
2291.879500, -1.491029, 4, 8584.406838, 0.000000, 2, -5, 3, 228.853135, 0.387178, 0.042732, -0.131468
2292.940000, -1.489764, 4, 8584.406838, 0.000000, 2, -6, 3, 229.070584, 0.380380, 0.041720, -0.133041
2294.002000, -1.488345, 4, 8584.406838, 0.000000, 2, -6, 3, 229.365113, 0.385064, 0.043003, -0.129289
2295.064500, -1.486773, 4, 8612.789725, 0.000000, 2, -6, 3, 229.519280, 0.387619, 0.044710, -0.118657
2296.128500, -1.485085, 4, 8612.789725, 0.000000, 2, -6, 3, 229.820723, 0.387212, 0.042430, -0.194073
2297.193500, -1.483245, 4, 8612.789725, 0.000000, 2, -6, 3, 230.038169, 0.398731, 0.044412, -0.195663
2298.259500, -1.481251, 4, 8612.789725, 0.000000, 2, -6, 3, 230.234359, 0.399600, 0.048523, -0.178066
2299.326500, -1.479104, 4, 8641.325510, 0.000000, 2, -6, 3, 230.493813, 0.399617, 0.048370, -0.172666
2300.395000, -1.476803, 4, 8641.325510, 0.000000, 2, -6, 3, 230.788354, 0.406433, 0.049218, -0.168999
2301.464000, -1.474349, 4, 8641.325510, 0.000000, 2, -5, 3, 230.907472, 0.395784, 0.051354, -0.156744
2302.534000, -1.471742, 4, 8670.015527, 0.000000, 2, -5, 3, 231.096767, 0.393655, 0.051781, -0.147944
2303.605000, -1.469020, 4, 8670.015527, 0.000000, 2, -5, 3, 231.356233, 0.387284, 0.052919, -0.230489
2304.677500, -1.466107, 4, 8670.015527, 0.000000, 2, -5, 3, 231.650782, 0.380915, 0.054049, -0.226874
2305.750500, -1.463040, 4, 8698.861128, 0.000000, 2, -5, 3, 231.769926, 0.380507, 0.051776, -0.214679
2306.824500, -1.459782, 4, 8698.861128, 0.000000, 2, -6, 3, 231.966200, 0.374141, 0.052920, -0.197272
2307.900000, -1.456371, 4, 8698.861128, 0.000000, 2, -6, 3, 232.330915, 0.374571, 0.055049, -0.197144
2308.976500, -1.452768, 4, 8698.861128, 0.000000, 2, -6, 3, 232.520240, 0.374571, 0.055049, -0.188436
2310.053500, -1.448974, 4, 8698.861128, 0.000000, 2, -6, 3, 232.604340, 0.372895, 0.057468, -0.262479
2311.132000, -1.444989, 4, 8698.861128, 0.000000, 2, -6, 3, 232.976036, 0.381865, 0.057725, -0.253761
2312.211500, -1.440812, 4, 8727.863676, 0.000000, 2, -7, 3, 233.165379, 0.380192, 0.060144, -0.245103
2313.291500, -1.436405, 4, 8727.863676, 0.000000, 2, -7, 3, 233.284583, 0.374261, 0.063422, -0.233024
2314.373000, -1.431846, 4, 8727.863676, 0.000000, 2, -7, 3, 233.586155, 0.381080, 0.064250, -0.220943
2315.455500, -1.427057, 4, 8727.863676, 0.000000, 2, -7, 3, 233.845658, 0.374694, 0.065551, -0.215769
2316.539000, -1.422039, 4, 8727.863676, 0.000000, 2, -8, 3, 234.006971, 0.373029, 0.067974, -0.284761
2317.623500, -1.416792, 4, 8727.863676, 0.000000, 2, -9, 3, 234.273507, 0.382439, 0.070341, -0.271046
2318.708500, -1.411315, 4, 8727.863676, 0.000000, 2, -10, 3, 234.350667, 0.367568, 0.073248, -0.265908
2319.795500, -1.405608, 4, 8757.024553, 0.000000, 2, -10, 3, 234.799579, 0.374851, 0.076052, -0.252266
2320.883000, -1.399711, 4, 8757.024553, 0.000000, 2, -10, 3, 234.918852, 0.383799, 0.076433, -0.240311
2321.971500, -1.393585, 4, 8757.024553, 0.000000, 2, -10, 3, 235.108257, 0.374851, 0.076052, -0.231806
2323.061000, -1.387229, 4, 8757.024553, 0.000000, 2, -10, 3, 235.332728, 0.381671, 0.076869, -0.225033
2324.151500, -1.380722, 4, 8786.345158, 0.000000, 2, -10, 3, 235.529205, 0.374851, 0.076052, -0.208026
2325.243000, -1.374023, 4, 8786.345158, 0.000000, 2, -9, 3, 235.788746, 0.367594, 0.073107, -0.203006
2326.335500, -1.367172, 4, 8815.826904, 0.000000, 1, -9, 3, 235.978174, 0.373977, 0.071796, -0.194562
2327.428500, -1.360169, 4, 8815.826904, 0.000000, 1, -8, 3, 236.097496, 0.362464, 0.069725, -0.182696
2328.523000, -1.353013, 4, 8845.471223, 0.000000, 1, -8, 3, 236.392100, 0.359463, 0.065906, -0.179432
2329.618000, -1.345706, 4, 8845.471223, 0.000000, 1, -8, 3, 236.546488, 0.354770, 0.064652, -0.169312
2330.714000, -1.338246, 4, 8875.279560, 0.000000, 1, -7, 3, 236.735937, 0.341130, 0.063017, -0.160923
2331.811000, -1.330672, 4, 8875.279560, 0.000000, 1, -7, 3, 236.953347, 0.348767, 0.057014, -0.162738
2332.909000, -1.322946, 4, 8875.279560, 0.000000, 1, -8, 3, 237.149899, 0.341947, 0.056197, -0.145900
2334.008000, -1.315030, 4, 8875.279560, 0.000000, 1, -8, 3, 237.409462, 0.341510, 0.054069, -0.140981
2335.107500, -1.307000, 4, 8875.279560, 0.000000, 1, -9, 3, 237.486669, 0.340636, 0.049814, -0.135954
2336.208500, -1.298780, 4, 8875.279560, 0.000000, 1, -9, 3, 237.823446, 0.341073, 0.051941, -0.126036
2337.310500, -1.290408, 4, 8875.279560, 0.000000, 1, -10, 3, 238.047968, 0.349585, 0.050194, -0.119439
2338.413500, -1.281846, 4, 8875.279560, 0.000000, 1, -10, 3, 238.244573, 0.354299, 0.051308, -0.190604
2339.517000, -1.273170, 4, 8875.279560, 0.000000, 1, -10, 3, 238.349711, 0.354757, 0.053305, -0.195746
2340.622000, -1.264305, 4, 8875.279560, 0.000000, 1, -10, 3, 238.693643, 0.361599, 0.053979, -0.177491
2341.727500, -1.255288, 4, 8905.253383, 0.000000, 1, -9, 3, 238.805912, 0.355236, 0.055159, -0.174221
2342.834000, -1.246157, 4, 8905.253383, 0.000000, 1, -9, 3, 238.995410, 0.355236, 0.055159, -0.165976
2343.941500, -1.236875, 4, 8905.253383, 0.000000, 1, -9, 3, 239.212809, 0.354796, 0.053032, -0.167850
2345.050000, -1.227442, 4, 8935.394173, 0.000000, 1, -9, 3, 239.444503, 0.345847, 0.052665, -0.152950
2346.159000, -1.217857, 4, 8935.394173, 0.000000, 1, -10, 3, 239.563935, 0.341153, 0.051418, -0.141321
2347.269500, -1.208120, 4, 8935.394173, 0.000000, 1, -10, 3, 239.858569, 0.341153, 0.051418, -0.138263
2348.381000, -1.198232, 4, 8935.394173, 0.000000, 1, -10, 3, 240.118165, 0.343280, 0.050978, -0.133503
2349.493000, -1.188193, 4, 8935.394173, 0.000000, 1, -10, 3, 240.202576, 0.343280, 0.050978, -0.120205
2350.606000, -1.178003, 4, 8935.394173, 0.000000, 1, -10, 3, 240.384932, 0.347534, 0.050098, -0.120402
2351.720000, -1.167661, 4, 8965.703429, 0.000000, 1, -10, 3, 240.651712, 0.343280, 0.050978, -0.107330
2352.834500, -1.157169, 4, 8935.394173, 0.000000, 1, -10, 3, 240.728964, 0.334771, 0.052738, -0.102409
2353.950500, -1.146525, 4, 8935.394173, 0.000000, 1, -11, 3, 241.065827, 0.341171, 0.051278, -0.180685
2355.067000, -1.135730, 4, 8935.394173, 0.000000, 1, -11, 3, 241.178116, 0.336936, 0.052035, -0.177486
2356.184500, -1.124746, 4, 8905.253383, 0.000000, 1, -11, 4, 241.374864, 0.325883, 0.051992, -0.161073
2357.302500, -1.113649, 4, 8875.279560, 0.000000, 1, -11, 4, 241.514988, 0.327585, 0.049302, -0.167907
2358.422000, -1.102363, 4, 8875.279560, 0.000000, 1, -11, 4, 241.824044, 0.323776, 0.052315, -0.148348
2359.541500, -1.090965, 4, 8845.471223, 0.000000, 1, -10, 5, 241.824044, 0.314827, 0.051962, -0.148348
2360.662000, -1.079378, 4, 8845.471223, 0.000000, 1, -9, 5, 242.020826, 0.316953, 0.051519, -0.132002
2361.783000, -1.067639, 4, 8815.826904, 0.000000, 1, -8, 5, 242.168154, 0.304194, 0.054179, -0.130547
2362.904500, -1.055751, 4, 8815.826904, 0.000000, 1, -7, 5, 242.252654, 0.282043, 0.054360, -0.117394
2364.026000, -1.043673, 4, 8786.345158, 0.000000, 1, -7, 5, 242.252654, 0.264161, 0.053572, -0.205284
2365.148500, -1.031445, 4, 8757.024553, 0.000000, 1, -7, 5, 242.449473, 0.242479, 0.055792, -0.188993
2366.271000, -1.019028, 4, 8727.863676, 0.000000, 1, -8, 5, 242.491736, 0.216095, 0.056797, -0.182428
2367.394500, -1.006347, 4, 8698.861128, 0.000000, 1, -8, 5, 242.681334, 0.202917, 0.057251, -0.174440
2368.518000, -0.993477, 4, 8641.325510, 0.000000, 1, -8, 5, 242.695837, 0.190633, 0.061993, -0.245794
2369.641500, -0.980305, 4, 8612.789725, 0.000000, 1, -8, 5, 242.668079, 0.164258, 0.063055, -0.235813
2370.765500, -0.966906, 4, 8584.406838, 0.000000, 1, -8, 5, 242.829951, 0.158803, 0.068592, -0.217880
2371.889000, -0.953166, 4, 8528.094498, 0.000000, 1, -7, 5, 242.697171, 0.133811, 0.075995, -0.290635
2373.012500, -0.939163, 4, 8556.175530, 0.000000, 1, -7, 5, 242.669444, 0.106218, 0.081822, -0.280649
2374.136000, -0.924819, 4, 8528.094498, 0.000000, 1, -8, 5, 242.684032, 0.087579, 0.087978, -0.264116
2375.259500, -0.910097, 4, 8472.378116, 0.000000, 1, -8, 5, 242.705953, 0.054114, 0.097297, -0.327212
2376.382500, -0.895035, 4, 8417.247554, 0.000000, 1, -7, 4, 242.573247, 0.019714, 0.102434, -0.312033
2377.504500, -0.879633, 4, 8335.628500, 0.000000, 1, -7, 3, 242.405554, -0.009529, 0.110927, -0.295103
2378.626000, -0.863930, 4, 8281.919605, 0.000000, 1, -6, 4, 242.237883, -0.057127, 0.116702, -0.278151
2379.747500, -0.847887, 4, 8202.388545, 0.000000, 1, -6, 4, 242.287581, -0.083478, 0.117969, -0.351224
2380.867500, -0.831580, 4, 8150.042736, 0.000000, 1, -5, 4, 241.937601, -0.120446, 0.121549, -0.333809
2381.987000, -0.814896, 4, 8098.226473, 0.000000, 1, -5, 4, 241.847356, -0.155287, 0.124681, -0.311993
2383.105000, -0.797949, 4, 7970.946126, 0.000000, 1, -4, 4, 241.497427, -0.192712, 0.126181, -0.294490
2384.222500, -0.780625, 4, 7773.746840, 0.000000, 1, -4, 4, 241.399846, -0.239134, 0.127342, -0.280924
2385.339000, -0.763037, 4, 7537.746613, 0.000000, 1, -4, 4, 241.189910, -0.268572, 0.124826, -0.270382
2386.454500, -0.745073, 0, 7312.588630, 0.000000, 1, -4, 4, 240.994811, -0.293255, 0.123629, -0.331076
2387.568500, -0.726845, 0, 7076.484917, 0.000000, 1, -4, 4, 240.637543, -0.320063, 0.122929, -0.321740
2388.682000, -0.708317, 0, 6851.574483, 0.000000, 1, -4, 4, 240.547459, -0.333212, 0.123693, -0.299768
2389.795000, -0.689488, 0, 6636.995569, 0.000000, 1, -4, 4, 240.449961, -0.344242, 0.123999, -0.286115
2390.906500, -0.670358, 0, 6413.782248, 0.000000, 1, -5, 4, 240.100179, -0.353657, 0.121606, -0.268344
2392.018000, -0.650965, 0, 6218.384565, 0.000000, 1, -5, 4, 240.142615, -0.329848, 0.118636, -0.261779
2393.128000, -0.631272, 0, 6014.513874, 0.000000, 1, -5, 4, 239.800340, -0.329848, 0.118636, -0.235593
2394.238000, -0.611354, 0, 5851.508294, 0.000000, 1, -4, 4, 239.765368, -0.319700, 0.114199, -0.233806
2395.346500, -0.591173, 0, 5740.903151, 0.000000, 1, -4, 4, 239.493085, -0.304381, 0.113081, -0.211126
2396.454500, -0.570692, 0, 5740.903151, 0.000000, 1, -4, 4, 239.360708, -0.300095, 0.112265, -0.283471
2397.562000, -0.549986, 0, 5835.535272, 0.000000, 1, -4, 4, 239.255806, -0.288249, 0.105354, -0.278082
2398.668000, -0.528979, 0, 5756.533409, 0.000000, 1, -5, 4, 238.948632, -0.283501, 0.106658, -0.253500
2399.773500, -0.507710, 5, 6047.849885, 0.000000, 1, -5, 4, 238.816307, -0.294531, 0.106973, -0.237895
2400.877000, -0.486179, 5, 6486.981048, 0.000000, 0, -5, 4, 238.424205, -0.306033, 0.105189, -0.314282
2401.979000, -0.464384, 5, 6656.096804, 0.000000, 0, -4, 4, 238.067071, -0.336626, 0.107630, -0.304556
2403.079500, -0.442327, 5, 6733.302107, 0.000000, 0, -4, 4, 237.760007, -0.371928, 0.108886, -0.279772
2404.178500, -0.419970, 5, 6811.815497, 0.000000, 0, -4, 4, 237.402897, -0.410245, 0.106567, -0.357858
2405.276000, -0.397273, 5, 6851.574483, 0.000000, 1, -4, 4, 237.130847, -0.455675, 0.112381, -0.334791
2406.373000, -0.374277, 5, 6911.854465, 0.000000, 1, -5, 3, 236.998629, -0.470947, 0.113728, -0.319014
2407.468500, -0.350941, 5, 6932.121342, 0.000000, 1, -5, 3, 236.684098, -0.495127, 0.115046, -0.390373
2408.563500, -0.327305, 5, 6972.919217, 0.000000, 1, -5, 3, 236.559527, -0.489420, 0.120635, -0.366083
2409.657500, -0.303330, 5, 6972.919217, 0.000000, 1, -6, 3, 236.349869, -0.464631, 0.121956, -0.355011
2410.751500, -0.279017, 5, 6993.451501, 0.000000, 0, -6, 3, 236.372751, -0.430416, 0.125595, -0.329601
2411.844500, -0.254440, 5, 7014.073551, 0.000000, 0, -6, 3, 236.155483, -0.376694, 0.126889, -0.326964
2412.937000, -0.229524, 5, 7034.786026, 0.000000, 0, -5, 3, 236.038678, -0.329806, 0.127492, -0.294106
2414.029500, -0.204307, 5, 7076.484917, 0.000000, 1, -5, 2, 236.046337, -0.283347, 0.126063, -0.373517
2415.121500, -0.178789, 5, 7118.553576, 0.000000, 1, -6, 2, 235.914276, -0.245842, 0.124402, -0.357590
2416.213000, -0.153007, 5, 7160.997507, 0.000000, 1, -7, 2, 235.817162, -0.215175, 0.122047, -0.343511
2417.305000, -0.126924, 5, 7225.379356, 0.000000, 0, -8, 2, 235.937314, -0.173911, 0.117281, -0.332142
2418.397000, -0.100614, 5, 7247.033763, 0.000000, 0, -9, 2, 235.952698, -0.141652, 0.112212, -0.315179
2419.489500, -0.074041, 5, 7290.637655, 0.000000, 0, -9, 2, 236.037949, -0.102078, 0.109943, -0.301961
2420.582000, -0.047202, 5, 7312.588630, 0.000000, 0, -10, 2, 236.053370, -0.056147, 0.106236, -0.285007
2421.675000, -0.020213, 5, 7334.639962, 0.000000, 0, -10, 2, 236.165849, -0.023923, 0.101178, -0.194260
2422.768500, 0.006965, 5, 7356.792415, 0.000000, 0, -10, 2, 236.251132, 0.021974, 0.097503, -0.181065
2423.862000, 0.034332, 5, 7379.046760, 0.000000, 0, -10, 2, 236.293778, 0.057961, 0.089401, -0.174472
2424.956500, 0.061927, 5, 7379.046760, 0.000000, 0, -10, 3, 236.448912, 0.088071, 0.084859, -0.165041
2426.051000, 0.089636, 5, 7401.403777, 0.000000, 0, -10, 3, 236.491565, 0.113504, 0.079148, -0.158456
2427.146500, 0.117498, 5, 7401.403777, 0.000000, 0, -10, 3, 236.716540, 0.134223, 0.072269, -0.152793
2428.242000, 0.145512, 5, 7379.046760, 0.000000, 0, -10, 3, 236.689372, 0.143868, 0.065651, -0.142467
2429.338000, 0.173640, 5, 7356.792415, 0.000000, 0, -10, 3, 236.809615, 0.151870, 0.061628, -0.131196
2430.435000, 0.201884, 5, 7312.588630, 0.000000, 0, -10, 3, 237.026844, 0.166230, 0.056177, -0.134006
2431.531500, 0.230320, 5, 7290.637655, 0.000000, 0, -11, 3, 236.922108, 0.163159, 0.052414, -0.128380
2432.628500, 0.258833, 5, 7247.033763, 0.000000, 0, -12, 3, 237.042363, 0.160563, 0.050770, -0.117129
2433.725500, 0.287462, 5, 7225.379356, 0.000000, 0, -13, 3, 237.042363, 0.154881, 0.045415, -0.029238
2434.822500, 0.316245, 5, 7203.822327, 0.000000, 0, -13, 3, 237.022994, 0.126355, 0.047392, -0.010483
2435.920000, 0.345108, 5, 7182.361951, 0.000000, 0, -13, 4, 237.127719, 0.114792, 0.045574, -0.016120
2437.017000, 0.374087, 5, 7182.361951, 0.000000, 0, -13, 4, 237.030773, 0.092154, 0.043995, -0.002045
2438.114000, 0.403146, 5, 7160.997507, 0.000000, 0, -13, 4, 237.030773, 0.058933, 0.044725, -0.002045
2439.210500, 0.432247, 5, 7160.997507, 0.000000, 0, -13, 4, 236.918272, 0.040081, 0.040026, -0.004842
2440.307500, 0.461466, 5, 7160.997507, 0.000000, 0, -13, 4, 237.038556, 0.013221, 0.039338, 0.006392
2441.404000, 0.490689, 5, 7160.997507, 0.000000, 0, -13, 4, 236.933841, -0.006806, 0.039351, 0.012041
2442.500500, 0.520032, 5, 7160.997507, 0.000000, 0, -13, 4, 236.933841, -0.012464, 0.033936, 0.012041
2443.597000, 0.549379, 5, 7160.997507, 0.000000, 0, -12, 5, 236.933841, -0.024010, 0.032059, 0.012041
2444.693000, 0.578808, 5, 7160.997507, 0.000000, 0, -12, 5, 236.829128, -0.036029, 0.028062, 0.017694
2445.789500, 0.608281, 5, 7160.997507, 0.000000, 0, -12, 7, 236.906730, -0.036974, 0.023822, 0.022366
2446.885000, 0.637836, 5, 7182.361951, 0.000000, 0, -12, 7, 236.724418, -0.043335, 0.025240, 0.023353
2447.981500, 0.667511, 5, 7182.361951, 0.000000, 0, -12, 7, 236.914528, -0.039094, 0.024295, 0.030807
2449.077500, 0.697307, 5, 7203.822327, 0.000000, 0, -13, 8, 236.809823, -0.034381, 0.025470, 0.036470
2450.173500, 0.727263, 5, 7225.379356, 0.000000, 0, -13, 8, 236.852531, -0.031777, 0.027125, -0.044866
2451.269500, 0.757340, 5, 7225.379356, 0.000000, 0, -14, 8, 236.790543, -0.028694, 0.030906, -0.032642
2452.365500, 0.787577, 5, 7225.379356, 0.000000, 0, -14, 8, 236.833260, -0.020899, 0.035848, -0.026090
2453.461500, 0.818051, 5, 7225.379356, 0.000000, 0, -15, 8, 236.841082, -0.017324, 0.041748, -0.105539
2454.558000, 0.848685, 5, 7182.361951, 0.000000, 0, -14, 8, 236.926532, -0.000085, 0.048994, -0.092445
2455.654000, 0.879519, 5, 7160.997507, 0.000000, 1, -14, 8, 236.821848, 0.003031, 0.052774, -0.174651
2456.750000, 0.910630, 5, 7139.728284, 0.000000, 1, -14, 8, 236.837531, 0.004512, 0.059128, -0.157767
2457.846000, 0.942055, 5, 7118.553576, 0.000000, 1, -14, 8, 236.818346, 0.006492, 0.067608, -0.226876
2458.941500, 0.973795, 5, 7097.472684, 0.000000, 1, -14, 8, 236.721543, -0.009882, 0.073580, -0.300616
2460.038500, 1.005090, 5, 7097.472684, 0.000000, 1, -14, 8, 236.726060, -0.010647, 0.089390, -0.256493
2461.135500, 1.034911, 5, 7076.484917, 0.000000, 1, -14, 8, 236.656298, -0.023408, 0.101290, -0.340561
2462.232000, 1.063257, 5, 7076.484917, 0.000000, 1, -14, 8, 236.524681, -0.045588, 0.110978, -0.412351
2463.328500, 1.090317, 5, 7055.589591, 0.000000, 1, -13, 8, 236.513546, -0.059966, 0.125529, -0.385088
2464.425000, 1.115823, 5, 7034.786026, 0.000000, 1, -12, 8, 236.502466, -0.073628, 0.133277, -0.445713
2465.521000, 1.139887, 5, 7014.073551, 0.000000, 1, -11, 8, 236.370930, -0.089396, 0.141569, -0.517453
2466.616500, 1.162625, 5, 7014.073551, 0.000000, 1, -10, 8, 236.255341, -0.093069, 0.153759, -0.572264
2467.712000, 1.183995, 5, 7014.073551, 0.000000, 1, -10, 8, 236.236427, -0.103974, 0.154256, -0.553420
2468.807500, 1.204035, 5, 7014.073551, 0.000000, 1, -10, 10, 236.233534, -0.109117, 0.160097, -0.605554
2469.902500, 1.222897, 5, 7034.786026, 0.000000, 1, -11, 11, 236.083302, -0.108496, 0.171287, -0.658356
2470.997000, 1.240580, 5, 7034.786026, 0.000000, 1, -10, 13, 236.002852, -0.110977, 0.178775, -0.715019
2472.091500, 1.257007, 5, 7034.786026, 0.000000, 2, -10, 15, 235.965379, -0.113457, 0.195276, -0.765158
2473.185500, 1.272482, 5, 7034.786026, 0.000000, 2, -9, 17, 235.866429, -0.117972, 0.212275, -0.802894
2474.279500, 1.286815, 5, 7055.589591, 0.000000, 2, -8, 18, 235.829195, -0.116632, 0.225607, -0.852997
2475.373000, 1.300233, 5, 7055.589591, 0.000000, 2, -8, 19, 235.730562, -0.115682, 0.245857, -0.978558
2476.466000, 1.312735, 5, 7076.484917, 0.000000, 2, -9, 18, 235.623933, -0.119426, 0.265080, -1.024651
2477.559000, 1.324476, 5, 7076.484917, 0.000000, 2, -9, 18, 235.611667, -0.116641, 0.282722, -1.137190
2478.652000, 1.335224, 5, 7097.472684, 0.000000, 2, -9, 17, 235.626240, -0.112732, 0.304522, -1.172300
2479.745000, 1.345017, 5, 7097.472684, 0.000000, 2, -9, 17, 235.589673, -0.104029, 0.318398, -1.310217
2480.838000, 1.353970, 5, 7118.553576, 0.000000, 2, -8, 18, 235.604589, -0.082135, 0.331097, -1.345328
2481.930500, 1.362044, 5, 7118.553576, 0.000000, 2, -7, 19, 235.480590, -0.073851, 0.342814, -1.460227
2483.023000, 1.369392, 5, 7139.728284, 0.000000, 3, -7, 19, 235.461166, -0.066489, 0.350289, -1.581174
2484.115500, 1.376205, 5, 7139.728284, 0.000000, 3, -7, 19, 235.493536, -0.050526, 0.364403, -1.687243
2485.208000, 1.382444, 5, 7160.997507, 0.000000, 3, -8, 17, 235.448300, -0.043339, 0.378640, -1.797671
2486.300500, 1.388263, 5, 7182.361951, 0.000000, 4, -9, 16, 235.489843, -0.029175, 0.393252, -1.895302
2487.393000, 1.393585, 5, 7182.361951, 0.000000, 4, -10, 14, 235.453822, -0.019448, 0.415809, -1.997252
2488.485500, 1.398486, 5, 7203.822327, 0.000000, 4, -10, 13, 235.487627, -0.017033, 0.435849, -2.103359
2489.578000, 1.403004, 5, 7203.822327, 0.000000, 3, -10, 12, 235.461001, -0.006475, 0.460351, -2.196840
2490.670500, 1.407102, 5, 7225.379356, 0.000000, 3, -10, 10, 235.469553, 0.004236, 0.484799, -2.292418
2491.763000, 1.410778, 5, 7268.786282, 0.000000, 3, -10, 8, 235.426427, 0.009959, 0.499415, -2.402756
2492.856000, 1.414072, 5, 7312.588630, 0.000000, 3, -10, 9, 235.592048, 0.027225, 0.515062, -2.402107
2493.949000, 1.416906, 5, 7356.792415, 0.000000, 3, -9, 8, 235.549644, 0.033136, 0.522702, -2.512451
2495.042500, 1.419243, 5, 7401.403777, 0.000000, 3, -9, 10, 235.663862, 0.045982, 0.523644, -2.526647
2496.136500, 1.421196, 5, 7469.098767, 0.000000, 3, -9, 10, 235.778469, 0.068404, 0.526195, -2.628806
2497.231000, 1.422652, 5, 7491.874419, 0.000000, 3, -10, 8, 235.902419, 0.086881, 0.523006, -2.634735
2498.326000, 1.423801, 5, 7514.756758, 0.000000, 3, -10, 8, 235.983236, 0.114910, 0.521373, -2.734859
2499.422000, 1.424567, 5, 7537.746613, 0.000000, 3, -10, 6, 236.211911, 0.150650, 0.521726, -2.835420
2500.518500, 1.424912, 5, 7560.844818, 0.000000, 3, -11, 6, 236.302644, 0.176602, 0.520493, -2.839417
2501.615500, 1.424912, 5, 7584.052220, 0.000000, 3, -11, 7, 236.419311, 0.203207, 0.521207, -2.854075
2502.713500, 1.424376, 5, 7607.369671, 0.000000, 3, -10, 9, 236.649240, 0.232334, 0.523307, -2.867110
2503.812000, 1.423571, 5, 7607.369671, 0.000000, 4, -10, 11, 236.732136, 0.242940, 0.524341, -2.967604
2504.911000, 1.422422, 5, 7630.798036, 0.000000, 4, -10, 10, 236.868544, 0.259016, 0.528183, -2.965797
2506.011000, 1.420967, 5, 7630.798036, 0.000000, 4, -10, 7, 237.065240, 0.272370, 0.530537, -2.976951
2507.112000, 1.419051, 5, 7654.338184, 0.000000, 4, -10, 7, 237.306252, 0.279745, 0.534739, -3.070056
2508.213000, 1.416868, 5, 7654.338184, 0.000000, 3, -10, 7, 237.277984, 0.281439, 0.536294, -3.084483
2509.315500, 1.414264, 5, 7654.338184, 0.000000, 3, -10, 8, 237.598376, 0.294828, 0.538524, -3.086185
2510.418500, 1.411276, 5, 7677.990998, 0.000000, 4, -10, 11, 237.718367, 0.294483, 0.540708, -3.101557
2511.522000, 1.407983, 5, 7677.990998, 0.000000, 4, -10, 12, 237.857882, 0.296701, 0.544365, -3.100401
2512.626500, 1.404306, 5, 7701.757367, 0.000000, 4, -9, 14, 238.022787, 0.307839, 0.547333, -3.109958
2513.731500, 1.400362, 5, 7701.757367, 0.000000, 4, -9, 14, 238.153705, 0.302503, 0.548942, -3.117298
2514.837500, 1.396150, 5, 7701.757367, 0.000000, 4, -10, 13, 238.363649, 0.302195, 0.551139, -3.209017
2515.944500, 1.391632, 5, 7701.757367, 0.000000, 4, -10, 11, 238.618281, 0.315655, 0.553156, -3.207080
2517.052000, 1.386847, 5, 7677.990998, 0.000000, 4, -10, 12, 238.681910, 0.311968, 0.558794, -3.210043
2518.159500, 1.381793, 5, 7677.990998, 0.000000, 4, -9, 14, 238.701814, 0.306250, 0.565185, -3.218932
2519.268500, 1.376473, 5, 7677.990998, 0.000000, 4, -9, 15, 239.036742, 0.314072, 0.571496, -3.213918
2520.378000, 1.370999, 5, 7677.990998, 0.000000, 4, -9, 15, 239.136298, 0.300820, 0.575879, -3.307382
2521.488000, 1.365373, 5, 7654.338184, 0.000000, 4, -9, 15, 239.256416, 0.302775, 0.584217, -3.296583
2522.598500, 1.359671, 5, 7630.798036, 0.000000, 5, -9, 15, 239.367147, 0.304759, 0.592599, -3.294095
2523.709500, 1.353855, 5, 7584.052220, 0.000000, 5, -9, 15, 239.454331, 0.284849, 0.604149, -3.281057
2524.821000, 1.348116, 5, 7537.746613, 0.000000, 5, -9, 15, 239.576532, 0.272593, 0.617651, -3.358427
2525.933000, 1.342339, 5, 7491.874419, 0.000000, 5, -10, 15, 239.699438, 0.267262, 0.630985, -3.348006
2527.045000, 1.336601, 5, 7469.098767, 0.000000, 5, -10, 16, 239.675764, 0.246196, 0.645526, -3.335994
2528.157500, 1.330901, 5, 7446.428982, 0.000000, 5, -9, 15, 239.810485, 0.237625, 0.662541, -3.317540
2529.270500, 1.325126, 5, 7446.428982, 0.000000, 5, -9, 16, 239.890921, 0.222526, 0.675036, -3.313046
2530.383500, 1.319160, 5, 7469.098767, 0.000000, 5, -8, 17, 239.937794, 0.197059, 0.684435, -3.306105
2531.496500, 1.313041, 5, 7537.746613, 0.000000, 4, -7, 18, 239.895868, 0.185113, 0.686653, -3.310476
2532.610000, 1.306656, 5, 7584.052220, 0.000000, 4, -7, 19, 240.022896, 0.170918, 0.682773, -3.300487
2533.724000, 1.299965, 5, 7630.798036, 0.000000, 4, -6, 18, 240.152764, 0.159242, 0.673335, -3.317578
2534.838000, 1.292931, 5, 7677.990998, 0.000000, 4, -6, 19, 240.123086, 0.150855, 0.660369, -3.313839
2535.953000, 1.285592, 5, 7701.757367, 0.000000, 4, -6, 19, 240.377629, 0.157408, 0.644092, -3.322479
2537.068500, 1.277795, 5, 7725.638189, 0.000000, 4, -6, 18, 240.440562, 0.162386, 0.623746, -3.334659
2538.184500, 1.269616, 5, 7749.634374, 0.000000, 4, -5, 19, 240.593771, 0.173906, 0.607845, -3.423705
2539.301000, 1.260942, 5, 7773.746840, 0.000000, 4, -5, 21, 240.680769, 0.193488, 0.588792, -3.446699
2540.418000, 1.252040, 5, 7797.976515, 0.000000, 4, -4, 22, 240.811844, 0.206465, 0.576860, -3.437334
2541.536000, 1.242796, 5, 7822.324336, 0.000000, 4, -4, 22, 241.034691, 0.226603, 0.571430, -3.444014
2542.654500, 1.233438, 5, 7822.324336, 0.000000, 4, -5, 22, 241.121970, 0.247503, 0.567912, -3.528233
2543.773500, 1.224043, 5, 7822.324336, 0.000000, 5, -5, 22, 241.254968, 0.254030, 0.574651, -3.607084
2544.893000, 1.214611, 5, 7822.324336, 0.000000, 5, -6, 22, 241.354682, 0.263223, 0.587329, -3.683391
2546.013500, 1.205218, 5, 7822.324336, 0.000000, 5, -7, 22, 241.579448, 0.271504, 0.602650, -3.751664
2547.135000, 1.195866, 5, 7822.324336, 0.000000, 5, -7, 22, 241.793767, 0.280847, 0.626849, -3.740287
2548.256500, 1.186476, 5, 7822.324336, 0.000000, 5, -7, 22, 241.782624, 0.288672, 0.647078, -3.816910
2549.379500, 1.177240, 5, 7822.324336, 0.000000, 5, -8, 22, 242.134315, 0.302299, 0.669607, -3.877723
2550.502500, 1.168043, 5, 7822.324336, 0.000000, 5, -8, 21, 242.147132, 0.306420, 0.686657, -3.877316
2551.626500, 1.159000, 5, 7822.324336, 0.000000, 5, -8, 20, 242.353601, 0.307241, 0.700332, -3.935688
2552.751000, 1.150111, 5, 7822.324336, 0.000000, 6, -8, 20, 242.436387, 0.315814, 0.715560, -4.002016
2553.876000, 1.141337, 5, 7846.791252, 0.000000, 6, -8, 20, 242.587670, 0.311134, 0.722213, -3.986042
2555.002000, 1.132717, 5, 7846.791252, 0.000000, 6, -8, 20, 242.796998, 0.311306, 0.733943, -4.044911
2556.128500, 1.124250, 5, 7846.791252, 0.000000, 6, -8, 20, 242.870652, 0.311838, 0.740774, -4.119519
2557.256000, 1.115861, 5, 7846.791252, 0.000000, 6, -8, 20, 243.137480, 0.307543, 0.742626, -4.104364
2558.384000, 1.107549, 5, 7871.378220, 0.000000, 5, -8, 19, 243.224580, 0.312986, 0.749766, -4.171233
2559.512500, 1.099199, 5, 7871.378220, 0.000000, 5, -7, 20, 243.346254, 0.312719, 0.749937, -4.153112
2560.641500, 1.090812, 5, 7896.086207, 0.000000, 5, -7, 20, 243.444677, 0.307828, 0.744986, -4.238837
2561.771000, 1.082503, 5, 7896.086207, 0.000000, 5, -6, 20, 243.567890, 0.306660, 0.743181, -4.220910
2562.901000, 1.074194, 5, 7920.916193, 0.000000, 5, -6, 20, 243.658301, 0.293159, 0.734986, -4.288122
2564.032000, 1.065810, 5, 7920.916193, 0.000000, 6, -6, 20, 243.905421, 0.295545, 0.724459, -4.377670
2565.163500, 1.057656, 5, 7920.916193, 0.000000, 6, -6, 20, 243.976090, 0.285536, 0.724288, -4.346442
2566.295500, 1.049540, 5, 7920.916193, 0.000000, 6, -6, 19, 244.136158, 0.281740, 0.721337, -4.419749
2567.428000, 1.041311, 5, 7945.869166, 0.000000, 5, -6, 19, 244.217516, 0.282502, 0.718737, -4.407350
2568.561500, 1.033083, 5, 7945.869166, 0.000000, 5, -5, 20, 244.446171, 0.281100, 0.721812, -4.486733
2569.695500, 1.024856, 5, 7970.946126, 0.000000, 5, -5, 20, 244.575014, 0.291569, 0.719499, -4.469611
2570.830000, 1.016591, 5, 7970.946126, 0.000000, 5, -5, 20, 244.658620, 0.297159, 0.716996, -4.545384
2571.965000, 1.008441, 5, 7970.946126, 0.000000, 6, -5, 20, 244.755609, 0.297008, 0.722040, -4.613394
2573.100500, 1.000445, 5, 7970.946126, 0.000000, 6, -5, 20, 244.886895, 0.291844, 0.722163, -4.596572
2574.236500, 0.992716, 5, 7996.148083, 0.000000, 6, -5, 20, 244.998357, 0.283976, 0.726019, -4.656955
2575.373500, 0.985292, 5, 7996.148083, 0.000000, 6, -6, 20, 245.236627, 0.286686, 0.736860, -4.710843
2576.510500, 0.978135, 5, 7996.148083, 0.000000, 6, -6, 20, 245.203812, 0.282691, 0.748683, -4.767229
2577.648500, 0.971283, 5, 7970.946126, 0.000000, 6, -7, 20, 245.418323, 0.280578, 0.764386, -4.749124
2578.787500, 0.964660, 5, 7970.946126, 0.000000, 6, -7, 20, 245.659747, 0.290869, 0.781301, -4.715669
2579.927000, 0.958190, 5, 7996.148083, 0.000000, 6, -6, 20, 245.763122, 0.291568, 0.793190, -4.784445
2581.066500, 0.951987, 5, 7996.148083, 0.000000, 6, -6, 20, 245.767603, 0.299839, 0.801461, -4.756211
2582.207500, 0.945936, 5, 7996.148083, 0.000000, 6, -6, 20, 246.111814, 0.316869, 0.807756, -4.732518
2583.348000, 0.940114, 5, 7996.148083, 0.000000, 6, -6, 20, 245.958880, 0.300259, 0.808984, -4.795415
2584.489500, 0.934597, 5, 8021.476059, 0.000000, 6, -6, 20, 246.205452, 0.299854, 0.809344, -4.762792
2585.632000, 0.929308, 5, 8021.476059, 0.000000, 6, -6, 20, 246.439672, 0.308525, 0.807661, -4.826007
2586.774500, 0.924324, 5, 8021.476059, 0.000000, 6, -6, 20, 246.402519, 0.286097, 0.807037, -4.802670
2587.918000, 0.919645, 5, 8021.476059, 0.000000, 6, -7, 20, 246.665768, 0.297402, 0.811324, -4.762925
2589.062000, 0.915194, 5, 8021.476059, 0.000000, 6, -6, 20, 246.743430, 0.296379, 0.814506, -4.829370
2590.206500, 0.910858, 5, 8021.476059, 0.000000, 6, -6, 20, 246.855025, 0.279501, 0.816071, -4.811175
2591.352000, 0.906712, 5, 8021.476059, 0.000000, 6, -6, 20, 247.061009, 0.301472, 0.817214, -4.784146
2592.497500, 0.902756, 5, 8021.476059, 0.000000, 6, -6, 20, 247.094574, 0.300042, 0.810863, -4.767424
2593.643500, 0.898991, 5, 8046.931084, 0.000000, 6, -6, 20, 247.203592, 0.286723, 0.810642, -4.731032
2594.790500, 0.895415, 5, 8046.931084, 0.000000, 6, -6, 20, 247.398582, 0.301843, 0.807916, -4.799970
2595.937500, 0.892031, 5, 8046.931084, 0.000000, 6, -6, 20, 247.401888, 0.279006, 0.802947, -4.780191
2597.085500, 0.889064, 5, 8046.931084, 0.000000, 7, -6, 20, 247.607999, 0.277718, 0.806342, -4.735415
2598.234000, 0.886364, 5, 8046.931084, 0.000000, 7, -7, 20, 247.725938, 0.284447, 0.805604, -4.805851
2599.383500, 0.883968, 5, 8046.931084, 0.000000, 7, -7, 20, 247.967235, 0.279359, 0.811013, -4.764737
2600.533000, 0.881801, 5, 8046.931084, 0.000000, 6, -7, 20, 247.941609, 0.287054, 0.822001, -4.741913
2601.683500, 0.879786, 5, 8046.931084, 0.000000, 6, -7, 20, 248.142153, 0.291555, 0.822329, -4.723832
2602.834500, 0.877808, 5, 8046.931084, 0.000000, 6, -6, 20, 248.278087, 0.291926, 0.824831, -4.699268
2603.986000, 0.875793, 5, 8072.514204, 0.000000, 6, -6, 20, 248.386019, 0.295970, 0.820388, -4.689914
2605.138000, 0.873816, 5, 8072.514204, 0.000000, 6, -5, 20, 248.509198, 0.297761, 0.807296, -4.673111
2606.291000, 0.871876, 5, 8098.226473, 0.000000, 6, -5, 20, 248.680451, 0.297780, 0.800071, -4.652251
2607.444000, 0.869823, 5, 8098.226473, 0.000000, 6, -5, 20, 248.696117, 0.286663, 0.781642, -4.651472
2608.597500, 0.867998, 5, 8098.226473, 0.000000, 6, -5, 20, 248.818513, 0.278650, 0.768900, -4.616551
2609.751500, 0.866287, 5, 8098.226473, 0.000000, 6, -5, 19, 248.945054, 0.271837, 0.762961, -4.600143
2610.906500, 0.864690, 5, 8098.226473, 0.000000, 6, -5, 18, 249.134636, 0.265019, 0.757013, -4.572285
2612.062000, 0.863246, 5, 8098.226473, 0.000000, 6, -6, 18, 249.262915, 0.274491, 0.761997, -4.644013
2613.218500, 0.861991, 5, 8098.226473, 0.000000, 6, -6, 17, 249.454424, 0.279138, 0.767134, -4.616472
2614.375000, 0.860774, 5, 8098.226473, 0.000000, 6, -6, 15, 249.472048, 0.278944, 0.772545, -4.597658
2615.532500, 0.859444, 5, 8098.226473, 0.000000, 6, -6, 13, 249.667754, 0.286274, 0.778619, -4.500839
2616.690500, 0.857847, 5, 8098.226473, 0.000000, 5, -5, 16, 249.801502, 0.291757, 0.773191, -4.503454
2617.849000, 0.856136, 5, 8124.068958, 0.000000, 5, -4, 16, 249.901411, 0.291032, 0.766221, -4.396462
2619.008000, 0.854311, 5, 8150.042736, 0.000000, 5, -3, 16, 250.004051, 0.293816, 0.752283, -4.395769
2620.167000, 0.852487, 5, 8150.042736, 0.000000, 6, -4, 16, 249.993276, 0.277484, 0.739257, -4.373721
2621.327500, 0.850700, 5, 8150.042736, 0.000000, 6, -4, 16, 250.335532, 0.270533, 0.733419, -4.441638
2622.488000, 0.848989, 5, 8124.068958, 0.000000, 6, -5, 16, 250.326581, 0.263867, 0.727490, -4.419728
2623.649500, 0.847279, 5, 8124.068958, 0.000000, 6, -5, 15, 250.559700, 0.264978, 0.727069, -4.327338
2624.811500, 0.845530, 5, 8124.068958, 0.000000, 6, -5, 16, 250.680153, 0.274215, 0.732043, -4.301450
2625.974000, 0.843782, 5, 8124.068958, 0.000000, 6, -5, 16, 250.722612, 0.270502, 0.736876, -4.294167
2627.137500, 0.841919, 5, 8124.068958, 0.000000, 6, -5, 16, 250.989151, 0.278684, 0.744854, -4.275413
2628.301500, 0.840056, 5, 8124.068958, 0.000000, 6, -5, 16, 251.113042, 0.292491, 0.749542, -4.180228
2629.465500, 0.838232, 5, 8124.068958, 0.000000, 6, -5, 16, 251.077124, 0.283664, 0.749860, -4.155045
2630.630500, 0.836559, 5, 8124.068958, 0.000000, 6, -5, 16, 251.314155, 0.293437, 0.751879, -4.133168
2631.796000, 0.835077, 5, 8124.068958, 0.000000, 7, -6, 16, 251.408066, 0.284952, 0.757042, -4.104310
2632.962500, 0.833671, 5, 8124.068958, 0.000000, 7, -6, 15, 251.631039, 0.274868, 0.763161, -4.090080
2634.129500, 0.832227, 5, 8124.068958, 0.000000, 6, -6, 15, 251.742863, 0.291718, 0.768576, -3.984485
2635.297000, 0.830668, 5, 8124.068958, 0.000000, 6, -6, 16, 251.855541, 0.284348, 0.775639, -3.966875
2636.465500, 0.828958, 5, 8124.068958, 0.000000, 5, -6, 16, 252.080633, 0.290551, 0.772108, -3.883390
2637.634000, 0.827058, 5, 8124.068958, 0.000000, 5, -5, 16, 252.066799, 0.291894, 0.768906, -3.869474
2638.803500, 0.824967, 5, 8124.068958, 0.000000, 6, -5, 16, 252.293661, 0.288331, 0.761090, -3.855956
2639.973500, 0.822801, 5, 8124.068958, 0.000000, 6, -5, 16, 252.376935, 0.292684, 0.745988, -3.765319
2641.144000, 0.820445, 5, 8150.042736, 0.000000, 6, -5, 16, 252.493515, 0.285000, 0.735587, -3.748194
2642.315000, 0.817823, 5, 8150.042736, 0.000000, 6, -5, 14, 252.609936, 0.276168, 0.723333, -3.749303
2643.487000, 0.814896, 5, 8150.042736, 0.000000, 5, -5, 15, 252.855099, 0.275870, 0.708467, -3.747272
2644.659000, 0.811628, 5, 8150.042736, 0.000000, 5, -4, 16, 252.812780, 0.260662, 0.702588, -3.660135
2645.832000, 0.808094, 5, 8176.148897, 0.000000, 5, -4, 16, 253.027457, 0.265551, 0.692210, -3.654604
2647.005500, 0.804257, 5, 8176.148897, 0.000000, 5, -4, 16, 253.162850, 0.264833, 0.685210, -3.648891
2648.179500, 0.800267, 5, 8176.148897, 0.000000, 6, -5, 16, 253.267263, 0.257796, 0.684556, -3.639514
2649.354500, 0.796049, 5, 8150.042736, 0.000000, 6, -5, 16, 253.467287, 0.271831, 0.676268, -3.641542
2650.530000, 0.791642, 5, 8176.148897, 0.000000, 6, -5, 16, 253.621420, 0.274469, 0.674808, -3.541111
2651.706000, 0.787121, 5, 8176.148897, 0.000000, 6, -5, 16, 253.696389, 0.272681, 0.678633, -3.528234
2652.882000, 0.782448, 5, 8176.148897, 0.000000, 6, -6, 16, 253.692202, 0.272318, 0.684205, -3.602815
2654.059500, 0.777776, 5, 8150.042736, 0.000000, 6, -7, 16, 254.025464, 0.274666, 0.698278, -3.584488
2655.237000, 0.773141, 5, 8150.042736, 0.000000, 6, -8, 15, 254.054378, 0.268342, 0.710133, -3.575135
2656.415500, 0.768431, 5, 8150.042736, 0.000000, 6, -8, 15, 254.246486, 0.277722, 0.722542, -3.548964
2657.594500, 0.763569, 5, 8150.042736, 0.000000, 6, -8, 14, 254.339827, 0.277897, 0.732959, -3.547419
2658.774000, 0.758593, 5, 8150.042736, 0.000000, 6, -8, 13, 254.468058, 0.268833, 0.741383, -3.443912
2659.954500, 0.753276, 5, 8150.042736, 0.000000, 6, -8, 12, 254.691197, 0.274974, 0.745434, -3.440006
2661.135000, 0.747617, 5, 8176.148897, 0.000000, 5, -7, 12, 254.689364, 0.275345, 0.740266, -3.445066
2662.316500, 0.741655, 5, 8176.148897, 0.000000, 5, -7, 12, 254.931032, 0.276388, 0.732131, -3.434356
2663.498500, 0.735389, 5, 8176.148897, 0.000000, 5, -7, 12, 255.010262, 0.282048, 0.718577, -3.440254
2664.681000, 0.728744, 5, 8176.148897, 0.000000, 6, -7, 12, 255.124778, 0.273841, 0.703473, -3.432163
2665.864000, 0.721871, 5, 8176.148897, 0.000000, 6, -7, 12, 255.240010, 0.266999, 0.695147, -3.336267
2667.047500, 0.714619, 5, 8202.388545, 0.000000, 6, -7, 11, 255.352182, 0.264457, 0.681517, -3.346273
2668.232000, 0.707026, 5, 8202.388545, 0.000000, 6, -7, 12, 255.548582, 0.257564, 0.673228, -3.339306
2669.416500, 0.699054, 5, 8202.388545, 0.000000, 5, -7, 12, 255.599508, 0.258996, 0.669926, -3.341603
2670.602000, 0.690664, 5, 8202.388545, 0.000000, 5, -7, 12, 255.797238, 0.256513, 0.664046, -3.334867
2671.788000, 0.681858, 5, 8202.388545, 0.000000, 5, -7, 10, 255.880454, 0.255702, 0.664829, -3.341241
2672.975000, 0.672521, 5, 8202.388545, 0.000000, 5, -7, 9, 256.123886, 0.264004, 0.659703, -3.349625
2674.162000, 0.662805, 5, 8228.762792, 0.000000, 5, -7, 8, 256.146045, 0.263037, 0.652750, -3.260320
2675.350000, 0.652483, 5, 8228.762792, 0.000000, 5, -6, 11, 256.341700, 0.269889, 0.645889, -3.271898
2676.538000, 0.641592, 5, 8255.272766, 0.000000, 5, -5, 12, 256.378148, 0.266518, 0.635318, -3.281489
2677.727000, 0.630020, 5, 8255.272766, 0.000000, 5, -5, 14, 256.574723, 0.264302, 0.626535, -3.293255
2678.916000, 0.617917, 5, 8255.272766, 0.000000, 5, -5, 15, 256.563240, 0.254871, 0.614720, -3.217954
2680.106000, 0.605474, 5, 8255.272766, 0.000000, 5, -5, 15, 256.814648, 0.251052, 0.607040, -3.297088
2681.296500, 0.592652, 5, 8255.272766, 0.000000, 6, -6, 16, 256.920035, 0.248993, 0.606059, -3.297114
2682.487500, 0.579453, 5, 8255.272766, 0.000000, 6, -7, 16, 257.026025, 0.243298, 0.607438, -3.297213
2683.679000, 0.565875, 5, 8255.272766, 0.000000, 6, -7, 16, 257.163448, 0.247453, 0.615438, -3.301423
2684.871500, 0.551806, 5, 8255.272766, 0.000000, 6, -7, 18, 257.368564, 0.251415, 0.623455, -3.296051
2686.064000, 0.537359, 5, 8255.272766, 0.000000, 5, -7, 18, 257.378384, 0.252393, 0.630927, -3.302002
2687.257500, 0.522458, 5, 8255.272766, 0.000000, 5, -6, 18, 257.597262, 0.262176, 0.640237, -3.219860
2688.451500, 0.507066, 5, 8281.919605, 0.000000, 5, -6, 18, 257.724505, 0.268004, 0.647061, -3.301430
2689.645500, 0.491296, 5, 8281.919605, 0.000000, 5, -6, 18, 257.705291, 0.255759, 0.650357, -3.303424
2690.840500, 0.475035, 5, 8281.919605, 0.000000, 6, -6, 18, 257.956521, 0.263359, 0.648116, -3.313587
2692.036000, 0.458320, 5, 8281.919605, 0.000000, 6, -6, 17, 258.067220, 0.255549, 0.645851, -3.314328
2693.232000, 0.441152, 5, 8255.272766, 0.000000, 6, -6, 18, 258.178516, 0.249277, 0.642530, -3.315143
2694.428500, 0.423569, 5, 8228.762792, 0.000000, 5, -6, 19, 258.290407, 0.256875, 0.640265, -3.316034
2695.625500, 0.405571, 5, 8202.388545, 0.000000, 5, -5, 19, 258.421481, 0.250955, 0.644697, -3.398116
2696.822500, 0.387309, 5, 8176.148897, 0.000000, 6, -6, 19, 258.405764, 0.237764, 0.646281, -3.400308
2698.020000, 0.368784, 5, 8150.042736, 0.000000, 6, -6, 19, 258.526356, 0.239406, 0.653558, -3.471624
2699.218000, 0.349919, 5, 8098.226473, 0.000000, 6, -6, 20, 258.671244, 0.228435, 0.661683, -3.476945
2700.416000, 0.330790, 5, 8072.514204, 0.000000, 6, -5, 20, 258.645717, 0.214233, 0.669442, -3.468301
2701.614000, 0.311435, 5, 8021.476059, 0.000000, 6, -5, 20, 258.670161, 0.203790, 0.682615, -3.457077
2702.812000, 0.291817, 5, 7996.148083, 0.000000, 6, -4, 20, 258.676490, 0.178278, 0.693198, -3.540489
2704.010000, 0.271973, 5, 7996.148083, 0.000000, 6, -4, 20, 258.702430, 0.152798, 0.703870, -3.529296
2705.208000, 0.252054, 5, 7970.946126, 0.000000, 6, -4, 20, 258.698841, 0.136733, 0.716105, -3.601807
2706.405500, 0.231986, 5, 7970.946126, 0.000000, 6, -4, 20, 258.597459, 0.112118, 0.723903, -3.591396
2707.603500, 0.211653, 5, 7970.946126, 0.000000, 6, -4, 20, 258.705317, 0.091566, 0.734102, -3.581968
2708.801000, 0.191056, 5, 7945.869166, 0.000000, 6, -3, 20, 258.616510, 0.073289, 0.740073, -3.582418
2709.998500, 0.170157, 5, 7945.869166, 0.000000, 6, -3, 20, 258.616065, 0.052219, 0.742601, -3.567002
2711.196000, 0.148919, 5, 7945.869166, 0.000000, 6, -2, 20, 258.638250, 0.045799, 0.742810, -3.661360
2712.393000, 0.127378, 5, 7920.916193, 0.000000, 6, -2, 20, 258.540495, 0.033805, 0.739080, -3.650747
2713.590000, 0.105687, 5, 7920.916193, 0.000000, 6, -2, 20, 258.523009, 0.025104, 0.735859, -3.729858
2714.786500, 0.083807, 5, 7896.086207, 0.000000, 7, -2, 20, 258.456817, 0.019900, 0.730079, -3.723428
2715.983000, 0.061852, 5, 7896.086207, 0.000000, 7, -2, 20, 258.449671, 0.007245, 0.732549, -3.784877
2717.179000, 0.039783, 5, 7871.378220, 0.000000, 7, -2, 20, 258.365528, 0.002419, 0.734681, -3.785015
2718.375000, 0.017639, 5, 7846.791252, 0.000000, 7, -2, 20, 258.360201, -0.001827, 0.741614, -3.758529
2719.570500, -0.004618, 5, 7822.324336, 0.000000, 7, -2, 20, 258.267154, -0.014449, 0.755090, -3.835477
2720.765500, -0.026951, 5, 7797.976515, 0.000000, 6, -2, 20, 258.174877, -0.020364, 0.763395, -3.824464
2721.960000, -0.049322, 5, 7773.746840, 0.000000, 7, -2, 20, 258.073249, -0.031452, 0.775655, -3.802379
2723.154500, -0.071807, 5, 7749.634374, 0.000000, 7, -1, 20, 258.061972, -0.038740, 0.785314, -3.881271
2724.348000, -0.094444, 5, 7725.638189, 0.000000, 7, -1, 20, 257.892718, -0.049833, 0.786821, -3.867877
2725.541000, -0.117346, 5, 7701.757367, 0.000000, 7, 0, 20, 257.763869, -0.063970, 0.787950, -3.869796
2726.733500, -0.140325, 5, 7701.757367, 0.000000, 6, 0, 20, 257.685579, -0.077685, 0.786093, -3.840779
2727.925000, -0.163418, 5, 7701.757367, 0.000000, 6, 0, 20, 257.478796, -0.102179, 0.781347, -3.840240
2729.116500, -0.186588, 5, 7701.757367, 0.000000, 6, 0, 20, 257.461645, -0.111536, 0.781699, -3.907841
2730.307000, -0.209835, 5, 7701.757367, 0.000000, 7, 0, 20, 257.296386, -0.122235, 0.780378, -3.893886
2731.497000, -0.233121, 5, 7701.757367, 0.000000, 7, 0, 20, 257.181633, -0.134335, 0.780511, -3.965593
2732.686500, -0.256485, 5, 7701.757367, 0.000000, 7, 0, 20, 257.067729, -0.135958, 0.783508, -3.949316
2733.875000, -0.279888, 5, 7701.757367, 0.000000, 7, 0, 20, 256.855225, -0.147365, 0.788416, -3.937069
2735.063000, -0.303179, 5, 7725.638189, 0.000000, 7, 0, 20, 256.763286, -0.155422, 0.793786, -4.001890
2736.251000, -0.326396, 5, 7749.634374, 0.000000, 7, 0, 20, 256.801239, -0.142378, 0.801539, -3.979245
2737.438000, -0.349464, 5, 7797.976515, 0.000000, 7, 0, 21, 256.552938, -0.146298, 0.812053, -4.038846
2738.625000, -0.372534, 5, 7846.791252, 0.000000, 7, -1, 21, 256.601707, -0.132552, 0.816768, -4.027264
2739.811500, -0.395682, 5, 7920.916193, 0.000000, 7, -1, 21, 256.463756, -0.119440, 0.824466, -4.005890
2740.998000, -0.418946, 5, 7970.946126, 0.000000, 6, 0, 22, 256.514148, -0.111761, 0.825288, -3.994314
2742.184500, -0.442289, 5, 7970.946126, 0.000000, 6, 0, 22, 256.515472, -0.077310, 0.821153, -4.072587
2743.370500, -0.465673, 5, 7970.946126, 0.000000, 6, -1, 22, 256.380139, -0.058465, 0.818420, -4.051014
2744.557000, -0.488984, 5, 7920.916193, 0.000000, 7, -1, 22, 256.532656, -0.031218, 0.811827, -4.123600
2745.743000, -0.512298, 5, 7871.378220, 0.000000, 7, -2, 22, 256.419931, -0.005673, 0.806491, -4.095420
2746.929000, -0.535311, 5, 7846.791252, 0.000000, 8, -2, 22, 256.416282, 0.003675, 0.805699, -4.074622
2748.114500, -0.558366, 5, 7797.976515, 0.000000, 8, -2, 22, 256.334615, 0.019138, 0.805472, -4.050965
2749.300000, -0.581349, 5, 7773.746840, 0.000000, 7, -1, 22, 256.332836, 0.024549, 0.810471, -4.030128
2750.485000, -0.604412, 5, 7749.634374, 0.000000, 7, -1, 22, 256.261020, 0.017453, 0.817401, -4.017534
2751.669000, -0.627440, 5, 7725.638189, 0.000000, 6, 0, 22, 256.032253, 0.007904, 0.821046, -4.086862
2752.853500, -0.650358, 5, 7725.638189, 0.000000, 7, 0, 22, 256.133115, -0.008015, 0.827236, -4.062431
2754.037000, -0.673280, 5, 7725.638189, 0.000000, 7, 0, 22, 255.956162, -0.025059, 0.828758, -4.041908
2755.219500, -0.696131, 5, 7725.638189, 0.000000, 7, 0, 22, 255.758902, -0.049625, 0.828200, -4.027683
2756.402000, -0.718644, 5, 7701.757367, 0.000000, 8, 0, 22, 255.726345, -0.065243, 0.831532, -4.078521
2757.584000, -0.741085, 5, 7701.757367, 0.000000, 8, -1, 22, 255.652312, -0.082251, 0.833268, -4.054298
2758.765500, -0.763303, 5, 7677.990998, 0.000000, 7, -1, 22, 255.557861, -0.096433, 0.838353, -4.036435
2759.946500, -0.785411, 5, 7677.990998, 0.000000, 7, -1, 22, 255.428505, -0.092121, 0.847976, -4.090342
2761.126500, -0.807334, 5, 7677.990998, 0.000000, 7, -1, 22, 255.257277, -0.107899, 0.854625, -4.069061
2762.306500, -0.829072, 5, 7654.338184, 0.000000, 7, -1, 22, 255.237264, -0.109429, 0.860775, -4.130833
2763.486000, -0.850586, 5, 7654.338184, 0.000000, 7, -1, 22, 255.161295, -0.101938, 0.870602, -4.094987
2764.664500, -0.872029, 5, 7630.798036, 0.000000, 7, -1, 22, 254.921213, -0.114176, 0.871412, -4.081271
2765.842500, -0.893590, 5, 7607.369671, 0.000000, 7, 0, 22, 254.839014, -0.110701, 0.867181, -4.074134
2767.020000, -0.915042, 5, 7584.052220, 0.000000, 7, 0, 22, 254.744343, -0.116615, 0.865398, -4.132270
2768.197000, -0.936651, 5, 7560.844818, 0.000000, 7, 0, 22, 254.663714, -0.127929, 0.850951, -4.125000
2769.373500, -0.958342, 5, 7537.746613, 0.000000, 6, 1, 22, 254.505330, -0.125590, 0.838921, -4.114187
2770.549000, -0.980190, 5, 7514.756758, 0.000000, 7, 2, 22, 254.347702, -0.131055, 0.828020, -4.103251
2771.723500, -1.002044, 5, 7491.874419, 0.000000, 7, 2, 22, 254.112428, -0.146881, 0.808922, -4.176534
2772.897500, -1.023675, 5, 7469.098767, 0.000000, 7, 2, 22, 254.022445, -0.155344, 0.801010, -4.234148
2774.070500, -1.045311, 5, 7469.098767, 0.000000, 8, 1, 22, 253.839142, -0.169958, 0.799032, -4.305733
2775.242500, -1.066649, 5, 7446.428982, 0.000000, 8, 1, 22, 253.600511, -0.184744, 0.800242, -4.279273
2776.414000, -1.088068, 5, 7446.428982, 0.000000, 8, 1, 22, 253.519448, -0.189143, 0.809714, -4.347886
2777.584500, -1.109341, 5, 7401.403777, 0.000000, 7, 2, 22, 253.288525, -0.207552, 0.816971, -4.332442
2778.754000, -1.130619, 5, 7379.046760, 0.000000, 7, 3, 22, 253.108687, -0.221253, 0.822969, -4.403418
2779.922500, -1.151904, 5, 7356.792415, 0.000000, 7, 4, 22, 252.851510, -0.227003, 0.830958, -4.470442
2781.090500, -1.173042, 5, 7334.639962, 0.000000, 7, 4, 22, 252.824241, -0.229445, 0.832914, -4.537366
2782.257000, -1.193804, 5, 7334.639962, 0.000000, 8, 3, 22, 252.435112, -0.239346, 0.839421, -4.589974
2783.422000, -1.214076, 5, 7334.639962, 0.000000, 9, 3, 22, 252.175539, -0.249209, 0.845977, -4.644934
2784.586500, -1.233705, 5, 7334.639962, 0.000000, 9, 2, 22, 252.035167, -0.260378, 0.860339, -4.767453
2785.749500, -1.252728, 5, 7334.639962, 0.000000, 9, 1, 22, 251.722685, -0.279388, 0.885325, -4.811641
2786.911500, -1.271069, 5, 7334.639962, 0.000000, 9, 0, 22, 251.512211, -0.287507, 0.912208, -4.853270
2788.072500, -1.289032, 5, 7312.588630, 0.000000, 9, 0, 22, 251.330685, -0.289032, 0.942372, -4.987761
2789.232000, -1.306426, 5, 7312.588630, 0.000000, 8, 0, 22, 250.948995, -0.309085, 0.969325, -5.038440
2790.390500, -1.323405, 5, 7290.637655, 0.000000, 8, 1, 22, 250.797455, -0.310504, 0.987216, -5.089801
2791.548500, -1.339929, 5, 7268.786282, 0.000000, 8, 1, 22, 250.647099, -0.304094, 0.997442, -5.141012
2792.705000, -1.356036, 5, 7247.033763, 0.000000, 8, 2, 22, 250.369782, -0.311824, 0.999862, -5.188794
2793.860500, -1.371573, 5, 7247.033763, 0.000000, 9, 2, 22, 250.121033, -0.294591, 0.993277, -5.329471
2795.015000, -1.386732, 5, 7225.379356, 0.000000, 9, 2, 22, 249.946991, -0.289688, 0.986599, -5.374818
2796.168000, -1.401281, 5, 7225.379356, 0.000000, 9, 2, 22, 249.599788, -0.301351, 0.978668, -5.516878
2797.320500, -1.415259, 5, 7225.379356, 0.000000, 9, 2, 22, 249.501947, -0.286510, 0.975098, -5.642536
2798.471500, -1.428666, 5, 7203.822327, 0.000000, 8, 2, 22, 249.203810, -0.284243, 0.977762, -5.683663
2799.622000, -1.441655, 5, 7203.822327, 0.000000, 8, 2, 22, 249.065710, -0.283194, 0.979011, -5.833045
2800.770500, -1.454225, 5, 7203.822327, 0.000000, 8, 2, 22, 248.645773, -0.280950, 0.981800, -5.881499
2801.918500, -1.466222, 5, 7182.361951, 0.000000, 8, 3, 22, 248.529826, -0.288265, 0.984552, -5.924754
2803.065500, -1.477915, 5, 7160.997507, 0.000000, 8, 3, 22, 248.344510, -0.287774, 0.979591, -6.074393
2804.211500, -1.489035, 5, 7160.997507, 0.000000, 8, 4, 22, 248.130091, -0.279475, 0.978892, -6.206754
2805.356000, -1.499774, 5, 7139.728284, 0.000000, 8, 4, 22, 247.792333, -0.277456, 0.975533, -6.258633
2806.500000, -1.510170, 5, 7118.553576, 0.000000, 8, 5, 22, 247.684434, -0.272672, 0.965756, -6.312882
2807.642500, -1.520107, 5, 7118.553576, 0.000000, 8, 5, 22, 247.375676, -0.276865, 0.962628, -6.457607
2808.784000, -1.529546, 5, 7097.472684, 0.000000, 8, 6, 22, 247.142338, -0.278172, 0.956151, -6.595207
2809.924500, -1.538412, 5, 7097.472684, 0.000000, 9, 5, 22, 246.958027, -0.268145, 0.953940, -6.720229
2811.063500, -1.546473, 5, 7097.472684, 0.000000, 9, 5, 22, 246.626183, -0.277243, 0.960644, -6.858557
2812.201500, -1.553575, 5, 7097.472684, 0.000000, 10, 4, 22, 246.413306, -0.274982, 0.974455, -6.954011
2813.338000, -1.559757, 5, 7097.472684, 0.000000, 10, 4, 21, 246.081938, -0.283059, 0.993493, -7.079904
2814.473500, -1.564749, 5, 7097.472684, 0.000000, 10, 3, 20, 245.848740, -0.293312, 1.022090, -7.180863
2815.607500, -1.568858, 5, 7076.484917, 0.000000, 10, 3, 19, 245.544743, -0.294336, 1.053038, -7.212013
2816.740500, -1.571892, 5, 7076.484917, 0.000000, 10, 2, 18, 245.341510, -0.293672, 1.082310, -7.318009
2817.872000, -1.574004, 5, 7055.589591, 0.000000, 9, 2, 16, 244.990247, -0.303671, 1.111066, -7.436789
2819.002500, -1.575157, 5, 7055.589591, 0.000000, 9, 2, 15, 244.790587, -0.298815, 1.135285, -7.454290
2820.132000, -1.575425, 5, 7034.786026, 0.000000, 9, 3, 12, 244.569745, -0.296280, 1.145994, -7.577362
2821.260000, -1.574849, 5, 7034.786026, 0.000000, 9, 3, 10, 244.249261, -0.296357, 1.149072, -7.612931
2822.387000, -1.573467, 5, 7014.073551, 0.000000, 9, 4, 7, 244.031367, -0.286969, 1.143385, -7.647549
2823.513000, -1.571354, 5, 6993.451501, 0.000000, 9, 4, 5, 243.814958, -0.281587, 1.128737, -7.681916
2824.637500, -1.568474, 5, 6993.451501, 0.000000, 9, 4, 1, 243.474115, -0.283824, 1.116516, -7.810457
2825.761500, -1.564864, 5, 6972.919217, 0.000000, 9, 5, 0, 243.386605, -0.270849, 1.102469, -7.837790
2826.884000, -1.560679, 5, 6972.919217, 0.000000, 9, 5, -4, 243.049367, -0.267524, 1.086471, -7.889728
2828.005500, -1.555841, 5, 6952.476046, 0.000000, 9, 6, -7, 242.839377, -0.269441, 1.069353, -7.847084
2829.125500, -1.550389, 5, 6952.476046, 0.000000, 9, 6, -9, 242.503951, -0.263688, 1.055842, -7.886441
2830.244500, -1.544093, 5, 6932.121342, 0.000000, 9, 6, -12, 242.296143, -0.273226, 1.044148, -7.919205
2831.363000, -1.537069, 5, 6932.121342, 0.000000, 9, 6, -14, 242.165848, -0.268163, 1.038365, -7.957611
2832.479500, -1.529278, 5, 6932.121342, 0.000000, 9, 6, -16, 241.733487, -0.268816, 1.036450, -7.908198
2833.595000, -1.520759, 5, 6911.854465, 0.000000, 9, 6, -17, 241.530100, -0.275971, 1.035285, -7.852260
2834.709500, -1.511627, 5, 6891.674781, 0.000000, 9, 7, -18, 241.302810, -0.277442, 1.033180, -7.814083
2835.823000, -1.501730, 5, 6891.674781, 0.000000, 9, 7, -19, 241.102285, -0.283249, 1.036151, -7.757663
2836.935000, -1.490991, 5, 6891.674781, 0.000000, 9, 6, -20, 240.776684, -0.282563, 1.038409, -7.794710
2838.046000, -1.479372, 5, 6891.674781, 0.000000, 9, 6, -20, 240.528590, -0.277498, 1.041475, -7.649741
2839.156000, -1.466644, 5, 6891.674781, 0.000000, 9, 6, -21, 240.333210, -0.282412, 1.050602, -7.580448
2840.264000, -1.453075, 5, 6891.674781, 0.000000, 10, 5, -21, 239.886047, -0.289447, 1.058320, -7.434204
2841.371500, -1.438704, 5, 6871.581661, 0.000000, 10, 5, -21, 239.768728, -0.292945, 1.063646, -7.294793
2842.477500, -1.423610, 5, 6871.581661, 0.000000, 9, 5, -21, 239.450560, -0.299040, 1.072459, -7.154312
2843.582500, -1.407753, 5, 6851.574483, 0.000000, 8, 5, -21, 239.234965, -0.303380, 1.074641, -7.013985
2844.686500, -1.391326, 5, 6851.574483, 0.000000, 8, 6, -21, 238.993700, -0.302926, 1.069745, -6.803551
2845.789500, -1.374367, 5, 6851.574483, 0.000000, 8, 6, -21, 238.779471, -0.306344, 1.062136, -6.586962
2846.891500, -1.357069, 5, 6831.652632, 0.000000, 8, 7, -21, 238.591010, -0.305803, 1.041364, -6.376386
2847.992500, -1.339470, 5, 6831.652632, 0.000000, 8, 8, -21, 238.351557, -0.293001, 1.010954, -6.177398
2849.092500, -1.321531, 5, 6811.815497, 0.000000, 8, 9, -21, 238.113001, -0.293068, 0.979100, -5.890296
2850.191500, -1.303482, 5, 6811.815497, 0.000000, 7, 9, -21, 237.901484, -0.288687, 0.945119, -5.684983
2851.289500, -1.285095, 5, 6811.815497, 0.000000, 7, 9, -21, 237.689139, -0.284184, 0.911134, -5.491646
2852.386000, -1.266177, 5, 6811.815497, 0.000000, 7, 8, -21, 237.329837, -0.297946, 0.890497, -5.272328
2853.482000, -1.247036, 5, 6831.652632, 0.000000, 7, 7, -21, 237.246662, -0.295969, 0.870849, -4.985761
2854.576500, -1.227480, 5, 6851.574483, 0.000000, 8, 7, -21, 236.887520, -0.310418, 0.857805, -4.690164
2855.671000, -1.207700, 5, 6851.574483, 0.000000, 8, 7, -21, 236.274537, -0.347016, 0.855005, -4.403728
2856.765500, -1.186247, 5, 6851.574483, 0.000000, 7, 6, -21, 236.470808, -0.351091, 0.844728, -4.037896
2857.859500, -1.162853, 5, 6851.574483, 0.000000, 7, 6, -21, 236.340670, -0.357762, 0.837937, -3.750184
2858.952000, -1.137675, 5, 6851.574483, 0.000000, 6, 6, -21, 236.054855, -0.358950, 0.827113, -3.397140
2860.043500, -1.110751, 5, 6851.574483, 0.000000, 6, 5, -21, 235.796166, -0.332205, 0.805087, -3.038057
2861.134000, -1.082274, 5, 6851.574483, 0.000000, 5, 5, -21, 235.636474, -0.336464, 0.780563, -2.692347
2862.223500, -1.052398, 5, 6851.574483, 0.000000, 5, 5, -19, 235.424031, -0.337585, 0.744706, -2.270260
2863.312500, -1.021352, 5, 6851.574483, 0.000000, 5, 5, -18, 235.312944, -0.303681, 0.701015, -1.937295
2864.400000, -0.989289, 5, 6851.574483, 0.000000, 4, 5, -17, 235.021200, -0.305195, 0.655842, -1.532408
2865.487000, -0.956477, 5, 6831.652632, 0.000000, 4, 5, -14, 234.878268, -0.302787, 0.599340, -1.141816
2866.572500, -0.923069, 5, 6831.652632, 0.000000, 3, 5, -13, 234.583965, -0.308926, 0.543691, -0.749048
2867.657500, -0.889331, 5, 6811.815497, 0.000000, 2, 5, -11, 234.459187, -0.336950, 0.477736, -0.389541
2868.742000, -0.855566, 5, 6811.815497, 0.000000, 1, 5, -9, 234.384906, -0.329282, 0.404214, -0.030738
2869.825000, -0.821965, 5, 6811.815497, 0.000000, 1, 5, -6, 234.028540, -0.328460, 0.329577, 0.313466
2870.907500, -0.788793, 5, 6792.062473, 0.000000, 0, 5, -5, 233.921748, -0.325797, 0.244248, 0.553829
2871.988500, -0.756200, 5, 6772.392962, 0.000000, 0, 5, -4, 233.586330, -0.332783, 0.161103, 0.879039
2873.068500, -0.724377, 5, 6752.806369, 0.000000, 0, 5, -1, 233.399613, -0.346577, 0.076910, 1.101791
2874.147500, -0.693473, 5, 6733.302107, 0.000000, 0, 5, 1, 233.162516, -0.347200, -0.007793, 1.325165
2875.225500, -0.663602, 5, 6733.302107, 0.000000, 0, 5, 2, 232.920032, -0.354523, -0.087667, 1.523611
2876.302000, -0.634800, 5, 6713.879594, 0.000000, -1, 5, 4, 232.606130, -0.373212, -0.161058, 1.741573
2877.377500, -0.607143, 5, 6713.879594, 0.000000, -1, 5, 7, 232.390738, -0.380425, -0.226944, 1.857757
2878.452000, -0.580704, 5, 6694.538253, 0.000000, -1, 5, 8, 232.149046, -0.399141, -0.283390, 2.055808
2879.525500, -0.555371, 5, 6675.277511, 0.000000, -1, 6, 9, 231.934182, -0.403498, -0.329280, 2.171759
2880.597500, -0.531254, 5, 6656.096804, 0.000000, -1, 7, 11, 231.618541, -0.401534, -0.365917, 2.200937
2881.669000, -0.508241, 5, 6617.973250, 0.000000, 0, 7, 12, 231.505217, -0.400782, -0.394746, 2.315437
2882.739500, -0.486368, 5, 6599.029298, 0.000000, 0, 8, 14, 231.264668, -0.392382, -0.412645, 2.337200
2883.808500, -0.465711, 5, 6599.029298, 0.000000, 0, 7, 14, 230.925701, -0.393220, -0.424127, 2.372509
2884.876500, -0.446306, 5, 6599.029298, 0.000000, 0, 7, 15, 230.736232, -0.384780, -0.432625, 2.393420
2885.943500, -0.428117, 5, 6599.029298, 0.000000, -1, 6, 15, 230.520713, -0.382594, -0.437822, 2.408215
2887.009000, -0.411141, 5, 6599.029298, 0.000000, -1, 6, 16, 230.156119, -0.389788, -0.442859, 2.349159
2888.073500, -0.395379, 5, 6599.029298, 0.000000, -1, 7, 16, 229.943371, -0.389459, -0.446229, 2.288347
2889.136500, -0.380793, 5, 6580.163165, 0.000000, 0, 8, 16, 229.654058, -0.401582, -0.449428, 2.221884
2890.199000, -0.367306, 5, 6561.374312, 0.000000, 0, 8, 16, 229.518653, -0.409260, -0.447880, 2.166386
2891.260000, -0.354957, 5, 6561.374312, 0.000000, 0, 8, 16, 229.179369, -0.407726, -0.449419, 2.100129
2892.320000, -0.343630, 5, 6561.374312, 0.000000, 0, 8, 16, 228.969568, -0.414032, -0.446179, 1.963584
2893.378500, -0.333365, 5, 6561.374312, 0.000000, 0, 8, 16, 228.657005, -0.415880, -0.438161, 1.815209
2894.436000, -0.324086, 5, 6561.374312, 0.000000, 0, 7, 16, 228.397030, -0.417876, -0.430004, 1.678902
2895.492500, -0.315639, 5, 6561.374312, 0.000000, 0, 7, 16, 228.238311, -0.416929, -0.415567, 1.541607
2896.547500, -0.307913, 5, 6561.374312, 0.000000, 0, 7, 16, 227.879282, -0.418975, -0.398022, 1.418666
2897.602000, -0.300869, 5, 6542.662203, 0.000000, 0, 8, 16, 227.773082, -0.413411, -0.378824, 1.205604
2898.655000, -0.294392, 5, 6524.026305, 0.000000, 1, 9, 15, 227.440332, -0.413971, -0.353293, 1.000746
2899.707000, -0.288333, 5, 6505.466094, 0.000000, 1, 9, 14, 227.234835, -0.417591, -0.324508, 0.801146
2900.758000, -0.282614, 5, 6505.466094, 0.000000, 1, 10, 13, 227.029377, -0.410304, -0.294347, 0.689394
2901.808000, -0.277085, 5, 6486.981048, 0.000000, 2, 10, 12, 226.801090, -0.402734, -0.258084, 0.509065
2902.857000, -0.271670, 5, 6468.570650, 0.000000, 2, 10, 10, 226.572804, -0.399520, -0.220191, 0.328728
2903.904500, -0.266293, 5, 6468.570650, 0.000000, 2, 10, 9, 226.269496, -0.392963, -0.179328, 0.155391
2904.951000, -0.260840, 5, 6486.981048, 0.000000, 2, 10, 8, 226.041211, -0.400144, -0.139494, -0.024959
2905.996500, -0.255197, 5, 6486.981048, 0.000000, 3, 10, 7, 225.840619, -0.400931, -0.099877, -0.186285
2907.041000, -0.249366, 5, 6486.981048, 0.000000, 3, 10, 6, 225.613952, -0.398511, -0.063393, -0.353797
2908.084000, -0.243156, 5, 6468.570650, 0.000000, 3, 10, 5, 225.287829, -0.406560, -0.025141, -0.419713
2909.126500, -0.236605, 5, 6431.971755, 0.000000, 4, 11, 5, 225.163938, -0.400661, 0.011087, -0.575152
2910.168000, -0.229600, 5, 6413.782248, 0.000000, 4, 12, 4, 224.989526, -0.399387, 0.042671, -0.642250
2911.208000, -0.222103, 5, 6413.782248, 0.000000, 4, 12, 3, 224.614659, -0.401057, 0.074255, -0.694686
2912.247500, -0.214114, 5, 6395.665368, 0.000000, 4, 12, 3, 224.541422, -0.385937, 0.100490, -0.762573
2913.285500, -0.205557, 5, 6395.665368, 0.000000, 4, 12, 2, 224.217236, -0.384637, 0.125646, -0.815296
2914.322500, -0.196394, 5, 6395.665368, 0.000000, 4, 12, 2, 223.994225, -0.386330, 0.150933, -0.868835
2915.358500, -0.186664, 5, 6395.665368, 0.000000, 4, 13, 1, 223.771294, -0.377438, 0.171088, -0.922305
2916.393500, -0.176291, 5, 6377.620622, 0.000000, 4, 13, 0, 223.598988, -0.380916, 0.188762, -0.976181
2917.427000, -0.165349, 5, 6359.647520, 0.000000, 4, 14, 0, 223.248923, -0.387657, 0.203428, -0.946908
2918.460000, -0.153765, 5, 6359.647520, 0.000000, 4, 14, 0, 223.127304, -0.379350, 0.211121, -1.001146
2919.491500, -0.141612, 5, 6341.745577, 0.000000, 4, 14, 0, 222.829845, -0.390959, 0.221281, -0.959215
2920.522000, -0.128779, 5, 6341.745577, 0.000000, 4, 14, 0, 222.607323, -0.393606, 0.227729, -0.924441
2921.551500, -0.115378, 5, 6323.914313, 0.000000, 4, 14, -1, 222.358612, -0.387217, 0.230618, -0.895850
2922.579000, -0.101371, 5, 6323.914313, 0.000000, 4, 14, -1, 221.984632, -0.405362, 0.234868, -0.947256
2923.605500, -0.086873, 5, 6306.153249, 0.000000, 4, 15, -1, 221.736048, -0.414733, 0.232309, -0.830621
2924.630500, -0.071921, 5, 6270.839841, 0.000000, 4, 16, -1, 221.412762, -0.428621, 0.231538, -0.794464
2925.654000, -0.056476, 5, 6235.801625, 0.000000, 3, 17, -1, 221.111660, -0.451880, 0.228209, -0.778118
2926.676000, -0.040654, 5, 6201.034935, 0.000000, 3, 18, -1, 220.786372, -0.467815, 0.219690, -0.754896
2927.696000, -0.024529, 5, 6201.034935, 0.000000, 3, 18, -1, 220.309526, -0.494553, 0.210183, -0.642040
2928.715000, -0.008025, 5, 6183.752285, 0.000000, 3, 19, -1, 220.160087, -0.516940, 0.195829, -0.627212
2929.732500, 0.008706, 5, 6166.536171, 0.000000, 3, 19, -1, 219.784368, -0.528564, 0.182211, -0.515337
2930.748500, 0.025702, 5, 6149.386154, 0.000000, 3, 20, -1, 219.507548, -0.540174, 0.168588, -0.505610
2931.762500, 0.042963, 5, 6132.301796, 0.000000, 2, 21, -1, 219.028619, -0.545729, 0.151742, -0.493556
2932.775500, 0.060375, 5, 6132.301796, 0.000000, 2, 22, -1, 218.855086, -0.549554, 0.139217, -0.383806
2933.786500, 0.077902, 5, 6115.282665, 0.000000, 2, 23, -1, 218.400333, -0.561096, 0.125529, -0.290672
2934.796000, 0.095580, 5, 6098.328332, 0.000000, 2, 23, -1, 218.097166, -0.560350, 0.111232, -0.287164
2935.803500, 0.113372, 5, 6098.328332, 0.000000, 2, 23, -1, 217.642417, -0.568672, 0.100192, -0.193993
2936.810000, 0.131202, 5, 6098.328332, 0.000000, 2, 23, -1, 217.442548, -0.574028, 0.086183, -0.178326
2937.814500, 0.149032, 5, 6115.282665, 0.000000, 2, 23, -1, 216.985560, -0.582418, 0.072283, -0.098437
2938.817500, 0.166901, 5, 6115.282665, 0.000000, 2, 22, -1, 216.708783, -0.589046, 0.062947, -0.088500
2939.818500, 0.184695, 5, 6115.282665, 0.000000, 2, 22, -1, 216.227653, -0.595790, 0.050476, -0.001644
2940.817500, 0.202452, 5, 6115.282665, 0.000000, 2, 21, -1, 215.821192, -0.610274, 0.036604, 0.077607
2941.815000, 0.220058, 5, 6132.301796, 0.000000, 2, 21, -1, 215.491645, -0.615382, 0.025347, 0.162652
2942.811000, 0.237476, 5, 6132.301796, 0.000000, 2, 20, -1, 215.162099, -0.625156, 0.012803, 0.159798
2943.805500, 0.254743, 5, 6115.282665, 0.000000, 2, 20, -1, 214.830326, -0.624203, -0.001806, 0.231349
2944.798000, 0.271746, 5, 6115.282665, 0.000000, 2, 20, -1, 214.423883, -0.623096, -0.013330, 0.310485
2945.788500, 0.288447, 5, 6098.328332, 0.000000, 2, 20, 0, 213.964716, -0.631400, -0.030660, 0.376648
2946.777500, 0.304845, 5, 6064.612362, 0.000000, 2, 20, 0, 213.659349, -0.636625, -0.048068, 0.366628
2947.764500, 0.320942, 5, 6047.849885, 0.000000, 2, 20, 0, 213.226577, -0.635433, -0.059597, 0.439142
2948.749500, 0.336661, 5, 6014.513874, 0.000000, 2, 20, 0, 212.767477, -0.645124, -0.075353, 0.505081
2949.732000, 0.352002, 5, 5997.939522, 0.000000, 3, 20, 0, 212.257877, -0.654659, -0.088104, 0.571501
2950.712000, 0.366927, 5, 5964.976105, 0.000000, 3, 20, 0, 211.697774, -0.688747, -0.100015, 0.550498
2951.690000, 0.381437, 5, 5915.988237, 0.000000, 3, 20, 0, 211.265082, -0.722811, -0.111984, 0.622707
2952.665000, 0.395531, 5, 5851.508294, 0.000000, 3, 21, 0, 210.628188, -0.759817, -0.120882, 0.683375
2953.637000, 0.409208, 5, 5787.962963, 0.000000, 3, 21, 0, 209.967102, -0.807549, -0.127712, 0.663163
2954.606000, 0.422433, 5, 5725.328765, 0.000000, 4, 22, 0, 209.330292, -0.853729, -0.136526, 0.723518
2955.571500, 0.435203, 5, 5678.937357, 0.000000, 4, 23, 0, 208.541919, -0.918314, -0.144937, 0.785362
2956.534000, 0.447557, 5, 5633.036360, 0.000000, 4, 23, 0, 207.931467, -0.978236, -0.152075, 0.852053
2957.493000, 0.459419, 5, 5587.616688, 0.000000, 4, 24, 0, 207.143173, -1.030431, -0.157965, 0.825651
2958.448500, 0.470903, 5, 5542.669473, 0.000000, 4, 25, 0, 206.407415, -1.088676, -0.160780, 0.900426
2959.401500, 0.481971, 5, 5483.459858, 0.000000, 4, 26, 0, 205.871888, -1.120773, -0.162801, 0.958875
2960.350500, 0.492585, 5, 5425.054848, 0.000000, 5, 27, 0, 204.982628, -1.160643, -0.165819, 0.933010
2961.297000, 0.502820, 5, 5353.150673, 0.000000, 5, 27, 0, 204.449093, -1.180385, -0.165155, 1.005273
2962.239500, 0.512639, 5, 5296.486260, 0.000000, 5, 28, 0, 203.610443, -1.184773, -0.164889, 1.066409
2963.179500, 0.522079, 5, 5240.565784, 0.000000, 6, 28, 0, 203.050751, -1.192295, -0.164095, 1.043696
2964.115500, 0.531103, 5, 5212.879042, 0.000000, 6, 28, 0, 202.187828, -1.190482, -0.160904, 1.111862
2965.048000, 0.539634, 5, 5185.371775, 0.000000, 6, 28, 0, 201.399839, -1.197996, -0.163682, 1.171894
2965.977500, 0.547749, 5, 5199.103106, 0.000000, 6, 28, 0, 200.789701, -1.207021, -0.164930, 1.237137
2966.902500, 0.555333, 5, 5199.103106, 0.000000, 6, 27, 0, 199.797854, -1.225234, -0.169589, 1.284305
2967.824000, 0.562348, 5, 5199.103106, 0.000000, 6, 27, 0, 199.036163, -1.252698, -0.177277, 1.350668
2968.742000, 0.568796, 5, 5212.879042, 0.000000, 6, 27, 0, 198.297215, -1.270917, -0.185111, 1.394710
2969.656500, 0.574560, 5, 5226.699846, 0.000000, 7, 26, 0, 197.533939, -1.296931, -0.197038, 1.358105
2970.568000, 0.579756, 5, 5240.565784, 0.000000, 7, 26, 0, 196.897938, -1.302933, -0.207651, 1.415275
2971.476000, 0.584270, 5, 5254.477123, 0.000000, 7, 25, 0, 196.108736, -1.295099, -0.219957, 1.458887
2972.380500, 0.588101, 5, 5254.477123, 0.000000, 7, 25, 0, 195.396262, -1.299519, -0.232167, 1.508868
2973.282000, 0.591211, 5, 5254.477123, 0.000000, 8, 25, 1, 194.732903, -1.271564, -0.243515, 1.543246
2974.181000, 0.593639, 5, 5254.477123, 0.000000, 8, 25, 1, 194.172303, -1.245119, -0.256269, 1.591309
2975.076500, 0.595308, 5, 5240.565784, 0.000000, 8, 24, 1, 193.434128, -1.218636, -0.265910, 1.633154
2975.969500, 0.596180, 5, 5240.565784, 0.000000, 9, 24, 1, 192.872332, -1.173799, -0.275089, 1.577790
2976.859500, 0.596256, 5, 5226.699846, 0.000000, 9, 24, 2, 192.235552, -1.148907, -0.285674, 1.618129
2977.746000, 0.595535, 5, 5212.879042, 0.000000, 9, 24, 2, 191.471853, -1.134740, -0.294662, 1.651565
2978.630000, 0.594018, 5, 5199.103106, 0.000000, 9, 24, 2, 190.962394, -1.108272, -0.303571, 1.697854
2979.511000, 0.591704, 5, 5185.371775, 0.000000, 10, 23, 2, 190.274240, -1.095499, -0.311362, 1.722378
2980.389500, 0.588556, 5, 5171.684787, 0.000000, 10, 23, 3, 189.763871, -1.079622, -0.319111, 1.752856
2981.265000, 0.584573, 5, 5158.041882, 0.000000, 10, 23, 3, 189.103115, -1.060807, -0.323326, 1.711462
2982.137500, 0.579794, 5, 5130.887293, 0.000000, 11, 23, 3, 188.466128, -1.058867, -0.329147, 1.734444
2983.007000, 0.574219, 5, 5090.479654, 0.000000, 11, 23, 4, 187.830399, -1.055391, -0.333420, 1.772412
2983.874000, 0.567961, 5, 5050.455119, 0.000000, 12, 24, 5, 187.271155, -1.042880, -0.331029, 1.729436
2984.737500, 0.560945, 5, 5010.807084, 0.000000, 12, 25, 5, 186.508805, -1.050161, -0.333857, 1.759722
2985.598000, 0.553247, 5, 4958.517569, 0.000000, 13, 25, 6, 185.874405, -1.049978, -0.328526, 1.724346
2986.455000, 0.544943, 5, 4894.058136, 0.000000, 13, 26, 6, 185.112362, -1.065161, -0.323407, 1.753813
2987.309000, 0.535956, 5, 4843.194972, 0.000000, 13, 26, 6, 184.478152, -1.090965, -0.320361, 1.805738
2988.159500, 0.526401, 5, 4792.942775, 0.000000, 14, 26, 6, 183.717196, -1.109322, -0.309179, 1.762251
2989.006500, 0.516240, 5, 4730.966069, 0.000000, 14, 26, 6, 182.981264, -1.136819, -0.304272, 1.710369
2989.849500, 0.505512, 5, 4657.790139, 0.000000, 14, 27, 6, 182.094461, -1.168955, -0.297996, 1.762520
2990.688500, 0.494366, 5, 4585.878866, 0.000000, 15, 28, 6, 181.233354, -1.208972, -0.286810, 1.734319
2991.524000, 0.482767, 5, 4503.526321, 0.000000, 15, 30, 6, 180.472791, -1.248893, -0.281780, 1.689379
2992.355500, 0.470714, 5, 4422.777478, 0.000000, 16, 30, 6, 179.637393, -1.287407, -0.269054, 1.668540
2993.183000, 0.458282, 5, 4343.573184, 0.000000, 16, 31, 6, 178.750853, -1.321401, -0.257338, 1.631489
2994.006500, 0.445473, 5, 4276.870284, 0.000000, 17, 31, 6, 177.889953, -1.355254, -0.249234, 1.690014
2994.826500, 0.432361, 5, 4232.992206, 0.000000, 17, 31, 6, 177.130248, -1.383074, -0.234886, 1.660017
2995.642000, 0.418909, 5, 4200.386706, 0.000000, 17, 31, 6, 176.193838, -1.409286, -0.225124, 1.638563
2996.454000, 0.405116, 5, 4168.036496, 0.000000, 18, 32, 6, 175.408688, -1.415504, -0.216554, 1.599873
2997.261500, 0.391060, 5, 4114.676117, 0.000000, 18, 32, 6, 174.447294, -1.428087, -0.203934, 1.498375
2998.065500, 0.376701, 5, 4051.540311, 0.000000, 19, 33, 6, 173.687760, -1.434416, -0.197352, 1.467330
2998.865500, 0.362078, 5, 3989.354692, 0.000000, 19, 33, 6, 172.802048, -1.437670, -0.190713, 1.444740
2999.661500, 0.347191, 5, 3938.238544, 0.000000, 19, 33, 6, 171.966939, -1.444114, -0.180511, 1.333893
3000.453500, 0.332116, 5, 3897.795683, 0.000000, 20, 33, 6, 171.131858, -1.442719, -0.175321, 1.310712
3001.241500, 0.316814, 5, 3857.744249, 0.000000, 20, 33, 6, 170.221124, -1.444445, -0.167113, 1.295998
3002.025000, 0.301323, 5, 3837.862888, 0.000000, 20, 32, 6, 169.259478, -1.456951, -0.160033, 1.176235
3002.805000, 0.285606, 5, 3818.076491, 0.000000, 21, 32, 6, 168.525960, -1.457155, -0.152789, 1.081423
3003.581000, 0.269701, 5, 3798.384119, 0.000000, 21, 32, 6, 167.589836, -1.458871, -0.147085, 1.048797
3004.352500, 0.253607, 5, 3778.784844, 0.000000, 21, 32, 6, 166.653712, -1.469849, -0.140927, 0.945616
3005.120500, 0.237400, 5, 3739.861926, 0.000000, 22, 33, 6, 165.793639, -1.462380, -0.134532, 0.841673
3005.884000, 0.221005, 5, 3691.715843, 0.000000, 22, 33, 6, 164.933567, -1.479469, -0.128402, 0.738140
3006.643500, 0.204573, 5, 3653.596481, 0.000000, 23, 33, 6, 164.073514, -1.487386, -0.121600, 0.634153
3007.399000, 0.187951, 5, 3625.234344, 0.000000, 23, 32, 6, 163.264050, -1.478357, -0.113683, 0.617805
3008.150500, 0.171255, 5, 3625.234344, 0.000000, 23, 32, 6, 162.353447, -1.487726, -0.108972, 0.513558
3008.898000, 0.154446, 5, 3615.823050, 0.000000, 24, 31, 6, 161.493434, -1.486333, -0.102628, 0.409054
3009.641500, 0.137562, 5, 3597.063969, 0.000000, 24, 31, 6, 160.633634, -1.478792, -0.093219, 0.322412
3010.381000, 0.120602, 5, 3578.388882, 0.000000, 24, 31, 6, 159.773449, -1.489725, -0.088875, 0.111619
3011.116000, 0.103605, 5, 3541.287464, 0.000000, 25, 31, 6, 158.787296, -1.488356, -0.078326, 0.034092
3011.847500, 0.086570, 5, 3513.675935, 0.000000, 25, 31, 6, 158.053674, -1.479289, -0.072421, -0.080326
3012.575500, 0.069498, 5, 3495.368944, 0.000000, 25, 31, 6, 157.295025, -1.476333, -0.066564, -0.167332
3013.299000, 0.052426, 5, 3477.141610, 0.000000, 26, 31, 6, 156.308700, -1.468715, -0.056643, -0.263330
3014.019000, 0.035317, 5, 3449.948309, 0.000000, 26, 31, 6, 155.575262, -1.454939, -0.049872, -0.359704
3014.735500, 0.018207, 5, 3413.962363, 0.000000, 26, 31, 6, 154.690099, -1.442715, -0.044688, -0.465491
3015.447500, 0.001136, 5, 3378.281658, 0.000000, 27, 31, 6, 153.804936, -1.442713, -0.036320, -0.552397
3016.156500, -0.015898, 5, 3342.900456, 0.000000, 27, 31, 6, 153.198015, -1.415087, -0.031376, -0.639690
3016.861500, -0.032970, 5, 3316.557722, 0.000000, 27, 31, 6, 152.312857, -1.404314, -0.024728, -0.736214
3017.562500, -0.050041, 5, 3281.687220, 0.000000, 28, 31, 6, 151.452934, -1.405836, -0.017926, -0.842428
3018.260000, -0.067075, 5, 3255.721250, 0.000000, 28, 31, 6, 150.719628, -1.382792, -0.015110, -0.832210
3018.954000, -0.084072, 5, 3229.913001, 0.000000, 28, 31, 6, 149.960866, -1.384323, -0.011983, -0.938743
3019.644000, -0.101106, 5, 3204.260275, 0.000000, 28, 31, 6, 149.075722, -1.384329, -0.010914, -0.947774
3020.330500, -0.118066, 5, 3178.760911, 0.000000, 29, 31, 6, 148.317070, -1.362781, -0.007182, -1.035118
3021.013000, -0.135025, 5, 3144.996652, 0.000000, 29, 31, 6, 147.457263, -1.372000, -0.005957, -1.034492
3021.691500, -0.151947, 5, 3111.496315, 0.000000, 29, 31, 6, 146.622700, -1.376580, -0.003806, -1.043758
3022.366500, -0.168870, 5, 3086.541344, 0.000000, 30, 31, 6, 145.838717, -1.368873, -0.001888, -1.053162
3023.038000, -0.185793, 5, 3053.491280, 0.000000, 30, 31, 6, 145.105315, -1.376582, -0.003271, -1.062696
3023.705500, -0.202642, 5, 3028.868604, 0.000000, 30, 31, 6, 144.194932, -1.378087, -0.001704, -1.062191
3024.369500, -0.219490, 5, 3004.385098, 0.000000, 30, 31, 5, 143.486793, -1.371944, -0.001827, -1.081990
3025.029500, -0.236340, 5, 2988.139136, 0.000000, 30, 30, 5, 142.601727, -1.378087, -0.001704, -1.071454
3025.686000, -0.253153, 5, 2971.953625, 0.000000, 30, 30, 4, 141.843020, -1.378087, -0.001704, -1.091503
3026.338500, -0.269966, 5, 2947.787501, 0.000000, 31, 30, 4, 140.983212, -1.370437, -0.003919, -1.003301
3026.987500, -0.286780, 5, 2868.183800, 0.000000, 31, 30, 3, 140.249827, -1.370433, -0.004960, -0.925473
3027.632500, -0.303558, 5, 2789.991759, 0.000000, 31, 30, 3, 139.339443, -1.373505, -0.005974, -0.925203
3028.274000, -0.320374, 5, 2713.148868, 0.000000, 31, 30, 3, 138.631338, -1.370419, -0.007591, -0.858003
3028.912000, -0.337191, 5, 2637.595637, 0.000000, 32, 29, 3, 137.847389, -1.370409, -0.009167, -0.780505
3029.546000, -0.353972, 5, 2563.275399, 0.000000, 32, 29, 3, 136.987582, -1.371958, -0.011724, -0.780439
3030.176500, -0.370791, 5, 2497.396689, 0.000000, 32, 29, 3, 136.254214, -1.361221, -0.015003, -0.703125
3030.803000, -0.387650, 5, 2425.272343, 0.000000, 32, 29, 3, 135.343839, -1.365823, -0.018045, -0.636645
3031.426000, -0.404472, 5, 2361.287757, 0.000000, 32, 29, 3, 134.635762, -1.364284, -0.021172, -0.548867
3032.045500, -0.421334, 5, 2298.145828, 0.000000, 32, 29, 3, 133.851832, -1.356582, -0.024859, -0.471928
3032.661500, -0.438234, 5, 2242.700223, 0.000000, 32, 29, 3, 133.118484, -1.351956, -0.028507, -0.395100
3033.273500, -0.455175, 5, 2181.060453, 0.000000, 33, 29, 3, 132.208148, -1.351920, -0.030083, -0.417319
3033.882500, -0.472192, 5, 2126.900272, 0.000000, 33, 30, 3, 131.601225, -1.338071, -0.033253, -0.329732
3034.487500, -0.489249, 5, 2073.311921, 0.000000, 33, 30, 3, 130.741487, -1.339571, -0.036318, -0.264440
3035.088500, -0.506346, 5, 2020.275182, 0.000000, 33, 30, 3, 129.881769, -1.336485, -0.040427, -0.287338
3035.686500, -0.523520, 5, 1967.770480, 0.000000, 33, 30, 3, 129.199034, -1.324158, -0.045094, -0.211252
3036.281000, -0.540734, 5, 1922.250385, 0.000000, 33, 30, 3, 128.465727, -1.324112, -0.049672, -0.135344
3036.871500, -0.558025, 5, 1870.692616, 0.000000, 34, 30, 3, 127.580696, -1.325612, -0.052235, -0.147640
3037.458500, -0.575357, 5, 1825.973166, 0.000000, 34, 30, 3, 126.872763, -1.317874, -0.055286, -0.083414
3038.042000, -0.592766, 5, 1787.925309, 0.000000, 34, 30, 3, 126.088903, -1.322438, -0.057842, -0.095970
3038.622000, -0.610254, 5, 1743.856372, 0.000000, 34, 30, 3, 125.355626, -1.322416, -0.058344, -0.108604
3039.198000, -0.627819, 5, 1706.349487, 0.000000, 34, 30, 3, 124.445431, -1.316228, -0.059357, -0.045437
3039.770500, -0.645425, 5, 1669.081376, 0.000000, 34, 30, 3, 123.712172, -1.325422, -0.059883, -0.058460
3040.339500, -0.663147, 5, 1632.045354, 0.000000, 34, 30, 3, 122.979149, -1.323856, -0.061927, -0.095202
3040.905000, -0.680871, 5, 1595.234872, 0.000000, 34, 30, 3, 122.195098, -1.323834, -0.062429, -0.085083
3041.466500, -0.698674, 5, 1564.727128, 0.000000, 35, 29, 3, 121.335541, -1.329978, -0.062448, -0.110815
3042.024500, -0.716555, 5, 1534.367909, 0.000000, 35, 29, 3, 120.602591, -1.329968, -0.065520, -0.148599
3042.579500, -0.734516, 5, 1504.153631, 0.000000, 35, 29, 3, 119.945102, -1.325365, -0.063970, -0.150377
3043.130500, -0.752478, 5, 1474.080769, 0.000000, 35, 29, 3, 119.085308, -1.323834, -0.062429, -0.152732
3043.679000, -0.770558, 5, 1444.145852, 0.000000, 35, 28, 3, 118.529597, -1.302321, -0.065435, -0.203170
3044.224000, -0.788641, 5, 1420.294943, 0.000000, 35, 28, 3, 117.796082, -1.283908, -0.059235, -0.193229
3044.766000, -0.806726, 5, 1396.528409, 0.000000, 35, 28, 3, 117.113475, -1.263945, -0.057637, -0.207752
3045.305000, -0.824891, 5, 1372.844546, 0.000000, 36, 27, 3, 116.506917, -1.231685, -0.059074, -0.234622
3045.841500, -0.843021, 5, 1355.134890, 0.000000, 36, 27, 3, 115.925118, -1.200993, -0.049764, -0.224183
3046.375500, -0.861155, 5, 1331.591666, 0.000000, 36, 26, 3, 115.419727, -1.161058, -0.049642, -0.251042
3046.907000, -0.879253, 5, 1366.936300, 0.000000, 36, 25, 2, 114.863396, -1.108844, -0.046410, -0.253109
3047.436000, -0.897355, 5, 1498.127857, 0.000000, 36, 24, 0, 114.357641, -1.068937, -0.037071, -0.255006
3047.963000, -0.915461, 5, 1731.327128, 0.000000, 36, 23, 0, 113.877368, -1.022858, -0.036930, -0.269547
3048.487000, -0.933532, 5, 2053.359567, 0.000000, 36, 22, -1, 113.270463, -0.981400, -0.032195, -0.271933
3049.009000, -0.951568, 5, 2475.642771, 0.000000, 36, 21, -2, 112.815285, -0.949168, -0.024416, -0.273739
3049.528000, -0.969608, 5, 2899.852275, 0.000000, 36, 21, -4, 112.158216, -0.924570, -0.027763, -0.214320
3050.044000, -0.987690, 5, 3028.868604, 0.000000, 36, 20, -5, 111.525817, -0.923042, -0.023514, -0.204038
3050.557500, -1.005776, 5, 3086.541344, 0.000000, 36, 20, -7, 110.969916, -0.926103, -0.023886, -0.232496
3051.069000, -1.023941, 5, 3103.161898, 0.000000, 36, 19, -9, 110.565316, -0.932216, -0.027683, -0.146421
3051.579000, -1.042187, 5, 3103.161898, 0.000000, 36, 19, -11, 110.237266, -0.924513, -0.029523, -0.187336
3052.087000, -1.060666, 5, 3086.541344, 0.000000, 37, 19, -11, 109.807623, -0.898329, -0.037728, -0.114749
3052.593500, -1.079339, 5, 3069.984666, 0.000000, 37, 20, -11, 109.454104, -0.865968, -0.046199, -0.055126
3053.098000, -1.098284, 5, 3045.268139, 0.000000, 36, 21, -12, 109.050589, -0.824346, -0.057565, -0.022540
3053.601000, -1.117539, 5, 3045.268139, 0.000000, 36, 21, -13, 108.722144, -0.773428, -0.069312, 0.137987
3054.101500, -1.137179, 5, 3020.692067, 0.000000, 36, 22, -13, 108.192643, -0.731648, -0.084111, 0.155716
3054.600500, -1.157169, 0, 3020.692067, 0.000000, 36, 22, -13, 107.864907, -0.691332, -0.100360, 0.201108
3055.097500, -1.177583, 0, 3204.260275, 0.000000, 36, 22, -13, 107.436813, -0.672416, -0.117086, 0.306400
3055.592000, -1.198347, 0, 3405.013797, 0.000000, 36, 22, -14, 106.906951, -0.678052, -0.133879, 0.349482
3056.084000, -1.219575, 0, 3597.063969, 0.000000, 35, 23, -14, 106.377986, -0.695844, -0.151237, 0.452771
3056.574000, -1.241344, 0, 3798.384119, 0.000000, 35, 23, -14, 105.949436, -0.719804, -0.162885, 0.583662
3057.062000, -1.263617, 0, 4009.979440, 0.000000, 35, 24, -15, 105.522843, -0.743586, -0.180516, 0.571384
3057.547500, -1.286509, 0, 4222.095094, 0.000000, 35, 24, -15, 104.994396, -0.761183, -0.195277, 0.672622
3058.030500, -1.309944, 0, 4445.688435, 0.000000, 35, 24, -15, 104.415564, -0.783340, -0.208833, 0.772501
3058.511000, -1.334000, 0, 4669.897175, 0.000000, 35, 25, -15, 103.939225, -0.806830, -0.227138, 0.844952
3058.989500, -1.358715, 0, 4894.058136, 0.000000, 35, 25, -16, 103.486607, -0.819655, -0.237755, 0.958796
3059.466000, -1.384090, 0, 5117.375099, 0.000000, 35, 25, -16, 103.062727, -0.826037, -0.254277, 1.002190
3059.940000, -1.410204, 0, 5353.150673, 0.000000, 35, 26, -16, 102.535372, -0.823118, -0.270566, 1.099332
3060.412000, -1.437172, 0, 5557.599921, 0.000000, 34, 26, -16, 102.110837, -0.817196, -0.283660, 1.168984
3060.882500, -1.465034, 0, 5410.577037, 0.000000, 34, 26, -16, 101.815492, -0.801686, -0.302318, 1.197362
3061.351500, -1.493944, 0, 5282.437089, 0.000000, 34, 26, -16, 101.492896, -0.776889, -0.317528, 1.355070
3061.820000, -1.524059, 0, 5144.442803, 0.000000, 35, 25, -16, 101.402777, -0.722587, -0.335553, 1.357509
3062.287500, -1.555380, 0, 5010.807084, 0.000000, 34, 25, -16, 101.210470, -0.652154, -0.361828, 1.473810
3062.755000, -1.587910, 0, 4894.058136, 0.000000, 34, 24, -16, 101.220959, -0.569701, -0.380690, 1.506563
3063.221500, -1.621804, 0, 4768.041534, 0.000000, 34, 23, -16, 101.034611, -0.481744, -0.409318, 1.564744
3063.691000, -1.656990, 0, 4621.679016, 0.000000, 34, 23, -16, 101.152651, -0.383994, -0.439755, 1.630746
3064.164500, -1.692085, 0, 4491.893997, 0.000000, 34, 22, -15, 101.061900, -0.290230, -0.457417, 1.689121
3064.638000, -1.726818, 0, 4354.795686, 0.000000, 34, 21, -13, 101.030357, -0.204628, -0.484384, 1.750796
3065.111500, -1.761152, 4, 4178.791778, 0.000000, 34, 20, -11, 101.000070, -0.136498, -0.501422, 1.812347
3065.586000, -1.795201, 4, 3897.795683, 0.000000, 34, 18, -10, 101.172956, -0.079297, -0.514023, 1.880924
3066.061000, -1.828927, 4, 3587.715977, 0.000000, 34, 17, -9, 101.219183, -0.032075, -0.534942, 1.871866
3066.535500, -1.862330, 0, 3672.612498, 0.000000, 34, 16, -8, 101.091605, 0.000543, -0.546066, 1.929680
3067.010500, -1.895447, 0, 3877.721527, 0.000000, 33, 15, -8, 101.167109, 0.026606, -0.554599, 1.907408
3067.485500, -1.928279, 0, 4093.523464, 0.000000, 32, 15, -8, 101.142959, 0.034558, -0.567777, 1.881083
3067.960500, -1.960748, 0, 4298.985236, 0.000000, 32, 15, -8, 101.120068, 0.040571, -0.576495, 1.854663
3068.435500, -1.992931, 0, 4526.889318, 0.000000, 32, 15, -8, 101.048035, 0.040288, -0.585872, 1.825774
3068.910500, -2.024789, 0, 4743.287978, 0.000000, 32, 15, -8, 101.050686, 0.032004, -0.594666, 1.726716
3069.385000, -2.056282, 0, 4971.529095, 0.000000, 33, 15, -9, 100.880380, 0.006149, -0.597833, 1.692248
3069.860500, -2.087373, 0, 5212.879042, 0.000000, 33, 15, -10, 101.086746, -0.000067, -0.597110, 1.691480
3070.335000, -2.117981, 0, 5439.581736, 0.000000, 33, 15, -12, 100.813384, -0.024952, -0.595704, 1.679491
3070.810000, -2.148184, 0, 5678.937357, 0.000000, 33, 15, -13, 100.921070, -0.031337, -0.592124, 1.673648
3071.285000, -2.177982, 0, 5915.988237, 0.000000, 33, 16, -14, 100.851089, -0.027641, -0.582748, 1.672164
3071.759500, -2.207335, 0, 6149.386154, 0.000000, 33, 16, -15, 100.737138, -0.046646, -0.577742, 1.638791
3072.234500, -2.236320, 0, 6115.282665, 0.000000, 33, 16, -16, 100.797714, -0.040905, -0.572722, 1.630286
3072.709000, -2.264936, 0, 5964.976105, 0.000000, 33, 16, -17, 100.658313, -0.041294, -0.568457, 1.609040
3073.183500, -2.293184, 0, 5803.762973, 0.000000, 34, 16, -17, 100.620574, -0.053447, -0.569042, 1.593944
3073.658000, -2.321023, 0, 5663.582988, 0.000000, 34, 15, -17, 100.634168, -0.045398, -0.568299, 1.670037
3074.133000, -2.348531, 0, 5512.962858, 0.000000, 34, 15, -17, 100.677040, -0.044716, -0.570170, 1.645774
3074.607000, -2.375668, 0, 5381.767463, 0.000000, 34, 15, -17, 100.463894, -0.054215, -0.575224, 1.719973
3075.082000, -2.402551, 0, 5212.879042, 0.000000, 34, 14, -17, 100.609457, -0.033333, -0.575660, 1.703008
3075.556000, -2.429101, 0, 5063.754474, 0.000000, 33, 14, -17, 100.383573, -0.047069, -0.583029, 1.731441
3076.030500, -2.455475, 0, 4906.871017, 0.000000, 33, 14, -17, 100.453046, -0.044343, -0.586179, 1.723316
3076.504500, -2.481594, 3, 4743.287978, 0.000000, 33, 13, -17, 100.351823, -0.036776, -0.590181, 1.774905
3076.979000, -2.507457, 3, 4491.893997, 0.000000, 34, 13, -17, 100.430794, -0.040569, -0.599100, 1.826337
3077.454500, -2.533065, 3, 4211.226644, 0.000000, 34, 12, -17, 100.582446, -0.020827, -0.600889, 1.810846
3077.930000, -2.558495, 3, 4104.086252, 0.000000, 34, 12, -17, 100.592860, 0.000241, -0.608452, 1.842327
3078.405500, -2.583747, 3, 4051.540311, 0.000000, 34, 12, -17, 100.547114, 0.013310, -0.615926, 1.809962
3078.880500, -2.608663, 3, 4009.979440, 0.000000, 33, 12, -17, 100.423783, 0.028295, -0.616668, 1.872686
3079.355000, -2.633440, 3, 3989.354692, 0.000000, 33, 13, -17, 100.259984, 0.022763, -0.624448, 1.813827
3079.830000, -2.657920, 3, 3968.832338, 0.000000, 33, 13, -17, 100.388727, 0.017308, -0.624218, 1.899394
3080.304000, -2.682142, 3, 3958.609236, 0.000000, 33, 14, -17, 100.119635, 0.002242, -0.623034, 1.858498
3080.777500, -2.706066, 3, 3948.411347, 0.000000, 33, 14, -17, 100.001430, -0.035124, -0.628077, 1.919365
3081.251000, -2.729810, 3, 3938.238544, 0.000000, 34, 14, -17, 99.972546, -0.061006, -0.627889, 1.856726
3081.724000, -2.753215, 3, 3938.238544, 0.000000, 34, 14, -17, 99.847968, -0.105617, -0.628543, 1.945328
3082.196500, -2.776440, 3, 3928.090701, 0.000000, 34, 14, -17, 99.742867, -0.127880, -0.631018, 1.888477
3082.668500, -2.799444, 3, 3958.609236, 0.000000, 33, 14, -17, 99.600352, -0.132799, -0.626791, 1.959162
3083.140000, -2.822227, 3, 3968.832338, 0.000000, 33, 14, -17, 99.448624, -0.151758, -0.629131, 1.983614
3083.611500, -2.844788, 3, 3968.832338, 0.000000, 33, 14, -17, 99.457485, -0.149369, -0.629653, 1.982230
3084.082000, -2.867207, 3, 3968.832338, 0.000000, 33, 14, -17, 99.209642, -0.155652, -0.632349, 1.994123
3084.552000, -2.889444, 3, 3968.832338, 0.000000, 33, 14, -16, 99.072196, -0.170069, -0.635323, 1.974667
3085.022000, -2.911537, 3, 3989.354692, 0.000000, 33, 14, -15, 99.075236, -0.159767, -0.635711, 2.014631
3085.491500, -2.933528, 3, 3999.654202, 0.000000, 33, 14, -15, 98.931429, -0.168294, -0.642226, 2.036198
3085.961000, -2.955375, 3, 4030.707627, 0.000000, 33, 14, -14, 98.926820, -0.160722, -0.643225, 2.104486
3086.430000, -2.977079, 3, 4051.540311, 0.000000, 33, 13, -13, 98.775236, -0.146503, -0.645752, 2.065809
3086.899000, -2.998678, 3, 4072.478561, 0.000000, 33, 13, -13, 98.765110, -0.141105, -0.650450, 2.087615
3087.368500, -3.020135, 3, 4082.987613, 0.000000, 33, 12, -13, 98.874263, -0.112194, -0.648746, 2.052254
3087.837500, -3.041486, 3, 4082.987613, 0.000000, 33, 12, -13, 98.708158, -0.093264, -0.651105, 2.082707
3088.307000, -3.062654, 3, 4082.987613, 0.000000, 33, 12, -13, 98.838865, -0.066562, -0.652851, 2.065387
3088.776500, -3.083757, 3, 4082.987613, 0.000000, 33, 12, -13, 98.804599, -0.032544, -0.646082, 2.098085
3089.246500, -3.104796, 3, 4072.478561, 0.000000, 33, 12, -13, 98.851656, -0.016574, -0.648795, 2.039044
3089.716000, -3.125730, 3, 4072.478561, 0.000000, 33, 11, -13, 98.759262, 0.004261, -0.646817, 2.005041
3090.186000, -3.146558, 3, 4072.478561, 0.000000, 33, 11, -13, 98.858468, 0.024243, -0.646562, 2.041252
3090.656000, -3.167202, 3, 4072.478561, 0.000000, 33, 11, -13, 98.817802, 0.028355, -0.647579, 2.014215
3091.125500, -3.187781, 3, 4072.478561, 0.000000, 33, 10, -13, 98.693412, 0.031642, -0.645603, 1.943700
3091.595500, -3.208173, 3, 4082.987613, 0.000000, 34, 10, -13, 98.784177, 0.029280, -0.645353, 2.008798
3092.065500, -3.228380, 3, 4082.987613, 0.000000, 34, 10, -13, 98.778493, 0.021788, -0.644930, 1.971035
3092.536000, -3.248441, 3, 4082.987613, 0.000000, 34, 10, -13, 98.836367, 0.024004, -0.644854, 1.912759
3093.006500, -3.268355, 3, 4093.523464, 0.000000, 34, 9, -13, 98.819957, 0.028240, -0.640892, 1.903335
3093.477000, -3.288122, 3, 4093.523464, 0.000000, 34, 9, -13, 98.832123, 0.029300, -0.637897, 1.837418
3093.947500, -3.307662, 3, 4093.523464, 0.000000, 34, 9, -13, 98.769480, 0.027404, -0.635827, 1.819829
3094.418000, -3.327015, 3, 4093.523464, 0.000000, 34, 9, -12, 98.770659, 0.032329, -0.629927, 1.782018
3094.889000, -3.346099, 3, 4093.523464, 0.000000, 34, 9, -12, 98.870227, 0.033540, -0.626843, 1.848705
3095.360000, -3.364873, 3, 4093.523464, 0.000000, 34, 9, -12, 98.842572, 0.038652, -0.620921, 1.820970
3095.831500, -3.383337, 3, 4093.523464, 0.000000, 34, 10, -12, 98.896103, 0.044466, -0.613078, 1.703944
3096.302500, -3.401571, 3, 4093.523464, 0.000000, 34, 10, -13, 98.839363, 0.040519, -0.610040, 1.685874
3096.774500, -3.419494, 3, 4093.523464, 0.000000, 34, 10, -13, 98.975305, 0.043093, -0.603092, 1.655989
3097.246500, -3.437024, 3, 4104.086252, 0.000000, 34, 10, -12, 98.985713, 0.051443, -0.594150, 1.664975
3097.718500, -3.454282, 3, 4104.086252, 0.000000, 34, 9, -12, 98.947588, 0.058301, -0.589065, 1.706744
3098.190500, -3.471146, 3, 4104.086252, 0.000000, 34, 9, -12, 98.943607, 0.061235, -0.582129, 1.697311
3098.663000, -3.487655, 3, 4114.676117, 0.000000, 34, 9, -12, 99.020627, 0.063165, -0.577055, 1.687513
3099.135500, -3.503769, 3, 4125.293197, 0.000000, 34, 8, -12, 98.986799, 0.055326, -0.572164, 1.687546
3099.608500, -3.519568, 3, 4135.937633, 0.000000, 34, 8, -12, 99.113757, 0.060912, -0.568924, 1.641097
3100.082000, -3.535052, 3, 4135.937633, 0.000000, 34, 8, -12, 99.162008, 0.067390, -0.563778, 1.641276
3100.555000, -3.550179, 3, 4146.609566, 0.000000, 34, 8, -12, 99.067522, 0.061183, -0.564815, 1.525532
3101.029000, -3.564948, 3, 4157.309140, 0.000000, 34, 8, -12, 99.245585, 0.073292, -0.562363, 1.535721
3101.503000, -3.579279, 3, 4168.036496, 0.000000, 34, 7, -12, 99.265520, 0.075713, -0.560135, 1.499265
3101.977500, -3.593209, 3, 4168.036496, 0.000000, 34, 7, -12, 99.317780, 0.082062, -0.559742, 1.500100
3102.452500, -3.606740, 3, 4178.791778, 0.000000, 35, 7, -12, 99.403246, 0.102130, -0.555863, 1.492247
3102.927500, -3.619748, 3, 4178.791778, 0.000000, 35, 7, -12, 99.425073, 0.102702, -0.552701, 1.502329
3103.403500, -3.632314, 3, 4178.791778, 0.000000, 35, 7, -12, 99.577235, 0.108151, -0.549277, 1.477497
3103.879500, -3.644477, 3, 4178.791778, 0.000000, 35, 7, -12, 99.600898, 0.122150, -0.542478, 1.487954
3104.356000, -3.656116, 3, 4178.791778, 0.000000, 35, 7, -12, 99.657859, 0.121589, -0.536384, 1.489869
3104.833000, -3.667269, 3, 4178.791778, 0.000000, 35, 7, -12, 99.780771, 0.133580, -0.533553, 1.386992
3105.310000, -3.677897, 3, 4178.791778, 0.000000, 35, 7, -12, 99.759741, 0.134745, -0.528371, 1.387712
3105.787500, -3.687997, 3, 4178.791778, 0.000000, 35, 7, -12, 99.834235, 0.128156, -0.524589, 1.408938
3106.265500, -3.697610, 3, 4178.791778, 0.000000, 35, 7, -12, 99.960155, 0.135272, -0.521925, 1.394939
3106.743500, -3.706735, 3, 4189.575133, 0.000000, 35, 6, -12, 99.894705, 0.123175, -0.520500, 1.385428
3107.222000, -3.715291, 3, 4189.575133, 0.000000, 35, 6, -12, 100.051554, 0.123601, -0.517269, 1.409529
3107.701000, -3.723318, 3, 4189.575133, 0.000000, 35, 5, -12, 100.100650, 0.124356, -0.518895, 1.394203
3108.180000, -3.730814, 3, 4189.575133, 0.000000, 35, 5, -12, 100.099385, 0.111046, -0.514754, 1.414088
3108.659500, -3.737821, 3, 4189.575133, 0.000000, 35, 5, -12, 100.230332, 0.120300, -0.512838, 1.401716
3109.139000, -3.744256, 3, 4178.791778, 0.000000, 35, 5, -12, 100.183796, 0.114212, -0.514074, 1.410987
3109.619000, -3.750242, 3, 4168.036496, 0.000000, 35, 5, -12, 100.316774, 0.108748, -0.513357, 1.311350
3110.099000, -3.755655, 3, 4157.309140, 0.000000, 35, 6, -12, 100.272038, 0.112130, -0.513885, 1.320605
3110.579000, -3.760536, 3, 4135.937633, 0.000000, 35, 6, -12, 100.294230, 0.098209, -0.516915, 1.314068
3111.059500, -3.764884, 3, 4114.676117, 0.000000, 35, 6, -13, 100.377693, 0.093513, -0.514295, 1.337634
3111.539500, -3.768700, 3, 4104.086252, 0.000000, 35, 6, -13, 100.275406, 0.082630, -0.516194, 1.316642
3112.019500, -3.771983, 3, 4082.987613, 0.000000, 35, 6, -14, 100.280775, 0.062832, -0.517085, 1.336833
3112.499500, -3.774733, 3, 4072.478561, 0.000000, 35, 6, -15, 100.260303, 0.052742, -0.517110, 1.319099
3112.979000, -3.776908, 3, 4061.996173, 0.000000, 35, 6, -15, 100.154415, 0.026081, -0.517983, 1.342908
3113.458000, -3.778673, 3, 4041.110840, 0.000000, 35, 6, -16, 100.056335, 0.002265, -0.517724, 1.320783
3113.937500, -3.779946, 3, 4030.707627, 0.000000, 35, 6, -16, 100.131675, -0.010637, -0.519302, 1.325823
3114.415500, -3.780767, 3, 4020.330538, 0.000000, 35, 7, -16, 99.843247, -0.047617, -0.523774, 1.301904
3114.893500, -3.781095, 3, 3999.654202, 0.000000, 35, 7, -16, 99.840935, -0.063814, -0.528997, 1.390230
3115.371500, -3.780890, 3, 3989.354692, 0.000000, 35, 8, -16, 99.839558, -0.077179, -0.532988, 1.390659
3115.848500, -3.780274, 0, 3999.654202, 0.000000, 35, 8, -16, 99.646570, -0.104288, -0.536808, 1.388669
3116.325000, -3.779207, 0, 4211.226644, 0.000000, 35, 8, -16, 99.534049, -0.109285, -0.537114, 1.390957
3116.801500, -3.777729, 0, 4434.217114, 0.000000, 35, 8, -16, 99.523139, -0.115015, -0.539424, 1.459416
3117.277500, -3.775800, 0, 4645.718229, 0.000000, 34, 8, -16, 99.400332, -0.132388, -0.542427, 1.441707
3117.753500, -3.773419, 0, 4881.284310, 0.000000, 34, 7, -16, 99.449608, -0.118660, -0.542193, 1.541665
3118.229000, -3.770670, 0, 5103.905970, 0.000000, 34, 7, -17, 99.316891, -0.112445, -0.544032, 1.503944
3118.704500, -3.767715, 0, 5338.913850, 0.000000, 34, 7, -17, 99.344247, -0.109632, -0.549238, 1.565058
3119.179500, -3.764433, 0, 5572.582219, 0.000000, 34, 7, -17, 99.225988, -0.090293, -0.553030, 1.546065
3119.654500, -3.760823, 0, 5819.620288, 0.000000, 34, 7, -18, 99.221966, -0.084626, -0.563544, 1.613837
3120.129500, -3.757008, 0, 6047.849885, 0.000000, 34, 7, -18, 99.252957, -0.068633, -0.570515, 1.587045
3120.604000, -3.752907, 0, 6288.461915, 0.000000, 34, 7, -18, 99.126790, -0.054644, -0.576757, 1.635480
3121.078000, -3.748561, 0, 6524.026305, 0.000000, 34, 6, -19, 99.013309, -0.054746, -0.585398, 1.703008
3121.552000, -3.744092, 0, 6752.806369, 0.000000, 34, 6, -20, 99.070872, -0.050226, -0.593067, 1.649889
3122.025500, -3.739460, 0, 6772.392962, 0.000000, 34, 6, -21, 98.914860, -0.059169, -0.601221, 1.703516
3122.499000, -3.734666, 0, 6811.815497, 0.000000, 34, 6, -21, 98.941390, -0.059088, -0.609732, 1.744633
3122.972500, -3.729749, 0, 6831.652632, 0.000000, 34, 6, -22, 98.969412, -0.047270, -0.617178, 1.785873
3123.445500, -3.724710, 0, 6851.574483, 0.000000, 34, 6, -23, 98.851707, -0.055751, -0.625462, 1.832102
3123.918000, -3.719550, 0, 6871.581661, 0.000000, 34, 6, -23, 98.735430, -0.052551, -0.632656, 1.877815
3124.390500, -3.714391, 0, 6932.121342, 0.000000, 34, 6, -24, 98.757495, -0.049835, -0.641780, 1.898941
3124.862500, -3.709191, 0, 7034.786026, 0.000000, 34, 6, -25, 98.644244, -0.059636, -0.647560, 1.943914
3125.334500, -3.703952, 0, 7160.997507, 0.000000, 34, 7, -25, 98.669673, -0.049358, -0.654220, 1.964930
3125.806000, -3.698755, 0, 7247.033763, 0.000000, 34, 7, -26, 98.549515, -0.048537, -0.662920, 1.989218
3126.278000, -3.693559, 2, 7312.588630, 0.000000, 34, 7, -27, 98.657047, -0.051033, -0.668337, 2.106626
3126.751000, -3.688201, 2, 7247.033763, 0.000000, 35, 7, -27, 98.879185, -0.022163, -0.674751, 2.227708
3127.224000, -3.682926, 2, 7097.472684, 0.000000, 35, 6, -27, 98.911511, 0.004678, -0.680310, 2.249586
3127.698000, -3.677610, 2, 6871.581661, 0.000000, 35, 6, -27, 99.102400, 0.050731, -0.681319, 2.377751
3128.172500, -3.672337, 2, 6542.662203, 0.000000, 34, 6, -27, 99.216449, 0.105765, -0.681705, 2.497511
3128.647000, -3.667188, 2, 6115.282665, 0.000000, 34, 6, -27, 99.201082, 0.137474, -0.685289, 2.485763
3129.123000, -3.662121, 2, 5587.616688, 0.000000, 34, 6, -27, 99.535385, 0.187854, -0.685660, 2.595415
3129.599500, -3.657178, 2, 5324.724362, 0.000000, 34, 5, -27, 99.645877, 0.228098, -0.690266, 2.609241
3130.077500, -3.652358, 2, 5185.371775, 0.000000, 34, 5, -27, 99.940423, 0.259012, -0.696907, 2.706680
3130.555500, -3.647703, 2, 5117.375099, 0.000000, 34, 5, -27, 99.968299, 0.292448, -0.703768, 2.779867
3131.034500, -3.643293, 2, 5063.754474, 0.000000, 34, 5, -27, 100.189062, 0.300133, -0.716230, 2.781418
3131.513500, -3.639170, 2, 5037.197596, 0.000000, 34, 5, -27, 100.151861, 0.298882, -0.731268, 2.864766
3131.993000, -3.635334, 2, 5010.807084, 0.000000, 33, 6, -27, 100.299146, 0.302531, -0.742817, 2.857177
3132.472500, -3.631865, 2, 4971.529095, 0.000000, 33, 6, -27, 100.293465, 0.285976, -0.757500, 2.916240
3132.952000, -3.628682, 2, 4958.517569, 0.000000, 33, 6, -27, 100.298018, 0.261016, -0.770810, 2.907348
3133.431500, -3.625948, 2, 4945.546226, 0.000000, 33, 7, -27, 100.289945, 0.226981, -0.787404, 2.946413
3133.911500, -3.623460, 2, 4945.546226, 0.000000, 33, 7, -27, 100.383956, 0.187209, -0.800759, 3.057125
3134.391500, -3.621339, 2, 4945.546226, 0.000000, 33, 7, -27, 100.423318, 0.156606, -0.811850, 3.024495
3134.871500, -3.619626, 2, 4945.546226, 0.000000, 33, 7, -27, 100.388268, 0.132899, -0.824115, 3.067876
3135.351500, -3.618320, 2, 4945.546226, 0.000000, 33, 7, -27, 100.404728, 0.119236, -0.829517, 3.147298
3135.832000, -3.617382, 2, 4958.517569, 0.000000, 33, 7, -27, 100.493757, 0.107389, -0.837373, 3.219307
3136.312500, -3.616852, 2, 4971.529095, 0.000000, 33, 7, -27, 100.537192, 0.109224, -0.844964, 3.255367
3136.792500, -3.616689, 2, 4971.529095, 0.000000, 33, 8, -27, 100.378553, 0.100858, -0.844855, 3.245132
3137.273000, -3.616934, 2, 4984.581035, 0.000000, 33, 8, -27, 100.510250, 0.103068, -0.848373, 3.314433
3137.754000, -3.617627, 2, 4997.673620, 0.000000, 33, 8, -27, 100.638514, 0.104702, -0.853978, 3.276505
3138.235000, -3.618769, 2, 5010.807084, 0.000000, 33, 9, -27, 100.593012, 0.102804, -0.852615, 3.343402
3138.716500, -3.620441, 2, 5023.981664, 0.000000, 33, 9, -27, 100.721190, 0.117830, -0.859595, 3.374280
3139.197500, -3.622562, 2, 5023.981664, 0.000000, 33, 9, -26, 100.604931, 0.117858, -0.865092, 3.427067
3139.679500, -3.625010, 2, 5037.197596, 0.000000, 33, 9, -25, 100.825341, 0.122799, -0.864362, 3.425454
3140.161500, -3.627744, 2, 5037.197596, 0.000000, 33, 9, -23, 100.825467, 0.138339, -0.866662, 3.489604
3140.644000, -3.630885, 2, 5050.455119, 0.000000, 33, 10, -22, 100.899016, 0.143328, -0.865776, 3.548331
3141.126500, -3.634517, 2, 5050.455119, 0.000000, 33, 10, -20, 100.939730, 0.154847, -0.861315, 3.522211
3141.610000, -3.638517, 2, 5050.455119, 0.000000, 33, 10, -19, 101.124982, 0.170477, -0.863306, 3.574205
3142.093500, -3.642885, 2, 5063.754474, 0.000000, 33, 10, -17, 101.104161, 0.166528, -0.859646, 3.573917
3142.577000, -3.647580, 2, 5063.754474, 0.000000, 33, 11, -16, 101.112871, 0.173230, -0.854560, 3.530945
3143.061000, -3.652644, 2, 5077.095905, 0.000000, 33, 11, -15, 101.238894, 0.179799, -0.851743, 3.521706
3143.545500, -3.658077, 2, 5090.479654, 0.000000, 33, 11, -14, 101.327921, 0.177355, -0.848340, 3.495144
3144.030500, -3.663837, 2, 5103.905970, 0.000000, 33, 11, -14, 101.383956, 0.183322, -0.849817, 3.471095
3144.515500, -3.669926, 2, 5117.375099, 0.000000, 33, 11, -14, 101.445905, 0.182861, -0.848757, 3.467480
3145.001000, -3.676220, 2, 5130.887293, 0.000000, 33, 11, -14, 101.506864, 0.180323, -0.845586, 3.444092
3145.487500, -3.682844, 2, 5144.442803, 0.000000, 33, 10, -14, 101.715926, 0.186460, -0.842559, 3.434348
3145.974000, -3.689714, 2, 5158.041882, 0.000000, 33, 10, -14, 101.713399, 0.192667, -0.835201, 3.435359
3146.461500, -3.696791, 2, 5171.684787, 0.000000, 33, 10, -14, 101.926982, 0.202797, -0.830140, 3.339397
3146.949500, -3.704198, 2, 5185.371775, 0.000000, 33, 10, -14, 101.997636, 0.219417, -0.825259, 3.318082
3147.438000, -3.711729, 2, 5199.103106, 0.000000, 34, 10, -14, 102.108833, 0.224862, -0.817917, 3.227996
3147.927000, -3.719509, 2, 5199.103106, 0.000000, 34, 10, -14, 102.222224, 0.234221, -0.815042, 3.138494
3148.416500, -3.727414, 2, 5212.879042, 0.000000, 34, 9, -14, 102.302095, 0.239234, -0.809893, 3.050713
3148.907000, -3.735485, 2, 5226.699846, 0.000000, 34, 9, -14, 102.526989, 0.246088, -0.804844, 2.959216
3149.398000, -3.743600, 2, 5226.699846, 0.000000, 34, 9, -13, 102.577176, 0.253204, -0.799647, 2.981431
3149.890000, -3.751759, 2, 5226.699846, 0.000000, 34, 9, -13, 102.807832, 0.258114, -0.792242, 2.911691
3150.382500, -3.759879, 2, 5240.565784, 0.000000, 34, 9, -13, 102.931774, 0.265144, -0.784799, 2.825484
3150.875500, -3.767961, 2, 5240.565784, 0.000000, 34, 9, -13, 102.988836, 0.267458, -0.773150, 2.693144
3151.369500, -3.776005, 2, 5240.565784, 0.000000, 34, 9, -13, 103.189306, 0.271579, -0.761536, 2.626640
3151.864000, -3.784010, 2, 5254.477123, 0.000000, 34, 9, -13, 103.320112, 0.277813, -0.749870, 2.562123
3152.359500, -3.791813, 2, 5254.477123, 0.000000, 34, 9, -13, 103.488486, 0.277472, -0.738302, 2.497780
3152.855000, -3.799413, 2, 5268.434134, 0.000000, 35, 9, -13, 103.516951, 0.279510, -0.726628, 2.475225
3153.352000, -3.806768, 2, 5268.434134, 0.000000, 35, 9, -14, 103.795910, 0.279373, -0.717127, 2.411202
3153.849500, -3.813962, 2, 5282.437089, 0.000000, 35, 9, -15, 103.898246, 0.274770, -0.705563, 2.369207
3154.347500, -3.820787, 2, 5282.437089, 0.000000, 35, 9, -15, 103.966570, 0.274189, -0.694025, 2.259597
3154.846000, -3.827326, 2, 5296.486260, 0.000000, 35, 9, -15, 104.107525, 0.271432, -0.684762, 2.218309
3155.345500, -3.833538, 2, 5296.486260, 0.000000, 35, 9, -15, 104.285733, 0.268563, -0.673313, 2.177617
3155.846000, -3.839340, 2, 5296.486260, 0.000000, 35, 9, -15, 104.501047, 0.269954, -0.661718, 2.157355
3156.346500, -3.844814, 2, 5310.581925, 0.000000, 35, 9, -15, 104.503269, 0.269569, -0.654451, 2.117451
3156.848500, -3.849878, 2, 5310.581925, 0.000000, 35, 9, -15, 104.792662, 0.273131, -0.644968, 2.010988
3157.350500, -3.854531, 2, 5324.724362, 0.000000, 35, 10, -15, 104.761418, 0.265792, -0.635985, 1.990971
3157.854000, -3.858773, 2, 5324.724362, 0.000000, 35, 9, -14, 105.125372, 0.273903, -0.632719, 1.955159
3158.357500, -3.862521, 2, 5338.913850, 0.000000, 35, 9, -14, 105.060918, 0.270943, -0.625711, 1.935230
3158.862000, -3.865735, 2, 5353.150673, 0.000000, 35, 9, -14, 105.319462, 0.272621, -0.620526, 1.919417
3159.367000, -3.868495, 2, 5367.435115, 0.000000, 36, 9, -14, 105.400432, 0.274395, -0.617612, 1.901812
3159.873000, -3.870803, 2, 5367.435115, 0.000000, 36, 8, -14, 105.589838, 0.269392, -0.610562, 1.886342
3160.379500, -3.872616, 2, 5381.767463, 0.000000, 35, 8, -14, 105.708932, 0.266665, -0.605709, 1.870209
3160.886500, -3.873852, 2, 5396.148006, 0.000000, 35, 8, -14, 105.830582, 0.268532, -0.604841, 1.835162
3161.395000, -3.874594, 2, 5410.577037, 0.000000, 36, 8, -14, 106.093598, 0.272250, -0.599581, 1.842455
3161.903500, -3.874842, 2, 5410.577037, 0.000000, 36, 8, -14, 106.110637, 0.269981, -0.598901, 1.893889
3162.413500, -3.874553, 2, 5425.054848, 0.000000, 36, 8, -14, 106.448881, 0.282876, -0.597143, 1.885196
3162.923500, -3.873688, 2, 5439.581736, 0.000000, 36, 8, -14, 106.431067, 0.280452, -0.594340, 1.867744
3163.434500, -3.872245, 2, 5454.158000, 0.000000, 36, 7, -14, 106.664427, 0.287001, -0.595209, 1.857641
3163.946500, -3.870226, 2, 5454.158000, 0.000000, 36, 7, -14, 106.829589, 0.291186, -0.596299, 1.826971
3164.459000, -3.867630, 2, 5468.783939, 0.000000, 36, 7, -14, 106.956015, 0.290639, -0.593404, 1.833991
3164.972500, -3.864416, 2, 5483.459858, 0.000000, 36, 7, -14, 107.192743, 0.294623, -0.592333, 1.826032
3165.487000, -3.860503, 2, 5483.459858, 0.000000, 36, 7, -15, 107.394888, 0.307031, -0.588197, 1.817588
3166.002000, -3.855931, 2, 5498.186061, 0.000000, 36, 7, -16, 107.491120, 0.301941, -0.583616, 1.805771
3166.517500, -3.850743, 2, 5512.962858, 0.000000, 36, 8, -16, 107.588503, 0.303724, -0.582687, 1.794292
3167.034000, -3.844897, 2, 5512.962858, 0.000000, 36, 8, -17, 107.829655, 0.307456, -0.579382, 1.789060
3167.551500, -3.838311, 2, 5527.790557, 0.000000, 36, 8, -18, 108.033348, 0.302260, -0.574747, 1.802012
3168.069500, -3.831111, 2, 5527.790557, 0.000000, 36, 9, -19, 108.172616, 0.312674, -0.572885, 1.774669
3168.588500, -3.823254, 2, 5542.669473, 0.000000, 36, 9, -19, 108.345743, 0.312508, -0.572074, 1.856237
3169.108000, -3.814702, 2, 5557.599921, 0.000000, 36, 9, -20, 108.519962, 0.310185, -0.571529, 1.850497
3169.628500, -3.805412, 2, 5557.599921, 0.000000, 36, 9, -20, 108.695266, 0.310496, -0.575006, 1.845341
3170.149500, -3.795551, 2, 5572.582219, 0.000000, 36, 9, -20, 108.803921, 0.310822, -0.576198, 1.906277
3170.671500, -3.785119, 2, 5572.582219, 0.000000, 36, 9, -19, 109.052682, 0.315244, -0.576993, 1.905977
3171.194000, -3.774076, 2, 5587.616688, 0.000000, 36, 8, -20, 109.167583, 0.316488, -0.584736, 1.949291
3171.717000, -3.762341, 2, 5587.616688, 0.000000, 36, 8, -20, 109.272596, 0.310911, -0.588911, 2.049002
3172.241000, -3.750078, 2, 5602.703649, 0.000000, 36, 8, -20, 109.496940, 0.307624, -0.595055, 2.011484
3172.766000, -3.737288, 2, 5617.843431, 0.000000, 36, 8, -20, 109.758325, 0.309534, -0.604735, 2.064862
3173.291500, -3.723932, 2, 5617.843431, 0.000000, 36, 9, -20, 109.835202, 0.310370, -0.608178, 2.057428
3173.817000, -3.710051, 2, 5633.036360, 0.000000, 36, 9, -20, 109.850834, 0.307896, -0.618780, 2.096616
3174.344000, -3.695482, 2, 5633.036360, 0.000000, 36, 9, -20, 110.218538, 0.309455, -0.626504, 2.089664
3174.871500, -3.680350, 2, 5633.036360, 0.000000, 36, 9, -20, 110.303589, 0.303602, -0.628793, 2.152883
3175.399500, -3.664613, 2, 5648.282767, 0.000000, 36, 10, -20, 110.460895, 0.307314, -0.633898, 2.221282
3175.928500, -3.648274, 2, 5648.282767, 0.000000, 36, 11, -20, 110.654920, 0.314383, -0.634175, 2.204839
3176.458000, -3.631457, 2, 5663.582988, 0.000000, 36, 11, -21, 110.789224, 0.306748, -0.636886, 2.235227
3176.988000, -3.614079, 2, 5663.582988, 0.000000, 35, 11, -21, 110.915190, 0.304156, -0.643158, 2.302755
3177.519000, -3.596143, 2, 5678.937357, 0.000000, 35, 11, -21, 111.153802, 0.311276, -0.643239, 2.272634
3178.050000, -3.577650, 2, 5678.937357, 0.000000, 35, 11, -21, 111.176329, 0.299825, -0.649033, 2.333041
3178.582000, -3.558600, 2, 5694.346214, 0.000000, 36, 11, -21, 111.423238, 0.305934, -0.653785, 2.374002
3179.114500, -3.539118, 2, 5694.346214, 0.000000, 36, 11, -21, 111.519343, 0.305276, -0.657628, 2.440737
3179.647500, -3.519162, 2, 5709.809902, 0.000000, 35, 11, -21, 111.663501, 0.288702, -0.668899, 2.474510
3180.181500, -3.498816, 2, 5709.809902, 0.000000, 35, 11, -22, 111.915289, 0.299886, -0.674789, 2.517893
3180.716000, -3.478040, 2, 5709.809902, 0.000000, 35, 11, -22, 112.027700, 0.300527, -0.682753, 2.549998
3181.250500, -3.456916, 2, 5725.328765, 0.000000, 35, 11, -22, 112.030097, 0.290345, -0.693236, 2.503267
3181.786000, -3.435404, 2, 5725.328765, 0.000000, 35, 11, -22, 112.293200, 0.297730, -0.702135, 2.530937
3182.322500, -3.413464, 2, 5725.328765, 0.000000, 35, 11, -22, 112.516590, 0.296664, -0.712835, 2.574353
3182.859000, -3.391138, 2, 5740.903151, 0.000000, 35, 11, -22, 112.565857, 0.293611, -0.724055, 2.601958
3183.396000, -3.368427, 2, 5740.903151, 0.000000, 35, 11, -22, 112.645456, 0.300998, -0.730803, 2.651055
3183.933500, -3.345291, 2, 5756.533409, 0.000000, 35, 11, -22, 112.810518, 0.288455, -0.737669, 2.671737
3184.471500, -3.321853, 2, 5756.533409, 0.000000, 35, 12, -22, 112.935537, 0.278061, -0.744107, 2.707377
3185.010500, -3.297991, 2, 5756.533409, 0.000000, 35, 12, -22, 113.167482, 0.284103, -0.744272, 2.754349
3185.549500, -3.273829, 2, 5772.219895, 0.000000, 35, 12, -22, 113.233212, 0.282258, -0.748775, 2.766143
3186.089000, -3.249285, 2, 5772.219895, 0.000000, 35, 13, -22, 113.328691, 0.277848, -0.751846, 2.799676
3186.629500, -3.224281, 2, 5787.962963, 0.000000, 35, 13, -22, 113.573375, 0.284214, -0.754332, 2.743321
3187.170000, -3.198778, 2, 5787.962963, 0.000000, 35, 13, -22, 113.622217, 0.274759, -0.756361, 2.809284
3187.711000, -3.172857, 2, 5803.762973, 0.000000, 35, 13, -22, 113.730748, 0.273744, -0.756329, 2.826598
3188.253000, -3.146478, 2, 5803.762973, 0.000000, 35, 14, -22, 113.972869, 0.287403, -0.752321, 2.877952
3188.795000, -3.119764, 2, 5819.620288, 0.000000, 35, 14, -22, 114.007534, 0.277753, -0.752447, 2.905829
3189.337500, -3.092635, 2, 5835.535272, 0.000000, 35, 15, -22, 114.156773, 0.274941, -0.752928, 2.928799
3189.881000, -3.065131, 2, 5851.508294, 0.000000, 35, 15, -22, 114.412320, 0.285265, -0.751874, 2.965010
3190.424500, -3.037255, 2, 5867.539726, 0.000000, 35, 15, -22, 114.418010, 0.274127, -0.754852, 2.989760
3190.968500, -3.009046, 2, 5883.629941, 0.000000, 35, 14, -22, 114.573145, 0.281596, -0.759246, 3.014538
3191.513500, -2.980465, 2, 5899.779318, 0.000000, 35, 14, -22, 114.808404, 0.291782, -0.764956, 3.031471
3192.059000, -2.951474, 2, 5915.988237, 0.000000, 35, 13, -22, 114.958612, 0.286834, -0.772976, 3.074983
3192.605000, -2.922153, 2, 5932.257083, 0.000000, 35, 13, -22, 115.050436, 0.299841, -0.780108, 3.092795
3193.151500, -2.892542, 2, 5948.586242, 0.000000, 35, 14, -22, 115.257264, 0.309556, -0.783614, 3.107630
3193.698500, -2.862444, 2, 5964.976105, 0.000000, 35, 14, -22, 115.334557, 0.300442, -0.786348, 3.072878
3194.247000, -2.832018, 2, 5981.427066, 0.000000, 35, 15, -22, 115.736796, 0.320909, -0.788484, 3.078621
3194.795500, -2.801226, 2, 6014.513874, 0.000000, 35, 15, -21, 115.758354, 0.329728, -0.789870, 3.106346
3195.344500, -2.769950, 2, 6031.150526, 0.000000, 35, 15, -21, 115.894861, 0.328642, -0.790023, 3.043836
3195.895000, -2.738150, 2, 6064.612362, 0.000000, 35, 15, -21, 116.239466, 0.350505, -0.789246, 3.099252
3196.445500, -2.705869, 2, 6098.328332, 0.000000, 35, 15, -21, 116.311097, 0.346958, -0.787764, 3.116213
3196.997000, -2.673067, 2, 6115.282665, 0.000000, 36, 15, -20, 116.511725, 0.350861, -0.781465, 3.170480
3197.549500, -2.639667, 2, 6132.301796, 0.000000, 36, 15, -20, 116.803072, 0.374342, -0.777350, 3.202032
3198.103000, -2.605710, 2, 6166.536171, 0.000000, 35, 15, -21, 117.051645, 0.376133, -0.771703, 3.158449
3198.657000, -2.571276, 2, 6183.752285, 0.000000, 35, 16, -21, 117.199480, 0.386810, -0.765078, 3.188114
3199.212000, -2.536248, 2, 6183.752285, 0.000000, 35, 16, -21, 117.451580, 0.405020, -0.760183, 3.234131
3199.768000, -2.500744, 2, 6201.034935, 0.000000, 35, 16, -21, 117.682199, 0.403145, -0.758103, 3.171307
3200.324500, -2.464611, 2, 6218.384565, 0.000000, 36, 16, -21, 117.858764, 0.417253, -0.754604, 3.225016
3200.882000, -2.427887, 2, 6235.801625, 0.000000, 36, 17, -21, 118.127178, 0.427800, -0.754707, 3.169318
3201.440500, -2.390613, 2, 6253.286565, 0.000000, 36, 17, -21, 118.363580, 0.428215, -0.758669, 3.197094
3202.000000, -2.352792, 2, 6253.286565, 0.000000, 36, 17, -21, 118.635864, 0.437083, -0.759348, 3.231340
3202.560000, -2.314344, 2, 6270.839841, 0.000000, 36, 17, -21, 118.785383, 0.439553, -0.762522, 3.194647
3203.121000, -2.275273, 2, 6288.461915, 0.000000, 36, 17, -21, 119.061312, 0.439544, -0.764274, 3.230727
3203.683000, -2.235618, 2, 6306.153249, 0.000000, 36, 17, -20, 119.305362, 0.443581, -0.764424, 3.262180
3204.246000, -2.195459, 2, 6306.153249, 0.000000, 36, 17, -20, 119.551363, 0.450498, -0.765701, 3.294586
3204.809500, -2.154679, 2, 6323.914313, 0.000000, 35, 17, -20, 119.753548, 0.453387, -0.768670, 3.250363
3205.374000, -2.113357, 2, 6341.745577, 0.000000, 35, 17, -20, 119.981970, 0.454328, -0.772470, 3.262677
3205.939000, -2.071456, 2, 6341.745577, 0.000000, 35, 17, -20, 120.141993, 0.447576, -0.774887, 3.318036
3206.505500, -2.029093, 2, 6359.647520, 0.000000, 35, 16, -19, 120.533659, 0.451469, -0.779726, 3.323995
3207.072500, -1.986152, 2, 6377.620622, 0.000000, 35, 16, -19, 120.676418, 0.451404, -0.786401, 3.271157
3207.640500, -1.942556, 2, 6377.620622, 0.000000, 35, 16, -19, 120.946869, 0.453398, -0.792203, 3.293283
3208.209000, -1.898385, 2, 6395.665368, 0.000000, 36, 16, -18, 121.113992, 0.457373, -0.797224, 3.351572
3208.778500, -1.853562, 2, 6395.665368, 0.000000, 36, 16, -18, 121.388399, 0.450534, -0.799886, 3.287686
3209.349000, -1.808087, 2, 6413.782248, 0.000000, 36, 17, -18, 121.664921, 0.454801, -0.799927, 3.312775
3209.920000, -1.761962, 2, 6431.971755, 0.000000, 36, 17, -18, 121.804007, 0.455904, -0.799071, 3.279079
3210.491500, -1.715225, 2, 6431.971755, 0.000000, 36, 18, -18, 121.971607, 0.447885, -0.800219, 3.214725
3211.064500, -1.667724, 2, 6450.234388, 0.000000, 36, 18, -17, 122.400089, 0.452914, -0.797510, 3.252493
3211.638000, -1.619536, 2, 6468.570650, 0.000000, 36, 18, -17, 122.511372, 0.445001, -0.793783, 3.214430
3212.212000, -1.570548, 2, 6486.981048, 0.000000, 36, 18, -16, 122.737131, 0.442248, -0.789989, 3.268622
3212.787000, -1.520759, 2, 6486.981048, 0.000000, 36, 17, -16, 122.992440, 0.452102, -0.787481, 3.205013
3213.363000, -1.470170, 2, 6505.466094, 0.000000, 36, 17, -16, 123.254571, 0.443480, -0.781724, 3.267402
3213.939500, -1.418745, 2, 6505.466094, 0.000000, 36, 18, -16, 123.452572, 0.448414, -0.779056, 3.229580
3214.517000, -1.366560, 2, 6524.026305, 0.000000, 36, 18, -16, 123.746476, 0.456930, -0.774542, 3.175367
3215.095000, -1.313615, 2, 6524.026305, 0.000000, 36, 18, -16, 123.915315, 0.451170, -0.769973, 3.220316
3215.674000, -1.259873, 2, 6542.662203, 0.000000, 36, 18, -15, 124.198501, 0.456743, -0.769368, 3.183095
3216.253500, -1.205257, 2, 6542.662203, 0.000000, 36, 19, -15, 124.403491, 0.457471, -0.768777, 3.148317
3216.833500, -1.149729, 2, 6542.662203, 0.000000, 36, 19, -15, 124.545065, 0.443614, -0.768354, 3.100598
3217.414500, -1.093290, 2, 6561.374312, 0.000000, 36, 19, -14, 124.865922, 0.449195, -0.767782, 3.160687
3217.996000, -1.035978, 2, 6561.374312, 0.000000, 37, 19, -14, 125.075974, 0.445061, -0.767309, 3.128095
3218.578500, -0.977830, 2, 6580.163165, 0.000000, 36, 19, -13, 125.335238, 0.439913, -0.764961, 3.088341
3219.161000, -0.918694, 2, 6580.163165, 0.000000, 36, 19, -13, 125.436367, 0.437690, -0.763614, 3.051043
3219.744500, -0.858531, 2, 6580.163165, 0.000000, 36, 19, -12, 125.715990, 0.431197, -0.759628, 3.034536
3220.329000, -0.797379, 2, 6599.029298, 0.000000, 37, 20, -12, 126.028082, 0.430589, -0.757381, 2.989588
3220.913500, -0.735237, 2, 6599.029298, 0.000000, 37, 20, -12, 126.102997, 0.427863, -0.751369, 2.983198
3221.498500, -0.672104, 2, 6599.029298, 0.000000, 37, 20, -11, 126.338516, 0.424279, -0.748380, 2.940191
3222.084500, -0.607939, 2, 6617.973250, 0.000000, 37, 21, -11, 126.639959, 0.426576, -0.747081, 2.912374
3222.670500, -0.542592, 2, 6617.973250, 0.000000, 37, 21, -10, 126.719095, 0.411133, -0.740759, 2.907235
3223.257500, -0.476210, 2, 6636.995569, 0.000000, 37, 20, -9, 127.023542, 0.412312, -0.737547, 2.880947
3223.845000, -0.408754, 2, 6636.995569, 0.000000, 37, 20, -8, 127.249593, 0.415406, -0.733321, 2.855394
3224.433000, -0.340108, 2, 6636.995569, 0.000000, 37, 20, -6, 127.460900, 0.406616, -0.725841, 2.844863
3225.021000, -0.270307, 2, 6656.096804, 0.000000, 37, 20, -5, 127.561813, 0.410455, -0.723714, 2.739222
3225.610000, -0.199310, 2, 6656.096804, 0.000000, 37, 20, -5, 127.904053, 0.408328, -0.719885, 2.723556
3226.199000, -0.127075, 2, 6656.096804, 0.000000, 38, 20, -4, 127.991231, 0.395926, -0.712050, 2.633070
3226.789000, -0.053562, 2, 6656.096804, 0.000000, 38, 21, -4, 128.304602, 0.404287, -0.709702, 2.611569
3227.379000, 0.021197, 2, 6675.277511, 0.000000, 38, 21, -4, 128.457508, 0.401526, -0.701298, 2.536909
3227.969500, 0.097283, 2, 6675.277511, 0.000000, 38, 22, -3, 128.662199, 0.390976, -0.697441, 2.420533
3228.560500, 0.174814, 2, 6675.277511, 0.000000, 38, 22, -1, 128.897359, 0.394938, -0.692639, 2.347911
3229.151500, 0.253872, 2, 6675.277511, 0.000000, 38, 22, 0, 129.036504, 0.386610, -0.679891, 2.376467
3229.743000, 0.334502, 2, 6675.277511, 0.000000, 39, 22, 0, 129.273595, 0.381211, -0.667975, 2.304873
3230.335000, 0.416559, 2, 6675.277511, 0.000000, 39, 22, 0, 129.497650, 0.385487, -0.655310, 2.212367
3230.927000, 0.500166, 2, 6694.538253, 0.000000, 39, 22, 1, 129.639604, 0.377788, -0.639703, 2.154244
3231.521500, 0.584801, 2, 6694.538253, 0.000000, 39, 22, 2, 129.959615, 0.377992, -0.629415, 2.085909
3232.119000, 0.667473, 2, 6694.538253, 0.000000, 39, 22, 3, 130.023432, 0.375898, -0.615462, 2.026926
3232.718000, 0.747769, 2, 6694.538253, 0.000000, 39, 22, 2, 130.261362, 0.365326, -0.596457, 1.905232
3233.318000, 0.825575, 2, 6713.879594, 0.000000, 39, 23, 2, 130.357831, 0.362939, -0.582663, 1.854491
3233.920000, 0.901082, 2, 6713.879594, 0.000000, 39, 23, 2, 130.725652, 0.358045, -0.565270, 1.729683
3234.523000, 0.974328, 2, 6733.302107, 0.000000, 39, 23, 2, 130.823568, 0.354239, -0.549765, 1.679631
3235.127000, 1.045197, 2, 6733.302107, 0.000000, 39, 23, 2, 130.948438, 0.349473, -0.532280, 1.672540
3235.732500, 1.113764, 2, 6752.806369, 0.000000, 39, 23, 2, 131.176326, 0.341498, -0.514232, 1.531486
3236.339500, 1.180178, 2, 6752.806369, 0.000000, 39, 23, 3, 131.430797, 0.337386, -0.493744, 1.521457
3236.948000, 1.244362, 2, 6772.392962, 0.000000, 39, 22, 3, 131.641960, 0.339466, -0.479674, 1.394768
3237.557500, 1.306273, 2, 6792.062473, 0.000000, 39, 22, 2, 131.817520, 0.347486, -0.467007, 1.383176
3238.168000, 1.365986, 2, 6792.062473, 0.000000, 38, 21, 3, 131.962673, 0.347674, -0.454101, 1.276069
3238.780500, 1.423610, 2, 6811.815497, 0.000000, 38, 21, 3, 132.316817, 0.351961, -0.443702, 1.256590
3239.394000, 1.479104, 2, 6811.815497, 0.000000, 38, 21, 3, 132.444607, 0.358095, -0.432161, 1.163418
3240.008500, 1.532540, 2, 6831.652632, 0.000000, 38, 21, 3, 132.603455, 0.355066, -0.418659, 1.078347
3240.624500, 1.583914, 2, 6831.652632, 0.000000, 38, 21, 3, 132.860709, 0.365997, -0.406677, 1.070751
3241.241500, 1.633300, 2, 6851.574483, 0.000000, 38, 21, 3, 133.020176, 0.358103, -0.393637, 0.986162
3241.860000, 1.680730, 2, 6851.574483, 0.000000, 38, 21, 3, 133.339372, 0.358729, -0.377836, 0.907198
3242.479500, 1.726279, 2, 6871.581661, 0.000000, 38, 21, 3, 133.431785, 0.360494, -0.363884, 0.841440
3243.100500, 1.769903, 2, 6871.581661, 0.000000, 38, 21, 3, 133.751443, 0.359930, -0.346249, 0.850956
3243.722500, 1.811598, 2, 6891.674781, 0.000000, 38, 21, 4, 133.893377, 0.363506, -0.331146, 0.780372
3244.345500, 1.851592, 2, 6911.854465, 0.000000, 37, 21, 4, 134.066051, 0.359249, -0.315810, 0.717895
3244.970000, 1.889610, 2, 6911.854465, 0.000000, 37, 20, 4, 134.367729, 0.361079, -0.301711, 0.741295
3245.596000, 1.925997, 2, 6932.121342, 0.000000, 37, 20, 3, 134.632228, 0.371286, -0.284968, 0.703050
3246.223000, 1.960516, 2, 6932.121342, 0.000000, 37, 20, 3, 134.824026, 0.372977, -0.271011, 0.628172
3246.851000, 1.993280, 2, 6952.476046, 0.000000, 36, 21, 3, 134.978572, 0.377659, -0.257735, 0.579363
3247.480000, 2.024362, 2, 6972.919217, 0.000000, 36, 21, 4, 135.182425, 0.372647, -0.245411, 0.613601
3248.110500, 2.053761, 2, 6993.451501, 0.000000, 36, 22, 4, 135.466044, 0.369944, -0.236752, 0.563135
3248.742000, 2.081471, 2, 6993.451501, 0.000000, 36, 22, 4, 135.632506, 0.374589, -0.223468, 0.535527
3249.375000, 2.107529, 2, 7014.073551, 0.000000, 35, 22, 4, 135.965522, 0.377393, -0.211337, 0.480514
3250.009000, 2.132050, 2, 7014.073551, 0.000000, 35, 23, 4, 136.132077, 0.381263, -0.201189, 0.453109
3250.644000, 2.154912, 2, 7034.786026, 0.000000, 35, 23, 5, 136.317528, 0.376144, -0.189008, 0.412999
3251.280500, 2.176153, 2, 7034.786026, 0.000000, 34, 22, 5, 136.631928, 0.381237, -0.180542, 0.459183
3251.917500, 2.195848, 2, 7055.589591, 0.000000, 34, 22, 6, 136.730446, 0.378009, -0.167057, 0.449565
3252.556000, 2.214034, 2, 7055.589591, 0.000000, 34, 22, 7, 137.014585, 0.380774, -0.154927, 0.400192
3253.195500, 2.230630, 2, 7076.484917, 0.000000, 33, 22, 7, 137.211671, 0.385856, -0.146468, 0.381107
3253.836000, 2.245713, 2, 7076.484917, 0.000000, 33, 22, 8, 137.427716, 0.374051, -0.135946, 0.349430
3254.478500, 2.259243, 2, 7097.472684, 0.000000, 33, 21, 9, 137.833341, 0.383227, -0.130135, 0.332063
3255.121000, 2.271333, 2, 7097.472684, 0.000000, 33, 21, 9, 137.821982, 0.380372, -0.121773, 0.223685
3255.765000, 2.282023, 2, 7097.472684, 0.000000, 32, 21, 10, 138.129055, 0.375201, -0.109739, 0.215882
3256.410500, 2.291233, 2, 7118.553576, 0.000000, 32, 20, 10, 138.455111, 0.391008, -0.102438, 0.195570
3257.056500, 2.299117, 2, 7118.553576, 0.000000, 32, 20, 11, 138.523394, 0.379144, -0.092197, 0.090458
3257.704000, 2.305715, 2, 7118.553576, 0.000000, 31, 20, 12, 138.872103, 0.388505, -0.078726, 0.110972
3258.352000, 2.311025, 2, 7118.553576, 0.000000, 31, 21, 12, 138.970689, 0.391184, -0.067028, 0.013740
3259.001500, 2.315086, 2, 7139.728284, 0.000000, 31, 21, 12, 139.258785, 0.372887, -0.050698, -0.069345
3259.651500, 2.317898, 2, 7139.728284, 0.000000, 30, 22, 12, 139.368698, 0.375134, -0.034171, -0.058391
3260.302500, 2.319539, 2, 7139.728284, 0.000000, 30, 22, 13, 139.607509, 0.364042, -0.021031, -0.136870
3260.955000, 2.320086, 2, 7139.728284, 0.000000, 30, 22, 13, 139.925929, 0.359668, -0.006251, -0.212261
3261.608000, 2.319539, 2, 7139.728284, 0.000000, 29, 22, 13, 140.016899, 0.363865, 0.011290, -0.276868
3262.262000, 2.318016, 2, 7160.997507, 0.000000, 29, 22, 13, 140.217841, 0.351741, 0.026218, -0.330679
3262.916500, 2.315477, 2, 7160.997507, 0.000000, 29, 22, 13, 140.388485, 0.348223, 0.043753, -0.480200
3263.572500, 2.311962, 2, 7160.997507, 0.000000, 28, 22, 13, 140.638778, 0.342915, 0.060166, -0.538855
3264.229000, 2.307550, 2, 7160.997507, 0.000000, 28, 22, 13, 140.790594, 0.338805, 0.074720, -0.588274
3264.886500, 2.302357, 2, 7160.997507, 0.000000, 28, 22, 13, 141.003242, 0.342167, 0.093850, -0.622443
3265.545000, 2.296307, 2, 7160.997507, 0.000000, 27, 22, 13, 141.216014, 0.334823, 0.114042, -0.744665
3266.204000, 2.289476, 2, 7160.997507, 0.000000, 27, 23, 13, 141.337653, 0.331635, 0.131652, -0.802022
3266.864000, 2.281906, 2, 7160.997507, 0.000000, 27, 23, 13, 141.531836, 0.325527, 0.149998, -0.824286
3267.524000, 2.273635, 2, 7160.997507, 0.000000, 26, 23, 13, 141.566886, 0.312861, 0.166788, -0.940312
3268.185500, 2.264702, 2, 7160.997507, 0.000000, 26, 23, 13, 141.859804, 0.309148, 0.181482, -0.972358
3268.847500, 2.255226, 2, 7160.997507, 0.000000, 25, 23, 13, 142.005320, 0.303348, 0.199795, -1.078236
3269.510000, 2.245090, 2, 7160.997507, 0.000000, 25, 23, 14, 142.101885, 0.290899, 0.216706, -1.091578
3270.173000, 2.234527, 2, 7160.997507, 0.000000, 25, 22, 14, 142.247837, 0.282611, 0.231064, -1.197723
3270.837000, 2.223500, 2, 7139.728284, 0.000000, 24, 22, 14, 142.424566, 0.275175, 0.248378, -1.208652
3271.501500, 2.212125, 2, 7139.728284, 0.000000, 24, 22, 15, 142.564523, 0.264871, 0.266519, -1.283071
3272.166500, 2.200209, 2, 7118.553576, 0.000000, 24, 22, 15, 142.662126, 0.265522, 0.283297, -1.384815
3272.832000, 2.187984, 2, 7118.553576, 0.000000, 23, 22, 16, 142.790617, 0.260208, 0.301846, -1.391376
3273.497500, 2.175453, 2, 7097.472684, 0.000000, 23, 23, 17, 142.802906, 0.243396, 0.318797, -1.375907
3274.164000, 2.162691, 2, 7076.484917, 0.000000, 22, 24, 18, 142.993476, 0.235563, 0.333344, -1.455919
3274.830500, 2.149662, 2, 7076.484917, 0.000000, 22, 24, 19, 143.024926, 0.217030, 0.349334, -1.540823
3275.497500, 2.136326, 2, 7055.589591, 0.000000, 22, 24, 20, 143.118287, 0.203565, 0.365588, -1.611179
3276.164500, 2.122877, 2, 7055.589591, 0.000000, 21, 24, 20, 143.163165, 0.192283, 0.378146, -1.588717
3276.832000, 2.109161, 2, 7055.589591, 0.000000, 21, 24, 21, 143.244776, 0.174315, 0.389449, -1.678893
3277.500000, 2.095488, 2, 7055.589591, 0.000000, 20, 24, 22, 143.383231, 0.164053, 0.405036, -1.722845
3278.167500, 2.081704, 2, 7055.589591, 0.000000, 20, 24, 22, 143.270064, 0.151099, 0.416732, -1.792612
3278.835500, 2.067885, 2, 7076.484917, 0.000000, 20, 25, 22, 143.347978, 0.137324, 0.430384, -1.851135
3279.504000, 2.054071, 2, 7076.484917, 0.000000, 19, 25, 22, 143.506322, 0.132305, 0.446258, -1.907902
3280.172500, 2.040222, 2, 7097.472684, 0.000000, 19, 25, 22, 143.505605, 0.120764, 0.456156, -1.968564
3280.841500, 2.026417, 2, 7118.553576, 0.000000, 19, 25, 22, 143.629726, 0.122002, 0.470267, -2.088830
3281.510500, 2.012539, 2, 7139.728284, 0.000000, 18, 25, 22, 143.616862, 0.124336, 0.482540, -2.169043
3282.180500, 1.998859, 2, 7182.361951, 0.000000, 18, 25, 23, 143.822349, 0.122900, 0.492711, -2.200135
3282.850500, 1.985222, 2, 7203.822327, 0.000000, 17, 25, 23, 143.855320, 0.136092, 0.503096, -2.254076
3283.520500, 1.971667, 2, 7225.379356, 0.000000, 17, 25, 23, 143.840276, 0.138726, 0.510394, -2.390480
3284.191500, 1.958232, 2, 7268.786282, 0.000000, 17, 25, 25, 144.096880, 0.153064, 0.518749, -2.427888
3284.863000, 1.944994, 2, 7290.637655, 0.000000, 16, 25, 25, 144.163218, 0.167456, 0.527007, -2.475276
3285.535000, 1.931916, 2, 7312.588630, 0.000000, 16, 25, 26, 144.310187, 0.174312, 0.531179, -2.609434
3286.208000, 1.919034, 2, 7356.792415, 0.000000, 16, 25, 26, 144.534892, 0.201485, 0.543051, -2.623121
3286.881000, 1.906272, 2, 7379.046760, 0.000000, 15, 25, 28, 144.509324, 0.208237, 0.547246, -2.691400
3287.555000, 1.893862, 2, 7379.046760, 0.000000, 15, 25, 28, 144.735946, 0.223080, 0.555034, -2.793622
3288.229500, 1.881726, 2, 7401.403777, 0.000000, 15, 25, 29, 144.852263, 0.244629, 0.568526, -2.816053
3288.905000, 1.869940, 2, 7423.864253, 0.000000, 15, 25, 30, 145.066386, 0.248890, 0.573313, -2.938261
3289.581000, 1.858467, 2, 7446.428982, 0.000000, 14, 25, 30, 145.184694, 0.270820, 0.586562, -2.961280
3290.258000, 1.847305, 2, 7446.428982, 0.000000, 14, 25, 30, 145.432291, 0.286975, 0.596806, -3.077680
3290.935500, 1.836532, 2, 7469.098767, 0.000000, 14, 25, 30, 145.504353, 0.285839, 0.603515, -3.183274
3291.614000, 1.826148, 2, 7469.098767, 0.000000, 13, 25, 31, 145.737441, 0.303232, 0.616431, -3.200153
3292.292500, 1.816152, 2, 7469.098767, 0.000000, 13, 26, 31, 145.748165, 0.304214, 0.624028, -3.319134
3292.972000, 1.806698, 2, 7491.874419, 0.000000, 13, 26, 31, 145.918928, 0.302413, 0.632635, -3.406077
3293.652500, 1.797747, 2, 7491.874419, 0.000000, 13, 25, 31, 146.187261, 0.313480, 0.644611, -3.505712
3294.333500, 1.789223, 2, 7514.756758, 0.000000, 13, 25, 31, 146.264933, 0.306140, 0.650431, -3.612535
3295.015000, 1.781239, 2, 7514.756758, 0.000000, 12, 25, 31, 146.407626, 0.305700, 0.662034, -3.619076
3295.697500, 1.773759, 2, 7514.756758, 0.000000, 12, 26, 31, 146.599551, 0.309059, 0.670420, -3.720118
3296.380500, 1.766819, 2, 7537.746613, 0.000000, 12, 26, 31, 146.728892, 0.302830, 0.679426, -3.802744
3297.064500, 1.760497, 2, 7537.746613, 0.000000, 12, 26, 31, 146.923306, 0.310100, 0.689551, -3.816704
3297.749000, 1.754715, 2, 7560.844818, 0.000000, 11, 27, 31, 147.038923, 0.320191, 0.693591, -3.918666
3298.434000, 1.749628, 2, 7560.844818, 0.000000, 11, 27, 31, 147.156775, 0.314174, 0.702715, -3.989749
3299.120000, 1.745080, 2, 7584.052220, 0.000000, 11, 27, 30, 147.371698, 0.322789, 0.710697, -4.074209
3299.806500, 1.741112, 2, 7607.369671, 0.000000, 11, 27, 29, 147.491170, 0.318811, 0.715622, -4.177089
3300.493500, 1.737721, 2, 7607.369671, 0.000000, 11, 28, 28, 147.564190, 0.311241, 0.723916, -4.273607
3301.181500, 1.734908, 2, 7630.798036, 0.000000, 10, 28, 26, 147.815563, 0.319850, 0.726873, -4.353427
3301.870000, 1.732789, 2, 7654.338184, 0.000000, 10, 28, 25, 147.891216, 0.312484, 0.728507, -4.362599
3302.559500, 1.731248, 2, 7654.338184, 0.000000, 10, 29, 25, 148.145479, 0.315299, 0.733978, -4.443425
3303.249500, 1.730362, 2, 7677.990998, 0.000000, 10, 28, 23, 148.208878, 0.321698, 0.736227, -4.528468
3303.940000, 1.730170, 2, 7701.757367, 0.000000, 10, 29, 23, 148.353629, 0.316421, 0.738744, -4.614838
3304.632000, 1.730594, 2, 7701.757367, 0.000000, 10, 29, 22, 148.659600, 0.330025, 0.740961, -4.704085
3305.324000, 1.731557, 2, 7725.638189, 0.000000, 10, 30, 21, 148.661949, 0.330386, 0.740848, -4.713321
3306.017000, 1.733059, 2, 7725.638189, 0.000000, 10, 30, 21, 148.890721, 0.332492, 0.741640, -4.714299
3306.710500, 1.735101, 2, 7749.634374, 0.000000, 10, 31, 21, 148.975513, 0.339141, 0.741976, -4.725336
3307.405500, 1.737759, 2, 7773.746840, 0.000000, 10, 32, 21, 149.305337, 0.338657, 0.742231, -4.710766
3308.100500, 1.740919, 2, 7773.746840, 0.000000, 10, 33, 21, 149.294286, 0.337791, 0.737608, -4.826680
3308.796500, 1.744579, 2, 7797.976515, 0.000000, 10, 33, 20, 149.528403, 0.343770, 0.733008, -4.829450
3309.493000, 1.748664, 2, 7822.324336, 0.000000, 10, 34, 20, 149.632234, 0.336948, 0.726267, -4.942079
3310.190500, 1.753328, 2, 7822.324336, 0.000000, 10, 34, 20, 149.822043, 0.336996, 0.719423, -4.938465
3310.888500, 1.758569, 2, 7822.324336, 0.000000, 10, 34, 20, 149.933532, 0.334693, 0.718998, -4.933241
3311.587500, 1.764313, 2, 7822.324336, 0.000000, 10, 35, 20, 150.153680, 0.335107, 0.717098, -4.955661
3312.287500, 1.770636, 2, 7846.791252, 0.000000, 10, 35, 20, 150.394359, 0.342083, 0.715372, -4.960746
3312.988000, 1.777653, 2, 7846.791252, 0.000000, 10, 36, 20, 150.463395, 0.342988, 0.718426, -4.949126
3313.689000, 1.785289, 2, 7846.791252, 0.000000, 10, 36, 20, 150.580592, 0.343931, 0.721570, -4.945202
3314.391500, 1.793620, 2, 7871.378220, 0.000000, 10, 36, 20, 150.891860, 0.349830, 0.730668, -4.941540
3315.094000, 1.802647, 2, 7871.378220, 0.000000, 11, 36, 20, 150.899094, 0.350324, 0.742737, -4.940809
3315.798000, 1.812370, 2, 7871.378220, 0.000000, 11, 35, 20, 151.200203, 0.356948, 0.749732, -4.925650
3316.502000, 1.822944, 2, 7871.378220, 0.000000, 11, 35, 20, 151.230775, 0.359703, 0.762439, -4.907760
3317.207500, 1.834293, 2, 7846.791252, 0.000000, 11, 35, 20, 151.535250, 0.353593, 0.774652, -4.893790
3317.913000, 1.846494, 2, 7846.791252, 0.000000, 11, 35, 20, 151.535824, 0.354396, 0.786733, -4.881230
3318.619500, 1.859471, 2, 7871.378220, 0.000000, 11, 34, 20, 151.730590, 0.348386, 0.798990, -4.870085
3319.327000, 1.873186, 2, 7871.378220, 0.000000, 11, 34, 20, 151.960466, 0.348140, 0.806431, -4.766807
3320.035500, 1.887678, 2, 7871.378220, 0.000000, 11, 35, 19, 152.158488, 0.355395, 0.811397, -4.756674
3320.744500, 1.902870, 2, 7871.378220, 0.000000, 11, 35, 19, 152.278643, 0.355499, 0.816888, -4.655762
3321.454000, 1.918686, 2, 7871.378220, 0.000000, 11, 35, 18, 152.379030, 0.354682, 0.817576, -4.660267
3322.164500, 1.935127, 2, 7871.378220, 0.000000, 10, 36, 17, 152.593840, 0.352936, 0.813553, -4.576110
3322.875500, 1.952193, 2, 7871.378220, 0.000000, 11, 36, 17, 152.684952, 0.344587, 0.807879, -4.480666
3323.587500, 1.969847, 2, 7871.378220, 0.000000, 11, 37, 17, 152.890703, 0.348160, 0.800792, -4.472609
3324.300000, 1.988127, 2, 7871.378220, 0.000000, 11, 36, 17, 152.974753, 0.338224, 0.792565, -4.407452
3325.013000, 2.007035, 2, 7871.378220, 0.000000, 11, 36, 16, 153.092409, 0.329558, 0.789042, -4.383650
3325.727000, 2.026534, 2, 7871.378220, 0.000000, 11, 36, 16, 153.325894, 0.321972, 0.781284, -4.314213
3326.442000, 2.046545, 2, 7871.378220, 0.000000, 10, 36, 15, 153.503688, 0.318274, 0.774761, -4.224263
3327.157500, 2.067109, 2, 7871.378220, 0.000000, 10, 36, 15, 153.615148, 0.317656, 0.773609, -4.143214
3327.874000, 2.088188, 2, 7871.378220, 0.000000, 10, 37, 14, 153.841035, 0.329431, 0.766882, -4.062445
3328.590500, 2.109744, 2, 7871.378220, 0.000000, 10, 37, 14, 153.808096, 0.320366, 0.763605, -4.073913
3329.308500, 2.131855, 2, 7896.086207, 0.000000, 10, 37, 14, 154.149698, 0.322367, 0.760841, -3.994126
3330.026500, 2.154367, 2, 7896.086207, 0.000000, 10, 37, 14, 154.119314, 0.321201, 0.752862, -3.917965
3330.745500, 2.177282, 2, 7896.086207, 0.000000, 10, 37, 13, 154.316365, 0.310005, 0.749069, -3.842777
3331.465500, 2.200715, 2, 7896.086207, 0.000000, 10, 36, 13, 154.548758, 0.316413, 0.745446, -3.764004
3332.186000, 2.224708, 2, 7896.086207, 0.000000, 10, 36, 12, 154.635253, 0.305429, 0.739710, -3.688936
3332.907000, 2.249222, 2, 7896.086207, 0.000000, 10, 35, 12, 154.712404, 0.294983, 0.740897, -3.601401
3333.629000, 2.274064, 2, 7896.086207, 0.000000, 10, 35, 12, 154.959238, 0.303477, 0.737736, -3.536462
3334.352000, 2.299273, 2, 7896.086207, 0.000000, 10, 35, 11, 155.128333, 0.298270, 0.735741, -3.467061
3335.075000, 2.324773, 2, 7896.086207, 0.000000, 10, 35, 11, 155.151306, 0.297786, 0.732656, -3.400589
3335.799500, 2.350563, 2, 7920.916193, 0.000000, 10, 36, 12, 155.445971, 0.311718, 0.724290, -3.257800
3336.524000, 2.376528, 2, 7920.916193, 0.000000, 9, 36, 11, 155.436813, 0.294031, 0.717303, -3.195426
3337.249500, 2.402629, 2, 7920.916193, 0.000000, 9, 36, 11, 155.630490, 0.292856, 0.705511, -3.064559
3337.976000, 2.428984, 2, 7920.916193, 0.000000, 9, 36, 10, 155.839378, 0.296383, 0.692589, -2.992985
3338.702500, 2.455475, 2, 7920.916193, 0.000000, 9, 36, 10, 155.853116, 0.280127, 0.679324, -2.956244
3339.430500, 2.482104, 2, 7920.916193, 0.000000, 9, 36, 10, 156.108339, 0.283620, 0.666428, -2.806421
3340.159000, 2.508832, 2, 7920.916193, 0.000000, 9, 35, 10, 156.226951, 0.286850, 0.655515, -2.759222
3340.888000, 2.535619, 2, 7896.086207, 0.000000, 9, 35, 9, 156.346430, 0.271411, 0.647128, -2.624337
3341.618000, 2.562388, 2, 7896.086207, 0.000000, 9, 35, 9, 156.510794, 0.280695, 0.637801, -2.586669
3342.348500, 2.589217, 2, 7896.086207, 0.000000, 9, 34, 9, 156.641427, 0.281257, 0.628527, -2.552734
3343.079500, 2.616106, 2, 7871.378220, 0.000000, 9, 34, 8, 156.710049, 0.267404, 0.622803, -2.396711
3343.811000, 2.642938, 2, 7846.791252, 0.000000, 9, 34, 9, 156.817093, 0.270055, 0.614034, -2.379185
3344.543000, 2.669674, 2, 7822.324336, 0.000000, 9, 33, 9, 156.906148, 0.251941, 0.607376, -2.248686
3345.276000, 2.696471, 2, 7797.976515, 0.000000, 9, 33, 9, 157.099720, 0.242292, 0.602663, -2.196190
3346.009000, 2.723211, 2, 7773.746840, 0.000000, 9, 32, 8, 157.086697, 0.233119, 0.595857, -2.076026
3346.742500, 2.749735, 2, 7749.634374, 0.000000, 9, 31, 8, 157.187207, 0.214500, 0.591400, -2.046482
3347.476000, 2.776123, 2, 7725.638189, 0.000000, 8, 31, 8, 157.175551, 0.197521, 0.589567, -1.926367
3348.210000, 2.802216, 2, 7701.757367, 0.000000, 8, 32, 8, 157.251638, 0.175847, 0.577915, -1.825010
3348.944000, 2.828054, 2, 7654.338184, 0.000000, 8, 33, 8, 157.250076, 0.155816, 0.568869, -1.717558
3349.678000, 2.853516, 2, 7630.798036, 0.000000, 8, 34, 9, 157.205636, 0.131529, 0.558921, -1.688550
3350.412000, 2.878601, 2, 7607.369671, 0.000000, 8, 34, 9, 157.213922, 0.104409, 0.541685, -1.593708
3351.146500, 2.903191, 2, 7584.052220, 0.000000, 8, 34, 8, 157.335391, 0.085479, 0.528419, -1.589967
3351.881000, 2.927362, 2, 7584.052220, 0.000000, 8, 34, 8, 157.275089, 0.063242, 0.509998, -1.501469
3352.615000, 2.950996, 2, 7584.052220, 0.000000, 7, 33, 8, 157.163377, 0.043092, 0.492100, -1.478582
3353.349000, 2.974171, 2, 7607.369671, 0.000000, 7, 33, 8, 157.147136, 0.028825, 0.477749, -1.399493
3354.083000, 2.996885, 2, 7607.369671, 0.000000, 7, 32, 8, 157.149122, 0.006772, 0.468387, -1.379862
3354.817000, 3.019137, 2, 7630.798036, 0.000000, 7, 32, 8, 157.125233, -0.004049, 0.459234, -1.375957
3355.551000, 3.041007, 2, 7630.798036, 0.000000, 7, 31, 8, 157.101747, -0.010642, 0.451032, -1.372025
3356.284500, 3.062295, 2, 7630.798036, 0.000000, 7, 30, 9, 157.000823, -0.024984, 0.447872, -1.273489
3357.018500, 3.083078, 2, 7654.338184, 0.000000, 7, 30, 9, 157.090801, -0.030380, 0.444409, -1.273204
3357.752500, 3.103395, 2, 7654.338184, 0.000000, 7, 29, 9, 157.068539, -0.031549, 0.441842, -1.269211
3358.486500, 3.123207, 2, 7654.338184, 0.000000, 7, 28, 9, 157.046682, -0.031042, 0.441857, -1.265193
3359.220000, 3.142472, 2, 7654.338184, 0.000000, 7, 28, 9, 156.955522, -0.022817, 0.436886, -1.179110
3359.954000, 3.161148, 2, 7654.338184, 0.000000, 7, 28, 9, 157.012143, -0.018857, 0.430981, -1.181913
3360.688000, 3.179234, 2, 7654.338184, 0.000000, 7, 27, 9, 157.026320, -0.017922, 0.428864, -1.174940
3361.422500, 3.196771, 2, 7654.338184, 0.000000, 7, 27, 9, 157.118562, -0.005037, 0.422531, -1.174982
3362.156500, 3.213716, 2, 7654.338184, 0.000000, 7, 27, 9, 157.001768, 0.001012, 0.417053, -1.104320
3362.891000, 3.229988, 2, 7654.338184, 0.000000, 7, 26, 9, 157.094676, 0.009177, 0.411974, -1.104441
3363.625000, 3.245666, 2, 7654.338184, 0.000000, 7, 26, 9, 156.970707, 0.008816, 0.405165, -1.108795
3364.359500, 3.260629, 2, 7630.798036, 0.000000, 7, 26, 9, 157.071992, 0.008435, 0.398303, -1.121744
3365.094000, 3.274916, 2, 7630.798036, 0.000000, 6, 26, 9, 157.061100, 0.016712, 0.393187, -1.130379
3365.828500, 3.288445, 2, 7607.369671, 0.000000, 6, 26, 10, 157.015556, 0.014174, 0.385933, -1.053873
3366.562500, 3.301336, 2, 7584.052220, 0.000000, 6, 27, 11, 156.935328, 0.007356, 0.377878, -1.067959
3367.297000, 3.313426, 2, 7560.844818, 0.000000, 6, 28, 12, 157.037703, 0.002233, 0.372326, -1.081089
3368.031500, 3.324756, 2, 7560.844818, 0.000000, 6, 29, 13, 157.035398, -0.004624, 0.364259, -1.102450
3368.766000, 3.335324, 2, 7537.746613, 0.000000, 6, 29, 13, 157.033304, -0.000288, 0.356121, -1.123810
3369.500500, 3.345090, 2, 7514.756758, 0.000000, 6, 30, 13, 156.989072, 0.005753, 0.350580, -1.135079
3370.234500, 3.354051, 2, 7514.756758, 0.000000, 6, 31, 14, 156.875101, -0.007828, 0.343475, -1.151639
3370.968500, 3.362288, 2, 7491.874419, 0.000000, 6, 31, 14, 156.908708, -0.010762, 0.338416, -1.170276
3371.702500, 3.369760, 2, 7491.874419, 0.000000, 6, 32, 14, 156.865272, -0.018785, 0.336802, -1.181423
3372.436000, 3.376467, 2, 7491.874419, 0.000000, 6, 32, 14, 156.794254, -0.028551, 0.332726, -1.207951
3373.169500, 3.382528, 2, 7469.098767, 0.000000, 6, 33, 14, 156.744198, -0.034702, 0.333779, -1.294085
3373.903000, 3.387945, 2, 7469.098767, 0.000000, 6, 33, 14, 156.778787, -0.043380, 0.336563, -1.312729
3374.635500, 3.392755, 2, 7469.098767, 0.000000, 6, 34, 14, 156.540031, -0.066020, 0.343493, -1.298103
3375.368500, 3.396880, 2, 7469.098767, 0.000000, 6, 34, 14, 156.652319, -0.064242, 0.350399, -1.412311
3376.100500, 3.400519, 2, 7469.098767, 0.000000, 6, 34, 13, 156.421289, -0.075762, 0.357237, -1.410205
3376.833000, 3.403593, 2, 7469.098767, 0.000000, 6, 35, 12, 156.548491, -0.078920, 0.367702, -1.483422
3377.565000, 3.406101, 2, 7469.098767, 0.000000, 6, 35, 12, 156.402134, -0.074876, 0.375070, -1.501708
3378.296500, 3.408124, 2, 7469.098767, 0.000000, 6, 35, 12, 156.347824, -0.084746, 0.386622, -1.574566
3379.028000, 3.409661, 2, 7469.098767, 0.000000, 6, 36, 12, 156.300718, -0.083492, 0.397935, -1.572340
3379.759500, 3.410753, 2, 7469.098767, 0.000000, 6, 36, 13, 156.317639, -0.077194, 0.405541, -1.640198
3380.490500, 3.411441, 2, 7469.098767, 0.000000, 6, 36, 12, 156.201078, -0.079965, 0.416154, -1.730614
3381.221000, 3.411724, 2, 7491.874419, 0.000000, 6, 35, 13, 156.113501, -0.073931, 0.425924, -1.717711
3381.951500, 3.411684, 2, 7491.874419, 0.000000, 6, 35, 13, 156.096758, -0.071644, 0.432962, -1.787843
3382.681500, 3.411441, 2, 7491.874419, 0.000000, 6, 35, 12, 156.003781, -0.081353, 0.446829, -1.849724
3383.411500, 3.410834, 2, 7491.874419, 0.000000, 6, 35, 12, 155.988141, -0.075168, 0.456584, -1.831869
3384.141500, 3.409863, 2, 7491.874419, 0.000000, 6, 35, 12, 156.014504, -0.073073, 0.465646, -1.912517
3384.871000, 3.408690, 2, 7491.874419, 0.000000, 6, 35, 13, 155.881820, -0.071430, 0.476915, -1.875592
3385.600500, 3.407153, 2, 7491.874419, 0.000000, 6, 36, 13, 155.873943, -0.066640, 0.481992, -1.958466
3386.329500, 3.405413, 2, 7491.874419, 0.000000, 6, 36, 13, 155.783854, -0.064286, 0.488898, -1.931982
3387.058500, 3.403431, 2, 7491.874419, 0.000000, 6, 36, 13, 155.806151, -0.064058, 0.495468, -1.999616
3387.787500, 3.401288, 2, 7491.874419, 0.000000, 6, 36, 13, 155.781896, -0.050390, 0.501697, -2.043517
3388.516500, 3.398861, 2, 7514.756758, 0.000000, 6, 36, 13, 155.811274, -0.040920, 0.505099, -2.036269
3389.245000, 3.396273, 2, 7514.756758, 0.000000, 6, 36, 13, 155.682557, -0.040393, 0.511718, -2.086514
3389.973500, 3.393564, 2, 7514.756758, 0.000000, 6, 36, 13, 155.666207, -0.035265, 0.516688, -2.143254
3390.701500, 3.390613, 2, 7514.756758, 0.000000, 6, 36, 13, 155.579895, -0.039185, 0.522701, -2.116225
3391.429500, 3.387581, 2, 7514.756758, 0.000000, 6, 36, 13, 155.564866, -0.041010, 0.531124, -2.172864
3392.157500, 3.384468, 2, 7514.756758, 0.000000, 6, 36, 13, 155.585851, -0.033829, 0.536324, -2.139570
3392.885500, 3.381195, 2, 7514.756758, 0.000000, 6, 35, 13, 155.607531, -0.030963, 0.540949, -2.194200
3393.613500, 3.377841, 2, 7514.756758, 0.000000, 6, 35, 13, 155.594544, -0.025895, 0.545856, -2.162938
3394.341000, 3.374406, 2, 7514.756758, 0.000000, 6, 35, 13, 155.470847, -0.025127, 0.550236, -2.212327
3395.068500, 3.370972, 2, 7514.756758, 0.000000, 6, 35, 12, 155.489455, -0.021955, 0.554855, -2.253882
3395.796000, 3.367458, 2, 7514.756758, 0.000000, 6, 35, 11, 155.478613, -0.017070, 0.561824, -2.222501
3396.523000, 3.363823, 2, 7514.756758, 0.000000, 6, 35, 9, 155.357195, -0.016014, 0.566213, -2.271497
3397.250000, 3.360026, 2, 7514.756758, 0.000000, 6, 35, 8, 155.383163, -0.015166, 0.570589, -2.238175
3397.977000, 3.356191, 2, 7514.756758, 0.000000, 5, 35, 5, 155.409826, -0.016235, 0.572574, -2.292784
3398.704000, 3.352113, 2, 7491.874419, 0.000000, 5, 35, 5, 155.371107, -0.023577, 0.571739, -2.276151
3399.430500, 3.347915, 2, 7491.874419, 0.000000, 5, 35, 4, 155.287987, -0.022273, 0.569616, -2.235059
3400.157000, 3.343556, 2, 7469.098767, 0.000000, 5, 36, 3, 155.285883, -0.022737, 0.562967, -2.216567
3400.883500, 3.339036, 2, 7469.098767, 0.000000, 5, 36, 2, 155.275138, -0.023626, 0.558473, -2.171899
3401.609500, 3.334316, 2, 7446.428982, 0.000000, 5, 36, 2, 155.167805, -0.022181, 0.552022, -2.158397
3402.335500, 3.329435, 2, 7423.864253, 0.000000, 5, 35, 1, 155.198453, -0.022908, 0.545366, -2.125077
3403.061000, 3.324272, 2, 7401.403777, 0.000000, 5, 35, 0, 155.087813, -0.030539, 0.542491, -2.098258
3403.786000, 3.319071, 2, 7379.046760, 0.000000, 5, 35, 0, 154.977796, -0.042489, 0.539263, -2.071277
3404.511000, 3.313588, 2, 7334.639962, 0.000000, 5, 35, 0, 154.979170, -0.050142, 0.536410, -2.052571
3405.235500, 3.307824, 2, 7268.786282, 0.000000, 4, 35, 0, 154.870356, -0.064675, 0.535175, -1.937462
3405.959000, 3.301739, 2, 7225.379356, 0.000000, 4, 35, 0, 154.655582, -0.083567, 0.531434, -1.826739
3406.682000, 3.295212, 2, 7182.361951, 0.000000, 4, 36, 0, 154.560100, -0.097793, 0.521544, -1.750751
3407.404000, 3.288284, 2, 7139.728284, 0.000000, 4, 36, 0, 154.346303, -0.132070, 0.514339, -1.639546
3408.125000, 3.280914, 2, 7097.472684, 0.000000, 3, 37, 0, 154.140923, -0.165808, 0.500639, -1.554461
3408.845000, 3.272943, 2, 7055.589591, 0.000000, 3, 37, 0, 153.935884, -0.192871, 0.485314, -1.469149
3409.564500, 3.264371, 2, 7034.786026, 0.000000, 3, 38, 0, 153.841684, -0.226429, 0.469450, -1.392586
3410.283000, 3.255158, 2, 7034.786026, 0.000000, 2, 38, 0, 153.641069, -0.250789, 0.447811, -1.320155
3411.000000, 3.245183, 2, 7014.073551, 0.000000, 2, 38, 0, 153.298431, -0.277133, 0.423826, -1.253117
3411.716500, 3.234570, 2, 7014.073551, 0.000000, 2, 38, 0, 153.205007, -0.297343, 0.404711, -1.176104
3412.431500, 3.223196, 2, 6993.451501, 0.000000, 2, 38, 0, 152.898399, -0.317373, 0.383431, -1.107185
3413.145500, 3.210985, 2, 6993.451501, 0.000000, 2, 38, 0, 152.702362, -0.331089, 0.364855, -1.047283
3413.858500, 3.197935, 2, 6993.451501, 0.000000, 2, 38, 0, 152.470909, -0.338612, 0.348848, -0.900679
3414.570500, 3.184089, 2, 6972.919217, 0.000000, 1, 38, 0, 152.310792, -0.350281, 0.330312, -0.839126
3415.281500, 3.169287, 2, 6972.919217, 0.000000, 1, 38, 0, 152.086681, -0.357611, 0.312132, -0.806896
3415.991000, 3.153572, 2, 6972.919217, 0.000000, 1, 38, 0, 151.745388, -0.365300, 0.298281, -0.738213
3416.700000, 3.136863, 2, 6972.919217, 0.000000, 1, 39, 0, 151.699411, -0.368348, 0.282764, -0.699194
3417.407500, 3.119164, 2, 6952.476046, 0.000000, 1, 39, 0, 151.365288, -0.369048, 0.265265, -0.657044
3418.113000, 3.100435, 2, 6932.121342, 0.000000, 1, 39, 0, 151.102452, -0.372366, 0.251764, -0.524243
3418.811500, 3.081638, 2, 6911.854465, 0.000000, 1, 39, 0, 150.914287, -0.373148, 0.234121, -0.490136
3419.509000, 3.063213, 2, 6911.854465, 0.000000, 0, 38, 1, 150.729531, -0.378248, 0.216109, -0.469480
3420.206000, 3.045240, 2, 6932.121342, 0.000000, 0, 38, 1, 150.573725, -0.377408, 0.205147, -0.420401
3420.901500, 3.027596, 2, 6932.121342, 0.000000, 0, 37, 1, 150.282209, -0.369424, 0.188392, -0.403405
3421.595500, 3.010322, 2, 6932.121342, 0.000000, 0, 37, 1, 149.951790, -0.381350, 0.174127, -0.286111
3422.289500, 2.993377, 2, 6911.854465, 0.000000, 0, 37, 2, 149.945205, -0.371817, 0.163919, -0.258897
3422.981500, 2.976680, 2, 6891.674781, 0.000000, 0, 38, 2, 149.511295, -0.376866, 0.145899, -0.246704
3423.673500, 2.960272, 2, 6871.581661, 0.000000, 0, 38, 2, 149.504759, -0.373816, 0.135133, -0.219408
3424.364000, 2.944151, 2, 6851.574483, 0.000000, 0, 39, 2, 149.213331, -0.359884, 0.125451, -0.202069
3425.054000, 2.928198, 2, 6851.574483, 0.000000, 0, 38, 2, 149.064384, -0.365465, 0.113922, -0.091795
3425.743000, 2.912452, 2, 6851.574483, 0.000000, 0, 38, 2, 148.847450, -0.356085, 0.105892, -0.085556
3426.430500, 2.896833, 2, 6851.574483, 0.000000, 0, 37, 2, 148.556058, -0.355359, 0.097106, -0.068050
3427.117500, 2.881381, 2, 6851.574483, 0.000000, 0, 37, 2, 148.413587, -0.356409, 0.083790, -0.073023
3427.803000, 2.866095, 2, 6851.574483, 0.000000, 1, 36, 2, 148.118998, -0.349339, 0.077879, -0.041664
3428.488500, 2.850897, 2, 6851.574483, 0.000000, 1, 36, 2, 148.083378, -0.348567, 0.069224, -0.042903
3429.172000, 2.835785, 2, 6831.652632, 0.000000, 1, 36, 2, 147.688360, -0.356449, 0.059798, -0.042759
3429.855000, 2.820760, 2, 6811.815497, 0.000000, 1, 37, 2, 147.542680, -0.355884, 0.053165, 0.053986
3430.537000, 2.805821, 2, 6811.815497, 0.000000, 1, 37, 2, 147.361383, -0.361617, 0.043793, 0.061617
3431.218000, 2.790890, 2, 6792.062473, 0.000000, 1, 38, 2, 147.147662, -0.360853, 0.035007, 0.054155
3431.898000, 2.776005, 2, 6772.392962, 0.000000, 1, 38, 2, 146.895124, -0.360478, 0.030539, 0.059315
3432.577500, 2.761126, 2, 6752.806369, 0.000000, 2, 38, 2, 146.820691, -0.346909, 0.025227, 0.070722
3433.256000, 2.746295, 2, 6733.302107, 0.000000, 2, 38, 2, 146.571347, -0.348487, 0.018399, 0.149888
3433.933500, 2.731430, 2, 6733.302107, 0.000000, 2, 38, 2, 146.393245, -0.341607, 0.014541, 0.143638
3434.610000, 2.716573, 2, 6713.879594, 0.000000, 2, 38, 2, 146.143907, -0.334330, 0.006346, 0.134862
3435.285500, 2.701722, 2, 6713.879594, 0.000000, 2, 38, 2, 145.926987, -0.342588, 0.001101, 0.141302
3435.960000, 2.686799, 2, 6713.879594, 0.000000, 2, 38, 2, 145.745690, -0.335900, -0.000463, 0.149017
3436.634000, 2.671844, 2, 6713.879594, 0.000000, 3, 39, 2, 145.606411, -0.335500, -0.004789, 0.129972
3437.306500, 2.656816, 2, 6694.538253, 0.000000, 3, 39, 2, 145.285841, -0.343743, -0.010057, 0.206483
3437.978500, 2.641717, 2, 6675.277511, 0.000000, 3, 39, 2, 145.214603, -0.339009, -0.014110, 0.203947
3438.649500, 2.626545, 2, 6656.096804, 0.000000, 3, 39, 2, 144.965276, -0.340564, -0.020932, 0.195053
3439.319500, 2.611341, 2, 6656.096804, 0.000000, 3, 39, 3, 144.751569, -0.346845, -0.023823, 0.187405
3439.988500, 2.596065, 2, 6656.096804, 0.000000, 4, 39, 3, 144.537865, -0.337991, -0.025174, 0.179734
3440.656500, 2.580717, 2, 6656.096804, 0.000000, 4, 38, 3, 144.324163, -0.341911, -0.029906, 0.172041
3441.323500, 2.565298, 2, 6656.096804, 0.000000, 4, 39, 3, 144.110465, -0.346020, -0.032613, 0.252215
3441.989500, 2.549846, 2, 6636.995569, 0.000000, 5, 39, 3, 143.893528, -0.346011, -0.032743, 0.258658
3442.655000, 2.534322, 2, 6636.995569, 0.000000, 5, 39, 4, 143.789921, -0.348161, -0.033079, 0.240598
3443.319500, 2.518727, 2, 6617.973250, 0.000000, 5, 39, 4, 143.576229, -0.346189, -0.030843, 0.232824
3443.982500, 2.503021, 2, 6617.973250, 0.000000, 5, 39, 4, 143.220081, -0.348352, -0.031049, 0.219816
3444.645500, 2.487126, 2, 6599.029298, 0.000000, 6, 39, 4, 143.258959, -0.341452, -0.034755, 0.206876
3445.307000, 2.471199, 2, 6599.029298, 0.000000, 6, 39, 4, 142.938438, -0.339083, -0.036711, 0.195088
3445.967500, 2.455240, 2, 6599.029298, 0.000000, 6, 38, 4, 142.685873, -0.341246, -0.036917, 0.200183
3446.627000, 2.439170, 2, 6580.163165, 0.000000, 7, 38, 4, 142.511088, -0.332184, -0.040417, 0.179288
3447.286000, 2.423069, 2, 6580.163165, 0.000000, 7, 38, 4, 142.368640, -0.340833, -0.041242, 0.174000
3447.944000, 2.406896, 2, 6580.163165, 0.000000, 7, 37, 4, 142.187294, -0.341039, -0.039080, 0.181725
3448.601000, 2.390692, 2, 6561.374312, 0.000000, 8, 37, 4, 141.941304, -0.332184, -0.040417, 0.158073
3449.257000, 2.374377, 2, 6561.374312, 0.000000, 8, 37, 4, 141.727640, -0.341246, -0.036917, 0.150073
3449.912000, 2.358030, 2, 6542.662203, 0.000000, 8, 38, 4, 141.546286, -0.339496, -0.032386, 0.157803
3450.566000, 2.341613, 2, 6542.662203, 0.000000, 9, 38, 4, 141.300320, -0.339290, -0.034548, 0.134001
3451.219500, 2.325163, 2, 6524.026305, 0.000000, 9, 38, 4, 141.193492, -0.341658, -0.032592, 0.129968
3451.872500, 2.308643, 2, 6505.466094, 0.000000, 9, 38, 4, 141.083351, -0.326728, -0.028986, 0.140390
3452.524000, 2.292052, 2, 6505.466094, 0.000000, 10, 38, 4, 140.766186, -0.328478, -0.033517, 0.113775
3453.175000, 2.275429, 2, 6486.981048, 0.000000, 10, 38, 4, 140.659362, -0.322197, -0.030736, 0.109711
3453.824500, 2.258736, 2, 6468.570650, 0.000000, 10, 38, 4, 140.335561, -0.326728, -0.028986, 0.112020
3454.474000, 2.241971, 2, 6468.570650, 0.000000, 11, 38, 4, 140.338892, -0.321990, -0.032898, 0.097482
3455.122000, 2.225175, 2, 6468.570650, 0.000000, 11, 38, 4, 140.015090, -0.313753, -0.027748, 0.099768
3455.769500, 2.208308, 2, 6468.570650, 0.000000, 12, 39, 4, 139.911609, -0.313753, -0.027748, 0.081090
3456.416000, 2.191527, 2, 6431.971755, 0.000000, 12, 40, 4, 139.694625, -0.313547, -0.029911, 0.087461
3457.061500, 2.174674, 2, 6413.782248, 0.000000, 12, 40, 4, 139.477644, -0.318491, -0.023836, 0.093851
3457.706500, 2.157790, 2, 6395.665368, 0.000000, 13, 41, 4, 139.374167, -0.318491, -0.023836, 0.075096
3458.350500, 2.140874, 2, 6377.620622, 0.000000, 13, 40, 4, 139.160532, -0.312004, -0.023217, 0.066822
3458.993500, 2.123887, 2, 6395.665368, 0.000000, 13, 40, 4, 138.907939, -0.314579, -0.019099, 0.071822
3459.635500, 2.106869, 2, 6395.665368, 0.000000, 14, 40, 4, 138.729911, -0.314372, -0.021261, 0.064901
3460.277000, 2.089935, 2, 6395.665368, 0.000000, 14, 40, 4, 138.623095, -0.314579, -0.019099, 0.060740
3460.917500, 2.072892, 2, 6395.665368, 0.000000, 14, 40, 4, 138.373860, -0.323434, -0.017761, 0.051006
3461.557000, 2.055817, 2, 6377.620622, 0.000000, 15, 40, 4, 138.195838, -0.314372, -0.021261, 0.044031
3462.195500, 2.038749, 2, 6359.647520, 0.000000, 15, 40, 4, 137.943240, -0.323228, -0.019924, 0.049025
3462.833500, 2.021687, 2, 6359.647520, 0.000000, 16, 40, 4, 137.872031, -0.323228, -0.019924, 0.046227
3463.470000, 2.004594, 2, 6359.647520, 0.000000, 16, 40, 4, 137.512619, -0.327759, -0.018174, 0.047031
3464.106500, 1.987469, 2, 6359.647520, 0.000000, 17, 40, 4, 137.551594, -0.321478, -0.015393, 0.033603
3464.741500, 1.970389, 2, 6341.745577, 0.000000, 17, 40, 4, 137.192183, -0.321478, -0.015393, 0.034376
3465.376000, 1.953238, 2, 6341.745577, 0.000000, 17, 39, 4, 137.120976, -0.319316, -0.015187, 0.031555
3466.009500, 1.936056, 2, 6323.914313, 0.000000, 18, 39, 4, 136.871753, -0.314991, -0.014774, 0.021661
3466.642000, 1.918957, 2, 6323.914313, 0.000000, 18, 39, 4, 136.690357, -0.319522, -0.013024, 0.029495
3467.274000, 1.901787, 2, 6323.914313, 0.000000, 18, 39, 4, 136.547944, -0.313035, -0.012405, 0.023825
3467.905000, 1.884586, 2, 6306.153249, 0.000000, 19, 40, 4, 136.334327, -0.308504, -0.014155, 0.015299
3468.535000, 1.867429, 2, 6288.461915, 0.000000, 19, 40, 4, 136.152929, -0.313035, -0.012405, 0.023155
3469.164500, 1.850279, 2, 6288.461915, 0.000000, 20, 40, 4, 136.010517, -0.308710, -0.011993, 0.017457
3469.792500, 1.833058, 2, 6270.839841, 0.000000, 20, 39, 4, 135.690096, -0.315197, -0.012612, 0.004592
3470.420500, 1.815882, 2, 6270.839841, 0.000000, 20, 39, 4, 135.686708, -0.315610, -0.008287, 0.019625
3471.047000, 1.798712, 2, 6270.839841, 0.000000, 21, 39, 4, 135.401888, -0.308917, -0.009830, 0.008169
3471.673000, 1.781471, 2, 6253.286565, 0.000000, 21, 39, 4, 135.259480, -0.315404, -0.010449, 0.002423
3472.298500, 1.764274, 2, 6253.286565, 0.000000, 21, 40, 4, 135.152675, -0.300267, -0.009005, -0.001894
3472.922500, 1.747084, 2, 6235.801625, 0.000000, 22, 40, 4, 134.828864, -0.308710, -0.011993, 0.000241
3473.546000, 1.729823, 2, 6218.384565, 0.000000, 22, 40, 4, 134.722059, -0.308710, -0.011993, -0.004091
3474.168500, 1.712606, 2, 6201.034935, 0.000000, 23, 41, 4, 134.508452, -0.302223, -0.011374, -0.012778
3474.791000, 1.695395, 2, 6201.034935, 0.000000, 23, 41, 4, 134.505053, -0.302223, -0.011374, 0.002387
3475.412000, 1.678152, 2, 6183.752285, 0.000000, 23, 41, 4, 134.188048, -0.295530, -0.012917, -0.025859
3476.032000, 1.660914, 2, 6183.752285, 0.000000, 24, 40, 4, 133.967632, -0.295736, -0.010755, -0.004165
3476.651500, 1.643721, 2, 6183.752285, 0.000000, 24, 40, 4, 133.860828, -0.302429, -0.009211, -0.008529
3477.270500, 1.626418, 2, 6183.752285, 0.000000, 24, 40, 4, 133.757434, -0.295736, -0.010755, -0.028150
3477.888000, 1.609236, 2, 6183.752285, 0.000000, 25, 40, 4, 133.430213, -0.300473, -0.006843, -0.010769
3478.505000, 1.592020, 2, 6166.536171, 0.000000, 25, 40, 4, 133.326821, -0.293780, -0.008386, -0.030455
3479.120500, 1.574772, 2, 6132.301796, 0.000000, 26, 41, 3, 133.003007, -0.306548, -0.011786, -0.028360
3479.735000, 1.557530, 2, 6081.438372, 0.000000, 26, 42, 3, 132.785994, -0.326628, -0.007156, -0.021837
3480.348500, 1.540293, 2, 6047.849885, 0.000000, 26, 42, 3, 132.572394, -0.332909, -0.009937, -0.030679
3480.960500, 1.523023, 2, 6014.513874, 0.000000, 27, 42, 2, 132.251999, -0.358858, -0.012412, -0.043996
3481.571000, 1.505720, 2, 5997.939522, 0.000000, 27, 42, 2, 131.892585, -0.380894, -0.010150, -0.043403
3482.180000, 1.488383, 2, 5981.427066, 0.000000, 27, 42, 2, 131.607795, -0.406431, -0.016951, -0.055326
3482.787000, 1.471052, 2, 5964.976105, 0.000000, 27, 42, 2, 131.177184, -0.452253, -0.016958, -0.057758
3483.393000, 1.453688, 2, 5948.586242, 0.000000, 28, 42, 2, 130.924565, -0.480777, -0.015315, -0.052693
3483.997000, 1.436214, 2, 5932.257083, 0.000000, 28, 43, 2, 130.536431, -0.504151, -0.021908, -0.084874
3484.599500, 1.418783, 2, 5915.988237, 0.000000, 28, 43, 2, 130.177016, -0.538955, -0.023046, -0.084386
3485.200500, 1.401243, 2, 5899.779318, 0.000000, 29, 44, 1, 129.888795, -0.551930, -0.024284, -0.080854
3485.800000, 1.383593, 2, 5867.539726, 0.000000, 29, 44, 1, 129.536292, -0.568802, -0.030479, -0.023953
3486.398000, 1.365909, 2, 5835.535272, 0.000000, 29, 45, 1, 129.212472, -0.577646, -0.029365, -0.022000
3486.994000, 1.348192, 2, 5803.762973, 0.000000, 30, 45, 0, 128.785337, -0.577425, -0.031750, -0.040496
3487.589000, 1.330404, 2, 5772.219895, 0.000000, 30, 45, 0, 128.607369, -0.574627, -0.038247, -0.048239
3488.181500, 1.312468, 2, 5756.533409, 0.000000, 30, 45, 0, 128.037885, -0.583259, -0.039318, 0.014730
3488.773000, 1.294422, 2, 5725.328765, 0.000000, 30, 45, 0, 127.824335, -0.580660, -0.043652, 0.005327
3489.362000, 1.276266, 2, 5694.346214, 0.000000, 30, 45, 0, 127.251372, -0.595543, -0.047772, 0.084013
3489.949000, 1.257924, 2, 5663.582988, 0.000000, 31, 46, -1, 126.863402, -0.617121, -0.050366, 0.050513
3490.534000, 1.239473, 2, 5633.036360, 0.000000, 31, 46, -1, 126.436344, -0.633964, -0.056652, 0.031324
3491.116500, 1.220835, 2, 5572.582219, 0.000000, 31, 47, -1, 125.866955, -0.668284, -0.062764, 0.093428
3491.696500, 1.202050, 2, 5527.790557, 0.000000, 32, 48, -1, 125.365196, -0.705002, -0.066742, 0.086935
3492.274000, 1.183117, 2, 5468.783939, 0.000000, 32, 48, -1, 124.799421, -0.739307, -0.072966, 0.132334
3492.849000, 1.163998, 2, 5425.054848, 0.000000, 32, 49, -1, 124.265689, -0.786756, -0.078718, 0.195416
3493.421500, 1.144694, 2, 5381.767463, 0.000000, 32, 50, -1, 123.728367, -0.823427, -0.083106, 0.186870
3493.991000, 1.125242, 2, 5338.913850, 0.000000, 32, 50, -2, 123.091560, -0.855514, -0.089615, 0.227972
3494.558000, 1.105490, 2, 5268.434134, 0.000000, 33, 51, -2, 122.522328, -0.896492, -0.094578, 0.200761
3495.122000, 1.085476, 2, 5212.879042, 0.000000, 33, 52, -2, 121.917549, -0.920178, -0.097802, 0.259462
3495.683000, 1.065315, 2, 5144.442803, 0.000000, 33, 53, -2, 121.245355, -0.956310, -0.107118, 0.297574
3496.241000, 1.044930, 2, 5077.095905, 0.000000, 33, 54, -2, 120.601377, -0.982103, -0.111045, 0.370700
3496.796500, 1.024360, 2, 5023.981664, 0.000000, 33, 54, -3, 120.067838, -0.999256, -0.114053, 0.344131
3497.348500, 1.003567, 2, 4971.529095, 0.000000, 34, 55, -3, 119.324684, -1.026711, -0.122629, 0.377348
3497.897000, 0.982589, 2, 4906.871017, 0.000000, 34, 55, -3, 118.574068, -1.050795, -0.122169, 0.444247
3498.442500, 0.961349, 2, 4843.194972, 0.000000, 34, 56, -3, 117.898384, -1.076557, -0.126334, 0.497278
3498.985000, 0.939886, 2, 4755.646398, 0.000000, 34, 57, -3, 117.262126, -1.104173, -0.133338, 0.534398
3499.523000, 0.918200, 2, 4682.039530, 0.000000, 34, 58, -4, 116.298258, -1.137081, -0.132346, 0.588881
3500.058000, 0.896290, 2, 4609.711332, 0.000000, 34, 58, -4, 115.658279, -1.162764, -0.137138, 0.642449
3500.589500, 0.874120, 2, 4526.889318, 0.000000, 35, 59, -4, 114.911690, -1.194904, -0.142798, 0.689812
3501.117000, 0.851726, 2, 4457.191612, 0.000000, 35, 60, -5, 114.022970, -1.234077, -0.144511, 0.640874
3501.641500, 0.829072, 2, 4377.332433, 0.000000, 35, 60, -6, 113.221241, -1.246324, -0.151799, 0.677093
3502.161500, 0.806270, 2, 4310.087232, 0.000000, 35, 61, -6, 112.419511, -1.278756, -0.155061, 0.744730
3502.678000, 0.783284, 2, 4232.992206, 0.000000, 35, 62, -7, 111.673157, -1.304983, -0.155459, 0.789840
3503.190500, 0.760037, 2, 4157.309140, 0.000000, 35, 62, -8, 110.820257, -1.315523, -0.158811, 0.828132
3503.699500, 0.736528, 2, 4082.987613, 0.000000, 36, 62, -9, 110.042569, -1.343551, -0.162201, 0.851382
3504.205000, 0.712797, 2, 4020.330538, 0.000000, 36, 62, -9, 109.327888, -1.349765, -0.165086, 0.915255
3504.706500, 0.688918, 2, 3968.832338, 0.000000, 36, 62, -10, 108.435589, -1.349523, -0.167164, 0.967985
3505.204000, 0.664855, 2, 3917.967693, 0.000000, 36, 62, -11, 107.582987, -1.371376, -0.167786, 1.003410
3505.698000, 0.640492, 2, 3877.721527, 0.000000, 36, 62, -13, 106.837036, -1.369305, -0.166910, 0.956816
3506.188000, 0.616020, 2, 3827.957878, 0.000000, 36, 63, -14, 105.980414, -1.375857, -0.167191, 1.009854
3506.674500, 0.591325, 2, 3778.784844, 0.000000, 36, 63, -15, 105.203300, -1.377524, -0.171197, 1.028226
3507.157000, 0.566444, 2, 3720.536482, 0.000000, 36, 63, -17, 104.342551, -1.369084, -0.168948, 1.011469
3507.635500, 0.541416, 2, 3663.093627, 0.000000, 37, 63, -19, 103.525847, -1.382389, -0.167995, 1.045373
3508.111000, 0.516202, 2, 3625.234344, 0.000000, 37, 63, -20, 102.851248, -1.375802, -0.168156, 1.000128
3508.583000, 0.490841, 2, 3606.432959, 0.000000, 37, 63, -22, 102.101386, -1.367664, -0.163689, 1.057237
3509.051000, 0.465294, 2, 3597.063969, 0.000000, 37, 63, -23, 101.213914, -1.362939, -0.166295, 0.996074
3509.515500, 0.439599, 2, 3597.063969, 0.000000, 37, 63, -25, 100.499636, -1.343514, -0.164115, 0.966601
3509.976500, 0.413717, 2, 3615.823050, 0.000000, 37, 63, -26, 99.718808, -1.337600, -0.159425, 0.911262
3510.434000, 0.387688, 2, 3644.120956, 0.000000, 37, 62, -27, 98.973560, -1.330844, -0.160669, 0.857623
3510.887500, 0.361434, 2, 3672.612498, 0.000000, 37, 62, -28, 98.117478, -1.317877, -0.159359, 0.903934
3511.337500, 0.334881, 2, 3710.907375, 0.000000, 37, 61, -29, 97.372387, -1.317815, -0.159868, 0.848684
3511.784000, 0.307951, 2, 3759.277748, 0.000000, 37, 60, -30, 96.631935, -1.316840, -0.166830, 0.771549
3512.227500, 0.280645, 2, 3808.218610, 0.000000, 37, 59, -31, 95.967198, -1.309407, -0.172864, 0.677543
3512.667000, 0.252887, 2, 3857.744249, 0.000000, 37, 59, -32, 95.116108, -1.307801, -0.184118, 0.698767
3513.104000, 0.224678, 2, 3907.869395, 0.000000, 37, 58, -33, 94.593628, -1.286143, -0.197375, 0.701431
3513.538000, 0.195940, 2, 3958.609236, 0.000000, 37, 58, -34, 93.934352, -1.259769, -0.212624, 0.669917
3513.968500, 0.166636, 2, 3999.654202, 0.000000, 37, 57, -34, 93.230374, -1.237486, -0.229349, 0.765174
3514.397000, 0.136691, 2, 4041.110840, 0.000000, 36, 57, -35, 92.784350, -1.188623, -0.246920, 0.836543
3514.822500, 0.105990, 2, 4093.523464, 0.000000, 36, 56, -36, 92.126135, -1.150336, -0.266349, 0.888399
3515.246000, 0.074457, 2, 4135.937633, 0.000000, 36, 55, -36, 91.726297, -1.100988, -0.284756, 1.004204
3515.667500, 0.041941, 2, 4178.791778, 0.000000, 35, 54, -37, 91.327075, -1.033209, -0.306850, 1.118715
3516.088000, 0.008252, 2, 4200.386706, 0.000000, 35, 53, -38, 91.110606, -0.964659, -0.331240, 1.314059
3516.507000, -0.026648, 2, 4222.095094, 0.000000, 35, 53, -38, 90.829454, -0.877950, -0.356894, 1.391717
3516.925000, -0.063101, 2, 4222.095094, 0.000000, 34, 52, -39, 90.601104, -0.777859, -0.392953, 1.492529
3517.342000, -0.101296, 2, 4232.992206, 0.000000, 34, 52, -39, 90.474768, -0.685225, -0.432112, 1.713114
3517.758000, -0.141272, 2, 4222.095094, 0.000000, 33, 52, -40, 90.249686, -0.584566, -0.475377, 1.811766
3518.173500, -0.183219, 2, 4222.095094, 0.000000, 33, 52, -41, 90.214625, -0.483982, -0.524692, 1.971207
3518.588000, -0.227063, 2, 4211.226644, 0.000000, 32, 52, -41, 90.040805, -0.398235, -0.571586, 2.114770
3519.002000, -0.272958, 2, 4200.386706, 0.000000, 32, 52, -41, 89.968652, -0.322935, -0.617474, 2.291737
3519.415500, -0.320942, 2, 4200.386706, 0.000000, 32, 52, -41, 89.911392, -0.259698, -0.663041, 2.511356
3519.827500, -0.371094, 2, 4189.575133, 0.000000, 31, 52, -42, 89.639249, -0.221248, -0.702466, 2.727334
3520.239000, -0.423531, 2, 4189.575133, 0.000000, 31, 52, -42, 89.594121, -0.191561, -0.739005, 2.835119
3520.649500, -0.478256, 2, 4178.791778, 0.000000, 31, 52, -43, 89.474790, -0.164162, -0.771398, 3.043807
3521.059000, -0.535311, 2, 4168.036496, 0.000000, 30, 53, -43, 89.295527, -0.159346, -0.800297, 3.219822
3521.467500, -0.594663, 2, 4157.309140, 0.000000, 30, 53, -44, 89.147071, -0.150473, -0.826002, 3.421749
3521.875000, -0.656468, 2, 4157.309140, 0.000000, 30, 54, -44, 89.044142, -0.147837, -0.849201, 3.692987
3522.287000, -0.719669, 2, 4146.609566, 0.000000, 29, 54, -44, 88.890604, -0.157275, -0.875892, 3.820365
3522.701500, -0.781309, 2, 4135.937633, 0.000000, 29, 55, -45, 88.768015, -0.148949, -0.899951, 3.974147
3523.116000, -0.841349, 2, 4125.293197, 0.000000, 29, 56, -45, 88.588137, -0.149632, -0.929348, 4.181424
3523.531000, -0.899789, 2, 4114.676117, 0.000000, 29, 56, -45, 88.516844, -0.145578, -0.957463, 4.403944
3523.946500, -0.956706, 2, 4104.086252, 0.000000, 28, 56, -45, 88.424016, -0.130251, -0.982299, 4.597629
3524.362000, -1.012097, 2, 4082.987613, 0.000000, 28, 57, -45, 88.257669, -0.123949, -1.010373, 4.888840
3524.777500, -1.066001, 2, 4082.987613, 0.000000, 28, 57, -45, 88.070853, -0.114213, -1.040051, 5.062045
3525.193000, -1.118568, 2, 4072.478561, 0.000000, 28, 56, -45, 87.958137, -0.105022, -1.065506, 5.333953
3525.608000, -1.169836, 2, 4061.996173, 0.000000, 28, 56, -45, 87.644368, -0.111823, -1.095124, 5.565661
3526.023500, -1.219880, 2, 4061.996173, 0.000000, 28, 56, -45, 87.620899, -0.108694, -1.118742, 5.825395
3526.439000, -1.268929, 2, 4051.540311, 0.000000, 27, 56, -45, 87.476524, -0.104416, -1.142631, 6.034953
3526.854000, -1.317018, 2, 4041.110840, 0.000000, 27, 56, -45, 87.225579, -0.111662, -1.171706, 6.243915
3527.269000, -1.364110, 2, 4030.707627, 0.000000, 26, 56, -45, 87.128234, -0.103331, -1.197113, 6.457035
3527.683500, -1.410319, 2, 4020.330538, 0.000000, 26, 56, -45, 86.856412, -0.109299, -1.226575, 6.653741
3528.097500, -1.455604, 2, 4009.979440, 0.000000, 26, 56, -45, 86.636945, -0.117341, -1.255363, 6.832732
3528.511500, -1.500042, 2, 3999.654202, 0.000000, 27, 56, -45, 86.513735, -0.105256, -1.275013, 7.055367
3528.925500, -1.543748, 2, 3989.354692, 0.000000, 27, 56, -45, 86.387721, -0.103285, -1.297447, 7.223958
3529.338500, -1.586719, 2, 3979.080780, 0.000000, 26, 56, -45, 86.076690, -0.106631, -1.318405, 7.393424
3529.751500, -1.628994, 2, 3968.832338, 0.000000, 26, 57, -45, 85.919464, -0.098914, -1.331590, 7.571445
3530.164000, -1.670687, 2, 3958.609236, 0.000000, 26, 57, -45, 85.749557, -0.105734, -1.352859, 7.804419
3530.576000, -1.711721, 2, 3938.238544, 0.000000, 26, 57, -45, 85.527533, -0.104653, -1.365352, 7.982528
3530.988000, -1.752133, 2, 3928.090701, 0.000000, 26, 58, -45, 85.425483, -0.087177, -1.371363, 8.163812
3531.399000, -1.791923, 2, 3907.869395, 0.000000, 26, 58, -45, 85.119403, -0.085512, -1.384301, 8.308658
3531.810000, -1.831166, 2, 3897.795683, 0.000000, 26, 58, -46, 84.999388, -0.080189, -1.390367, 8.564385
3532.220000, -1.869786, 2, 3887.746434, 0.000000, 26, 58, -46, 84.694434, -0.077798, -1.395741, 8.724639
3532.630000, -1.907781, 2, 3877.721527, 0.000000, 26, 58, -46, 84.589421, -0.078527, -1.403348, 8.976291
3533.039000, -1.945188, 2, 3867.720839, 0.000000, 25, 58, -46, 84.299750, -0.077083, -1.402558, 9.130136
3533.447500, -1.982123, 2, 3847.791639, 0.000000, 25, 58, -46, 84.082097, -0.076217, -1.401875, 9.301719
3533.855500, -2.018702, 2, 3837.862888, 0.000000, 25, 59, -46, 83.903828, -0.079371, -1.406931, 9.426934
3534.262500, -2.054886, 2, 3827.957878, 0.000000, 25, 59, -46, 83.605992, -0.085497, -1.411598, 9.647510
3534.669500, -2.090712, 2, 3818.076491, 0.000000, 25, 60, -46, 83.524727, -0.081106, -1.419794, 9.768381
3535.075500, -2.126219, 2, 3798.384119, 0.000000, 25, 60, -46, 83.226756, -0.076636, -1.428090, 9.916171
3535.480500, -2.161330, 2, 3778.784844, 0.000000, 25, 60, -46, 82.936660, -0.079276, -1.434352, 10.060023
3535.885000, -2.196043, 2, 3769.019830, 0.000000, 25, 61, -46, 82.734383, -0.077119, -1.439690, 10.290754
3536.289000, -2.230396, 2, 3749.558484, 0.000000, 25, 61, -46, 82.557991, -0.074741, -1.445018, 10.409427
3536.692500, -2.264429, 2, 3739.861926, 0.000000, 24, 61, -46, 82.384504, -0.073542, -1.445772, 10.581130
3537.094500, -2.298219, 2, 3730.187962, 0.000000, 24, 61, -45, 82.004041, -0.065463, -1.447584, 10.747987
3537.496500, -2.331649, 2, 3710.907375, 0.000000, 24, 62, -45, 81.895297, -0.065603, -1.447341, 10.905724
3537.897500, -2.364912, 2, 3701.300531, 0.000000, 24, 62, -44, 81.604668, -0.068577, -1.443952, 11.037291
3538.297500, -2.397971, 2, 3691.715843, 0.000000, 24, 62, -43, 81.371681, -0.066745, -1.445522, 11.245290
3538.697000, -2.430864, 2, 3682.153201, 0.000000, 24, 62, -42, 81.166939, -0.060612, -1.445920, 11.341072
3539.095000, -2.463630, 2, 3663.093627, 0.000000, 24, 62, -40, 80.772658, -0.065336, -1.451275, 11.460788
3539.493000, -2.496231, 2, 3653.596481, 0.000000, 24, 63, -38, 80.723841, -0.061717, -1.458223, 11.674172
3539.889500, -2.528822, 2, 3644.120956, 0.000000, 24, 63, -37, 80.337926, -0.063228, -1.463741, 11.749597
3540.285500, -2.561326, 2, 3634.666945, 0.000000, 24, 63, -34, 80.156435, -0.069190, -1.468122, 11.888498
3540.681000, -2.593743, 2, 3634.666945, 0.000000, 23, 63, -32, 80.025310, -0.052088, -1.470481, 11.983721
3541.075000, -2.626230, 2, 3625.234344, 0.000000, 23, 63, -29, 79.595695, -0.055255, -1.475371, 12.070820
3541.468500, -2.658630, 2, 3625.234344, 0.000000, 23, 63, -26, 79.460900, -0.053965, -1.478606, 12.180332
3541.861500, -2.691102, 2, 3634.666945, 0.000000, 23, 63, -23, 79.256377, -0.037547, -1.477631, 12.276096
3542.254000, -2.723527, 2, 3644.120956, 0.000000, 23, 63, -18, 79.116437, -0.036434, -1.477848, 12.401356
3542.645500, -2.755865, 2, 3653.596481, 0.000000, 23, 64, -14, 78.828705, -0.019267, -1.469097, 12.498593
3543.036500, -2.788395, 2, 3663.093627, 0.000000, 23, 64, -8, 78.650643, -0.004575, -1.466653, 12.585220
3543.427000, -2.820919, 2, 3663.093627, 0.000000, 23, 64, -3, 78.508816, -0.002752, -1.465469, 12.598274
3543.816500, -2.853476, 2, 3663.093627, 0.000000, 23, 64, 2, 78.224270, 0.012042, -1.457972, 12.704171
3544.206000, -2.886306, 2, 3653.596481, 0.000000, 23, 64, 8, 78.147638, 0.025745, -1.458104, 12.672960
3544.594500, -2.919131, 2, 3644.120956, 0.000000, 23, 64, 12, 77.883074, 0.033142, -1.451475, 12.721038
3544.983000, -2.952111, 2, 3625.234344, 0.000000, 23, 64, 16, 77.800689, 0.045830, -1.448633, 12.705217
3545.371000, -2.985167, 2, 3615.823050, 0.000000, 23, 64, 19, 77.652435, 0.058309, -1.448515, 12.707939
3545.758500, -3.018339, 2, 3597.063969, 0.000000, 23, 64, 22, 77.488062, 0.066071, -1.442909, 12.639383
3546.145500, -3.051589, 2, 3578.388882, 0.000000, 23, 64, 24, 77.306822, 0.076157, -1.441730, 12.637508
3546.531500, -3.084997, 2, 3569.082583, 0.000000, 23, 63, 26, 77.058452, 0.083253, -1.436316, 12.563086
3546.917000, -3.118483, 2, 3550.531973, 0.000000, 23, 63, 27, 76.869202, 0.073994, -1.431360, 12.485647
3547.302500, -3.152049, 2, 3541.287464, 0.000000, 23, 63, 28, 76.789661, 0.075613, -1.428488, 12.319814
3547.687000, -3.185734, 2, 3532.063353, 0.000000, 23, 63, 28, 76.540774, 0.068110, -1.423339, 12.253963
3548.071000, -3.219581, 2, 3522.859543, 0.000000, 23, 63, 28, 76.353332, 0.055931, -1.421029, 12.060515
3548.454500, -3.253508, 2, 3522.859543, 0.000000, 23, 63, 28, 76.195640, 0.050941, -1.418642, 11.922184
3548.837500, -3.287639, 2, 3522.859543, 0.000000, 23, 62, 28, 76.026124, 0.034614, -1.417539, 11.635204
3549.220000, -3.321853, 2, 3513.675935, 0.000000, 23, 62, 28, 75.861776, 0.033315, -1.415650, 11.471399
3549.602500, -3.356150, 2, 3513.675935, 0.000000, 23, 62, 28, 75.778983, 0.039454, -1.408363, 11.241665
3549.984000, -3.390572, 2, 3504.512435, 0.000000, 24, 62, 28, 75.530644, 0.034580, -1.405780, 10.889622
3550.365000, -3.425079, 2, 3495.368944, 0.000000, 24, 62, 28, 75.335442, 0.031730, -1.399453, 10.664167
3550.746000, -3.459632, 2, 3495.368944, 0.000000, 24, 62, 28, 75.304817, 0.031653, -1.390288, 10.324236
3551.126500, -3.494230, 2, 3486.245367, 0.000000, 25, 62, 28, 75.096844, 0.022143, -1.383926, 10.022755
3551.506500, -3.528792, 2, 3486.245367, 0.000000, 25, 62, 28, 74.924927, 0.021446, -1.370159, 9.701880
3551.886000, -3.563361, 2, 3477.141610, 0.000000, 25, 61, 29, 74.789777, 0.019120, -1.358361, 9.362270
3552.265500, -3.597773, 2, 3477.141610, 0.000000, 25, 61, 29, 74.675255, 0.005460, -1.348460, 8.993284
3552.645000, -3.632028, 2, 3477.141610, 0.000000, 26, 60, 29, 74.587973, 0.002843, -1.329921, 8.645205
3553.024000, -3.666125, 2, 3468.057577, 0.000000, 26, 60, 30, 74.466554, 0.005428, -1.314335, 8.250533
3553.402500, -3.699983, 2, 3468.057577, 0.000000, 27, 59, 30, 74.263389, -0.005234, -1.295025, 7.900082
3553.781000, -3.733477, 2, 3468.057577, 0.000000, 27, 59, 30, 74.165578, -0.007767, -1.272773, 7.474745
3554.159500, -3.766689, 2, 3468.057577, 0.000000, 27, 58, 30, 74.103796, -0.012822, -1.254391, 7.033116
3554.537500, -3.799495, 2, 3468.057577, 0.000000, 28, 58, 30, 73.938540, -0.025308, -1.230292, 6.611582
3554.915500, -3.831769, 2, 3468.057577, 0.000000, 28, 57, 30, 73.847226, -0.026190, -1.205107, 6.132492
3555.293500, -3.863386, 2, 3468.057577, 0.000000, 29, 56, 30, 73.761088, -0.033373, -1.181934, 5.652250
3555.671500, -3.894221, 2, 3477.141610, 0.000000, 29, 56, 30, 73.686142, -0.045034, -1.152010, 5.232927
3556.049500, -3.924187, 2, 3477.141610, 0.000000, 30, 55, 29, 73.615150, -0.046917, -1.119957, 4.724882
3556.427500, -3.953074, 2, 3486.245367, 0.000000, 31, 55, 28, 73.535098, -0.049250, -1.083025, 4.254124
3556.806000, -3.980839, 2, 3495.368944, 0.000000, 31, 54, 25, 73.538185, -0.048157, -1.038246, 3.779129
3557.184500, -4.007434, 2, 3495.368944, 0.000000, 32, 53, 20, 73.464752, -0.043456, -0.995348, 3.307183
3557.562500, -4.032608, 2, 3504.512435, 0.000000, 33, 52, 17, 73.286808, -0.051288, -0.948702, 2.913069
3557.941500, -4.056355, 2, 3513.675935, 0.000000, 33, 51, 12, 73.413453, -0.046361, -0.900977, 2.483653
3558.320500, -4.078506, 2, 3522.859543, 0.000000, 34, 50, 6, 73.336887, -0.044198, -0.854252, 2.110401
3558.699500, -4.098805, 2, 3532.063353, 0.000000, 34, 49, 0, 73.262144, -0.046756, -0.807564, 1.736559
3559.079000, -4.117331, 2, 3550.531973, 0.000000, 35, 48, -5, 73.270968, -0.037499, -0.761773, 1.423293
3559.459000, -4.133872, 2, 3559.796980, 0.000000, 35, 47, -10, 73.344290, -0.035623, -0.717045, 1.172041
3559.839000, -4.148424, 2, 3578.388882, 0.000000, 36, 46, -16, 73.275550, -0.032659, -0.670368, 0.860009
3560.219500, -4.160856, 2, 3578.388882, 0.000000, 36, 45, -20, 73.336050, -0.013598, -0.626597, 0.734766
3560.600500, -4.171207, 2, 3587.715977, 0.000000, 37, 44, -23, 73.397563, -0.002991, -0.585776, 0.521986
3560.982000, -4.179392, 2, 3597.063969, 0.000000, 37, 43, -26, 73.460086, 0.012677, -0.549787, 0.397456
3561.363500, -4.185323, 2, 3597.063969, 0.000000, 37, 42, -28, 73.411659, 0.030701, -0.519615, 0.285754
3561.745500, -4.189000, 2, 3597.063969, 0.000000, 37, 41, -29, 73.507916, 0.040095, -0.492299, 0.299472
3562.128000, -4.190504, 2, 3606.432959, 0.000000, 37, 40, -30, 73.605255, 0.055665, -0.472684, 0.251367
3562.510500, -4.189794, 2, 3615.823050, 0.000000, 37, 39, -31, 73.559444, 0.064570, -0.456916, 0.227578
3562.893000, -4.186994, 2, 3615.823050, 0.000000, 37, 39, -31, 73.626694, 0.072853, -0.447879, 0.280182
3563.276000, -4.182023, 2, 3625.234344, 0.000000, 37, 39, -31, 73.694942, 0.076458, -0.443683, 0.333175
3563.659000, -4.175007, 2, 3644.120956, 0.000000, 37, 38, -31, 73.716555, 0.076385, -0.442451, 0.373339
3564.042500, -4.165947, 2, 3663.093627, 0.000000, 37, 38, -31, 73.836453, 0.085402, -0.447685, 0.378307
3564.426500, -4.154722, 2, 3682.153201, 0.000000, 37, 37, -31, 74.002948, 0.098398, -0.454675, 0.459515
3564.810000, -4.141501, 2, 3701.300531, 0.000000, 37, 37, -31, 73.933047, 0.101014, -0.463958, 0.561480
3565.194500, -4.126246, 2, 3720.536482, 0.000000, 37, 36, -31, 74.169432, 0.123334, -0.477207, 0.559289
3565.579000, -4.108878, 2, 3730.187962, 0.000000, 37, 36, -31, 74.226257, 0.134910, -0.482895, 0.739550
3565.964000, -4.089610, 2, 3749.558484, 0.000000, 37, 36, -31, 74.370858, 0.146835, -0.493293, 0.711806
3566.349000, -4.068321, 2, 3759.277748, 0.000000, 37, 35, -31, 74.451850, 0.172575, -0.504903, 0.795150
3566.734500, -4.045101, 2, 3769.019830, 0.000000, 37, 35, -30, 74.628516, 0.184632, -0.510113, 0.907698
3567.120500, -4.019955, 2, 3778.784844, 0.000000, 37, 35, -30, 74.806474, 0.198017, -0.523030, 0.933489
3567.506500, -3.992931, 2, 3788.572902, 0.000000, 37, 34, -30, 74.897131, 0.216657, -0.535307, 0.958178
3567.893000, -3.964036, 2, 3798.384119, 0.000000, 37, 34, -29, 75.078132, 0.228171, -0.542186, 1.074065
3568.279500, -3.933234, 2, 3808.218610, 0.000000, 37, 34, -29, 75.186538, 0.239826, -0.560626, 1.125857
3568.666000, -3.900533, 2, 3827.957878, 0.000000, 37, 33, -28, 75.290685, 0.247917, -0.570588, 1.151294
3569.053000, -3.865982, 2, 3847.791639, 0.000000, 37, 33, -28, 75.482460, 0.252901, -0.576726, 1.209798
3569.440000, -3.829548, 2, 3867.720839, 0.000000, 37, 32, -28, 75.629827, 0.259712, -0.590543, 1.254508
3569.827500, -3.791156, 2, 3887.746434, 0.000000, 37, 32, -27, 75.805207, 0.262933, -0.595905, 1.350834
3570.215000, -3.750980, 2, 3907.869395, 0.000000, 37, 31, -27, 76.002702, 0.275011, -0.602196, 1.325633
3570.602500, -3.708946, 2, 3928.090701, 0.000000, 37, 31, -27, 76.076510, 0.274060, -0.612895, 1.367895
3570.990500, -3.664981, 2, 3938.238544, 0.000000, 37, 30, -27, 76.323944, 0.282762, -0.615601, 1.361140
3571.379000, -3.619095, 2, 3948.411347, 0.000000, 37, 29, -27, 76.606659, 0.302510, -0.619680, 1.434848
3571.767500, -3.571380, 2, 3948.411347, 0.000000, 37, 29, -27, 76.753908, 0.313296, -0.629742, 1.374475
3572.156000, -3.521681, 2, 3938.238544, 0.000000, 37, 29, -26, 76.893699, 0.329716, -0.630230, 1.462368
3572.544000, -3.470213, 2, 3938.238544, 0.000000, 37, 29, -26, 76.977818, 0.332438, -0.637511, 1.421822
3572.932500, -3.416863, 2, 3938.238544, 0.000000, 37, 28, -26, 77.256443, 0.328808, -0.642732, 1.389249
3573.321000, -3.361480, 2, 3938.238544, 0.000000, 37, 28, -26, 77.390128, 0.331598, -0.642968, 1.455362
3573.709000, -3.304277, 2, 3948.411347, 0.000000, 37, 28, -26, 77.525728, 0.328040, -0.648323, 1.434575
3574.096500, -3.245224, 2, 3958.609236, 0.000000, 37, 27, -26, 77.618160, 0.318361, -0.651953, 1.397855
3574.484000, -3.184330, 2, 3968.832338, 0.000000, 38, 27, -26, 77.791737, 0.305417, -0.652131, 1.458815
3574.871500, -3.121405, 2, 3979.080780, 0.000000, 38, 27, -25, 78.001429, 0.293086, -0.657217, 1.425317
3575.258500, -3.056462, 2, 3999.654202, 0.000000, 38, 26, -25, 78.121234, 0.289453, -0.655913, 1.441659
3575.645000, -2.989630, 2, 4009.979440, 0.000000, 38, 26, -25, 78.255918, 0.288553, -0.653356, 1.401039
3576.031500, -2.920880, 2, 4020.330538, 0.000000, 38, 26, -25, 78.471557, 0.290972, -0.654134, 1.371611
3576.417000, -2.850223, 2, 4030.707627, 0.000000, 38, 25, -25, 78.507570, 0.283211, -0.651931, 1.443230
3576.803000, -2.777667, 2, 4041.110840, 0.000000, 38, 25, -24, 78.820494, 0.286876, -0.657230, 1.369836
3577.188000, -2.703144, 2, 4061.996173, 0.000000, 38, 24, -24, 78.870303, 0.291679, -0.658492, 1.380121
3577.573000, -2.626427, 2, 4072.478561, 0.000000, 38, 24, -24, 79.147534, 0.295458, -0.654906, 1.399249
3577.957500, -2.547723, 2, 4082.987613, 0.000000, 38, 23, -24, 79.294541, 0.306899, -0.655723, 1.365633
3578.341500, -2.467042, 2, 4093.523464, 0.000000, 38, 22, -24, 79.443675, 0.305983, -0.653083, 1.421016
3578.725000, -2.384392, 2, 4104.086252, 0.000000, 38, 21, -24, 79.603930, 0.309243, -0.651607, 1.414539
3579.108000, -2.299781, 2, 4114.676117, 0.000000, 38, 20, -24, 79.791759, 0.317802, -0.655744, 1.377916
3579.490000, -2.213138, 2, 4125.293197, 0.000000, 38, 19, -24, 79.886340, 0.310947, -0.649655, 1.386215
3579.872500, -2.124470, 2, 4135.937633, 0.000000, 38, 18, -24, 80.260396, 0.322907, -0.647913, 1.346446
3580.253500, -2.033940, 2, 4135.937633, 0.000000, 38, 17, -24, 80.272220, 0.322397, -0.652408, 1.319169
3580.634500, -1.941511, 2, 4146.609566, 0.000000, 38, 16, -24, 80.529904, 0.319630, -0.658302, 1.339333
3581.014500, -1.847074, 2, 4157.309140, 0.000000, 38, 16, -24, 80.631789, 0.327428, -0.666664, 1.351420
3581.394000, -1.750553, 2, 4157.309140, 0.000000, 38, 15, -23, 80.874831, 0.320430, -0.671642, 1.342015
3581.762000, -1.652644, 2, 4168.036496, 0.000000, 38, 14, -23, 81.112075, 0.332279, -0.671766, 1.309571
3582.125000, -1.555917, 2, 4168.036496, 0.000000, 38, 14, -23, 81.149059, 0.333669, -0.667687, 1.335065
3582.489500, -1.460587, 2, 4168.036496, 0.000000, 38, 14, -23, 81.369795, 0.328328, -0.662604, 1.271747
3582.854500, -1.366713, 2, 4168.036496, 0.000000, 38, 14, -23, 81.402412, 0.319091, -0.654559, 1.273565
3583.221000, -1.274279, 2, 4168.036496, 0.000000, 38, 15, -23, 81.661166, 0.306680, -0.639349, 1.295322
3583.588500, -1.183308, 2, 4178.791778, 0.000000, 38, 16, -23, 81.767250, 0.297862, -0.627259, 1.200790
3583.957500, -1.093443, 2, 4178.791778, 0.000000, 38, 17, -23, 82.035775, 0.300247, -0.614921, 1.249788
3584.327000, -1.005052, 2, 4189.575133, 0.000000, 38, 17, -23, 82.046212, 0.287534, -0.600104, 1.283305
3584.698000, -0.917781, 2, 4200.386706, 0.000000, 38, 18, -23, 82.352283, 0.291239, -0.590364, 1.242114
3585.070000, -0.831770, 2, 4211.226644, 0.000000, 38, 19, -23, 82.442003, 0.286919, -0.577010, 1.292285
3585.443000, -0.747010, 2, 4222.095094, 0.000000, 38, 20, -23, 82.638542, 0.291056, -0.564966, 1.330061
3585.817000, -0.663412, 2, 4243.918130, 0.000000, 38, 21, -23, 82.765860, 0.300986, -0.556357, 1.289381
3586.192000, -0.581008, 2, 4254.873016, 0.000000, 38, 21, -22, 82.941471, 0.298780, -0.541188, 1.381909
3586.568500, -0.499863, 2, 4276.870284, 0.000000, 38, 22, -23, 83.170976, 0.302340, -0.531375, 1.394204
3586.945500, -0.420007, 2, 4287.912972, 0.000000, 37, 23, -23, 83.266450, 0.301010, -0.523086, 1.359790
3587.324000, -0.341320, 2, 4310.087232, 0.000000, 37, 24, -23, 83.474570, 0.301986, -0.515106, 1.426630
3587.704000, -0.263983, 2, 4332.381047, 0.000000, 37, 24, -22, 83.778949, 0.312197, -0.519205, 1.434998
3588.084500, -0.187914, 2, 4354.795686, 0.000000, 37, 25, -22, 83.807187, 0.314395, -0.517939, 1.497942
3588.467000, -0.113031, 2, 4366.048715, 0.000000, 37, 25, -21, 84.195521, 0.327545, -0.517727, 1.550227
3588.850000, -0.039405, 2, 4388.647003, 0.000000, 37, 25, -21, 84.225867, 0.338036, -0.521649, 1.614310
3589.235000, 0.032894, 2, 4411.369360, 0.000000, 37, 25, -20, 84.606702, 0.344322, -0.522806, 1.533658
3589.620500, 0.104021, 2, 4434.217114, 0.000000, 37, 25, -20, 84.679550, 0.359461, -0.522860, 1.619680
3590.008000, 0.173830, 2, 4457.191612, 0.000000, 37, 26, -20, 85.067803, 0.369836, -0.526476, 1.654131
3590.396500, 0.242209, 2, 4480.294220, 0.000000, 36, 26, -19, 85.200123, 0.378124, -0.527970, 1.575975
3590.786500, 0.309314, 2, 4515.191369, 0.000000, 36, 26, -18, 85.453499, 0.391162, -0.527387, 1.649331
3591.177500, 0.375148, 2, 4550.384635, 0.000000, 36, 26, -17, 85.663935, 0.394932, -0.532510, 1.679110
3591.570500, 0.439750, 2, 4585.878866, 0.000000, 36, 26, -15, 86.025998, 0.407591, -0.534003, 1.658771
3591.965000, 0.503161, 2, 4621.679016, 0.000000, 37, 26, -14, 86.314047, 0.425158, -0.531481, 1.709582
3592.361000, 0.565306, 2, 4645.718229, 0.000000, 37, 26, -13, 86.563941, 0.439831, -0.535175, 1.652884
3592.758500, 0.626339, 2, 4669.897175, 0.000000, 36, 26, -12, 86.861765, 0.459533, -0.530621, 1.753435
3593.157500, 0.686109, 2, 4694.217400, 0.000000, 36, 26, -12, 87.149656, 0.468375, -0.524955, 1.697026
3593.558500, 0.744693, 2, 4730.966069, 0.000000, 36, 26, -10, 87.552558, 0.491988, -0.522696, 1.682115
3593.961000, 0.802129, 2, 4755.646398, 0.000000, 36, 26, -9, 87.810690, 0.507403, -0.513170, 1.654294
3594.365500, 0.858455, 2, 4780.473590, 0.000000, 36, 26, -9, 88.215575, 0.531128, -0.508502, 1.730509
3594.771500, 0.913673, 2, 4792.942775, 0.000000, 36, 26, -7, 88.478863, 0.543972, -0.503040, 1.728437
3595.179000, 0.967819, 2, 4817.993360, 0.000000, 36, 27, -6, 88.814283, 0.552513, -0.493072, 1.635738
3595.588500, 1.020933, 2, 4843.194972, 0.000000, 36, 27, -6, 89.189062, 0.563057, -0.485328, 1.653377
3596.000000, 1.072937, 2, 4868.549320, 0.000000, 36, 28, -5, 89.592015, 0.577726, -0.477945, 1.602176
3596.413000, 1.123869, 2, 4894.058136, 0.000000, 36, 28, -5, 89.861426, 0.585837, -0.470248, 1.627768
3596.827500, 1.173805, 2, 4906.871017, 0.000000, 36, 28, -4, 90.202800, 0.593892, -0.462491, 1.563177
3597.243500, 1.222783, 2, 4932.614838, 0.000000, 36, 29, -3, 90.471035, 0.588903, -0.454142, 1.568090
3597.662000, 1.270763, 2, 4958.517569, 0.000000, 36, 29, -2, 90.992196, 0.592654, -0.443888, 1.586361
3598.081500, 1.317783, 2, 4971.529095, 0.000000, 36, 29, -1, 91.154878, 0.594102, -0.435813, 1.597870
3598.503000, 1.363804, 2, 4997.673620, 0.000000, 36, 29, -1, 91.606023, 0.595353, -0.432029, 1.533893
3598.926500, 1.408940, 2, 5010.807084, 0.000000, 36, 29, 0, 91.986391, 0.603293, -0.422010, 1.561805
3599.352000, 1.453113, 2, 5023.981664, 0.000000, 36, 29, 0, 92.401162, 0.604556, -0.415977, 1.567600
3599.778500, 1.496284, 2, 5050.455119, 0.000000, 36, 29, 0, 92.604249, 0.607814, -0.410335, 1.515824
3600.207500, 1.538604, 2, 5077.095905, 0.000000, 35, 29, 0, 93.095392, 0.619850, -0.400506, 1.478096
3600.637500, 1.579919, 2, 5117.375099, 0.000000, 35, 29, 0, 93.331954, 0.616377, -0.401213, 1.470950
3601.070000, 1.620305, 2, 5144.442803, 0.000000, 35, 29, 1, 93.824182, 0.623750, -0.395774, 1.435814
3601.504000, 1.659914, 2, 5185.371775, 0.000000, 35, 29, 1, 94.100967, 0.628941, -0.390353, 1.385606
3601.940000, 1.698591, 2, 5226.699846, 0.000000, 35, 29, 3, 94.556978, 0.625337, -0.389034, 1.332021
3602.378000, 1.736488, 2, 5254.477123, 0.000000, 36, 29, 3, 94.979121, 0.639244, -0.379385, 1.390024
3602.818000, 1.773604, 2, 5296.486260, 0.000000, 36, 29, 4, 95.365918, 0.644393, -0.371643, 1.361921
3603.260000, 1.809939, 2, 5324.724362, 0.000000, 36, 29, 3, 95.787693, 0.656026, -0.366209, 1.312680
3603.704000, 1.845452, 2, 5353.150673, 0.000000, 35, 29, 3, 96.210012, 0.674200, -0.356429, 1.264642
3604.149500, 1.880296, 2, 5367.435115, 0.000000, 35, 29, 3, 96.528620, 0.681325, -0.346799, 1.283196
3604.597500, 1.914393, 2, 5381.767463, 0.000000, 35, 30, 3, 97.059001, 0.692758, -0.339283, 1.235433
3605.047500, 1.947781, 2, 5396.148006, 0.000000, 35, 30, 3, 97.447768, 0.704205, -0.327433, 1.212171
3605.499500, 1.980380, 2, 5410.577037, 0.000000, 35, 30, 3, 97.871862, 0.704736, -0.321998, 1.168394
3605.953000, 2.012384, 2, 5425.054848, 0.000000, 35, 30, 3, 98.227124, 0.713921, -0.316629, 1.189144
3606.408500, 2.043558, 2, 5439.581736, 0.000000, 35, 30, 3, 98.616234, 0.705604, -0.311445, 1.059758
3606.866500, 2.074056, 2, 5468.783939, 0.000000, 35, 30, 3, 99.149464, 0.708130, -0.306278, 1.038599
3607.326000, 2.103956, 2, 5483.459858, 0.000000, 35, 31, 3, 99.433267, 0.708486, -0.301114, 1.041335
3607.787500, 2.133138, 2, 5498.186061, 0.000000, 35, 31, 3, 99.895608, 0.706652, -0.298141, 1.022648
3608.250500, 2.161719, 2, 5527.790557, 0.000000, 35, 31, 3, 100.179902, 0.700572, -0.292769, 1.026562
3608.716000, 2.189464, 2, 5542.669473, 0.000000, 35, 31, 3, 100.750139, 0.696538, -0.287620, 0.921044
3609.183000, 2.216527, 2, 5557.599921, 0.000000, 35, 31, 3, 101.034332, 0.690367, -0.286849, 0.885641
3609.652000, 2.242985, 2, 5572.582219, 0.000000, 35, 31, 3, 101.462703, 0.690661, -0.281703, 0.911060
3610.123000, 2.268759, 2, 5602.703649, 0.000000, 35, 31, 2, 101.890817, 0.690961, -0.278758, 0.896784
3610.595500, 2.293887, 2, 5617.843431, 0.000000, 35, 31, 3, 102.211964, 0.684888, -0.279927, 0.883552
3611.070500, 2.318484, 2, 5633.036360, 0.000000, 35, 31, 3, 102.712367, 0.685224, -0.270181, 0.910714
3611.546500, 2.342434, 2, 5648.282767, 0.000000, 35, 32, 3, 102.962492, 0.681190, -0.269437, 0.810917
3612.025000, 2.365773, 2, 5678.937357, 0.000000, 35, 32, 3, 103.463227, 0.679295, -0.266525, 0.819491
3612.505500, 2.388422, 2, 5694.346214, 0.000000, 34, 32, 3, 103.892725, 0.683847, -0.259151, 0.809012
3612.987500, 2.410537, 2, 5725.328765, 0.000000, 34, 32, 3, 104.250847, 0.681972, -0.258397, 0.818823
3613.471000, 2.432039, 2, 5740.903151, 0.000000, 34, 32, 4, 104.537636, 0.673512, -0.253428, 0.741063
3613.957000, 2.453005, 2, 5772.219895, 0.000000, 34, 32, 4, 105.074954, 0.682409, -0.248146, 0.752552
3614.444500, 2.473435, 2, 5787.962963, 0.000000, 34, 32, 4, 105.361836, 0.669617, -0.245449, 0.783158
3614.934000, 2.493209, 2, 5819.620288, 0.000000, 34, 32, 5, 105.828286, 0.674154, -0.240220, 0.776205
3615.425500, 2.512522, 2, 5835.535272, 0.000000, 34, 32, 4, 106.258491, 0.683025, -0.234931, 0.720546
3615.919000, 2.531218, 2, 5867.539726, 0.000000, 34, 32, 5, 106.653875, 0.676729, -0.232113, 0.714584
3616.414000, 2.549413, 2, 5899.779318, 0.000000, 34, 32, 5, 107.012826, 0.683319, -0.227113, 0.659456
3616.911500, 2.567146, 2, 5915.988237, 0.000000, 34, 32, 5, 107.515421, 0.689900, -0.222062, 0.674596
3617.410500, 2.584258, 2, 5948.586242, 0.000000, 34, 32, 5, 107.839392, 0.687929, -0.219164, 0.688936
3617.911500, 2.600986, 2, 5981.427066, 0.000000, 34, 32, 5, 108.270219, 0.696728, -0.216235, 0.635705
3618.414500, 2.617170, 2, 5997.939522, 0.000000, 34, 32, 5, 108.701138, 0.703364, -0.210926, 0.670788
3618.919000, 2.632849, 2, 6031.150526, 0.000000, 34, 32, 5, 109.026214, 0.690501, -0.210748, 0.579779
3619.426000, 2.648103, 2, 6047.849885, 0.000000, 34, 32, 5, 109.563944, 0.699079, -0.203722, 0.547719
3619.935000, 2.662890, 2, 6081.438372, 0.000000, 34, 32, 5, 109.995905, 0.703452, -0.198701, 0.565487
3620.446000, 2.677210, 2, 6098.328332, 0.000000, 34, 32, 5, 110.427248, 0.705632, -0.196195, 0.514465
3620.958500, 2.691062, 2, 6132.301796, 0.000000, 34, 32, 4, 110.716475, 0.712099, -0.188953, 0.531555
3621.473500, 2.704526, 2, 6166.536171, 0.000000, 34, 32, 4, 111.291038, 0.718756, -0.188199, 0.483090
3621.990000, 2.717640, 2, 6201.034935, 0.000000, 34, 32, 4, 111.578783, 0.712177, -0.183787, 0.449865
3622.509000, 2.730284, 2, 6235.801625, 0.000000, 34, 32, 4, 112.154384, 0.725199, -0.178461, 0.471818
3623.029500, 2.742578, 2, 6270.839841, 0.000000, 33, 32, 4, 112.442241, 0.725124, -0.173850, 0.439102
3623.552000, 2.754481, 2, 6306.153249, 0.000000, 33, 32, 4, 112.910812, 0.718599, -0.169173, 0.460579
3624.077000, 2.765914, 2, 6359.647520, 0.000000, 33, 32, 4, 113.414273, 0.725170, -0.166235, 0.413287
3624.604000, 2.776994, 2, 6395.665368, 0.000000, 33, 32, 4, 113.846314, 0.725157, -0.163771, 0.365374
3625.133500, 2.787722, 2, 6431.971755, 0.000000, 33, 31, 4, 114.420368, 0.740319, -0.158332, 0.425744
3625.664500, 2.798097, 2, 6450.234388, 0.000000, 33, 31, 4, 114.709546, 0.753328, -0.155409, 0.376376
3626.198000, 2.808119, 2, 6486.981048, 0.000000, 33, 31, 4, 115.249030, 0.759743, -0.150549, 0.331127
3626.733500, 2.817788, 2, 6524.026305, 0.000000, 33, 31, 4, 115.681350, 0.766373, -0.149715, 0.372499
3627.271500, 2.827102, 2, 6542.662203, 0.000000, 33, 31, 4, 116.220979, 0.777282, -0.149006, 0.328054
3627.811500, 2.836063, 2, 6580.163165, 0.000000, 33, 32, 4, 116.652257, 0.783687, -0.144123, 0.299817
3628.353500, 2.844709, 2, 6617.973250, 0.000000, 33, 32, 4, 117.084771, 0.792393, -0.141028, 0.342188
3628.897500, 2.853039, 2, 6636.995569, 0.000000, 33, 32, 4, 117.517357, 0.783683, -0.138902, 0.297002
3629.444000, 2.861055, 2, 6656.096804, 0.000000, 33, 32, 6, 118.055977, 0.785821, -0.136336, 0.271342
3629.992500, 2.868834, 2, 6694.538253, 0.000000, 33, 33, 6, 118.487398, 0.785834, -0.133561, 0.331959
3630.543000, 2.876338, 2, 6713.879594, 0.000000, 33, 33, 7, 118.918846, 0.785705, -0.128918, 0.304883
3631.096000, 2.883525, 2, 6752.806369, 0.000000, 33, 33, 7, 119.458850, 0.794172, -0.121758, 0.262743
3631.650500, 2.890516, 2, 6772.392962, 0.000000, 33, 33, 7, 119.783150, 0.781020, -0.117645, 0.234222
3632.207500, 2.897270, 2, 6811.815497, 0.000000, 33, 33, 8, 120.321906, 0.780840, -0.113304, 0.209720
3632.766500, 2.903787, 2, 6831.652632, 0.000000, 33, 33, 9, 120.753472, 0.780660, -0.108963, 0.183492
3633.328000, 2.910067, 2, 6831.652632, 0.000000, 33, 32, 9, 121.292273, 0.780481, -0.104623, 0.159411
3633.891000, 2.916189, 2, 6831.652632, 0.000000, 33, 32, 8, 121.615286, 0.780211, -0.098112, 0.148432
3634.457000, 2.922073, 2, 6831.652632, 0.000000, 33, 32, 8, 122.262732, 0.786632, -0.095671, 0.109901
3635.024500, 2.927800, 2, 6851.574483, 0.000000, 33, 32, 8, 122.585765, 0.779941, -0.091601, 0.099139
3635.594000, 2.933369, 2, 6871.581661, 0.000000, 33, 31, 8, 123.017436, 0.779761, -0.087260, 0.073782
3636.166000, 2.938779, 2, 6891.674781, 0.000000, 33, 31, 8, 123.554889, 0.786092, -0.082649, 0.067191
3636.740000, 2.944071, 2, 6911.854465, 0.000000, 33, 31, 8, 123.986591, 0.779284, -0.076709, -0.045747
3637.316000, 2.949245, 2, 6952.476046, 0.000000, 33, 31, 8, 124.416851, 0.779079, -0.072660, -0.054165
3637.894500, 2.954380, 2, 6993.451501, 0.000000, 33, 31, 7, 124.954314, 0.785361, -0.068672, -0.148400
3638.475000, 2.959396, 2, 7055.589591, 0.000000, 33, 31, 7, 125.386053, 0.778627, -0.065183, -0.173031
3639.057500, 2.964453, 2, 7118.553576, 0.000000, 33, 31, 7, 125.849110, 0.780436, -0.056718, -0.148008
3639.642000, 2.969391, 2, 7182.361951, 0.000000, 33, 30, 7, 126.246600, 0.786738, -0.052719, -0.277245
3640.229000, 2.974449, 2, 7225.379356, 0.000000, 33, 30, 7, 126.781108, 0.779881, -0.044587, -0.251001
3640.818000, 2.979509, 2, 7290.637655, 0.000000, 33, 29, 6, 127.247110, 0.788212, -0.036179, -0.346359
3641.409500, 2.984489, 2, 7312.588630, 0.000000, 33, 28, 6, 127.748847, 0.792361, -0.032602, -0.440998
3642.003500, 2.989550, 2, 7356.792415, 0.000000, 33, 28, 6, 128.320571, 0.800712, -0.024227, -0.430413
3642.600000, 2.994732, 2, 7401.403777, 0.000000, 34, 28, 6, 128.820832, 0.813420, -0.016024, -0.509118
3643.198500, 3.000034, 2, 7423.864253, 0.000000, 34, 28, 5, 129.285363, 0.824116, -0.011940, -0.500652
3643.799500, 3.005457, 2, 7469.098767, 0.000000, 34, 28, 5, 129.821365, 0.838961, -0.001238, -0.578850
3644.403000, 3.011000, 2, 7514.756758, 0.000000, 34, 28, 5, 130.358827, 0.851842, 0.002544, -0.672833
3645.009000, 3.016664, 2, 7560.844818, 0.000000, 34, 29, 5, 130.929112, 0.866921, 0.006346, -0.734850
3645.617000, 3.022648, 2, 7607.369671, 0.000000, 34, 29, 5, 131.320751, 0.875295, 0.016482, -0.712321
3646.227500, 3.028833, 2, 7654.338184, 0.000000, 34, 30, 4, 131.855351, 0.872972, 0.021941, -0.775351
3646.839500, 3.035179, 2, 7725.638189, 0.000000, 34, 30, 4, 132.212704, 0.861844, 0.031532, -0.857105
3647.454500, 3.041846, 2, 7773.746840, 0.000000, 34, 30, 4, 132.854543, 0.855146, 0.039039, -0.918620
3648.071500, 3.048794, 2, 7822.324336, 0.000000, 34, 30, 3, 133.280612, 0.848490, 0.046254, -0.968584
3648.690500, 3.055983, 2, 7846.791252, 0.000000, 34, 29, 2, 133.709457, 0.837515, 0.053406, -1.049418
3649.312000, 3.063533, 2, 7871.378220, 0.000000, 34, 28, 1, 134.244157, 0.833091, 0.060438, -1.201190
3649.936000, 3.071405, 2, 7871.378220, 0.000000, 34, 28, 0, 134.777548, 0.826523, 0.067361, -1.250068
3650.562500, 3.079679, 2, 7896.086207, 0.000000, 34, 27, -2, 135.348049, 0.828747, 0.070121, -1.313831
3651.191500, 3.088316, 2, 7920.916193, 0.000000, 34, 27, -3, 135.881540, 0.848341, 0.075313, -1.363274
3651.823000, 3.097395, 2, 7945.869166, 0.000000, 35, 27, -5, 136.415091, 0.863549, 0.082926, -1.413018
3652.456500, 3.106876, 2, 7970.946126, 0.000000, 35, 27, -6, 136.841478, 0.870115, 0.088211, -1.464620
3653.093000, 3.116762, 2, 7996.148083, 0.000000, 35, 27, -7, 137.519339, 0.889705, 0.095744, -1.527778
3653.731000, 3.127051, 2, 8021.476059, 0.000000, 35, 26, -8, 137.802845, 0.883281, 0.100849, -1.581864
3654.372000, 3.137824, 2, 8046.931084, 0.000000, 35, 26, -8, 138.479580, 0.892093, 0.103901, -1.630692
3655.015000, 3.149083, 2, 8046.931084, 0.000000, 35, 26, -9, 138.906167, 0.892170, 0.109419, -1.595353
3655.660500, 3.160787, 2, 8072.514204, 0.000000, 35, 25, -9, 139.438909, 0.877060, 0.114820, -1.632030
3656.309000, 3.173057, 2, 8098.226473, 0.000000, 35, 25, -9, 140.115847, 0.885866, 0.118179, -1.681921
3656.959000, 3.185814, 2, 8124.068958, 0.000000, 35, 25, -9, 140.435378, 0.879425, 0.121820, -1.648698
3657.612000, 3.199019, 2, 8150.042736, 0.000000, 35, 25, -9, 141.076683, 0.879507, 0.125498, -1.611739
3658.266500, 3.212712, 2, 8176.148897, 0.000000, 35, 25, -9, 141.395277, 0.881774, 0.129177, -1.652305
3658.924000, 3.226853, 2, 8202.388545, 0.000000, 35, 25, -9, 142.036714, 0.873132, 0.133175, -1.615976
3659.583500, 3.241484, 2, 8228.762792, 0.000000, 35, 25, -9, 142.500452, 0.873179, 0.135010, -1.596331
3660.245000, 3.256566, 2, 8255.272766, 0.000000, 35, 25, -9, 142.926506, 0.868884, 0.134677, -1.548545
3660.909000, 3.272138, 2, 8255.272766, 0.000000, 35, 25, -9, 143.460852, 0.853679, 0.132505, -1.514199
3661.575500, 3.288082, 2, 8281.919605, 0.000000, 35, 25, -9, 143.995249, 0.853679, 0.130333, -1.480108
3662.244000, 3.304559, 2, 8281.919605, 0.000000, 35, 25, -9, 144.422441, 0.838473, 0.130333, -1.447344
3662.915000, 3.321409, 2, 8281.919605, 0.000000, 35, 25, -9, 144.992690, 0.844990, 0.128160, -1.413377
3663.587500, 3.338714, 2, 8281.919605, 0.000000, 35, 25, -9, 145.312719, 0.840646, 0.125988, -1.382053
3664.263000, 3.356433, 2, 8255.272766, 0.000000, 35, 25, -9, 145.954572, 0.834129, 0.125988, -1.347887
3664.940000, 3.374568, 2, 8255.272766, 0.000000, 35, 26, -8, 146.274691, 0.834129, 0.123816, -1.316912
3665.619500, 3.393079, 2, 8281.919605, 0.000000, 35, 26, -8, 146.845939, 0.821096, 0.121644, -1.297831
3666.301000, 3.412007, 2, 8281.919605, 0.000000, 35, 26, -8, 147.237636, 0.818924, 0.119472, -1.266537
3666.984500, 3.431273, 2, 8281.919605, 0.000000, 35, 26, -8, 147.701662, 0.808062, 0.112955, -1.248681
3667.670000, 3.450878, 2, 8308.704462, 0.000000, 35, 27, -8, 148.129182, 0.795029, 0.108611, -1.217404
3668.357500, 3.470781, 2, 8308.704462, 0.000000, 35, 27, -8, 148.556747, 0.786300, 0.106742, -1.098416
3669.047000, 3.490983, 2, 8335.628500, 0.000000, 35, 28, -8, 148.985815, 0.773233, 0.100508, -1.094999
3669.739000, 3.511444, 2, 8362.692899, 0.000000, 34, 28, -7, 149.557175, 0.773203, 0.094298, -1.076776
3670.432000, 3.532085, 2, 8389.898849, 0.000000, 34, 29, -7, 149.735232, 0.757937, 0.088321, -0.973813
3671.127000, 3.552904, 2, 8417.247554, 0.000000, 34, 28, -7, 150.199351, 0.740545, 0.079882, -0.956615
3671.824500, 3.574107, 2, 8417.247554, 0.000000, 34, 28, -7, 150.734995, 0.740497, 0.076104, -0.851103
3672.523500, 3.595410, 2, 8444.740232, 0.000000, 34, 28, -6, 151.021048, 0.716571, 0.070090, -0.848991
3673.225000, 3.616811, 2, 8444.740232, 0.000000, 34, 28, -6, 151.593153, 0.725264, 0.059822, -0.756901
3673.928500, 3.638313, 2, 8444.740232, 0.000000, 34, 28, -6, 152.057989, 0.731762, 0.052013, -0.665621
3674.634000, 3.659915, 2, 8472.378116, 0.000000, 34, 28, -6, 152.451312, 0.723100, 0.041652, -0.662770
3675.341500, 3.681576, 2, 8472.378116, 0.000000, 34, 28, -5, 152.880392, 0.738320, 0.033913, -0.571785
3676.051000, 3.703379, 2, 8500.162451, 0.000000, 34, 28, -5, 153.309473, 0.742687, 0.028292, -0.480818
3676.762000, 3.725161, 2, 8500.162451, 0.000000, 34, 28, -5, 153.667727, 0.734083, 0.018185, -0.403709
3677.475500, 3.746839, 2, 8500.162451, 0.000000, 33, 28, -4, 154.169012, 0.749385, 0.008614, -0.325513
3678.190500, 3.768495, 2, 8500.162451, 0.000000, 33, 28, -4, 154.526577, 0.736446, 0.000898, -0.235038
3678.907500, 3.790047, 2, 8500.162451, 0.000000, 33, 28, -4, 154.921303, 0.721397, -0.009058, -0.170767
3679.626500, 3.811413, 2, 8500.162451, 0.000000, 33, 27, -3, 155.386846, 0.721553, -0.016653, -0.092657
3680.348000, 3.832592, 2, 8500.162451, 0.000000, 33, 27, -3, 155.889610, 0.713133, -0.028684, -0.040508
3681.070500, 3.853460, 2, 8472.378116, 0.000000, 33, 27, -3, 156.140641, 0.706951, -0.042932, 0.036159
3681.795500, 3.874100, 2, 8472.378116, 0.000000, 33, 26, -2, 156.643485, 0.713847, -0.056917, 0.088632
3682.521500, 3.894468, 2, 8444.740232, 0.000000, 33, 26, -2, 156.894540, 0.701181, -0.069172, 0.165427
3683.250000, 3.914359, 2, 8417.247554, 0.000000, 33, 26, -2, 157.399071, 0.693029, -0.085648, 0.192188
3683.979500, 3.933853, 2, 8389.898849, 0.000000, 33, 27, -2, 157.650165, 0.687012, -0.097546, 0.357042
3684.711000, 3.952950, 2, 8362.692899, 0.000000, 33, 27, -2, 158.046792, 0.668084, -0.111957, 0.396354
3685.444000, 3.971484, 2, 8335.628500, 0.000000, 32, 28, -1, 158.372027, 0.653593, -0.128545, 0.435272
3686.178000, 3.989535, 2, 8308.704462, 0.000000, 32, 29, -1, 158.589215, 0.628134, -0.138939, 0.486320
3686.913500, 4.006978, 2, 8308.704462, 0.000000, 32, 29, -1, 158.914653, 0.600682, -0.153900, 0.613472
3687.650000, 4.023854, 2, 8308.704462, 0.000000, 32, 30, -1, 159.132953, 0.575475, -0.168851, 0.651891
3688.387500, 4.040078, 2, 8308.704462, 0.000000, 32, 30, -1, 159.315622, 0.541455, -0.179929, 0.690088
3689.126500, 4.055607, 2, 8308.704462, 0.000000, 32, 31, -1, 159.678183, 0.516433, -0.194865, 0.805303
3689.867000, 4.070399, 2, 8308.704462, 0.000000, 31, 31, 0, 159.968360, 0.495636, -0.207788, 0.844938
3690.608000, 4.084411, 2, 8335.628500, 0.000000, 31, 31, 0, 160.082122, 0.463959, -0.219086, 0.857203
3691.350500, 4.097640, 2, 8335.628500, 0.000000, 31, 31, 0, 160.408334, 0.458629, -0.233513, 0.985483
3692.093500, 4.110002, 2, 8362.692899, 0.000000, 31, 32, 0, 160.522549, 0.433568, -0.244726, 0.998042
3692.838500, 4.121538, 2, 8362.692899, 0.000000, 31, 32, 0, 160.922978, 0.426107, -0.259459, 1.014225
3693.584000, 4.132164, 2, 8389.898849, 0.000000, 31, 32, 0, 161.036458, 0.427377, -0.271504, 1.127737
3694.331000, 4.141918, 2, 8417.247554, 0.000000, 31, 33, 1, 161.365877, 0.419914, -0.284150, 1.143546
3695.079000, 4.150801, 2, 8472.378116, 0.000000, 31, 33, 2, 161.586981, 0.421055, -0.294230, 1.170874
3695.828000, 4.158769, 2, 8500.162451, 0.000000, 31, 33, 2, 161.775327, 0.415606, -0.302445, 1.172561
3696.578000, 4.165822, 2, 8528.094498, 0.000000, 31, 34, 2, 162.032600, 0.410201, -0.310710, 1.288644
3697.330000, 4.171875, 2, 8528.094498, 0.000000, 31, 34, 2, 162.435956, 0.424336, -0.317739, 1.293909
3698.083000, 4.176886, 2, 8500.162451, 0.000000, 31, 34, 3, 162.623723, 0.429687, -0.323184, 1.308900
3698.837500, 4.180728, 2, 8500.162451, 0.000000, 33, 34, 3, 162.993580, 0.446190, -0.332189, 1.301730
3699.593500, 4.183652, 2, 8556.175530, 0.000000, 33, 35, 4, 163.289129, 0.464753, -0.338855, 1.406788
3700.350000, 4.185616, 2, 8556.175530, 0.000000, 32, 34, 3, 163.404622, 0.459345, -0.344913, 1.433775
3701.108500, 4.186451, 2, 8528.094498, 0.000000, 31, 34, 3, 163.813008, 0.480269, -0.353494, 1.415687
3701.868000, 4.185992, 2, 8528.094498, 0.000000, 31, 34, 3, 164.077271, 0.486085, -0.363066, 1.408064
3702.629000, 4.184488, 2, 8556.175530, 0.000000, 32, 34, 3, 164.373984, 0.487285, -0.370995, 1.426297
3703.391000, 4.182023, 2, 8556.175530, 0.000000, 32, 34, 3, 164.563799, 0.495142, -0.378267, 1.530693
3704.154500, 4.178306, 2, 8528.094498, 0.000000, 32, 33, 4, 164.936316, 0.489693, -0.382153, 1.525923
3704.919000, 4.173170, 2, 8500.162451, 0.000000, 32, 33, 4, 165.132747, 0.477805, -0.386583, 1.505692
3705.685000, 4.167033, 2, 8528.094498, 0.000000, 33, 34, 3, 165.468415, 0.485781, -0.396126, 1.425446
3706.451500, 4.159812, 2, 8556.175530, 0.000000, 32, 34, 3, 165.552384, 0.473595, -0.400996, 1.440631
3707.219500, 4.151552, 2, 8528.094498, 0.000000, 32, 34, 3, 165.888667, 0.465560, -0.403348, 1.448789
3707.988500, 4.141960, 2, 8556.175530, 0.000000, 31, 34, 3, 166.120409, 0.459534, -0.403385, 1.442664
3708.758500, 4.131372, 2, 8612.789725, 0.000000, 32, 34, 3, 166.348045, 0.442325, -0.399982, 1.373498
3709.529000, 4.119831, 2, 8641.325510, 0.000000, 31, 33, 3, 166.435485, 0.427638, -0.400832, 1.376942
3710.301000, 4.107171, 2, 8670.015527, 0.000000, 30, 33, 4, 166.770713, 0.416874, -0.396966, 1.398443
3711.073500, 4.093520, 2, 8698.861128, 0.000000, 30, 32, 4, 166.894480, 0.397075, -0.389607, 1.403010
3711.847500, 4.078797, 2, 8698.861128, 0.000000, 30, 32, 4, 167.196991, 0.388289, -0.383403, 1.324035
3712.622500, 4.062961, 2, 8727.863676, 0.000000, 31, 32, 3, 167.425959, 0.390162, -0.376425, 1.255835
3713.398500, 4.046056, 2, 8757.024553, 0.000000, 31, 32, 3, 167.660275, 0.383959, -0.376720, 1.251330
3714.176000, 4.028168, 2, 8786.345158, 0.000000, 32, 33, 3, 167.996804, 0.397080, -0.375365, 1.186203
3714.954000, 4.009299, 2, 8786.345158, 0.000000, 32, 33, 3, 168.081249, 0.396617, -0.368719, 1.127185
3715.733500, 3.989535, 2, 8815.826904, 0.000000, 32, 33, 3, 168.420875, 0.403185, -0.365643, 1.138227
3716.514000, 3.968835, 2, 8845.471223, 0.000000, 32, 33, 3, 168.651094, 0.415890, -0.359933, 1.071014
3717.296000, 3.947203, 2, 8875.279560, 0.000000, 32, 33, 3, 168.988511, 0.424194, -0.352294, 1.094694
3718.079000, 3.924724, 2, 8875.279560, 0.000000, 31, 33, 3, 169.183529, 0.430742, -0.349189, 1.026934
3718.863500, 3.901358, 2, 8905.253383, 0.000000, 32, 33, 3, 169.518532, 0.442926, -0.336788, 1.063128
3719.649000, 3.877191, 2, 8935.394173, 0.000000, 32, 33, 3, 169.746731, 0.442247, -0.325479, 1.096613
3720.435500, 3.852184, 2, 8935.394173, 0.000000, 32, 33, 3, 169.975082, 0.448128, -0.315845, 1.042354
3721.223500, 3.826216, 2, 8965.703429, 0.000000, 32, 33, 3, 170.316414, 0.456286, -0.305821, 1.055124
3722.012500, 3.799372, 2, 8965.703429, 0.000000, 32, 33, 3, 170.512486, 0.456306, -0.303308, 0.988239
3722.802500, 3.771737, 2, 8996.182670, 0.000000, 32, 33, 3, 170.738356, 0.456095, -0.298654, 1.034335
3723.594000, 3.743190, 2, 8996.182670, 0.000000, 32, 32, 3, 171.077331, 0.455989, -0.293796, 1.059740
3724.387000, 3.713776, 2, 8996.182670, 0.000000, 32, 33, 3, 171.416509, 0.455994, -0.291276, 0.997502
3725.181000, 3.683580, 2, 9026.833431, 0.000000, 32, 33, 3, 171.610248, 0.456112, -0.288588, 1.031098
3725.976500, 3.652481, 2, 9026.833431, 0.000000, 32, 33, 3, 171.949802, 0.469751, -0.291200, 0.969282
3726.772500, 3.620645, 2, 9026.833431, 0.000000, 33, 33, 3, 172.072632, 0.461329, -0.291773, 1.001040
3727.570500, 3.587954, 2, 9057.657268, 0.000000, 33, 34, 3, 172.516169, 0.467669, -0.286207, 1.042579
3728.369000, 3.554491, 2, 9057.657268, 0.000000, 33, 34, 3, 172.639299, 0.469816, -0.283459, 0.986703
3729.169000, 3.520178, 2, 9057.657268, 0.000000, 32, 34, 3, 172.943953, 0.463201, -0.279300, 1.012482
3729.970000, 3.485018, 2, 9057.657268, 0.000000, 32, 35, 3, 173.174248, 0.463180, -0.276809, 0.960151
3730.772000, 3.449095, 2, 9088.655754, 0.000000, 32, 34, 3, 173.397946, 0.449949, -0.273569, 1.019378
3731.575500, 3.412331, 2, 9088.655754, 0.000000, 32, 34, 3, 173.745483, 0.443551, -0.271611, 1.023321
3732.380000, 3.374729, 2, 9088.655754, 0.000000, 33, 34, 3, 173.976232, 0.445781, -0.268674, 1.059341
3733.185500, 3.336252, 2, 9088.655754, 0.000000, 33, 34, 3, 174.171529, 0.439624, -0.268923, 1.006462
3733.992000, 3.296944, 2, 9088.655754, 0.000000, 33, 34, 3, 174.406081, 0.438518, -0.275142, 1.031055
3734.800000, 3.256807, 2, 9088.655754, 0.000000, 33, 35, 2, 174.744049, 0.438727, -0.274802, 0.983096
3735.608500, 3.215724, 2, 9119.830480, 0.000000, 33, 35, 1, 174.872226, 0.426247, -0.278136, 1.004517
3736.418000, 3.173779, 2, 9119.830480, 0.000000, 32, 36, 0, 175.071795, 0.427601, -0.286292, 1.028414
3737.229000, 3.130975, 2, 9119.830480, 0.000000, 32, 36, 0, 175.410216, 0.421455, -0.286578, 1.068872
3738.041000, 3.087196, 2, 9119.830480, 0.000000, 32, 35, -1, 175.649438, 0.413929, -0.293587, 0.994804
3738.853500, 3.042365, 2, 9119.830480, 0.000000, 32, 34, -2, 175.774761, 0.408433, -0.298062, 1.116236
3739.667000, 2.996526, 2, 9119.830480, 0.000000, 32, 34, -2, 175.982718, 0.402712, -0.300399, 1.117577
3740.482000, 2.949683, 2, 9119.830480, 0.000000, 32, 33, -2, 176.325626, 0.398059, -0.311368, 1.147230
3741.298000, 2.901720, 2, 9119.830480, 0.000000, 32, 33, -3, 176.562054, 0.399345, -0.317197, 1.085454
3742.114500, 2.852801, 2, 9119.830480, 0.000000, 32, 34, -4, 176.695951, 0.400806, -0.325357, 1.096408
3742.931000, 2.802969, 2, 9151.183059, 0.000000, 32, 35, -6, 176.687996, 0.382917, -0.336064, 1.102336
3743.750000, 2.752266, 2, 9151.183059, 0.000000, 32, 36, -6, 177.237022, 0.383292, -0.335612, 1.163503
3744.569000, 2.700419, 2, 9151.183059, 0.000000, 32, 36, -7, 177.265080, 0.371578, -0.340867, 1.258871
3745.389000, 2.647472, 2, 9151.183059, 0.000000, 32, 36, -8, 177.471137, 0.363607, -0.341275, 1.272966
3746.210000, 2.593388, 2, 9151.183059, 0.000000, 32, 36, -7, 177.713011, 0.370585, -0.337480, 1.376453
3747.032000, 2.538173, 2, 9151.183059, 0.000000, 32, 36, -7, 177.959340, 0.359647, -0.347006, 1.380809
3747.854500, 2.481712, 2, 9151.183059, 0.000000, 32, 36, -8, 178.059769, 0.352460, -0.351696, 1.479274
3748.678000, 2.424048, 2, 9119.830480, 0.000000, 32, 37, -8, 178.338060, 0.362770, -0.356026, 1.496797
3749.502500, 2.365069, 2, 9088.655754, 0.000000, 32, 37, -8, 178.518753, 0.357224, -0.371550, 1.575490
3750.327000, 2.304817, 2, 9057.657268, 0.000000, 32, 38, -8, 178.589092, 0.353564, -0.384603, 1.573653
3751.152500, 2.243336, 2, 8996.182670, 0.000000, 31, 39, -9, 178.797384, 0.352094, -0.397355, 1.676840
3751.978000, 2.180434, 2, 8935.394173, 0.000000, 31, 39, -9, 178.802041, 0.319096, -0.419272, 1.660964
3752.803500, 2.116116, 2, 8845.471223, 0.000000, 31, 40, -10, 178.873677, 0.297461, -0.428715, 1.747266
0.106500, 2.050424, 2, 8757.024553, 0.000000, 31, 40, -10, 178.323555, 0.235773, -0.501832, 1.506304
